controller,seed,scenario,time_utc,ws_hub_ms,rho_kgm3,p_pv_mpp_mw,load_mw,soc0,dist_mw,dist_time_s,noise_seed,split,nadir_hz,t_nadir_s,rocof_max_hz_s,qss_dev_hz,settling_time_s,bess_energy_kwh,bess_peak_mw,pv_headroom_energy_kwh,saturation_s,soc_drop,f_violation,rocof_violation,mean_H,mean_D,mean_alpha,return,collapsed
bang_bang,0,0,2023-11-26 09:00:00+00:00,10.945816874586535,1.1851755395667292,0.260219091132,1.0232107988868966,0.5683748736575602,-0.260817659497688,1.2559203854892451,548905785,test,0.2743849820619278,1.036079614510724,0.8616881220555005,0.12684666912410014,4.416079614510352,0.28908706857313576,0.2075519565555099,0.12230488675632405,0.0,-0.00013402834804598918,False,False,3.445,20.0,0.2999999999999999,-33.238472965406615,False
bang_bang,0,1,2023-12-09 15:00:00+00:00,10.438194653051298,1.1899172815883043,0.0,1.1025459659229309,0.6146802579338011,0.2580321222370767,0.8856374873626165,430969295,test,0.2782312431968399,8.016362512637025,0.7991875467783753,0.254041884019798,0.32636251263738436,0.5137612581128248,0.2764767639225618,0.0,0.0,0.00033450246888677704,False,False,3.48,20.0,0.2999999999999999,-47.79743007872428,False
bang_bang,0,2,2023-11-26 05:00:00+00:00,10.846839574722807,1.1987649826395124,0.31024115712,1.0169122596571945,0.715037008445904,0.215973312004351,0.7588702019488864,1442956087,test,0.2716128175307379,6.7831297980505045,0.6515256133222189,0.20372092959317917,0.21312979805111432,0.3365858170777733,0.20153117021211187,0.11832192975168251,0.0,0.00017642117823812864,False,False,3.46,20.0,0.2999999999999999,-36.42166223400772,False
bang_bang,0,3,2023-12-27 18:00:00+00:00,8.684446272638693,1.201952322173384,0.0,0.8530848843951786,0.4425456247085645,0.2463453598422212,1.385124502172654,1504875192,test,0.2630503978119373,1.4668754978272536,0.7740952844611729,0.2217755945467649,0.20687549782734727,0.45439741289168545,0.26843936514756056,0.0,0.0,0.0003354101334601123,False,False,3.36,20.0,0.2999999999999999,-39.68125304700171,False
bang_bang,0,4,2023-11-30 08:00:00+00:00,9.662329439905497,1.186958645060754,0.304052359311,1.0802931780637075,0.3915871941636379,0.3934635788936582,1.4139786770833167,804166163,test,0.5183489567303442,1.028021322916636,1.2735165365508192,0.34681859638524415,2.008021322916528,0.6733014018121141,0.4956505004162171,0.11124474907781796,0.0,0.00035431577303024486,False,True,3.465,20.0,0.2999999999999999,-117.51216998977095,False
bang_bang,0,5,2023-12-20 09:00:00+00:00,8.532762421548089,1.1886991337474702,0.275117405184,1.0470841757476663,0.5872583918248095,0.2130404727369854,0.7642453114853472,1924720241,test,0.2975024503040174,3.6777546885143857,0.6406410296861594,0.19508805853299493,3.737754688514379,0.3829828646731976,0.21701706983513153,0.10522454430291761,0.0,0.00027410475008704527,False,False,3.45,20.0,0.2999999999999999,-42.50907208565593,False
bang_bang,0,6,2023-12-20 01:00:00+00:00,7.931276997105192,1.2121612066217928,0.0,0.7709510404536319,0.5718509480337024,0.3128398500241581,0.805237499072169,2032363342,test,0.4250651423133012,7.366762500927229,0.9540090826472941,0.3559471032338374,0.4767625009278319,0.7265391381235555,0.349033905154494,0.0,0.0,0.0004867947178177623,False,False,3.525,20.0,0.2999999999999999,-94.77198812922504,False
bang_bang,0,7,2023-11-18 09:00:00+00:00,5.732011405491962,1.17018238721501,0.326119463415,1.000746460348757,0.4921290013030137,0.3769980196104174,1.0241377394346216,1825389438,test,0.6212290448721494,1.9678622605652705,2.0229972129650156,0.37412521436787055,2.487862260565213,0.6627614182989809,0.2913451970520261,0.12094262485935586,0.5099999999999438,0.0006533576712248745,False,True,3.415,20.0,0.2999999999999999,-151.16919809579545,False
bang_bang,0,8,2023-12-02 22:00:00+00:00,8.737702447242784,1.206310398333362,0.0,0.6732012090836519,0.8863902067427281,-0.2798599992107134,0.8679392789499134,2083212782,test,0.2681216745361441,2.784060721049906,0.8255799718945812,0.22882073933931862,0.35406072105008746,0.45581186676085383,0.2639214787776002,0.0,0.0,-0.0002109537120442706,False,False,3.5,20.0,0.2999999999999999,-37.27422887743989,False
bang_bang,0,9,2023-11-09 19:00:00+00:00,5.55211714004858,1.1797962908462156,0.0,0.7674818092885878,0.849964285545723,-0.3967466510855653,0.9047522941135454,917566933,test,0.4225513380232238,1.0372477058864562,1.204104135219109,0.3600944788293464,0.3972477058864555,0.7599391154336723,0.425225992195433,0.0,0.0,-1.2514932419604996e-05,False,True,3.42,20.0,0.2999999999999999,-106.02117288593236,False
bang_bang,0,10,2023-12-24 00:00:00+00:00,10.110406118801388,1.2188522286374732,0.0,0.707515100977602,0.63685727115141,0.2631628260788852,1.1789338144627304,942844319,test,0.4702856274261031,6.1730661855366815,0.7980342797789619,0.34151426915889455,6.693066185536624,0.7268700798797666,0.39562289034059295,0.0,0.0,0.0003823499082793447,False,False,3.525,20.0,0.2999999999999999,-98.2038290028338,False
bang_bang,0,11,2023-12-05 06:00:00+00:00,7.946024049815879,1.1923488816784098,0.384351636375,1.0787175912566,0.5646106723027875,0.3821266567258597,0.5701371980863648,1572448180,test,0.4286748954018835,1.4518628019136341,1.1144961612285411,0.38626074900371526,0.421862801913636,0.6687802227002033,0.380227172322404,0.15034584663769032,0.0,0.00043349951065907444,False,True,3.495,20.0,0.2999999999999999,-115.947747731512,False
bang_bang,0,12,2023-11-13 08:00:00+00:00,6.01566921801192,1.1712691215800028,0.331825512015,1.0793317943210436,0.4544525855208296,0.2899714305450067,1.441176506199478,700666644,test,0.3160530133726254,1.2508234938004472,1.2136149878854654,0.2645166319678467,0.1508234938005233,0.4224676945626524,0.23272095794075026,0.11777916249091065,0.0,0.000610480348427922,False,True,3.345,20.0,0.2999999999999999,-58.31352917269199,False
bang_bang,0,13,2023-12-30 02:00:00+00:00,7.468595759033877,1.2120801686878149,0.07612939872,0.8605056083241664,0.7379277961842678,-0.2388978298430984,1.3162232263996676,1669101755,test,0.2537162792790544,1.4657767736002476,0.7005309586626364,0.1774370569318693,0.20577677360033353,0.2899366476510886,0.17540968862381373,0.12132343691798485,0.0,6.298655407910303e-05,False,False,3.445,20.0,0.2999999999999999,-31.54771789970264,False
bang_bang,0,14,2023-11-27 19:00:00+00:00,11.640202563041155,1.2018683569260875,0.0,0.7806770457450667,0.8868813431089324,0.2634455633735219,1.3820199725243063,1842753627,test,0.3471415755803847,0.999980027475653,0.8604020116557453,0.23068407647781972,1.1099800274756408,0.5257785179373362,0.38784287019244923,0.0,0.0,0.00027664897097789964,False,False,3.46,20.0,0.2999999999999999,-51.87813964812479,False
bang_bang,0,15,2023-12-13 07:00:00+00:00,4.594870994556604,1.1841516726937873,0.363553489152,0.992449716264016,0.4081311818212884,-0.2151935276530561,0.660685260438423,1103968072,test,0.23071374378606505,1.4613147395615649,0.6519797594161311,0.1900552425330695,0.1713147395615776,0.30109504184900826,0.1723639516332284,0.1276036657755862,0.0,0.00016228524344202855,False,False,3.465,20.0,0.2999999999999999,-32.308864788833496,False
bang_bang,0,16,2023-12-25 00:00:00+00:00,6.77994350688935,1.2116013959975038,0.0,0.7071485624055553,0.5199427455556249,0.2023861736594283,0.7530937983061426,774731428,test,0.2768936113484068,1.8889062016937879,0.6239713272733866,0.2604755543030903,0.37890620169385814,0.5335085037718347,0.2545188808725085,0.0,0.0,0.0004513095887797025,False,False,3.51,20.0,0.2999999999999999,-49.950389906775435,False
bang_bang,0,17,2023-11-22 05:00:00+00:00,4.854701638277029,1.1836967004814851,0.4017984621750001,1.0153842996377698,0.4768513504700364,-0.2027679649996868,0.71562357442274,764563986,test,0.21087352981307644,1.0263764255772614,0.6116559556297576,0.1925280114921707,0.18637642557726064,0.2625902846067911,0.1634696664386864,0.11109828135882928,0.0,0.00015387162415270161,False,False,3.495,20.0,0.2999999999999999,-24.786450865506627,False
bang_bang,0,18,2023-12-27 12:00:00+00:00,9.314749976041428,1.188345912081799,0.0,1.0466999102048071,0.7071914177149257,0.2893080566317899,0.8400307830134064,1378814519,test,0.35210321175562853,9.1519692169866,0.9008887398319971,0.3370307608731055,0.48196921698659456,0.5978139061706832,0.31821604269142045,0.0,0.0,0.0005724614763670255,False,False,3.555,20.0,0.2999999999999999,-63.538818988393245,False
bang_bang,0,19,2023-12-05 01:00:00+00:00,7.466810519351676,1.2058188618986132,0.0,0.7850858951943539,0.6309071379227966,0.2903625673889604,0.6509054048260777,1262556206,test,0.35394900618423986,2.3410945951738142,0.9018675937895307,0.2606714991831956,0.24109459517392295,0.6068811797529539,0.32172819589906004,0.0,0.0,0.0005166328994202773,False,False,3.46,20.0,0.2999999999999999,-66.30159233571743,False
bang_bang,0,20,2023-11-18 03:00:00+00:00,4.853252680880635,1.1884034330221904,0.227114103744,0.8801987693383062,0.4622806290694365,0.3522388507232444,1.394581543283243,1643774761,test,0.4105950205686605,0.5774184567167586,1.7365519815194261,0.36403402767106946,0.18741845671675827,0.6015098004016258,0.2871706383132306,0.08101282079464242,0.039999999999995595,0.0006263669020903362,False,True,3.465,20.0,0.2999999999999999,-97.6353182191354,False
bang_bang,0,21,2023-12-15 05:00:00+00:00,5.7023429952676095,1.1947784520115716,0.385086578544,1.055386398000243,0.5144159535034083,0.3834451477744661,0.9652686408941228,1535789530,test,0.9405719408004986,0.8867313591058786,2.568333520777767,0.37292885725835423,2.446731359105723,0.6462867676687796,0.28738222450283424,0.14469025084232492,0.33999999999996255,0.0006505245555080696,False,True,3.365,20.0,0.2999999999999999,-215.40337098753517,False
bang_bang,0,22,2023-12-06 20:00:00+00:00,10.239191378182047,1.206041071204415,0.0,0.7291806325025789,0.6621023990825796,0.3865859863910036,1.1594146451343377,871554050,test,0.5283334348419471,6.542585354865036,1.6014019440628908,0.48725733322352077,5.032585354865202,0.9238191881403883,0.49981166700706614,0.0,0.0,0.0004858347736420576,False,True,3.495,20.0,0.2999999999999999,-158.0988717586688,False
bang_bang,0,23,2023-11-27 03:00:00+00:00,11.85893459051786,1.2081756816014142,0.13666159206,1.0079434014193496,0.716280887664922,-0.323177658532926,1.2697369976612995,369833051,test,0.34429568453332854,1.0322630023386685,0.9489645630455558,0.2908618380538659,0.32226300233870164,0.4247182206116979,0.26314427572739085,0.17973616325401667,0.0,-0.0002014917788296655,False,False,3.415,20.0,0.2999999999999999,-68.29085147135403,False
bang_bang,0,24,2023-11-28 11:00:00+00:00,12.468647849093124,1.1858761703426697,0.085008659868,1.0610306227529789,0.843603567925757,0.3340409848673114,1.1459466753600498,36545118,test,0.3921418914137205,4.59605332463954,1.0324429468003389,0.2988147655065135,0.3060533246399513,0.6222141635175913,0.36158973702709934,0.03123521167255938,0.0,0.0003273081012261647,False,True,3.41,20.0,0.2999999999999999,-80.12899636886867,False
bang_bang,0,25,2023-12-08 07:00:00+00:00,7.592459463590366,1.1889906318410246,0.333977384871,1.0463418290489894,0.6687164730465922,0.2074667769434027,0.5327006170909294,1444805577,test,0.26202569566870587,2.359299382908974,0.642647093520004,0.18766353066507613,0.1692993829090711,0.3139619186926109,0.18313833513672473,0.12297841367727572,0.0,0.000316131206823389,False,False,3.47,20.0,0.2999999999999999,-33.286709489441584,False
bang_bang,0,26,2023-12-30 06:00:00+00:00,6.101126349923591,1.1959416987994207,0.367154458479,0.9872093736385396,0.4525188395633114,-0.2114361903564091,1.4282414798819505,1979241600,test,0.22140661551412907,1.023758520118001,0.6712837842667707,0.1895125023104952,0.14375852011805068,0.259639026505641,0.17192938803396235,0.1099668650126605,0.0,6.19717540996656e-05,False,False,3.425,20.0,0.2999999999999999,-26.421710179320403,False
bang_bang,0,27,2023-12-30 20:00:00+00:00,8.240699784847795,1.2089984491815728,0.0,0.7042669419363476,0.5804830392230322,0.2949920887093921,0.9902250136505548,1572989572,test,0.4225553041479708,1.9117749863493472,0.9066990653092869,0.328486105742296,0.3917749863494462,0.7097721916713801,0.3655353265407653,0.0,0.0,0.00037319577241290425,False,False,3.455,20.0,0.2999999999999999,-92.07932579660448,False
bang_bang,0,28,2023-11-15 19:00:00+00:00,5.884345915751928,1.1835017256945406,0.0,0.7764851962686599,0.457303202028263,0.2302651999997902,1.2114117412632697,1401305724,test,0.25082164289745806,8.750588258736727,0.6814823128569298,0.24457373730862386,0.3705882587367315,0.45688933950629745,0.2483108424351384,0.0,0.0,0.0006079351804003652,False,False,3.55,20.0,0.2999999999999999,-38.54657515895019,False
bang_bang,0,29,2023-11-09 06:00:00+00:00,6.095135436867371,1.1764717630273518,0.305641640655,1.045118797212023,0.4837159513651927,0.278665795876969,1.1295068457638031,246688196,test,0.30020320306326914,0.9824931542361859,0.8288703606436489,0.24877513388924805,0.18249315423619783,0.4171004331345155,0.25153854983547924,0.11232171926173118,0.009999999999998899,0.0005820407863584287,False,False,3.395,20.0,0.2999999999999999,-52.98814755422199,False
bang_bang,0,30,2023-12-20 12:00:00+00:00,8.449833051030978,1.1846313480893964,0.0,1.0518765803857475,0.605948208642376,0.2411203945352958,1.213546040691457,842621410,test,1.9362005424952526,7.538453959308135,1.3902906517153757,1.4213181533159494,8.77845395930855,0.47715539263525675,0.2002449413893969,0.0,1.7999999999998018,0.0006888112310056149,True,True,3.5,20.0,0.2999999999999999,-987.3749514778178,False
bang_bang,0,31,2023-12-16 05:00:00+00:00,2.427907362162571,1.1878145963050593,0.259040740608,0.9234048775209972,0.4035979096881063,0.2139613675469538,1.2700715253431138,1213818944,test,0.22969871150369647,1.0419284746568531,0.6379871391989598,0.18719420258557132,0.1519284746568872,0.30352594027949104,0.2000409382282114,0.09337077575660926,0.0,0.0005660055442136547,False,False,3.405,20.0,0.2999999999999999,-29.796537330818943,False
bang_bang,0,32,2023-12-12 00:00:00+00:00,5.7677289288603495,1.2052970407110908,0.0,0.6948758905096888,0.3950924205757708,0.3475424542245516,1.2805435061287451,139071125,test,0.3712104094004815,0.9114564938712351,1.6269589183159425,0.3407238501167168,0.17145649387125594,0.6752624453091022,0.32523709675842366,0.0,0.009999999999998899,0.0006106399859788225,False,True,3.385,20.0,0.2999999999999999,-91.76711595954788,False
bang_bang,0,33,2023-11-15 23:00:00+00:00,6.930054599783909,1.1957784618656138,0.0,0.7026579020826575,0.5875278787873981,0.2576573659685253,1.0045932953399528,1235940834,test,0.2772092996385219,1.4574067046599977,0.7762680786167193,0.2357750736245956,0.2574067046600481,0.512971012445621,0.27996809173898357,0.0,0.0,0.0004194729157337429,False,False,3.395,20.0,0.2999999999999999,-48.25436261078965,False
bang_bang,0,34,2023-12-12 21:00:00+00:00,9.320718193769595,1.209249412959906,0.0,0.7110587124182419,0.4110718996780393,0.3019160374929472,1.295394377812623,1238483553,test,0.34430522170834743,1.4666056221872945,0.9263824838989536,0.30078112767475845,0.3866056221873784,0.6083180072882146,0.32764637259861457,0.0,0.0,0.00032001831741090836,False,False,3.435,20.0,0.2999999999999999,-69.64845965289103,False
bang_bang,0,35,2023-12-01 01:00:00+00:00,9.01137268461442,1.2076219183777612,0.0,0.7873618765741999,0.5768618512137283,0.3947783204999005,1.1756323093468235,1370518210,test,0.42715579275339643,1.0363676906531545,1.1449949798133547,0.3791499436108316,0.3963676906531777,0.778153201934237,0.437403137681648,0.0,0.0,0.00040934187615482287,False,True,3.535,20.0,0.2999999999999999,-111.31947601580164,False
bang_bang,0,36,2023-11-11 09:00:00+00:00,5.307567779366857,1.165931859439692,0.33896175606,1.0181249042377,0.4599431898266196,-0.3545248189201758,0.9641610345538624,1131631758,test,0.3615097566017029,1.0378389654461389,1.0111550552590154,0.31951228732482856,0.3978389654461386,0.4669344849198489,0.2818498010327847,0.1974783569623821,0.0,0.00010206724265554579,False,True,3.47,20.0,0.2999999999999999,-79.65880527387743,False
bang_bang,0,37,2023-11-26 16:00:00+00:00,10.430096371329586,1.1876924844346275,0.0,1.0129000791726483,0.8288497550377114,0.3572390354688638,1.2686019473896557,1689081221,test,0.6495202110877426,5.663398052609803,1.0389068681280753,0.5869820008515888,4.05339805260998,0.9796460104812387,0.5,0.0,0.05999999999999339,0.0005152095338520901,False,True,3.555,20.0,0.2999999999999999,-183.1127878070739,False
bang_bang,0,38,2023-12-05 03:00:00+00:00,7.401321642630278,1.2016205853372692,0.207878835996,0.9654526112458608,0.6357878754958444,0.200289986092925,0.5486845256207625,2126912994,test,0.3233851331900032,5.843315474378755,0.6133638765099317,0.3098970814061981,2.663315474379105,0.49268443517774124,0.24036713008617566,0.0814648639728474,0.0,0.00047207840701724013,False,False,3.575,20.0,0.2999999999999999,-56.41544199474291,False
bang_bang,0,39,2023-11-16 22:00:00+00:00,10.98140017604664,1.2039520596649549,0.0,0.7115854879669401,0.665304520367578,0.2872858310452035,1.3806948892544657,434887766,test,0.3437032370573007,1.0313051107454902,0.929644797361262,0.26456193013956303,0.2513051107455355,0.5428847026955491,0.3356523177163898,0.0,0.0,0.00028474496917008096,False,False,3.42,20.0,0.2999999999999999,-56.9969104873897,False
bang_bang,0,40,2023-11-12 22:00:00+00:00,4.968471556701739,1.188560640818036,0.0,0.6734381156512197,0.590453196232323,0.3435602294358256,0.6587781950663378,1551394687,test,0.6514332165398863,0.8032218049336632,2.0225782479230947,0.3297030743443993,1.6132218049336335,0.7238202577727064,0.30564879843068543,0.0,0.18999999999997907,0.0006645021573926657,False,True,3.375,20.0,0.2999999999999999,-128.82221198044962,False
bang_bang,0,41,2023-12-20 01:00:00+00:00,7.931276997105192,1.2121612066217928,0.0,0.7709510404536319,0.6599216836203952,0.3025631543152386,0.5027226292505671,1398041735,test,0.32945010617097126,1.4692773707494344,0.9290978772040087,0.27957534222954306,0.3192773707494335,0.6197686616968059,0.3321742390435049,0.0,0.0,0.00043066049638118553,False,False,3.51,20.0,0.2999999999999999,-67.34868442275567,False
bang_bang,0,42,2023-11-19 01:00:00+00:00,9.513462191582962,1.2032610906435115,0.0,0.7847435357138292,0.5702981040890935,0.3648642458913596,1.0199975079247752,97057812,test,0.5310920944916433,5.372002492074743,1.0876826925742447,0.3540697287542248,6.052002492074668,0.8488645574676534,0.45438050184755624,0.0,0.0,0.00044646357413458126,False,True,3.43,20.0,0.2999999999999999,-134.42645203432468,False
bang_bang,0,43,2023-12-25 05:00:00+00:00,5.452563614480826,1.197143829517342,0.3639778662240001,1.0053723044651677,0.3519505181011824,0.3018961767647233,0.9791303201774578,462704206,test,0.3183851099015623,1.042869679822541,0.9546622596323725,0.2815197241940673,0.3328696798225431,0.4577607204850483,0.27486940935690196,0.13569313490782983,0.0,0.0005232806137632218,False,False,3.435,20.0,0.2999999999999999,-64.29752176901783,False
bang_bang,0,44,2023-11-21 03:00:00+00:00,4.909008402970137,1.1899504038065043,0.193197457152,0.9320705301106316,0.3911161290384961,0.2957543810978634,0.923784261818931,978505099,test,0.7567994349639969,0.7682157381810703,2.131793357130414,0.2717293057177108,1.978215738180971,0.48758773630416885,0.2088312038160403,0.07260528330667748,0.37999999999995815,0.000681769601583726,False,True,3.35,20.0,0.2999999999999999,-119.58979501710654,False
bang_bang,0,45,2023-12-12 23:00:00+00:00,8.765359645127548,1.2116581161595004,0.0,0.6893459826137599,0.8531563222411276,0.2883116685340867,0.612844195197656,773776906,test,0.34240523296299674,1.0191558048023452,0.8876962740985276,0.30563679382344633,0.2991558048023447,0.6106108640503158,0.3630712942922792,0.0,0.0,0.0003212822310402208,False,False,3.555,20.0,0.2999999999999999,-63.90650078824776,False
bang_bang,0,46,2023-12-04 01:00:00+00:00,6.016200855085519,1.2021586631455028,0.0,0.7882854704002286,0.4866785415900581,-0.2857111108161693,0.868742150286304,2016065682,test,0.29640436976379364,1.0332578497136975,0.8520245227838359,0.24394354447920968,0.21325784971369677,0.5344024482661786,0.31228290173048284,0.0,0.0,8.950062540408199e-05,False,False,3.425,20.0,0.2999999999999999,-51.756543842920216,False
bang_bang,0,47,2023-11-29 23:00:00+00:00,9.640651734066235,1.208416702735971,0.0,0.7050984988677551,0.5699840725160347,-0.2402643025915363,0.6339877839934945,1042243209,test,0.25676010714024144,1.4680122160064957,0.7075647528919539,0.14538677162643235,2.3580122160063977,0.4452339190472673,0.24736314055187,0.0,0.0,-0.0002084811723084279,False,False,3.49,20.0,0.2999999999999999,-35.770494137697405,False
bang_bang,0,48,2023-12-11 18:00:00+00:00,8.821507392106962,1.197459467047344,0.0,0.8681598866823288,0.3409728968937421,0.2606426765369827,0.5834926283320534,1687476035,test,0.2981355820365684,5.838507371667461,0.8146459992131636,0.2646960652199898,0.3585073716679473,0.5615528509218045,0.28368679073263386,0.0,0.0,0.0003896206897739951,False,False,3.515,20.0,0.2999999999999999,-54.5990480019827,False
bang_bang,0,49,2023-12-08 18:00:00+00:00,10.563228658948711,1.200225580617288,0.0,0.8920419006593225,0.5218722427888262,0.2130365144701167,1.3263731386978934,1793367615,test,0.4209386310166534,4.945626861301638,0.6295850604881973,0.3489018065365091,3.7756268613017667,0.5985575429973549,0.37763098386147886,0.0,0.0,0.0003148624470008521,False,False,3.495,20.0,0.2999999999999999,-68.61967290136448,False
bang_bang,0,50,2023-12-30 04:00:00+00:00,6.427514168528236,1.204098385570691,0.292968774279,0.952583507858084,0.5589586176355481,0.2348459619352726,1.31338080571305,2141443799,test,0.27295234998725193,1.4586191942868663,0.6978188714475184,0.212323576959177,0.17861919428695106,0.3472820527574529,0.2173288781376983,0.10577871366358373,0.0,0.00038868383475965107,False,False,3.43,20.0,0.2999999999999999,-38.26584817548189,False
bang_bang,0,51,2023-11-23 23:00:00+00:00,6.760905845306106,1.199251444221509,0.0,0.6888011787409092,0.8753647659819663,0.2888699610785574,0.6270957636628666,1802814584,test,0.33243437202613,1.9049042363370763,0.8500664530761048,0.26269610874166743,0.29490423633713414,0.5943350714228786,0.318752922707139,0.0,0.0,0.0004612961184611297,False,False,3.475,20.0,0.2999999999999999,-62.290703098643526,False
bang_bang,0,52,2023-11-27 09:00:00+00:00,11.615096269043946,1.1870730454929246,0.217588421232,1.0806372661495665,0.4321498028347438,0.3041581878940773,0.6972867582026991,934737282,test,0.3288712406763351,1.0347132417973022,0.9461196012053313,0.29033650113313125,0.34471324179730156,0.5166627965252364,0.30642434502596394,0.08378781439898189,0.0,0.0002717602359936788,False,False,3.445,20.0,0.2999999999999999,-63.838237260612104,False
bang_bang,0,53,2023-11-30 05:00:00+00:00,9.373418965448424,1.1972432761485112,0.355409423559,1.0577811887712862,0.6607065436432971,0.255354171511079,1.4467255905203995,1107682466,test,0.40315105798306605,1.0352744094795487,0.8528024930116005,0.2667860417889735,4.145274409479207,0.5008823910526751,0.3317735230908026,0.12867731530624293,0.0,0.00026341231409998667,False,False,3.465,20.0,0.2999999999999999,-74.49847235327202,False
bang_bang,0,54,2023-12-02 03:00:00+00:00,7.973677456053791,1.20167179180896,0.153637125039,0.9256589942712804,0.4944895520798118,0.3266901062981464,0.5527049695710239,1368081612,test,0.4734965739428559,7.159295030428349,1.0110337973492136,0.33174978768781366,7.729295030428411,0.782156809391026,0.38239076460608007,0.06093429985590505,0.0,0.0005482662636528413,False,True,3.53,20.0,0.2999999999999999,-123.8281040540867,False
bang_bang,0,55,2023-12-06 08:00:00+00:00,8.273078825229689,1.186311429199204,0.325334665431,1.0379813464504417,0.7291636640731063,0.3239710704167108,1.2201300540448472,717451927,test,0.40205617459369675,6.7118699459545015,0.9651368328246807,0.3689238135243762,0.5118699459551541,0.6120659876656354,0.3013460606102004,0.11822861562590439,0.0,0.0003646829457815137,False,False,3.455,20.0,0.2999999999999999,-98.74946611301553,False
bang_bang,0,56,2023-11-09 03:00:00+00:00,6.471308108662776,1.1875425432684277,0.131008678911,0.9375396295728228,0.850214898851968,-0.3827343274863842,1.2794236046039806,2014036401,test,0.39031039108817245,1.0225763953959874,1.2038786027355224,0.3513446197928687,0.3925763953960206,0.45868463498681455,0.3103524868784733,0.19313902913536876,0.0,0.00014350888078795698,False,True,3.485,20.0,0.2999999999999999,-80.29928006707502,False
bang_bang,0,57,2023-12-28 06:00:00+00:00,6.902190623782461,1.1972839087941896,0.4171659852150001,1.0443603224966045,0.6411336503070293,0.2898535228140368,1.1108431766289129,552321786,test,0.3365601489327533,8.881156823371093,0.8609994697261885,0.33435244872909936,0.4411568233710883,0.4542806218887246,0.28288734485786143,0.15338810985608103,0.0,0.0003729707022142037,False,False,3.535,20.0,0.2999999999999999,-65.63861061730165,False
bang_bang,0,58,2023-11-08 05:00:00+00:00,7.892731582976476,1.1836161465267854,0.336484400247,1.0670486956831582,0.4040124362305012,0.2803034183141256,0.8127605376787767,1002965945,test,0.3614963965351773,9.17923946232123,0.8387360453569079,0.32855314154545334,0.4792394623212243,0.5099316676649349,0.2623385893051587,0.12796433308284572,0.0,0.0004035690622587462,False,False,3.535,20.0,0.2999999999999999,-70.55205359501261,False
bang_bang,0,59,2023-11-14 18:00:00+00:00,9.13915751322537,1.1864954675359771,0.0,0.8864679132215436,0.783774008431241,-0.3849768905167973,1.3876083173481293,1730169505,test,0.41125161340442473,1.0343916826518256,1.2129526325057092,0.33657870712751076,0.35439168265187204,0.6959716651378223,0.4164214756791532,0.0,0.0,-0.0002713433501118079,False,True,3.485,20.0,0.2999999999999999,-93.57283990618565,False
adaptive_rocof,0,0,2023-11-26 09:00:00+00:00,10.945816874586535,1.1851755395667292,0.260219091132,1.0232107988868966,0.5683748736575602,-0.260817659497688,1.2559203854892451,548905785,test,0.16952954998614578,0.5860796145107563,0.7747681768607122,0.09245222251009912,0.0260796145107558,0.32240903744408395,0.2134353840547926,0.13642614264544642,0.0,-0.00014985025544578257,False,False,3.139430191516876,33.44431183815002,0.2999999999999999,-14.026491649344756,False
adaptive_rocof,0,1,2023-12-09 15:00:00+00:00,10.438194653051298,1.1899172815883043,0.0,1.1025459659229309,0.6146802579338011,0.2580321222370767,0.8856374873626165,430969295,test,0.16771919586671585,0.5863625126373846,0.7139635720959077,0.14950376271639468,0.06636251263738424,0.5753977924972631,0.28265438092182166,0.0,0.0,0.0003669237352829091,False,False,3.1115687501430513,36.0543740940094,0.2999999999999999,-19.044482742636717,False
adaptive_rocof,0,2,2023-11-26 05:00:00+00:00,10.846839574722807,1.1987649826395124,0.31024115712,1.0169122596571945,0.715037008445904,0.215973312004351,0.7588702019488864,1442956087,test,0.1675341242632204,6.65312979805052,0.6311431631871733,0.13281564901348214,0.06312979805111418,0.3878609788995887,0.22770247240376207,0.11856131841533181,0.0,0.00020339355383869329,False,False,3.1010114562511446,34.741658754348755,0.2999999999999999,-15.164196038094866,False
adaptive_rocof,0,3,2023-12-27 18:00:00+00:00,8.684446272638693,1.201952322173384,0.0,0.8530848843951786,0.4425456247085645,0.2463453598422212,1.385124502172654,1504875192,test,0.1621819606199669,0.5768754978273476,0.6947304475822346,0.1382161432325158,0.05687549782734713,0.506619356311819,0.27377641664887375,0.0,0.0,0.0003628794229654231,False,False,3.0950211024284364,34.41880784034729,0.2999999999999999,-16.310755387361553,False
adaptive_rocof,0,4,2023-11-30 08:00:00+00:00,9.662329439905497,1.186958645060754,0.304052359311,1.0802931780637075,0.3915871941636379,0.3934635788936582,1.4139786770833167,804166163,test,0.2873147072106463,0.22802132291668453,1.1179854869272514,0.19132511537061447,0.028021322916684355,0.7868111028744287,0.4995286637720122,0.11124962848243576,0.0,0.0004140283941955758,False,True,3.124607923030853,41.46013800621033,0.2999999999999999,-39.845485899127254,False
adaptive_rocof,0,5,2023-12-20 09:00:00+00:00,8.532762421548089,1.1886991337474702,0.275117405184,1.0470841757476663,0.5872583918248095,0.2130404727369854,0.7642453114853472,1924720241,test,0.16875660258756311,3.267754688514431,0.6161373248150315,0.12769105956277585,0.037754688514653356,0.4416281384494307,0.23942786488356754,0.10522519422961707,0.0,0.00030495591002888123,False,False,3.092239136695862,35.569966373443606,0.2999999999999999,-16.887839012458656,False
adaptive_rocof,0,6,2023-12-20 01:00:00+00:00,7.931276997105192,1.2121612066217928,0.0,0.7709510404536319,0.5718509480337024,0.3128398500241581,0.805237499072169,2032363342,test,0.20805297008898047,7.216762500927179,0.890166029399704,0.17818447060004236,0.07676250092783166,0.7950575801110359,0.37526914701170855,0.0,0.0,0.0005228437304387601,False,False,3.1365130281448366,40.002868280410766,0.2999999999999999,-30.585469282089562,False
adaptive_rocof,0,7,2023-11-18 09:00:00+00:00,5.732011405491962,1.17018238721501,0.326119463415,1.000746460348757,0.4921290013030137,0.3769980196104174,1.0241377394346216,1825389438,test,0.6172238892114619,1.8678622605652815,2.0392727536675013,0.1837884232630212,6.87786226056473,0.6904831125699815,0.29134519705202816,0.12094268572736673,1.0999999999998789,0.000667942385329301,False,True,3.316540367603302,42.6341912651062,0.2999999999999999,-99.64880796604395,False
adaptive_rocof,0,8,2023-12-02 22:00:00+00:00,8.737702447242784,1.206310398333362,0.0,0.6732012090836519,0.8863902067427281,-0.2798599992107134,0.8679392789499134,2083212782,test,0.1600195800042171,2.7740607210499073,0.7663811475806387,0.13806944130251636,0.09406072105008734,0.5049931703212017,0.27021253933072525,0.0,0.0,-0.0002343167600171725,False,False,3.1344146084785462,34.602309446334836,0.2999999999999999,-16.11201060861983,False
adaptive_rocof,0,9,2023-11-09 19:00:00+00:00,5.55211714004858,1.1797962908462156,0.0,0.7674818092885878,0.849964285545723,-0.3967466510855653,0.9047522941135454,917566933,test,0.23008278554195744,0.5772477058864557,1.1021686989104973,0.1945530940514045,0.08724770588645536,0.865615831907053,0.44097054779989553,0.0,0.0,-6.270007111819353e-05,False,True,3.1779354751110076,41.065907077789305,0.2999999999999999,-36.195780581719816,False
adaptive_rocof,0,10,2023-12-24 00:00:00+00:00,10.110406118801388,1.2188522286374732,0.0,0.707515100977602,0.63685727115141,0.2631628260788852,1.1789338144627304,942844319,test,0.23257484912169515,5.8630661855367165,0.724313520104334,0.18051031038179433,0.033066185537270476,0.8233693214591838,0.4522183034974822,0.0,0.0,0.0004331126275737285,False,False,3.1387461507320404,40.35745755195617,0.2999999999999999,-31.428682272488512,False
adaptive_rocof,0,11,2023-12-05 06:00:00+00:00,7.946024049815879,1.1923488816784098,0.384351636375,1.0787175912566,0.5646106723027875,0.3821266567258597,0.5701371980863648,1572448180,test,0.23007777078190694,0.581862801913636,1.0331349577901763,0.19099521717442222,0.0718628019136357,0.7401701764564017,0.3980741189118501,0.15034473448627875,0.0,0.00047106124542528605,False,True,3.1800881385803224,41.79291788101196,0.2999999999999999,-35.23715612198917,False
adaptive_rocof,0,12,2023-11-13 08:00:00+00:00,6.01566921801192,1.1712691215800028,0.331825512015,1.0793317943210436,0.4544525855208296,0.2899714305450067,1.441176506199478,700666644,test,0.20526363013406082,0.31082349380052343,1.217386716020511,0.1565002198303678,0.06082349380052321,0.49039254319236475,0.23421433557963378,0.11778092619821777,0.07999999999999119,0.0006462117149978464,False,True,3.062176022529602,36.57837778091431,0.2999999999999999,-23.394604941208364,False
adaptive_rocof,0,13,2023-12-30 02:00:00+00:00,7.468595759033877,1.2120801686878149,0.07612939872,0.8605056083241664,0.7379277961842678,-0.2388978298430984,1.3162232263996676,1669101755,test,0.15489554327905475,1.025776773600296,0.6618404959936105,0.11814704178970475,0.08577677360033342,0.3224305627389503,0.18546023279674478,0.13345982584847682,0.0,4.619495963686937e-05,False,False,3.112867968082428,33.362665023803714,0.2999999999999999,-13.375287315018419,False
adaptive_rocof,0,14,2023-11-27 19:00:00+00:00,11.640202563041155,1.2018683569260875,0.0,0.7806770457450667,0.8868813431089324,0.2634455633735219,1.3820199725243063,1842753627,test,0.2107190287850128,0.5699800274756952,0.7845150151191705,0.14324517297403644,0.0,0.5893226960576802,0.4033746506335145,0.0,0.0,0.00031007558147699843,False,False,3.124378468990326,36.18481556892395,0.2999999999999999,-20.248904428317022,False
adaptive_rocof,0,15,2023-12-13 07:00:00+00:00,4.594870994556604,1.1841516726937873,0.363553489152,0.992449716264016,0.4081311818212884,-0.2151935276530561,0.660685260438423,1103968072,test,0.14608617497919144,0.5913147395615779,0.6292303755062203,0.12469717103625914,0.051314739561577505,0.3346210055921473,0.1748602898629291,0.14176830181932132,0.0,0.00014465001230301588,False,False,3.079928649663925,34.18909182548523,0.2999999999999999,-13.694769068527407,False
adaptive_rocof,0,16,2023-12-25 00:00:00+00:00,6.77994350688935,1.2116013959975038,0.0,0.7071485624055553,0.5199427455556249,0.2023861736594283,0.7530937983061426,774731428,test,0.16107854284500997,1.8989062016937868,0.6253444233475428,0.15252583237781075,0.048906201693857954,0.5959878812478592,0.26458039060798977,0.0,0.0,0.0004841764575702623,False,False,3.0876908254623414,36.57465022087097,0.2999999999999999,-19.545960554251888,False
adaptive_rocof,0,17,2023-11-22 05:00:00+00:00,4.854701638277029,1.1836967004814851,0.4017984621750001,1.0153842996377698,0.4768513504700364,-0.2027679649996868,0.71562357442274,764563986,test,0.13887780323098467,0.5863764255772609,0.5937392403839157,0.12423453551485078,0.046376425577260516,0.2893411325696565,0.1654966645100546,0.1223698516338859,0.0,0.0001398008834944675,False,False,3.0850695192813875,32.74854353904724,0.2999999999999999,-11.243838188787004,False
adaptive_rocof,0,18,2023-12-27 12:00:00+00:00,9.314749976041428,1.188345912081799,0.0,1.0466999102048071,0.7071914177149257,0.2893080566317899,0.8400307830134064,1378814519,test,0.19471957603736734,8.561969216986403,0.8040458388090805,0.1855692015639051,0.11196921698659434,0.667900962160718,0.3233370208383593,0.0,0.0,0.0006093325858320675,False,False,3.1129595744609833,37.77525181770325,0.2999999999999999,-23.690238844666457,False
adaptive_rocof,0,19,2023-12-05 01:00:00+00:00,7.466810519351676,1.2058188618986132,0.0,0.7850858951943539,0.6309071379227966,0.2903625673889604,0.6509054048260777,1262556206,test,0.19380267159542697,1.9210945951738605,0.8451081770416299,0.15483244167229998,0.061094595173922794,0.6831017489223292,0.3374677876436858,0.0,0.0,0.0005567331610826232,False,False,3.1245144414901733,38.18954429626465,0.2999999999999999,-24.54116369118776,False
adaptive_rocof,0,20,2023-11-18 03:00:00+00:00,4.853252680880635,1.1884034330221904,0.227114103744,0.8801987693383062,0.4622806290694365,0.3522388507232444,1.394581543283243,1643774761,test,0.40420849034623,0.5574184567167586,1.7500002339278393,0.19338218461600237,0.9374184567167219,0.6611357260906526,0.2871713911691746,0.0810135197677549,0.25999999999997137,0.000657735005908433,False,True,3.161845452785492,39.63025095939636,0.2999999999999999,-42.93759242693192,False
adaptive_rocof,0,21,2023-12-15 05:00:00+00:00,5.7023429952676095,1.1947784520115716,0.385086578544,1.055386398000243,0.5144159535034083,0.3834451477744661,0.9652686408941228,1535789530,test,0.9380666759530518,0.9067313591058787,2.5582221172222988,0.18291035429565874,2.646731359105701,0.6703045041793214,0.2873822245028566,0.1446847295347096,0.6099999999999328,0.0006631603774377437,False,True,3.365229539871216,42.16026557922363,0.2999999999999999,-160.95478170629272,False
adaptive_rocof,0,22,2023-12-06 20:00:00+00:00,10.239191378182047,1.206041071204415,0.0,0.7291806325025789,0.6621023990825796,0.3865859863910036,1.1594146451343377,871554050,test,0.3456092628993227,0.24258535486566335,1.5104937063881563,0.23482937181537003,0.3225853548656634,1.0552710565382313,0.5,0.0,0.06999999999999229,0.0005549783954567067,False,True,3.145072799921036,44.15838209152221,0.2999999999999999,-51.86500362364514,False
adaptive_rocof,0,23,2023-11-27 03:00:00+00:00,11.85893459051786,1.2081756816014142,0.13666159206,1.0079434014193496,0.716280887664922,-0.323177658532926,1.2697369976612995,369833051,test,0.19943883824415495,0.5822630023387019,0.8810519073767564,0.16854649619588574,0.07226300233870142,0.48023318891225464,0.2710974491191005,0.20314745542459528,0.0,-0.0002278462509174295,False,False,3.1372352695465087,37.767811937332155,0.2999999999999999,-23.79926074169513,False
adaptive_rocof,0,24,2023-11-28 11:00:00+00:00,12.468647849093124,1.1858761703426697,0.085008659868,1.0610306227529789,0.843603567925757,0.3340409848673114,1.1459466753600498,36545118,test,0.2129703127907628,4.556053324639544,0.928805527985797,0.1723478249308685,0.07605332463995107,0.7106652445202584,0.3730634618270645,0.031235399916033958,0.0,0.0003738382241824656,False,False,3.141539443731308,38.84512288093567,0.2999999999999999,-28.38838937951141,False
adaptive_rocof,0,25,2023-12-08 07:00:00+00:00,7.592459463590366,1.1889906318410246,0.333977384871,1.0463418290489894,0.6687164730465922,0.2074667769434027,0.5327006170909294,1444805577,test,0.15694602854511627,2.339299382908976,0.5879364021963132,0.12492066306829966,0.04929938290907099,0.3562699609624916,0.20069704840559027,0.13011962459016968,0.0,0.00033838507272931917,False,False,3.0859949910640716,34.41339915275574,0.2999999999999999,-14.015946467380601,False
adaptive_rocof,0,26,2023-12-30 06:00:00+00:00,6.101126349923591,1.1959416987994207,0.367154458479,0.9872093736385396,0.4525188395633114,-0.2114361903564091,1.4282414798819505,1979241600,test,0.14606539775394747,0.5837585201180495,0.6085814571412533,0.12160497707461021,0.03375852011805058,0.2868737379173979,0.17518966090225868,0.12145645166293752,0.0,4.7686279281144994e-05,False,False,3.087881152629852,32.38989860534668,0.2999999999999999,-11.5315850422968,False
adaptive_rocof,0,27,2023-12-30 20:00:00+00:00,8.240699784847795,1.2089984491815728,0.0,0.7042669419363476,0.5804830392230322,0.2949920887093921,0.9902250136505548,1572989572,test,0.21966229937561454,1.9117749863493472,0.8543079988098662,0.17582581307316406,0.0717749863494459,0.8048456656753114,0.4085016335830367,0.0,0.0,0.00042320805228923675,False,False,3.146316387653351,40.03649409294128,0.2999999999999999,-30.741144560168344,False
adaptive_rocof,0,28,2023-11-15 19:00:00+00:00,5.884345915751928,1.1835017256945406,0.0,0.7764851962686599,0.457303202028263,0.2302651999997902,1.2114117412632697,1401305724,test,0.1533434114508238,0.5505882587367317,0.6514246811686896,0.1494132344371939,0.07058825873673125,0.5072034027767311,0.2481602562001609,0.0,0.0,0.000634399393521945,False,False,3.0707705748081207,34.61020934104919,0.2999999999999999,-16.431599836785864,False
adaptive_rocof,0,29,2023-11-09 06:00:00+00:00,6.095135436867371,1.1764717630273518,0.305641640655,1.045118797212023,0.4837159513651927,0.278665795876969,1.1295068457638031,246688196,test,0.17446789615630837,0.24249315423619788,0.858525026676993,0.1502842551506401,0.052493154236197714,0.4833656302372117,0.25152342629744256,0.11232252193614631,0.0,0.0006168995437831892,False,False,3.0738727474212646,36.41175127983093,0.2999999999999999,-21.55924915766038,False
adaptive_rocof,0,30,2023-12-20 12:00:00+00:00,8.449833051030978,1.1846313480893964,0.0,1.0518765803857475,0.605948208642376,0.2411203945352958,1.213546040691457,842621410,test,1.944562015813248,7.538453959308135,1.351318540530408,1.4269121260443378,8.77845395930855,0.4855026885637623,0.2002449413893969,0.0,2.679999999999705,0.0006932065494741346,True,True,3.8151875233650205,43.727891664505,0.2999999999999999,-1021.3399106279343,False
adaptive_rocof,0,31,2023-12-16 05:00:00+00:00,2.427907362162571,1.1878145963050593,0.259040740608,0.9234048775209972,0.4035979096881063,0.2139613675469538,1.2700715253431138,1213818944,test,0.14792963032926645,0.5819284746568876,0.6151520928463043,0.12300544296602599,0.041928474656887094,0.3466367899314416,0.20360129535910337,0.09337081389880811,0.0,0.000588682502517035,False,False,3.0876677834987643,33.136518230438234,0.2999999999999999,-12.810989427331517,False
adaptive_rocof,0,32,2023-12-12 00:00:00+00:00,5.7677289288603495,1.2052970407110908,0.0,0.6948758905096888,0.3950924205757708,0.3475424542245516,1.2805435061287451,139071125,test,0.3329180937472328,0.4814564938712562,1.605717492452586,0.17766976206531318,0.7714564938712505,0.7387783286898179,0.32523709675842366,0.0,0.12999999999998568,0.0006440560538570339,False,True,3.10565470457077,39.42347901344299,0.2999999999999999,-37.278090134970896,False
adaptive_rocof,0,33,2023-11-15 23:00:00+00:00,6.930054599783909,1.1957784618656138,0.0,0.7026579020826575,0.5875278787873981,0.2576573659685253,1.0045932953399528,1235940834,test,0.16821348373666448,0.5874067046600484,0.7385674456314998,0.14512684073885798,0.057406704660047936,0.573922669285265,0.28583156605434307,0.0,0.0,0.0004515359109776851,False,False,3.102557439804077,35.962276210784914,0.2999999999999999,-19.142379811494774,False
adaptive_rocof,0,34,2023-12-12 21:00:00+00:00,9.320718193769595,1.209249412959906,0.0,0.7110587124182419,0.4110718996780393,0.3019160374929472,1.295394377812623,1238483553,test,0.19113893081107985,0.5866056221873786,0.8444252109315062,0.1710688820921619,0.0766056221873781,0.6855321408184779,0.33638823257135164,0.0,0.0,0.00036063341610187427,False,False,3.119113141298294,37.8085369682312,0.2999999999999999,-24.969469643372733,False
adaptive_rocof,0,35,2023-12-01 01:00:00+00:00,9.01137268461442,1.2076219183777612,0.0,0.7873618765741999,0.5768618512137283,0.3947783204999005,1.1756323093468235,1370518210,test,0.2324471759088492,0.5763676906531778,1.0232924021264231,0.2058797177873489,0.07636769065317739,0.8864668818503776,0.4549159300431378,0.0,0.0,0.00046631655022155716,False,True,3.183536459207535,41.30614528656006,0.2999999999999999,-36.94145033530578,False
adaptive_rocof,0,36,2023-11-11 09:00:00+00:00,5.307567779366857,1.165931859439692,0.33896175606,1.0181249042377,0.4599431898266196,-0.3545248189201758,0.9641610345538624,1131631758,test,0.2086051351604807,0.5778389654461388,0.974381193208578,0.17960226888360176,0.09783896544613835,0.5293867367945819,0.2909405600084466,0.22383955010315995,0.0,6.932839318318784e-05,False,False,3.1514127683639526,39.147424173355105,0.2999999999999999,-27.71862596147932,False
adaptive_rocof,0,37,2023-11-26 16:00:00+00:00,10.430096371329586,1.1876924844346275,0.0,1.0129000791726483,0.8288497550377114,0.3572390354688638,1.2686019473896557,1689081221,test,0.698038931492351,4.653398052609914,1.078805464380977,0.34232951553341934,8.723398052610351,1.0395331100456369,0.5,0.0,1.1499999999998733,0.0005467132705028188,False,True,3.4768636798858643,43.51614364624024,0.2999999999999999,-124.26115564432504,False
adaptive_rocof,0,38,2023-12-05 03:00:00+00:00,7.401321642630278,1.2016205853372692,0.207878835996,0.9654526112458608,0.6357878754958444,0.200289986092925,0.5486845256207625,2126912994,test,0.18137676381103243,5.4433154743787995,0.6260862955546599,0.17204132359921306,0.10331547437923794,0.5555041863524827,0.27243724324645663,0.08146554049668114,0.0,0.0005051260026822657,False,False,3.085840884447098,37.34553416252136,0.2999999999999999,-20.81203007896492,False
adaptive_rocof,0,39,2023-11-16 22:00:00+00:00,10.98140017604664,1.2039520596649549,0.0,0.7115854879669401,0.665304520367578,0.2872858310452035,1.3806948892544657,434887766,test,0.19783454554344682,0.5813051107455358,0.8075369542975063,0.15768601507610605,0.07130511074553536,0.6094855079696735,0.3464168347643386,0.0,0.0,0.0003197762159798945,False,False,3.117667144536972,36.3711076259613,0.2999999999999999,-21.32027292297355,False
adaptive_rocof,0,40,2023-11-12 22:00:00+00:00,4.968471556701739,1.188560640818036,0.0,0.6734381156512197,0.590453196232323,0.3435602294358256,0.6587781950663378,1551394687,test,0.6485419332967248,0.8032218049336632,2.0310172282708714,0.17249286456906676,1.8332218049336093,0.7677159709277012,0.30564879843068543,0.0,0.6499999999999284,0.0006875959863947845,False,True,3.2723027408123015,41.72518133163452,0.2999999999999999,-78.36909905091629,False
adaptive_rocof,0,41,2023-12-20 01:00:00+00:00,7.931276997105192,1.2121612066217928,0.0,0.7709510404536319,0.6599216836203952,0.3025631543152386,0.5027226292505671,1398041735,test,0.1906672734445823,0.5892773707494336,0.8699362315370052,0.16123346443774123,0.0692773707494333,0.6945265984728285,0.3417869956935931,0.0,0.0,0.00046998995292502066,False,False,3.134583805799484,38.49459877967834,0.2999999999999999,-25.223837545898384,False
adaptive_rocof,0,42,2023-11-19 01:00:00+00:00,9.513462191582962,1.2032610906435115,0.0,0.7847435357138292,0.5702981040890935,0.3648642458913596,1.0199975079247752,97057812,test,0.3050060418084961,5.242002492074757,0.995316844251296,0.1913902627276788,5.302002492074751,0.9717889516970528,0.5,0.0,0.04999999999999449,0.0005111264542041472,False,False,3.1914982974529265,42.62081973075867,0.2999999999999999,-42.81238874175042,False
adaptive_rocof,0,43,2023-12-25 05:00:00+00:00,5.452563614480826,1.197143829517342,0.3639778662240001,1.0053723044651677,0.3519505181011824,0.3018961767647233,0.9791303201774578,462704206,test,0.18852550174891713,0.5828696798225433,0.8337953930073696,0.16163048640891042,0.07286967982254289,0.5291488205124417,0.2842940485285748,0.13569324617971854,0.0,0.0005608361915885873,False,False,3.1342330634593965,37.615184211730956,0.2999999999999999,-22.730023234686286,False
adaptive_rocof,0,44,2023-11-21 03:00:00+00:00,4.909008402970137,1.1899504038065043,0.193197457152,0.9320705301106316,0.3911161290384961,0.2957543810978634,0.923784261818931,978505099,test,0.7563148426784835,0.7682157381810703,2.145793792216871,0.1578562747114078,2.2582157381809402,0.5237028613611681,0.20883120381608739,0.072605508648499,1.2199999999998656,0.0007007644279400371,False,True,3.3516199350357057,40.7937190246582,0.2999999999999999,-96.89205419624658,False
adaptive_rocof,0,45,2023-12-12 23:00:00+00:00,8.765359645127548,1.2116581161595004,0.0,0.6893459826137599,0.8531563222411276,0.2883116685340867,0.612844195197656,773776906,test,0.20233720054378507,0.5791558048023449,0.8309376407063193,0.17744827764987703,0.049155804802344494,0.6862860950462377,0.3767450418916166,0.0,0.0,0.00036108922809396926,False,False,3.1286264836788176,38.318069524765015,0.2999999999999999,-24.19132333703597,False
adaptive_rocof,0,46,2023-12-04 01:00:00+00:00,6.016200855085519,1.2021586631455028,0.0,0.7882854704002286,0.4866785415900581,-0.2857111108161693,0.868742150286304,2016065682,test,0.1804286698232983,0.5832578497136971,0.8006718397967492,0.14834219168228494,0.05325784971369674,0.599613026414941,0.3200567239292368,0.0,0.0,5.5362693062055435e-05,False,False,3.116843147277832,36.51092526435852,0.2999999999999999,-20.39458268311554,False
adaptive_rocof,0,47,2023-11-29 23:00:00+00:00,9.640651734066235,1.208416702735971,0.0,0.7050984988677551,0.5699840725160347,-0.2402643025915363,0.6339877839934945,1042243209,test,0.15628975441562595,1.0280122160065068,0.6571352056447968,0.10462817247435575,0.04801221600650596,0.49587953219412756,0.25513854079524195,0.0,0.0,-0.00023254155922636244,False,False,3.1184906005859374,34.52162316322327,0.2999999999999999,-15.35469444881012,False
adaptive_rocof,0,48,2023-12-11 18:00:00+00:00,8.821507392106962,1.197459467047344,0.0,0.8681598866823288,0.3409728968937421,0.2606426765369827,0.5834926283320534,1687476035,test,0.17344094527404874,5.458507371667503,0.7215061494581344,0.16114726133850835,0.07850737166794708,0.6290630312414952,0.2901144418322123,0.0,0.0,0.0004251352991347934,False,False,3.1197360336780546,37.20300789833069,0.2999999999999999,-21.292693693572083,False
adaptive_rocof,0,49,2023-12-08 18:00:00+00:00,10.563228658948711,1.200225580617288,0.0,0.8920419006593225,0.5218722427888262,0.2130365144701167,1.3263731386978934,1793367615,test,0.2214086419108498,4.56562686130168,0.6103179053970835,0.18668408763767322,0.14562686130210767,0.6714685037888342,0.41318007496719183,0.0,0.0,0.000353212157713112,False,False,3.119593778848648,37.39859079360962,0.2999999999999999,-24.036044812952564,False
adaptive_rocof,0,50,2023-12-30 04:00:00+00:00,6.427514168528236,1.204098385570691,0.292968774279,0.952583507858084,0.5589586176355481,0.2348459619352726,1.31338080571305,2141443799,test,0.16248715647856826,1.0286191942869136,0.6646775251444255,0.13349262235758177,0.04861919428695094,0.399241275286576,0.22214513648971007,0.1057800408131111,0.0,0.0004160157064274639,False,False,3.088097195625305,34.51492353439331,0.2999999999999999,-15.477395870847324,False
adaptive_rocof,0,51,2023-11-23 23:00:00+00:00,6.760905845306106,1.199251444221509,0.0,0.6888011787409092,0.8753647659819663,0.2888699610785574,0.6270957636628666,1802814584,test,0.18497066426623915,0.5849042363371343,0.7996025372066492,0.15565211529459877,0.06490423633713394,0.6677600160340486,0.3265068192527973,0.0,0.0,0.0004999247092967174,False,False,3.1203256165981292,37.90781519889831,0.2999999999999999,-23.35122488113813,False
adaptive_rocof,0,52,2023-11-27 09:00:00+00:00,11.615096269043946,1.1870730454929246,0.217588421232,1.0806372661495665,0.4321498028347438,0.3041581878940773,0.6972867582026991,934737282,test,0.19210706251790174,0.5847132417973018,0.8729070633277687,0.1674216294090266,0.07471324179730143,0.5942667031759041,0.31620525048649917,0.08378805399064466,0.0,0.0003125829351754983,False,False,3.125768538713455,38.072300004959104,0.2999999999999999,-23.90524206535436,False
adaptive_rocof,0,53,2023-11-30 05:00:00+00:00,9.373418965448424,1.1972432761485112,0.355409423559,1.0577811887712862,0.6607065436432971,0.255354171511079,1.4467255905203995,1107682466,test,0.21525213732687065,0.5952744094795972,0.7720545092869668,0.15939605526510234,0.0,0.5858660049159323,0.34821825327493405,0.12868283724287843,0.0,0.0003081200673114015,False,False,3.1419433522224427,38.337298212051394,0.2999999999999999,-25.334879918753263,False
adaptive_rocof,0,54,2023-12-02 03:00:00+00:00,7.973677456053791,1.20167179180896,0.153637125039,0.9256589942712804,0.4944895520798118,0.3266901062981464,0.5527049695710239,1368081612,test,0.2233331736457349,0.5892950304289769,0.9639695581176188,0.17221156669392731,0.04929503042897654,0.8495329795146972,0.3991634624951574,0.060926067819114686,0.0,0.0005837143602722139,False,False,3.143210835456848,42.14672403335571,0.2999999999999999,-36.13452330775341,False
adaptive_rocof,0,55,2023-12-06 08:00:00+00:00,8.273078825229689,1.186311429199204,0.325334665431,1.0379813464504417,0.7291636640731063,0.3239710704167108,1.2201300540448472,717451927,test,0.2081950582012526,2.3618699459549797,0.8954667865134821,0.18665404799701624,0.11186994595515376,0.6785408835637996,0.33163549244737606,0.11822929005008409,0.0,0.00039965146059806056,False,False,3.15437735915184,39.67921407699585,0.2999999999999999,-29.96808192091462,False
adaptive_rocof,0,56,2023-11-09 03:00:00+00:00,6.471308108662776,1.1875425432684277,0.131008678911,0.9375396295728228,0.850214898851968,-0.3827343274863842,1.2794236046039806,2014036401,test,0.2226028932284022,0.5825763953960208,1.0239835177936671,0.19108489442386956,0.09257639539602036,0.5190214903294897,0.32448470794245565,0.21790264563915832,0.0,0.0001118550058992751,False,True,3.171735029220581,38.60515936851502,0.2999999999999999,-28.058003525292442,False
adaptive_rocof,0,57,2023-12-28 06:00:00+00:00,6.902190623782461,1.1972839087941896,0.4171659852150001,1.0443603224966045,0.6411336503070293,0.2898535228140368,1.1108431766289129,552321786,test,0.19389042273616802,0.5911568233710884,0.8364434117445274,0.17950977550535832,0.08115682337108798,0.523237077946912,0.2936628418914237,0.15375935732664492,0.0,0.00040924907557304824,False,False,3.1266833293437957,37.79096289634705,0.2999999999999999,-23.311279920701427,False
adaptive_rocof,0,58,2023-11-08 05:00:00+00:00,7.892731582976476,1.1836161465267854,0.336484400247,1.0670486956831582,0.4040124362305012,0.2803034183141256,0.8127605376787767,1002965945,test,0.19501068417879006,9.039239462321182,0.7851147515518598,0.18163879592405824,0.09923946232122405,0.5774887302842143,0.2925866948831982,0.12796505591963855,0.0,0.0004391075539229572,False,False,3.1230823159217835,38.42958171844482,0.2999999999999999,-24.31473374224834,False
adaptive_rocof,0,59,2023-11-14 18:00:00+00:00,9.13915751322537,1.1864954675359771,0.0,0.8864679132215436,0.783774008431241,-0.3849768905167973,1.3876083173481293,1730169505,test,0.2259819330076344,0.5743916826518722,1.034681451733409,0.18876755392628872,0.09439168265187181,0.7911711584444443,0.4307557754533569,0.0,0.0,-0.00031653093265271437,False,True,3.173563597202301,39.4751754283905,0.2999999999999999,-32.464024796194046,False
td3_full,0,0,2023-11-26 09:00:00+00:00,10.945816874586535,1.1851755395667292,0.260219091132,1.0232107988868966,0.5683748736575602,-0.260817659497688,1.2559203854892451,548905785,test,0.2489228877656568,2.016079614510616,0.7117397131263841,0.06584772693638201,2.3560796145105787,0.35657652610073093,0.23505138535394396,0.10942574904364423,0.0,-0.00016566047783916904,False,False,2.7561550141052575,37.73028871947899,0.2250003956470173,-14.557543093543972,False
td3_full,0,1,2023-12-09 15:00:00+00:00,10.438194653051298,1.1899172815883043,0.0,1.1025459659229309,0.6146802579338011,0.2580321222370767,0.8856374873626165,430969295,test,0.1477561488129255,7.696362512636918,0.7926887736344636,0.12712563131889631,0.036362512637384214,0.5894556714761294,0.2792118958186582,0.0,0.0,0.0003743217561926748,False,False,1.7949231069160743,45.07546607255936,0.5801248911470175,-14.665183805958836,False
td3_full,0,2,2023-11-26 05:00:00+00:00,10.846839574722807,1.1987649826395124,0.31024115712,1.0169122596571945,0.715037008445904,0.215973312004351,0.7588702019488864,1442956087,test,0.18329452750328654,0.2931297980511143,0.9028773543891903,0.10500469062399062,0.023129798051114148,0.4045082848710824,0.23793922540215062,0.1170010252193924,0.0,0.00021210667006577033,False,False,4.523976759720593,43.82158175893128,0.2511345761399716,-11.954756980549686,False
td3_full,0,3,2023-12-27 18:00:00+00:00,8.684446272638693,1.201952322173384,0.0,0.8530848843951786,0.4425456247085645,0.2463453598422212,1.385124502172654,1504875192,test,0.12868229471414402,0.5968754978273476,0.616606162547585,0.10895358571625101,0.026875497827347106,0.5239601561880771,0.27517643450606566,0.0,0.0,0.0003719906151477548,False,False,3.9370746714686975,48.12261407673359,0.6311855651885271,-11.275964869050371,False
td3_full,0,4,2023-11-30 08:00:00+00:00,9.662329439905497,1.186958645060754,0.304052359311,1.0802931780637075,0.3915871941636379,0.3934635788936582,1.4139786770833167,804166163,test,0.25981515315771,0.5280213229166848,1.060928524387342,0.16805574019272054,0.028021322916684355,0.7938069946561442,0.4997222537818724,0.11559137733579165,0.0,0.00041770698034909737,False,True,4.577198494277894,49.319032138586046,0.5700570369097404,-34.511833782386624,False
td3_full,0,5,2023-12-20 09:00:00+00:00,8.532762421548089,1.1886991337474702,0.275117405184,1.0470841757476663,0.5872583918248095,0.2130404727369854,0.7642453114853472,1924720241,test,0.14408974389007245,3.337754688514423,0.46527540183416155,0.10052857402853822,0.0,0.4603491533055034,0.24839930933688226,0.10534207451080253,0.0,0.00031480237030123703,False,False,6.676557323336601,47.174741335213184,0.6097917871139944,-11.873782048523333,False
td3_full,0,6,2023-12-20 01:00:00+00:00,7.931276997105192,1.2121612066217928,0.0,0.7709510404536319,0.5718509480337024,0.3128398500241581,0.805237499072169,2032363342,test,0.19236008351013154,7.036762500927189,0.9231110852552056,0.15685721815011258,0.06676250092783165,0.8074658065214615,0.3763951145517627,0.0,0.0,0.0005293705660552872,False,False,1.8893655624687673,47.165109786391255,0.629659017972648,-25.383121424526706,False
td3_full,0,7,2023-11-18 09:00:00+00:00,5.732011405491962,1.17018238721501,0.326119463415,1.000746460348757,0.4921290013030137,0.3769980196104174,1.0241377394346216,1825389438,test,0.623688724205844,1.8778622605652804,2.109431748352952,0.25146400818239795,2.8578622605651725,0.6692679010299242,0.2913451970520263,0.12100368056847943,0.49999999999994493,0.0006567722953823019,False,True,6.967571744322777,28.23576555930677,0.541451134165749,-111.55858472334661,False
td3_full,0,8,2023-12-02 22:00:00+00:00,8.737702447242784,1.206310398333362,0.0,0.6732012090836519,0.8863902067427281,-0.2798599992107134,0.8679392789499134,2083212782,test,0.15494789154123823,0.25406072105008737,1.269683630496319,0.13046284004009304,0.04406072105008729,0.5064692483248484,0.282819276196776,0.0,0.0,-0.00023501475566467533,False,True,0.6862902581207456,37.213451312482356,0.2726341355951445,-18.440660100009293,False
td3_full,0,9,2023-11-09 19:00:00+00:00,5.55211714004858,1.1797962908462156,0.0,0.7674818092885878,0.849964285545723,-0.3967466510855653,0.9047522941135454,917566933,test,0.7577456682736868,1.6872477058863908,1.1387217104839853,0.6371722807778646,1.7172477058863875,0.5916723019020153,0.43366500854798706,0.0,0.0,7.25337208551391e-05,False,True,2.00828631258974,7.729043322625324,0.20323964873794467,-317.97339697284855,False
td3_full,0,10,2023-12-24 00:00:00+00:00,10.110406118801388,1.2188522286374732,0.0,0.707515100977602,0.63685727115141,0.2631628260788852,1.1789338144627304,942844319,test,0.2443124928344387,0.24306618553727066,1.2125085480022102,0.155926140176744,0.013066185537270458,0.8343855709699912,0.4490341400364984,0.0,0.0,0.00043890500329746285,False,True,1.7719748961851,47.91895212288946,0.613149345322512,-31.2157394465529,False
td3_full,0,11,2023-12-05 06:00:00+00:00,7.946024049815879,1.1923488816784098,0.384351636375,1.0787175912566,0.5646106723027875,0.3821266567258597,0.5701371980863648,1572448180,test,0.2082001157082044,1.0518628019136365,0.880096094918714,0.1713797398355702,0.0718628019136357,0.7544422602543395,0.4027174507999697,0.15057180499758635,0.0,0.0004785696712893417,False,False,6.807114191353321,48.74123811125755,0.5755408676497171,-28.24910516783538,False
td3_full,0,12,2023-11-13 08:00:00+00:00,6.01566921801192,1.1712691215800028,0.331825512015,1.0793317943210436,0.4544525855208296,0.2899714305450067,1.441176506199478,700666644,test,0.4135382895554436,2.460823493800314,1.3032744683566808,0.38611063427115566,0.5708234938005221,0.41543808307237234,0.23317064245484176,0.1096747225806942,0.0,0.0006067784104977769,False,True,5.342089186420711,13.560782628575529,0.2591841589694377,-104.4805582426869,False
td3_full,0,13,2023-12-30 02:00:00+00:00,7.468595759033877,1.2120801686878149,0.07612939872,0.8605056083241664,0.7379277961842678,-0.2388978298430984,1.3162232263996676,1669101755,test,0.16938181660092433,1.4757767736002465,0.6357260472005339,0.1365135332782388,0.11577677360033345,0.2928029732539621,0.18574023291763575,0.155236910102562,0.0,6.186984229239467e-05,False,False,5.21790143288672,30.19093365520239,0.5529553171205335,-16.310269084788757,False
td3_full,0,14,2023-11-27 19:00:00+00:00,11.640202563041155,1.2018683569260875,0.0,0.7806770457450667,0.8868813431089324,0.2634455633735219,1.3820199725243063,1842753627,test,0.2057396474300032,0.2199800274756949,1.2444243717505483,0.11917280637396184,0.0,0.6021362476484106,0.42905462732005784,0.0,0.0,0.00031682778440023096,False,True,1.2989538015276196,45.918596285581586,0.31780743576632814,-19.004040980872624,False
td3_full,0,15,2023-12-13 07:00:00+00:00,4.594870994556604,1.1841516726937873,0.363553489152,0.992449716264016,0.4081311818212884,-0.2151935276530561,0.660685260438423,1103968072,test,0.19406723743240592,1.0213147395615783,0.5712145234293411,0.16292186723565014,0.13131473956157758,0.3297118803234201,0.1779033789051877,0.11917879807775729,0.0,0.0001471489351826949,False,False,1.8887378912987187,24.582378705362594,0.275369684450794,-23.08601122558392,False
td3_full,0,16,2023-12-25 00:00:00+00:00,6.77994350688935,1.2116013959975038,0.0,0.7071485624055553,0.5199427455556249,0.2023861736594283,0.7530937983061426,774731428,test,0.14175048690765754,8.278906201693543,0.559308873309382,0.1345910964695572,0.048906201693857954,0.6082682460715246,0.25950842125198775,0.0,0.0,0.0004906363284949977,False,False,2.6499802980609237,43.907477530837056,0.5561711227744818,-15.615090305236055,False
td3_full,0,17,2023-11-22 05:00:00+00:00,4.854701638277029,1.1836967004814851,0.4017984621750001,1.0153842996377698,0.4768513504700364,-0.2027679649996868,0.71562357442274,764563986,test,0.14266494287582748,0.6363764255772609,0.47297097454628717,0.13041390044430728,0.06637642557726053,0.28693254922106803,0.15024311259730322,0.12224223825974757,0.0,0.0001410280759159832,False,False,2.66267726110667,31.75874395594001,0.3086378311601292,-11.889941611638152,False
td3_full,0,18,2023-12-27 12:00:00+00:00,9.314749976041428,1.188345912081799,0.0,1.0466999102048071,0.7071914177149257,0.2893080566317899,0.8400307830134064,1378814519,test,0.3245431889185443,8.681969216986444,0.9524489333014055,0.3156842027040838,0.2919692169865944,0.606547385353232,0.3011947935487839,0.0,0.0,0.0005770524568368129,False,False,1.3091389964967965,22.002566435152374,0.41117002511862666,-55.98171424785844,False
td3_full,0,19,2023-12-05 01:00:00+00:00,7.466810519351676,1.2058188618986132,0.0,0.7850858951943539,0.6309071379227966,0.2903625673889604,0.6509054048260777,1262556206,test,0.16675958283332362,2.371094595173811,0.8724906426030518,0.13669864213387775,0.051094595173922785,0.6948995093923781,0.31708111406028305,0.0,0.0,0.0005629388544984293,False,False,2.1671956481933594,44.29526571109891,0.6194449790194629,-19.874636555929555,False
td3_full,0,20,2023-11-18 03:00:00+00:00,4.853252680880635,1.1884034330221904,0.227114103744,0.8801987693383062,0.4622806290694365,0.3522388507232444,1.394581543283243,1643774761,test,0.4356513762663497,0.5574184567167586,2.1179187841752833,0.34095362685131486,0.14741845671675824,0.6020369249059502,0.28717047536449597,0.08119799235749758,0.04999999999999449,0.0006268043893977726,False,True,3.6565886640897953,21.34398373467246,0.27135450671613215,-91.63390906732295,False
td3_full,0,21,2023-12-15 05:00:00+00:00,5.7023429952676095,1.1947784520115716,0.385086578544,1.055386398000243,0.5144159535034083,0.3834451477744661,0.9652686408941228,1535789530,test,0.9428186079772795,0.9367313591058787,2.5024618581209372,0.22828489502412785,2.8067313591056835,0.6532139955117038,0.2874234043002168,0.145207124720377,0.29999999999996696,0.0006541686736926122,False,True,6.89195212572813,30.744276468852274,0.544170208192314,-171.44769080042803,False
td3_full,0,22,2023-12-06 20:00:00+00:00,10.239191378182047,1.206041071204415,0.0,0.7291806325025789,0.6621023990825796,0.3865859863910036,1.1594146451343377,871554050,test,0.3818955438353208,0.25258535486566336,1.4829595858675928,0.22802435154452902,0.45258535486566354,1.0610469842268486,0.5,0.0,0.10999999999998789,0.0005580181419269081,False,True,1.7033405298492872,48.51094447895885,0.6612614917326718,-51.862817634397814,False
td3_full,0,23,2023-11-27 03:00:00+00:00,11.85893459051786,1.2081756816014142,0.13666159206,1.0079434014193496,0.716280887664922,-0.323177658532926,1.2697369976612995,369833051,test,0.1876172703320413,0.20226300233870154,1.4412673165447065,0.14365931883211153,0.022263002338701376,0.5962871900908224,0.3477040125253133,0.10050988698366749,0.0,-0.00028295378665077475,False,True,0.7252599694423555,47.67302235811949,0.15795760268671438,-22.976045080463503,False
td3_full,0,24,2023-11-28 11:00:00+00:00,12.468647849093124,1.1858761703426697,0.085008659868,1.0610306227529789,0.843603567925757,0.3340409848673114,1.1459466753600498,36545118,test,0.19580252419917152,0.2360533246399512,1.3369692647972802,0.14971576047420745,0.026053324639951025,0.7223486729395118,0.39003563620774667,0.031203169011457154,0.0,0.00037998091325996963,False,True,1.5135447383224967,47.76183712258935,0.3112764953980222,-25.87610700077628,False
td3_full,0,25,2023-12-08 07:00:00+00:00,7.592459463590366,1.1889906318410246,0.333977384871,1.0463418290489894,0.6687164730465922,0.2074667769434027,0.5327006170909294,1444805577,test,0.13263159807112865,2.3992993829089695,0.48039346951283496,0.10704416815084007,0.02929938290907097,0.3692425116233086,0.20367355175237295,0.1305196297727426,0.0,0.0003452011301287028,False,False,6.344350665807724,41.89610585719347,0.40316277138656004,-10.540540609952926,False
td3_full,0,26,2023-12-30 06:00:00+00:00,6.101126349923591,1.1959416987994207,0.367154458479,0.9872093736385396,0.4525188395633114,-0.2114361903564091,1.4282414798819505,1979241600,test,0.13443009920103585,1.033758520118,0.4723318659997947,0.1069462106516537,0.023758520118050575,0.2394417578029307,0.1511122056977303,0.17783430536235442,0.0,7.256610563000088e-05,False,False,3.3931206415519117,39.70664111077785,0.44664417749410495,-9.447481127770047,False
td3_full,0,27,2023-12-30 20:00:00+00:00,8.240699784847795,1.2089984491815728,0.0,0.7042669419363476,0.5804830392230322,0.2949920887093921,0.9902250136505548,1572989572,test,0.19408392787822995,7.44177498634893,0.9456207268573564,0.15047068941788835,0.051774986349445884,0.8174894090156741,0.38597438389313576,0.0,0.0,0.00042984481116992157,False,False,1.8343210022002456,47.84047391414642,0.6558467917069792,-26.06658857426988,False
td3_full,0,28,2023-11-15 19:00:00+00:00,5.884345915751928,1.1835017256945406,0.0,0.7764851962686599,0.457303202028263,0.2302651999997902,1.2114117412632697,1401305724,test,0.5442979706013907,8.680588258736703,0.7606434439062271,0.5246735561336312,0.8405882587367259,0.40635731788179213,0.24350645427781942,0.0,0.0,0.0005813113915258405,False,False,1.223534356161324,8.816679404529912,0.21726625930191948,-142.5209869325255,False
td3_full,0,29,2023-11-09 06:00:00+00:00,6.095135436867371,1.1764717630273518,0.305641640655,1.045118797212023,0.4837159513651927,0.278665795876969,1.1295068457638031,246688196,test,0.3426661696917066,1.4024931542361396,1.0395941884780961,0.3096485894853164,0.2924931542361979,0.4011963541536779,0.250646163396344,0.11162122500163536,0.0,0.0005736721715572379,False,True,4.506050111837685,16.028264825568733,0.283802366795484,-73.18812759862915,False
td3_full,0,30,2023-12-20 12:00:00+00:00,8.449833051030978,1.1846313480893964,0.0,1.0518765803857475,0.605948208642376,0.2411203945352958,1.213546040691457,842621410,test,2.001727408921124,7.568453959308145,1.4120420798239406,1.700357832309571,8.77845395930855,0.44490062567805094,0.2002449413893969,0.0,0.7599999999999163,0.0006718490109349773,True,True,4.046814151044692,5.223170293244926,0.5047634600547607,-1258.505204873407,False
td3_full,0,31,2023-12-16 05:00:00+00:00,2.427907362162571,1.1878145963050593,0.259040740608,0.9234048775209972,0.4035979096881063,0.2139613675469538,1.2700715253431138,1213818944,test,0.36373826510751067,1.5319284746567992,0.6468761537812162,0.31273090182455965,0.5319284746568875,0.2697651134754321,0.19941098606534552,0.07308560983789211,0.0,0.0005482434852229767,False,False,1.861396008608872,10.214360455871141,0.24454510141699576,-72.73515106500597,False
td3_full,0,32,2023-12-12 00:00:00+00:00,5.7677289288603495,1.2052970407110908,0.0,0.6948758905096888,0.3950924205757708,0.3475424542245516,1.2805435061287451,139071125,test,0.3465652594306337,0.8614564938712406,1.6645891481855344,0.3126589541029203,0.15145649387125593,0.6786495951345816,0.32523709675842366,0.0,0.009999999999998899,0.000612422414336955,False,True,2.3987219569692386,21.796511828650303,0.28755362511239946,-80.68551507181357,False
td3_full,0,33,2023-11-15 23:00:00+00:00,6.930054599783909,1.1957784618656138,0.0,0.7026579020826575,0.5875278787873981,0.2576573659685253,1.0045932953399528,1235940834,test,0.13945668703136607,0.6374067046600485,0.744332418086466,0.12401889242898262,0.04740670466004793,0.5868923312473527,0.2782199911800545,0.0,0.0,0.00045836356511463894,False,False,2.30456009478122,44.11033222526312,0.6147622562199831,-14.857250946632941,False
td3_full,0,34,2023-12-12 21:00:00+00:00,9.320718193769595,1.209249412959906,0.0,0.7110587124182419,0.4110718996780393,0.3019160374929472,1.295394377812623,1238483553,test,0.16029722114619022,3.126605622187112,0.8677033947504353,0.14357199336514884,0.05660562218737808,0.7014833810315007,0.3325206396400532,0.0,0.0,0.00036902480641259894,False,False,2.8457266927585008,49.256492644548416,0.6983917000293731,-18.877236727919378,False
td3_full,0,35,2023-12-01 01:00:00+00:00,9.01137268461442,1.2076219183777612,0.0,0.7873618765741999,0.5768618512137283,0.3947783204999005,1.1756323093468235,1370518210,test,0.20529222082209406,0.6363676906531779,1.1895460654332133,0.19058846078374736,0.06636769065317738,0.8974125327172232,0.4444314639646986,0.0,0.0,0.00047207061285525764,False,True,1.6133335685394705,47.962072539329526,0.6532841378748417,-32.574516153098024,False
td3_full,0,36,2023-11-11 09:00:00+00:00,5.307567779366857,1.165931859439692,0.33896175606,1.0181249042377,0.4599431898266196,-0.3545248189201758,0.9641610345538624,1131631758,test,0.34780521970993317,1.4678389654460915,0.8176586524001168,0.3192287567508173,0.4678389654461387,0.5273205019638361,0.275192794304873,0.14196387455891224,0.0,7.03141977240751e-05,False,False,2.694941760617192,20.001491995305535,0.22955696211056784,-76.48992923390834,False
td3_full,0,37,2023-11-26 16:00:00+00:00,10.430096371329586,1.1876924844346275,0.0,1.0129000791726483,0.8288497550377114,0.3572390354688638,1.2686019473896557,1689081221,test,0.701410464098813,4.653398052609914,1.3592269248880262,0.34290947725703086,8.723398052610351,1.0395017573792353,0.5,0.0,1.2599999999998612,0.0005466941079507182,False,True,2.087838878920302,45.08072837889195,0.4141485279734479,-137.48522963901527,False
td3_full,0,38,2023-12-05 03:00:00+00:00,7.401321642630278,1.2016205853372692,0.207878835996,0.9654526112458608,0.6357878754958444,0.200289986092925,0.5486845256207625,2126912994,test,0.16214472224273604,8.873315474379053,0.4980315252856997,0.15782313740582318,0.10331547437923794,0.5681989029826141,0.2730752650538298,0.08152600487077474,0.0,0.0005118049525419943,False,False,4.532543923464604,43.52415341585875,0.5509544581267982,-16.822712135979796,False
td3_full,0,39,2023-11-16 22:00:00+00:00,10.98140017604664,1.2039520596649549,0.0,0.7115854879669401,0.665304520367578,0.2872858310452035,1.3806948892544657,434887766,test,0.22236064103974595,0.27130511074553554,1.3746374096467848,0.13134589030863394,0.021305110745535316,0.6221948382614623,0.3572210473588332,0.0,0.0,0.0003264220567122944,False,True,1.7354937785714866,46.9645415795967,0.5025961519544944,-20.737980608608503,False
td3_full,0,40,2023-11-12 22:00:00+00:00,4.968471556701739,1.188560640818036,0.0,0.6734381156512197,0.590453196232323,0.3435602294358256,0.6587781950663378,1551394687,test,0.6498621224735387,0.8032218049336632,1.9744733189034827,0.3793156710575515,1.4432218049336523,0.7219514483917702,0.30564879843068543,0.0,0.17999999999998018,0.0006635201287681358,False,True,1.566112528749742,17.260938563293884,0.3205762712561991,-154.6991703526185,False
td3_full,0,41,2023-12-20 01:00:00+00:00,7.931276997105192,1.2121612066217928,0.0,0.7709510404536319,0.6599216836203952,0.3025631543152386,0.5027226292505671,1398041735,test,0.17570074154651463,0.24927737074943346,1.068174692397779,0.14079457223742942,0.04927737074943328,0.7070356107377214,0.3278407804743988,0.0,0.0,0.0004765713797160176,False,True,1.8734007753501647,45.18205370157957,0.6244916743934155,-22.075679167350224,False
td3_full,0,42,2023-11-19 01:00:00+00:00,9.513462191582962,1.2032610906435115,0.0,0.7847435357138292,0.5702981040890935,0.3648642458913596,1.0199975079247752,97057812,test,0.28935106856697707,5.242002492074757,1.143642404209499,0.16892069854286604,5.342002492074746,0.9806746825211626,0.5,0.0,0.05999999999999339,0.0005158033927685768,False,True,1.7947617169581354,48.72835125029087,0.6334342718161643,-38.68242569814119,False
td3_full,0,43,2023-12-25 05:00:00+00:00,5.452563614480826,1.197143829517342,0.3639778662240001,1.0053723044651677,0.3519505181011824,0.3018961767647233,0.9791303201774578,462704206,test,0.1629895222278932,0.6328696798225434,0.8268498178846465,0.144104211112804,0.05286967982254287,0.5407139047906835,0.289309825223165,0.13581264956614464,0.0,0.0005670063532317027,False,False,5.012722325087525,44.396929655969146,0.6449564991537482,-18.449935353263864,False
td3_full,0,44,2023-11-21 03:00:00+00:00,4.909008402970137,1.1899504038065043,0.193197457152,0.9320705301106316,0.3911161290384961,0.2957543810978634,0.923784261818931,978505099,test,0.7616611577529178,0.7782157381810703,2.1347806298989838,0.6558876907773807,0.9282157381810704,0.4671764413531256,0.20885159404897274,0.0725911116737491,0.04999999999999449,0.0006710255687757405,False,True,5.953866646867015,7.983322908691943,0.25876606691465714,-350.21246622137977,False
td3_full,0,45,2023-12-12 23:00:00+00:00,8.765359645127548,1.2116581161595004,0.0,0.6893459826137599,0.8531563222411276,0.2883116685340867,0.612844195197656,773776906,test,0.2275042926773243,0.23915580480234466,1.2818539109320337,0.16938166056981374,0.029155804802344476,0.6909570506872754,0.3791419988105406,0.0,0.0,0.00036354718415554377,False,True,1.8555744678676132,41.75201500505209,0.3765002940353006,-25.596621288375005,False
td3_full,0,46,2023-12-04 01:00:00+00:00,6.016200855085519,1.2021586631455028,0.0,0.7882854704002286,0.4866785415900581,-0.2857111108161693,0.868742150286304,2016065682,test,0.5088629958156793,2.3532578497135628,0.7814194674370982,0.41876192940435447,0.6732578497136972,0.4218281881666167,0.31160966898572096,0.0,0.0,0.00014871533048893548,False,False,4.767774391806517,8.379900772087895,0.2895565607501194,-156.3426836546883,False
td3_full,0,47,2023-11-29 23:00:00+00:00,9.640651734066235,1.208416702735971,0.0,0.7050984988677551,0.5699840725160347,-0.2402643025915363,0.6339877839934945,1042243209,test,0.1250666943974706,0.6380122160065064,0.8526444956237414,0.08049363815653565,0.008012216006505923,0.5120278494124502,0.2532669080744704,0.0,0.0,-0.0002401683004485955,False,False,1.2696723561286927,45.838586553931236,0.2275798935913481,-11.883188644301832,False
td3_full,0,48,2023-12-11 18:00:00+00:00,8.821507392106962,1.197459467047344,0.0,0.8681598866823288,0.3409728968937421,0.2606426765369827,0.5834926283320534,1687476035,test,0.14275688377605217,5.538507371667494,0.6382143802442465,0.1320514313574785,0.05850737166794706,0.6482752814196675,0.2927665943665246,0.0,0.0,0.0004352354265505509,False,False,4.587524039112031,48.83609982430935,0.6899823384582996,-15.31237400373453,False
td3_full,0,49,2023-12-08 18:00:00+00:00,10.563228658948711,1.200225580617288,0.0,0.8920419006593225,0.5218722427888262,0.2130365144701167,1.3263731386978934,1793367615,test,0.20558077082363002,4.595626861301676,0.7039946344465584,0.1634097273241089,0.08562686130210762,0.6866979263280713,0.4147299176742485,0.0,0.0,0.0003612227769403953,False,False,2.278933994963765,48.917495775222775,0.6160149818451609,-18.959666394628062,False
td3_full,0,50,2023-12-30 04:00:00+00:00,6.427514168528236,1.204098385570691,0.292968774279,0.952583507858084,0.5589586176355481,0.2348459619352726,1.31338080571305,2141443799,test,0.13852109259870748,1.0586191942869103,0.5258756178574068,0.11501477281534765,0.028619194286950922,0.4126572621345336,0.2317640244368095,0.10606222728019077,0.0,0.00042307377387651446,False,False,6.442828600853682,43.20770778208971,0.6182845832835883,-11.616960824195663,False
td3_full,0,51,2023-11-23 23:00:00+00:00,6.760905845306106,1.199251444221509,0.0,0.6888011787409092,0.8753647659819663,0.2888699610785574,0.6270957636628666,1802814584,test,0.20004728944685518,0.2549042363371341,1.1259045711917148,0.14731593322449846,0.04490423633713392,0.6719825853366842,0.3105357572178511,0.0,0.0,0.000502148931416313,False,True,2.364955537185073,41.00987533261068,0.32359624533262105,-24.7858693200948,False
td3_full,0,52,2023-11-27 09:00:00+00:00,11.615096269043946,1.1870730454929246,0.217588421232,1.0806372661495665,0.4321498028347438,0.3041581878940773,0.6972867582026991,934737282,test,0.1682974699066472,0.5947132417973018,0.6950978284716652,0.1400253096603508,0.054713241797301415,0.6134317183670994,0.32677194628511963,0.08376055676611684,0.0,0.00032266347635523385,False,False,2.5899864255860447,45.288324783742425,0.7019894082004903,-17.217295369151113,False
td3_full,0,53,2023-11-30 05:00:00+00:00,9.373418965448424,1.1972432761485112,0.355409423559,1.0577811887712862,0.6607065436432971,0.255354171511079,1.4467255905203995,1107682466,test,0.19528911652030287,1.0552744094795465,0.6078840181964944,0.1329932557075882,0.0,0.602327995531401,0.36029835578417596,0.1281536892158131,0.0,0.0003167740861347301,False,False,7.467181949317455,47.706506413966416,0.38797192318900486,-20.099335325874875,False
td3_full,0,54,2023-12-02 03:00:00+00:00,7.973677456053791,1.20167179180896,0.153637125039,0.9256589942712804,0.4944895520798118,0.3266901062981464,0.5527049695710239,1368081612,test,0.20918487093069468,7.019295030428364,0.8001913820951293,0.14782376334521533,0.04929503042897654,0.8616717660084215,0.4012597134766154,0.06208989898128259,0.0,0.0005901001077491808,False,False,3.395603087127092,48.56684029996395,0.5247831303030253,-29.746514718574517,False
td3_full,0,55,2023-12-06 08:00:00+00:00,8.273078825229689,1.186311429199204,0.325334665431,1.0379813464504417,0.7291636640731063,0.3239710704167108,1.2201300540448472,717451927,test,0.18343821995153564,2.421869945954973,0.8553709080934925,0.1677584259452893,0.09186994595515374,0.6903213229399027,0.3228824695124964,0.11820731194945129,0.0,0.00040574905404877626,False,False,4.811647204486653,46.82258070260286,0.5007551958877593,-24.685222858250867,False
td3_full,0,56,2023-11-09 03:00:00+00:00,6.471308108662776,1.1875425432684277,0.131008678911,0.9375396295728228,0.850214898851968,-0.3827343274863842,1.2794236046039806,2014036401,test,0.5839149680974448,5.782576395395464,0.9409441594349096,0.5602993031649413,4.242576395395633,0.43021448069084756,0.32003007698636704,0.12121774039752829,0.0,0.00015825264188573662,False,False,2.984717717105418,9.51659066216412,0.26391398706845937,-184.9304683922798,False
td3_full,0,57,2023-12-28 06:00:00+00:00,6.902190623782461,1.1972839087941896,0.4171659852150001,1.0443603224966045,0.6411336503070293,0.2898535228140368,1.1108431766289129,552321786,test,0.1630716107517688,1.0511568233710706,0.6928192984919013,0.16081376950851406,0.08115682337108798,0.5372570838954918,0.2987906937108662,0.15379352276989242,0.0,0.0004166222328754188,False,False,6.738197108358145,45.697499335557225,0.5385774105555465,-18.350876886733726,False
td3_full,0,58,2023-11-08 05:00:00+00:00,7.892731582976476,1.1836161465267854,0.336484400247,1.0670486956831582,0.4040124362305012,0.2803034183141256,0.8127605376787767,1002965945,test,0.1713171108666285,9.17923946232123,0.6367692560590732,0.15642046198803664,0.08923946232122404,0.5941971574721653,0.29633280307329357,0.12840209794849253,0.0,0.00044788267462153586,False,False,5.629308648407459,48.095237055420874,0.6528936979472637,-18.465419517467414,False
td3_full,0,59,2023-11-14 18:00:00+00:00,9.13915751322537,1.1864954675359771,0.0,0.8864679132215436,0.783774008431241,-0.3849768905167973,1.3876083173481293,1730169505,test,0.24315843007394053,1.0643916826518223,1.3797148522900802,0.19931511566191962,0.06439168265187178,0.7820757256309167,0.44459543304608207,0.0,0.0,-0.00031214928241185547,False,True,4.807057914480567,39.16447601020336,0.5022489908644928,-44.3588210357395,False
td3_full,1,0,2023-11-26 09:00:00+00:00,10.945816874586535,1.1851755395667292,0.260219091132,1.0232107988868966,0.5683748736575602,-0.260817659497688,1.2559203854892451,548905785,test,0.14149828309586843,0.5960796145107563,0.6739372856426068,0.07609204448952464,0.0,0.3337737383512557,0.22991945878864933,0.13947094006727706,0.0,-0.0001565535670248197,False,False,2.8891667408472275,43.26821487247944,0.35768178849929244,-10.831625288802533,False
td3_full,1,1,2023-12-09 15:00:00+00:00,10.438194653051298,1.1899172815883043,0.0,1.1025459659229309,0.6146802579338011,0.2580321222370767,0.8856374873626165,430969295,test,0.13316259079247594,0.6163625126373846,0.6578155568979964,0.12170276732536538,0.036362512637384214,0.5950686414801986,0.284789114164317,0.0,0.0,0.0003772718982517631,False,False,5.830477788578719,47.67104785442352,0.1269767587929964,-13.809606108534782,False
td3_full,1,2,2023-11-26 05:00:00+00:00,10.846839574722807,1.1987649826395124,0.31024115712,1.0169122596571945,0.715037008445904,0.215973312004351,0.7588702019488864,1442956087,test,0.13166082111230343,6.633129798050522,0.6179563328471411,0.10585564478567117,0.023129798051114148,0.4054717806639129,0.24125830259370024,0.1188595726361296,0.0,0.0002129464267149883,False,False,6.4814861709252,46.14671471118927,0.6868295885622502,-10.573949713121264,False
td3_full,1,3,2023-12-27 18:00:00+00:00,8.684446272638693,1.201952322173384,0.0,0.8530848843951786,0.4425456247085645,0.2463453598422212,1.385124502172654,1504875192,test,0.12896358792807183,1.0568754978272987,0.6145516988232057,0.11131033045856847,0.026875497827347106,0.5230783772707509,0.2744656319423457,0.0,0.0,0.00037153041238024986,False,False,6.585349720763043,45.42159007526934,0.19821462343260646,-12.296807274915514,False
td3_full,1,4,2023-11-30 08:00:00+00:00,9.662329439905497,1.186958645060754,0.304052359311,1.0802931780637075,0.3915871941636379,0.3934635788936582,1.4139786770833167,804166163,test,0.26442119466340097,0.25802132291668456,1.3602800910156632,0.16794210687919808,0.028021322916684355,0.8841375482390521,0.49249809738164724,0.026243011033789895,0.0,0.0004652244902764724,False,True,1.243569644242525,48.3754722058773,0.12766157330200076,-35.04792804692061,False
td3_full,1,5,2023-12-20 09:00:00+00:00,8.532762421548089,1.1886991337474702,0.275117405184,1.0470841757476663,0.5872583918248095,0.2130404727369854,0.7642453114853472,1924720241,test,0.15187684749408742,8.847754688514533,0.4745294146576129,0.1446455695674659,0.0877546885146534,0.537711299346471,0.26749464852250326,0.014745452997963615,0.0,0.00035548681121000403,False,False,3.001859429316595,37.49410308124497,0.08854548893682658,-16.695759198749062,False
td3_full,1,6,2023-12-20 01:00:00+00:00,7.931276997105192,1.2121612066217928,0.0,0.7709510404536319,0.5718509480337024,0.3128398500241581,0.805237499072169,2032363342,test,0.19704081835728954,7.386762500927236,0.8355754251722685,0.15599285511674085,0.06676250092783165,0.8093406616630743,0.3772164820184375,0.0,0.0,0.0005303580706969013,False,False,4.645408811617643,47.16681698849425,0.19275017808377742,-26.438497337611796,False
td3_full,1,7,2023-11-18 09:00:00+00:00,5.732011405491962,1.17018238721501,0.326119463415,1.000746460348757,0.4921290013030137,0.3769980196104174,1.0241377394346216,1825389438,test,0.6194705096003911,1.8778622605652804,2.1120357290794916,0.2642322341374013,2.6578622605651945,0.6684345844153754,0.29134519705202805,0.12076603005677392,0.7199999999999207,0.0006563317114506306,False,True,3.866981172904372,27.63880944678621,0.351377388783716,-115.89767825330723,False
td3_full,1,8,2023-12-02 22:00:00+00:00,8.737702447242784,1.206310398333362,0.0,0.6732012090836519,0.8863902067427281,-0.2798599992107134,0.8679392789499134,2083212782,test,0.15800060046353528,0.6040607210500877,0.6195525828391152,0.127235584545196,0.07406072105008732,0.5141357440743016,0.28377760318623557,0.0,0.0,-0.00023844844854015168,False,False,4.409714041576022,40.295033891499045,0.12759015425574033,-15.126426697093455,False
td3_full,1,9,2023-11-09 19:00:00+00:00,5.55211714004858,1.1797962908462156,0.0,0.7674818092885878,0.849964285545723,-0.3967466510855653,0.9047522941135454,917566933,test,0.7929916765644194,1.6472477058863952,1.0706252167909873,0.630211502272031,2.0172477058863545,0.5979398516292238,0.44003232668681164,0.0,0.0,6.94936287845005e-05,False,True,1.3895938165868869,7.942465249243118,0.06577147800847888,-318.5528438099556,False
td3_full,1,10,2023-12-24 00:00:00+00:00,10.110406118801388,1.2188522286374732,0.0,0.707515100977602,0.63685727115141,0.2631628260788852,1.1789338144627304,942844319,test,0.22130202491284917,5.943066185536708,0.8244564422795941,0.15594527436098715,0.023066185537270467,0.8380030795018442,0.4512718369856209,0.0,0.0,0.00044080844157201593,False,False,2.837751015651971,48.238537701964376,0.13281283968198113,-27.63271095214955,False
td3_full,1,11,2023-12-05 06:00:00+00:00,7.946024049815879,1.1923488816784098,0.384351636375,1.0787175912566,0.5646106723027875,0.3821266567258597,0.5701371980863648,1572448180,test,0.2043352301959358,0.6018628019136361,0.8972270099488928,0.1683321238174315,0.0718628019136357,0.8769988804875731,0.40993716042754097,0.02904320830656643,0.0,0.0005430450133029341,False,False,1.5469256783276801,48.0667260715738,0.08053930407296866,-29.12895940148376,False
td3_full,1,12,2023-11-13 08:00:00+00:00,6.01566921801192,1.1712691215800028,0.331825512015,1.0793317943210436,0.4544525855208296,0.2899714305450067,1.441176506199478,700666644,test,0.4282337412119297,1.7508234938003921,1.2898423529917067,0.3855646361192892,0.4908234938005236,0.4058012087797762,0.23331906788840318,0.11839967564914185,0.0,0.0006017259470873504,False,True,3.2521059351140758,13.560782628575529,0.5519998302264139,-107.26252229494385,False
td3_full,1,13,2023-12-30 02:00:00+00:00,7.468595759033877,1.2120801686878149,0.07612939872,0.8605056083241664,0.7379277961842678,-0.2388978298430984,1.3162232263996676,1669101755,test,0.13224960441739345,0.6057767736003339,0.5019657520832455,0.09530087516489626,0.03577677360033338,0.44411859948037036,0.24145570631807045,0.02527235819323947,0.0,-1.352746985805453e-05,False,False,2.48342348649865,43.02583227604627,0.09433301232289525,-11.009170549248786,False
td3_full,1,14,2023-11-27 19:00:00+00:00,11.640202563041155,1.2018683569260875,0.0,0.7806770457450667,0.8868813431089324,0.2634455633735219,1.3820199725243063,1842753627,test,0.18180320069901293,0.5999800274756952,0.7295367830392215,0.11138640069552032,0.0,0.608385553782907,0.41358278617684363,0.0,0.0,0.00032010363302126255,False,False,4.728109456971287,49.08488104939461,0.07450978569133439,-15.19569069054294,False
td3_full,1,15,2023-12-13 07:00:00+00:00,4.594870994556604,1.1841516726937873,0.363553489152,0.992449716264016,0.4081311818212884,-0.2151935276530561,0.660685260438423,1103968072,test,0.18102124873775566,0.6513147395615779,0.5267289207092316,0.14662703788420553,0.10131473956157755,0.45217468280359696,0.22446160020734585,0.00787964919133241,0.0,8.264320399065106e-05,False,False,1.6528599857203663,28.13000077216518,0.048715331955347205,-19.94137508957171,False
td3_full,1,16,2023-12-25 00:00:00+00:00,6.77994350688935,1.2116013959975038,0.0,0.7071485624055553,0.5199427455556249,0.2023861736594283,0.7530937983061426,774731428,test,0.13804053418649845,8.338906201693563,0.549430289643638,0.131741874522039,0.038906201693857945,0.6125956908165568,0.26403886069009824,0.0,0.0,0.0004929126695800701,False,False,5.140432059548795,45.9424155600369,0.23579909966140986,-15.173880021851168,False
td3_full,1,17,2023-11-22 05:00:00+00:00,4.854701638277029,1.1836967004814851,0.4017984621750001,1.0153842996377698,0.4768513504700364,-0.2027679649996868,0.71562357442274,764563986,test,0.10633760793653373,0.6063764255772609,0.4786397588557293,0.09206463922195657,0.0,0.42486494716703815,0.2063058590677878,0.00789851228585704,0.0,6.847772594253954e-05,False,False,1.9775386740490795,48.28983674198389,0.04687799540162086,-7.2431254765843756,False
td3_full,1,18,2023-12-27 12:00:00+00:00,9.314749976041428,1.188345912081799,0.0,1.0466999102048071,0.7071914177149257,0.2893080566317899,0.8400307830134064,1378814519,test,0.30814198690767747,9.1519692169866,0.8879771790129929,0.2979803763715706,0.4419692169865945,0.6139183517656984,0.31250119110085545,0.0,0.0,0.0005809411620552041,False,False,3.8828399994673672,23.036368678391206,0.16205585273448378,-50.87433931587705,False
td3_full,1,19,2023-12-05 01:00:00+00:00,7.466810519351676,1.2058188618986132,0.0,0.7850858951943539,0.6309071379227966,0.2903625673889604,0.6509054048260777,1262556206,test,0.16545919923197383,2.4210945951738054,0.8293680600668242,0.1254218138413122,0.031094595173922768,0.7013354421238887,0.33552838319818934,0.0,0.0,0.0005663221923429829,False,False,6.663929611749947,48.383228795044126,0.08943711416423321,-19.041372460321096,False
td3_full,1,20,2023-11-18 03:00:00+00:00,4.853252680880635,1.1884034330221904,0.227114103744,0.8801987693383062,0.4622806290694365,0.3522388507232444,1.394581543283243,1643774761,test,0.4266860096251419,0.5674184567167586,1.9262437877186689,0.34133544816592937,0.16741845671675826,0.6023035438279789,0.28756104206438965,0.08119718015553487,0.10999999999998789,0.000627278119266883,False,True,3.6154547533104195,21.250055253801335,0.5832865868299268,-89.77831899899437,False
td3_full,1,21,2023-12-15 05:00:00+00:00,5.7023429952676095,1.1947784520115716,0.385086578544,1.055386398000243,0.5144159535034083,0.3834451477744661,0.9652686408941228,1535789530,test,0.9500024021161084,0.8967313591058786,2.596542455511557,0.23529023522234455,2.7067313591056945,0.653696337458572,0.2884832929653927,0.1437788046978967,0.5699999999999372,0.0006544247353095223,False,True,3.509575315361377,30.660964690239645,0.2816416125150863,-188.05405453779522,False
td3_full,1,22,2023-12-06 20:00:00+00:00,10.239191378182047,1.206041071204415,0.0,0.7291806325025789,0.6621023990825796,0.3865859863910036,1.1594146451343377,871554050,test,0.33984489940901197,0.2725853548656634,1.5571871176095267,0.2285244570859171,0.36258535486566346,1.0634376184208383,0.5,0.0,0.11999999999998678,0.0005592748717117013,False,True,2.817529760479927,48.64601058512926,0.12439714002795517,-49.72135877851199,False
td3_full,1,23,2023-11-27 03:00:00+00:00,11.85893459051786,1.2081756816014142,0.13666159206,1.0079434014193496,0.716280887664922,-0.323177658532926,1.2697369976612995,369833051,test,0.16967100051294393,0.5922630023387019,0.7554869305193141,0.1514829221221978,0.06226300233870141,0.584056148435726,0.3461742469925422,0.11231027774178919,0.0,-0.00027712751167974226,False,False,2.8389700131837743,45.73059821724892,0.2256119114384055,-19.78730765690336,False
td3_full,1,24,2023-11-28 11:00:00+00:00,12.468647849093124,1.1858761703426697,0.085008659868,1.0610306227529789,0.843603567925757,0.3340409848673114,1.1459466753600498,36545118,test,0.19097232801122357,4.59605332463954,0.7638365420778769,0.1445980837521763,0.05605332463995105,0.7436092551738503,0.3865777959246964,0.015580728376796355,0.0,0.0003911466769070948,False,False,3.9555641800041776,49.36684682369232,0.08593839443475007,-22.110624284485844,False
td3_full,1,25,2023-12-08 07:00:00+00:00,7.592459463590366,1.1889906318410246,0.333977384871,1.0463418290489894,0.6687164730465922,0.2074667769434027,0.5327006170909294,1444805577,test,0.14908979892206772,2.3792993829089717,0.4506142602306794,0.11804909571297012,0.04929938290907099,0.4184762002380174,0.24298186814133965,0.07353824584826447,0.0,0.00037122049041959926,False,False,5.035091338956729,37.29097290188074,0.17411271339445375,-21.735378122520522,False
td3_full,1,26,2023-12-30 06:00:00+00:00,6.101126349923591,1.1959416987994207,0.367154458479,0.9872093736385396,0.4525188395633114,-0.2114361903564091,1.4282414798819505,1979241600,test,0.12008051249892432,0.6037585201180473,0.4870962163008479,0.08873028559132051,0.0,0.4124163651934104,0.19329076172049042,0.015160668995463939,0.0,-1.3788991144625395e-05,False,False,2.6945777350515128,46.890547919273374,0.08824483328126372,-7.607080015568294,False
td3_full,1,27,2023-12-30 20:00:00+00:00,8.240699784847795,1.2089984491815728,0.0,0.7042669419363476,0.5804830392230322,0.2949920887093921,0.9902250136505548,1572989572,test,0.2403415707864526,1.9817749863493395,0.7389160246277156,0.17321685976503076,0.08177498634944591,0.8087489011147279,0.4184927787632853,0.0,0.0,0.0004252521878738147,False,False,4.811848682428245,41.99315541638062,0.19394150812923908,-34.45095132374042,False
td3_full,1,28,2023-11-15 19:00:00+00:00,5.884345915751928,1.1835017256945406,0.0,0.7764851962686599,0.457303202028263,0.2302651999997902,1.2114117412632697,1401305724,test,0.5060037523196277,8.780588258736737,0.6266602096594126,0.4897352403551768,1.3405882587366709,0.4098704637362924,0.24802313723395025,0.0,0.0,0.0005831675806983183,False,False,4.677546268989192,8.825539719779398,0.2772983589116484,-134.4451171255865,False
td3_full,1,29,2023-11-09 06:00:00+00:00,6.095135436867371,1.1764717630273518,0.305641640655,1.045118797212023,0.4837159513651927,0.278665795876969,1.1295068457638031,246688196,test,0.3452587877329371,1.4024931542361396,1.0202437022273194,0.3093303263220828,0.32249315423619795,0.40021586028809,0.25141642591530927,0.11215735258905284,0.009999999999998899,0.0005731544265079047,False,True,3.9962575925388375,16.01608588953062,0.44317394772428087,-76.6491274411445,False
td3_full,1,30,2023-12-20 12:00:00+00:00,8.449833051030978,1.1846313480893964,0.0,1.0518765803857475,0.605948208642376,0.2411203945352958,1.213546040691457,842621410,test,1.9742661855147499,7.568453959308145,1.3612328212126057,1.5436365152004143,8.77845395930855,0.45009768399557276,0.2002449413893969,0.0,1.0399999999998855,0.0006745696140146862,True,True,3.878102763834624,5.510557630229735,0.3635057773228909,-1193.3718889509744,False
td3_full,1,31,2023-12-16 05:00:00+00:00,2.427907362162571,1.1878145963050593,0.259040740608,0.9234048775209972,0.4035979096881063,0.2139613675469538,1.2700715253431138,1213818944,test,0.3578714368415663,2.3719284746567064,0.5277052443081185,0.3157054866654861,0.761928474656884,0.2529048469389381,0.20917086088693987,0.09349098699034,0.0,0.000539400350591912,False,False,5.248283896505638,10.214360455871141,0.7357166172470897,-73.17516840877484,False
td3_full,1,32,2023-12-12 00:00:00+00:00,5.7677289288603495,1.2052970407110908,0.0,0.6948758905096888,0.3950924205757708,0.3475424542245516,1.2805435061287451,139071125,test,0.3354419900907027,0.8814564938712384,1.6368757316332034,0.29557742262345443,0.14145649387125592,0.682193257321194,0.32523709675842366,0.0,0.029999999999996696,0.0006142867052762457,False,True,5.039738671015948,22.8970814891783,0.3571752450359053,-73.97730637886788,False
td3_full,1,33,2023-11-15 23:00:00+00:00,6.930054599783909,1.1957784618656138,0.0,0.7026579020826575,0.5875278787873981,0.2576573659685253,1.0045932953399528,1235940834,test,0.13540377879084461,0.6174067046600484,0.6996877448705617,0.11730066926434496,0.03740670466004792,0.591342035273961,0.28597146754462244,0.0,0.0,0.0004607059313777029,False,False,6.72246364941448,46.57431172952056,0.12608459071815015,-14.928521435148095,False
td3_full,1,34,2023-12-12 21:00:00+00:00,9.320718193769595,1.209249412959906,0.0,0.7110587124182419,0.4110718996780393,0.3019160374929472,1.295394377812623,1238483553,test,0.16211394255593184,0.6266056221873786,0.8628143184308341,0.14473544182947518,0.05660562218737808,0.7011062531244675,0.3319578071487313,0.0,0.0,0.00036882715283026446,False,False,6.634207764130085,48.15885438174009,0.5491331563031127,-19.91737080545916,False
td3_full,1,35,2023-12-01 01:00:00+00:00,9.01137268461442,1.2076219183777612,0.0,0.7873618765741999,0.5768618512137283,0.3947783204999005,1.1756323093468235,1370518210,test,0.21975131143993362,0.6163676906531779,0.9189358365462974,0.1866614798606147,0.07636769065317739,0.8986209009541708,0.45842058647244477,0.0,0.0,0.00047270758377093713,False,False,4.328836175301112,46.4059541285038,0.2143862334797159,-31.921445212878655,False
td3_full,1,36,2023-11-11 09:00:00+00:00,5.307567779366857,1.165931859439692,0.33896175606,1.0181249042377,0.4599431898266196,-0.3545248189201758,0.9641610345538624,1131631758,test,0.38734223111957483,0.6978389654461389,1.014643766028051,0.3176546813806553,0.3678389654461386,0.6505888417675176,0.39698475502245145,0.014265073035009906,0.0,8.117172400068373e-06,False,True,1.1260568613260984,20.002726239557706,0.06948321927897633,-81.6516970189972,False
td3_full,1,37,2023-11-26 16:00:00+00:00,10.430096371329586,1.1876924844346275,0.0,1.0129000791726483,0.8288497550377114,0.3572390354688638,1.2686019473896557,1689081221,test,0.7442476157902442,4.653398052609914,1.1376821829898274,0.34000278527754596,7.91339805261008,1.045423481415713,0.5,0.0,1.1999999999998678,0.0005498152106216958,False,True,5.485574929634109,45.336506861448285,0.22607520448602736,-130.89536097539556,False
td3_full,1,38,2023-12-05 03:00:00+00:00,7.401321642630278,1.2016205853372692,0.207878835996,0.9654526112458608,0.6357878754958444,0.200289986092925,0.5486845256207625,2126912994,test,0.15930785569427203,5.523315474378791,0.48150652295835056,0.1515751098394234,0.09331547437923793,0.5933264295554866,0.2806126303711325,0.05948748313028333,0.0,0.0005250255031674644,False,False,4.87581439986825,45.37328114062548,0.11950126648135483,-16.94719964691676,False
td3_full,1,39,2023-11-16 22:00:00+00:00,10.98140017604664,1.2039520596649549,0.0,0.7115854879669401,0.665304520367578,0.2872858310452035,1.3806948892544657,434887766,test,0.16770494009992196,0.6013051107455358,0.7760086294260432,0.12736785893418917,0.041305110745535334,0.6273232607201085,0.3562777585615239,0.0,0.0,0.00032912120277639456,False,False,2.673899364253855,47.803724619746205,0.12709672085754573,-16.325918041714857,False
td3_full,1,40,2023-11-12 22:00:00+00:00,4.968471556701739,1.188560640818036,0.0,0.6734381156512197,0.590453196232323,0.3435602294358256,0.6587781950663378,1551394687,test,0.6528900484828953,0.7932218049336632,1.9314233624409634,0.3804271235420735,1.5232218049336435,0.7215889783999588,0.30564879843068543,0.0,0.16999999999998128,0.0006633295865958733,False,True,2.5796988073200917,16.454515980186777,0.16513279950106516,-154.45768441402038,False
td3_full,1,41,2023-12-20 01:00:00+00:00,7.931276997105192,1.2121612066217928,0.0,0.7709510404536319,0.6599216836203952,0.3025631543152386,0.5027226292505671,1398041735,test,0.15862439052916785,0.6192773707494337,0.8227168959773258,0.1339467129730381,0.04927737074943328,0.7120295203913678,0.3377229254718827,0.0,0.0,0.000479198883413412,False,False,7.080088792607188,47.477213501185176,0.09570031176507474,-20.15901148030676,False
td3_full,1,42,2023-11-19 01:00:00+00:00,9.513462191582962,1.2032610906435115,0.0,0.7847435357138292,0.5702981040890935,0.3648642458913596,1.0199975079247752,97057812,test,0.29813691593224495,5.242002492074757,0.920058539711493,0.16892892020535652,5.382002492074742,0.9824956170850452,0.5,0.0,0.05999999999999339,0.0005167605822257171,False,False,3.728292513138149,47.65290806144476,0.22449800861719998,-38.351454431086516,False
td3_full,1,43,2023-12-25 05:00:00+00:00,5.452563614480826,1.197143829517342,0.3639778662240001,1.0053723044651677,0.3519505181011824,0.3018961767647233,0.9791303201774578,462704206,test,0.15939782468803151,5.4228696798220595,0.7768979629550496,0.15631960995012445,0.07286967982254289,0.5487076903117589,0.2972182652145883,0.12546609479546403,0.0,0.0005711777865995971,False,False,4.475903618499637,43.38670759797096,0.23203988374350593,-20.66405907945133,False
td3_full,1,44,2023-11-21 03:00:00+00:00,4.909008402970137,1.1899504038065043,0.193197457152,0.9320705301106316,0.3911161290384961,0.2957543810978634,0.923784261818931,978505099,test,0.8247931906718489,0.7782157381810703,2.11398393970119,0.6553784449299984,1.4182157381810327,0.4669804238378276,0.20907910870502783,0.07282653748007566,0.08999999999999009,0.0006709163920087247,False,True,2.919864668094009,7.820496856652099,0.395276484160393,-353.9855804924134,False
td3_full,1,45,2023-12-12 23:00:00+00:00,8.765359645127548,1.2116581161595004,0.0,0.6893459826137599,0.8531563222411276,0.2883116685340867,0.612844195197656,773776906,test,0.17169214564746976,0.6091558048023449,0.7498732805286064,0.147130364622577,0.039155804802344485,0.7058635017682423,0.3776398748193617,0.0,0.0,0.0003713841442795074,False,False,7.583935414627194,48.41855817213654,0.0505372760752216,-18.69745047790637,False
td3_full,1,46,2023-12-04 01:00:00+00:00,6.016200855085519,1.2021586631455028,0.0,0.7882854704002286,0.4866785415900581,-0.2857111108161693,0.868742150286304,2016065682,test,0.5139608340690798,1.9032578497136123,0.7152208810253783,0.4125397530423618,1.9232578497136101,0.42384976525948537,0.32391631219663275,0.0,0.0,0.00014769423377875013,False,False,3.8208000850469808,8.652721097616467,0.954760901723057,-145.47601219190037,False
td3_full,1,47,2023-11-29 23:00:00+00:00,9.640651734066235,1.208416702735971,0.0,0.7050984988677551,0.5699840725160347,-0.2402643025915363,0.6339877839934945,1042243209,test,0.12733936883093344,0.6180122160065064,0.5876739848565948,0.08572309662685233,0.018012216006505932,0.5112563220895516,0.2548003562663352,0.0,0.0,-0.00023978599443275073,False,False,2.3031794209526852,43.999507810175416,0.16965848243795334,-11.845934266554426,False
td3_full,1,48,2023-12-11 18:00:00+00:00,8.821507392106962,1.197459467047344,0.0,0.8681598866823288,0.3409728968937421,0.2606426765369827,0.5834926283320534,1687476035,test,0.1639609552254139,5.7985073716674655,0.7053748180165716,0.15093872866618568,0.06850737166794707,0.6368962788725487,0.2883611270237152,0.0,0.0,0.0004292570018358255,False,False,7.054908346154378,41.27258102223277,0.41274419711949306,-19.32698166793819,False
td3_full,1,49,2023-12-08 18:00:00+00:00,10.563228658948711,1.200225580617288,0.0,0.8920419006593225,0.5218722427888262,0.2130365144701167,1.3263731386978934,1793367615,test,0.2001277376188303,4.625626861301673,0.6945253700835905,0.1644599139396936,0.09562686130210762,0.6867415681499023,0.4161392113230664,0.0,0.0,0.00036124628253897395,False,False,4.095891952652484,47.655093082785605,0.11719673574755143,-19.402841527680852,False
td3_full,1,50,2023-12-30 04:00:00+00:00,6.427514168528236,1.204098385570691,0.292968774279,0.952583507858084,0.5589586176355481,0.2348459619352726,1.31338080571305,2141443799,test,0.1371385174107575,1.0486191942869114,0.518850762177761,0.11384093160457423,0.028619194286950922,0.46940793452475765,0.2568898871904832,0.04937264233790245,0.0,0.0004529295795784316,False,False,4.272094823223538,43.22074584364891,0.13581057411478833,-12.31174866747416,False
td3_full,1,51,2023-11-23 23:00:00+00:00,6.760905845306106,1.199251444221509,0.0,0.6888011787409092,0.8753647659819663,0.2888699610785574,0.6270957636628666,1802814584,test,0.168047062415348,2.0049042363370653,0.7428056572065825,0.14371751611247716,0.06490423633713394,0.6768230399068783,0.32825801425651335,0.0,0.0,0.000504689960413085,False,False,7.293784893760457,42.16737852981314,0.016766121262684463,-21.0179526070237,False
td3_full,1,52,2023-11-27 09:00:00+00:00,11.615096269043946,1.1870730454929246,0.217588421232,1.0806372661495665,0.4321498028347438,0.3041581878940773,0.6972867582026991,934737282,test,0.1555879441706426,0.6147132417973018,0.8637379771617013,0.13997611480860722,0.054713241797301415,0.6135541699487903,0.3129491956153922,0.08394409136130904,0.0,0.0003227264636002092,False,False,4.973301777600311,49.49787648022175,0.37092377520154696,-17.62303625061328,False
td3_full,1,53,2023-11-30 05:00:00+00:00,9.373418965448424,1.1972432761485112,0.355409423559,1.0577811887712862,0.6607065436432971,0.255354171511079,1.4467255905203995,1107682466,test,0.2043222782624558,7.77527440947935,0.6177604591462293,0.19970048394594117,0.09527440947960164,0.5863638130320509,0.3537031476770071,0.1316603622182839,0.0,0.0003083620287872568,False,False,5.090080656953156,40.31568536311388,0.5668009119017515,-26.217150047720327,False
td3_full,1,54,2023-12-02 03:00:00+00:00,7.973677456053791,1.20167179180896,0.153637125039,0.9256589942712804,0.4944895520798118,0.3266901062981464,0.5527049695710239,1368081612,test,0.20776557754411226,7.039295030428362,0.8767543026728325,0.14957905323318038,0.04929503042897654,0.8725722463059724,0.39480457476438086,0.05169041688345491,0.0,0.0005958325096909745,False,False,3.0971838103883202,48.050185290910306,0.09096523938467727,-30.598782539978146,False
td3_full,1,55,2023-12-06 08:00:00+00:00,8.273078825229689,1.186311429199204,0.325334665431,1.0379813464504417,0.7291636640731063,0.3239710704167108,1.2201300540448472,717451927,test,0.21974101974776578,6.011869945954579,0.7093321165547732,0.1993973887830455,0.361869945955154,0.7071019479310517,0.3479733987861202,0.0886902024133184,0.0,0.0004153648301373769,False,False,4.522451157288626,40.53151202052832,0.2617276102280011,-39.12820301803247,False
td3_full,1,56,2023-11-09 03:00:00+00:00,6.471308108662776,1.1875425432684277,0.131008678911,0.9375396295728228,0.850214898851968,-0.3827343274863842,1.2794236046039806,2014036401,test,0.6221457611542689,1.172576395395971,1.6158570384742585,0.5599243494332137,3.6525763953956982,0.5269210325197412,0.4247516094705693,0.022589633961967382,0.0,0.00010864734036586388,False,True,1.5060665107352424,9.821808210768598,0.06095562616642564,-205.61704925202693,False
td3_full,1,57,2023-12-28 06:00:00+00:00,6.902190623782461,1.1972839087941896,0.4171659852150001,1.0443603224966045,0.6411336503070293,0.2898535228140368,1.1108431766289129,552321786,test,0.1950803476606593,5.051156823370631,0.6683205282944592,0.1766733294285598,0.11115682337108801,0.5384017839945047,0.3183296595814197,0.14230889449286147,0.0,0.0004172457254215667,False,False,4.747859946552082,40.4446324788034,0.4328588065052754,-29.68319797337848,False
td3_full,1,58,2023-11-08 05:00:00+00:00,7.892731582976476,1.1836161465267854,0.336484400247,1.0670486956831582,0.4040124362305012,0.2803034183141256,0.8127605376787767,1002965945,test,0.17461672330767666,9.039239462321182,0.6734886823394924,0.1583432871529326,0.08923946232122404,0.7060469381374973,0.338555065606908,0.01788323230479489,0.0,0.0005067408626344694,False,False,1.2820291657894851,48.14478098750114,0.0460646581184119,-18.951625079604995,False
td3_full,1,59,2023-11-14 18:00:00+00:00,9.13915751322537,1.1864954675359771,0.0,0.8864679132215436,0.783774008431241,-0.3849768905167973,1.3876083173481293,1730169505,test,0.2326735603116378,0.5943916826518723,0.8556124965283478,0.18335330735307198,0.10439168265187182,0.794033727166218,0.4392259452271398,0.0,0.0,-0.00031791063544051035,False,False,1.5346861516116186,41.191354249510916,0.12461026358604432,-29.961174155972433,False
td3_full,2,0,2023-11-26 09:00:00+00:00,10.945816874586535,1.1851755395667292,0.260219091132,1.0232107988868966,0.5683748736575602,-0.260817659497688,1.2559203854892451,548905785,test,0.18907321163821209,0.6360796145107563,0.7318990446855802,0.12336247416594118,0.06607961451075584,0.3534966433701259,0.23035987573853534,0.09952800433669239,0.0,-0.00016459295933701767,False,False,2.897792263219133,29.588070277066436,0.2308991453826893,-16.349324288572095,False
td3_full,2,1,2023-12-09 15:00:00+00:00,10.438194653051298,1.1899172815883043,0.0,1.1025459659229309,0.6146802579338011,0.2580321222370767,0.8856374873626165,430969295,test,0.14226508596849385,0.6063625126373846,0.7610811863972434,0.12291317879654953,0.036362512637384214,0.5927128558070203,0.28003641590489325,0.0,0.0,0.000376031411023825,False,False,5.895435280688107,45.37959385626018,0.5284399551618845,-14.644763582237879,False
td3_full,2,2,2023-11-26 05:00:00+00:00,10.846839574722807,1.1987649826395124,0.31024115712,1.0169122596571945,0.715037008445904,0.215973312004351,0.7588702019488864,1442956087,test,0.15014103873241144,6.64312979805052,0.5961281489170076,0.11586760737934258,0.043129798051114165,0.3989008389972736,0.2358124385250312,0.11864100319007578,0.0,0.00020926434375401204,False,False,3.0481716316400562,40.862530200369655,0.6320198111617937,-12.057526320434356,False
td3_full,2,3,2023-12-27 18:00:00+00:00,8.684446272638693,1.201952322173384,0.0,0.8530848843951786,0.4425456247085645,0.2463453598422212,1.385124502172654,1504875192,test,0.12854356297118383,0.6068754978273476,0.6633500143174872,0.10690434792298797,0.016875497827347097,0.5249248475845573,0.2756117569624796,0.0,0.0,0.00037250101607350095,False,False,5.120402907766402,48.21271819472313,0.29964057812822287,-11.471761873774366,False
td3_full,2,4,2023-11-30 08:00:00+00:00,9.662329439905497,1.186958645060754,0.304052359311,1.0802931780637075,0.3915871941636379,0.3934635788936582,1.4139786770833167,804166163,test,0.26274593926805995,0.24802132291668455,1.0918129123128533,0.16961187511345938,0.018021322916684346,0.7946130806827095,0.4999407736406993,0.11228626920202164,0.0,0.000418130940137984,False,True,3.619559979355661,44.98844023135025,0.6043003058759495,-34.04813121210524,False
td3_full,2,5,2023-12-20 09:00:00+00:00,8.532762421548089,1.1886991337474702,0.275117405184,1.0470841757476663,0.5872583918248095,0.2130404727369854,0.7642453114853472,1924720241,test,0.14049003062420484,3.337754688514423,0.6588294073412154,0.09800475598940805,0.0,0.4610608114644103,0.24689653724855665,0.1052383320894049,0.0,0.00031517605125763737,False,False,4.696354294445365,46.65597898699343,0.32544184747803956,-11.744221541905565,False
td3_full,2,6,2023-12-20 01:00:00+00:00,7.931276997105192,1.2121612066217928,0.0,0.7709510404536319,0.5718509480337024,0.3128398500241581,0.805237499072169,2032363342,test,0.18984389562811493,7.366762500927229,0.8673875462865314,0.15472291224389798,0.05676250092783164,0.809887771393117,0.38135842822932714,0.0,0.0,0.0005306445471390253,False,False,4.756975156627595,47.55860351249576,0.21973686894983985,-24.57335834903986,False
td3_full,2,7,2023-11-18 09:00:00+00:00,5.732011405491962,1.17018238721501,0.326119463415,1.000746460348757,0.4921290013030137,0.3769980196104174,1.0241377394346216,1825389438,test,0.621843425582332,1.9478622605652727,2.021617810985508,0.3705685005500291,3.027862260565154,0.6621547228955054,0.29134519705202594,0.1210412173522071,0.49999999999994493,0.0006530384484630392,False,True,5.777329254302196,20.518475042143848,0.7610662347823381,-158.30094011425388,False
td3_full,2,8,2023-12-02 22:00:00+00:00,8.737702447242784,1.206310398333362,0.0,0.6732012090836519,0.8863902067427281,-0.2798599992107134,0.8679392789499134,2083212782,test,0.14003502316821792,2.404060721049948,0.6566920860826319,0.12202513804089607,0.08406072105008733,0.5155217589405894,0.2829873381380225,0.0,0.0,-0.00023930761058332806,False,False,2.8057638368790214,39.438901629298925,0.05315751661453396,-13.594352638692094,False
td3_full,2,9,2023-11-09 19:00:00+00:00,5.55211714004858,1.1797962908462156,0.0,0.7674818092885878,0.849964285545723,-0.3967466510855653,0.9047522941135454,917566933,test,0.7860397911469893,1.467247705886415,1.4921788874176762,0.635202977483384,2.3372477058863192,0.5882484088150751,0.4639714840202425,0.0,0.0,7.500427076456706e-05,False,True,3.193452836999677,7.780935953548562,0.2594426538347034,-338.7372849297942,False
td3_full,2,10,2023-12-24 00:00:00+00:00,10.110406118801388,1.2188522286374732,0.0,0.707515100977602,0.63685727115141,0.2631628260788852,1.1789338144627304,942844319,test,0.31906650595755687,6.033066185536697,0.690818863675606,0.2032917978684652,6.233066185536675,0.8036768027431109,0.4245173880836488,0.0,0.0,0.0004227518871634528,False,False,3.282623613006901,34.10549502992071,0.43350039262627243,-43.90906682103026,False
td3_full,2,11,2023-12-05 06:00:00+00:00,7.946024049815879,1.1923488816784098,0.384351636375,1.0787175912566,0.5646106723027875,0.3821266567258597,0.5701371980863648,1572448180,test,0.205143720946966,0.6218628019136361,1.1231363676562227,0.16875683847388123,0.04186280191363567,0.7543836636241331,0.39870711304812073,0.15066468503868163,0.0,0.0004785379312528537,False,True,6.217696069151163,47.88704084083438,0.7838259300664068,-30.049198360194286,False
td3_full,2,12,2023-11-13 08:00:00+00:00,6.01566921801192,1.1712691215800028,0.331825512015,1.0793317943210436,0.4544525855208296,0.2899714305450067,1.441176506199478,700666644,test,0.5028300626169794,5.700823493799957,1.2634096339774208,0.5007786640178178,1.0308234938004714,0.3994944749611008,0.23293971008999326,0.11808875406839331,0.0,0.0005983973643254314,False,True,5.881122762038131,11.197353666255212,0.7747729912810027,-158.25158694544953,False
td3_full,2,13,2023-12-30 02:00:00+00:00,7.468595759033877,1.2120801686878149,0.07612939872,0.8605056083241664,0.7379277961842678,-0.2388978298430984,1.3162232263996676,1669101755,test,0.18356613978459543,1.0957767736002884,0.5666535251438782,0.12965107572691426,0.11577677360033345,0.32415258325063245,0.22154163911076746,0.12270718425768105,0.0,4.535190526755439e-05,False,False,3.4240500756957046,28.92088516578078,0.29137933696844265,-17.32134138965658,False
td3_full,2,14,2023-11-27 19:00:00+00:00,11.640202563041155,1.2018683569260875,0.0,0.7806770457450667,0.8868813431089324,0.2634455633735219,1.3820199725243063,1842753627,test,0.2062690819233256,0.6099800274756952,0.8118606426736689,0.13947210973558724,0.0,0.5906760313377385,0.40095471212136274,0.0,0.0,0.00031078463638800624,False,False,3.248829460094363,36.624447541777045,0.4364892811849713,-20.116145784384493,False
td3_full,2,15,2023-12-13 07:00:00+00:00,4.594870994556604,1.1841516726937873,0.363553489152,0.992449716264016,0.4081311818212884,-0.2151935276530561,0.660685260438423,1103968072,test,0.1944466220802549,1.0213147395615783,0.5490589071665697,0.15738490941352837,0.12131473956157757,0.30787992790561236,0.1772698005517942,0.1449878143812652,0.0,0.00015865767772044181,False,False,3.3659447140512637,25.325002843819316,0.33071568729152206,-24.15635823588921,False
td3_full,2,16,2023-12-25 00:00:00+00:00,6.77994350688935,1.2116013959975038,0.0,0.7071485624055553,0.5199427455556249,0.2023861736594283,0.7530937983061426,774731428,test,0.13667064154007033,1.968906201693779,0.5735352966623158,0.12518659856318246,0.028906201693857936,0.6139568841343636,0.27343665886195434,0.0,0.0,0.0004936268879291994,False,False,4.356518749147654,47.49468685388565,0.17248647182714194,-14.766681423069233,False
td3_full,2,17,2023-11-22 05:00:00+00:00,4.854701638277029,1.1836967004814851,0.4017984621750001,1.0153842996377698,0.4768513504700364,-0.2027679649996868,0.71562357442274,764563986,test,0.15642615395607706,8.076376425576866,0.547601860823721,0.12234105206476409,0.046376425577260516,0.25999892803082036,0.1946050084344772,0.15262767431694568,0.0,0.00015506335356846312,False,False,2.9786774394287496,32.336422325344756,0.3929765296900878,-23.65830602482719,False
td3_full,2,18,2023-12-27 12:00:00+00:00,9.314749976041428,1.188345912081799,0.0,1.0466999102048071,0.7071914177149257,0.2893080566317899,0.8400307830134064,1378814519,test,0.34739790548110755,9.1519692169866,0.8694904638905735,0.32799393048785197,0.5019692169865946,0.6016579833813293,0.31661000518692056,0.0,0.0,0.0005744777795084755,False,False,4.528805760294199,20.238288904720655,0.4645087222140282,-59.58390623565886,False
td3_full,2,19,2023-12-05 01:00:00+00:00,7.466810519351676,1.2058188618986132,0.0,0.7850858951943539,0.6309071379227966,0.2903625673889604,0.6509054048260777,1262556206,test,0.17396295871425815,0.5810945951739231,0.8517586148854094,0.12694224830057052,0.031094595173922768,0.697897975809479,0.3389707257949436,0.0,0.0,0.0005645122236361821,False,False,4.791802769340575,46.116925560031085,0.24573015478812157,-19.93528106219087,False
td3_full,2,20,2023-11-18 03:00:00+00:00,4.853252680880635,1.1884034330221904,0.227114103744,0.8801987693383062,0.4622806290694365,0.3522388507232444,1.394581543283243,1643774761,test,0.4048752479129918,0.5874184567167586,1.7779482408920104,0.3288885520360419,0.15741845671675825,0.6032544519125128,0.2871706340250863,0.08089935197702414,0.05999999999999339,0.0006271549193673787,False,True,5.8071231681853535,21.701865426214862,0.5056135309729725,-85.68532714789036,False
td3_full,2,21,2023-12-15 05:00:00+00:00,5.7023429952676095,1.1947784520115716,0.385086578544,1.055386398000243,0.5144159535034083,0.3834451477744661,0.9652686408941228,1535789530,test,0.9316554908654198,0.9067313591058787,2.401191924313001,0.4147248419848599,3.0067313591056615,0.6423833481246947,0.2873822245026988,0.14570699700571496,0.31999999999996476,0.0006484724704539646,False,True,6.4709343447983265,20.01225601029647,0.8362212898209691,-241.73896974024527,False
td3_full,2,22,2023-12-06 20:00:00+00:00,10.239191378182047,1.206041071204415,0.0,0.7291806325025789,0.6621023990825796,0.3865859863910036,1.1594146451343377,871554050,test,0.35736720962007934,0.25258535486566336,1.5158855438152605,0.2906669017570914,0.08258535486566321,1.0303849368256677,0.5,0.0,0.019999999999997797,0.0005418919106022768,False,True,3.269525344000198,36.27337093045935,0.386594896698487,-66.44792353791239,False
td3_full,2,23,2023-11-27 03:00:00+00:00,11.85893459051786,1.2081756816014142,0.13666159206,1.0079434014193496,0.716280887664922,-0.323177658532926,1.2697369976612995,369833051,test,0.26079868832560554,1.1422630023386564,0.7762441743250869,0.2115565977552601,0.1722630023387015,0.5173915310166323,0.3129851061717079,0.14187491049212717,0.0,-0.00024548594086681863,False,False,3.739676956553012,28.68958335290663,0.25210977962985637,-39.3791993577809,False
td3_full,2,24,2023-11-28 11:00:00+00:00,12.468647849093124,1.1858761703426697,0.085008659868,1.0610306227529789,0.843603567925757,0.3340409848673114,1.1459466753600498,36545118,test,0.20267990345550937,4.556053324639544,0.9083356975026929,0.16745795691538518,0.07605332463995107,0.7132223620343602,0.3696463654021424,0.03135833734116111,0.0,0.0003751570962445827,False,False,3.509512960948865,39.95711222104728,0.45401131707569586,-27.124391967746323,False
td3_full,2,25,2023-12-08 07:00:00+00:00,7.592459463590366,1.1889906318410246,0.333977384871,1.0463418290489894,0.6687164730465922,0.2074667769434027,0.5327006170909294,1444805577,test,0.12460491744330482,2.429299382908966,0.6516535189830063,0.09217471980681716,0.0,0.3768573196006151,0.20963569295803852,0.13066685965674202,0.0,0.00034925055383505654,False,False,5.626789124492555,47.703310164809224,0.851562945690006,-8.924990182782336,False
td3_full,2,26,2023-12-30 06:00:00+00:00,6.101126349923591,1.1959416987994207,0.367154458479,0.9872093736385396,0.4525188395633114,-0.2114361903564091,1.4282414798819505,1979241600,test,0.15217917839177136,1.0137585201180022,0.5160922833435002,0.1192493563362305,0.04375852011805059,0.26079667968790887,0.1773642927579214,0.14918224133443955,0.0,6.194490620481385e-05,False,False,3.2861327354284002,34.29764536842704,0.3781719067233498,-20.177087479225953,False
td3_full,2,27,2023-12-30 20:00:00+00:00,8.240699784847795,1.2089984491815728,0.0,0.7042669419363476,0.5804830392230322,0.2949920887093921,0.9902250136505548,1572989572,test,0.1968745484956249,1.9517749863493428,0.8704424667564021,0.15425445962168227,0.051774986349445884,0.8185186052141864,0.39900497017185027,0.0,0.0,0.0004303923527750886,False,False,4.630581714765518,47.62899750471115,0.2270404988694936,-25.34670927343707,False
td3_full,2,28,2023-11-15 19:00:00+00:00,5.884345915751928,1.1835017256945406,0.0,0.7764851962686599,0.457303202028263,0.2302651999997902,1.2114117412632697,1401305724,test,0.5035633731255059,8.680588258736703,0.6290921516236974,0.4855273258740573,0.9905882587367094,0.409322466686947,0.24791203685168245,0.0,0.0,0.0005828741608194798,False,False,4.956629918550536,8.805278482467152,0.07654119180259294,-132.46672380609854,False
td3_full,2,29,2023-11-09 06:00:00+00:00,6.095135436867371,1.1764717630273518,0.305641640655,1.045118797212023,0.4837159513651927,0.278665795876969,1.1295068457638031,246688196,test,0.4041771443386358,7.602493154235782,0.8881271931074751,0.3996124406093193,0.7124931542361983,0.3940595438394243,0.2510916742669389,0.11250767074544259,0.0,0.0005699165939034856,False,False,5.6332590174004435,13.436067521255186,0.7112058620154857,-102.87986133058845,False
td3_full,2,30,2023-12-20 12:00:00+00:00,8.449833051030978,1.1846313480893964,0.0,1.0518765803857475,0.605948208642376,0.2411203945352958,1.213546040691457,842621410,test,1.9955445797669784,7.568453959308145,1.3724587904563008,1.688291829291182,8.77845395930855,0.44544713171143013,0.2002449413893969,0.0,0.8299999999999086,0.000672131013954802,True,True,4.161393436168695,5.16060169895763,0.09894342625903664,-1244.161090452899,False
td3_full,2,31,2023-12-16 05:00:00+00:00,2.427907362162571,1.1878145963050593,0.259040740608,0.9234048775209972,0.4035979096881063,0.2139613675469538,1.2700715253431138,1213818944,test,0.3728940891539744,1.9119284746567573,0.5869523584199164,0.3155010147088733,0.5019284746568875,0.2535105742949644,0.20082569197766947,0.08865578802808506,0.0,0.0005396880446648655,False,False,4.986550981053705,10.059288003993437,0.364185678854119,-79.25095536576536,False
td3_full,2,32,2023-12-12 00:00:00+00:00,5.7677289288603495,1.2052970407110908,0.0,0.6948758905096888,0.3950924205757708,0.3475424542245516,1.2805435061287451,139071125,test,0.3361794694907721,0.8614564938712406,1.6411896464075024,0.29509353050493337,0.14145649387125592,0.6821949471626897,0.32523709675842366,0.0,0.029999999999996696,0.000614287213295317,False,True,4.470596237666905,23.070472978244393,0.14330620312690734,-72.77757903170897,False
td3_full,2,33,2023-11-15 23:00:00+00:00,6.930054599783909,1.1957784618656138,0.0,0.7026579020826575,0.5875278787873981,0.2576573659685253,1.0045932953399528,1235940834,test,0.14809834151125262,0.6074067046600484,0.7248108885354935,0.11589212669015957,0.02740670466004791,0.5907239202949788,0.28746673290712355,0.0,0.0,0.0004603743085016543,False,False,4.487181641859934,46.228495585918424,0.1838653365932405,-14.843654845665858,False
td3_full,2,34,2023-12-12 21:00:00+00:00,9.320718193769595,1.209249412959906,0.0,0.7110587124182419,0.4110718996780393,0.3019160374929472,1.295394377812623,1238483553,test,0.16696820932085063,0.6066056221873786,0.8569519546355371,0.14919081115445898,0.05660562218737808,0.697881264086472,0.334736393008119,0.0,0.0,0.0003671298524095534,False,False,3.879285277891904,46.15293299481273,0.5412323871264234,-20.236037230884897,False
td3_full,2,35,2023-12-01 01:00:00+00:00,9.01137268461442,1.2076219183777612,0.0,0.7873618765741999,0.5768618512137283,0.3947783204999005,1.1756323093468235,1370518210,test,0.20931165208072244,0.5863676906531778,1.0670591262388611,0.18554594594308899,0.06636769065317738,0.8977810825826398,0.4418562887776602,0.0,0.0,0.0004722650846944454,False,True,4.6163609161386265,47.020759826153515,0.27968280181617594,-32.03299909279511,False
td3_full,2,36,2023-11-11 09:00:00+00:00,5.307567779366857,1.165931859439692,0.33896175606,1.0181249042377,0.4599431898266196,-0.3545248189201758,0.9641610345538624,1131631758,test,0.35903727718362255,1.0378389654461389,0.9206227953522718,0.32002659817936335,0.41783896544613863,0.5538220936001648,0.32571172004583887,0.11334940504251487,0.0,5.6647900255391015e-05,False,False,3.4939582400407527,20.00019820477705,0.20538328522071242,-79.60479431056892,False
td3_full,2,37,2023-11-26 16:00:00+00:00,10.430096371329586,1.1876924844346275,0.0,1.0129000791726483,0.8288497550377114,0.3572390354688638,1.2686019473896557,1689081221,test,0.7268929247125253,4.5933980526099205,1.1062088443887355,0.3390615002730176,8.723398052610351,1.042422492319118,0.5,0.0,1.4199999999998436,0.0005482260962285102,False,True,2.6319570229385283,40.38702330738306,0.48299280690285373,-137.46080715154153,False
td3_full,2,38,2023-12-05 03:00:00+00:00,7.401321642630278,1.2016205853372692,0.207878835996,0.9654526112458608,0.6357878754958444,0.200289986092925,0.5486845256207625,2126912994,test,0.1531816352839209,5.553315474378787,0.6345367321088593,0.14504068618026164,0.05331547437923789,0.5751380304359807,0.2771722885712204,0.08145549639167081,0.0,0.0005154551253627737,False,False,5.479854102203856,47.515837404225024,0.4879921944704838,-14.92568839170617,False
td3_full,2,39,2023-11-16 22:00:00+00:00,10.98140017604664,1.2039520596649549,0.0,0.7115854879669401,0.665304520367578,0.2872858310452035,1.3806948892544657,434887766,test,0.20399137967096478,1.0113051107454925,0.8265855801390587,0.15467835551646628,0.07130511074553536,0.6086249353513401,0.3402795124059249,0.0,0.0,0.0003193258951176281,False,False,3.5853740204824134,35.881970667093995,0.3988173871394246,-22.15577154897025,False
td3_full,2,40,2023-11-12 22:00:00+00:00,4.968471556701739,1.188560640818036,0.0,0.6734381156512197,0.590453196232323,0.3435602294358256,0.6587781950663378,1551394687,test,0.650908322715411,0.8032218049336632,2.042418347081506,0.37977795583232804,1.4332218049336534,0.7218917990119843,0.30564879843068543,0.0,0.19999999999997797,0.0006634894010468795,False,True,2.1129014139324425,17.25872485871347,0.22921283062174916,-151.09621735007522,False
td3_full,2,41,2023-12-20 01:00:00+00:00,7.931276997105192,1.2121612066217928,0.0,0.7709510404536319,0.6599216836203952,0.3025631543152386,0.5027226292505671,1398041735,test,0.16235032391246762,0.5992773707494337,0.9066660521030336,0.132527581885591,0.03927737074943327,0.7120466835541037,0.33603809340325796,0.0,0.0,0.0004792084755315118,False,False,5.016263931337017,47.519431869313124,0.2390830990341492,-19.348855484037244,False
td3_full,2,42,2023-11-19 01:00:00+00:00,9.513462191582962,1.2032610906435115,0.0,0.7847435357138292,0.5702981040890935,0.3648642458913596,1.0199975079247752,97057812,test,0.2867956087320133,5.262002492074755,1.0256636268941335,0.17523851241302416,5.352002492074745,0.9740183475024374,0.5,0.0,0.029999999999996696,0.0005123009186718264,False,True,3.4709245870648884,43.603510554600504,0.3419826020389446,-41.00787746249201,False
td3_full,2,43,2023-12-25 05:00:00+00:00,5.452563614480826,1.197143829517342,0.3639778662240001,1.0053723044651677,0.3519505181011824,0.3018961767647233,0.9791303201774578,462704206,test,0.1567019324778357,0.6028696798225434,0.7571636389064806,0.13260960881376363,0.05286967982254287,0.5472370550283893,0.2871259329430246,0.13568887623454484,0.0,0.0005703358250466195,False,False,4.745351040735841,47.364872014522554,0.44117185815423726,-16.53425504400559,False
td3_full,2,44,2023-11-21 03:00:00+00:00,4.909008402970137,1.1899504038065043,0.193197457152,0.9320705301106316,0.3911161290384961,0.2957543810978634,0.923784261818931,978505099,test,0.8742459924518504,2.7082157381808907,2.173968866385203,0.6649703085072817,3.9582157381807535,0.5183672235729355,0.20908085495731216,0.01877195987854712,0.48999999999994603,0.0006979478444797405,False,True,5.623579897555448,7.977350752621255,0.10564613322727381,-403.18396130150256,False
td3_full,2,45,2023-12-12 23:00:00+00:00,8.765359645127548,1.2116581161595004,0.0,0.6893459826137599,0.8531563222411276,0.2883116685340867,0.612844195197656,773776906,test,0.1774452085401788,0.6091558048023449,0.9177267327434016,0.15720398951275227,0.029155804802344476,0.7006338650462904,0.3722955488631104,0.0,0.0,0.00036863704016543153,False,False,2.8236606005877256,45.12664745952934,0.5721346747502685,-20.44887001012399,False
td3_full,2,46,2023-12-04 01:00:00+00:00,6.016200855085519,1.2021586631455028,0.0,0.7882854704002286,0.4866785415900581,-0.2857111108161693,0.868742150286304,2016065682,test,0.5088154035223859,1.4732578497136597,0.7974501915329558,0.4119883134154356,0.5532578497136971,0.42491224438420666,0.32262947253544366,0.0,0.0,0.00014715535785969625,False,False,3.389173523637569,8.63211850286677,0.20270180724933742,-146.61285907129002,False
td3_full,2,47,2023-11-29 23:00:00+00:00,9.640651734066235,1.208416702735971,0.0,0.7050984988677551,0.5699840725160347,-0.2402643025915363,0.6339877839934945,1042243209,test,0.15468143512043428,1.0680122160065069,0.5521830227278904,0.10759774409560859,0.05801221600650597,0.4984241396783057,0.26418286798377516,0.0,0.0,-0.00023373925676595242,False,False,3.7603496821597218,34.602475221594794,0.20050197715032844,-15.674125113226232,False
td3_full,2,48,2023-12-11 18:00:00+00:00,8.821507392106962,1.197459467047344,0.0,0.8681598866823288,0.3409728968937421,0.2606426765369827,0.5834926283320534,1687476035,test,0.14178562472026013,5.57850737166749,0.6716861749631323,0.12939340369020816,0.04850737166794705,0.6493936041262492,0.2937241318102262,0.0,0.0,0.00043582529444624596,False,False,5.557798452675343,49.3598078712821,0.41424725385574857,-15.325006883622496,False
td3_full,2,49,2023-12-08 18:00:00+00:00,10.563228658948711,1.200225580617288,0.0,0.8920419006593225,0.5218722427888262,0.2130365144701167,1.3263731386978934,1793367615,test,0.2583455263250209,4.595626861301676,0.587880199967321,0.19247809231494262,0.1856268613021077,0.6733599509124231,0.4066735724958411,0.0,0.0,0.0003542067355772893,False,False,3.3959894084508995,37.920050947368146,0.4709388094693422,-24.870295831411,False
td3_full,2,50,2023-12-30 04:00:00+00:00,6.427514168528236,1.204098385570691,0.292968774279,0.952583507858084,0.5589586176355481,0.2348459619352726,1.31338080571305,2141443799,test,0.12993651665343828,1.0686191942869092,0.6943252163684414,0.10399889886149007,0.0,0.4170384387022289,0.22693722649936837,0.1060524794576421,0.0,0.0004253778754125248,False,False,3.8489966659098864,45.024390068487264,0.3153992585716769,-10.489274557622199,False
td3_full,2,51,2023-11-23 23:00:00+00:00,6.760905845306106,1.199251444221509,0.0,0.6888011787409092,0.8753647659819663,0.2888699610785574,0.6270957636628666,1802814584,test,0.15469940465556709,0.6149042363371343,0.845596611380952,0.12761062439406826,0.03490423633713391,0.6846493644689103,0.3256303383742168,0.0,0.0,0.000508807475451345,False,False,3.2522936095586337,46.376840233802795,0.5534301650114357,-17.727819000066017,False
td3_full,2,52,2023-11-27 09:00:00+00:00,11.615096269043946,1.1870730454929246,0.217588421232,1.0806372661495665,0.4321498028347438,0.3041581878940773,0.6972867582026991,934737282,test,0.19118991955283904,1.0347132417973022,0.8410138152627464,0.17089380865774753,0.07471324179730143,0.5923617661769921,0.322768439306644,0.08376122619941946,0.0,0.00031157810759674387,False,False,3.2120076135605924,37.39540262725204,0.5209589019310661,-25.963971362335585,False
td3_full,2,53,2023-11-30 05:00:00+00:00,9.373418965448424,1.1972432761485112,0.355409423559,1.0577811887712862,0.6607065436432971,0.255354171511079,1.4467255905203995,1107682466,test,0.19363414561474912,0.615274409479595,0.7105739006833706,0.132921126256361,0.0,0.5989438884463208,0.35469021492942493,0.1290791492451928,0.0,0.0003149988816005811,False,False,2.9822075079400094,44.50371031174436,0.7214369510023826,-20.17778458285958,False
td3_full,2,54,2023-12-02 03:00:00+00:00,7.973677456053791,1.20167179180896,0.153637125039,0.9256589942712804,0.4944895520798118,0.3266901062981464,0.5527049695710239,1368081612,test,0.20597640518607957,6.9992950304283665,0.9086869161400817,0.14521030256400316,0.02929503042897652,0.8634998917994375,0.39220667920408564,0.0605853587052135,0.0,0.0005910614320233654,False,False,5.9327563714236025,48.61043051704765,0.4343074790369719,-30.41138477886747,False
td3_full,2,55,2023-12-06 08:00:00+00:00,8.273078825229689,1.186311429199204,0.325334665431,1.0379813464504417,0.7291636640731063,0.3239710704167108,1.2201300540448472,717451927,test,0.1820630411449931,2.431869945954972,1.0029235084593255,0.16334060448947732,0.07186994595515372,0.6924256713995712,0.3310035104987768,0.11835124315951534,0.0,0.0004071150022035841,False,True,5.980016680217348,45.749899522960185,0.8104899989664555,-25.477758741316844,False
td3_full,2,56,2023-11-09 03:00:00+00:00,6.471308108662776,1.1875425432684277,0.131008678911,0.9375396295728228,0.850214898851968,-0.3827343274863842,1.2794236046039806,2014036401,test,0.6220548006582012,1.0325763953959863,1.6148495343380123,0.5562805227122783,4.402576395395616,0.42808469204971944,0.43149758042046193,0.11823395515530413,0.0,0.00016026316593364953,False,True,3.230155334377848,9.728539402577441,0.2705296492322814,-208.96424010306805,False
td3_full,2,57,2023-12-28 06:00:00+00:00,6.902190623782461,1.1972839087941896,0.4171659852150001,1.0443603224966045,0.6411336503070293,0.2898535228140368,1.1108431766289129,552321786,test,0.16377280270655395,0.6211568233710885,0.9101845723990443,0.15400543811027192,0.051156823371087956,0.5403984921664803,0.299321822544666,0.1542076612410877,0.0,0.00041827829126594995,False,False,5.884382083322853,46.22483745142817,0.8362531905844808,-18.254011215898476,False
td3_full,2,58,2023-11-08 05:00:00+00:00,7.892731582976476,1.1836161465267854,0.336484400247,1.0670486956831582,0.4040124362305012,0.2803034183141256,0.8127605376787767,1002965945,test,0.16927698847478842,9.17923946232123,0.8032390178724353,0.15321106412515226,0.05923946232122401,0.5953413193774769,0.2955598958935496,0.12821732090022514,0.0,0.00044849830190435425,False,False,5.136907847411931,47.201012450456616,0.49828679815027865,-18.269913554972135,False
td3_full,2,59,2023-11-14 18:00:00+00:00,9.13915751322537,1.1864954675359771,0.0,0.8864679132215436,0.783774008431241,-0.3849768905167973,1.3876083173481293,1730169505,test,0.23977788440773357,0.6143916826518718,0.9317015596617256,0.17284808680620373,0.0843916826518718,0.7996501477381155,0.4422350954237139,0.0,0.0,-0.00032059946768359104,False,False,2.757906879577786,41.66329330150038,0.08770558493048883,-30.00397866276775,False
td3_full,3,0,2023-11-26 09:00:00+00:00,10.945816874586535,1.1851755395667292,0.260219091132,1.0232107988868966,0.5683748736575602,-0.260817659497688,1.2559203854892451,548905785,test,0.13658301349703017,1.046079614510723,0.6288260096503451,0.06532671999218098,0.0,0.352430018246323,0.2092983786268099,0.12648046297309523,0.0,-0.0001632059216666315,False,False,6.1967528006527575,49.06172147989273,0.24508009890565882,-10.622670562936245,False
td3_full,3,1,2023-12-09 15:00:00+00:00,10.438194653051298,1.1899172815883043,0.0,1.1025459659229309,0.6146802579338011,0.2580321222370767,0.8856374873626165,430969295,test,0.1374048870864691,7.736362512636932,0.6008518219429558,0.12385959271038421,0.036362512637384214,0.5947257576190308,0.2975991409200149,0.0,0.0,0.0003770916733140117,False,False,5.352228206209839,47.918735824525356,0.006413879826664926,-13.83880794835448,False
td3_full,3,2,2023-11-26 05:00:00+00:00,10.846839574722807,1.1987649826395124,0.31024115712,1.0169122596571945,0.715037008445904,0.215973312004351,0.7588702019488864,1442956087,test,0.1358214191868325,6.64312979805052,0.636760476806904,0.1007981521806036,0.013129798051114139,0.5252976647286772,0.28615277465181954,0.001762242667616234,0.0,0.00027565547249353006,False,False,2.939693251256831,48.80700931847095,0.025703845718875528,-10.944619056743067,False
td3_full,3,3,2023-12-27 18:00:00+00:00,8.684446272638693,1.201952322173384,0.0,0.8530848843951786,0.4425456247085645,0.2463453598422212,1.385124502172654,1504875192,test,0.1325406935300337,0.6168754978273472,0.5779171655228016,0.10890617636927381,0.026875497827347106,0.5238170078559028,0.28112100913996807,0.0,0.0,0.0003719175798419516,False,False,5.362401417922229,46.06059006964788,0.11256123721553013,-11.878574628987058,False
td3_full,3,4,2023-11-30 08:00:00+00:00,9.662329439905497,1.186958645060754,0.304052359311,1.0802931780637075,0.3915871941636379,0.3934635788936582,1.4139786770833167,804166163,test,0.306295648372907,0.24802132291668455,1.2286227266393364,0.16886915679866596,0.6580213229166767,0.874773531458127,0.49960019335171957,0.03053964793865523,0.0,0.0004602965029203987,False,True,4.964358618604019,48.256865905225276,0.06024198182299733,-40.95633164319847,False
td3_full,3,5,2023-12-20 09:00:00+00:00,8.532762421548089,1.1886991337474702,0.275117405184,1.0470841757476663,0.5872583918248095,0.2130404727369854,0.7642453114853472,1924720241,test,0.14261401965441647,3.3277546885144242,0.4709501935416249,0.09594384335674841,0.0,0.5595483057023137,0.2858210129718734,0.008397435830992688,0.0,0.0003669873894883713,False,False,6.010692351415753,48.89363529086113,0.02548716788738966,-12.235159238357404,False
td3_full,3,6,2023-12-20 01:00:00+00:00,7.931276997105192,1.2121612066217928,0.0,0.7709510404536319,0.5718509480337024,0.3128398500241581,0.805237499072169,2032363342,test,0.2180658468094124,7.306762500927209,0.8285868446353825,0.16166459282591347,0.06676250092783165,0.8050207679515289,0.37683920688355743,0.0,0.0,0.0005280824843602039,False,False,5.048362883839291,44.772231350839135,0.023611266318708652,-27.451755969072668,False
td3_full,3,7,2023-11-18 09:00:00+00:00,5.732011405491962,1.17018238721501,0.326119463415,1.000746460348757,0.4921290013030137,0.3769980196104174,1.0241377394346216,1825389438,test,0.6260871234127569,1.8778622605652804,2.248608208346047,0.2552701367997045,2.817862260565177,0.6692423440917737,0.29134519705202505,0.1204248078380166,0.48999999999994603,0.0006567591958047125,False,True,3.642058686768636,26.65317350073378,0.3433552870185813,-116.66076871775708,False
td3_full,3,8,2023-12-02 22:00:00+00:00,8.737702447242784,1.206310398333362,0.0,0.6732012090836519,0.8863902067427281,-0.2798599992107134,0.8679392789499134,2083212782,test,0.2515569731798816,8.174060721049775,0.8232740705332375,0.19439072230325727,0.4840607210500876,0.484707963090291,0.3427688912507463,0.0,0.0,-0.00022563551565268902,False,False,5.052402584126917,24.68891707439907,0.48836097067827355,-61.23548857443695,False
td3_full,3,9,2023-11-09 19:00:00+00:00,5.55211714004858,1.1797962908462156,0.0,0.7674818092885878,0.849964285545723,-0.3967466510855653,0.9047522941135454,917566933,test,0.7765367256506204,1.9272477058863644,1.153697233677723,0.6423947394140076,2.4972477058863016,0.591543269791167,0.44014070641101255,0.0,0.0,7.269590727698727e-05,False,True,3.2084479591973314,7.400884737146281,0.17918398532271385,-316.44907798068033,False
td3_full,3,10,2023-12-24 00:00:00+00:00,10.110406118801388,1.2188522286374732,0.0,0.707515100977602,0.63685727115141,0.2631628260788852,1.1789338144627304,942844319,test,0.440156237691388,6.243066185536675,0.6263746109156128,0.17567287413867066,6.74306618553662,0.8118395373414802,0.41908857874294686,0.0,0.0,0.0004270432719022388,False,False,5.044709529676649,40.45121449121507,0.12205837042815981,-47.63164619046342,False
td3_full,3,11,2023-12-05 06:00:00+00:00,7.946024049815879,1.1923488816784098,0.384351636375,1.0787175912566,0.5646106723027875,0.3821266567258597,0.5701371980863648,1572448180,test,0.21047931806188305,1.0518628019136365,0.9002915960231024,0.17052781376217024,0.06186280191363569,0.8675829338338985,0.4206050746192275,0.038313573033889436,0.0,0.0005380862870068004,False,False,6.597889532358385,48.39063889086246,0.059219797505997124,-31.55319130400495,False
td3_full,3,12,2023-11-13 08:00:00+00:00,6.01566921801192,1.1712691215800028,0.331825512015,1.0793317943210436,0.4544525855208296,0.2899714305450067,1.441176506199478,700666644,test,0.4302131368282422,1.570823493800412,1.358972234704073,0.3857413834617471,0.43082349380052354,0.40713223312245617,0.2326368345814256,0.11634808420972266,0.0,0.0006023934393835639,False,True,3.9980809121079037,13.560782628575529,0.3766934766045597,-109.95084763869673,False
td3_full,3,13,2023-12-30 02:00:00+00:00,7.468595759033877,1.2120801686878149,0.07612939872,0.8605056083241664,0.7379277961842678,-0.2388978298430984,1.3162232263996676,1669101755,test,0.141161261128021,1.035776773600295,0.6873216654041018,0.09737198172079499,0.055776773600333396,0.406276573034523,0.23305802393793973,0.06024635084171682,0.0,4.303546239259326e-06,False,False,1.963196075156331,40.840821471251544,0.19009555930644273,-12.596912584127487,False
td3_full,3,14,2023-11-27 19:00:00+00:00,11.640202563041155,1.2018683569260875,0.0,0.7806770457450667,0.8868813431089324,0.2634455633735219,1.3820199725243063,1842753627,test,0.37858491790139104,0.2199800274756949,1.022099638664641,0.11064756613101176,0.4299800274756951,0.5956379996948229,0.3936813135648925,0.0,0.0,0.0003133994497066528,False,True,1.9462286562770605,41.971276194602254,0.17425242726132273,-29.831174144218163,False
td3_full,3,15,2023-12-13 07:00:00+00:00,4.594870994556604,1.1841516726937873,0.363553489152,0.992449716264016,0.4081311818212884,-0.2151935276530561,0.660685260438423,1103968072,test,0.1917667479047684,2.401314739561461,0.46379630484755796,0.16990588659852612,0.3813147395615777,0.1468210771039625,0.17080535324842744,0.3042183759904872,0.0,0.0002436325914399462,False,False,7.810873804237693,24.467423004644697,0.6395558763053268,-23.811431893190715,False
td3_full,3,16,2023-12-25 00:00:00+00:00,6.77994350688935,1.2116013959975038,0.0,0.7071485624055553,0.5199427455556249,0.2023861736594283,0.7530937983061426,774731428,test,0.14750550762425582,8.23890620169353,0.5516729711204202,0.13754816515784749,0.048906201693857954,0.6099453232411738,0.27227845809598206,0.0,0.0,0.0004915145823113365,False,False,5.334283750411123,44.55860128179192,0.0679112014696002,-16.531943835228738,False
td3_full,3,17,2023-11-22 05:00:00+00:00,4.854701638277029,1.1836967004814851,0.4017984621750001,1.0153842996377698,0.4768513504700364,-0.2027679649996868,0.71562357442274,764563986,test,0.11697545888383266,0.6363764255772609,0.771394544706243,0.09942260763369651,0.0,0.3470681673533005,0.19174729282670294,0.08064818271796007,0.0,0.00010934716637789332,False,False,7.161029158532619,44.047444665804505,0.21288495836115906,-9.929359559197223,False
td3_full,3,18,2023-12-27 12:00:00+00:00,9.314749976041428,1.188345912081799,0.0,1.0466999102048071,0.7071914177149257,0.2893080566317899,0.8400307830134064,1378814519,test,0.3199586132462259,9.1519692169866,0.7168626125263834,0.3060572116002364,0.37196921698659446,0.6099379775833164,0.3233370208383593,0.0,0.0,0.0005788110905344812,False,False,3.9000878005390986,22.218103922167735,0.014057181492447854,-56.501522496790635,False
td3_full,3,19,2023-12-05 01:00:00+00:00,7.466810519351676,1.2058188618986132,0.0,0.7850858951943539,0.6309071379227966,0.2903625673889604,0.6509054048260777,1262556206,test,0.19027793116349767,2.38109459517381,0.8302366716687005,0.13088491904510519,0.031094595173922768,0.6940337636689264,0.3434985795158164,0.0,0.0,0.000562483041148254,False,False,4.669672146212309,44.27075050901622,0.043157531578093766,-22.48103908934546,False
td3_full,3,20,2023-11-18 03:00:00+00:00,4.853252680880635,1.1884034330221904,0.227114103744,0.8801987693383062,0.4622806290694365,0.3522388507232444,1.394581543283243,1643774761,test,0.41532278803080275,0.5774184567167586,1.8735144120468648,0.3460264813303433,0.17741845671675827,0.602989395239609,0.2871699074709183,0.0803870098978352,0.04999999999999449,0.0006268399225905497,False,True,4.331267428770661,21.25387734984931,0.19654067310132087,-90.75947740722494,False
td3_full,3,21,2023-12-15 05:00:00+00:00,5.7023429952676095,1.1947784520115716,0.385086578544,1.055386398000243,0.5144159535034083,0.3834451477744661,0.9652686408941228,1535789530,test,1.0190658436957716,0.9667313591058787,2.5085567704943412,0.22848142481932723,2.7967313591056846,0.6537616420630389,0.2882233592280939,0.14335766523410015,0.48999999999994603,0.0006544595944014686,True,True,3.2025019436582807,29.62452078658472,0.3627267355688382,-204.824399008239,False
td3_full,3,22,2023-12-06 20:00:00+00:00,10.239191378182047,1.206041071204415,0.0,0.7291806325025789,0.6621023990825796,0.3865859863910036,1.1594146451343377,871554050,test,0.5991298459074806,6.462585354865045,1.5596931844639303,0.2909570405427104,6.7825853548650095,1.0284577338753746,0.5,0.0,0.009999999999998899,0.0005408687442063354,False,True,5.7494223051304,40.94999663345516,0.11915283068269492,-89.590071443286,False
td3_full,3,23,2023-11-27 03:00:00+00:00,11.85893459051786,1.2081756816014142,0.13666159206,1.0079434014193496,0.716280887664922,-0.323177658532926,1.2697369976612995,369833051,test,0.17369825782024398,0.6022630023387019,0.8272263602734408,0.14027677912939412,0.042263002338701394,0.670761511777017,0.31038976489132974,0.029575710353590932,0.0,-0.00031830184486170143,False,False,2.089304306129925,49.497559655457735,0.041550061589106915,-21.233610056795843,False
td3_full,3,24,2023-11-28 11:00:00+00:00,12.468647849093124,1.1858761703426697,0.085008659868,1.0610306227529789,0.843603567925757,0.3340409848673114,1.1459466753600498,36545118,test,0.19148540676103484,4.5160533246395484,0.8956814176724478,0.14482755941007064,0.04605332463995104,0.7284363067770152,0.3981657927883514,0.03012849731188269,0.0,0.000383198571674237,False,False,2.108903530544136,49.704629237949845,0.10137573085725307,-44.53154028406615,False
td3_full,3,25,2023-12-08 07:00:00+00:00,7.592459463590366,1.1889906318410246,0.333977384871,1.0463418290489894,0.6687164730465922,0.2074667769434027,0.5327006170909294,1444805577,test,0.12794471956900047,2.439299382908965,0.6747130237456018,0.09318029529360972,0.0,0.4901721170867368,0.2445033491353124,0.016410575143634438,0.0,0.0004088242926970631,False,False,6.448414404839277,47.767598836123945,0.04576044829841703,-10.294830025923133,False
td3_full,3,26,2023-12-30 06:00:00+00:00,6.101126349923591,1.1959416987994207,0.367154458479,0.9872093736385396,0.4525188395633114,-0.2114361903564091,1.4282414798819505,1979241600,test,0.11774564476642285,1.0537585201179978,0.6095447750715229,0.10176386051920319,0.0037585201180505567,0.3397450658600609,0.20620043612126857,0.08266526991337833,0.0,2.0993427002791165e-05,False,False,6.269885742723941,43.84837841689587,0.2504937584834988,-9.679925726955737,False
td3_full,3,27,2023-12-30 20:00:00+00:00,8.240699784847795,1.2089984491815728,0.0,0.7042669419363476,0.5804830392230322,0.2949920887093921,0.9902250136505548,1572989572,test,0.20920263933312333,1.9717749863493406,0.8097921571185538,0.15847292877688698,0.051774986349445884,0.8169554818382497,0.4053329469744848,0.0,0.0,0.0004295729406956772,False,False,5.645335553959012,45.15780940139666,0.02804192901402712,-26.990240135589048,False
td3_full,3,28,2023-11-15 19:00:00+00:00,5.884345915751928,1.1835017256945406,0.0,0.7764851962686599,0.457303202028263,0.2302651999997902,1.2114117412632697,1401305724,test,0.5224093763385009,8.780588258736737,0.6009497769814233,0.5001703304121606,1.6405882587366378,0.410030889970017,0.24835175662584758,0.0,0.0,0.0005832525450930048,False,False,3.725391529222811,8.825539719779398,0.22444425138109364,-145.43294163675645,False
td3_full,3,29,2023-11-09 06:00:00+00:00,6.095135436867371,1.1764717630273518,0.305641640655,1.045118797212023,0.4837159513651927,0.278665795876969,1.1295068457638031,246688196,test,0.33438873207706304,1.5124931542361275,1.2260190976859306,0.3092938183399962,0.31249315423619795,0.4025425787727135,0.25124179287168225,0.1108876766910537,0.009999999999998899,0.0005743794754242137,False,True,4.289217411074787,16.028264825568733,0.29027449289197105,-72.7181948573215,False
td3_full,3,30,2023-12-20 12:00:00+00:00,8.449833051030978,1.1846313480893964,0.0,1.0518765803857475,0.605948208642376,0.2411203945352958,1.213546040691457,842621410,test,1.9886449999161813,7.548453959308138,1.4184615784530565,1.6409979247764048,8.77845395930855,0.44593583041555773,0.2002449413893969,0.0,0.9499999999998954,0.0006723913010462379,True,True,3.0243683404235067,5.3676033726377925,0.32260392094391865,-1282.238882367442,False
td3_full,3,31,2023-12-16 05:00:00+00:00,2.427907362162571,1.1878145963050593,0.259040740608,0.9234048775209972,0.4035979096881063,0.2139613675469538,1.2700715253431138,1213818944,test,0.3497649174496012,2.331928474656711,0.5533194556847104,0.3123918382974516,0.5819284746568876,0.2553247163381503,0.22141249154670511,0.09050564566085703,0.009999999999998899,0.0005406317221911539,False,False,4.120822450763184,10.214360455871141,0.3216762009268859,-72.35742603862829,False
td3_full,3,32,2023-12-12 00:00:00+00:00,5.7677289288603495,1.2052970407110908,0.0,0.6948758905096888,0.3950924205757708,0.3475424542245516,1.2805435061287451,139071125,test,0.34933132229714875,0.9114564938712351,1.6344790783586012,0.31751982783622,0.16145649387125593,0.6776185712152651,0.32523709675842366,0.0,0.009999999999998899,0.0006118802883972596,False,True,4.069627177313668,21.76250840748376,0.1998224363923073,-83.39722878516264,False
td3_full,3,33,2023-11-15 23:00:00+00:00,6.930054599783909,1.1957784618656138,0.0,0.7026579020826575,0.5875278787873981,0.2576573659685253,1.0045932953399528,1235940834,test,0.14505501555240474,1.0674067046600406,0.7001637805833845,0.11945316490707404,0.02740670466004791,0.5890611977508757,0.2988837406353907,0.0,0.0,0.0004595019208630813,False,False,4.58205560012348,43.98307914063334,0.04613901355862618,-15.138489872584762,False
td3_full,3,34,2023-12-12 21:00:00+00:00,9.320718193769595,1.209249412959906,0.0,0.7110587124182419,0.4110718996780393,0.3019160374929472,1.295394377812623,1238483553,test,0.1707240595611926,1.4866056221872923,0.6504290832518218,0.14983749712424002,0.0766056221873781,0.6989337048083006,0.3463402701334483,0.0,0.0,0.00036768311105783713,False,False,7.7328375317156315,46.388583187758925,0.12705822337418796,-21.226082771920332,False
td3_full,3,35,2023-12-01 01:00:00+00:00,9.01137268461442,1.2076219183777612,0.0,0.7873618765741999,0.5768618512137283,0.3947783204999005,1.1756323093468235,1370518210,test,0.21275511328271682,1.0563676906531523,0.8550244322198622,0.18710328589809627,0.07636769065317739,0.8982250035821375,0.4675775195855507,0.0,0.0,0.00047249869780296994,False,False,6.052825509756803,45.67175750706811,0.033957317411899564,-31.34341040376935,False
td3_full,3,36,2023-11-11 09:00:00+00:00,5.307567779366857,1.165931859439692,0.33896175606,1.0181249042377,0.4599431898266196,-0.3545248189201758,0.9641610345538624,1131631758,test,0.3565195225861891,2.407838965445988,0.7563407114594645,0.32086656816769826,0.797838965446139,0.3716612212766805,0.28342427475552523,0.30185576986919316,0.0,0.00015261781801079177,False,False,7.260757303237915,19.978407274744846,0.4212230918370187,-76.41388351093312,False
td3_full,3,37,2023-11-26 16:00:00+00:00,10.430096371329586,1.1876924844346275,0.0,1.0129000791726483,0.8288497550377114,0.3572390354688638,1.2686019473896557,1689081221,test,0.7446957941113707,4.653398052609914,1.1582346952197258,0.34249788077075954,8.723398052610351,1.0452113521940172,0.5,0.0,1.0399999999998855,0.0005497042216991987,False,True,4.844891095488914,43.231722976639865,0.05416615881398319,-134.47052366225537,False
td3_full,3,38,2023-12-05 03:00:00+00:00,7.401321642630278,1.2016205853372692,0.207878835996,0.9654526112458608,0.6357878754958444,0.200289986092925,0.5486845256207625,2126912994,test,0.17019339277123788,5.573315474378785,0.7236394408765439,0.1560960878376535,0.05331547437923789,0.621107773567454,0.2770211161287471,0.03167094330735204,0.0,0.0005396379273022722,False,False,5.726340060189366,46.19473507702351,0.06600054691452532,-17.32969193574165,False
td3_full,3,39,2023-11-16 22:00:00+00:00,10.98140017604664,1.2039520596649549,0.0,0.7115854879669401,0.665304520367578,0.2872858310452035,1.3806948892544657,434887766,test,0.1767714561973625,0.5913051107455358,0.6873062267512262,0.12865120357447837,0.041305110745535334,0.6261170373382733,0.3577860058059084,0.0,0.0,0.0003284732147751379,False,False,3.526819568990264,47.937924121692774,0.13626300300098956,-17.353471923946042,False
td3_full,3,40,2023-11-12 22:00:00+00:00,4.968471556701739,1.188560640818036,0.0,0.6734381156512197,0.590453196232323,0.3435602294358256,0.6587781950663378,1551394687,test,0.6506494761286444,0.8032218049336632,2.057310760711543,0.38161624282702555,1.573221804933638,0.7217429882426804,0.30564879843068543,0.0,0.17999999999998018,0.0006634115295117704,False,True,3.769870639376342,17.144850208989958,0.09756397862918675,-166.6282396660343,False
td3_full,3,41,2023-12-20 01:00:00+00:00,7.931276997105192,1.2121612066217928,0.0,0.7709510404536319,0.6599216836203952,0.3025631543152386,0.5027226292505671,1398041735,test,0.1717642066274932,1.069277370749434,0.7423714375880385,0.13655013036140767,0.04927737074943328,0.7103290448503844,0.35663883144303715,0.0,0.0,0.0004783042035303442,False,False,4.691515980914235,46.320087219029666,0.0340271992906928,-20.131087435842016,False
td3_full,3,42,2023-11-19 01:00:00+00:00,9.513462191582962,1.2032610906435115,0.0,0.7847435357138292,0.5702981040890935,0.3648642458913596,1.0199975079247752,97057812,test,0.34212346957148054,5.3120024920747495,0.7919659694396515,0.1732700897963022,5.892002492074686,0.97152514852633,0.5,0.0,0.009999999999998899,0.0005109883138095794,False,False,7.043796515464782,43.68405479853973,0.0741961773019284,-44.04031717499218,False
td3_full,3,43,2023-12-25 05:00:00+00:00,5.452563614480826,1.197143829517342,0.3639778662240001,1.0053723044651677,0.3519505181011824,0.3018961767647233,0.9791303201774578,462704206,test,0.16544824963759988,1.0728696798225377,0.6584540431514481,0.13867367106784362,0.06286967982254288,0.6431110057581,0.3066635481581787,0.03730164514695114,0.019999999999997797,0.0006206845729004318,False,False,3.6690078532210317,46.2393884524703,0.0636238494887948,-21.683083232283508,False
td3_full,3,44,2023-11-21 03:00:00+00:00,4.909008402970137,1.1899504038065043,0.193197457152,0.9320705301106316,0.3911161290384961,0.2957543810978634,0.923784261818931,978505099,test,0.8399515353694085,0.8282157381810703,2.0378234860391604,0.6550685886988316,1.5482157381810184,0.4679924990291453,0.20947827563080795,0.0716591192803677,0.09999999999998899,0.000671438406903313,False,True,3.5749335222627283,7.982245083891549,0.324247014954919,-361.97794797895176,False
td3_full,3,45,2023-12-12 23:00:00+00:00,8.765359645127548,1.2116581161595004,0.0,0.6893459826137599,0.8531563222411276,0.2883116685340867,0.612844195197656,773776906,test,0.23364826921284157,0.19915580480234463,1.1309528385188552,0.15559248369267847,0.0,0.6975812064920988,0.3940235902255025,0.0,0.0,0.0003670303747174142,False,True,3.037732853050489,43.432667740806934,0.06543553557991981,-24.970306648595287,False
td3_full,3,46,2023-12-04 01:00:00+00:00,6.016200855085519,1.2021586631455028,0.0,0.7882854704002286,0.4866785415900581,-0.2857111108161693,0.868742150286304,2016065682,test,0.4855108062117052,3.673257849713418,0.6795093887750273,0.41515767705820544,0.9132578497136974,0.43479879052809,0.3256240593837183,0.0,0.0,0.00014195043221676418,False,False,3.0930070464208583,8.630878428298194,0.22903007278218862,-139.77670257043752,False
td3_full,3,47,2023-11-29 23:00:00+00:00,9.640651734066235,1.208416702735971,0.0,0.7050984988677551,0.5699840725160347,-0.2402643025915363,0.6339877839934945,1042243209,test,0.17014943729072618,1.928012216006445,0.5075309960275651,0.10973189304367739,0.04801221600650596,0.49440841126716856,0.2734400972625579,0.0,0.0,-0.0002316953337543337,False,False,7.212376008182764,34.592854040674865,0.5999719554656185,-19.294611516320256,False
td3_full,3,48,2023-12-11 18:00:00+00:00,8.821507392106962,1.197459467047344,0.0,0.8681598866823288,0.3409728968937421,0.2606426765369827,0.5834926283320534,1687476035,test,0.15222714307569762,5.568507371667491,0.6511144560096944,0.14149616300143297,0.05850737166794706,0.6426232517507854,0.29805493123904914,0.0,0.0,0.0004322649332249573,False,False,3.7321949730813504,43.0274843364954,0.10661018944531679,-17.35456738996301,False
td3_full,3,49,2023-12-08 18:00:00+00:00,10.563228658948711,1.200225580617288,0.0,0.8920419006593225,0.5218722427888262,0.2130365144701167,1.3263731386978934,1793367615,test,0.25720029430266117,4.795626861301654,0.46398416209150894,0.17583085936189352,0.45562686130210794,0.6835620642808934,0.4091601600879576,0.0,0.0,0.0003595742687482195,False,False,7.486814983189106,46.92665016427636,0.11733835753798484,-22.06977848899255,False
td3_full,3,50,2023-12-30 04:00:00+00:00,6.427514168528236,1.204098385570691,0.292968774279,0.952583507858084,0.5589586176355481,0.2348459619352726,1.31338080571305,2141443799,test,0.13708515456315057,1.0686191942869092,0.7067854515119361,0.10449010449238759,0.008619194286950904,0.5038486493311368,0.24731969207869464,0.018934162406686175,0.0,0.00047102335733739675,False,False,4.537009695731103,47.227491821348664,0.11256455482915045,-12.331094213524764,False
td3_full,3,51,2023-11-23 23:00:00+00:00,6.760905845306106,1.199251444221509,0.0,0.6888011787409092,0.8753647659819663,0.2888699610785574,0.6270957636628666,1802814584,test,0.1875009588593986,0.6549042363371343,1.14292521110009,0.14045753125465363,0.03490423633713391,0.6738442602504076,0.34404015204040517,0.0,0.0,0.0005031266506433374,False,True,4.555860278896987,40.87705643549562,0.06201378679275513,-28.11320520030693,False
td3_full,3,52,2023-11-27 09:00:00+00:00,11.615096269043946,1.1870730454929246,0.217588421232,1.0806372661495665,0.4321498028347438,0.3041581878940773,0.6972867582026991,934737282,test,0.16839730852588117,1.0547132417973022,0.6639124562081704,0.14876550176166797,0.07471324179730143,0.6407555602611638,0.34837490160438456,0.05353098027928725,0.0,0.00033703527376183207,False,False,7.1449818514287475,47.01006025969982,0.0877457166686654,-19.04345967864748,False
td3_full,3,53,2023-11-30 05:00:00+00:00,9.373418965448424,1.1972432761485112,0.355409423559,1.0577811887712862,0.6607065436432971,0.255354171511079,1.4467255905203995,1107682466,test,0.18868511015829176,1.0452744094795476,0.674503994208985,0.12970124410155578,0.0,0.6835795078359551,0.383377998779882,0.0473053009609417,0.0,0.0003595194876601093,False,False,5.1254223941154775,48.32157749664039,0.07944950573705137,-22.52424786714854,False
td3_full,3,54,2023-12-02 03:00:00+00:00,7.973677456053791,1.20167179180896,0.153637125039,0.9256589942712804,0.4944895520798118,0.3266901062981464,0.5527049695710239,1368081612,test,0.23926416400497508,7.089295030428357,0.9669909625155219,0.1467720049853938,0.02929503042897652,0.8691808639086233,0.40640071871398536,0.04534884076836343,0.009999999999998899,0.0005940411092046904,False,False,4.338158413258381,45.018530768156054,0.07168818962015211,-35.39896704228539,False
td3_full,3,55,2023-12-06 08:00:00+00:00,8.273078825229689,1.186311429199204,0.325334665431,1.0379813464504417,0.7291636640731063,0.3239710704167108,1.2201300540448472,717451927,test,0.1877132631314142,2.8618699459549255,0.9403960631310436,0.16685505201012504,0.07186994595515372,0.7602538143689734,0.3456817384103041,0.04918520405162315,0.0,0.0004425228799206371,False,False,6.756691089283675,46.887186373770234,0.08325187562406063,-27.599102686776995,False
td3_full,3,56,2023-11-09 03:00:00+00:00,6.471308108662776,1.1875425432684277,0.131008678911,0.9375396295728228,0.850214898851968,-0.3827343274863842,1.2794236046039806,2014036401,test,0.584598757814783,5.762576395395466,0.9965621501186256,0.5602118152384916,3.952576395395665,0.48994431094714175,0.39394141465614985,0.05987193845452844,0.0,0.00012734886160792325,False,False,2.502520661110924,8.809872442734706,0.18485729378205723,-189.00303338933537,False
td3_full,3,57,2023-12-28 06:00:00+00:00,6.902190623782461,1.1972839087941896,0.4171659852150001,1.0443603224966045,0.6411336503070293,0.2898535228140368,1.1108431766289129,552321786,test,0.166527258828088,0.6311568233710885,0.9311417250750725,0.15776142239625074,0.051156823371087956,0.6418407001751866,0.3185707817463263,0.051859738095351396,0.0,0.0004716412421769123,False,False,6.3524581910595295,47.478493861854076,0.10550886349967914,-21.225484318382605,False
td3_full,3,58,2023-11-08 05:00:00+00:00,7.892731582976476,1.1836161465267854,0.336484400247,1.0670486956831582,0.4040124362305012,0.2803034183141256,0.8127605376787767,1002965945,test,0.1766233005389055,9.129239462321213,0.797507918839178,0.1592210482063231,0.06923946232122402,0.7115214487149273,0.3408247313649595,0.011265016376957957,0.0,0.0005096217114599066,False,False,2.348916553947609,48.2048156157136,0.05253347401600331,-21.425633148170807,False
td3_full,3,59,2023-11-14 18:00:00+00:00,9.13915751322537,1.1864954675359771,0.0,0.8864679132215436,0.783774008431241,-0.3849768905167973,1.3876083173481293,1730169505,test,0.3199068290970713,3.2643916826515804,0.9412216299124576,0.22968406640642453,0.38439168265187207,0.7626586367059333,0.49154219167531715,0.0,0.0,-0.0003028991567669559,False,False,4.94729829753912,34.32891653352417,0.21320944400620648,-107.18793194984575,False
