t,df_hz,rocof_hz_s,dfv_hz,p_vsg_mw,p_pv_support_mw,p_bess_mw,p_diesel_mw,p_wind_mw,p_load_mw,soc,sat_mw,H_v,D_v,alpha
0.002,0.0,0.0,0.0,0.0,0.0,0.06453125010656707,0.425,0.37862863657576173,0.8681598866823288,0.3409728780249555,0.0,3.0,20.0,0.3
0.012,-3.059971168488516e-06,-0.00034124596394488724,-6.5268641188804575e-06,-9.372999434626687e-05,0.0,0.0644375201122208,0.4250000000770954,0.37862863657576173,0.8680281678463575,0.340972783447583,0.0,3.0,20.0,0.3
0.022000000000000006,-9.628153221696078e-06,-0.0009911415695561996,-1.9482708467742965e-05,0.00029473821941721504,0.0,0.06482598832598428,0.42500000077357475,0.3786173773118121,0.8685593300521458,0.34097268863705926,0.0,3.0,20.0,0.3
0.032000000000000015,-1.5772749854373155e-05,-0.0005591302707672316,-1.8231854828440975e-05,0.00025453369299906057,0.0,0.06478578379956614,0.4250000032613969,0.3786047598070711,0.8685008047640261,0.3409725943163067,0.0,3.0,20.0,0.3
0.04200000000000002,-2.550323568942217e-05,-0.0011955729703945724,-3.332773119461763e-05,0.0002035647448927304,0.0,0.06473481485145981,0.4250000087298915,0.3785828162851803,0.8683911443874501,0.34097249941433716,0.0,3.0,20.0,0.3
0.05200000000000003,-4.2496383972010696e-05,-0.0019700278314298595,-5.5363647682516565e-05,0.0005807251927103693,0.0,0.06511197529927744,0.4250000189119306,0.3785837253890118,0.8689142644690683,0.34097240424760444,0.0,3.003676652908325,20.004627227783203,0.3
0.06200000000000004,-6.318305196488195e-05,-0.0022202296170250784,-7.339000408231574e-05,0.000749707404253545,0.0,0.06528095751082062,0.42500003672798226,0.3785831082716961,0.8691417143591929,0.34097230919810917,0.0,3.003676652908325,20.004627227783203,0.3
0.07200000000000005,-8.584235251913192e-05,-0.0021180732495616255,-8.853629803062701e-05,0.00027444417399091823,0.0,0.06480569428055799,0.4250000656843681,0.3785840115823287,0.8684661587204323,0.3409722142274002,0.0,3.003676652908325,20.004627227783203,0.3
0.08200000000000006,-0.00011116486463357151,-0.002652869319204467,-0.0001141364601495377,0.00046809519469300735,0.0,0.06499934530126009,0.42500010940751637,0.3785848969707013,0.8687246671003327,0.3409721188675712,0.0,3.003676652908325,20.004627227783203,0.3
0.09200000000000007,-0.00013621538397724827,-0.002134990911265222,-0.00012648095440316012,0.0001497978713836914,0.0,0.06468104797795077,0.42500017174021865,0.37858576479240313,0.8682637726863427,0.34097202394780074,0.0,3.003676652908325,20.004627227783203,0.3
0.10200000000000008,-0.0001587168762651459,-0.0024535278747145053,-0.00014843794149971748,0.0008021701115087334,0.0,0.06533342021807581,0.4250002561868297,0.3785866153959681,0.8691606534717774,0.34097192867566745,0.0,3.004624605178833,20.018457412719727,0.3
0.11200000000000009,-0.00018231626289209112,-0.002127479260394841,-0.00016352321061026653,0.0004903406312497087,0.0,0.06502159073781678,0.4250003656602434,0.37858744912301506,0.8687055623412497,0.34097183361887984,0.0,3.004624605178833,20.018457412719727,0.3
0.1220000000000001,-0.00020446752511897804,-0.0022219710175678913,-0.00018376515825813458,0.00033181193574494485,0.0,0.06486306204231201,0.42500050289074276,0.37858826630838477,0.8684641775588088,0.34097173836249667,0.0,3.004624605178833,20.018457412719727,0.3
0.1320000000000001,-0.00022237648257831814,-0.00171932679057503,-0.0001941520291196271,0.0006846580693850743,0.0,0.06521590817595214,0.4250006700924683,0.3785890672802749,0.8689383304633291,0.340971643435342,0.0,3.004624605178833,20.018457412719727,0.3
0.1420000000000001,-0.0002367637119108216,-0.0009101440075434488,-0.00019894262433680946,-0.00018892208870565326,0.0,0.06434232801786142,0.4250008686769655,0.3785898523603711,0.8676957873879633,0.3409715486898692,0.0,3.004624605178833,20.018457412719727,0.3
0.1520000000000001,-0.00023171085802122876,0.0014154483502442688,-0.00017146985574568413,-0.0006988298226589361,0.0,0.06383242028390813,0.42500109880191417,0.3785906218639768,0.8669661672361783,0.34097145508999976,0.0,3.0018527507781982,20.02814483642578,0.3
0.16200000000000012,-0.0002036296320260119,0.004027412343252543,-0.0001249622628539791,-0.0013980597533109595,0.0,0.06313319035325611,0.4250013571450191,0.37859137610013943,0.8659788229264115,0.34097136219543717,0.0,3.0018527507781982,20.02814483642578,0.3
0.17200000000000013,-0.0001505100877462363,0.005938505384519153,-7.051305088598658e-05,-0.0012797991208264748,0.0,0.0632514509857406,0.4250016359709166,0.37859211537177484,0.8661468626359802,0.3409712696434173,0.0,3.0018527507781982,20.02814483642578,0.3
0.18200000000000013,-8.087221622209101e-05,0.007690568517298799,-6.663597002193327e-06,-0.0016376776416465934,0.0,0.06289357246492049,0.42500192346894633,0.3785928399757888,0.8656599274650635,0.3409711774869,0.0,3.0018527507781982,20.02814483642578,0.3
0.19200000000000014,2.649984385774063e-06,0.008862390990517608,5.9807815740946036e-05,-0.0018914016589723153,0.0,0.06263984844759475,0.42500220527116267,0.3785935502031963,0.8653318308355735,0.3409710854986401,0.0,3.0018527507781982,20.02814483642578,0.3
0.20200000000000015,0.00010258605702341302,0.0105956098993994,0.00014587247098454535,-0.002116752226384487,0.0,0.062414497880182586,0.42500246515379303,0.37859424633923844,0.8650577728439225,0.34097099429058264,0.0,3.020723581314087,20.009767532348633,0.3
0.21200000000000016,0.00021560451519779354,0.011721504717370825,0.00023458604629621462,-0.0023545195821704544,0.0,0.062176730524396616,0.4250026849818997,0.3785949286634968,0.8647818270314026,0.3409709032927169,0.0,3.020723581314087,20.009767532348633,0.3
0.22200000000000017,0.0003275292713096577,0.010640613755954303,0.0002964338336142996,-0.0016488864688234731,0.0,0.0628823636377436,0.42500284545344263,0.3785955974500061,0.8658406883627652,0.34097081143983105,0.0,3.020723581314087,20.009767532348633,0.3
0.23200000000000018,0.00042693954855239224,0.009098785957913616,0.0003465572841360491,-0.0009229801469544973,0.0,0.06360826995961258,0.4250029287982298,0.3785962529673638,0.8669378484194346,0.34097071924133926,0.0,3.020723581314087,20.009767532348633,0.3
0.2420000000000002,0.000500392498180844,0.006451203941247994,0.00036784904669956247,-0.000974156098867192,0.0,0.06355709400769988,0.42500292112991334,0.3785968954788385,0.8669520433391315,0.3409706260639643,0.0,3.020723581314087,20.009767532348633,0.3
0.25200000000000017,0.0005542497582072453,0.005050397569504515,0.0003952625374999791,-0.001447665365049951,0.0,0.06308358474151712,0.42500281417184094,0.37859752524247514,0.8663762588766183,0.340970533127997,0.0,3.010019540786743,20.065298080444336,0.3
0.2620000000000002,0.0006031789534281177,0.004516609318539406,0.00043420456065051185,-0.0009837964143633454,0.0,0.06354745369220373,0.42500260394862227,0.378598142511199,0.867113866734017,0.3409704406396473,0.0,3.010019540786743,20.065298080444336,0.3
0.2720000000000002,0.0006425259474891127,0.003912885786444589,0.0004693596716428151,-0.001524030535561026,0.0,0.06300721957100605,0.42500228829582515,0.37859874753291717,0.8664442978843352,0.3409703480558726,0.0,3.010019540786743,20.065298080444336,0.3
0.2820000000000002,0.0006807473911701938,0.00356625262505519,0.0005106874617287862,-0.0012022215994884644,0.0,0.06332902850707861,0.4250018667311537,0.37859934055061795,0.8669794995987068,0.3409702557387777,0.0,3.010019540786743,20.065298080444336,0.3
0.2920000000000002,0.0007121139954233145,0.003064116426815458,0.0005487060714963595,-0.0015717125409741267,0.0,0.06295953756559294,0.42500133950864677,0.3785999218024688,0.8665423399796565,0.3409701633483422,0.0,3.010019540786743,20.065298080444336,0.3
0.3020000000000002,0.0007459976421673049,0.003587497089851238,0.0006048419513555097,-0.0018803197020486986,0.0,0.06265093040451837,0.42500070793049965,0.37860049152191166,0.8661854477502947,0.3409700716501556,0.0,3.006977081298828,20.088659286499023,0.3
0.3120000000000002,0.0007840574808158131,0.003980840590713671,0.000665042423834309,-0.0018919632096754972,0.0,0.06263928689689158,0.4249999730273182,0.3786010499377569,0.8662393258137011,0.3409699801614121,0.0,3.006977081298828,20.088659286499023,0.3
0.32200000000000023,0.0008233692859303233,0.004111213359624032,0.0007251953863771025,-0.002382836737996235,0.0,0.06214841336857084,0.4249991350942861,0.37860159727427506,0.8656162780772705,0.3409698887402868,0.0,3.006977081298828,20.088659286499023,0.3
0.33200000000000024,0.0008604943170597445,0.003397402692623775,0.0007750456653975278,-0.0018622927247727698,0.0,0.0626689573817943,0.42499819420782836,0.37860213375128715,0.8664020724003186,0.3409697970257575,0.0,3.006977081298828,20.088659286499023,0.3
0.34200000000000025,0.0008965222260904956,0.0039249209392904945,0.0008417967917047828,-0.0025126942793412296,0.0,0.062018555827225846,0.4249971509502945,0.3786026595842526,0.8655398123990953,0.34096970596905823,0.0,3.006977081298828,20.088659286499023,0.3
0.35200000000000026,0.0009378398356686384,0.004039790984117055,0.0009081140325198516,-0.0020185944284073264,0.0,0.06251265567815975,0.4249960060540129,0.37860317498435614,0.8662725170649105,0.3409696149799525,0.0,3.008411169052124,20.111570358276367,0.3
0.36200000000000027,0.0009710948448196278,0.002570876216712333,0.0009491904324126375,-0.0013763125436148862,0.0,0.0631549375629522,0.42499475962089583,0.37860368015859247,0.8672032717028288,0.34096952317225926,0.0,3.008411169052124,20.111570358276367,0.3
0.3720000000000003,0.0009867917211033876,0.0009401698762830127,0.0009763100849441651,-0.0012726982153346209,0.0,0.06325855189123245,0.42499341336788676,0.37860417530984936,0.867366837178335,0.3409694309122837,0.0,3.008411169052124,20.111570358276367,0.3
0.3820000000000003,0.0009843544184949505,-0.0009134849989591197,0.0009877328888012811,-0.001083120239754542,0.0,0.06344812986681253,0.4249919722437588,0.378604660636989,0.8676357123797938,0.3409693381239997,0.0,3.008411169052124,20.111570358276367,0.3
0.3920000000000003,0.0009639586840144052,-0.0029991592249367393,0.0009828293631850068,-0.000409627441177127,0.0,0.06412162266538994,0.4249904444035666,0.3786051363349282,0.8685653140696121,0.34096924477043467,0.0,3.008411169052124,20.111570358276367,0.3
0.4020000000000003,0.000916681611302769,-0.005990746483637966,0.0009460292530999496,0.0005943072767537712,0.0,0.06512555738332085,0.42498884127668407,0.37860560259471643,0.8699376372467968,0.3409691502730867,0.0,3.010465145111084,20.111438751220703,0.3
0.4120000000000003,0.0008402037471649088,-0.008676099664596601,0.0008905474110369294,0.0006845945973184032,0.0,0.06521584470388547,0.4249871786907328,0.37860605960361265,0.8700077724059526,0.340969055063456,0.0,3.010465145111084,20.111438751220703,0.3
0.4220000000000003,0.0007429137222619768,-0.010025448966468616,0.000834549880619829,0.0002523434123978553,0.0,0.06478359351896493,0.4249854769653039,0.37860650754516056,0.869322378941047,0.34096895976633657,0.0,3.010465145111084,20.111438751220703,0.3
0.43200000000000033,0.0006438278403578613,-0.009820655880492664,0.0007930780969751417,0.0003341087757023769,0.0,0.06486535888226945,0.4249837588927025,0.37860694659926203,0.8693355346195044,0.34096886492444656,0.0,3.010465145111084,20.111438751220703,0.3
0.44200000000000034,0.000548507683998423,-0.009437594712443383,0.0007513771328222765,0.0004490325627077998,0.0,0.06498028266927487,0.4249820463715198,0.3786073769422496,0.8693771686136225,0.3409687700266065,0.0,3.010465145111084,20.111438751220703,0.3
0.45200000000000035,0.00045626174110426174,-0.00916625525560891,0.0007044785067377121,0.0005973714723579107,0.0,0.06512862157892499,0.42498035917480476,0.3786077987469575,0.8694499324261012,0.34096867489288024,0.0,3.018455982208252,20.05695152282715,0.3
0.46200000000000035,0.0003717246974255872,-0.008004553543784812,0.0006678987470062835,0.0004006303817443517,0.0,0.06493188048831143,0.4249787150281383,0.37860821218279056,0.8690269543994961,0.34096858006679315,0.0,3.018455982208252,20.05695152282715,0.3
0.47200000000000036,0.00029626529551251825,-0.007625435545197149,0.0006205226166536828,0.001035099618671268,0.0,0.06556634972523834,0.4249771289398543,0.3786086174157926,0.8697592546530496,0.3409684848156198,0.0,3.018455982208252,20.05695152282715,0.3
0.4820000000000004,0.0002132599350116229,-0.008704431970422696,0.0005418573178274812,0.0014212235051331789,0.0,0.06595247361170026,0.4249756134737303,0.37860901460871305,0.8701357365408662,0.3409683883864449,0.0,3.018455982208252,20.05695152282715,0.3
0.4920000000000004,0.00012836252042933925,-0.008230683841475035,0.00047435468098440425,0.0012721572559602733,0.0,0.06580340736252735,0.4249741813047507,0.3786094039210723,0.8697565366665628,0.3409682922625729,0.0,3.018455982208252,20.05695152282715,0.3
0.5020000000000003,4.931256697323854e-05,-0.0073963260145991794,0.0004079779164915403,0.001041163276303428,0.0,0.0655724133828705,0.4249728445807702,0.3786097855092257,0.8692607726835245,0.3409681960981092,0.0,3.0154001712799072,20.007692337036133,0.3
0.5120000000000003,-1.9549604319408383e-05,-0.006444892259013952,0.0003426832123394222,0.0011661443101863274,0.0,0.0656973944167534,0.42497161337934386,0.37861015952642635,0.869265812049631,0.34096809989729654,0.0,3.0154001712799072,20.007692337036133,0.3
0.5220000000000004,-7.712301296793608e-05,-0.005226138296364358,0.0002814543280616959,0.0010959722524875493,0.0,0.06562722235905462,0.424970495092467,0.37861052612288687,0.869003926303315,0.34096800376543834,0.0,3.0154001712799072,20.007692337036133,0.3
0.5320000000000004,-0.00012628890280862122,-0.004805136213916873,0.00020905012680170592,0.001699233554213462,0.0,0.06623048366078053,0.4249694943733963,0.3786108854458394,0.8696946820207652,0.3409679071646311,0.0,3.0154001712799072,20.007692337036133,0.3
0.5420000000000004,-0.00017160749034593004,-0.004284269634696814,0.00013447698920816115,0.0016377235677119918,0.0,0.06616897367427907,0.4249686138695104,0.3786112376395951,0.8694664533694945,0.3409678103999205,0.0,3.0154001712799072,20.007692337036133,0.3
0.5520000000000004,-0.0002081277788546862,-0.0033146844132942855,6.63725220992069e-05,0.001795427192974606,0.0,0.06632667729954168,0.4249678550063931,0.3786115828456017,0.869560180086895,0.340967713781707,0.0,3.0067200660705566,20.024179458618164,0.3
0.5620000000000004,-0.0002477114665453264,-0.004402310657578041,-3.495386559351627e-05,0.002429251054844012,0.0,0.06696050116141108,0.4249672175982772,0.3786119212025007,0.8703368893734217,0.3409676159060935,0.0,3.0067200660705566,20.024179458618164,0.3
0.5720000000000004,-0.00029539832535129364,-0.00471128702960943,-0.0001354542348603791,0.002358104196394972,0.0,0.06688935430296204,0.42496670184697605,0.37861225284618266,0.8701419186682687,0.34096751793741514,0.0,3.0067200660705566,20.024179458618164,0.3
0.5820000000000004,-0.0003451917502993302,-0.005117708787606959,-0.0002413167729283509,0.0027416571658233036,0.0,0.06727290727239038,0.42496630918492245,0.37861257790984215,0.8706007433163497,0.3409674196625699,0.0,3.0067200660705566,20.024179458618164,0.3
0.5920000000000004,-0.0023477361864652955,-0.3747613091242702,-0.006460461814390608,0.18817416802987538,0.0,0.25270541813644243,0.42496606613742577,0.378612896524031,1.1299042760098206,0.34096710412070735,0.0,3.0067200660705566,20.024179458618164,0.3
0.6020000000000004,-0.007863033624379352,-0.6381289472327042,-0.013544923396583121,0.18890050079970444,0.0,0.2534317509062715,0.4249663860814193,0.3786132088167109,1.1296519349994685,0.3409667344251713,0.0,4.219400405883789,20.79041290283203,0.3
0.6120000000000004,-0.014892381328721305,-0.7376668424336139,-0.018783413439719752,0.1905251148253627,0.0,0.25505636493192974,0.42496827322963904,0.3786135149133045,1.129494947433363,0.34096636253963725,0.0,4.219400405883789,20.79041290283203,0.3
0.6220000000000004,-0.022600139999406604,-0.7874349085745657,-0.023966536090019017,0.1930792381244482,0.0,0.2576104882310153,0.4249729779827106,0.3786138149367463,1.1294128727185102,0.3409659870461158,0.0,4.219400405883789,20.79041290283203,0.3
0.6320000000000005,-0.030595198108078068,-0.8043571660191224,-0.029094390556181342,0.19622737511857757,0.0,0.26075862522514465,0.4249818000382316,0.3786141090075313,1.1289984610918924,0.34096560800931686,0.0,4.219400405883789,20.79041290283203,0.3
0.6420000000000005,-0.038633412199350625,-0.8009775825422126,-0.03420361748346018,0.19950481395672595,0.0,0.26403606406329305,0.42499600571594137,0.378614397243764,1.127690820658299,0.3409652236649179,0.0,4.219400405883789,20.79041290283203,0.3
0.6520000000000005,-0.04653753146382191,-0.779276578281284,-0.03918474289368512,0.20416287681948148,0.0,0.26869412692604855,0.4250167802226337,0.3786146797612057,1.1273564131192568,0.34096483361629754,0.0,4.575596809387207,25.397478103637695,0.3
0.6620000000000005,-0.05407800177902359,-0.7372877441741156,-0.04371020570653492,0.20954406563443112,0.0,0.2740753157409982,0.425045195114435,0.378614956673321,1.1271699863807148,0.3409644362041052,0.0,4.575596809387207,25.397478103637695,0.3
0.6720000000000005,-0.06120060210788096,-0.6956971253693285,-0.04827006724811971,0.21592496485533977,0.0,0.28045621496190687,0.42508217563313155,0.37861522809132314,1.1276429709491231,0.3409640302134456,0.0,4.575596809387207,25.397478103637695,0.3
0.6820000000000005,-0.06790744426204239,-0.6538803021710166,-0.05288370824648752,0.22244676592432075,0.0,0.2869780160308878,0.42512849583137546,0.3786154941242187,1.1277333018697027,0.340963614540317,0.0,4.575596809387207,25.397478103637695,0.3
0.6920000000000005,-0.07418358360655568,-0.6097168073741613,-0.057538612795356936,0.2286449903257262,0.0,0.2931762404322933,0.4251847878154741,0.3786157548788517,1.1269627734386776,0.3409631897795876,0.0,4.575596809387207,25.397478103637695,0.3
0.7020000000000005,-0.08001364857018485,-0.5659182305257231,-0.06228650423733896,0.23541501498144235,0.0,0.2999462650880094,0.42525154798834175,0.37861601045994614,1.126767791958033,0.34096275510602814,0.0,4.147471904754639,29.465816497802734,0.3
0.7120000000000005,-0.08542845138941035,-0.5248934699396917,-0.06723077032230974,0.24279841050763337,0.0,0.3073296606142004,0.4253291438060196,0.3786162609701485,1.127402101557009,0.34096231019381146,0.0,4.147471904754639,29.465816497802734,0.3
0.7220000000000005,-0.09041330186149704,-0.4808665719594694,-0.07220333548992161,0.24972323941596067,0.0,0.31425448952252777,0.4254178260986695,0.3786165065100684,1.1275537792624508,0.34096185536915036,0.0,4.147471904754639,29.465816497802734,0.3
0.7320000000000005,-0.09496486700127672,-0.4380428226579411,-0.07723460107793947,0.25717042585219585,0.0,0.3217016759587629,0.4255177352683397,0.37861674717831945,1.1287706144658545,0.34096138908741835,0.0,4.147471904754639,29.465816497802734,0.3
0.7420000000000005,-0.09908477865199004,-0.3947807982860164,-0.08228743609607012,0.26397020750133615,0.0,0.3285014576079032,0.4256289075746506,0.3786169830715587,1.1295792847661774,0.340960913072592,0.0,4.147471904754639,29.465816497802734,0.3
0.7520000000000006,-0.10278509829406209,-0.355084546886516,-0.08741510474883102,0.2704992492189924,0.0,0.33503049932555945,0.42575128257823086,0.37861721428452544,1.1306635710324722,0.34096042720256037,0.0,3.7226738929748535,32.248992919921875,0.3
0.7620000000000006,-0.10613672509492018,-0.3212580316310019,-0.09272925204935911,0.2757313495994865,0.0,0.34026259970605355,0.4258847132492266,0.3786174409100792,1.1307429376956302,0.34095993260448443,0.0,3.7226738929748535,32.248992919921875,0.3
0.7720000000000006,-0.10913078022460354,-0.2847339277541657,-0.0979673085404122,0.2799772019392044,0.0,0.34450845204577146,0.4260289825359627,0.3786176630392373,1.1303883530250933,0.34095943135312096,0.0,3.7226738929748535,32.248992919921875,0.3
0.7820000000000006,-0.11175677001682813,-0.24801434566545694,-0.10310659866906532,0.28354978757502813,0.0,0.3480810376815952,0.42618380870234696,0.37861788076121095,1.1301457782290454,0.3409589245944845,0.0,3.7226738929748535,32.248992919921875,0.3
0.7920000000000006,-0.11403019762388553,-0.21374893222743926,-0.10813893745029543,0.28637695874623836,0.0,0.35090820885280544,0.42634884806023143,0.37861809416344155,1.1300003443490927,0.34095841287603784,0.0,3.7226738929748535,32.248992919921875,0.3
0.8020000000000006,-0.11598323910853307,-0.1846483800288913,-0.11308930254789261,0.2889803410561965,0.0,0.3535115911627636,0.426523702184157,0.37861830333163565,1.130744671271338,0.34095789729749554,0.0,3.3777613639831543,33.87367248535156,0.3
0.8120000000000006,-0.11769681687794187,-0.1625346412362325,-0.11803777730645618,0.2901144418322123,0.0,0.3546456919387794,0.4267079292838057,0.3786185083497991,1.130686282893371,0.34095737948593435,0.0,3.3777613639831543,33.87367248535156,0.3
0.8220000000000006,-0.11918795647634065,-0.14047499778067993,-0.12275472012296795,0.2900041076490668,0.0,0.3545353577556339,0.42690106066122613,0.3786187093002713,1.1301605958527396,0.34095686119768964,0.0,3.3777613639831543,33.87367248535156,0.3
0.8320000000000006,-0.12047944891411956,-0.12195633804469737,-0.1272430920000397,0.2896580790984687,0.0,0.35418932920503576,0.42710260805694505,0.37861890626375777,1.1305649762714105,0.3409563427727746,0.0,3.3777613639831543,33.87367248535156,0.3
0.8420000000000006,-0.12160734103473,-0.10733824554860229,-0.13147883204184174,0.2888082425219105,0.0,0.3533394926284776,0.4273120696958335,0.37861909931936294,1.1314829469760965,0.3409558256378857,0.0,3.3777613639831543,33.87367248535156,0.3
0.8520000000000006,-0.12261228855651637,-0.09671330995844174,-0.13544585939878417,0.2863597428897411,0.0,0.35089099299630816,0.42752893864972896,0.37861928854462157,1.1313171501117143,0.3409553113071068,0.0,3.1964612007141113,34.69026184082031,0.3
0.8620000000000007,-0.1235459219935115,-0.0917473834105456,-0.13916148440834292,0.2841092902267184,0.0,0.34864054033328545,0.4277527116493599,0.37861947401553014,1.1324995581035169,0.34095480021540275,0.0,3.1964612007141113,34.69026184082031,0.3
0.8720000000000007,-0.12444796036925626,-0.08938287355055334,-0.14255115128012943,0.2798793010605035,0.0,0.3444105511670706,0.4279828989426371,0.37861965580657747,1.1318730347475863,0.3409542940268856,0.0,3.1964612007141113,34.69026184082031,0.3
0.8820000000000007,-0.1253358830180724,-0.08861880687854548,-0.14558111449905214,0.27494423336055535,0.0,0.3394754834671224,0.42821903143139795,0.3786198339907743,1.1310976471497063,0.34095379469841863,0.0,3.1964612007141113,34.69026184082031,0.3
0.8920000000000007,-0.1262266544628235,-0.08979821391560233,-0.14824121920370054,0.26946400480746907,0.0,0.33399525491403614,0.42846066343243866,0.37862000863968287,1.1302612222342492,0.34095330335239254,0.0,3.1964612007141113,34.69026184082031,0.3
0.9020000000000007,-0.12715614560456856,-0.09477133144602362,-0.15054757179579464,0.26423236374491615,0.0,0.3287636138514832,0.4287073752505671,0.3786201798234455,1.1303253151712238,0.34095281918219505,0.0,3.188725709915161,35.235992431640625,0.3
0.9120000000000007,-0.1281423132154066,-0.10179441545341006,-0.15244284921289764,0.2592870083243019,0.0,0.323818258430869,0.42895877786673065,0.37862034761081287,1.131172723562785,0.34095234232335186,0.0,3.188725709915161,35.235992431640625,0.3
0.9220000000000007,-0.129213937746613,-0.11106823583799993,-0.15399671922941457,0.25302051709517415,0.0,0.3175517672017412,0.42921451572949226,0.3786205120691718,1.1303813283951087,0.3409518745710311,0.0,3.188725709915161,35.235992431640625,0.3
0.9320000000000007,-0.1303973143739018,-0.12345905046014238,-0.15524334573374932,0.2471119948575742,0.0,0.3116432449641413,0.42947426983476217,0.3786206732645718,1.1301369814776114,0.3409514153331211,0.0,3.188725709915161,35.235992431640625,0.3
0.9420000000000007,-0.1317153496249824,-0.1376188985408131,-0.15619434674287694,0.24144666154407318,0.0,0.30597791165064026,0.42973776074165343,0.3786208312617522,1.130113748874392,0.3409509647995856,0.0,3.188725709915161,35.235992431640625,0.3
0.9520000000000007,-0.1331822200927435,-0.1522217733977314,-0.1568440134502177,0.23616348794570766,0.0,0.30069473805227476,0.43000475059722487,0.3786209861241676,1.1303459865560967,0.34095052236319384,0.0,3.300318717956543,35.945335388183594,0.3
0.9620000000000007,-0.13477459497507174,-0.1645242721016191,-0.15711729030442873,0.23091120066417822,0.0,0.29544245077074527,0.4302750425713925,0.3786211379140137,1.130176230357328,0.34095008751190864,0.0,3.300318717956543,35.945335388183594,0.3
0.9720000000000008,-0.13650254859923416,-0.17844055139230136,-0.15718349295638848,0.22576126472582703,0.0,0.2902925148323941,0.43054847548389147,0.3786212866922523,1.1295561858514402,0.3409496602534362,0.0,3.300318717956543,35.945335388183594,0.3
0.9820000000000008,-0.13837728434552093,-0.19352165785020953,-0.15708386416894193,0.221821251350206,0.0,0.28635250145677305,0.43082492244892046,0.37862143251863567,1.129911548324685,0.34094923940286487,0.0,3.300318717956543,35.945335388183594,0.3
0.9920000000000008,-0.1404066689225561,-0.20893361063124946,-0.15685698995915595,0.2181452769141005,0.0,0.2826765270206676,0.43110429097882613,0.3786215754517304,1.1298068838711364,0.34094882378359487,0.0,3.300318717956543,35.945335388183594,0.3
1.0020000000000007,-0.14256962196629472,-0.21981265026163577,-0.15645220070416702,0.21471140405409803,0.0,0.27924265416066507,0.4313865218546476,0.3786217155489413,1.1291200471908596,0.3409484137942743,0.0,3.4382073879241943,37.05560302734375,0.3
1.0120000000000007,-0.14479261065489915,-0.22414722576420795,-0.15577810251002772,0.21210029000391867,0.0,0.27663154011048574,0.4316715822056516,0.37862185286653405,1.1285804015660919,0.34094800810145426,0.0,3.4382073879241943,37.05560302734375,0.3
1.0220000000000007,-0.14707047320419092,-0.23019474296004372,-0.1550849987282885,0.2109802871491523,0.0,0.27551153725571936,0.4319594520547477,0.3786219874596581,1.1290660800242276,0.3409476046577977,0.0,3.4382073879241943,37.05560302734375,0.3
1.0320000000000007,-0.14939879191696354,-0.234197796086501,-0.15437705547483488,0.20937775025806085,0.0,0.27390900036462795,0.43225012074587355,0.3786221193823685,1.1277873156326272,0.3409472033263459,0.0,3.4382073879241943,37.05560302734375,0.3
1.0420000000000007,-0.1517482972120981,-0.23550776852543887,-0.1536793856416583,0.20974290495167264,0.0,0.2742741550582397,0.43254358525058245,0.3786222486876481,1.1281742452382988,0.3409468031200059,0.0,3.4382073879241943,37.05560302734375,0.3
1.0520000000000007,-0.1541037236101314,-0.23387124374303972,-0.15299769930037554,0.21092655569358099,0.0,0.27545780580014806,0.43283984484425914,0.3786223754274283,1.1286361997213497,0.3409464013156957,0.0,3.472053289413452,38.436317443847656,0.3
1.0620000000000007,-0.15638850289912137,-0.22512469969504967,-0.15219020461318847,0.21325182769003606,0.0,0.27778307779660316,0.4331388960465697,0.3786224996526104,1.1296432801446903,0.34094599661258224,0.0,3.472053289413452,38.436317443847656,0.3
1.0720000000000007,-0.15858948897871405,-0.21662036040319257,-0.15151031491127614,0.21560199345950637,0.0,0.28013324356607344,0.433440720964469,0.3786226214130855,1.1296785586544966,0.34094558842982586,0.0,3.472053289413452,38.436317443847656,0.3
1.0820000000000007,-0.16069556709244004,-0.20628855776992205,-0.15096710104182684,0.21872369277880105,0.0,0.2832549428853681,0.43374528393140155,0.37862274075775504,1.1298683067998474,0.34094517610386516,0.0,3.472053289413452,38.436317443847656,0.3
1.0920000000000007,-0.1626821507066711,-0.19327762969360623,-0.1505704540685312,0.22241166553399044,0.0,0.2869429156405575,0.43405253063128524,0.37862285773455007,1.1300251506785588,0.3409447589181805,0.0,3.472053289413452,38.436317443847656,0.3
1.1020000000000008,-0.16452462494825265,-0.17656570902268828,-0.15029211360449307,0.2270041835153411,0.0,0.29153543362190815,0.43436238488411744,0.37862297239045073,1.130737532385507,0.34094433532972024,0.0,3.363496780395508,39.70057678222656,0.3
1.1120000000000008,-0.16614250430035843,-0.152148227019743,-0.1499718091805648,0.23189061042582038,0.0,0.29642186053238745,0.43467474402161893,0.37862308477150514,1.131259076097262,0.34094390499061483,0.0,3.363496780395508,39.70057678222656,0.3
1.1220000000000008,-0.16752817002564047,-0.12956502520888022,-0.1498626383130736,0.237253840935886,0.0,0.3017850910424531,0.4349894680889813,0.37862319492284763,1.131974043397261,0.3409434668956349,0.0,3.363496780395508,39.70057678222656,0.3
1.1320000000000008,-0.16868349358919826,-0.10608485565179378,-0.14994393861411656,0.24240862436017166,0.0,0.30693987446673876,0.4353063792139626,0.37862330288871715,1.1320712628737992,0.3409430213818669,0.0,3.363496780395508,39.70057678222656,0.3
1.1420000000000008,-0.16960377137493332,-0.08248345436465652,-0.15022610558206817,0.24804245697613966,0.0,0.3125737070827067,0.43562526475913615,0.37862340871247485,1.1326674252500288,0.3409425675894467,0.0,3.363496780395508,39.70057678222656,0.3
1.1520000000000008,-0.17027444609006334,-0.056033382837472265,-0.1506492206646888,0.2530325549894825,0.0,0.3175638050960496,0.43594587883074487,0.37862351243662157,1.1323464034366164,0.3409421063873549,0.0,3.124321222305298,40.41948699951172,0.3
1.1620000000000008,-0.1706531797022676,-0.025702199200873736,-0.15112656170231362,0.2573520601072076,0.0,0.3218833102137747,0.4362679415049535,0.37862361410281503,1.1312192801216243,0.34094163808421685,0.0,3.124321222305298,40.41948699951172,0.3
1.1720000000000008,-0.17073827602404704,0.002233150506265793,-0.1517762398304601,0.26338588111565514,0.0,0.3279171312222222,0.4365911344951473,0.37862371375188625,1.132775077545316,0.34094116220624315,0.0,3.124321222305298,40.41948699951172,0.3
1.1820000000000008,-0.17054933599639321,0.03023917777337528,-0.15255562117774166,0.2667786068039631,0.0,0.33130985691053016,0.4369151033976218,0.3786238114238562,1.1310607741589136,0.3409406799067066,0.0,3.124321222305298,40.41948699951172,0.3
1.1920000000000008,-0.17008505840731344,0.05721439769953074,-0.15344723713254302,0.27090883295775703,0.0,0.3354400830643241,0.4372394633409894,0.37862390715795197,1.1309455144880751,0.3409401915572293,0.0,3.124321222305298,40.41948699951172,0.3
1.2020000000000008,-0.16935600596745648,0.08311971338422235,-0.15442333112186776,0.27443651945513137,0.0,0.33896776956169844,0.4375638018168707,0.3786240009926221,1.1306777779475752,0.3409396979955211,0.0,3.1562585830688477,40.34266662597656,0.3
1.2120000000000009,-0.16838589287220704,0.10604969017041842,-0.15548517066516815,0.2776996796502075,0.0,0.34223092975677455,0.43788768303476594,0.37862409296555244,1.1308395368772084,0.3409391991429333,0.0,3.1562585830688477,40.34266662597656,0.3
1.2220000000000009,-0.1671964053273445,0.12739262644758917,-0.15658134209945712,0.2801620575019527,0.0,0.3446933076085198,0.438210654227895,0.37862418311368107,1.1307695482946876,0.3409386964771238,0.0,3.1562585830688477,40.34266662597656,0.3
1.2320000000000009,-0.165809048284338,0.14608979526298987,-0.15769209589415673,0.28189656312624906,0.0,0.34642781323281613,0.4385322514838183,0.37862427147321326,1.1306413123501855,0.34093819066858266,0.0,3.1562585830688477,40.34266662597656,0.3
1.2420000000000009,-0.16424216552965257,0.1633412598794513,-0.15876536548581857,0.2825139987445295,0.0,0.34704524885109655,0.43885200501017935,0.3786243580796359,1.1299615084378247,0.3409376836548296,0.0,3.1562585830688477,40.34266662597656,0.3
1.252000000000001,-0.1625292398277394,0.17566979069771438,-0.15983063121582997,0.2829957556082814,0.0,0.34752700571484846,0.4391694439497713,0.37862444296773184,1.1301348051384803,0.34093717540624285,0.0,3.348219394683838,39.54566955566406,0.3
1.262000000000001,-0.16072454681127105,0.1835253887538411,-0.1609087864912991,0.2820299120202471,0.0,0.34656116212681415,0.43948410351741735,0.3786245261715937,1.1293414847266843,0.3409366681994376,0.0,3.348219394683838,39.54566955566406,0.3
1.272000000000001,-0.15885229125044992,0.1892601800947049,-0.1618841332168319,0.2806760346960773,0.0,0.3452072848026444,0.4397955344767304,0.37862460772463785,1.1290593627199308,0.3409361626194654,0.0,3.348219394683838,39.54566955566406,0.3
1.282000000000001,-0.15694118019525147,0.19202722059240046,-0.1627396856085372,0.27867888323139206,0.0,0.34321013333795913,0.44010330812969034,0.37862468765961743,1.1288966270532597,0.3409356595790261,0.0,3.348219394683838,39.54566955566406,0.3
1.292000000000001,-0.15501649414313995,0.19241454126173868,-0.16344188780290939,0.27556527789847846,0.0,0.34009652800504553,0.4404070206009313,0.378624766008636,1.1281372460786638,0.3409351607028293,0.0,3.348219394683838,39.54566955566406,0.3
1.302000000000001,-0.1531189785347585,0.186248010951329,-0.16405712763230892,0.2725373931237751,0.0,0.3370686432303422,0.4407062967185582,0.37862484280316,1.1283916879744242,0.3409346658449909,0.0,3.37851881980896,38.418975830078125,0.3
1.312000000000001,-0.15134277910517294,0.17187728875036387,-0.16471261911161084,0.26882975882880383,0.0,0.3333610089353709,0.4410007973893078,0.37862491807403165,1.1285127934425414,0.34093417638760626,0.0,3.37851881980896,38.418975830078125,0.3
1.322000000000001,-0.14971010811105165,0.15734121488800135,-0.1651807420634229,0.26454679221644406,0.0,0.32907804232301113,0.44129023301171955,0.3786249918514811,1.1285495714632825,0.3409336930281876,0.0,3.37851881980896,38.418975830078125,0.3
1.332000000000001,-0.14822783940745018,0.14199091062091249,-0.1654491686272683,0.2591960772489162,0.0,0.32372732735548326,0.44157436628439717,0.37862506416513875,1.127690533696757,0.3409332166843428,0.0,3.37851881980896,38.418975830078125,0.3
1.342000000000001,-0.14691014097383776,0.12477349651376966,-0.16552183846072877,0.2541540909042774,0.0,0.31868534101084445,0.4418530103565841,0.37862513504404727,1.1277304663114927,0.34093274764853054,0.0,3.37851881980896,38.418975830078125,0.3
1.352000000000001,-0.14578147054369744,0.10350910702430902,-0.16545288913329467,0.2493063150379922,0.0,0.3138375651445593,0.4421260283565119,0.378625204516673,1.1283677238153802,0.3409322859742396,0.0,3.218534231185913,37.518619537353516,0.3
1.362000000000001,-0.1449142947846415,0.07601882406138051,-0.16537441043994816,0.24387025988385572,0.0,0.3084015099904228,0.4423933359488574,0.37862527261091744,1.1283717833287623,0.34093183159913243,0.0,3.218534231185913,37.518619537353516,0.3
1.372000000000001,-0.14430844838983575,0.05051073249583756,-0.16509133736609924,0.23852991661530018,0.0,0.3030611667218672,0.44265490917823686,0.37862533935412857,1.1285573069898351,0.34093138528080236,0.0,3.218534231185913,37.518619537353516,0.3
1.382000000000001,-0.14394769742873573,0.026691553072410914,-0.16460521015032023,0.2324548978039452,0.0,0.29698614791051225,0.4429107820097707,0.37862540477311174,1.1276113013167635,0.3409309474054778,0.0,3.218534231185913,37.518619537353516,0.3
1.392000000000001,-0.14381341605665057,0.004799630704130841,-0.1639165426561816,0.22649048845600056,0.0,0.29102173856256763,0.4431610391961599,0.3786254688941405,1.1265729680464531,0.34093051840027233,0.0,3.218534231185913,37.518619537353516,0.3
1.402000000000001,-0.1438967270267753,-0.017181915951883363,-0.16306805019646173,0.22151685252970063,0.0,0.2860481026362677,0.4434058093502203,0.3786255317429671,1.1265379556695307,0.34093009715393247,0.0,3.0255539417266846,37.263484954833984,0.3
1.412000000000001,-0.14420087029987524,-0.03937309562405088,-0.16209218126342345,0.21721843553347372,0.0,0.28174968564004077,0.44364526018513667,0.3786255933448328,1.12693491490917,0.3409296828250911,0.0,3.0255539417266846,37.263484954833984,0.3
1.422000000000001,-0.1447299393906068,-0.061703537596541694,-0.161018792733228,0.2132332328461563,0.0,0.2777644829527234,0.4438795962296039,0.3786256537244782,1.127136177135333,0.34092927415891455,0.0,3.0255539417266846,37.263484954833984,0.3
1.432000000000001,-0.14547234515291074,-0.08273892578072915,-0.15986050706754948,0.21028121027641972,0.0,0.2748124603829868,0.4441090565346596,0.3786257129061529,1.1280428141163017,0.3409288709219885,0.0,3.0255539417266846,37.263484954833984,0.3
1.442000000000001,-0.14642437326799151,-0.10316533208920607,-0.15866637705931688,0.207760918232719,0.0,0.27229216833928604,0.44433391051529064,0.3786257709136253,1.1287206504861924,0.3409284715069923,0.0,3.0255539417266846,37.263484954833984,0.3
1.452000000000001,-0.14756828609521214,-0.12131081854782903,-0.15744637543649037,0.2055283975988798,0.0,0.2700596477054469,0.44455445429824547,0.3786258277701925,1.1288939361688661,0.3409280754769798,0.0,3.2360305786132812,37.6790771484375,0.3
1.462000000000001,-0.14887479089118996,-0.13670549885151542,-0.15621603435009804,0.20443934610967401,0.0,0.2689705962162411,0.4447710052778338,0.378625883498689,1.129705468534298,0.3409276818637519,0.0,3.2360305786132812,37.6790771484375,0.3
1.472000000000001,-0.15032264101358173,-0.14960718073190163,-0.1550213187857295,0.2034754011406593,0.0,0.26800665124722634,0.44498389518534714,0.37862593812149653,1.1296939423853727,0.34092728958040147,0.0,3.2360305786132812,37.6790771484375,0.3
1.482000000000001,-0.1518802563470634,-0.15932216420667164,-0.15388026126201365,0.20334772309062044,0.0,0.2678789731971875,0.4451934641498332,0.37862599166055266,1.129842261777584,0.34092689785648944,0.0,3.2360305786132812,37.6790771484375,0.3
1.492000000000001,-0.1535159089245825,-0.16583982412224407,-0.15281838075530044,0.20398740726205047,0.0,0.2685186573686176,0.4454000539467218,0.37862604413735973,1.1300619272250927,0.34092650558454823,0.0,3.2360305786132812,37.6790771484375,0.3
1.5020000000000011,-0.1551914478791977,-0.16749377917091432,-0.15181638893488184,0.20545273108132958,0.0,0.2699839811878967,0.44560400129602623,0.3786260955729934,1.1304631583586868,0.34092611195884526,0.0,3.3366923332214355,38.5827751159668,0.3
1.5120000000000011,-0.15683591788642268,-0.16197037525294633,-0.15078820373925747,0.20673095951129936,0.0,0.2712622096178664,0.44580562986461897,0.37862614598811134,1.1296648495821517,0.340925716142237,0.0,3.3366923332214355,38.5827751159668,0.3
1.5220000000000011,-0.15841716506867046,-0.15558421579756065,-0.1499038067424053,0.2099878824039555,0.0,0.27451913251052257,0.4460052385070057,0.37862619540296116,1.1307610420712706,0.3409253169182719,0.0,3.3366923332214355,38.5827751159668,0.3
1.5320000000000011,-0.1599251400205196,-0.14705034167959968,-0.14917529112362773,0.21243334936933084,0.0,0.2769645994758979,0.44620309596196295,0.37862624383738874,1.1299287250728427,0.3409249134588613,0.0,3.3366923332214355,38.5827751159668,0.3
1.5420000000000011,-0.1613329438570737,-0.13648781003062138,-0.1486159283341887,0.21659093276830702,0.0,0.2811221828748741,0.44639943993484543,0.37862629131084635,1.1308014979834045,0.3409245048994572,0.0,3.3366923332214355,38.5827751159668,0.3
1.5520000000000012,-0.1626197664169982,-0.12193431239862473,-0.14818961896641955,0.22021846948094215,0.0,0.2847497195875092,0.4465944744116226,0.37862633784240024,1.130351204712042,0.3409240905739706,0.0,3.2528674602508545,39.485107421875,0.3
1.5620000000000012,-0.16370838200648039,-0.1002022748175914,-0.1477632405800718,0.22404847326492097,0.0,0.2885797233714881,0.44678836610500106,0.37862638345073835,1.1297141858425204,0.3409236706986563,0.0,3.2528674602508545,39.485107421875,0.3
1.5720000000000012,-0.1645809282261445,-0.07859244440777116,-0.14751840302630012,0.2285921860223695,0.0,0.29312343612893654,0.44698123448652705,0.3786264281541779,1.1297324489236469,0.3409232447335288,0.0,3.2528674602508545,39.485107421875,0.3
1.5820000000000012,-0.16523723806533325,-0.056973630349477354,-0.1474592316247908,0.23324361019901327,0.0,0.2977748603055803,0.44717315007648356,0.37862647197067273,1.129697998465247,0.34092281209924985,0.0,3.2528674602508545,39.485107421875,0.3
1.5920000000000012,-0.1656745215608885,-0.03491180385791805,-0.1475773726307887,0.2380223201459319,0.0,0.30255357025249896,0.4473641375164636,0.3786265149178203,1.129780154364763,0.3409223726910328,0.0,3.2528674602508545,39.485107421875,0.3
1.6020000000000012,-0.16588072229854592,-0.010541274806306596,-0.14782594790012168,0.24181574141179576,0.0,0.30634699151836287,0.447554178034629,0.37862655701286896,1.1285636662152303,0.3409219273092356,0.0,3.0317952632904053,39.90315628051758,0.3
1.6120000000000012,-0.16584296692491596,0.012905358983047186,-0.1482040362071322,0.24747045433301884,0.0,0.3120017044395859,0.44774321000643097,0.37862659827272505,1.1301686106462623,0.3409214742865759,0.0,3.0317952632904053,39.90315628051758,0.3
1.6220000000000012,-0.16557979148636512,0.035414404227206715,-0.1487369073666664,0.2512080417013229,0.0,0.31573929180788995,0.4479311302330883,0.37862663871395924,1.1294316882818247,0.34092101473454095,0.0,3.0317952632904053,39.90315628051758,0.3
1.6320000000000012,-0.1650844884590388,0.05874108040541362,-0.14937081034957334,0.2547942369834719,0.0,0.319325487090039,0.4481177991758531,0.37862667835281344,1.1289515770550032,0.3409205502622726,0.0,3.0317952632904053,39.90315628051758,0.3
1.6420000000000012,-0.16436987489343066,0.07957873054209824,-0.1501251415169993,0.2587680550193384,0.0,0.3232993051259055,0.44830304321851083,0.37862671720520746,1.129598194758506,0.3409200799278929,0.0,3.0317952632904053,39.90315628051758,0.3
1.6520000000000012,-0.1634623278478984,0.09800058611318185,-0.15098219463891335,0.26203729835139145,0.0,0.3265685484579585,0.4484866594115165,0.37862675528674516,1.1299401539366258,0.34091960422483525,0.0,3.189023017883301,39.638999938964844,0.3
1.6620000000000013,-0.1623760541792455,0.11571946543889534,-0.15189464733360963,0.26403228992458705,0.0,0.3285635400311541,0.44866842236317717,0.3786267926127209,1.1292650394620471,0.3409191250176254,0.0,3.189023017883301,39.638999938964844,0.3
1.6720000000000013,-0.16112056811628298,0.13184405462896182,-0.15282987437204706,0.2659726851496378,0.0,0.33050393525620486,0.44884808880268195,0.3786268291981254,1.1293506614119495,0.34091864282380285,0.0,3.189023017883301,39.638999938964844,0.3
1.6820000000000013,-0.15971651810582949,0.14565659579474066,-0.15376707612512122,0.2672112304077838,0.0,0.33174248051435085,0.4490254011812645,0.37862686505765214,1.1293410175351863,0.3409181583849511,0.0,3.189023017883301,39.638999938964844,0.3
1.6920000000000013,-0.15818849960225934,0.1571400715832895,-0.1546783671107398,0.26775337481033995,0.0,0.332284624916907,0.44920009278725775,0.37862690020570294,1.1292747829115086,0.34091767275805557,0.0,3.189023017883301,39.638999938964844,0.3
1.7020000000000013,-0.15656410305960408,0.16507537923222806,-0.15556857402388583,0.26740106014905934,0.0,0.3319323102556264,0.4493718933615542,0.378626934656394,1.1288870364491403,0.3409171869975968,0.0,3.328953981399536,38.827308654785156,0.3
1.7120000000000013,-0.15489372314843414,0.1682428062416369,-0.15648928646992832,0.26638153503100315,0.0,0.3309127851375702,0.449540535406718,0.3786269684235613,1.1285009170592808,0.34091670271770474,0.0,3.328953981399536,38.827308654785156,0.3
1.7220000000000013,-0.15320700633403633,0.16863292483460834,-0.15732926242827522,0.2653440745312611,0.0,0.32987532463782815,0.44970576297747783,0.37862700152076645,1.1290066968764396,0.34091621956399626,0.0,3.328953981399536,38.827308654785156,0.3
1.7320000000000013,-0.15152189677768832,0.16825028667693154,-0.15803616077450147,0.2626536444473995,0.0,0.3271848945539666,0.4498673374171587,0.3786270339613019,1.1280698421775928,0.34091573979655065,0.0,3.328953981399536,38.827308654785156,0.3
1.7420000000000013,-0.14985395107903304,0.16563365527255744,-0.15860219735529743,0.25965645545200067,0.0,0.32418770555856774,0.45002503993485443,0.3786270657581963,1.127516266782448,0.34091526403319383,0.0,3.328953981399536,38.827308654785156,0.3
1.7520000000000013,-0.14823677060309773,0.15749911980793524,-0.15908242230197245,0.25667812145793567,0.0,0.32120937156450274,0.4501786736844548,0.3786270969242201,1.127725709436207,0.34091479232368427,0.0,3.3212833404541016,37.826210021972656,0.3
1.7620000000000013,-0.14675658480598552,0.141790494491722,-0.15960180679425034,0.25331953448794003,0.0,0.3178507845945071,0.4503280700629518,0.3786271274718901,1.1280614171702372,0.3409143254159672,0.0,3.3212833404541016,37.826210021972656,0.3
1.7720000000000014,-0.1454281757330968,0.12692634517948728,-0.1599417869963984,0.2488512565773721,0.0,0.3133825066839392,0.4504731009696914,0.3786271574134748,1.1274063866686719,0.34091386448307975,0.0,3.3212833404541016,37.826210021972656,0.3
1.7820000000000014,-0.14424998839209266,0.11168316061577069,-0.1600983351116411,0.24442358210789045,0.0,0.3089548322144575,0.45061368057389406,0.3786271867609993,1.1272563606929347,0.34091341008551546,0.0,3.3212833404541016,37.826210021972656,0.3
1.7920000000000014,-0.1432323592923168,0.09491155974374726,-0.16008040452768485,0.24003670917088843,0.0,0.3045679592774555,0.45074976244123927,0.3786272155262502,1.1274888827252143,0.34091296227693096,0.0,3.3212833404541016,37.826210021972656,0.3
1.8020000000000014,-0.14238372826265538,0.07736062992450281,-0.159895924886895,0.23422390874266383,0.0,0.2987551588492309,0.45088133871092817,0.37862724372078016,1.1259227129440292,0.34091252245391374,0.0,3.163844347000122,37.1046142578125,0.3
1.8120000000000014,-0.1417439571988862,0.05519438271934531,-0.15966546145362467,0.22928976868213163,0.0,0.2938210187886987,0.4510084398918008,0.3786272713559127,1.1256670087884237,0.3409120898554348,0.0,3.163844347000122,37.1046142578125,0.3
1.8220000000000014,-0.14131291402344615,0.035180599688143,-0.15923871150945376,0.22380730360770756,0.0,0.28833855371427464,0.45113113838476465,0.3786272984427465,1.1245989623311647,0.3409116651896991,0.0,3.163844347000122,37.1046142578125,0.3
1.8320000000000014,-0.14107570306640632,0.01612315353492571,-0.158632833446835,0.21847136041031584,0.0,0.2830026105168829,0.4512495464062572,0.37862732499216023,1.1235637439424282,0.34091124823718444,0.0,3.163844347000122,37.1046142578125,0.3
1.8420000000000014,-0.14103073445763162,-0.003173229260956985,-0.1578796939367357,0.21401007330491656,0.0,0.27854132341148363,0.4513638106024435,0.3786273510148166,1.1234569532709529,0.34091083817950485,0.0,3.163844347000122,37.1046142578125,0.3
1.8520000000000014,-0.1411741492374906,-0.021956831245429104,-0.15699097464609685,0.20980090006499094,0.0,0.274332150171558,0.4514741089739562,0.37862737652116685,1.1232901768824015,0.34091043493411155,0.0,3.0361173152923584,36.935630798339844,0.3
1.8620000000000014,-0.14151009257487673,-0.041194523177751595,-0.15600970366001385,0.20596178468079235,0.0,0.2704930347873594,0.45158064814526533,0.3786274015214548,1.1231203447192666,0.3409100371684482,0.0,3.0361173152923584,36.935630798339844,0.3
1.8720000000000014,-0.14203982391715347,-0.06074988082734024,-0.1549650539081488,0.2032750004328225,0.0,0.26780625053938956,0.4516836617054236,0.3786274260257211,1.1239439704906302,0.3409096438355598,0.0,3.0361173152923584,36.935630798339844,0.3
1.8820000000000014,-0.14275806341807962,-0.07909801037854383,-0.15387023008627776,0.20085638740985692,0.0,0.265387637516424,0.45178340847398873,0.37862745004380705,1.1244367737237546,0.340909254588538,0.0,3.0361173152923584,36.935630798339844,0.3
1.8920000000000015,-0.14365226536414283,-0.09602425665383957,-0.15275325824057803,0.1986919912105489,0.0,0.26322324131711594,0.4518801695215981,0.3786274735853589,1.1245086972505054,0.34090886851435837,0.0,3.0361173152923584,36.935630798339844,0.3
1.9020000000000015,-0.14470117002482358,-0.11033432108908904,-0.1516225866686125,0.19712575706122612,0.0,0.26165700716779317,0.4519742438672987,0.3786274966598313,1.1245877149280505,0.3409084851198281,0.0,3.215698480606079,37.33766174316406,0.3
1.9120000000000015,-0.1458714758401957,-0.12125723216388344,-0.15047921767917014,0.1959844272157284,0.0,0.26051567732229547,0.45206594278869705,0.37862751927649146,1.124394283738669,0.34090810371672864,0.0,3.215698480606079,37.33766174316406,0.3
1.9220000000000015,-0.14714007378099614,-0.13059998065435796,-0.14938590464244125,0.19627737846215917,0.0,0.2608086285687262,0.45215558267200223,0.3786275414444226,1.1253235142688323,0.34090772289335336,0.0,3.215698480606079,37.33766174316406,0.3
1.9320000000000015,-0.14849366571228123,-0.1378883488804936,-0.14836931052489352,0.1962631189309657,0.0,0.2607943690375328,0.45224347989249564,0.3786275631725278,1.1249358644614242,0.34090734149841834,0.0,3.215698480606079,37.33766174316406,0.3
1.9420000000000015,-0.14989573348446023,-0.14140518010248354,-0.1474239719780656,0.19721621267354714,0.0,0.2617474627801142,0.4523299471771414,0.37862758446953354,1.1250350052042863,0.3409069595885144,0.0,3.215698480606079,37.33766174316406,0.3
1.9520000000000015,-0.15131705533481637,-0.14161603126387323,-0.14655821954028786,0.1989313894372312,0.0,0.2634626395437983,0.45241528719519863,0.37862760534399315,1.1253703372957058,0.34090657546251435,0.0,3.2853994369506836,38.12405776977539,0.3
1.9620000000000015,-0.15269771962565865,-0.1352309190559564,-0.14567978922353605,0.20040221337573808,0.0,0.2649334634823052,0.45249978640062205,0.37862762580429005,1.1245743267950217,0.34090618892409985,0.0,3.2853994369506836,38.12405776977539,0.3
1.9720000000000015,-0.1539993932329141,-0.1266109671978644,-0.14491577915353357,0.20263470058208755,0.0,0.2671659506886546,0.45258370534942644,0.37862764585864167,1.1241210961561243,0.34090579985330255,0.0,3.2853994369506836,38.12405776977539,0.3
1.9820000000000015,-0.15520877059340976,-0.11705908961912341,-0.14430137224368872,0.2058808408050904,0.0,0.27041209091165747,0.45266727256161304,0.37862766551510213,1.1244488838366555,0.3409054066086943,0.0,3.2853994369506836,38.12405776977539,0.3
1.9920000000000015,-0.15632176561449007,-0.10725512398436672,-0.14386494910760617,0.2096434088902569,0.0,0.27417465899682397,0.45275068371650895,0.3786276847815659,1.1249553398047853,0.3409050077376592,0.0,3.2853994369506836,38.12405776977539,0.3
2.002000000000001,-0.15731546173170105,-0.09305035423008744,-0.14354018012878492,0.2130920547471429,0.0,0.27762330485371,0.4528341024460725,0.37862770366577064,1.124581528964948,0.3409046041037016,0.0,3.1939852237701416,38.85552215576172,0.3
2.012,-0.15813599713808218,-0.07468900135751909,-0.1432584306761389,0.2170950447029496,0.0,0.2816262948095167,0.4529176575129701,0.3786277221753007,1.1246458956787246,0.340904194410924,0.0,3.1939852237701416,38.85552215576172,0.3
2.021999999999999,-0.15877355103689889,-0.05632541780190578,-0.14314404505897635,0.2212437903970779,0.0,0.285775040503645,0.45300143618375927,0.3786277403175899,1.1246886225123027,0.3409037789527007,0.0,3.1939852237701416,38.85552215576172,0.3
2.031999999999998,-0.1592253565533773,-0.03783279139439686,-0.14319493524088478,0.22558679527283768,0.0,0.2901180453794048,0.45308548401182047,0.3786277580999245,1.1249018718844837,0.34090335743370465,0.0,3.1939852237701416,38.85552215576172,0.3
2.0419999999999967,-0.1594954435263247,-0.01968179366438564,-0.14341487066299605,0.2298867081580715,0.0,0.29441795826463857,0.4531698073044889,0.37862777552944615,1.1250762013604234,0.3409029293260398,0.0,3.1939852237701416,38.85552215576172,0.3
2.0519999999999956,-0.15957524290307118,0.0004099741076192629,-0.14375440391779626,0.2333065901935578,0.0,0.29783784030012483,0.45325437617058595,0.378627792613155,1.124161354607297,0.34090249578126536,0.0,3.008075475692749,39.14912796020508,0.3
2.0619999999999945,-0.15944160736293322,0.021675663914425033,-0.14418106328019267,0.23729414889005332,0.0,0.3018253989966204,0.453339125149435,0.3786278093579122,1.124302213874982,0.34090205694785486,0.0,3.008075475692749,39.14912796020508,0.3
2.0719999999999934,-0.1591016511811343,0.041989467865495136,-0.14472532968244542,0.24070740428942494,0.0,0.305238654395992,0.4534239521805114,0.3786278257704427,1.124011086605369,0.3409016128871581,0.0,3.008075475692749,39.14912796020508,0.3
2.0819999999999923,-0.158564106468302,0.06160455516136267,-0.14536356919795476,0.2434901076384447,0.0,0.30802135774501177,0.4535087219000144,0.3786278418573381,1.1233133767492984,0.34090116417952787,0.0,3.008075475692749,39.14912796020508,0.3
2.091999999999991,-0.15783707220949084,0.07981721683487063,-0.14607989821568051,0.24626192069870803,0.0,0.31079317080527513,0.45359326962337193,0.3786278576250593,1.1231705281303865,0.34090071119346005,0.0,3.008075475692749,39.14912796020508,0.3
2.10199999999999,-0.15693994993114213,0.09594521507093073,-0.14686449433561688,0.2489196310970838,0.0,0.31345088120365083,0.4536774054000504,0.3786278730799387,1.123517320810679,0.34090025426424275,0.0,3.18593692779541,38.85581970214844,0.3
2.111999999999989,-0.15589800699147144,0.10975698559606518,-0.14770660310187106,0.25062518599463895,0.0,0.31515643610120603,0.4537609195650738,0.3786278882281835,1.1232461186030238,0.34089979405994325,0.0,3.18593692779541,38.85581970214844,0.3
2.121999999999988,-0.15471851815700663,0.12318018263489991,-0.1485392178085211,0.2518195030779216,0.0,0.3163507531844887,0.45384358863561836,0.3786279030758774,1.1230256593597792,0.340899332302951,0.0,3.18593692779541,38.85581970214844,0.3
2.131999999999987,-0.15341990053199123,0.13407963715716065,-0.14936253716382525,0.25266110585220364,0.0,0.3171923559587707,0.45392517853517567,0.3786279176289837,1.1231126518381926,0.34089886900492855,0.0,3.18593692779541,38.85581970214844,0.3
2.1419999999999857,-0.15201980030110546,0.14380803830172814,-0.15013218013508797,0.2522880647146698,0.0,0.3168193148212369,0.4540054487799822,0.378627931893347,1.1223178438130312,0.3408984058776576,0.0,3.18593692779541,38.85581970214844,0.3
2.1519999999999846,-0.1505415758472396,0.14941506483588987,-0.15087711749167987,0.25175033499082966,0.0,0.31628158509739673,0.45408415664594337,0.37862794587469617,1.1221135736306187,0.3408979430830152,0.0,3.298707962036133,38.10084915161133,0.3
2.1619999999999835,-0.14904911641692326,0.14886934990595777,-0.15167172734923282,0.2513149113856569,0.0,0.315846161492224,0.4541610629233623,0.3786279595786465,1.1228660495260123,0.3408974811892099,0.0,3.298707962036133,38.10084915161133,0.3
2.1719999999999824,-0.14757173194249656,0.14698042713942464,-0.15237813295151695,0.24915270175301268,0.0,0.31368395185957976,0.45423594271907525,0.3786279730107016,1.1219853819698447,0.340897020997785,0.0,3.298707962036133,38.10084915161133,0.3
2.1819999999999813,-0.14611836630462513,0.14416674448334588,-0.15296385944062993,0.24681967582964415,0.0,0.3113509259362112,0.4543085909059976,0.37862798617625626,1.1216007239274532,0.34089656399249463,0.0,3.298707962036133,38.10084915161133,0.3
2.19199999999998,-0.144697928692884,0.14026760601718752,-0.15340715487338472,0.24392927367524525,0.0,0.3084605237818123,0.4543788229632855,0.3786279990805979,1.1211097421151595,0.34089611130558045,0.0,3.298707962036133,38.10084915161133,0.3
2.201999999999979,-0.14333624000326764,0.13219767918618855,-0.15375844033942723,0.24080531137034547,0.0,0.30533656147691257,0.4544464757822769,0.37862801172890914,1.1208910808598629,0.3408956628885758,0.0,3.2702696323394775,37.232078552246094,0.3
2.211999999999978,-0.14210037433120187,0.11788673274160588,-0.15412612469122225,0.237412292672804,0.0,0.3019435427793711,0.45451141201143097,0.37862802412626984,1.120820832181543,0.34089521935446304,0.0,3.2702696323394775,37.232078552246094,0.3
2.221999999999977,-0.14100977029088235,0.10317630822123408,-0.15434638442860651,0.23390510320645555,0.0,0.29843635331302265,0.4545735295152813,0.37862803627765895,1.1210251571747547,0.3408947807853649,0.0,3.2702696323394775,37.232078552246094,0.3
2.231999999999976,-0.14007043581895723,0.08736464591653742,-0.154419012310929,0.23082147112027224,0.0,0.2953527212268393,0.45463276388573765,0.37862804818795676,1.1221491452653962,0.34089434751821196,0.0,3.2702696323394775,37.232078552246094,0.3
2.2419999999999747,-0.13930984584476996,0.06833691124879691,-0.15438083586912466,0.22758901618084512,0.0,0.29212026628741217,0.45468908762803933,0.3786280598619466,1.1232749808494873,0.3408939184268661,0.0,3.2702696323394775,37.232078552246094,0.3
2.2519999999999736,-0.13874651412601152,0.047877741833882076,-0.15423336526742634,0.22351537379635417,0.0,0.28804662390292124,0.4547425123813525,0.3786280713043171,1.1233119783570784,0.34089349469998925,0.0,3.1051716804504395,36.66107177734375,0.3
2.2619999999999725,-0.13840052735724476,0.02599065855955719,-0.15402920580488724,0.2195607244316992,0.0,0.2840919745382663,0.45479309029792725,0.3786280825196636,1.1234949924651954,0.3408930772556237,0.0,3.1051716804504395,36.66107177734375,0.3
2.2719999999999714,-0.13826542023740268,0.005434019542297592,-0.15368382091416666,0.21535760856844088,0.0,0.27988885867500796,0.4548409143630403,0.37862809351249055,1.1231985263596087,0.3408926654998662,0.0,3.1051716804504395,36.66107177734375,0.3
2.2819999999999703,-0.13831933401003194,-0.012634000268418833,-0.15318244803473913,0.2113307027641247,0.0,0.27586195287069176,0.4548861146950382,0.3786281042872127,1.122905267167359,0.34089226028800296,0.0,3.1051716804504395,36.66107177734375,0.3
2.291999999999969,-0.13855435606977304,-0.03037012582459927,-0.15256694417247194,0.2072247982613599,0.0,0.271756048367927,0.45492885222033114,0.3786281148481575,1.122152929183716,0.34089186039062996,0.0,3.1051716804504395,36.66107177734375,0.3
2.301999999999968,-0.13895926148760426,-0.04707763082427387,-0.15184470300207456,0.20401468668248468,0.0,0.26854593678905175,0.4549693143678034,0.3786281251995664,1.122209253975333,0.3408914657514346,0.0,3.087744951248169,36.663814544677734,0.3
2.311999999999967,-0.13952881154630095,-0.06348868398010714,-0.15104817145793512,0.2014578640721608,0.0,0.26598911417872784,0.4550077112744115,0.37862813534559675,1.1226469542008566,0.3408910752789141,0.0,3.087744951248169,36.663814544677734,0.3
2.321999999999966,-0.14025280943540122,-0.07839802948101282,-0.1501885728796977,0.19905268870186685,0.0,0.2635839388084339,0.4550442727857097,0.3786281452903234,1.1226873340533166,0.3408906888516497,0.0,3.087744951248169,36.663814544677734,0.3
2.3319999999999648,-0.14112413118470735,-0.09279629932658828,-0.14930786409560054,0.19740836131959588,0.0,0.26193961142616295,0.45507924515774717,0.3786281550377403,1.1231201406490472,0.34089030504957074,0.0,3.087744951248169,36.663814544677734,0.3
2.3419999999999637,-0.14213375282629503,-0.10625922186168141,-0.14843051947465716,0.19657142298518565,0.0,0.2611026730917527,0.45511288812712486,0.3786281645917622,1.1239603340564521,0.3408899230167317,0.0,3.087744951248169,36.663814544677734,0.3
2.3519999999999626,-0.14327099298707116,-0.11791927184200655,-0.14756773524654343,0.1959595959594947,0.0,0.26049084606606177,0.45514547211021306,0.3786281739562261,1.1243565436298368,0.34088954175933817,0.0,3.2325375080108643,37.16421890258789,0.3
2.3619999999999615,-0.1445040820013896,-0.12689174177795315,-0.1467015740078352,0.19673198151153184,0.0,0.26126323161809895,0.45517727459612733,0.3786281831348932,1.1259061841740934,0.34088916021314875,0.0,3.2325375080108643,37.16421890258789,0.3
2.3719999999999604,-0.14582013788248346,-0.1339874681772189,-0.14590226777159057,0.1966143227825936,0.0,0.2611455728891607,0.45520857432905326,0.3786281921314497,1.1254161491384147,0.3408887779550942,0.0,3.2325375080108643,37.16421890258789,0.3
2.3819999999999593,-0.14717769727084934,-0.13654210015846824,-0.1451453818243202,0.1971430863582368,0.0,0.26167433646480387,0.4552396471972018,0.3786282009495088,1.1250533797752404,0.3408883958006098,0.0,3.2325375080108643,37.16421890258789,0.3
2.391999999999958,-0.14853932537498882,-0.1356727596756827,-0.14445449508142835,0.19812957019111685,0.0,0.2626608202976839,0.4552707589391213,0.37862820959261184,1.1245877581722987,0.3408880127428947,0.0,3.2325375080108643,37.16421890258789,0.3
2.401999999999957,-0.14987172403851598,-0.13038350626286624,-0.14380991407476706,0.19917988376467963,0.0,0.2637111338712467,0.45530215825128395,0.37862821806423025,1.1235162319526222,0.34088762809274026,0.0,3.265190601348877,37.95331573486328,0.3
2.411999999999956,-0.15111466533862242,-0.12019993083779214,-0.14314540080714694,0.201192325731791,0.0,0.26572357583835804,0.4553340703903877,0.3786282263677663,1.1231480957655258,0.34088724055135833,0.0,3.265190601348877,37.95331573486328,0.3
2.421999999999955,-0.15225301884913875,-0.10966423240854747,-0.14260289699375941,0.2039848861010295,0.0,0.26851613620759657,0.45536668855361107,0.3786282345065549,1.1232958737000927,0.3408868497225357,0.0,3.265190601348877,37.95331573486328,0.3
2.4319999999999538,-0.153289032779843,-0.09940773862599167,-0.1422127605355518,0.20713302798958866,0.0,0.27166427809615573,0.45540017213072354,0.3786282424838648,1.1234493594602462,0.34088645414361585,0.0,3.265190601348877,37.95331573486328,0.3
2.4419999999999527,-0.15421816425055754,-0.08830086368453115,-0.14197417676916113,0.21086693720127003,0.0,0.2753981873078371,0.4554346489429027,0.37862825030289976,1.124022118909997,0.34088605350723233,0.0,3.265190601348877,37.95331573486328,0.3
2.4519999999999516,-0.15502200458483426,-0.07440884788578825,-0.14184774197921413,0.21455744589322504,0.0,0.27908869599979214,0.4554702162522964,0.3786282579668001,1.1242330595860013,0.34088564790406056,0.0,3.1560001373291016,38.58478546142578,0.3
2.4619999999999505,-0.15566479383571438,-0.05779883991971772,-0.14177691611585871,0.21867281632188354,0.0,0.28320406642845064,0.4555069389624775,0.37862826547864376,1.1248327201612522,0.3408852362020362,0.0,3.1560001373291016,38.58478546142578,0.3
2.4719999999999493,-0.15614534745217962,-0.04149796826607684,-0.14186062959722004,0.22244841567112952,0.0,0.2869796657776966,0.4555448460135139,0.37862827284144757,1.1248514195684138,0.34088481881003624,0.0,3.1560001373291016,38.58478546142578,0.3
2.4819999999999482,-0.1564653731009137,-0.025806403931278143,-0.14210030302114218,0.22672192076615183,0.0,0.2912531708727189,0.45558393160918254,0.3786282800581687,1.125571473278804,0.340884395334882,0.0,3.1560001373291016,38.58478546142578,0.3
2.491999999999947,-0.1566229886611427,-0.008688321706766663,-0.14246028137047884,0.22986864887115163,0.0,0.2943998989777187,0.4556241580696316,0.3786282871317055,1.1248253183885142,0.34088396675639643,0.0,3.1560001373291016,38.58478546142578,0.3
2.501999999999946,-0.15660254571737323,0.009264375798741882,-0.14292162851389725,0.23323265946260055,0.0,0.29776390956916765,0.45566545728487323,0.3786282940648988,1.1246024777523878,0.34088353334503824,0.0,3.0110068321228027,38.79452896118164,0.3
2.511999999999945,-0.15639735462282905,0.02784649068577672,-0.143458370426937,0.23632581913561293,0.0,0.30085706924218003,0.45570773024744504,0.3786283008605332,1.1243190424503613,0.34088309538593886,0.0,3.0110068321228027,38.79452896118164,0.3
2.521999999999944,-0.15602006252477685,0.04421873088859894,-0.14410409697171062,0.23979687209396625,0.0,0.3043281222005333,0.4557508481902834,0.3786283075213377,1.1249751003915427,0.3408826522688631,0.0,3.0110068321228027,38.79452896118164,0.3
2.5319999999999427,-0.1554796030885548,0.06057890612570739,-0.1448099446360477,0.2417840706255852,0.0,0.3063153207321523,0.4557946566004267,0.37862831404998765,1.1240467023451135,0.3408822055087685,0.0,3.0110068321228027,38.79452896118164,0.3
2.5419999999999416,-0.15478792364909508,0.0743927384757421,-0.14558705978969397,0.24512012020728496,0.0,0.30965137031385204,0.4558389790591759,0.37862832044910505,1.1255726346300918,0.340881754579168,0.0,3.0110068321228027,38.79452896118164,0.3
2.5519999999999405,-0.15397294261985303,0.08614439046286952,-0.14641856040932455,0.24658838409235667,0.0,0.31111963419892374,0.45588362151097694,0.3786283267212598,1.1251058079867735,0.3408813001127636,0.0,3.167501926422119,38.49742889404297,0.3
2.5619999999999394,-0.15304822498426254,0.09681626376857708,-0.1472746851633126,0.24781146472719762,0.0,0.3123427148337647,0.4559283784387503,0.378628332868971,1.124964921928406,0.3408808436425122,0.0,3.167501926422119,38.49742889404297,0.3
2.5719999999999383,-0.15201827719152083,0.10690021944335612,-0.14810669648225885,0.24871322744801572,0.0,0.3132444775545828,0.4559730365616142,0.37862833889470776,1.1250778773534773,0.3408803861601255,0.0,3.167501926422119,38.49742889404297,0.3
2.5819999999999372,-0.15090193967307367,0.11463387765557262,-0.14891465934698492,0.2489461026899439,0.0,0.313477352796511,0.4560173768917134,0.37862834480089,1.1249757881019802,0.3408799277129932,0.0,3.167501926422119,38.49742889404297,0.3
2.591999999999936,-0.14972136061856836,0.11988157681926104,-0.1496806781124477,0.24931959252438868,0.0,0.31385084263095575,0.4560611786822744,0.37862835058988986,1.1257938116592863,0.34087946904076283,0.0,3.167501926422119,38.49742889404297,0.3
2.601999999999935,-0.14849356023486007,0.12395453321066238,-0.15037982062057456,0.24747242935279187,0.0,0.3120036794593589,0.4561042240725181,0.37862835626403224,1.1242138987021546,0.3408790121878707,0.0,3.2481534481048584,37.848976135253906,0.3
2.611999999999934,-0.14725813421362688,0.12315610576956013,-0.1510930803921878,0.2461389236815473,0.0,0.31067017378811435,0.45614630189837735,0.37862836182559595,1.1240498770367435,0.3408785572493706,0.0,3.2481534481048584,37.848976135253906,0.3
2.621999999999933,-0.14603542953326412,0.12132941474371972,-0.15170104962837427,0.24434707501024544,0.0,0.3088783251168125,0.4561872141059825,0.37862836727681476,1.1239069523844278,0.3408781048256204,0.0,3.2481534481048584,37.848976135253906,0.3
2.6319999999999317,-0.14484612422398968,0.11721066454210426,-0.1522059275056012,0.24201581427414637,0.0,0.30654706438071344,0.45622677975808534,0.37862837261987786,1.1236175665057773,0.34087765505823575,0.0,3.2481534481048584,37.848976135253906,0.3
2.6419999999999306,-0.14370361912524277,0.11195247712174643,-0.15257862431136876,0.23926555007044045,0.0,0.3037968001770075,0.4562648376611013,0.3786283778569312,1.1232852801085942,0.3408772093130771,0.0,3.2481534481048584,37.848976135253906,0.3
2.6519999999999295,-0.14262718134634733,0.10351730652259096,-0.1528548242010346,0.23646338598458944,0.0,0.3009946360911565,0.4563012481496589,0.378628382990078,1.1233497115728595,0.3408767678225758,0.0,3.212956428527832,37.140106201171875,0.3
2.6619999999999284,-0.14167676834731588,0.08944427860327775,-0.15313839216123842,0.2333696783097149,0.0,0.29790092841628196,0.456335896282303,0.3786283880213799,1.1234014385798574,0.3408763305615669,0.0,3.212956428527832,37.140106201171875,0.3
2.6719999999999273,-0.14086892238533863,0.07499679809123386,-0.1532913892438558,0.2302666174636904,0.0,0.2947978675702575,0.45636869999709084,0.3786283929528576,1.1237486115875246,0.34087589770470467,0.0,3.212956428527832,37.140106201171875,0.3
2.681999999999926,-0.14020448170874714,0.0611286692955371,-0.15329493346356607,0.22588875672745068,0.0,0.29042000683401775,0.45639961218680736,0.3786283977864916,1.1225199896849478,0.3408754702531887,0.0,3.212956428527832,37.140106201171875,0.3
2.691999999999925,-0.1396748611668427,0.0472842937522457,-0.1531479874614501,0.22245618680069448,0.0,0.2869874369072616,0.4564286183048002,0.3786284025242232,1.1227249841099132,0.3408750485905616,0.0,3.212956428527832,37.140106201171875,0.3
2.701999999999924,-0.139292027412064,0.03188762112439993,-0.15288966025462705,0.21861978210688948,0.0,0.28315103221345655,0.45645573324119465,0.3786284071679552,1.1223727172391027,0.3408746322072217,0.0,3.070827007293701,36.722694396972656,0.3
2.711999999999923,-0.13907134153161477,0.01572538807679061,-0.1525512181552861,0.21462423580749046,0.0,0.27915548591405753,0.4564810013167694,0.3786284117195526,1.1217111887684816,0.34087422195033024,0.0,3.070827007293701,36.722694396972656,0.3
2.721999999999922,-0.13901179976480985,-0.0005332147369463674,-0.1520979614871409,0.21130615212223688,0.0,0.27583740222880393,0.4565044967402767,0.37862841618084336,1.1218178626175854,0.34087381664828303,0.0,3.070827007293701,36.722694396972656,0.3
2.7319999999999207,-0.13911186028979447,-0.01607903631880843,-0.1515345103623472,0.20781305139501238,0.0,0.27234430150157946,0.4565263218026391,0.37862842055361934,1.1214038017832348,0.3408734163705068,0.0,3.070827007293701,36.722694396972656,0.3
2.7419999999999196,-0.13936903826734115,-0.03247985657562247,-0.1508993411617304,0.2058052296510419,0.0,0.270336479757609,0.4565466044139489,0.3786284248396367,1.1227056878241326,0.34087301995515484,0.0,3.070827007293701,36.722694396972656,0.3
2.7519999999999185,-0.13979164581451584,-0.048461185153051825,-0.15020482551981879,0.20315748023790034,0.0,0.2676887303444674,0.45656549620271325,0.37862842904061667,1.1226646758047787,0.3408726270406479,0.0,3.090869426727295,36.76336669921875,0.3
2.7619999999999174,-0.14036975790928038,-0.06415008004696582,-0.14947120282442136,0.20169084270773602,0.0,0.2662220928143031,0.45658317161871964,0.37862843315824646,1.1237586170573008,0.34087223692129737,0.0,3.090869426727295,36.76336669921875,0.3
2.7719999999999163,-0.1411000136691714,-0.07877300003940194,-0.14871775029309814,0.20037542977734152,0.0,0.2649066798839086,0.4565998249792861,0.37862843719417993,1.1244832296830274,0.3408718491118925,0.0,3.090869426727295,36.76336669921875,0.3
2.781999999999915,-0.14197199969238405,-0.0923508873158286,-0.14796887895245608,0.1990920437629521,0.0,0.26362329386951916,0.4566156679246682,0.3786284411500378,1.1246225392824294,0.3408714627523135,0.0,3.090869426727295,36.76336669921875,0.3
2.791999999999914,-0.14295983914644164,-0.10288157469325888,-0.1472142122293957,0.19824409830011977,0.0,0.2627753484066868,0.4566309258002917,0.378628445027409,1.1247069807006036,0.3408710782240571,0.0,3.090869426727295,36.76336669921875,0.3
2.801999999999913,-0.14403971106153324,-0.11082378545709684,-0.146468409576164,0.19806048907819798,0.0,0.2625917391847651,0.456645831995124,0.3786284488278506,1.1250378058036994,0.34087069437027884,0.0,3.2196481227874756,37.2581672668457,0.3
2.811999999999912,-0.14517868696297234,-0.11565968907075722,-0.1457112115479372,0.19842616789114267,0.0,0.2629574179977098,0.4566606221655075,0.37862845255288907,1.1254418972859228,0.3408703100759462,0.0,3.2196481227874756,37.2581672668457,0.3
2.821999999999911,-0.14635956910142406,-0.11970196952276572,-0.1450269279781283,0.19970405309374448,0.0,0.2642353032003115,0.4566755279748859,0.37862845620402036,1.1264317907569943,0.3408699246317566,0.0,3.2196481227874756,37.2581672668457,0.3
2.8319999999999097,-0.1475718444528028,-0.12210517154721627,-0.14442878906627407,0.2010976640381202,0.0,0.26562891414468726,0.45669077361521776,0.3786284597827109,1.1269131189639139,0.34086953736045866,0.0,3.2196481227874756,37.2581672668457,0.3
2.8419999999999086,-0.14879769394378167,-0.12283681933596807,-0.14393327833590497,0.20311668928554683,0.0,0.2676479393921139,0.4567065738249525,0.37862846329039795,1.127634019876516,0.34086914744246116,0.0,3.2196481227874756,37.2581672668457,0.3
2.8519999999999075,-0.1500174414892473,-0.12021443283384906,-0.14351664213724769,0.20517860842558278,0.0,0.26970985853214985,0.45672313105400103,0.3786284667284902,1.12782500489807,0.3408687543602448,0.0,3.2437264919281006,37.973243713378906,0.3
2.8619999999999064,-0.15117649571927275,-0.11316691217792352,-0.1431070285817476,0.20820164886868067,0.0,0.2727328989752478,0.45674063134368503,0.3786284700983686,1.1288204912076978,0.34086835724474784,0.0,3.2437264919281006,37.973243713378906,0.3
2.8719999999999053,-0.1522679897634933,-0.10641040556832776,-0.14284349111958278,0.21184346815834953,0.0,0.2763747182649166,0.45675923662837475,0.37862847340138645,1.1302023359388147,0.3408679553670912,0.0,3.2437264919281006,37.973243713378906,0.3
2.881999999999904,-0.15328607923632748,-0.09846586293031363,-0.1427201846643452,0.2150504328727558,0.0,0.27958168297932284,0.45677908363169023,0.3786284766388702,1.1305724558550476,0.34086754862736623,0.0,3.2437264919281006,37.973243713378906,0.3
2.891999999999903,-0.1542159037158361,-0.08905521343364553,-0.1427360128360927,0.21843189689464618,0.0,0.2829631470012133,0.45680028423626573,0.37862847981212033,1.1308694202829699,0.34086713675966857,0.0,3.2437264919281006,37.973243713378906,0.3
2.901999999999902,-0.15503653523265645,-0.07653116377738653,-0.14285087623094897,0.22183287676149196,0.0,0.286364126868059,0.45682292427078414,0.3786284829224111,1.130967879521526,0.34086671997393525,0.0,3.1600143909454346,38.58601760864258,0.3
2.911999999999901,-0.15570558061174808,-0.0607475198346856,-0.14300059307853136,0.22590436317000342,0.0,0.2904356132765705,0.4568470606856537,0.37862848597099175,1.1318669777413797,0.34086629764736726,0.0,3.1600143909454346,38.58601760864258,0.3
2.9219999999999,-0.15621727645776948,-0.04485232743788688,-0.14327571440317446,0.2294546926403139,0.0,0.29398594274688095,0.4568727165608208,0.3786284889590866,1.1319908605613938,0.3408658702305755,0.0,3.1600143909454346,38.58601760864258,0.3
2.9319999999998987,-0.15657327160097703,-0.029170639998166895,-0.14367611358877555,0.23262614440460497,0.0,0.29715739451117207,0.4568998814196237,0.37862849188789566,1.131637891380228,0.3408654374428502,0.0,3.1600143909454346,38.58601760864258,0.3
2.9419999999998976,-0.1567635155243615,-0.01217641697383678,-0.1441660063407746,0.23565495621243887,0.0,0.30018620631900594,0.45692851351303815,0.37862849475859534,1.1312370061281023,0.340865000362559,0.0,3.1600143909454346,38.58601760864258,0.3
2.9519999999998965,-0.15678441533040963,0.004400952944393207,-0.14474841862243007,0.23916454925613623,0.0,0.3036957993627033,0.4569585404167543,0.3786284975723385,1.131756338730347,0.3408645585123487,0.0,3.0022170543670654,38.815185546875,0.3
2.9619999999998954,-0.15664035981315222,0.021221544632422366,-0.14539418830480472,0.24149580164742634,0.0,0.3060270517539934,0.45698986054394874,0.37862850033025514,1.1309581666219848,0.3408641123520708,0.0,3.0022170543670654,38.815185546875,0.3
2.9719999999998943,-0.15632167572006958,0.038915031209548444,-0.14607634148000165,0.24326290971853767,0.0,0.3077941598251047,0.4570223455523026,0.37862850303345297,1.1297843620419112,0.34086366341374075,0.0,3.0022170543670654,38.815185546875,0.3
2.981999999999893,-0.1558349268146064,0.05496588266911979,-0.14680652983024572,0.245583654469227,0.0,0.31011490457579405,0.45705584099475394,0.3786285056830177,1.1298742331058458,0.3408632111969042,0.0,3.0022170543670654,38.815185546875,0.3
2.991999999999892,-0.15519594538055434,0.06952499318842631,-0.14756543899099253,0.24732146005956157,0.0,0.31185271016612864,0.4570901693349948,0.3786285082800134,1.1296979111468493,0.3408627562865768,0.0,3.0022170543670654,38.815185546875,0.3
3.001999999999891,-0.15442557300119752,0.08184858800755826,-0.14834887749425582,0.24877574543242462,0.0,0.31330699553899166,0.4571251347589854,0.37862851082548293,1.1297232418440935,0.34086229893035974,0.0,3.1592748165130615,38.55071258544922,0.3
3.01199999999989,-0.15353989994257577,0.09268801564898434,-0.14913351192861984,0.24948727275545438,0.0,0.3140185228620215,0.4571605283550715,0.3786285133204488,1.1293456338521553,0.34086184044393203,0.0,3.1592748165130615,38.55071258544922,0.3
3.0219999999998888,-0.15255660669812346,0.10188510426582137,-0.14989185702269636,0.24956299342104937,0.0,0.31409424352761645,0.4571961325432715,0.3786285157659129,1.1287392609016842,0.3408613811772724,0.0,3.1592748165130615,38.55071258544922,0.3
3.0319999999998877,-0.1514915871222898,0.10925899612000081,-0.1506049738587125,0.24962219439337624,0.0,0.3141534444999433,0.4572317251902405,0.3786285181628574,1.1287810429014753,0.34086092191136735,0.0,3.1592748165130615,38.55071258544922,0.3
3.0419999999998866,-0.150370481076145,0.11376015349341922,-0.15127190767876322,0.24929354265045775,0.0,0.3138247927570248,0.45726708345893796,0.37862852051224505,1.1289462794194502,0.34086046278255533,0.0,3.1592748165130615,38.55071258544922,0.3
3.0519999999998855,-0.14921394258544587,0.1161163073358615,-0.15188052908884503,0.24783577431221943,0.0,0.3123670244187865,0.45730198870501904,0.3786285228150194,1.128178816189937,0.3408600053538319,0.0,3.233135938644409,37.93354034423828,0.3
3.0619999999998844,-0.14807324098596086,0.11260876483537031,-0.15252233758159428,0.2468982879691353,0.0,0.3114295380757024,0.4573362312252675,0.37862852507210515,1.1287658777164058,0.3408595492336833,0.0,3.233135938644409,37.93354034423828,0.3
3.0719999999998833,-0.14697317159390333,0.10804474869394784,-0.1530729145203694,0.24538878960809055,0.0,0.30992003971465765,0.4573696185088436,0.3786285272844089,1.129137490943119,0.34085909521949165,0.0,3.233135938644409,37.93354034423828,0.3
3.081999999999882,-0.14592184695511282,0.10322647220677118,-0.15350412299231292,0.2424757078920042,0.0,0.30700695799857125,0.45740197963694396,0.37862852945281916,1.1280728179972477,0.34085864459558246,0.0,3.233135938644409,37.93354034423828,0.3
3.091999999999881,-0.14492339804168058,0.09741511134084561,-0.15380803810319982,0.23985415517352396,0.0,0.30438540528009106,0.4574331655336231,0.37862853157820675,1.1278812826425448,0.34085819794320554,0.0,3.233135938644409,37.93354034423828,0.3
3.10199999999988,-0.1439971311344067,0.08827834007126803,-0.15402611748426015,0.23736701386960748,0.0,0.3018982639761746,0.4574630487625688,0.3786285336614253,1.1282695114017423,0.3408577551455613,0.0,3.1824543476104736,37.30084228515625,0.3
3.111999999999879,-0.14320297852811037,0.07361755988687124,-0.15425777372634722,0.23471822538867904,0.0,0.2992494754952461,0.4574915266701045,0.3786285357033114,1.1287492864470665,0.3408573159721137,0.0,3.1824543476104736,37.30084228515625,0.3
3.1219999999998778,-0.14255699591579912,0.05867248883784136,-0.15437458256320688,0.23178774166492383,0.0,0.2963189917714909,0.4575185295261757,0.37862853770468524,1.1290678649465775,0.34085688066809333,0.0,3.1824543476104736,37.30084228515625,0.3
3.1319999999998767,-0.1420520432111145,0.04502411018530495,-0.15434754665824113,0.22827822325273459,0.0,0.29280947335930163,0.45754402226136504,0.3786285396663505,1.128715266336282,0.34085645058875397,0.0,3.1824543476104736,37.30084228515625,0.3
3.1419999999998756,-0.1416823465279662,0.03164776967260114,-0.15418612437131984,0.22456286784127175,0.0,0.2890941179478388,0.45756800109959483,0.37862854158909515,1.1281211229184354,0.34085602568670903,0.0,3.1824543476104736,37.30084228515625,0.3
3.1519999999998745,-0.14144821099382351,0.017443224541554204,-0.15391604997009486,0.22147569898386596,0.0,0.286006949090433,0.45759049026363674,0.37862854347369135,1.1283604098615392,0.34085560578931967,0.0,3.041543960571289,36.97797393798828,0.3
3.1619999999998734,-0.14137813606535615,0.00019189955646130123,-0.15361147231894612,0.21877443655147855,0.0,0.2833056866580456,0.4576115407069412,0.37862854532089585,1.1290047444404978,0.3408551896894284,0.0,3.041543960571289,36.97797393798828,0.3
3.1719999999998723,-0.14147800395775828,-0.016866582265252436,-0.15322010801550598,0.21658621645453796,0.0,0.28111746656110503,0.4576312326671513,0.37862854713145067,1.1301426911315997,0.34085477741687614,0.0,3.041543960571289,36.97797393798828,0.3
3.181999999999871,-0.14173748322742075,-0.031883390829627684,-0.15272838076565198,0.21352233947923718,0.0,0.2780535895858043,0.457649675175736,0.37862854890608294,1.1297442785364789,0.34085436964477656,0.0,3.041543960571289,36.97797393798828,0.3
3.19199999999987,-0.14215121519787202,-0.047747264673869305,-0.152190605969429,0.2117462369875297,0.0,0.2762774870940968,0.4576670021846122,0.3786285506455054,1.1307612975507304,0.34085396462199535,0.0,3.041543960571289,36.97797393798828,0.3
3.201999999999869,-0.14271894489029308,-0.06228515033727521,-0.15160085293356296,0.20953602978775382,0.0,0.2740672798943209,0.4576833697906047,0.3786285523504166,1.1307111452730376,0.34085356252557025,0.0,3.1194069385528564,37.111324310302734,0.3
3.211999999999868,-0.14341933557816694,-0.07514495992788096,-0.15096202981689885,0.20818759253773372,0.0,0.2727188426443008,0.4576989539784212,0.37862855402150125,1.1313484859478586,0.34085316302830193,0.0,3.1194069385528564,37.111324310302734,0.3
3.2219999999998667,-0.14424183436274482,-0.08655575168247981,-0.15030562138496778,0.20674342835430481,0.0,0.2712746784608719,0.4577139457111955,0.3786285556594305,1.1312839265622445,0.3408527655711701,0.0,3.1194069385528564,37.111324310302734,0.3
3.2319999999998656,-0.14516575017709094,-0.09644934196611187,-0.14964665810168287,0.2063729857690327,0.0,0.27090423587559975,0.4577285470627424,0.37862855726486216,1.1321207009308214,0.34085236964807974,0.0,3.1194069385528564,37.111324310302734,0.3
3.2419999999998645,-0.14618996840758217,-0.10605291591837059,-0.1490302721871158,0.20639371448505792,0.0,0.27092496459162496,0.45774296709165374,0.3786285588384411,1.1328783480773876,0.3408519735604589,0.0,3.1194069385528564,37.111324310302734,0.3
3.2519999999998634,-0.14728168139609693,-0.11016662674470938,-0.148388670262268,0.20506753604542097,0.0,0.26959878615198807,0.4577574198360879,0.3786285603807992,1.131113716200383,0.3408515789695345,0.0,3.2204809188842773,37.647361755371094,0.3
3.2619999999998623,-0.1483883862749199,-0.11076054061984544,-0.147711493871841,0.2055761756994112,0.0,0.27010742580597824,0.45777211755639746,0.37862856189255595,1.1312823736951176,0.3408511840427163,0.0,3.2204809188842773,37.647361755371094,0.3
3.2719999999998612,-0.1494910505660077,-0.10955751785263483,-0.1470800294367183,0.20581366297388315,0.0,0.2703449130804502,0.4577872615865085,0.3786285633743184,1.1304503880651122,0.3408507888452683,0.0,3.2204809188842773,37.647361755371094,0.3
3.28199999999986,-0.15056823747233422,-0.10647510993580045,-0.14650648277922212,0.20701718761797938,0.0,0.27154843772454645,0.45780303832815494,0.3786285648266818,1.130383945086713,0.3408503928140529,0.0,3.2204809188842773,37.647361755371094,0.3
3.291999999999859,-0.1516179627438608,-0.10391971372374033,-0.14604430970506432,0.2092331879401693,0.0,0.27376443804673634,0.45781961644748764,0.37862856625022934,1.1311907540175352,0.3408499937568204,0.0,3.2204809188842773,37.647361755371094,0.3
3.301999999999858,-0.15262988891395737,-0.09837834003900725,-0.1456494850776515,0.2111575219612683,0.0,0.2756887720678354,0.45783714703685513,0.3786285676455329,1.1310953793432754,0.3408495919713864,0.0,3.2009084224700928,38.29197692871094,0.3
3.311999999999857,-0.15355148690565243,-0.08819252470286293,-0.14524235511642125,0.2134643545862928,0.0,0.2779956046928599,0.4578557618667333,0.3786285690131526,1.131095204507307,0.34084918710416406,0.0,3.2009084224700928,38.29197692871094,0.3
3.3219999999998557,-0.15437189406347931,-0.07791470527879185,-0.1449502835208821,0.2158853076001762,0.0,0.2804165577067433,0.45787556619176384,0.37862857035363795,1.1308800496106781,0.34084877873694236,0.0,3.2009084224700928,38.29197692871094,0.3
3.3319999999998546,-0.15509040192657855,-0.0678392322659544,-0.1447884562450155,0.21894494123846786,0.0,0.28347619134503493,0.45789663737653113,0.3786285716675272,1.1312629176613056,0.34084836603423607,0.0,3.2009084224700928,38.29197692871094,0.3
3.3419999999998535,-0.1556995830837375,-0.05594157134940951,-0.144734309484172,0.2213330833174485,0.0,0.28586433342401557,0.45791902652581484,0.3786285729553481,1.1304922419521881,0.3408479495577809,0.0,3.2009084224700928,38.29197692871094,0.3
3.3519999999998524,-0.15617838126808475,-0.042276205390271576,-0.14476814753655246,0.2244862223409191,0.0,0.2890174724474862,0.45794275849410565,0.3786285742176178,1.1306689405779011,0.34084752908031807,0.0,3.0910091400146484,38.73126220703125,0.3
3.3619999999998513,-0.156512672340247,-0.027757261129994798,-0.14486400712154712,0.22802643069011316,0.0,0.2925576807966802,0.45796782993684165,0.37862857545484324,1.131345265178409,0.3408471033107309,0.0,3.0910091400146484,38.73126220703125,0.3
3.3719999999998502,-0.15669709114079877,-0.011973213992380431,-0.14504957244059183,0.22997240080727774,0.0,0.2945036509138448,0.4579942086691146,0.37862857666752125,1.1298315625640285,0.34084667398793056,0.0,3.0910091400146484,38.73126220703125,0.3
3.381999999999849,-0.15672550768465882,0.003166390692889041,-0.14533642078229803,0.23293209162142325,0.0,0.2974633417279903,0.4580218341347743,0.37862857785613896,1.1298700749635713,0.3408462404967852,0.0,3.0910091400146484,38.73126220703125,0.3
3.391999999999848,-0.1566060618664738,0.01781186771478995,-0.14571529587260615,0.2355407009814204,0.0,0.30007195108798745,0.4580506186169023,0.3786285790211738,1.1296341668486933,0.34084580294181116,0.0,3.0910091400146484,38.73126220703125,0.3
3.401999999999847,-0.15633606412385137,0.03311915681480492,-0.14615279821148736,0.23751568262600103,0.0,0.3020469327325681,0.4580804502887791,0.3786285801630936,1.1288083251653682,0.3408453623214273,0.0,3.0598697662353516,38.76827621459961,0.3
3.411999999999846,-0.15592017823091744,0.046748074479038705,-0.14666125091545748,0.24068296110984347,0.0,0.30521421121641057,0.45811119471509637,0.3786285812823569,1.1300224902175975,0.34084491798685795,0.0,3.0598697662353516,38.76827621459961,0.3
3.4219999999998447,-0.15538879688740026,0.05729005083040216,-0.14725806804356,0.24317999237433327,0.0,0.3077112424809003,0.4581426977997918,0.3786285823794133,1.1307291587010928,0.3408444692496151,0.0,3.0598697662353516,38.76827621459961,0.3
3.4319999999998436,-0.1547584914895384,0.06669826608526581,-0.14790416229066017,0.24542781008754702,0.0,0.3099590601941141,0.4581747923401499,0.37862858345470346,1.131567779179834,0.34084401734852215,0.0,3.0598697662353516,38.76827621459961,0.3
3.4419999999998425,-0.15404014240397798,0.07535546700915903,-0.1485751086885264,0.24651256911342118,0.0,0.31104381921998825,0.4582073026066679,0.37862858450865927,1.1312997943189287,0.34084356306197305,0.0,3.0598697662353516,38.76827621459961,0.3
3.4519999999998414,-0.15323801145834637,0.08293285334621636,-0.14925638007102776,0.24760956081494076,0.0,0.3121408109215078,0.45824004700091003,0.37862858554170387,1.1316023254758205,0.34084310733768025,0.0,3.163841724395752,38.40846633911133,0.3
3.4619999999998403,-0.15237670134842043,0.08808695363832393,-0.14997160453029287,0.24817466199111596,0.0,0.31270591209768306,0.45827284010362473,0.37862858655425213,1.1317375615961578,0.3408426506363725,0.0,3.163841724395752,38.40846633911133,0.3
3.471999999999839,-0.15147222735475327,0.09191138145198488,-0.15066364465684975,0.2485520322440207,0.0,0.3130832823505878,0.45830549722497826,0.37862858754671086,1.1321968104321534,0.3408421932025641,0.0,3.163841724395752,38.40846633911133,0.3
3.481999999999838,-0.15053436673550866,0.09503141684601775,-0.1513034686997555,0.2477110851770081,0.0,0.31224233528357515,0.4583378377915511,0.37862858851947856,1.1315320556975323,0.3408417361876846,0.0,3.163841724395752,38.40846633911133,0.3
3.491999999999837,-0.14957317050524066,0.0966557622253221,-0.15188135201745892,0.24691071792005376,0.0,0.31144196802662083,0.45836968716977083,0.3786285894729459,1.1314904146102274,0.34084128008404,0.0,3.163841724395752,38.40846633911133,0.3
3.501999999999836,-0.1486028228048068,0.0962914586229071,-0.15240105398195672,0.24592460590635878,0.0,0.31045585601292586,0.45840087847468847,0.3786285904074959,1.131728355980354,0.34084082585231057,0.0,3.1948201656341553,37.85544967651367,0.3
3.511999999999835,-0.14767636178339322,0.09006479012456532,-0.15296094569211482,0.24499386310245866,0.0,0.30952511320902576,0.4584312557652762,0.37862859132350374,1.1325530468047835,0.3408403726985374,0.0,3.1948201656341553,37.85544967651367,0.3
3.5219999999998337,-0.14681606198036384,0.08322903401847748,-0.1534367341044126,0.24324107834384484,0.0,0.3077723284504119,0.4584606821467859,0.3786285922213375,1.1326894332748152,0.34083992151907433,0.0,3.1948201656341553,37.85544967651367,0.3
3.5319999999998326,-0.1460262998856852,0.07635753565045193,-0.15380631135691042,0.24073688741758292,0.0,0.30526813752415,0.4584890436071675,0.3786285931013576,1.1321769759184477,0.3408394733404955,0.0,3.1948201656341553,37.85544967651367,0.3
3.5419999999998315,-0.14530398934328423,0.0692957420562676,-0.15405539292668352,0.23852860419123367,0.0,0.30305985429780075,0.4585162483447761,0.3786285939639175,1.132418264728806,0.34083902895781587,0.0,3.1948201656341553,37.85544967651367,0.3
3.5519999999998304,-0.14466548197630594,0.059744391861149465,-0.15422522501856722,0.23569598230433686,0.0,0.30022723241090393,0.4585422253197268,0.3786285948093637,1.1320537637012187,0.34083858797426136,0.0,3.12443470954895,37.37419891357422,0.3
3.5619999999998293,-0.14413956101823663,0.04796890958370394,-0.15435889355049973,0.23269853840923707,0.0,0.29722978851580417,0.4585669259796746,0.37862859563803575,1.1316592127124174,0.3408381515280236,0.0,3.12443470954895,37.37419891357422,0.3
3.571999999999828,-0.14372234622982272,0.0374516065099694,-0.15435609663079375,0.22969073663172454,0.0,0.2942219867382916,0.45859032747632983,0.37862859645026636,1.1313784826796591,0.3408377198981039,0.0,3.12443470954895,37.37419891357422,0.3
3.581999999999827,-0.14341939201855414,0.025293976901307476,-0.15425745509571606,0.22726611373152383,0.0,0.2917973638380909,0.4586124311344477,0.3786285972463818,1.1319618717729045,0.34083729186525347,0.0,3.12443470954895,37.37419891357422,0.3
3.591999999999826,-0.1432449916687509,0.011915437627411018,-0.1540712209152511,0.22505371868386015,0.0,0.2895849687904272,0.4586332617320697,0.37862859802670185,1.1328059552005132,0.3408368673288887,0.0,3.12443470954895,37.37419891357422,0.3
3.601999999999825,-0.14320504981877305,-0.0012620308990993895,-0.15379468093065587,0.22178539558292884,0.0,0.2863166456894959,0.4586528685082526,0.3786285987915398,1.1320528857589442,0.3408364468357475,0.0,3.0028629302978516,37.184303283691406,0.3
3.611999999999824,-0.143289312269055,-0.013295994694948778,-0.1534293822699786,0.21884213027857677,0.0,0.2833733803851438,0.4586713243605998,0.378628599541203,1.1315635352773286,0.3408360311964959,0.0,3.0028629302978516,37.184303283691406,0.3
3.6219999999998227,-0.14349330448252326,-0.024882803954774872,-0.1529813027846948,0.216045297541912,0.0,0.28057654764847906,0.45868872268980415,0.3786286002759923,1.1310186112113065,0.3408356193271213,0.0,3.0028629302978516,37.184303283691406,0.3
3.6319999999998216,-0.1438115076174433,-0.03646925381246293,-0.1524705245915673,0.21413154127328632,0.0,0.2786627913798534,0.45870517475489103,0.37862860099620294,1.1313840399527098,0.34083521069715583,0.0,3.0028629302978516,37.184303283691406,0.3
3.6419999999998205,-0.14424861216040405,-0.048740668531459384,-0.15192967759984854,0.21310038676285914,0.0,0.2776316368694262,0.45872080762654505,0.37862860170212403,1.1325990255998613,0.3408348042676854,0.0,3.0028629302978516,37.184303283691406,0.3
3.6519999999998194,-0.1448079367026832,-0.06030882256227135,-0.1513635410362928,0.2115027387847275,0.0,0.2760339888912946,0.458735763769246,0.3786286023940392,1.132581146655275,0.3408343997580956,0.0,3.1165761947631836,37.36248016357422,0.3
3.6619999999998183,-0.1454760557732068,-0.07091966465233883,-0.15077769590397289,0.2106702120358288,0.0,0.2752014621423959,0.4587502000624648,0.37862860307222646,1.1331505394482573,0.34083399655905966,0.0,3.1165761947631836,37.36248016357422,0.3
3.671999999999817,-0.14624547925938472,-0.08055804021055873,-0.15020163226574168,0.21002585422200845,0.0,0.2745571043285755,0.4587642846333442,0.37862860373695795,1.1334653019660346,0.3408335942753371,0.0,3.1165761947631836,37.36248016357422,0.3
3.681999999999816,-0.14709352247140423,-0.0873109633323251,-0.14962202055164958,0.2093798113410768,0.0,0.2739110614476439,0.4587781940241208,0.37862860438850077,1.133239516052957,0.3408331933850985,0.0,3.1165761947631836,37.36248016357422,0.3
3.691999999999815,-0.14799957712477607,-0.09249679384577045,-0.14906812092485036,0.20925575706665236,0.0,0.27378700717321947,0.45879210840300655,0.3786286050271166,1.1331990477472231,0.34083279280476436,0.0,3.1165761947631836,37.36248016357422,0.3
3.701999999999814,-0.14893829896903005,-0.09432572135047862,-0.14851599003827332,0.20942597302207877,0.0,0.27395722312864584,0.4588062069406588,0.37862860565306183,1.1330290913574195,0.34083239261433296,0.0,3.1892201900482178,37.84996032714844,0.3
3.711999999999813,-0.14987328415394574,-0.09307662339680454,-0.1479402675296847,0.21028442734415184,0.0,0.2748156774507189,0.45882066269749633,0.3786286062665879,1.1332897674142037,0.34083199153601257,0.0,3.1892201900482178,37.84996032714844,0.3
3.7219999999998117,-0.15079667522450588,-0.09169810929231378,-0.1474382989027073,0.21127717128892873,0.0,0.2758084213954958,0.45883563660707655,0.37862860686794125,1.1332259650861727,0.3408315889148077,0.0,3.1892201900482178,37.84996032714844,0.3
3.7319999999998106,-0.15170019915541705,-0.08918927710481797,-0.147013761600987,0.21261035441726414,0.0,0.2771416045238312,0.45885127589487457,0.3786286074573634,1.1331614048481082,0.34083118444811206,0.0,3.1892201900482178,37.84996032714844,0.3
3.7419999999998095,-0.15256270858021576,-0.08362773093779896,-0.1466478298101056,0.2130351634334068,0.0,0.2775664135399739,0.4588677132071499,0.378628608035091,1.1313935831212754,0.3408307786758045,0.0,3.1892201900482178,37.84996032714844,0.3
3.7519999999998084,-0.15334546725267606,-0.07365160140246395,-0.14630157787774586,0.21395055262863333,0.0,0.2784818027352004,0.4588850631994908,0.37862860860135616,1.1299400220964428,0.3408303719915772,0.0,3.1532018184661865,38.38378143310547,0.3
3.7619999999998073,-0.15400098266707782,-0.060431041620908,-0.14593536480653374,0.2160237320824226,0.0,0.28055498218898967,0.45890341610733953,0.3786286091563862,1.1297935569696738,0.34082996310270347,0.0,3.1532018184661865,38.38378143310547,0.3
3.771999999999806,-0.15453843833341785,-0.04951531246575702,-0.1456883070337559,0.218717139749225,0.0,0.28324838985579204,0.45892283155789493,0.37862860970040413,1.1302649726566427,0.3408295505379584,0.0,3.1532018184661865,38.38378143310547,0.3
3.781999999999805,-0.1549733011475849,-0.039684230196716186,-0.14556203207585833,0.2217627092304173,0.0,0.28629395933698437,0.4589433411745843,0.3786286102336284,1.1310493301823947,0.34082913396676573,0.0,3.1532018184661865,38.38378143310547,0.3
3.791999999999804,-0.15531422039931245,-0.03030993221234536,-0.14555718299801176,0.22454982708596385,0.0,0.28908107719253096,0.45896495343354815,0.3786286107562732,1.131363872860794,0.3408287130876759,0.0,3.1532018184661865,38.38378143310547,0.3
3.801999999999803,-0.1555581036496251,-0.019909418784989138,-0.1456459021575051,0.22699650532681132,0.0,0.2915277554333784,0.45898765672727354,0.37862861126854835,1.1311675980775964,0.3408282882136208,0.0,3.0449671745300293,38.662193298339844,0.3
3.8119999999998018,-0.15568457878902503,-0.008187877713496496,-0.145789976175835,0.23034702128114753,0.0,0.2948782713877146,0.45901141992183125,0.3786286117706596,1.1322737791150796,0.3408278593347582,0.0,3.0449671745300293,38.662193298339844,0.3
3.8219999999998007,-0.15569960890509954,0.003410395026989116,-0.14602976739473525,0.23206838833798532,0.0,0.2965996384445524,0.4590361908671746,0.37862861226280864,1.131205786880678,0.3408274266178069,0.0,3.0449671745300293,38.662193298339844,0.3
3.8319999999997996,-0.1555880056229303,0.01589441750753139,-0.14633124902340447,0.23458785721334255,0.0,0.29911910731990965,0.45906189762897215,0.37862861274519316,1.1314355720737366,0.34082699111906584,0.0,3.0449671745300293,38.662193298339844,0.3
3.8419999999997985,-0.15536184626862137,0.027138429408080825,-0.14671584513314986,0.23665201558021107,0.0,0.3011832656867781,0.4590884483036363,0.3786286132180069,1.1312749879328718,0.340826551893547,0.0,3.0449671745300293,38.662193298339844,0.3
3.8519999999997974,-0.15502461194624603,0.03786626560148146,-0.14716056337804628,0.23891463468932103,0.0,0.3034458847958881,0.45911573383174975,0.3786286136814397,1.1316999742448055,0.3408261096623146,0.0,3.0718371868133545,38.61204147338867,0.3
3.8619999999997963,-0.1545814698591511,0.048556552372195236,-0.14764576865291726,0.240153082452807,0.0,0.3046843325593741,0.4591436303208224,0.3786286141356776,1.1310533414822221,0.3408256651627809,0.0,3.0718371868133545,38.61204147338867,0.3
3.871999999999795,-0.15403881211852707,0.0580470463047906,-0.1481662387891718,0.24184932655735106,0.0,0.30638057666391816,0.45917200107925454,0.37862861458090324,1.1314568112338939,0.3408252182654984,0.0,3.0718371868133545,38.61204147338867,0.3
3.881999999999794,-0.1534091568959736,0.06619524242128466,-0.14870960232687577,0.24284037544589895,0.0,0.307371625552466,0.4592006988876039,0.37862861501729533,1.1313185224293938,0.3408247693479617,0.0,3.0718371868133545,38.61204147338867,0.3
3.891999999999793,-0.15270194125170494,0.07351903288118733,-0.14925197729558787,0.24358189717086492,0.0,0.308113147277432,0.45922956913121166,0.378628615445029,1.1313035105617786,0.3408243192398303,0.0,3.0718371868133545,38.61204147338867,0.3
3.901999999999792,-0.15192930709291697,0.07959607493230833,-0.14978997490923956,0.24345666001081878,0.0,0.30798791011738585,0.45925845251956626,0.3786286158642762,1.1305650402966796,0.3408238685885455,0.0,3.1573972702026367,38.25061798095703,0.3
3.9119999999997908,-0.15111402713730474,0.08251837893701822,-0.15035981836468876,0.24413453808094107,0.0,0.3086657881875081,0.459287187903896,0.3786286162752053,1.131454412394858,0.3408234176273853,0.0,3.1573972702026367,38.25061798095703,0.3
3.9219999999997897,-0.15028166902698012,0.0834003909363579,-0.15091133338132123,0.24449849124588727,0.0,0.3090297413524543,0.4593156168550455,0.37862861667798126,1.1324053299944667,0.3408229660832753,0.0,3.1573972702026367,38.25061798095703,0.3
3.9319999999997886,-0.1494531111796764,0.08261838378079059,-0.15143061687791837,0.24387214831077533,0.0,0.30840339841734243,0.459343588618988,0.3786286170727659,1.1324533251039681,0.3408225145147897,0.0,3.1573972702026367,38.25061798095703,0.3
3.9419999999997875,-0.14863206253470135,0.08145680045703219,-0.1518825684119722,0.2431107980504258,0.0,0.30764204815699286,0.4593709633681049,0.3786286174597178,1.132771358611378,0.3408220643359092,0.0,3.1573972702026367,38.25061798095703,0.3
3.9519999999997864,-0.14783051605131806,0.0787166157828153,-0.15228275437545744,0.24156550891558795,0.0,0.30609675902215505,0.45939761297997156,0.3786286178389924,1.1324179441608835,0.3408216159901951,0.0,3.16007399559021,37.75855255126953,0.3
3.9619999999997852,-0.14707649345909757,0.07337235644311302,-0.15267979960990422,0.23961056141126014,0.0,0.3041418115178272,0.4594234227840704,0.3786286182107419,1.1318850702229342,0.3408211703458478,0.0,3.16007399559021,37.75855255126953,0.3
3.971999999999784,-0.1463768983817534,0.06769074359380092,-0.15298601286195,0.23769902576104038,0.0,0.3022302758676074,0.4594482953101896,0.37862861857511565,1.1317644267170766,0.34082072726332435,0.0,3.16007399559021,37.75855255126953,0.3
3.981999999999783,-0.14573358752159254,0.06216107269890205,-0.1531839769482161,0.23521768964026446,0.0,0.29974893974683153,0.45947215115279855,0.3786286189322599,1.1311424018989287,0.3408202875978732,0.0,3.16007399559021,37.75855255126953,0.3
3.991999999999782,-0.14514714518909394,0.056128531852650584,-0.15327305591287152,0.23273465782540884,0.0,0.29726590793197594,0.45949492810929216,0.3786286192823182,1.1307559204483961,0.34081985161940587,0.0,3.16007399559021,37.75855255126953,0.3
4.001999999999781,-0.1446292059306254,0.04847752768284978,-0.15327854819872713,0.23007542478628504,0.0,0.2946066748928521,0.4595165804577471,0.37862861962543115,1.1302970631599791,0.3408194193281693,0.0,3.101229429244995,37.36713790893555,0.3
4.01199999999978,-0.14420294772860082,0.038445058005891555,-0.15324955426859843,0.2278235308416946,0.0,0.29235478094826167,0.45953708015373385,0.3786286199617365,1.1305234601202032,0.34081899110245983,0.0,3.101229429244995,37.36713790893555,0.3
4.021999999999779,-0.1438850525838833,0.027419078739934377,-0.15314002490227227,0.2253354420006886,0.0,0.2898666921072557,0.45955641983489015,0.37862862029136946,1.1304678177543712,0.34081856592698473,0.0,3.101229429244995,37.36713790893555,0.3
4.031999999999778,-0.14368741167761775,0.014678226340140814,-0.15297004022194674,0.22339371569762598,0.0,0.287924965804193,0.4595746146905263,0.3786286206144622,1.1311529428908518,0.34081814324066156,0.0,3.101229429244995,37.36713790893555,0.3
4.041999999999777,-0.14361243059867373,0.00262943962480236,-0.1527168805803152,0.22141119614565835,0.0,0.2859424462522254,0.4595917032001718,0.3786286209311445,1.1316847364280145,0.3408177240174236,0.0,3.101229429244995,37.36713790893555,0.3
4.051999999999776,-0.14365767789362333,-0.009349156356346566,-0.15239865371931552,0.21906207298849703,0.0,0.28359332309506413,0.4596077461476118,0.3786286212415437,1.131539804053424,0.3408173079323802,0.0,3.0139126777648926,37.23667907714844,0.3
4.061999999999775,-0.14382487155487964,-0.021663727420389006,-0.15204031098748155,0.21756323231078228,0.0,0.28209448241734936,0.45962282464410775,0.37862862154578436,1.132359903005748,0.340816894663941,0.0,3.0139126777648926,37.23667907714844,0.3
4.071999999999774,-0.14410672349703674,-0.032238595171726114,-0.15161582181311406,0.21516868341614911,0.0,0.27969993352271616,0.45963703881854423,0.3786286218439887,1.1316431169758807,0.3408164845601673,0.0,3.0139126777648926,37.23667907714844,0.3
4.0819999999997725,-0.14448338947147765,-0.04154116386695015,-0.1511354840767259,0.21385445056961522,0.0,0.2783857006761823,0.4596505048758866,0.3786286221362765,1.1321069462849036,0.3408160774094445,0.0,3.0139126777648926,37.23667907714844,0.3
4.091999999999771,-0.14495340333099133,-0.05048111217761573,-0.15062964460029965,0.21202072724058965,0.0,0.27655197734715675,0.45966335074066744,0.3786286224227652,1.1314677870835634,0.340815672221818,0.0,3.0139126777648926,37.23667907714844,0.3
4.10199999999977,-0.14550046826101562,-0.057189916390280954,-0.15008095001281516,0.21055530898314612,0.0,0.2750865590897132,0.45967571412364805,0.37862862270356973,1.1309339122185453,0.3408152694436639,0.0,3.112135648727417,37.44633102416992,0.3
4.111999999999769,-0.1461033406719434,-0.06222019769489603,-0.14949505075514408,0.20950885029825014,0.0,0.2740401004048172,0.4596877388030207,0.3786286229788029,1.1305496841851927,0.3408148682839242,0.0,3.112135648727417,37.44633102416992,0.3
4.121999999999768,-0.14675165297026377,-0.066459900272569,-0.14891246532993524,0.20887154772428543,0.0,0.27340279783085253,0.4596995702298705,0.37862862324857527,1.130284347116386,0.34081446828715467,0.0,3.112135648727417,37.44633102416992,0.3
4.131999999999767,-0.14743657874254035,-0.06977307501679961,-0.1483480506122313,0.20868054639455103,0.0,0.2732117965011181,0.45971135308554634,0.3786286235129952,1.1301836191156691,0.3408140688922156,0.0,3.112135648727417,37.44633102416992,0.3
4.141999999999766,-0.14815146922908862,-0.07259360494066909,-0.14782483431934756,0.20904519039004862,0.0,0.27357644049661567,0.4597232294947266,0.37862862377216877,1.130402987639766,0.34081366920154393,0.0,3.112135648727417,37.44633102416992,0.3
4.151999999999765,-0.14889369230787253,-0.07493669341773648,-0.14735332547987895,0.2104981046547974,0.0,0.2750293547613645,0.4597353378344408,0.37862862402620023,1.1316978283176706,0.340813268068558,0.0,3.149803638458252,37.84925842285156,0.3
4.161999999999764,-0.14964273895241567,-0.0749476791263152,-0.14689021247119446,0.21178530954992114,0.0,0.2763165596564882,0.4597478118729089,0.3786286242751915,1.1323235382811918,0.3408128650579575,0.0,3.149803638458252,37.84925842285156,0.3
4.171999999999763,-0.1503927552911713,-0.07512977304440492,-0.1465181584860405,0.2135094531035413,0.0,0.2780407032101084,0.4597607777071549,0.3786286245192427,1.1331462015366283,0.3408124596411269,0.0,3.149803638458252,37.84925842285156,0.3
4.1819999999997615,-0.1511406298334303,-0.07419236444915234,-0.1462354072215142,0.21490492053782975,0.0,0.27943617064439685,0.4597743526913712,0.37862862475845177,1.1331273684324534,0.3408120516721963,0.0,3.149803638458252,37.84925842285156,0.3
4.19199999999976,-0.15186764429379065,-0.0713279565675031,-0.1460337286711238,0.21686582396738693,0.0,0.281397074073954,0.4597886450075844,0.3786286249929147,1.1335617865773675,0.34081164127017194,0.0,3.149803638458252,37.84925842285156,0.3
4.201999999999759,-0.15255082954424715,-0.06555854676881562,-0.145887136593561,0.21842661810491432,0.0,0.2829578682114814,0.45980375072503765,0.37862862522272583,1.133148539249322,0.34081122846002093,0.0,3.135043144226074,38.290367126464844,0.3
4.211999999999758,-0.15315407796947528,-0.05736139518763622,-0.14575745692161726,0.22141829528066864,0.0,0.2859495453872357,0.4598197497559357,0.3786286254479773,1.1345010960735618,0.3408108123423854,0.0,3.135043144226074,38.290367126464844,0.3
4.221999999999757,-0.1536812223987072,-0.049532892900290296,-0.1457317053839713,0.22352416734564476,0.0,0.28805541745221186,0.4598367012117241,0.37862862566875966,1.1344297696771637,0.3408103926016957,0.0,3.135043144226074,38.290367126464844,0.3
4.231999999999756,-0.15412523524234306,-0.04085954547352537,-0.14579366393490226,0.22558841804681257,0.0,0.29011966815337964,0.4598546441497885,0.37862862588516155,1.1341798081196974,0.3408099696228792,0.0,3.135043144226074,38.290367126464844,0.3
4.241999999999755,-0.15447468190899888,-0.030439844669468644,-0.1459249633728319,0.22707379781145487,0.0,0.29160504791802194,0.45987359789887144,0.37862862609726994,1.133065165453183,0.34080954389044726,0.0,3.135043144226074,38.290367126464844,0.3
4.251999999999754,-0.154708917408756,-0.018589527241787182,-0.1461076569296456,0.22937444776614144,0.0,0.2939056978727085,0.4598935608605827,0.3786286263051699,1.1331075693280752,0.3408091155079511,0.0,3.042548894882202,38.56060791015625,0.3
4.261999999999753,-0.15482132376489555,-0.0063403911099157995,-0.1463289230428695,0.23159709805055012,0.0,0.2961283481571172,0.4599145084838599,0.378628626508945,1.133118616698058,0.34080868362834044,0.0,3.042548894882202,38.56060791015625,0.3
4.2719999999997516,-0.15481836071628505,0.004663934951036532,-0.14662961459953827,0.2340393168046278,0.0,0.2985705669111949,0.45993639348079385,0.37862862670867714,1.1335756245224673,0.34080824835262435,0.0,3.042548894882202,38.56060791015625,0.3
4.2819999999997505,-0.1547128019837985,0.01440651043569329,-0.147007240670098,0.2363624900994456,0.0,0.30089374020601267,0.4599591485076819,0.3786286269044463,1.1340632523634557,0.34080780959134926,0.0,3.042548894882202,38.56060791015625,0.3
4.291999999999749,-0.15450811450431606,0.02460244056181108,-0.14742820596810433,0.2377804514083518,0.0,0.3023117015149189,0.4599826898604236,0.3786286270963314,1.133534971693353,0.34080736839072706,0.0,3.042548894882202,38.56060791015625,0.3
4.301999999999748,-0.15419951535746768,0.03486394253605159,-0.1478790716489956,0.23918485606165799,0.0,0.3037161061682251,0.46000691929737214,0.3786286272844093,1.1332902839306151,0.3408069252100509,0.0,3.065838098526001,38.51231002807617,0.3
4.311999999999747,-0.15380224235724899,0.04260507138854528,-0.14838760028579245,0.24149749471181414,0.0,0.3060287448183812,0.46003172470588505,0.37862862746875564,1.1346630279351886,0.3408064791329359,0.0,3.065838098526001,38.51231002807617,0.3
4.321999999999746,-0.15333255582513997,0.050153203458957844,-0.1489121536712099,0.24194588702083522,0.0,0.3064771371274023,0.46005698381183685,0.3786286276494445,1.133804092024519,0.34080603130639675,0.0,3.065838098526001,38.51231002807617,0.3
4.331999999999745,-0.1527853971557381,0.05748887038178885,-0.14942926557768066,0.24278124873971302,0.0,0.3073124988462801,0.46008256758512284,0.3786286278265483,1.1338937639625013,0.34080558257859794,0.0,3.065838098526001,38.51231002807617,0.3
4.341999999999744,-0.15217916797559067,0.06254984758146147,-0.14995675059844166,0.2435902745259623,0.0,0.3081215246325294,0.4601083408136687,0.37862862800013825,1.1343710961941813,0.34080513230199916,0.0,3.065838098526001,38.51231002807617,0.3
4.351999999999743,-0.15152458877629285,0.06684230566197827,-0.15046779406271737,0.24384137330528177,0.0,0.30837262341184885,0.46013416554864917,0.3786286281702841,1.134500143352846,0.34080468191346885,0.0,3.1332345008850098,38.19898986816406,0.3
4.361999999999742,-0.1508469798403012,0.0682736426953906,-0.15100402125561857,0.24381107920091802,0.0,0.30834232930748506,0.4601599040667633,0.37862862833705413,1.134672868162152,0.34080423131015947,0.0,3.1332345008850098,38.19898986816406,0.3
4.3719999999997405,-0.15015772006402692,0.06911451694164888,-0.15149761074354678,0.24335265680014315,0.0,0.3078839069067102,0.4601854231274446,0.3786286285005154,1.1346771022070326,0.34080378110951415,0.0,3.1332345008850098,38.19898986816406,0.3
4.381999999999739,-0.14946963942649075,0.06850815995741331,-0.15194867570326087,0.24276001191761346,0.0,0.30729126202418056,0.46021059655391955,0.3786286286607334,1.1349055787047084,0.3408033313983491,0.0,3.1332345008850098,38.19898986816406,0.3
4.391999999999738,-0.14878925575505492,0.0678879101299163,-0.15232573669624938,0.24116474345394365,0.0,0.3056959935605107,0.4602353071366586,0.3786286288177726,1.1341161043080286,0.3408028834498487,0.0,3.1332345008850098,38.19898986816406,0.3
4.401999999999737,-0.1481238458056844,0.06482486687983029,-0.15265863459361667,0.2404035651444408,0.0,0.30493481525100785,0.4602594473972412,0.3786286289716961,1.134848565634893,0.340802437073349,0.0,3.132352113723755,37.79042053222656,0.3
4.411999999999736,-0.14751078098633935,0.059007911501604476,-0.1529911413052396,0.23877284585374042,0.0,0.3033040959603075,0.46028292125685,0.3786286291225656,1.1346830038403677,0.34080199286863644,0.0,3.132352113723755,37.79042053222656,0.3
4.421999999999735,-0.1469593366055848,0.05247698178688581,-0.15325101957014492,0.23731385411426623,0.0,0.3018451042208333,0.46030564927194684,0.3786286292704417,1.1350346164512715,0.34080155065562057,0.0,3.132352113723755,37.79042053222656,0.3
4.431999999999734,-0.14647742371415146,0.04527328679855406,-0.15343365945001503,0.23570467018395,0.0,0.30023592029051704,0.46032757011185527,0.37862862941538394,1.135399130971039,0.3408011107649921,0.0,3.132352113723755,37.79042053222656,0.3
4.441999999999733,-0.14607033259138916,0.03776095166764916,-0.15353154899419288,0.23351994643274232,0.0,0.2980511965393094,0.4603486408273729,0.37862862955745047,1.1351241311777893,0.3408006736473853,0.0,3.132352113723755,37.79042053222656,0.3
4.451999999999732,-0.14573995853531543,0.029521910409476774,-0.15355514502552256,0.23123168421607163,0.0,0.29576293432263867,0.46036883658482586,0.37862862969669825,1.1348121373423325,0.34080023965118683,0.0,3.0629403591156006,37.495880126953125,0.3
4.461999999999731,-0.14549865938863385,0.020686393479341134,-0.1535308925529936,0.2288282148093583,0.0,0.29335946491592535,0.46038815029254554,0.37862862983318324,1.1343924640828493,0.3407998094727747,0.0,3.0629403591156006,37.495880126953125,0.3
4.4719999999997295,-0.1453535985168348,0.010339746634437054,-0.1534473735408561,0.22739275693798722,0.0,0.2919240070445543,0.46040659328890654,0.37862862996696034,1.1353246131480836,0.34079938152876016,0.0,3.0629403591156006,37.495880126953125,0.3
4.481999999999728,-0.14530137493639086,0.0016897653413365608,-0.15326609392262872,0.2249838325915292,0.0,0.2895150826980963,0.46042419549967617,0.3786286300980831,1.1348289156478404,0.34079895735607524,0.0,3.0629403591156006,37.495880126953125,0.3
4.491999999999727,-0.1453352768724853,-0.006563423493166761,-0.15300693725227602,0.22242334619635756,0.0,0.28695459630292464,0.4604410037562599,0.37862863022660437,1.133999582298891,0.34079853643419294,0.0,3.0629403591156006,37.495880126953125,0.3
4.501999999999726,-0.14544452705272298,-0.01411604596024494,-0.1526698534364697,0.22050075717002476,0.0,0.28503200727659184,0.46045707899111143,0.3786286303525757,1.1338895501369564,0.3407981190026893,0.0,3.024742841720581,37.449954986572266,0.3
4.511999999999725,-0.1456463339390358,-0.024184110381292225,-0.1523221235495928,0.21938480519550407,0.0,0.28391605530207115,0.4604724939854489,0.3786286304760477,1.1346841518120518,0.34079770290303113,0.0,3.024742841720581,37.449954986572266,0.3
4.521999999999724,-0.14594221571931035,-0.032919749348366306,-0.15192672665332407,0.21765918886293364,0.0,0.2821904389695007,0.46048733488366267,0.3786286305970699,1.134352375392325,0.34079728928991165,0.0,3.024742841720581,37.449954986572266,0.3
4.531999999999723,-0.1463183388352596,-0.040610468078150844,-0.1514943235105899,0.21632102664321537,0.0,0.2808522767497824,0.4605017006433841,0.378628630715691,1.1342516356516903,0.34079687788859075,0.0,3.024742841720581,37.449954986572266,0.3
4.541999999999722,-0.1467609423799827,-0.046308574418419624,-0.15102114491372876,0.21453408253053835,0.0,0.2790653326371054,0.4605156996366815,0.3786286308319586,1.1331795845941066,0.3407964689087324,0.0,3.024742841720581,37.449954986572266,0.3
4.551999999999721,-0.14725669857791499,-0.05164427990970565,-0.15053412491462986,0.21423286866654026,0.0,0.27876411877310736,0.4605294461430235,0.3786286309459193,1.133821970408373,0.34079606119612,0.0,3.1014840602874756,37.658409118652344,0.3
4.56199999999972,-0.14780538636856325,-0.05713454947128653,-0.1500477395227006,0.2144393253841972,0.0,0.27897057549076426,0.46054305752333113,0.37862863105761896,1.1347878359535706,0.34079565341752077,0.0,3.1014840602874756,37.658409118652344,0.3
4.5719999999997185,-0.14840889153932615,-0.06242922204469201,-0.14959385128048777,0.2143604867618537,0.0,0.2788917368684208,0.46055665374214927,0.37862863116710244,1.1349528603656214,0.3407952455026631,0.0,3.1014840602874756,37.658409118652344,0.3
4.581999999999717,-0.14905546117974444,-0.0659951742849939,-0.14916425084434753,0.21448112446446088,0.0,0.27901237457102795,0.46057035710387645,0.3786286312744137,1.1349933124566967,0.34079483768474705,0.0,3.1014840602874756,37.658409118652344,0.3
4.591999999999716,-0.14973027794738153,-0.06812683394122462,-0.1487714142227534,0.21457166663984542,0.0,0.2791029167464125,0.46058428993805134,0.3786286313795958,1.134594884842762,0.34079442944505045,0.0,3.1014840602874756,37.658409118652344,0.3
4.601999999999715,-0.15040593459125923,-0.06624570227417038,-0.14837356232357163,0.2142149630934094,0.0,0.2787462131999765,0.46059857140136,0.37862863148269105,1.1331902662352773,0.3407940216232541,0.0,3.1348087787628174,38.032814025878906,0.3
4.611999999999714,-0.15103181517728503,-0.06009082404126128,-0.14792598505923196,0.21434041248021762,0.0,0.2788716625867847,0.4606133119103038,0.37862863158374077,1.1321039110820825,0.3407936140898528,0.0,3.1348087787628174,38.032814025878906,0.3
4.621999999999713,-0.15159767499598656,-0.054482699841274136,-0.14753283815387414,0.21554343288227182,0.0,0.28007468298883886,0.4606286051140332,0.37862863168278565,1.132201095077479,0.3407932055162771,0.0,3.1348087787628174,38.032814025878906,0.3
4.631999999999712,-0.15211430833791934,-0.04992374799704397,-0.14722074257229847,0.21713272819345625,0.0,0.2816639783000233,0.46064452645733256,0.37862863177986544,1.1325515869859226,0.34079279477496716,0.0,3.1348087787628174,38.032814025878906,0.3
4.641999999999711,-0.15257997142531365,-0.0440485943563947,-0.14696919973280295,0.2179524811625881,0.0,0.28248373126915516,0.4606611359576131,0.3786286318750191,1.1315792886552374,0.3407923824463436,0.0,3.1348087787628174,38.032814025878906,0.3
4.65199999999971,-0.15297964886383109,-0.03666143447815626,-0.1467660539865234,0.2192453163769609,0.0,0.283776566483528,0.46067847879770246,0.37862863196828483,1.1310734282884611,0.3407919682720204,0.0,3.077378273010254,38.348758697509766,0.3
4.661999999999709,-0.15328933923535235,-0.027485219689606835,-0.1465753872826061,0.22113751740574372,0.0,0.2856687675123108,0.46069658329077634,0.37862863205970015,1.1312583963657217,0.34079155183955534,0.0,3.077378273010254,38.348758697509766,0.3
4.6719999999997075,-0.15351148923521624,-0.018452754718358735,-0.14645883003150867,0.22217065883481218,0.0,0.28670190894137926,0.4607154582926274,0.3786286321493017,1.1301429146789894,0.34079113309130943,0.0,3.077378273010254,38.348758697509766,0.3
4.681999999999706,-0.15363579924995655,-0.008154662837746513,-0.1463920709957213,0.22306344234151407,0.0,0.2875946924480811,0.46073509394845447,0.37862863223712545,1.1287911878207508,0.3407907127655946,0.0,3.077378273010254,38.348758697509766,0.3
4.691999999999705,-0.15365088102431426,0.002645507202195729,-0.14637507306571432,0.2249099324741286,0.0,0.2894411825806957,0.46075546129096945,0.3786286323232068,1.128795076325692,0.34079029076214445,0.0,3.077378273010254,38.348758697509766,0.3
4.701999999999704,-0.15356383826586067,0.012958121313756113,-0.14641840143620888,0.22613795307615378,0.0,0.2906692031827208,0.4607765117977628,0.37862863240758016,1.1280099823182566,0.3407898664258074,0.0,3.0214426517486572,38.43077087402344,0.3
4.711999999999703,-0.1533766235510446,0.022404249155170843,-0.14651571343471476,0.22816609203395824,0.0,0.29269734214052534,0.46079817949117163,0.3786286324902795,1.1284744442187133,0.3407894395047088,0.0,3.0214426517486572,38.43077087402344,0.3
4.721999999999702,-0.15310218486220933,0.030910448223644492,-0.14667425874753146,0.22940082415164545,0.0,0.29393207425821255,0.46082038305264045,0.37862863257133805,1.1280051450745092,0.3407890101403101,0.0,3.0214426517486572,38.43077087402344,0.3
4.731999999999701,-0.1527405970990156,0.039616168383933226,-0.1468672054771408,0.23069280923221067,0.0,0.2952240593387777,0.46084302889203077,0.37862863265078833,1.1278388443807352,0.34078857917299904,0.0,3.0214426517486572,38.43077087402344,0.3
4.7419999999997,-0.15229571063258407,0.047823788211920217,-0.1470921576516201,0.23145430102101158,0.0,0.2959855511275786,0.4608660124821969,0.3786286327286623,1.1271939414562044,0.3407881466080586,0.0,3.0214426517486572,38.43077087402344,0.3
4.751999999999699,-0.15177246001164799,0.054658625383111364,-0.14735226068632484,0.23299983479158187,0.0,0.29753108489814895,0.46088921974859604,0.3786286328049912,1.1279463054857835,0.3407877125695381,0.0,3.1075220108032227,38.22581481933594,0.3
4.761999999999698,-0.15119961811112986,0.05883771844416652,-0.14767812966129845,0.23419049261729735,0.0,0.2987217427238644,0.4609125294153649,0.3786286328798057,1.128530117136212,0.3407872767005791,0.0,3.1075220108032227,38.22581481933594,0.3
4.7719999999996965,-0.1505875815714524,0.06273487290806555,-0.14801194216432223,0.2345727795168248,0.0,0.2991040296233919,0.46093581822963403,0.3786286329531358,1.1283304776857555,0.3407868398017902,0.0,3.1075220108032227,38.22581481933594,0.3
4.781999999999695,-0.14994085118725742,0.0657142074139477,-0.14834685192087604,0.23506873872112966,0.0,0.29959998882769673,0.46095896353861004,0.3786286330250111,1.1286503958127923,0.34078640211769284,0.0,3.1075220108032227,38.22581481933594,0.3
4.791999999999694,-0.14927465259507464,0.06682644699280874,-0.14868719613517387,0.2357790294943872,0.0,0.30031027960095424,0.4609818445456809,0.3786286330954603,1.1296338604870835,0.3407859634841504,0.0,3.1075220108032227,38.22581481933594,0.3
4.801999999999693,-0.14861448141632602,0.06476257223929599,-0.1490577365789642,0.23662827676985945,0.0,0.30115952687642655,0.46100434523981015,0.37862863316451173,1.131168333437043,0.3407855236101058,0.0,3.131688117980957,37.849281311035156,0.3
4.811999999999692,-0.14799572848566778,0.059897948830214646,-0.14948547810613377,0.23686299809803918,0.0,0.30139424820460625,0.4610263592248298,0.3786286332321931,1.1321890368446401,0.3407850832923909,0.0,3.131688117980957,37.849281311035156,0.3
4.821999999999691,-0.14742432587075016,0.05576215687717227,-0.14987821009753388,0.23576455945168934,0.0,0.3002958095582564,0.46104779523756884,0.3786286332985317,1.1316715812133218,0.34078464332865355,0.0,3.131688117980957,37.849281311035156,0.3
4.83199999999969,-0.1468780789357469,0.0537926822947218,-0.1501886681676894,0.2344450472595004,0.0,0.29897629736606746,0.46106857736797396,0.37862863336355407,1.1311493581331273,0.3407842055865687,0.0,3.131688117980957,37.849281311035156,0.3
4.841999999999689,-0.1463602297956818,0.05004403093415168,-0.1504565974377651,0.23418846657570255,0.0,0.2987197166822696,0.4610886408469662,0.3786286334272863,1.1323910207438328,0.3407837687584737,0.0,3.131688117980957,37.849281311035156,0.3
4.851999999999688,-0.14588886597900227,0.044798241133154,-0.15068827850936378,0.2327270729306141,0.0,0.29725832303718114,0.4611079316952633,0.37862863348975406,1.1321832199662847,0.3407833333136437,0.0,3.0926122665405273,37.517417907714844,0.3
4.861999999999687,-0.14548506880350365,0.03749310659889463,-0.15092017817356165,0.23143499911231125,0.0,0.2959662492188783,0.4611264094296402,0.3786286335509825,1.13241413861266,0.3407828997564566,0.0,3.0926122665405273,37.517417907714844,0.3
4.8719999999996855,-0.14515414980229968,0.029865046340476174,-0.15109315563231418,0.2306094688980478,0.0,0.29514071900461486,0.4611440498124913,0.37862863361099597,1.1334581080864803,0.34078246787899624,0.0,3.0926122665405273,37.517417907714844,0.3
4.881999999999684,-0.14490899628678305,0.021024140420199903,-0.1512228536774911,0.22939161678695866,0.0,0.29392286689352576,0.46116084548701836,0.3786286336698188,1.1340617974864702,0.3407820372199171,0.0,3.0926122665405273,37.517417907714844,0.3
4.891999999999683,-0.14474830789746776,0.0127050614459731,-0.15128458271703898,0.22802741236188886,0.0,0.29255866246845597,0.46117680672898564,0.3786286337274746,1.1345179661366116,0.3407816087961014,0.0,3.0926122665405273,37.517417907714844,0.3
4.901999999999682,-0.14466765872439774,0.0048112774628185275,-0.15128133360258234,0.2260965471481794,0.0,0.29062779725474647,0.4611919603426346,0.3786286337839865,1.1341879153631693,0.3407811829253397,0.0,3.0131876468658447,37.36127471923828,0.3
4.911999999999681,-0.14466884628316698,-0.003009318026832514,-0.1512325117250053,0.22379185901014165,0.0,0.2883231091167087,0.4612063478045429,0.37862863383937706,1.1332952512360728,0.34078075979710803,0.0,3.0131876468658447,37.36127471923828,0.3
4.92199999999968,-0.14473590218055948,-0.009194854591568647,-0.15109718728697422,0.2219492329960838,0.0,0.28648048310265084,0.4612200239635886,0.3786286338936687,1.1329663880732541,0.3407803399064664,0.0,3.0131876468658447,37.36127471923828,0.3
4.931999999999679,-0.1448680095933073,-0.01592691234065342,-0.15091081933960296,0.22066779797216268,0.0,0.28519904807872976,0.46123305383032587,0.37862863394688306,1.1332960036405781,0.34077992215732406,0.0,3.0131876468658447,37.36127471923828,0.3
4.941999999999678,-0.14506398479016894,-0.021973972884871622,-0.15066647659937227,0.21883058075879058,0.0,0.28336183086535766,0.4612455112517914,0.37862863399904173,1.132678055664532,0.3407795069082317,0.0,3.0131876468658447,37.36127471923828,0.3
4.951999999999677,-0.1453211745623933,-0.02838297374113522,-0.1503860270440794,0.21807099552344375,0.0,0.2826022456300108,0.46125747799462,0.3786286340501655,1.1333621594324765,0.34077909340698254,0.0,3.0541086196899414,37.43172836303711,0.3
4.961999999999676,-0.14564935355388098,-0.036277642083534706,-0.15009955442154216,0.2181807354361063,0.0,0.2827119855426734,0.4612690428839668,0.37862863410027486,1.1350200812173297,0.34077868036101017,0.0,3.0541086196899414,37.43172836303711,0.3
4.9719999999996745,-0.14606062999666947,-0.044390413804861306,-0.14981834671891264,0.21768445340919457,0.0,0.28221570351576164,0.4612803030746416,0.37862863414939013,1.1355522920324486,0.3407782677438135,0.0,3.0541086196899414,37.43172836303711,0.3
4.981999999999673,-0.1465482175087333,-0.05145833784586423,-0.14953652028215184,0.2171064649203256,0.0,0.28163771502689267,0.4612913652897261,0.37862863419753096,1.135667446777922,0.34077785576196407,0.0,3.0541086196899414,37.43172836303711,0.3
4.991999999999672,-0.14709711141103077,-0.05671709712136777,-0.1492498114911899,0.21658835680121552,0.0,0.2811196069077826,0.4613023439863576,0.37862863424471654,1.1355464143028065,0.34077744457168413,0.0,3.0541086196899414,37.43172836303711,0.3
5.001999999999671,-0.14768940017423482,-0.06056727906197826,-0.14896140481421688,0.2166550192545935,0.0,0.28118626936116053,0.46131335777366095,0.378628634290966,1.1359152048962606,0.3407770336383242,0.0,3.120323419570923,37.70819091796875,0.3
5.01199999999967,-0.14831383361732733,-0.0636402484596526,-0.14867037847715522,0.21728339440517103,0.0,0.2818146445117381,0.4613245257472004,0.37862863433629773,1.136732727463424,0.3407766216948692,0.0,3.120323419570923,37.70819091796875,0.3
5.021999999999669,-0.14896791635954254,-0.06656761401790859,-0.14842342843160988,0.21821136778192915,0.0,0.2827426178884962,0.46133596529898047,0.37862863438073013,1.1376306134678067,0.3407762087488382,0.0,3.120323419570923,37.70819091796875,0.3
5.031999999999668,-0.14964790345844092,-0.06896589751202893,-0.1482283777223634,0.2193360017233876,0.0,0.28386725182995465,0.46134779137838894,0.37862863442428096,1.1384732894408058,0.3407757944100724,0.0,3.120323419570923,37.70819091796875,0.3
5.041999999999667,-0.15034819361089813,-0.07042841169643778,-0.1480905123017175,0.22042026233314727,0.0,0.28495151243971434,0.4613601158953782,0.37862863446696776,1.1389434426530518,0.34077537835946137,0.0,3.120323419570923,37.70819091796875,0.3
5.051999999999666,-0.151053856836731,-0.07008375765152797,-0.14799240813447087,0.22197483013874295,0.0,0.28650608024531,0.4613730464999031,0.37862863450880757,1.1397779461549618,0.340774960426338,0.0,3.141479730606079,38.109642028808594,0.3
5.0619999999996645,-0.15173276289065696,-0.06637984133125345,-0.1478774490437167,0.223128603756325,0.0,0.28765985386289206,0.46138668367979596,0.3786286345498173,1.1397788648353209,0.34077454059820894,0.0,3.141479730606079,38.109642028808594,0.3
5.0719999999996634,-0.1523695109147236,-0.06170128501261827,-0.1478145071717388,0.2240521861621945,0.0,0.2885834362687616,0.46140111568740555,0.3786286345900134,1.1392161803652892,0.34077411906731303,0.0,3.141479730606079,38.109642028808594,0.3
5.081999999999662,-0.1529496078400702,-0.05539469457894802,-0.1477943159863744,0.2252596836955071,0.0,0.2897909338020742,0.46141641583088916,0.37862863462941193,1.1388512275041462,0.340773696067159,0.0,3.141479730606079,38.109642028808594,0.3
5.091999999999661,-0.15345993876120795,-0.047809266808760416,-0.1478189937226488,0.2261533751162231,0.0,0.29068462522279015,0.46143264068711104,0.37862863466802876,1.1378934263773732,0.340773271420085,0.0,3.141479730606079,38.109642028808594,0.3
5.10199999999966,-0.15388356266884926,-0.03800820245603845,-0.1478613076139934,0.2270472602098244,0.0,0.2915785103163915,0.46144982849159094,0.3785569072535925,1.1368308220247232,0.34077284543503994,0.0,3.0812745094299316,38.456905364990234,0.3
5.111999999999659,-0.15419410075079215,-0.027033387683717033,-0.14789548525937915,0.2295485362265802,0.0,0.29407978633314724,0.46146799680560513,0.3782185713085469,1.137590299090121,0.3407724173158495,0.0,3.0812745094299316,38.456905364990234,0.3
5.121999999999658,-0.15441941379067495,-0.01943448624932469,-0.14803103948992682,0.23126987785107614,0.0,0.29580112795764324,0.4614871402738368,0.37797574016573393,1.1373507344349,0.34077198536650616,0.0,3.0812745094299316,38.456905364990234,0.3
5.131999999999657,-0.15456093703675694,-0.010810820998016736,-0.14820970733007893,0.23301241926091068,0.0,0.2975436693674778,0.4615072357262684,0.37781044844327294,1.1373007600134288,0.34077155152245947,0.0,3.0812745094299316,38.456905364990234,0.3
5.141999999999656,-0.15462613470274067,-0.0039531027528380384,-0.14846672926512497,0.23540899831807605,0.0,0.2999402484246431,0.46152824462514497,0.3776776032164184,1.1382368251859254,0.3407711143854117,0.0,3.0812745094299316,38.456905364990234,0.3
5.151999999999655,-0.1546222527483209,0.0032120297729931486,-0.14877127415834457,0.23679709766528573,0.0,0.3013283477718528,0.4615501152753342,0.37763056450846705,1.1380153913254794,0.34077067479289846,0.0,3.0033516883850098,38.555442810058594,0.3
5.1619999999996535,-0.15454675951924593,0.01007662299629228,-0.14911576468167276,0.23884951539527008,0.0,0.3033807655018371,0.4615727850573617,0.37754903305713533,1.1388196710443137,0.3407702326159895,0.0,3.0033516883850098,38.555442810058594,0.3
5.171999999999652,-0.15441297284036198,0.01572995589658381,-0.14951627317666355,0.24036092412708568,0.0,0.3048921742336528,0.46159618128844726,0.37757045308051035,1.1391927643535944,0.3407697876337771,0.0,3.0033516883850098,38.555442810058594,0.3
5.181999999999651,-0.15420980324341604,0.023777662185325454,-0.14990599192601567,0.24007375132793707,0.0,0.30460500143450414,0.4616202236503517,0.3775914481169401,1.1372861698007077,0.3407693421273874,0.0,3.0033516883850098,38.555442810058594,0.3
5.19199999999965,-0.15392108087048426,0.032036543085431274,-0.1502885659078367,0.24091447489502293,0.0,0.30544572500159,0.4616448229907273,0.37761202659843723,1.1372289990142508,0.3407688960087407,0.0,3.0033516883850098,38.555442810058594,0.3
5.201999999999649,-0.1535553301289004,0.0392648290478768,-0.15067319534566825,0.24134291011371276,0.0,0.3058741602202798,0.46166987948205424,0.37761567248364575,1.1368757067667152,0.34076844909797815,0.0,3.076026201248169,38.436065673828125,0.3
5.211999999999648,-0.15312752571033272,0.04526259368981184,-0.15106304771477502,0.24146021745785903,0.0,0.3059914675644261,0.4616952847766162,0.3776042329367664,1.1363828456271805,0.34076800169908195,0.0,3.076026201248169,38.436065673828125,0.3
5.221999999999647,-0.15264478825514988,0.05007840027738682,-0.15143838482399571,0.2418918820175387,0.0,0.30642313212410577,0.4617209251797953,0.37728916700177456,1.1364475766263813,0.340767553964032,0.0,3.076026201248169,38.436065673828125,0.3
5.231999999999646,-0.15212737619203454,0.052586179218149086,-0.15181132465856298,0.24240303213716738,0.0,0.3069342822437344,0.4617466840440343,0.3768692621048402,1.1367834465664897,0.34076710547474376,0.0,3.076026201248169,38.436065673828125,0.3
5.241999999999645,-0.151596956226894,0.05306767770956139,-0.15217718033157926,0.24278732485594087,0.0,0.3073185749625079,0.46177244574190934,0.3763369671876261,1.1371478383018876,0.34076665640843673,0.0,3.076026201248169,38.436065673828125,0.3
5.251999999999644,-0.1510650791729794,0.052634190813047405,-0.15252145968262792,0.2422977803936172,0.0,0.3068290305001843,0.46179809973284514,0.3757778596624591,1.136511005202291,0.34076620782540407,0.0,3.106537342071533,38.14044189453125,0.3
5.2619999999996425,-0.15055262251616824,0.05029046036846463,-0.15287697298963993,0.24152692148826851,0.0,0.3060581715948356,0.4618235430495361,0.37525846371657,1.1359069713276544,0.34076576005027914,0.0,3.106537342071533,38.14044189453125,0.3
5.271999999999641,-0.150062787277146,0.048033651290952,-0.1531794063527293,0.24073151614779117,0.0,0.3052627662543582,0.4618486832125519,0.37465307462461755,1.1354028196372432,0.3407653134566517,0.0,3.106537342071533,38.14044189453125,0.3
5.28199999999964,-0.14959696073260287,0.045587255711461265,-0.15342186520107998,0.2393255701866675,0.0,0.3038568202932346,0.461873438674332,0.3743750664102431,1.1346068726988296,0.34076486841884973,0.0,3.106537342071533,38.14044189453125,0.3
5.291999999999639,-0.14916093437934133,0.04215538709408367,-0.15360882313202975,0.2384082372254726,0.0,0.3029394873320397,0.461897738484814,0.3741093280069527,1.134751802920325,0.34076442490756204,0.0,3.106537342071533,38.14044189453125,0.3
5.301999999999638,-0.14877146840688157,0.03659017425843036,-0.15376549357576996,0.23721023886253806,0.0,0.30174148896910513,0.46192152291190763,0.3737095996765674,1.1345852271812458,0.3407639826304269,0.0,3.075960874557495,37.861358642578125,0.3
5.311999999999637,-0.14844582116985208,0.029832490982603786,-0.15390594721395223,0.236122972988313,0.0,0.3006542230948801,0.46194474580460854,0.37317800227530395,1.1346133420623663,0.34076354264475434,0.0,3.075960874557495,37.861358642578125,0.3
5.321999999999636,-0.14819175201965026,0.02255516554013808,-0.15399409830855904,0.23459706192391577,0.0,0.29912831203048285,0.4619673768877447,0.3723730332486014,1.1338612938031354,0.34076310427382167,0.0,3.075960874557495,37.861358642578125,0.3
5.331999999999635,-0.14801493297701315,0.014054131331677627,-0.15404108637762698,0.2342103710113441,0.0,0.29874162111791114,0.46198940231762703,0.3715539197734809,1.1346812860836812,0.34076266723500276,0.0,3.075960874557495,37.861358642578125,0.3
5.341999999999634,-0.14793111630477174,0.0046435912411915605,-0.15405406333884522,0.23320097470570267,0.0,0.29773222481226974,0.46201082509222124,0.37090343857177377,1.134789796364731,0.3407622313395626,0.0,3.075960874557495,37.861358642578125,0.3
5.351999999999633,-0.14794334547601024,-0.005266836555702396,-0.15403546894443956,0.23240706586259222,0.0,0.2969383159691593,0.46203166639370347,0.37035269331741816,1.1352547117891052,0.34076179678156404,0.0,3.0061542987823486,37.75193786621094,0.3
5.3619999999996315,-0.14805588890107604,-0.014914400009286531,-0.1539909669853547,0.2307714916288261,0.0,0.29530274173539317,0.46205196529183234,0.3698277463819868,1.1345448476593603,0.3407613639632975,0.0,3.0061542987823486,37.75193786621094,0.3
5.37199999999963,-0.14825654971159596,-0.02362589483144374,-0.1538999116028019,0.23002988280379585,0.0,0.2945611329103629,0.46207177782481307,0.3691861183896192,1.1348210820478406,0.3407609329299412,0.0,3.0061542987823486,37.75193786621094,0.3
5.381999999999629,-0.14854257465395804,-0.03164234576029336,-0.15377283538625577,0.22883866302444075,0.0,0.2933699131310078,0.46209117418956996,0.3684765877568237,1.1342124126663506,0.3407605033892969,0.0,3.0061542987823486,37.75193786621094,0.3
5.391999999999628,-0.14890942538095367,-0.04021472590343372,-0.1536338595879011,0.22878893670625278,0.0,0.29332018681281985,0.4621102366792631,0.36768999149505377,1.13490336117645,0.34076007456910046,0.0,3.0061542987823486,37.75193786621094,0.3
5.401999999999627,-0.14936244635410553,-0.04843457358824242,-0.15348378062980994,0.2282867758285554,0.0,0.29281802593512246,0.4621290583248901,0.36725730745021745,1.1350275909096565,0.34075964619758875,0.0,3.0941555500030518,37.911869049072266,0.3
5.411999999999626,-0.14988576741026574,-0.05475190620839003,-0.15329554638778867,0.227656423844214,0.0,0.29218767395078105,0.4621477424658746,0.3667756409622151,1.1347047513126984,0.3407592185459848,0.0,3.0941555500030518,37.911869049072266,0.3
5.421999999999625,-0.1504698840784396,-0.06094194638624337,-0.1531144932432139,0.22812159135662488,0.0,0.2926528414631919,0.46216639943511045,0.3665920429274383,1.1358484820686807,0.3407587910525283,0.0,3.0941555500030518,37.911869049072266,0.3
5.431999999999624,-0.1511114326540709,-0.06592813801210808,-0.15293980198514895,0.22760813852236553,0.0,0.29213938862893263,0.4621851441213425,0.3665633760668771,1.1355171094980863,0.3407583637177623,0.0,3.0941555500030518,37.911869049072266,0.3
5.441999999999623,-0.15179436936663607,-0.06969357525817227,-0.1527759328843269,0.2277531786161568,0.0,0.29228442872272387,0.4622040944536645,0.3665265115240644,1.1357709622948935,0.34075793637391866,0.0,3.0941555500030518,37.911869049072266,0.3
5.451999999999622,-0.15250070445335276,-0.07057916799968608,-0.1525963056058013,0.22768626580525933,0.0,0.29221751591182643,0.4622233683086203,0.3665730874335087,1.1355087388215965,0.3407575093244552,0.0,3.141918182373047,38.283145904541016,0.3
5.4619999999996205,-0.15319739924452416,-0.06901736973230943,-0.15237409617422412,0.22810737220798302,0.0,0.29263862231455007,0.4622430795152363,0.3667494610647186,1.1357097332714878,0.3407570817196188,0.0,3.141918182373047,38.283145904541016,0.3
5.471999999999619,-0.15387488784196485,-0.06668370802731223,-0.15217459801209185,0.22836491973986217,0.0,0.29289616984642924,0.46226333245745355,0.36685393397748955,1.1353943956277603,0.34075665375576886,0.0,3.141918182373047,38.283145904541016,0.3
5.481999999999618,-0.15452535282180818,-0.06410128886333993,-0.1520126889532321,0.2294663055886352,0.0,0.29399755569520225,0.462284220141131,0.36664956597803017,1.1356308504022845,0.3407562248321645,0.0,3.141918182373047,38.283145904541016,0.3
5.491999999999617,-0.15515152760054213,-0.061331912091607724,-0.15190281358126884,0.23012445452795408,0.0,0.2946557046345212,0.46230582372726114,0.36639761626900685,1.134922953138624,0.3407557943062841,0.0,3.141918182373047,38.283145904541016,0.3
5.501999999999616,-0.15574084438199756,-0.05684082131960353,-0.1518177861631314,0.2314693316945883,0.0,0.2960005818011554,0.4623282131926002,0.36639107863577675,1.1351730667968862,0.3407553623743143,0.0,3.1165833473205566,38.67525863647461,0.3
5.511999999999615,-0.1562660746625673,-0.049906023406979,-0.1517113480515814,0.23292448330337404,0.0,0.29745573340994114,0.462351445582526,0.36615591021607097,1.1352469291270921,0.34075492865201656,0.0,3.1165833473205566,38.67525863647461,0.3
5.521999999999614,-0.1567316797299923,-0.0443402050081523,-0.15168097099278005,0.23456685622934204,0.0,0.2990981063359091,0.462375561552872,0.36572274459393955,1.135179152911542,0.34075449232741795,0.0,3.1165833473205566,38.67525863647461,0.3
5.531999999999613,-0.1571378571138426,-0.03815631732359895,-0.15170633613764709,0.23584780599240932,0.0,0.3003790560989764,0.46240058637495524,0.365062445834398,1.1342244797187355,0.34075405398940506,0.0,3.1165833473205566,38.67525863647461,0.3
5.541999999999612,-0.1574883959152837,-0.0331359071842471,-0.15181506477702617,0.23836202130984366,0.0,0.30289327141641076,0.4624265313179451,0.3645029606068785,1.1350139765240348,0.34075361248392944,0.0,3.1165833473205566,38.67525863647461,0.3
5.551999999999611,-0.15779085004245894,-0.02788285176693228,-0.15198874200245785,0.24030616078777456,0.0,0.30483741089434163,0.462453395333212,0.3639312106087406,1.1349286851661502,0.3407531678609448,0.0,3.058678388595581,38.92820739746094,0.3
5.5619999999996095,-0.15803641520796924,-0.02258576359480207,-0.15220565804441094,0.2431661276671413,0.0,0.30769737777370837,0.4624811668357174,0.3634433774325191,1.136266787287099,0.34075271957381637,0.0,3.058678388595581,38.92820739746094,0.3
5.571999999999608,-0.1582304057365378,-0.01731623793510377,-0.1524905530653215,0.24498511443506052,0.0,0.30951636454162756,0.4625098234903416,0.36265065103259025,1.1359011921798357,0.34075226829440425,0.0,3.058678388595581,38.92820739746094,0.3
5.581999999999607,-0.15837141002779975,-0.012099266048728628,-0.15283721255593152,0.24699790512098255,0.0,0.31152915522754965,0.4625393334274835,0.3618420922737042,1.1358176668669455,0.34075181410142585,0.0,3.058678388595581,38.92820739746094,0.3
5.591999999999606,-0.15846028044638083,-0.006922026995697479,-0.15323864118510785,0.2489033315406689,0.0,0.313434581647236,0.46256965586908305,0.360960987757197,1.1356608501777248,0.34075135710932075,0.0,3.058678388595581,38.92820739746094,0.3
5.601999999999605,-0.1584944281204641,-0.0008825159752393237,-0.15367101136517922,0.24991186832450651,0.0,0.3144431184310736,0.4626007418835267,0.3601855133105525,1.1344391902736721,0.3407508979476002,0.0,3.004638671875,39.01911926269531,0.3
5.611999999999604,-0.15846353256485637,0.005311865045119334,-0.15412197344083087,0.252015913288777,0.0,0.31654716339534406,0.46263253426911216,0.35944579427684803,1.135023638220209,0.34075043670666905,0.0,3.004638671875,39.01911926269531,0.3
5.621999999999603,-0.1583918656884914,0.008277408699595762,-0.1546461380018151,0.2542281517189946,0.0,0.3187594018255617,0.46266496707108384,0.3587630614534492,1.1360050665325816,0.34074997179381705,0.0,3.004638671875,39.01911926269531,0.3
5.631999999999602,-0.1582882432926955,0.011919619001542507,-0.15518617333435122,0.25510949450536574,0.0,0.3196407446119328,0.46269796990893863,0.3580554683804988,1.1353927882308161,0.3407495051038251,0.0,3.004638671875,39.01911926269531,0.3
5.641999999999601,-0.15815263035058344,0.014312952196427657,-0.1557535927480443,0.25690262639699685,0.0,0.3214338765035639,0.4627314702274392,0.3570733320845302,1.1360623479273029,0.34074903620309943,0.0,3.004638671875,39.01911926269531,0.3
5.6519999999996,-0.15800138176394588,0.0157746212271488,-0.15634244434799088,0.25782041167483066,0.0,0.32235166178139774,0.46276539405624745,0.3559446682577443,1.1356102106271253,0.34074856529029235,0.0,3.030930280685425,38.963951110839844,0.3
5.6619999999995985,-0.15784147242300858,0.015920001033003107,-0.15695106273236195,0.25935123568244745,0.0,0.3238824857890145,0.46279966874991074,0.35461813307417933,1.1360630244190286,0.34074809257897526,0.0,3.030930280685425,38.963951110839844,0.3
5.671999999999597,-0.15768232509070704,0.015729228934540727,-0.157555861808793,0.26014345837331915,0.0,0.3246747084798862,0.46283422463459156,0.35323546560835617,1.1357116154429905,0.34074761861703434,0.0,3.030930280685425,38.963951110839844,0.3
5.681999999999596,-0.1575382450920519,0.01322386630402063,-0.15817877075209116,0.26164000972535134,0.0,0.3261712598319184,0.4628689967245669,0.35159488007986933,1.1363726764692232,0.3407471426212993,0.0,3.030930280685425,38.963951110839844,0.3
5.691999999999595,-0.15742962785707382,0.009144981240619349,-0.15881150337716957,0.262547646332885,0.0,0.3270788964394521,0.4629039272498494,0.34980714936405344,1.1363005793340184,0.34074666484590194,0.0,3.030930280685425,38.963951110839844,0.3
5.701999999999594,-0.15736668663292291,0.004214349314240074,-0.15944269248312945,0.26330611223616696,0.0,0.32783736234273403,0.46293896892774267,0.347903911954785,1.1360709276025882,0.34074618586435396,0.0,3.0107016563415527,38.885013580322266,0.3
5.711999999999593,-0.15736247827231584,-0.002126828731468947,-0.16008534197749835,0.2639801536916034,0.0,0.32851140379817045,0.46297408655809086,0.3462355974253874,1.1361244543283064,0.34074570573436735,0.0,3.0107016563415527,38.885013580322266,0.3
5.721999999999592,-0.15741977918130262,-0.00786000696533667,-0.1606965056550077,0.263812285456738,0.0,0.3283435355633051,0.463009258485558,0.3445963785987014,1.1353189599516234,0.3407452252728436,0.0,3.0107016563415527,38.885013580322266,0.3
5.731999999999591,-0.15753109995256692,-0.013543385304280427,-0.16127142680393344,0.26435223325577234,0.0,0.3288834833623394,0.4630444762221304,0.3428548025634268,1.1354848282563146,0.3407447447387577,0.0,3.0107016563415527,38.885013580322266,0.3
5.74199999999959,-0.15770931424999216,-0.020712907311380313,-0.16183350917654826,0.2647910750531191,0.0,0.3293223251596862,0.463079742770266,0.3413519391257776,1.1357728862277299,0.3407442633585443,0.0,3.0107016563415527,38.885013580322266,0.3
5.7519999999995886,-0.15796018956542607,-0.027894861578996392,-0.162361914742912,0.2649720063212705,0.0,0.32950325642783757,0.4631150737325155,0.34012254558977795,1.136132193549026,0.34074378174137127,0.0,3.0531229972839355,38.94852828979492,0.3
5.7619999999995875,-0.1582784129141663,-0.034590879422768686,-0.16283857574116067,0.264969839722926,0.0,0.32950108982949305,0.4631504975286025,0.3389747567896711,1.1363365335050686,0.34074330012793774,0.0,3.0531229972839355,38.94852828979492,0.3
5.771999999999586,-0.15866028917164093,-0.040518890347016834,-0.163267881984663,0.2641891540284978,0.0,0.32872040413506487,0.4631860537875477,0.3380364027565364,1.1356367434656034,0.34074281915835,0.0,3.0531229972839355,38.94852828979492,0.3
5.781999999999585,-0.1590906843945388,-0.04445224241054818,-0.163626532137856,0.2629069339631157,0.0,0.3274381840696828,0.463221791541302,0.3372387726212292,1.1344090049405147,0.3407423397926633,0.0,3.0531229972839355,38.94852828979492,0.3
5.791999999999584,-0.15955697276749317,-0.048209200848795944,-0.16393369835787797,0.2625167250190778,0.0,0.3270479751256449,0.4632577657746494,0.3362744820218322,1.1342301914807005,0.3407418615035696,0.0,3.0531229972839355,38.94852828979492,0.3
5.801999999999583,-0.16007160798523634,-0.05332089906427283,-0.16421609046896338,0.26280319018244785,0.0,0.3273344402890149,0.46329403502296146,0.335248159309573,1.134758141257786,0.34074138290936146,0.0,3.105342388153076,39.19579315185547,0.3
5.811999999999582,-0.1606247260837601,-0.0568596221944221,-0.16441660692355736,0.2627528702572439,0.0,0.327284120363811,0.46333066251163063,0.3344647836048349,1.1349689166525176,0.3407409046888395,0.0,3.105342388153076,39.19579315185547,0.3
5.821999999999581,-0.1612165983610308,-0.060865890979795806,-0.1645983694615635,0.26247597706175163,0.0,0.3270072271683187,0.4633677146975706,0.33359483646401056,1.1346573760563037,0.34074042670762705,0.0,3.105342388153076,39.19579315185547,0.3
5.83199999999958,-0.16185629283597522,-0.06593492911445868,-0.16478425426771295,0.26283538323301714,0.0,0.3273666333395842,0.463405260814296,0.3326423475296805,1.1349691643121629,0.34073994815517467,0.0,3.105342388153076,39.19579315185547,0.3
5.841999999999579,-0.1625447641626995,-0.07093047062238989,-0.1649703439352125,0.263263230535795,0.0,0.32779448064236205,0.46344337407319086,0.33161708195084927,1.1350676284573302,0.34073946917548587,0.0,3.105342388153076,39.19579315185547,0.3
5.8519999999995775,-0.16327954501104153,-0.07454512751444331,-0.16513857369795154,0.26371576558028,0.0,0.32824701568684705,0.4634821318086837,0.33067865052554696,1.135096716296708,0.34073898966817256,0.0,3.148789405822754,39.575653076171875,0.3
5.861999999999576,-0.16403380135293122,-0.07598902418798478,-0.16524249798624935,0.26422524110464396,0.0,0.32875649121121103,0.4635216140129366,0.3297559252900995,1.1349796051928234,0.34073850921062676,0.0,3.148789405822754,39.575653076171875,0.3
5.871999999999575,-0.16480161335717353,-0.07764198490688569,-0.16536160251770127,0.2653432141354288,0.0,0.32987446424199585,0.4635618988484553,0.3285972564664249,1.1353081985217486,0.34073802794825364,0.0,3.148789405822754,39.575653076171875,0.3
5.881999999999574,-0.16559778705096317,-0.0807915264399025,-0.165533198514774,0.26648328499010626,0.0,0.33101453509667333,0.46360306148811237,0.32752772046555306,1.135390761137082,0.340737544423853,0.0,3.148789405822754,39.575653076171875,0.3
5.891999999999573,-0.1664111568741304,-0.08163192038724057,-0.16571259468044425,0.26711058363103807,0.0,0.33164183373760514,0.46364517620454737,0.32665704085051844,1.1347546191959248,0.3407370602081613,0.0,3.148789405822754,39.575653076171875,0.3
5.901999999999572,-0.16722802456860408,-0.08085986387738214,-0.1658972321878227,0.2679407124243326,0.0,0.33247196253089967,0.4636883148432738,0.32611304497169186,1.1344957586942086,0.3407365744342255,0.0,3.163872241973877,40.04795837402344,0.3
5.911999999999571,-0.16800514700596017,-0.07605391405163318,-0.16600144093502833,0.2692125602799145,0.0,0.3337438103864816,0.4637325433617301,0.32561940541008066,1.1347089847806586,0.3407360876196692,0.0,3.163872241973877,40.04795837402344,0.3
5.92199999999957,-0.168743925850921,-0.0724611681442828,-0.1661526838665582,0.2702883705803728,0.0,0.3348196206869399,0.46377791562391374,0.3251736578457652,1.1345332223299844,0.3407355987721202,0.0,3.163872241973877,40.04795837402344,0.3
5.931999999999569,-0.16945053125162565,-0.06942938331270339,-0.16635463798746877,0.2718700100518828,0.0,0.3364012601584499,0.46382447322493414,0.32459414594461505,1.1347397282451634,0.3407351076472481,0.0,3.163872241973877,40.04795837402344,0.3
5.941999999999568,-0.17011884927505258,-0.06528418974053261,-0.16658843205439405,0.2733943541904703,0.0,0.3379256042970374,0.46387224740028166,0.3241064283909116,1.134844876178216,0.3407346148447976,0.0,3.163872241973877,40.04795837402344,0.3
5.9519999999995665,-0.1707462647111843,-0.06061247863644345,-0.1668533276280802,0.2751557954958902,0.0,0.33968704560245727,0.46392125888476426,0.32359815879738635,1.1350876378079904,0.34073411947912285,0.0,3.124180316925049,40.475006103515625,0.3
5.961999999999565,-0.1713058060988131,-0.053029693853953036,-0.16707284915673645,0.27644972666909917,0.0,0.34098097677566624,0.4639715173357642,0.3231946264718517,1.1347373083332424,0.3407336219804705,0.0,3.124180316925049,40.475006103515625,0.3
5.971999999999564,-0.17179823877960468,-0.04661654746071367,-0.16734636062469588,0.2779147274325417,0.0,0.34244597753910877,0.46402301807848,0.32270419545681417,1.134418287311934,0.34073312193473215,0.0,3.124180316925049,40.475006103515625,0.3
5.981999999999563,-0.17222663649001949,-0.04026098528689837,-0.1676620786770576,0.27968509405312103,0.0,0.3442163441596881,0.4640757424354348,0.3225236646736597,1.1347970122746533,0.34073261966007157,0.0,3.124180316925049,40.475006103515625,0.3
5.991999999999562,-0.1725915967897089,-0.03366857289733216,-0.16801509619295754,0.28089363634221254,0.0,0.3454248864487796,0.46412965944785634,0.3224517190086305,1.1346074709640404,0.3407321152341461,0.0,3.124180316925049,40.475006103515625,0.3
6.001999999999561,-0.17289069014729624,-0.027502284475284036,-0.16840254109980368,0.28311515142955074,0.0,0.3476464015361178,0.46418472661838117,0.32218353673066163,1.1356921410116334,0.34073160821777393,0.0,3.0579981803894043,40.74028396606445,0.3
6.01199999999956,-0.173123279655754,-0.020636217588806655,-0.16878663903320953,0.28486828453219487,0.0,0.34939953463876194,0.4642408905554018,0.3216857671721752,1.1359871124833723,0.34073109856470735,0.0,3.0579981803894043,40.74028396606445,0.3
6.021999999999559,-0.17328982602302873,-0.014010360711818985,-0.16919963240872654,0.2859294045629296,0.0,0.35046065466949666,0.4642980876165928,0.321299990457209,1.1354247263209292,0.3407305869309174,0.0,3.0579981803894043,40.74028396606445,0.3
6.031999999999558,-0.17339611965268908,-0.008169319480101373,-0.16964492077906407,0.2871982885479043,0.0,0.3517295386544714,0.4643562447086139,0.3209097059317337,1.1353337535958465,0.3407300731225665,0.0,3.0579981803894043,40.74028396606445,0.3
6.041999999999557,-0.17344094527404874,-0.002111180660824795,-0.17010017326644347,0.2882345458186567,0.0,0.3527657959252238,0.46441528085572475,0.3206774888257314,1.1352262435629943,0.34072955789127213,0.0,3.0579981803894043,40.74028396606445,0.3
6.0519999999995555,-0.17341339266575378,0.006429834157397089,-0.1705180850539011,0.28747712770497436,0.0,0.35200837781154143,0.4644751077361672,0.3207465888307404,1.1330666388471777,0.34072904283290806,0.0,3.0088398456573486,40.81114959716797,0.3
6.061999999999554,-0.17328969203794142,0.01605858072137225,-0.1708864281544126,0.2876525634748676,0.0,0.3521838135814347,0.46453562784689034,0.3211122090066336,1.1327427263341003,0.34072852821197425,0.0,3.0088398456573486,40.81114959716797,0.3
6.071999999999553,-0.17308035041674735,0.023994863522299077,-0.17124249717210174,0.28775549342873,0.0,0.3522867435352971,0.4645967315746184,0.3213469655812106,1.1325015057967667,0.34072801315421825,0.0,3.0088398456573486,40.81114959716797,0.3
6.081999999999552,-0.1727999516715034,0.030660908141753266,-0.17157901811338383,0.2877493988416431,0.0,0.35228064894821015,0.4646582995321187,0.32150787759975064,1.1322698731720546,0.3407274979503129,0.0,3.0088398456573486,40.81114959716797,0.3
6.091999999999551,-0.17245988942086304,0.03597820968922984,-0.17189267376474593,0.2880655010237112,0.0,0.3525967511302783,0.46472020609187187,0.321850511846004,1.132927745502951,0.34072698277248376,0.0,3.0088398456573486,40.81114959716797,0.3
6.10199999999955,-0.1720773811818018,0.039558216509807995,-0.172191541830893,0.28768777572462073,0.0,0.3522190258311878,0.4647823223244707,0.3221903555215057,1.1328223843611411,0.34072646763862635,0.0,3.0782418251037598,40.65877914428711,0.3
6.111999999999549,-0.17166342195869413,0.04254168753655991,-0.17246707011473852,0.28675538441707654,0.0,0.3512866345236436,0.46484451943933564,0.3224996433646594,1.132231287182166,0.3407259536837986,0.0,3.0782418251037598,40.65877914428711,0.3
6.121999999999548,-0.17122641682024956,0.04459312149399487,-0.1727031307530486,0.28591645970418095,0.0,0.350447709810748,0.46490667112999373,0.32280915629612655,1.1320120437081083,0.3407254405277135,0.0,3.0782418251037598,40.65877914428711,0.3
6.131999999999547,-0.17076700669897615,0.046567822610066395,-0.17287852157738842,0.2853239851215215,0.0,0.3498552352280886,0.46496865499680146,0.32303068151759856,1.1322947728352446,0.34072492905769886,0.0,3.0782418251037598,40.65877914428711,0.3
6.141999999999546,-0.1703028117045651,0.04632667160813647,-0.17302258753324878,0.28427826817393526,0.0,0.34880951828050233,0.4650303531065264,0.32349877600476645,1.1323749387769286,0.34072441832422107,0.0,3.0782418251037598,40.65877914428711,0.3
6.1519999999995445,-0.16984736122286817,0.044797467890428724,-0.17313122238041173,0.2829495313299443,0.0,0.3474807814365114,0.46509165465388047,0.32384567407137804,1.132225510979111,0.340723909104251,0.0,3.0907323360443115,40.392433166503906,0.3
6.161999999999543,-0.16941291558699698,0.04264545263923014,-0.17321807666776576,0.2811009628463433,0.0,0.34563221295291036,0.46515245845256437,0.3241000113224564,1.1313922096520572,0.34072340256639416,0.0,3.0907323360443115,40.392433166503906,0.3
6.171999999999542,-0.1689978457869904,0.04034531814640267,-0.17323972687511147,0.2801768150984179,0.0,0.344708065204985,0.4652126743796189,0.32437215718945994,1.1320063395130968,0.3407228982506111,0.0,3.0907323360443115,40.392433166503906,0.3
6.181999999999541,-0.16861822466997176,0.03649509292251267,-0.17322007710914394,0.27847820839293486,0.0,0.34300945849950193,0.4652722231914831,0.32487507529310755,1.1318929844955457,0.34072239540708527,0.0,3.0907323360443115,40.392433166503906,0.3
6.19199999999954,-0.16826902921699177,0.03377136966436285,-0.1731187355768457,0.27664556222655323,0.0,0.3411768123331203,0.46533103802578035,0.32546357413840515,1.1317669663853005,0.34072189564239136,0.0,3.0907323360443115,40.392433166503906,0.3
6.201999999999539,-0.16795549678712976,0.029305397895376673,-0.17298100835728963,0.2752358877864003,0.0,0.33976713789296736,0.46538906339137126,0.32609419106628873,1.1323648150398598,0.34072139794053713,0.0,3.061166524887085,40.16169357299805,0.3
6.211999999999538,-0.16769074670051137,0.024988702154941488,-0.17280990768630095,0.27247510319641577,0.0,0.33700635330298284,0.4654462554376948,0.3264161257234283,1.1308495069647493,0.340720903594797,0.0,3.061166524887085,40.16169357299805,0.3
6.221999999999537,-0.16745748925663184,0.02198280679169165,-0.17255524153349971,0.270603239379024,0.0,0.33513448948559105,0.4655025828571468,0.326769678118348,1.1305008764179574,0.3407204127323207,0.0,3.061166524887085,40.16169357299805,0.3
6.231999999999536,-0.1672617397207274,0.018005357658205327,-0.17225392642797638,0.26888122085086924,0.0,0.3334124709574363,0.4655580239750042,0.3269534901528288,1.1302359130708135,0.3407199241788176,0.0,3.061166524887085,40.16169357299805,0.3
6.241999999999535,-0.16710689590935202,0.013548299110396986,-0.17190708027634974,0.26759367932375766,0.0,0.33212492943032473,0.46561256655685007,0.32690960797546625,1.130286756370229,0.3407194380130899,0.0,3.061166524887085,40.16169357299805,0.3
6.2519999999995335,-0.16700323372354836,0.008185048033914483,-0.1715363652598346,0.2660711856295135,0.0,0.33060243573608056,0.4656662082129742,0.3268259837815631,1.1297932776964086,0.34071895374367955,0.0,3.018764019012451,40.04235076904297,0.3
6.261999999999532,-0.16696353503045094,0.0012080169019832235,-0.17117519735096245,0.2652937731109826,0.0,0.3298250232175497,0.4657189575413614,0.32675676567916023,1.130192323470465,0.3407184708067988,0.0,3.018764019012451,40.04235076904297,0.3
6.271999999999531,-0.16699368480428972,-0.005934910292737863,-0.17080607047176935,0.264678880364807,0.0,0.3292101304713741,0.4657708356844477,0.32679119101696696,1.1307607677494118,0.3407179890090571,0.0,3.018764019012451,40.04235076904297,0.3
6.28199999999953,-0.16708928370707662,-0.011859404807231487,-0.17041794885477232,0.26344477887685513,0.0,0.3279760289834222,0.46582187670419267,0.32714567641501036,1.1305126714571665,0.34071750876015544,0.0,3.018764019012451,40.04235076904297,0.3
6.291999999999529,-0.167237428879247,-0.016468124211996542,-0.1700116686432888,0.262345989621541,0.0,0.32687723972810806,0.4658721257663896,0.3277867497903392,1.1306064315498787,0.34071703007481324,0.0,3.018764019012451,40.04235076904297,0.3
6.301999999999528,-0.16741783414812395,-0.01879492539198107,-0.16957172768043993,0.2609761452488781,0.0,0.32550739535544515,0.4659216358011761,0.3284020933649555,1.1301258101218554,0.3407165534931987,0.0,3.036961317062378,40.085628509521484,0.3
6.311999999999527,-0.16762167991744548,-0.021554304068230248,-0.16913647609007973,0.2608125678602735,0.0,0.3253438179668406,0.46597046329715275,0.32873479834505664,1.1307857870525746,0.3407160775138867,0.0,3.036961317062378,40.085628509521484,0.3
6.321999999999526,-0.1678537162747266,-0.024063988072424825,-0.16871607849256828,0.26027429518934025,0.0,0.3248055452959073,0.46601866642788436,0.3292048378048027,1.1307551409330063,0.34071560200859285,0.0,3.036961317062378,40.085628509521484,0.3
6.331999999999525,-0.16809567415145163,-0.023989109953454844,-0.16828003308117193,0.25923056627826624,0.0,0.3237618163848333,0.4660663051166811,0.3298751687187736,1.13003543349878,0.3407151280569854,0.0,3.036961317062378,40.085628509521484,0.3
6.341999999999524,-0.16833368633638907,-0.023820297467761063,-0.16786254982251178,0.2594560841986724,0.0,0.32398733430523946,0.4661134377742487,0.33047121662644996,1.1307505367711501,0.3407146544611973,0.0,3.036961317062378,40.085628509521484,0.3
6.3519999999995225,-0.16857192858108444,-0.023602464624505708,-0.16747410400258042,0.26000096986488647,0.0,0.32453221997145354,0.4661601189685916,0.3310884641069984,1.1317523287303075,0.34071418051712216,0.0,3.047422170639038,40.22296905517578,0.3
6.361999999999521,-0.16880882650481824,-0.023795245799161258,-0.1671189229597947,0.2607503473360902,0.0,0.3252815974426573,0.4662063998624644,0.3317448043416152,1.1328051493485574,0.3407137052412317,0.0,3.047422170639038,40.22296905517578,0.3
6.37199999999952,-0.16904774518153698,-0.02387388289044976,-0.16681604723892085,0.26145861511153673,0.0,0.3259898652181038,0.4662523284225876,0.3322508767666023,1.1335259676410638,0.34071322888633526,0.0,3.047422170639038,40.22296905517578,0.3
6.381999999999519,-0.16927777440283237,-0.0219761678964237,-0.16654196763047596,0.26145647487370666,0.0,0.32598772498027373,0.46629794993681134,0.3327107884527996,1.1330029039035203,0.34071275218210606,0.0,3.047422170639038,40.22296905517578,0.3
6.391999999999518,-0.16947648304324678,-0.01831060497844029,-0.16629089425296098,0.2617267536327586,0.0,0.3262580037393257,0.4663433049533062,0.3329238566085021,1.132502329521412,0.34071227528537806,0.0,3.047422170639038,40.22296905517578,0.3
6.401999999999517,-0.1696432562929577,-0.015530996525327028,-0.16609801426149098,0.2632492401158568,0.0,0.3277804902224239,0.4663884258217984,0.33276744648935064,1.133241094116615,0.34071179659054784,0.0,3.032719850540161,40.35346221923828,0.3
6.411999999999516,-0.16977177550919642,-0.011165839526545767,-0.1659205711461658,0.2641878340407644,0.0,0.3287190841473315,0.4664333366053152,0.3326826510119649,1.1330778231926497,0.34071131675237154,0.0,3.032719850540161,40.35346221923828,0.3
6.421999999999515,-0.1698525126878693,-0.0055544748656230145,-0.16577346472153226,0.26398878761810074,0.0,0.3285200377246678,0.46647805259995423,0.332830984516055,1.1314741697914688,0.3407108362162827,0.0,3.032719850540161,40.35346221923828,0.3
6.431999999999514,-0.16986657706740502,0.0015847818107513414,-0.16564106096305778,0.2643175083824391,0.0,0.3288487584890062,0.46652257865606256,0.3332453652605679,1.1307812145761922,0.3407103554944306,0.0,3.032719850540161,40.35346221923828,0.3
6.441999999999513,-0.16981225926572413,0.007876236774212626,-0.16555180553095314,0.2654783344573423,0.0,0.3300095845639094,0.4665669068095642,0.33386593555873756,1.1315583185284979,0.3407098735213014,0.0,3.032719850540161,40.35346221923828,0.3
6.4519999999995115,-0.16969465842099954,0.014598886315436623,-0.16548950567212325,0.26569908282213534,0.0,0.3302303329287024,0.46661101669087357,0.33460029416017323,1.131107977912492,0.3407093907415471,0.0,3.02620792388916,40.36686325073242,0.3
6.46199999999951,-0.16950022712315674,0.02305707728449493,-0.16542288689847484,0.26522716371571176,0.0,0.32975841382227883,0.46665487686633494,0.3354738445955265,1.129970375011017,0.3407089081529414,0.0,3.02620792388916,40.36686325073242,0.3
6.471999999999509,-0.169219367082621,0.03139736526965053,-0.16536522702497433,0.2656352818420978,0.0,0.33016653194866485,0.4666984433325666,0.33633006323228726,1.1301582752286046,0.34070842540328594,0.0,3.02620792388916,40.36686325073242,0.3
6.481999999999508,-0.16885422785757548,0.039679565797473906,-0.16531008935733546,0.2657815618024385,0.0,0.3303128119090056,0.4667416587295602,0.33716929394440986,1.1301049578073128,0.34070794270049093,0.0,3.02620792388916,40.36686325073242,0.3
6.491999999999507,-0.16841544837430722,0.04627089483808487,-0.16527722376722065,0.26660633427017716,0.0,0.33113758437674423,0.46678445368210564,0.3379918737831697,1.131154806895612,0.3407074593218857,0.0,3.02620792388916,40.36686325073242,0.3
6.501999999999506,-0.16792076319925775,0.05132529694720084,-0.16527230653916675,0.2665351755993334,0.0,0.33106642570590045,0.46682674970646676,0.33879813311252943,1.1311249299278352,0.3407069753947873,0.0,3.1013736724853516,40.162811279296875,0.3
6.511999999999505,-0.1673867509842195,0.05467875661268533,-0.16531351032194344,0.26658315948074385,0.0,0.3311144095873109,0.4668684631733491,0.33958839574181987,1.1314582039586893,0.34070649134431963,0.0,3.1013736724853516,40.162811279296875,0.3
6.521999999999504,-0.16682116646064568,0.057939680067521517,-0.16535197023900475,0.2662574557040587,0.0,0.33078870581062575,0.4669095088471356,0.34036297905578794,1.1314795303556888,0.34070600729268563,0.0,3.1013736724853516,40.162811279296875,0.3
6.531999999999503,-0.1662159501871906,0.06232037322972408,-0.16535543940887495,0.26547791645025287,0.0,0.33000916655681994,0.46694980148053766,0.3410984942146947,1.131086346693127,0.3407055244500155,0.0,3.1013736724853516,40.162811279296875,0.3
6.5419999999995015,-0.16556776298430853,0.06625898802385069,-0.16533026538974607,0.2650159825355719,0.0,0.329547232642139,0.4669892546482159,0.3417825690406199,1.13128133337134,0.34070504266914947,0.0,3.1013736724853516,40.162811279296875,0.3
6.5519999999995004,-0.1648882437298846,0.0686036288987833,-0.1652972220867419,0.26397870490886693,0.0,0.328509955015434,0.4670277804302221,0.34251361855487505,1.1309840140806497,0.340704561946266,0.0,3.137563705444336,39.80305480957031,0.3
6.561999999999499,-0.16420466540871814,0.06819014435527132,-0.16530585563900693,0.26313900709562965,0.0,0.3276702572021967,0.4670652919346792,0.34323016357983077,1.1311917702407763,0.340704082514977,0.0,3.137563705444336,39.80305480957031,0.3
6.571999999999498,-0.16353320790680137,0.06642032686999329,-0.16529932214347873,0.2627167137166266,0.0,0.32724796382319365,0.46710170798735273,0.34393249189381897,1.1322039163375655,0.340703603634632,0.0,3.137563705444336,39.80305480957031,0.3
6.581999999999497,-0.16287835622271263,0.06509001940956648,-0.16524789110911395,0.2612194897414288,0.0,0.32575073984799585,0.4671369561764454,0.34462088556546583,1.1319125837283208,0.3407031264517118,0.0,3.137563705444336,39.80305480957031,0.3
6.591999999999496,-0.16223132315033262,0.06413646773052034,-0.16513791868669678,0.25995054601927936,0.0,0.32448179612584643,0.467170973001045,0.345243372234401,1.132108701771764,0.3407026515993582,0.0,3.137563705444336,39.80305480957031,0.3
6.601999999999495,-0.16159988680965776,0.06178659867865774,-0.16500013664905777,0.2584531948765781,0.0,0.32298444498314516,0.4672037022606004,0.34548787535420983,1.1317919269075096,0.34070217882919085,0.0,3.126063823699951,39.40681457519531,0.3
6.611999999999494,-0.16101496555528236,0.056534780547463914,-0.16489791170721582,0.256818245856039,0.0,0.3213494959626061,0.4672350962913044,0.3457679262695753,1.1313765758824477,0.34070170806317823,0.0,3.126063823699951,39.40681457519531,0.3
6.621999999999493,-0.16047933857505317,0.05178147623126285,-0.16474239657102188,0.25519673893279843,0.0,0.3197279890393655,0.4672651202706156,0.3460657860720558,1.1312350353535887,0.34070123952958653,0.0,3.126063823699951,39.40681457519531,0.3
6.631999999999492,-0.15999531470026704,0.04611695338044915,-0.16454953520468527,0.2541914935670089,0.0,0.31872274367357595,0.46729375266818945,0.3458910640327018,1.131593813898011,0.3407007727592705,0.0,3.126063823699951,39.40681457519531,0.3
6.6419999999994905,-0.15957709636915238,0.038630162859244324,-0.16433859796675235,0.25371096831958856,0.0,0.31824221842615563,0.467320984917652,0.3454789566257368,1.132395392687397,0.3407003071186508,0.0,3.126063823699951,39.40681457519531,0.3
6.651999999999489,-0.15923605683018657,0.03066241694884512,-0.1641074578701616,0.25216304637274484,0.0,0.3166942964793119,0.46734682313719395,0.34539333083816537,1.1319771920767718,0.34069984326219765,0.0,3.065225839614868,39.115684509277344,0.3
6.661999999999488,-0.15898194481258462,0.02219322834522814,-0.16388529754679904,0.2504855576669418,0.0,0.3150168077735089,0.46737128944407474,0.3452719123645227,1.1314621040054307,0.34069938168560204,0.0,3.065225839614868,39.115684509277344,0.3
6.671999999999487,-0.15880892753462947,0.01385030080483041,-0.16363394182709065,0.24989967467141563,0.0,0.31443092477798273,0.46739442222252603,0.34478414975798716,1.1320289234326817,0.3406989216999317,0.0,3.065225839614868,39.115684509277344,0.3
6.681999999999486,-0.15871474303760766,0.006312328842131764,-0.1633482371733659,0.24869717553602508,0.0,0.3132284256425921,0.46741627446979145,0.34426668097754154,1.1315740470172773,0.3406984635511914,0.0,3.065225839614868,39.115684509277344,0.3
6.691999999999485,-0.15870005762510317,-0.0017389180081755964,-0.16305221731060932,0.24785571085074384,0.0,0.3123869609573109,0.467436912203584,0.34375198978728005,1.1315066806805676,0.3406980064342035,0.0,3.065225839614868,39.115684509277344,0.3
6.701999999999484,-0.15876619705313608,-0.010012455887786287,-0.16275248802661482,0.24749470528642634,0.0,0.3120259553929934,0.4674564135400071,0.3433424686076443,1.1320247979876612,0.3406975502304742,0.0,3.016334295272827,39.049537658691406,0.3
6.711999999999483,-0.15892048301995493,-0.018840178676975128,-0.16247130427923392,0.24716958564094257,0.0,0.3117008357475096,0.4674748683022395,0.34292138800139854,1.1323871955965945,0.3406970944000369,0.0,3.016334295272827,39.049537658691406,0.3
6.721999999999482,-0.15915669798219848,-0.02657514710538173,-0.16218852653316043,0.24669108033387957,0.0,0.31122233044044667,0.467492378094737,0.3427089529071059,1.132549217594274,0.3406966392694068,0.0,3.016334295272827,39.049537658691406,0.3
6.731999999999481,-0.15946704779833953,-0.033622377299681164,-0.16191556253126452,0.24638642449860973,0.0,0.31091767460517683,0.4675090545145819,0.3425492918700712,1.1327219953820649,0.3406961844278771,0.0,3.016334295272827,39.049537658691406,0.3
6.7419999999994795,-0.15983061429567122,-0.037982443183376485,-0.16162468469878688,0.24557233735756973,0.0,0.3101035874641368,0.46752501654139633,0.34262738217414934,1.1321565681662553,0.3406957308605185,0.0,3.016334295272827,39.049537658691406,0.3
6.751999999999478,-0.1602245426506625,-0.03974476242218201,-0.16131063517023522,0.24439545908594057,0.0,0.30892670919250764,0.4675403862016764,0.34267138221585475,1.1308733174811634,0.3406952785207061,0.0,3.0797088146209717,39.2174072265625,0.3
6.761999999999477,-0.16062368453324272,-0.04014208073412116,-0.16097445151459877,0.2445073610292026,0.0,0.3090386111357697,0.46755528356795895,0.34255825474745627,1.1309578411412935,0.3406948266473788,0.0,3.0797088146209717,39.2174072265625,0.3
6.771999999999476,-0.16103296163168837,-0.041431764233872556,-0.16067607794436667,0.24500476356580958,0.0,0.30953601367237665,0.46756982270703307,0.3426171377812964,1.131467670042466,0.34069437414926235,0.0,3.0797088146209717,39.2174072265625,0.3
6.781999999999475,-0.16144911803120313,-0.04142299978837291,-0.16039721581752006,0.24483453223942156,0.0,0.30936578234598866,0.4675841121233874,0.3425238427533013,1.1307107719223595,0.34069392160975426,0.0,3.0797088146209717,39.2174072265625,0.3
6.791999999999474,-0.1618597703671106,-0.040510253431102386,-0.1601456935621561,0.2451128483177526,0.0,0.30964409842431967,0.46759825442394554,0.34219692636038856,1.1300962859809944,0.3406934687007817,0.0,3.0797088146209717,39.2174072265625,0.3
6.801999999999473,-0.1622527751046038,-0.0383342578592872,-0.15991255884975325,0.2461779374036086,0.0,0.3107091875101757,0.4676123443270882,0.3416922606619151,1.1301946020725664,0.3406930152298631,0.0,3.0780081748962402,39.46113204956055,0.3
6.811999999999472,-0.16262776839943746,-0.037581943501988846,-0.15972260726740356,0.24856558246774504,0.0,0.3130968325743121,0.4676264669242155,0.3411386890796707,1.1317944748058786,0.34069255889786826,0.0,3.0780081748962402,39.46113204956055,0.3
6.821999999999471,-0.16300645011837692,-0.03772656165692396,-0.15961684129325773,0.24966199896513436,0.0,0.31419324907170143,0.46764069861245355,0.34087542221944295,1.1316755978506503,0.3406920998800477,0.0,3.0780081748962402,39.46113204956055,0.3
6.83199999999947,-0.16337885910933186,-0.036606198495658285,-0.15956711372324414,0.25092622063570996,0.0,0.31545747074227704,0.4676551105853346,0.34073108376589023,1.1318317434191743,0.34069163903699545,0.0,3.0780081748962402,39.46113204956055,0.3
6.8419999999994685,-0.16373088161751018,-0.034341442214090884,-0.15957023518667013,0.2527368906941311,0.0,0.31726814080069815,0.46766976778467517,0.3405029220568964,1.1325699940013767,0.3406911763636721,0.0,3.0780081748962402,39.46113204956055,0.3
6.851999999999467,-0.16405366488462278,-0.03050056096087078,-0.15961230155865325,0.253712367566602,0.0,0.31824361767316905,0.4676847267412496,0.34014668034240386,1.1318738413969585,0.34069071182353095,0.0,3.0633575916290283,39.67911911010742,0.3
6.861999999999466,-0.16432451545432017,-0.024901984167706014,-0.15966137698543825,0.255319022865076,0.0,0.3198502729716431,0.46770003385706727,0.3397300494357022,1.1319407311380352,0.3406902453196499,0.0,3.0633575916290283,39.67911911010742,0.3
6.871999999999465,-0.16454046452649898,-0.01911405396126556,-0.15975859357163777,0.2560622106872469,0.0,0.32059346079381396,0.46771572243438253,0.3392110020232742,1.1306953374568216,0.3406897769252448,0.0,3.0633575916290283,39.67911911010742,0.3
6.881999999999464,-0.16469782899103813,-0.013702848184408544,-0.15990720146509776,0.2581061054862918,0.0,0.3226373555928589,0.46773181231681066,0.338749619734455,1.1312681628318306,0.34068930642549045,0.0,3.0633575916290283,39.67911911010742,0.3
6.891999999999463,-0.1648087754543824,-0.009178437779650515,-0.1601184945711161,0.2595106122185754,0.0,0.3240418623251425,0.4677483106240987,0.3382656406141183,1.1310304753741283,0.34068883326982485,0.0,3.0633575916290283,39.67911911010742,0.3
6.901999999999462,-0.1648685930924351,-0.003738499413652452,-0.16035891565234944,0.26070648478702463,0.0,0.3252377348935917,0.46776521420294687,0.3376070393955989,1.130429389583272,0.34068835838383327,0.0,3.0100691318511963,39.78333282470703,0.3
6.911999999999461,-0.16487119349613355,0.0020835330698948124,-0.1606184053552582,0.2621156638492966,0.0,0.32664691395586365,0.46778250983303926,0.33682873690073856,1.1300528871341233,0.3406878815910934,0.0,3.0100691318511963,39.78333282470703,0.3
6.92199999999946,-0.16482447796464353,0.006164284984043434,-0.16093139113654256,0.26405724277636666,0.0,0.32858849288293374,0.4678001739010548,0.33592095507752723,1.130475436783765,0.34068740226712474,0.0,3.0100691318511963,39.78333282470703,0.3
6.931999999999459,-0.1647408649876511,0.010009989265013283,-0.16127779884281504,0.2648680797491912,0.0,0.32939932985575826,0.46781817455739877,0.3348090459656658,1.1292852696803173,0.34068692099782444,0.0,3.0100691318511963,39.78333282470703,0.3
6.9419999999994575,-0.16461769778523502,0.013556271785934325,-0.16164676782834378,0.2663150080837518,0.0,0.3308462581903189,0.46783647425064184,0.3336721620958215,1.1290449021453834,0.34068643811511573,0.0,3.0100691318511963,39.78333282470703,0.3
6.951999999999456,-0.1644611133872903,0.01727422803378658,-0.1620266043346992,0.2664968481631763,0.0,0.3310280982697434,0.46785503027737235,0.3330307773045547,1.1276671698274847,0.3406859540333186,0.0,3.0327439308166504,39.739479064941406,0.3
6.961999999999455,-0.16426278574382727,0.02139502559477067,-0.16240020632664484,0.2670555273822644,0.0,0.3315867774888315,0.4678737957214171,0.33257317627375144,1.1273635184495836,0.340685469549963,0.0,3.0327439308166504,39.739479064941406,0.3
6.971999999999454,-0.16403751973036468,0.023106473700506287,-0.16279880790350668,0.26822948973136657,0.0,0.33276073983793364,0.46789271895085977,0.3321306484582782,1.1281192338912014,0.3406849832900844,0.0,3.0327439308166504,39.739479064941406,0.3
6.981999999999453,-0.16379646362085165,0.02464288342777913,-0.16318960043002015,0.2686578339540302,0.0,0.3331890840605973,0.46791174632083565,0.33167495291307464,1.1280769053994173,0.3406844963852506,0.0,3.0327439308166504,39.739479064941406,0.3
6.991999999999452,-0.16354773445032345,0.024773652803002262,-0.16358254978074874,0.26934741442612015,0.0,0.3338786645326872,0.46793082462969127,0.3312793470472528,1.1286502769857383,0.3406840084957687,0.0,3.0327439308166504,39.739479064941406,0.3
7.001999999999451,-0.16330236274866325,0.02421090646667753,-0.16396842303001857,0.2693552344342553,0.0,0.33388648454082237,0.467949902781182,0.33100615949064394,1.1285779688453013,0.3406835201991985,0.0,3.0489189624786377,39.60209655761719,0.3
7.01199999999945,-0.1630631879764369,0.023729796574283642,-0.16433892233558048,0.2689282101724534,0.0,0.33345946027902046,0.46796893366298753,0.33085506394291614,1.128303108431194,0.3406830325570984,0.0,3.0489189624786377,39.60209655761719,0.3
7.021999999999449,-0.16283372154764822,0.022157082524890646,-0.16468791815651074,0.2691672339617146,0.0,0.3336984840682817,0.46798787454272717,0.3302373055003422,1.128830209573085,0.3406825448486064,0.0,3.0489189624786377,39.60209655761719,0.3
7.031999999999448,-0.16263151797173628,0.01883080356039038,-0.1650271065717757,0.26928110375632486,0.0,0.33381235386289193,0.4680066878241821,0.3295416863752292,1.1291241465300597,0.34068205668827345,0.0,3.0489189624786377,39.60209655761719,0.3
7.0419999999994465,-0.16246764796780658,0.014785602308203544,-0.1653432217917175,0.2690999331075631,0.0,0.33363118321413016,0.46802534374978905,0.3287394569339351,1.1291542554350644,0.34068156858378446,0.0,3.0489189624786377,39.60209655761719,0.3
7.051999999999445,-0.16234449558379768,0.010623255836209608,-0.16562756376698468,0.26858489488708054,0.0,0.3331161449936476,0.46804382204006323,0.3277048211504165,1.1285022266774822,0.34068108115964224,0.0,3.023244619369507,39.483890533447266,0.3
7.061999999999444,-0.1622679955341089,0.005716635031455383,-0.16589742645991998,0.2680178529470313,0.0,0.33254910305359836,0.4680621119481599,0.3269418246069672,1.1281789590043254,0.3406805945822893,0.0,3.023244619369507,39.483890533447266,0.3
7.071999999999443,-0.16224547818337504,-8.278396850728946e-05,-0.1661425782612608,0.26783079384967645,0.0,0.3323620439562435,0.4680802126656191,0.3264155582650631,1.1287123274106188,0.3406801082807155,0.0,3.023244619369507,39.483890533447266,0.3
7.081999999999442,-0.1622798920184836,-0.005531163548046225,-0.16634739386327618,0.2671084497677676,0.0,0.33163969987433467,0.4680981340994284,0.32580293044209385,1.1284888567634748,0.34067962287263787,0.0,3.023244619369507,39.483890533447266,0.3
7.091999999999441,-0.1623629217464806,-0.010081763480735556,-0.16649938217115046,0.2661526748346524,0.0,0.33068392494121945,0.46811589654790886,0.32520408753481955,1.1279249812607737,0.3406791389087849,0.0,3.023244619369507,39.483890533447266,0.3
7.10199999999944,-0.1624992757765379,-0.01601527215541786,-0.16663253181747475,0.26613225868182655,0.0,0.3306635087883936,0.4681335287684203,0.3246035786472168,1.1287168821510825,0.34067865525544516,0.0,3.0296316146850586,39.496070861816406,0.3
7.111999999999439,-0.16269280146676807,-0.02159433612538295,-0.16672925202894062,0.2654250330479693,0.0,0.3299562831545364,0.4681510680177919,0.32406066553335916,1.128458220959562,0.3406781725167728,0.0,3.0296316146850586,39.496070861816406,0.3
7.121999999999438,-0.16294603892632853,-0.02793487440201875,-0.16681173284078882,0.26537659855226975,0.0,0.3299078486588368,0.46816856025372,0.3239677324567461,1.1294514365268902,0.3406776900764961,0.0,3.0296316146850586,39.496070861816406,0.3
7.131999999999437,-0.1632557826547377,-0.03276320035069599,-0.166854487642082,0.26431943516919376,0.0,0.32885068527576083,0.4681860599558521,0.3238365490589912,1.1290220714730679,0.3406772088822736,0.0,3.0296316146850586,39.496070861816406,0.3
7.1419999999994355,-0.1636129077592092,-0.03745944282404533,-0.1668763602510936,0.2637067469978417,0.0,0.32823799710440876,0.468203628789403,0.32373012312088123,1.129054945115506,0.34067672835042345,0.0,3.0296316146850586,39.496070861816406,0.3
7.151999999999434,-0.16401172029786756,-0.04113893366182171,-0.16686566922782592,0.26331305055359394,0.0,0.327844300660161,0.46822133343215827,0.32385764278906115,1.1294172449829785,0.3406762486106171,0.0,3.08158016204834,39.671531677246094,0.3
7.161999999999433,-0.16443686062126958,-0.043363967394377104,-0.1668021423480628,0.2629198526926846,0.0,0.32745110279925166,0.4682392438882532,0.3240034319242151,1.129726955249199,0.3406757694877793,0.0,3.08158016204834,39.671531677246094,0.3
7.171999999999432,-0.1648814705503014,-0.045226327165163005,-0.16672422706526532,0.26256459611821475,0.0,0.3270958462247818,0.46825743054160324,0.3241637763129836,1.129833051319153,0.34067529104770455,0.0,3.08158016204834,39.671531677246094,0.3
7.181999999999431,-0.16534367547315576,-0.047039773686253755,-0.1666447965574114,0.26261833491828507,0.0,0.32714958502485214,0.4682759626119541,0.3243956414945459,1.1304308175267097,0.34067481284849954,0.0,3.08158016204834,39.671531677246094,0.3
7.19199999999943,-0.16582198284139424,-0.04832396819523066,-0.1665668338440787,0.26250836236542563,0.0,0.3270396124719927,0.46829490780318717,0.32471163531054903,1.1306137538232799,0.3406743347768984,0.0,3.08158016204834,39.671531677246094,0.3
7.201999999999429,-0.1663090564598627,-0.048788967632218835,-0.1664844249693616,0.2629860199912565,0.0,0.32751727009782355,0.4683143318870046,0.325445863924994,1.1318825238141863,0.34067385651363763,0.0,3.0979557037353516,39.945377349853516,0.3
7.211999999999428,-0.16678706563669798,-0.04693037063654287,-0.16635525112842364,0.2625341534253621,0.0,0.3270654035319292,0.4683342972776741,0.32596526153269606,1.1314601134587292,0.34067337806340414,0.0,3.0979557037353516,39.945377349853516,0.3
7.221999999999427,-0.16723670360033324,-0.04367208639103736,-0.1662176296273457,0.26242302696206843,0.0,0.3269542770686355,0.46835485988313785,0.3265198027258918,1.1313709983582945,0.3406729002332591,0.0,3.0979557037353516,39.945377349853516,0.3
7.2319999999994256,-0.16765002817077185,-0.039492827051761624,-0.16608129677722738,0.26184060295533523,0.0,0.3263718530619023,0.4683760659950526,0.3270866027189746,1.1304240783272863,0.34067242267151165,0.0,3.0979557037353516,39.945377349853516,0.3
7.2419999999994245,-0.16801628544362973,-0.034870270005053904,-0.16595305346037212,0.2623239842446189,0.0,0.32685523435118596,0.46839795094010184,0.3277703944452191,1.1308736345157886,0.34067194513673665,0.0,3.0979557037353516,39.945377349853516,0.3
7.251999999999423,-0.1683385785509566,-0.029906671563835474,-0.16583603539354716,0.2624837663331045,0.0,0.32701501643967157,0.46842053825348334,0.32822795532289584,1.1306727414799647,0.34067146697004835,0.0,3.062847852706909,40.193450927734375,0.3
7.261999999999422,-0.16859526264891625,-0.022878028965735674,-0.16567973642183198,0.2626960446747494,0.0,0.32722729478131646,0.4684438400794689,0.3286008296666366,1.1301821195130581,0.34067098857894884,0.0,3.062847852706909,40.193450927734375,0.3
7.271999999999421,-0.16878594099782462,-0.01669804500692884,-0.16555316195823044,0.26345687820267066,0.0,0.32798812830923774,0.46846785481331366,0.3290677393095336,1.1305435759132396,0.3406705094666542,0.0,3.062847852706909,40.193450927734375,0.3
7.28199999999942,-0.1689226997903524,-0.011664954688571675,-0.1654709260700017,0.26440553307487347,0.0,0.32893678318144054,0.46849256763481506,0.3293274602308652,1.1309202033410384,0.34067002902044446,0.0,3.062847852706909,40.193450927734375,0.3
7.291999999999419,-0.16900615939742855,-0.005982939570371888,-0.16541151228227485,0.2646705335109128,0.0,0.32920178361747987,0.46851795337581764,0.3293433402250408,1.1300138849309609,0.3406695479247964,0.0,3.062847852706909,40.193450927734375,0.3
7.301999999999418,-0.16902875460914366,0.00031429102967080527,-0.1653673964168724,0.26520990511678033,0.0,0.3297411552233474,0.4685439774185383,0.32927166604415337,1.1294135612654912,0.3406690662226243,0.0,3.0021321773529053,40.28352355957031,0.3
7.311999999999417,-0.16899449148357645,0.0053740807526422504,-0.16535632249211568,0.26637425459103303,0.0,0.3309055046976001,0.4685705952196031,0.3294044568148684,1.129878376047476,0.3406685827202362,0.0,3.0021321773529053,40.28352355957031,0.3
7.321999999999416,-0.16891692874361777,0.009255238010595288,-0.16539366453018167,0.26768698424143345,0.0,0.3322182343480005,0.46859775382291957,0.3292880780800133,1.1304707790685184,0.34066809749811766,0.0,3.0021321773529053,40.28352355957031,0.3
7.3319999999994145,-0.16880439585952142,0.01260738925156304,-0.16547203354242598,0.26886475515644104,0.0,0.3333960052630081,0.4686253948556158,0.3293014898021744,1.130914209393445,0.34066761070617113,0.0,3.0021321773529053,40.28352355957031,0.3
7.341999999999413,-0.16866131979969945,0.015463105133500061,-0.16558825715387848,0.26984538350344545,0.0,0.3343766336100125,0.46865345655816537,0.3292990280544203,1.1312093281897992,0.34066712236418595,0.0,3.0021321773529053,40.28352355957031,0.3
7.351999999999412,-0.16849227174402942,0.017831266869953056,-0.1657400579902934,0.2707671254859374,0.0,0.33529837559250447,0.4686818749793061,0.3296914848468308,1.1318913906995234,0.34066663257100605,0.0,3.0348238945007324,40.223350524902344,0.3
7.361999999999411,-0.16830358688270952,0.019725439593550314,-0.16592812065636434,0.2711275548204483,0.0,0.3356588049270154,0.4687105851299448,0.3303520862214864,1.132151049999821,0.3406661415152154,0.0,3.0348238945007324,40.223350524902344,0.3
7.37199999999941,-0.168088432192632,0.023068715392277103,-0.1661090876433002,0.27096419109901837,0.0,0.33549544120558544,0.468739522094427,0.33130489316686107,1.1322259996735018,0.3406656502683863,0.0,3.0348238945007324,40.223350524902344,0.3
7.381999999999409,-0.167824780848689,0.02864127680317916,-0.16624984566033296,0.2705232074921139,0.0,0.33505445759868097,0.46876861970826816,0.33224382646276357,1.1320665642025909,0.3406651600616983,0.0,3.0348238945007324,40.223350524902344,0.3
7.391999999999408,-0.16750174205967283,0.03465168990365994,-0.16635769192216437,0.2700607362172315,0.0,0.33459198632379855,0.46879780690714284,0.3331641307223589,1.1320401335101828,0.34066467072400175,0.0,3.0348238945007324,40.223350524902344,0.3
7.401999999999407,-0.16712133026821505,0.040145180515374246,-0.16644175107062448,0.2691232908839909,0.0,0.33365454099055797,0.46882700596654764,0.33406617555762613,1.1315222599748562,0.34066418230307965,0.0,3.0784740447998047,40.06419372558594,0.3
7.411999999999406,-0.1666916352352328,0.044850273503650645,-0.16651423642931412,0.2682015164575788,0.0,0.33273276656414585,0.4688561333234403,0.33495032324720664,1.1312097645913934,0.3406636953112951,0.0,3.0784740447998047,40.06419372558594,0.3
7.421999999999405,-0.16621495456013008,0.049529949727677124,-0.16654095682165806,0.26702096181503765,0.0,0.3315522119216047,0.46888510139097467,0.3358169288819021,1.1307234281377112,0.34066320983905357,0.0,3.0784740447998047,40.06419372558594,0.3
7.4319999999994035,-0.1656971591142218,0.052807389817312526,-0.16653459055711287,0.2667609598812004,0.0,0.3312922099877675,0.4689138195406108,0.33666634050728605,1.131713086248856,0.3406627255351764,0.0,3.0784740447998047,40.06419372558594,0.3
7.441999999999402,-0.1651552643487697,0.054953991991729595,-0.16649451579434707,0.2657199297410662,0.0,0.33025117984763325,0.4689421957783583,0.33749889926348536,1.1317883711903551,0.340662242485203,0.0,3.0784740447998047,40.06419372558594,0.3
7.451999999999401,-0.16460013814245375,0.05566533730377095,-0.16643197282977396,0.2641324671027106,0.0,0.3286637172092777,0.4689701398026955,0.33831493952218883,1.1312662925098016,0.340661760951665,0.0,3.111825942993164,39.765377044677734,0.3
7.4619999999994,-0.16404540272334586,0.05539629875407842,-0.16636635458689028,0.2624360435756587,0.0,0.32696729368222577,0.4689975652821238,0.3391147890209376,1.1307514111711798,0.34066128201566603,0.0,3.111825942993164,39.765377044677734,0.3
7.471999999999399,-0.16348689462540514,0.05608238776222906,-0.16623077244609183,0.26050818883312993,0.0,0.325039438939697,0.46902439190454687,0.3398987689947505,1.1300602890377802,0.3406608058436593,0.0,3.111825942993164,39.765377044677734,0.3
7.481999999999398,-0.16292009985497624,0.05719356502280554,-0.1660233820218531,0.25824823765661686,0.0,0.32277948776318394,0.46905054470239615,0.3406671943051384,1.1290336427965724,0.34066033266215007,0.0,3.111825942993164,39.765377044677734,0.3
7.491999999999397,-0.1623411899413687,0.05847663542365381,-0.16574051914379748,0.255831953754769,0.0,0.3203632038613361,0.4690759527267712,0.34142037356655885,1.1278977303787547,0.34065986277916416,0.0,3.111825942993164,39.765377044677734,0.3
7.501999999999396,-0.16175875311496596,0.057556435972323405,-0.1654239929643288,0.25423481578297874,0.0,0.3187660658895458,0.46910054830071685,0.3421586092703613,1.1279957140867172,0.34065939549512075,0.0,3.1165497303009033,39.42486572265625,0.3
7.511999999999395,-0.16119883725264592,0.05532993856549508,-0.1651036756449766,0.2515136099922123,0.0,0.31604486009877936,0.46912426883730596,0.3428821979062736,1.126586800326833,0.3406589317117226,0.0,3.1165497303009033,39.42486572265625,0.3
7.521999999999394,-0.16066275363165178,0.05197811394525757,-0.16473970576843433,0.25092406453381455,0.0,0.3154553146403816,0.4691470605291907,0.34359143008147824,1.1282071725258405,0.34065847031530705,0.0,3.1165497303009033,39.42486572265625,0.3
7.5319999999993925,-0.16017819002582676,0.045928088985785306,-0.16437022264498133,0.24998834962729174,0.0,0.3145195997338588,0.4691688793405354,0.34428659063732525,1.12935394254824,0.34065800996201195,0.0,3.1165497303009033,39.42486572265625,0.3
7.541999999999391,-0.15975242876488172,0.04053712172395231,-0.16395859968475676,0.24785589232830532,0.0,0.3123871424348724,0.46918969475040656,0.3449679587637306,1.1288015364299393,0.34065755202801873,0.0,3.1165497303009033,39.42486572265625,0.3
7.55199999999939,-0.1593767691730356,0.03512898824427325,-0.16351750615822186,0.24638599992509136,0.0,0.31091725003165843,0.46920949034517134,0.34563580811130395,1.129123273890678,0.34065709668089056,0.0,3.073341131210327,39.133644104003906,0.3
7.561999999999389,-0.15906723480736348,0.028216801022291644,-0.16310076321328007,0.2451510490515467,0.0,0.30968229915811374,0.46922826208580665,0.34629040690125196,1.1296952229343145,0.34065664348131736,0.0,3.073341131210327,39.133644104003906,0.3
7.571999999999388,-0.1588267063565916,0.021460440576700178,-0.16266527917221407,0.2436866243825668,0.0,0.30821787448913385,0.4692460196854062,0.34693201803310136,1.1298403002990383,0.3406561919247894,0.0,3.073341131210327,39.133644104003906,0.3
7.581999999999387,-0.15864694751736358,0.015825729423622543,-0.16219947058544362,0.24229094079601377,0.0,0.30682219090258084,0.4692627864090455,0.34756089919028443,1.1299482656638604,0.34065574248265396,0.0,3.073341131210327,39.133644104003906,0.3
7.591999999999386,-0.1585171348589302,0.011499006178924227,-0.1617012328639163,0.2405080950475042,0.0,0.3050393451540713,0.4692785967043579,0.34817730294362936,1.1293573407417958,0.3406552952973129,0.0,3.073341131210327,39.133644104003906,0.3
7.601999999999385,-0.15841691276724132,0.008946410070458186,-0.16116181776784932,0.23891559462348153,0.0,0.30344684473004857,0.46929349304115486,0.3487814768527979,1.1288585356887841,0.3406548509430467,0.0,3.019221067428589,39.012176513671875,0.3
7.611999999999384,-0.15834119325593188,0.006591519579211488,-0.1606135243578616,0.2375062774048091,0.0,0.30203752751137614,0.4693075219597712,0.34937366356571004,1.128429709821131,0.3406544087833327,0.0,3.019221067428589,39.012176513671875,0.3
7.621999999999383,-0.15829120741964994,0.003851966532426171,-0.16006522758734715,0.23674514634033578,0.0,0.30127639644690285,0.46932073247684974,0.3499541009159958,1.1287109923402825,0.34065396787748387,0.0,3.019221067428589,39.012176513671875,0.3
7.6319999999993815,-0.1582723278021826,0.0005282314690226251,-0.15953292144637204,0.23652226618497296,0.0,0.30105351629154004,0.46933317618080644,0.3505230220185143,1.129538212011439,0.3406535276449302,0.0,3.019221067428589,39.012176513671875,0.3
7.64199999999938,-0.15828374890273278,-0.0020802809401346614,-0.15900914028037064,0.23576508554702183,0.0,0.30029633565358893,0.4693449078706529,0.351080655362977,1.1294030624871703,0.3406530883145828,0.0,3.019221067428589,39.012176513671875,0.3
7.651999999999379,-0.15832142293616214,-0.004877993656640179,-0.15851281095329017,0.23584673179630938,0.0,0.30037798190287646,0.4693559851092505,0.3516272249057134,1.130226373355535,0.3406526492054921,0.0,3.0085666179656982,38.997398376464844,0.3
7.661999999999378,-0.15837994723129975,-0.006231922948095759,-0.15802934005495875,0.2350069777515732,0.0,0.29953822785814027,0.46936646728736625,0.35216295015961646,1.1295455210630823,0.34065221081917774,0.0,3.0085666179656982,38.997398376464844,0.3
7.671999999999377,-0.15844642790845234,-0.0069358965905104,-0.15756856357533092,0.23511701794708145,0.0,0.2996482680536485,0.46937641423248144,0.35268804628230316,1.1299883265053303,0.3406517727222838,0.0,3.0085666179656982,38.997398376464844,0.3
7.681999999999376,-0.1585164510504089,-0.006941241121457761,-0.15713537682784334,0.23512415487311344,0.0,0.2996554049796805,0.4693858839890839,0.35320272416252574,1.1300914264145945,0.3406513346784524,0.0,3.0085666179656982,38.997398376464844,0.3
7.691999999999375,-0.1585844696651997,-0.006588114704992546,-0.15673813117310698,0.2354139733386346,0.0,0.2999452234452017,0.46939493177865815,0.35370719050486915,1.1304089083251099,0.3406508963256496,0.0,3.0085666179656982,38.997398376464844,0.3
7.701999999999374,-0.15864198341381658,-0.005000583518548814,-0.15636557698788792,0.2353915037975204,0.0,0.2999227539040875,0.4694036090252268,0.35420164791276715,1.1301253781135996,0.34065045791659926,0.0,3.0108861923217773,39.03583526611328,0.3
7.711999999999373,-0.1586719382741483,-0.0014288277547843536,-0.15599953985739598,0.23495052581102957,0.0,0.2994817759175966,0.4694119618376961,0.35468629496987214,1.1291137182574267,0.3406500198477428,0.0,3.0108861923217773,39.03583526611328,0.3
7.721999999999372,-0.15865916582869882,0.0029887613522212777,-0.15565307562508635,0.23520418710942806,0.0,0.29973543721599516,0.4694200281490235,0.35516132631980996,1.1289585650015064,0.34064958191308475,0.0,3.0108861923217773,39.03583526611328,0.3
7.7319999999993705,-0.1586079773454769,0.006636863317825616,-0.15535328408432225,0.2357985459887279,0.0,0.300329796095295,0.4694278356771638,0.3556269327443524,1.1291905981581776,0.34064914308091515,0.0,3.0108861923217773,39.03583526611328,0.3
7.741999999999369,-0.15851727401383436,0.010712047730410297,-0.1550858242748926,0.23619504767789648,0.0,0.3007262977844636,0.4694354028652835,0.35608330124003934,1.1290825289426154,0.34064870376616874,0.0,3.0108861923217773,39.03583526611328,0.3
7.751999999999368,-0.15838411680747058,0.014906474600957786,-0.15485392372316317,0.23682302782063355,0.0,0.3013542779272006,0.4694427394403964,0.3565306150932797,1.1292636643660314,0.340648263836369,0.0,3.0285251140594482,39.009674072265625,0.3
7.761999999999367,-0.15821920188250171,0.017645419749093068,-0.15468629290368535,0.23767205630843566,0.0,0.3022033064150027,0.4694498466866658,0.35696905395396306,1.129746448969689,0.3406478223262106,0.0,3.0285251140594482,39.009674072265625,0.3
7.771999999999366,-0.15802010652487986,0.021243684586926426,-0.15454587118044052,0.23823736319163555,0.0,0.3027686132982026,0.4694567194945712,0.3573987939076103,1.1298502549370713,0.34064738021334856,0.0,3.0285251140594482,39.009674072265625,0.3
7.781999999999365,-0.15778600356458666,0.024772689401364067,-0.15444052152188112,0.23882269941155063,0.0,0.30335394951811767,0.4694633468105081,0.3578200075460933,1.1300260635292063,0.34064693714406985,0.0,3.0285251140594482,39.009674072265625,0.3
7.791999999999364,-0.15751468955154188,0.028662628400137745,-0.15435859223616272,0.239277771058609,0.0,0.30380902116517605,0.4694697116911532,0.35823286403695076,1.1300876316338346,0.34064649346188025,0.0,3.0285251140594482,39.009674072265625,0.3
7.801999999999363,-0.15719855259880716,0.03350214714809463,-0.1542853162184508,0.2389076043127745,0.0,0.3034388544193416,0.4694757912365695,0.3586375291913296,1.129085722383934,0.34064604990589614,0.0,3.06549334526062,38.871864318847656,0.3
7.811999999999362,-0.1568448238310637,0.03663415510578739,-0.15426328921711105,0.23936692858055594,0.0,0.303898178687123,0.46948155588508433,0.35903416553057727,1.1293614006878598,0.340645605651747,0.0,3.06549334526062,38.871864318847656,0.3
7.821999999999361,-0.15646130516123552,0.039575484397197075,-0.1542564507920535,0.23948811138795803,0.0,0.30401936149452513,0.46948697096895853,0.35942293235151435,1.1292978340216002,0.3406451608871696,0.0,3.06549334526062,38.871864318847656,0.3
7.8319999999993595,-0.15604147157320614,0.04331196973476697,-0.1542397975382834,0.2397011753159486,0.0,0.30423242542251566,0.4694919984752805,0.35980398579041045,1.1295119972988865,0.34064471650253375,0.0,3.06549334526062,38.871864318847656,0.3
7.841999999999358,-0.15559688445085856,0.04556150741267086,-0.15424189109405317,0.23943657828356357,0.0,0.30396782839013065,0.4694965966782071,0.36017747888569207,1.129216932570496,0.3406442714558357,0.0,3.06549334526062,38.871864318847656,0.3
7.851999999999357,-0.1551216743721468,0.04828589395004931,-0.15423115734390513,0.23950749955624395,0.0,0.304038749662811,0.46950072173060736,0.3605435616394054,1.1295590781162335,0.34064382733430365,0.0,3.0967366695404053,38.626190185546875,0.3
7.861999999999356,-0.15463220234802877,0.04954881259433097,-0.15425227464224556,0.2385821699155631,0.0,0.30311342002213015,0.4695043278269032,0.36090238107746025,1.1286828366839847,0.340643383816974,0.0,3.0967366695404053,38.626190185546875,0.3
7.871999999999355,-0.15413035207803566,0.050474162759940294,-0.15425835280055838,0.2382967453301642,0.0,0.3028279954367313,0.4695073694798589,0.3612540813086786,1.1288821564206466,0.34064294081460983,0.0,3.0967366695404053,38.626190185546875,0.3
7.881999999999354,-0.1536289238601456,0.04956102075009548,-0.15426839576617185,0.2387860321484043,0.0,0.30331728225497134,0.46950980265136855,0.36159880358267127,1.1303401005061182,0.3406424976560329,0.0,3.0967366695404053,38.626190185546875,0.3
7.891999999999353,-0.15314211766197622,0.04793817654054171,-0.15426932335379004,0.23833553561667734,0.0,0.30286678572324444,0.4695115869780344,0.3619366863465665,1.1306447935550934,0.3406420548088085,0.0,3.0967366695404053,38.626190185546875,0.3
7.901999999999352,-0.15267914543578875,0.04499162859716529,-0.1542749525760499,0.237626964812345,0.0,0.30215821491891204,0.4695126881711126,0.3622678653006133,1.1307364591202007,0.340641612323531,0.0,3.091677665710449,38.332298278808594,0.3
7.911999999999351,-0.15225513178381012,0.04072330689577214,-0.15430974573509407,0.2372630845171141,0.0,0.30179433462368116,0.4695130796427613,0.3625924734526808,1.131447291537371,0.34064117085495293,0.0,3.091677665710449,38.332298278808594,0.3
7.92199999999935,-0.15186913920556658,0.03723510390512695,-0.1543106089397769,0.23634226082981766,0.0,0.3008735109363847,0.4695127445056256,0.36291064117167726,1.1314989493709222,0.3406407305637264,0.0,3.091677665710449,38.332298278808594,0.3
7.9319999999993485,-0.15151667903023314,0.03412786999148738,-0.1542748893335015,0.23520718867532606,0.0,0.2997384387818931,0.46951167509571473,0.36322249623990843,1.1313499249971313,0.34064029162207526,0.0,3.091677665710449,38.332298278808594,0.3
7.941999999999347,-0.15119447598775568,0.03097303928522948,-0.1542024558984301,0.23424409121688525,0.0,0.2987753413234523,0.46950987140027517,0.36352816390439746,1.1315185158696763,0.34063985412409564,0.0,3.091677665710449,38.332298278808594,0.3
7.951999999999346,-0.1509099107957176,0.02679729077040933,-0.15411379116579868,0.23336798224799288,0.0,0.29789923235455995,0.46950734020309487,0.36382776692718666,1.1318605255318857,0.34063941778042994,0.0,3.0557165145874023,38.11561965942383,0.3
7.961999999999345,-0.15067015745647847,0.022087085816420004,-0.15402166802252695,0.23233599898010848,0.0,0.29686724908667556,0.4695040957796239,0.364121425634641,1.132014332970142,0.3406389832886529,0.0,3.0557165145874023,38.11561965942383,0.3
7.971999999999344,-0.15047187384375113,0.018604607195952996,-0.15387975676088195,0.2306170328996276,0.0,0.29514828300619467,0.46950016067470446,0.36440925796577345,1.1312131722511225,0.3406385508192676,0.0,3.0557165145874023,38.11561965942383,0.3
7.981999999999343,-0.1503069677709253,0.01516635114002531,-0.15369921554186156,0.2297487638464711,0.0,0.29428001395303816,0.469495564521309,0.3646913795196117,1.1315857510149216,0.3406381200850315,0.0,3.0557165145874023,38.11561965942383,0.3
7.991999999999342,-0.15018221304393897,0.010541174901166012,-0.15350300399514985,0.22900145450436854,0.0,0.2935327046109356,0.4694903422452998,0.3649679036016248,1.1320848880885457,0.3406376903337598,0.0,3.0557165145874023,38.11561965942383,0.3
8.001999999999342,-0.1501001920755412,0.006520330937280277,-0.15327585099421243,0.2279323403814642,0.0,0.2924635904880313,0.4694845347694745,0.36523894126922896,1.1320649317355955,0.3406372623170087,0.0,3.015024423599243,38.013587951660156,0.3
8.011999999999345,-0.15006717970223343,0.0011723121524573332,-0.15305794373599155,0.22741651999905807,0.0,0.2919477701056251,0.46947818923217505,0.36550460137639046,1.1327296660910862,0.34063683511389126,0.0,3.015024423599243,38.013587951660156,0.3
8.021999999999348,-0.15008099651474183,-0.0029622998536180806,-0.15281148291120356,0.2262884509517503,0.0,0.29081970105831734,0.4694713594103278,0.36576499061734324,1.1324259414725764,0.3406364094250904,0.0,3.015024423599243,38.013587951660156,0.3
8.031999999999352,-0.15013652740035188,-0.007517501637054665,-0.1525606202013236,0.2261542412328604,0.0,0.29068549133942745,0.46946410495228325,0.36602021356943937,1.1333840847492738,0.3406359844516886,0.0,3.015024423599243,38.013587951660156,0.3
8.041999999999355,-0.15023707670760178,-0.011389415245739373,-0.15230054098295456,0.22506209597558338,0.0,0.2895933460821505,0.46945649021689007,0.3662703727351496,1.1328533217370889,0.34063556035885556,0.0,3.015024423599243,38.013587951660156,0.3
8.051999999999358,-0.15036912871594565,-0.014602047825813032,-0.1520297043204767,0.22491151733369402,0.0,0.2894427674402611,0.4694485838853715,0.36651556858323026,1.1334810686705339,0.3406351372028475,0.0,3.0278449058532715,38.040794372558594,0.3
8.061999999999362,-0.1505354892794227,-0.017637164619443545,-0.15176282607555763,0.22431265465456937,0.0,0.2888439047611364,0.4694404568327362,0.36675589958907334,1.1333100408077466,0.3406347143362999,0.0,3.0278449058532715,38.040794372558594,0.3
8.071999999999365,-0.15072370948924443,-0.01947081710485031,-0.15148908995104104,0.2238059534247155,0.0,0.28833720353128256,0.46943218163319844,0.36699146227425594,1.133090917250606,0.34063429231649195,0.0,3.0278449058532715,38.040794372558594,0.3
8.081999999999368,-0.15092755564323157,-0.021215457649665335,-0.15122717224937726,0.22416705930861144,0.0,0.2886983094151785,0.4694238304527534,0.36722235124530567,1.1339080103318784,0.34063387048457755,0.0,3.0278449058532715,38.040794372558594,0.3
8.091999999999372,-0.15115760508246867,-0.024079438273756897,-0.15100805962432806,0.22477803459009463,0.0,0.28930928469666173,0.469415474073,0.3674486592316962,1.1348947833678984,0.34063344767791875,0.0,3.0278449058532715,38.040794372558594,0.3
8.101999999999375,-0.15140595503039628,-0.025170907983422097,-0.1507943063312832,0.22485806898978009,0.0,0.28938931909634713,0.469407183199763,0.3676704771230891,1.1349605584701394,0.3406330249565242,0.0,3.0501461029052734,38.16267395019531,0.3
8.111999999999378,-0.15165446023247386,-0.02438971524627788,-0.15057190062480666,0.22448492886979257,0.0,0.2890161789763597,0.46939902712450754,0.367887894005837,1.1342206518521243,0.34063260221243125,0.0,3.0501461029052734,38.16267395019531,0.3
8.121999999999382,-0.15188727799690344,-0.022801629232142115,-0.15036265345084796,0.22523998810008183,0.0,0.2897712382066489,0.46939107034726424,0.3681009971987624,1.1349013010265478,0.34063217949264424,0.0,3.0501461029052734,38.16267395019531,0.3
8.131999999999385,-0.15211520950085314,-0.022993217817659325,-0.1502134215035057,0.2264427667808625,0.0,0.2909740168874296,0.46938337028014565,0.3683098722882267,1.1360634526033677,0.3406317550476101,0.0,3.0501461029052734,38.16267395019531,0.3
8.141999999999388,-0.1523453778107966,-0.02281365371233513,-0.15010672844187886,0.2267313825635537,0.0,0.29126263267012076,0.46937597916639906,0.368514603162503,1.1358137044527004,0.34063132937298046,0.0,3.0501461029052734,38.16267395019531,0.3
8.151999999999392,-0.15256428678175818,-0.02080407497393041,-0.15001577537087013,0.22720236301197522,0.0,0.2917336131185423,0.46936894553020925,0.36871527204546783,1.1357060072615262,0.34063090310414584,0.0,3.0429975986480713,38.3027229309082,0.3
8.161999999999395,-0.15275154639126107,-0.017647262270390277,-0.14992932340465903,0.22825786677899784,0.0,0.2927891168855649,0.46936231186457733,0.3689119595296232,1.1363240381249056,0.34063047590224643,0.0,3.0429975986480713,38.3027229309082,0.3
8.171999999999398,-0.15291872137498647,-0.016181883970659568,-0.14990813638460304,0.2297217904365341,0.0,0.2942530405431012,0.4693561119394002,0.36910474460846443,1.1374407863371236,0.3406300465109965,0.0,3.0429975986480713,38.3027229309082,0.3
8.181999999999402,-0.15306732131343156,-0.013679161913739092,-0.14991947088769084,0.23014847580582481,0.0,0.2946797259123919,0.469350372708192,0.3692937047082056,1.1370535283544845,0.3406296159723972,0.0,3.0429975986480713,38.3027229309082,0.3
8.191999999999405,-0.15318185089754346,-0.009894367490856414,-0.14994998671206541,0.2307133269172252,0.0,0.29524457702379225,0.4693451149154018,0.3694789157188752,1.1368338466605772,0.3406291847111523,0.0,3.0429975986480713,38.3027229309082,0.3
8.201999999999408,-0.15325932365232847,-0.0062358026778884,-0.1500128049331258,0.23178883653020713,0.0,0.2963200866367742,0.4693403510574011,0.3696372312435468,1.1373289496398453,0.3406287520526306,0.0,3.014151096343994,38.38962173461914,0.3
8.211999999999412,-0.1532902946014574,-0.0010243917130552983,-0.15007202673854753,0.23220905475596043,0.0,0.2967403048625275,0.46933608496625306,0.369795696144062,1.1368871197248156,0.3406283187917108,0.0,3.014151096343994,38.38962173461914,0.3
8.221999999999415,-0.15327650258504638,0.002943513807260236,-0.1501702868536251,0.23319892961808805,0.0,0.2977301797246551,0.469332310933164,0.3699519966432928,1.1373149667524038,0.3406278839878745,0.0,3.014151096343994,38.38962173461914,0.3
8.231999999999418,-0.15322021186141588,0.00739052860303192,-0.15028271313151906,0.23361901719396327,0.0,0.29815026730053035,0.4693290143882775,0.37012414672150534,1.137034127148458,0.3406274484497402,0.0,3.014151096343994,38.38962173461914,0.3
8.241999999999422,-0.15312228719230267,0.011309623213506554,-0.15041775515513403,0.23434201979118538,0.0,0.2988732698977524,0.46932617303225016,0.37029288123221027,1.1372687050415937,0.34062701184230937,0.0,3.014151096343994,38.38962173461914,0.3
8.251999999999425,-0.15298565986572554,0.015174669238907524,-0.15056586711385767,0.23487678606867352,0.0,0.2994080361752406,0.46932375757330075,0.3703824406859338,1.137292832255185,0.3406265745011617,0.0,3.029003858566284,38.36192321777344,0.3
8.261999999999428,-0.15281467232411422,0.018023269173543736,-0.15073738105005569,0.2359621274152031,0.0,0.3004933775217702,0.46932173275384464,0.37039573362419287,1.1381639539659787,0.3406261361573604,0.0,3.029003858566284,38.36192321777344,0.3
8.271999999999432,-0.15262265418704207,0.01981004373656026,-0.15093200587001587,0.2367004147038847,0.0,0.30123166481045177,0.4693200588333627,0.3701668040195493,1.1384478902256414,0.34062569658581954,0.0,3.029003858566284,38.36192321777344,0.3
8.281999999999435,-0.15242430636886625,0.019369539050207447,-0.15116683205647008,0.23821283474871233,0.0,0.30274408485527937,0.4693186942762827,0.3699636533156402,1.1399046739218073,0.34062525512438546,0.0,3.029003858566284,38.36192321777344,0.3
8.291999999999438,-0.15223185779037657,0.019523628793710265,-0.1514057030716877,0.23775455625040082,0.0,0.3022858063569679,0.46931759889663294,0.36991417526454823,1.1389236158680562,0.34062481297164277,0.0,3.029003858566284,38.36192321777344,0.3
8.301999999999442,-0.1520332387815156,0.019568125669053693,-0.15164439155508447,0.23854705104545532,0.0,0.3030783011520224,0.46931673552792286,0.3697250994626066,1.1397656944573493,0.34062437050073646,0.0,3.0398261547088623,38.24868392944336,0.3
8.311999999999445,-0.15184913120040608,0.017539967319306696,-0.15192217475416164,0.2391655038979104,0.0,0.3036967540044775,0.4693160687989062,0.36960910019275495,1.1405557905755612,0.34062392684137244,0.0,3.0398261547088623,38.24868392944336,0.3
8.321999999999449,-0.15168328317435373,0.016183328900987302,-0.15218776046280355,0.23903522963457466,0.0,0.3035664797411417,0.4693155680272908,0.3693201299383844,1.1403090241279732,0.3406234829967248,0.0,3.0398261547088623,38.24868392944336,0.3
8.331999999999452,-0.15151651121954507,0.017289816229473093,-0.15239837474178775,0.23774008609071745,0.0,0.3022713361972845,0.4693152075894649,0.36928917916107856,1.138735497446251,0.3406230405567185,0.0,3.0398261547088623,38.24868392944336,0.3
8.341999999999455,-0.15134112394248062,0.017654865494366255,-0.15258398459723332,0.23749912969479728,0.0,0.3020303798013644,0.4693149634138889,0.3692404520784621,1.138854552902731,0.34062259856322225,0.0,3.0398261547088623,38.24868392944336,0.3
8.351999999999459,-0.15116993863414385,0.01636059583759865,-0.1527621882445486,0.2379103938412461,0.0,0.30244164394781314,0.4693148115847719,0.36882249374749687,1.1396728463942702,0.34062215662319056,0.0,3.033942699432373,38.144317626953125,0.3
8.361999999999462,-0.15102344291168807,0.013535939683506854,-0.15294782869678683,0.23756498273159393,0.0,0.302096232838161,0.4693147307472644,0.36836742620055984,1.139416560188042,0.3406217147608372,0.0,3.033942699432373,38.144317626953125,0.3
8.371999999999465,-0.15089991817970846,0.011429774484228569,-0.15309601794321748,0.23691723714954432,0.0,0.3014484872561114,0.46931470522767443,0.3679982477341612,1.138938658946925,0.34062127384822594,0.0,3.033942699432373,38.144317626953125,0.3
8.381999999999469,-0.15079341731597146,0.010392825251018256,-0.15319516313916073,0.23561374696691667,0.0,0.30014499707348374,0.46931472488291587,0.36777540877776566,1.1377124319913183,0.34062083437999185,0.0,3.033942699432373,38.144317626953125,0.3
8.391999999999472,-0.15069668974623002,0.00873236530976422,-0.1532602005394013,0.2354514638914594,0.0,0.29998271399802645,0.469314783334853,0.36762782185971193,1.1382517722797665,0.3406203959451466,0.0,3.033942699432373,38.144317626953125,0.3
8.401999999999475,-0.15062492105882405,0.006084653340618969,-0.15330670709125002,0.23460716194151118,0.0,0.29913841204807823,0.46931487699522734,0.36757227598543707,1.1379433625752702,0.3406199581584396,0.0,3.0134143829345703,38.07645034790039,0.3
8.411999999999479,-0.1505802692430791,0.0032228105318211214,-0.15333097962290654,0.23395801648615613,0.0,0.29848926659272323,0.46931500704078044,0.36775549084337356,1.1382152692643979,0.34061952156787534,0.0,3.0134143829345703,38.07645034790039,0.3
8.421999999999482,-0.15056408249151154,0.0004492187249071321,-0.15332381829156944,0.23313031087778405,0.0,0.29766156098435115,0.46931517981392035,0.3679398471072799,1.1381938220849586,0.3406190860582073,0.0,3.0134143829345703,38.07645034790039,0.3
8.431999999999485,-0.1505823646268277,-0.0036515333908112516,-0.15330933362434898,0.2333059692302008,0.0,0.2978372193367679,0.4693154067900055,0.3681519195174892,1.1396137551712753,0.3406186508347468,0.0,3.0134143829345703,38.07645034790039,0.3
8.441999999999489,-0.15064140523302774,-0.007186063586319541,-0.15327000807132826,0.23202119443368566,0.0,0.29655244454025276,0.46931570537601647,0.36835978427562477,1.1389395549732848,0.3406182165316619,0.0,3.0134143829345703,38.07645034790039,0.3
8.451999999999492,-0.15072560083791978,-0.009237514067108373,-0.15318694335687127,0.23123603305309343,0.0,0.2957672831596605,0.4693160992311802,0.3685635248641914,1.1388982255854718,0.34061778388488906,0.0,3.0175130367279053,38.08485412597656,0.3
8.461999999999495,-0.15082485212242375,-0.010256290689260577,-0.15306316407845916,0.22985546553035394,0.0,0.294386715636921,0.469316615358332,0.36876322310934745,1.1379420935728275,0.3406173528369035,0.0,3.0175130367279053,38.08485412597656,0.3
8.471999999999499,-0.15092734478837747,-0.010325944058100405,-0.1528978706560974,0.22876408261461606,0.0,0.29329533272118313,0.469317281627615,0.36895471524560597,1.1372938554833123,0.3406169235705198,0.0,3.0175130367279053,38.08485412597656,0.3
8.481999999999502,-0.15103205465200345,-0.010629457215860288,-0.15271139590159868,0.228084594451359,0.0,0.2926158445579261,0.46931812474580564,0.36914665202373315,1.1371240232933788,0.3406164954395875,0.0,3.0175130367279053,38.08485412597656,0.3
8.491999999999505,-0.15114517249925552,-0.01192069001649458,-0.15252365689747058,0.2280378506534616,0.0,0.2925691007600287,0.4693191699819582,0.36933091024757475,1.1377242110452843,0.3406160677735594,0.0,3.0175130367279053,38.08485412597656,0.3
8.501999999999509,-0.1512745080450131,-0.013269611862579264,-0.15233250096711812,0.22741995286507707,0.0,0.2919512029716441,0.46932044242166565,0.36950917644213527,1.1374015860323676,0.3406156405288521,0.0,3.0263633728027344,38.149757385253906,0.3
8.511999999999512,-0.15141385907073618,-0.014655628033654082,-0.15213526288735138,0.22778198995671115,0.0,0.2923132400632782,0.4693219680212383,0.3696901123559773,1.1383303601326729,0.34061521349762053,0.0,3.0263633728027344,38.149757385253906,0.3
8.521999999999515,-0.1515744640452898,-0.01691203943749971,-0.1519628878833129,0.22782383266839437,0.0,0.29235508277496147,0.46932377312963974,0.36986745838572116,1.1386781834345532,0.34061478599984557,0.0,3.0263633728027344,38.149757385253906,0.3
8.531999999999519,-0.15176083908826835,-0.01961711060364537,-0.1518191461607085,0.22835144132643026,0.0,0.29288269143299733,0.46932588602425396,0.3700412857569603,1.1395705587918443,0.34061435784758665,0.0,3.0263633728027344,38.149757385253906,0.3
8.541999999999522,-0.15196566586072102,-0.02080116722003489,-0.1516797439606199,0.22799401463310634,0.0,0.29252526473967344,0.4693283375924714,0.3702116642821269,1.139088972019485,0.3406139298562366,0.0,3.0263633728027344,38.149757385253906,0.3
8.551999999999525,-0.15216717834323032,-0.019237842079146722,-0.1515175654173109,0.22736388867827856,0.0,0.29189513878484563,0.46933115969027867,0.37037866238852973,1.1380975349517979,0.34061350281229813,0.0,3.0396270751953125,38.25544357299805,0.3
8.561999999999529,-0.15234315384117628,-0.0164909662883541,-0.1513361346055544,0.2273550023878474,0.0,0.29188625249441447,0.46933438096093016,0.3705423471458364,1.1378578184194383,0.3406130761127519,0.0,3.0396270751953125,38.25544357299805,0.3
8.571999999999532,-0.1524921016260511,-0.013788000907850873,-0.15116570302892454,0.22736583446112757,0.0,0.29189708456769464,0.46933802314038064,0.3706828252812184,1.137521890841519,0.3406126494186639,0.0,3.0396270751953125,38.25544357299805,0.3
8.581999999999535,-0.1526168985267209,-0.011835309905672492,-0.15102163925693887,0.22811407621003188,0.0,0.29264532631659895,0.46934210086102346,0.37078683612778773,1.1381331715168757,0.3406122221512967,0.0,3.0396270751953125,38.25544357299805,0.3
8.591999999999539,-0.15272793408098786,-0.01059254566921665,-0.1509138276567108,0.22865139671190243,0.0,0.2931826468184695,0.4693466228458398,0.37070165816986517,1.138109213322434,0.3406117938817926,0.0,3.0396270751953125,38.25544357299805,0.3
8.601999999999542,-0.1528217139491,-0.008097525057107913,-0.15081515651710964,0.22822511832455342,0.0,0.2927563684311205,0.46935159388381853,0.3708588605238108,1.1369236125706048,0.34061136535981984,0.0,3.0180704593658447,38.33666229248047,0.3
8.611999999999545,-0.15287234274248357,-0.003257005534542442,-0.15069002868940293,0.22843149215359634,0.0,0.2929627422601634,0.46935701418001036,0.3710130178434008,1.1365971884770634,0.3406109374364914,0.0,3.0180704593658447,38.33666229248047,0.3
8.621999999999549,-0.1528856065571772,-0.00015455263799226543,-0.1506045003365796,0.22922213300205893,0.0,0.293753383108626,0.46936287577971453,0.3711641165833066,1.137060247977713,0.34061050836091916,0.0,3.0180704593658447,38.33666229248047,0.3
8.631999999999552,-0.15286926316453925,0.0029561171030565575,-0.15054127677204873,0.22959916741149775,0.0,0.2941304175180648,0.4693691635551509,0.3713122174277028,1.1369326574231522,0.34061007866485266,0.0,3.0180704593658447,38.33666229248047,0.3
8.641999999999555,-0.15281915882185562,0.006364220711368692,-0.15049290240590824,0.22989853093603035,0.0,0.2944297810425974,0.46937585700368295,0.37145737985675104,1.1367037886931015,0.3406096485752086,0.0,3.0180704593658447,38.33666229248047,0.3
8.651999999999559,-0.15274511280466344,0.008089376138641904,-0.15048984087500547,0.2308455929943182,0.0,0.2953768431008853,0.4693829303007389,0.3715996621704886,1.1374062208422075,0.34060921696509616,0.0,3.015376329421997,38.331356048583984,0.3
8.661999999999562,-0.1526509604428862,0.010127601925340266,-0.1505065934509852,0.2316919745681871,0.0,0.29622322467475415,0.4693903542091917,0.3717391215122429,1.1380070817973387,0.3406087846841351,0.0,3.015376329421997,38.331356048583984,0.3
8.671999999999565,-0.15254601549931682,0.01081137442750864,-0.15056699090073222,0.2324512236140715,0.0,0.2969824737206386,0.46939809740780025,0.37187581389158125,1.13853907444475,0.3406083507839431,0.0,3.015376329421997,38.331356048583984,0.3
8.681999999999569,-0.15242750293021443,0.01274649290156798,-0.15063147538941815,0.23241586653290888,0.0,0.2969471166394759,0.4694061279890498,0.3720097942068052,1.1380237327087475,0.3406079165960389,0.0,3.015376329421997,38.331356048583984,0.3
8.691999999999572,-0.15228293012061264,0.015576383322234632,-0.15069180040757787,0.23240424008888,0.0,0.29693549019544707,0.46941441314501053,0.3721411162669991,1.1376208140382134,0.3406074824161028,0.0,3.015376329421997,38.331356048583984,0.3
8.701999999999575,-0.1521099477170507,0.018233966803655022,-0.15075713450837813,0.23265341622213237,0.0,0.29718466632869944,0.4694229171333377,0.3722698328136406,1.137674311103022,0.34060704805034825,0.0,3.0356645584106445,38.257568359375,0.3
8.711999999999579,-0.15191519584639984,0.020045316478499876,-0.1508405441931117,0.23302091335346928,0.0,0.2975521634600363,0.46943160103394677,0.3723959955417828,1.1379951805401767,0.3406066133883781,0.0,3.0356645584106445,38.257568359375,0.3
8.721999999999582,-0.15170250422799406,0.022096980074788348,-0.15091788995053823,0.23277989768079196,0.0,0.297311147787359,0.469440424119402,0.3725196551208158,1.137572759299041,0.34060617875422383,0.0,3.0356645584106445,38.257568359375,0.3
8.731999999999585,-0.15147025448173657,0.024184400946190756,-0.15098505766084136,0.23251700382997756,0.0,0.29704825393654466,0.46944934471141975,0.37264086121481677,1.1372332832189187,0.34060574431275115,0.0,3.0356645584106445,38.257568359375,0.3
8.741999999999589,-0.15122059273280433,0.025301680031965777,-0.1510507912631384,0.23288386612707243,0.0,0.2974151162336395,0.46945832001222293,0.3727596625024959,1.1378917875932806,0.3406053097805977,0.0,3.0356645584106445,38.257568359375,0.3
8.751999999999592,-0.15096304083654866,0.025918303678601137,-0.15111315025810593,0.23246565781767062,0.0,0.2969969079242377,0.4694673068367837,0.3728761066967467,1.1375657648517798,0.3406048754624988,0.0,3.052042007446289,38.121788024902344,0.3
8.761999999999595,-0.15070573574382093,0.025626770133810185,-0.151186928770006,0.23226188232348088,0.0,0.29679313243004796,0.469476263356636,0.37299024056380814,1.137653879835006,0.3406044415328055,0.0,3.052042007446289,38.121788024902344,0.3
8.771999999999599,-0.15045150888972858,0.025422502542572216,-0.15124258312032354,0.23162231773416453,0.0,0.2961535678407316,0.4694851505191436,0.3731021099420474,1.1372415622580547,0.3406040080987198,0.0,3.052042007446289,38.121788024902344,0.3
8.781999999999602,-0.15019694126462804,0.02565073566194098,-0.151268607980407,0.2308458837458828,0.0,0.2953771338524499,0.4694939324518041,0.373211759760369,1.136740178238786,0.34060357562283333,0.0,3.052042007446289,38.121788024902344,0.3
8.791999999999605,-0.14993579255012407,0.026360535027874665,-0.15125602607051325,0.2301010462487633,0.0,0.2946322963553304,0.4695025756588052,0.37331923405625955,1.1363779664062426,0.3406031445044044,0.0,3.052042007446289,38.121788024902344,0.3
8.801999999999609,-0.14966430130807123,0.02760637564194453,-0.15120190374700163,0.22866769777723067,0.0,0.29319894788379774,0.46951104784656456,0.3734245759934735,1.1351379400668504,0.3406027152110027,0.0,3.055204391479492,37.96634292602539,0.3
8.811999999999612,-0.149382422740674,0.028840921642463765,-0.15112132449082366,0.22688808951205033,0.0,0.29141933961861743,0.4695193171055476,0.37352782787936895,1.133493223897313,0.3406022880985828,0.0,3.055204391479492,37.96634292602539,0.3
8.821999999999615,-0.14908517171346125,0.03015573534802642,-0.15099176667652406,0.22584949590418257,0.0,0.29038074601074965,0.46952735162099835,0.37362903118189916,1.1329582819053892,0.3406018629659523,0.0,3.055204391479492,37.96634292602539,0.3
8.831999999999619,-0.14878046932991737,0.03038195491855363,-0.15083164381552994,0.2251012319620311,0.0,0.28963248206859815,0.4695351192355062,0.3737282265462665,1.132889245124432,0.34060143924381026,0.0,3.055204391479492,37.96634292602539,0.3
8.841999999999622,-0.14848417105770353,0.0291389893928315,-0.15065517219544156,0.2242927665505336,0.0,0.28882401665710067,0.4695425889462968,0.37382545381124666,1.1327789383786644,0.3406010164717922,0.0,3.055204391479492,37.96634292602539,0.3
8.851999999999626,-0.14820316946783205,0.02708834228454032,-0.1504621510212691,0.2234252144521267,0.0,0.2879564645586938,0.4695497335077075,0.37391333814078076,1.1326083024354068,0.3406005950172084,0.0,3.055598497390747,37.7908821105957,0.3
8.861999999999629,-0.14795614070367802,0.023377493779340973,-0.15028841640928647,0.22245973014095288,0.0,0.28699098024751996,0.4695565311005826,0.3739982224005963,1.1323107670523878,0.3406001745078057,0.0,3.055598497390747,37.7908821105957,0.3
8.871999999999632,-0.14773249297851154,0.02195024877577837,-0.15005951851680321,0.22092806538156406,0.0,0.28545931548813114,0.4695629677057703,0.37406594488631023,1.1311870994702018,0.3405997563998512,0.0,3.055598497390747,37.7908821105957,0.3
8.881999999999636,-0.14752497624918676,0.019848610221986484,-0.14981008217651479,0.22017086909788752,0.0,0.2847021192044546,0.46956903522109417,0.37415647160371607,1.1311622444008864,0.34059933955789207,0.0,3.055598497390747,37.7908821105957,0.3
8.891999999999639,-0.14734121426688676,0.017246139414135893,-0.14954528514743487,0.21970219644164307,0.0,0.28423344654821014,0.46957472980565224,0.3740298014244234,1.1313638911975774,0.34059892383140217,0.0,3.055598497390747,37.7908821105957,0.3
8.901999999999642,-0.1471964810322483,0.012388945199817182,-0.14930357614442258,0.2196658357811884,0.0,0.2841970858877555,0.4695800529938143,0.3737951794338329,1.1319277277717086,0.3405985080543336,0.0,3.026992082595825,37.66654968261719,0.3
8.911999999999646,-0.14710089503220405,0.00773819218888392,-0.1490716771332409,0.21900908553588092,0.0,0.28354033564244796,0.46958501407658754,0.3734330156892959,1.131473285015669,0.34059809324941104,0.0,3.026992082595825,37.66654968261719,0.3
8.921999999999649,-0.1470549281121422,0.0023733563223190483,-0.1488544065682908,0.219200325054253,0.0,0.28373157516082004,0.4695896314305501,0.37323779375890265,1.132179678633987,0.3405976784297216,0.0,3.026992082595825,37.66654968261719,0.3
8.931999999999652,-0.14705944248579658,-0.002339612765027161,-0.14863935088654448,0.2189154497472519,0.0,0.283446699853819,0.4695939321921877,0.37287786937406986,1.132134024385023,0.3405972640060108,0.0,3.026992082595825,37.66654968261719,0.3
8.941999999999656,-0.1471039212296615,-0.005774265459051282,-0.14841655794389008,0.21837429293869817,0.0,0.2829055430452653,0.46959795160605833,0.3723599471801874,1.1313474663195744,0.34059685033459725,0.0,3.026992082595825,37.66654968261719,0.3
8.951999999999659,-0.14717937600393494,-0.008756315042014783,-0.1481964015317552,0.21820910529776763,0.0,0.28274035540433473,0.4696017305648248,0.37175306538159353,1.1309179935894291,0.340596437067915,0.0,3.016193389892578,37.659423828125,0.3
8.961999999999662,-0.14728903621960004,-0.012540267805697444,-0.14800347731471536,0.21861327844261738,0.0,0.2831445285491845,0.46960531364656183,0.3708459856649632,1.130856923785223,0.3405960233316832,0.0,3.016193389892578,37.659423828125,0.3
8.971999999999666,-0.14743459766017672,-0.015829532352999113,-0.14782784668434132,0.21878337025065195,0.0,0.283314620357219,0.4696087492388028,0.36983303577389176,1.1302411512201838,0.34059560939234695,0.0,3.016193389892578,37.659423828125,0.3
8.981999999999669,-0.14761816355394455,-0.020174819140568283,-0.14769698781741764,0.21984817357478253,0.0,0.2843794236813496,0.46961208957962164,0.3686346154133472,1.1305422940444583,0.3405951942269942,0.0,3.016193389892578,37.659423828125,0.3
8.991999999999672,-0.14784650118948048,-0.024503568505124425,-0.14760754096799145,0.22051836778347256,0.0,0.28504961789003963,0.46961539095580906,0.3675622427412777,1.130239224592685,0.3405947778493132,0.0,3.016193389892578,37.659423828125,0.3
9.001999999999676,-0.14811734973095486,-0.028694477475735714,-0.1475596414121601,0.22177087393703873,0.0,0.2863021240436058,0.46961871445128195,0.36634752517459834,1.1305280204299644,0.3405943599831964,0.0,3.055976629257202,37.76719665527344,0.3
9.011999999999679,-0.14842701374210387,-0.03258892967667382,-0.14754679570059262,0.22322413148657422,0.0,0.2877553815931413,0.4696221252292819,0.3650467014148266,1.1308157965759862,0.34059394021945527,0.0,3.055976629257202,37.76719665527344,0.3
9.021999999999682,-0.1487742291732033,-0.03595804333542704,-0.1475808069234032,0.22401850644981566,0.0,0.2885497565563827,0.46962569162577344,0.36389471133991286,1.1302062278747034,0.34059351876310084,0.0,3.055976629257202,37.76719665527344,0.3
9.031999999999686,-0.14914706244028306,-0.03806014493309951,-0.1476491555731553,0.22503645117494278,0.0,0.2895677012815099,0.46962948429799717,0.3627215105148624,1.1297780448008834,0.34059309597460735,0.0,3.055976629257202,37.76719665527344,0.3
9.041999999999689,-0.14953744856356102,-0.03965503295948951,-0.14776068162841627,0.22654558232926084,0.0,0.29107683243582794,0.46963357400731076,0.3615467097953181,1.1298929750205824,0.34059267145493655,0.0,3.055976629257202,37.76719665527344,0.3
9.051999999999692,-0.14994308880355267,-0.04084932065198904,-0.14791378670335478,0.2279324224983418,0.0,0.2924636726049089,0.4696380299640615,0.3604994580469877,1.129876688185997,0.3405922447750008,0.0,3.0818421840667725,37.983367919921875,0.3
9.061999999999696,-0.15035236449740194,-0.04119182540508878,-0.14808267632002883,0.22972561719073162,0.0,0.2942568672972987,0.46964291906053307,0.35929322505420336,1.130213721003085,0.3405918156526481,0.0,3.0818421840667725,37.983367919921875,0.3
9.071999999999699,-0.1507633966561727,-0.040953529612976346,-0.1482937638661405,0.23079714751116964,0.0,0.2953283976177367,0.46964830429473886,0.3581518032523083,1.1294305178406092,0.3405913845908592,0.0,3.0818421840667725,37.983367919921875,0.3
9.081999999999702,-0.1511662291345801,-0.039726970458836684,-0.1485371034611585,0.23203735880941803,0.0,0.29656860891598513,0.4696542440971374,0.3572612289506609,1.1291228937060431,0.34059095186765254,0.0,3.0818421840667725,37.983367919921875,0.3
9.091999999999706,-0.15155949743632993,-0.03905287632598197,-0.14883244683884087,0.23383103429881275,0.0,0.2983622844053798,0.4696607909795534,0.3562235511503087,1.1294509018692493,0.3405905166859076,0.0,3.0818421840667725,37.983367919921875,0.3
9.101999999999709,-0.15193942264320198,-0.03673181490195529,-0.149143483637798,0.23462845434155938,0.0,0.29915970444812645,0.4696679914654767,0.35524882190606155,1.128349435420358,0.3405900798364946,0.0,3.075291872024536,38.223915100097656,0.3
9.111999999999712,-0.1522809667238527,-0.03249736422022954,-0.14943280392240071,0.235821989604922,0.0,0.3003532397114891,0.469675885265937,0.35418588706693505,1.1277761520344305,0.34058964144973164,0.0,3.075291872024536,38.223915100097656,0.3
9.121999999999716,-0.15258483574476772,-0.029153181226650733,-0.149758608966093,0.23738824742163034,0.0,0.3019194975281974,0.46968450183247756,0.3530849875858411,1.127680606319771,0.34058920107405377,0.0,3.075291872024536,38.223915100097656,0.3
9.131999999999719,-0.1528656794825776,-0.02734843107064745,-0.15013656501642753,0.2389962093200029,0.0,0.30352745942657,0.4696938608326928,0.3519521754036053,1.1276560756584226,0.34058875804555055,0.0,3.075291872024536,38.223915100097656,0.3
9.141999999999722,-0.15313086085676678,-0.026252239104879387,-0.15055753758644866,0.24105919759072714,0.0,0.3055904476972942,0.46970397523466023,0.35092866447017135,1.1283475271982948,0.34058831259227057,0.0,3.075291872024536,38.223915100097656,0.3
9.151999999999726,-0.15339072456486785,-0.025466500962051386,-0.15101509288494383,0.24237673014576286,0.0,0.3069079802523299,0.4697148535754311,0.3502802316669708,1.1284467173760728,0.34058786454565415,0.0,3.0519094467163086,38.40077209472656,0.3
9.161999999999729,-0.1536324168315569,-0.02353096652432554,-0.15146568901003496,0.2439931274133187,0.0,0.30852437751988576,0.46972650151901585,0.349762857788799,1.12923260347079,0.3405874145924243,0.0,3.0519094467163086,38.40077209472656,0.3
9.171999999999732,-0.1538552642103562,-0.02143888514016725,-0.15193265514771118,0.24464091549558692,0.0,0.309172165602154,0.4697389204510878,0.34917320580931943,1.1286997982961062,0.34058696302278624,0.0,3.0519094467163086,38.40077209472656,0.3
9.181999999999736,-0.1540665390677108,-0.021035745402472363,-0.1524389809117515,0.24654043140210216,0.0,0.31107168150866926,0.4697521073270779,0.3486988905421457,1.1300838478541997,0.3405865089676664,0.0,3.0519094467163086,38.40077209472656,0.3
9.191999999999739,-0.15426847369071173,-0.019335531351480056,-0.15294187519836733,0.24680346124691702,0.0,0.3113347113534841,0.46976605629431156,0.34834104037687963,1.1294138724239646,0.34058605389079255,0.0,3.0519094467163086,38.40077209472656,0.3
9.201999999999742,-0.15444442425840238,-0.015939001502088573,-0.1534160200220641,0.24679527146310531,0.0,0.3113265215696724,0.4697807590527662,0.3481671194003622,1.1286281641239992,0.34058559851459863,0.0,3.03395676612854,38.52950668334961,0.3
9.211999999999746,-0.15456793763389795,-0.010062638667177656,-0.15381899255992443,0.24645918585671106,0.0,0.31099043596327813,0.46979620182379095,0.34801142422565096,1.1276336024130673,0.3405851438286011,0.0,3.03395676612854,38.52950668334961,0.3
9.221999999999749,-0.1546349001097833,-0.004432942997844485,-0.15418909073412346,0.24621819043342572,0.0,0.31074944053999276,0.4698123613622231,0.34793313018774824,1.1269400745753737,0.3405846894277307,0.0,3.03395676612854,38.52950668334961,0.3
9.231999999999752,-0.15465153726358885,-2.6385886078058446e-05,-0.15453701998913097,0.24642539407470196,0.0,0.310956644181269,0.4698292043938854,0.3476573316415241,1.1268387349540934,0.3405842350040949,0.0,3.03395676612854,38.52950668334961,0.3
9.241999999999756,-0.15464135044285968,0.0015272784382710028,-0.15489333888441703,0.2472817972455315,0.0,0.3118130473520986,0.46984668977540905,0.3472664829713571,1.127719731114548,0.340583779493257,0.0,3.03395676612854,38.52950668334961,0.3
9.251999999999759,-0.15461559033976763,0.003303206947541642,-0.1552194885919278,0.24683111898266769,0.0,0.31136236908923476,0.4698647730952661,0.3468046740197843,1.1267574222791317,0.3405833242466378,0.0,3.00596284866333,38.554664611816406,0.3
9.261999999999762,-0.15457440839634368,0.004562997999900875,-0.1555181542222343,0.2466657951328385,0.0,0.3111970452394056,0.4698834091840078,0.34600428391102295,1.1260932207405776,0.34058286916183766,0.0,3.00596284866333,38.554664611816406,0.3
9.271999999999766,-0.15452323484973005,0.0050055891572605045,-0.1557928872223479,0.24692485183652643,0.0,0.3114561019430935,0.4699025524626388,0.34495567613625694,1.125863624704796,0.3405824142736191,0.0,3.00596284866333,38.554664611816406,0.3
9.281999999999769,-0.15448102352765047,0.0033269601951916965,-0.1560684618571819,0.24744406760864446,0.0,0.31197531771521153,0.46992215830390605,0.3439708891829185,1.1261062818981191,0.340581958735415,0.0,3.00596284866333,38.554664611816406,0.3
9.291999999999772,-0.15446953234125427,-0.0005593970748532691,-0.1563563661826197,0.2480342453193982,0.0,0.31256549542596523,0.4699421864326718,0.3428883733586336,1.126477476520245,0.3405815021312431,0.0,3.00596284866333,38.554664611816406,0.3
9.301999999999776,-0.15450368396487238,-0.005342717171275902,-0.1566465353079008,0.24839497705108685,0.0,0.31292622715765395,0.4699626047834784,0.3419091559199973,1.1266782404199813,0.3405810448193338,0.0,3.0086724758148193,38.539161682128906,0.3
9.31199999999978,-0.154587268340291,-0.010551224604636675,-0.15693392438869858,0.2488483278203307,0.0,0.31337957792689775,0.46998339176796383,0.3409233498722422,1.1270451505885153,0.34058058706258765,0.0,3.0086724758148193,38.539161682128906,0.3
9.321999999999782,-0.15472251607779225,-0.015192682848062192,-0.15720420302339597,0.24821935204415654,0.0,0.3127506021507236,0.4700045365780076,0.3400501860858558,1.126039685695198,0.3405801292657912,0.0,3.0086724758148193,38.539161682128906,0.3
9.331999999999786,-0.15489655952899292,-0.018733882895496025,-0.1574414745173852,0.2480595518998289,0.0,0.312590802006396,0.4700260385262448,0.3392703700718213,1.125851104037217,0.34057967205275635,0.0,3.0086724758148193,38.539161682128906,0.3
9.34199999999979,-0.1551015702572709,-0.02164534441606667,-0.1576473620740279,0.2479093591414524,0.0,0.3124406092480195,0.4700479043136873,0.33822396068970695,1.1254261591838723,0.3405792154388932,0.0,3.0086724758148193,38.539161682128906,0.3
9.351999999999792,-0.1553462215788216,-0.026362157718840637,-0.15785822369131067,0.24862596077439175,0.0,0.3131572108809588,0.47007014611654857,0.3371076742085825,1.1260562864558574,0.3405787579865553,0.0,3.050915241241455,38.63521957397461,0.3
9.361999999999796,-0.155641782246166,-0.03179661350845579,-0.1580622173832413,0.24939147631832106,0.0,0.31392272642488817,0.47009278266552973,0.3358621469313475,1.1266016904160316,0.34057829952079377,0.0,3.050915241241455,38.63521957397461,0.3
9.3719999999998,-0.15599428401893628,-0.03772990966213904,-0.1582753132180903,0.24995789170380833,0.0,0.3144891418103754,0.47011584092462705,0.3343845778775093,1.1265959926455933,0.3405778402637106,0.0,3.050915241241455,38.63521957397461,0.3
9.381999999999802,-0.15641699856273075,-0.045248526402425895,-0.15852466570163135,0.2512745505588418,0.0,0.31580580066540886,0.47013935689809727,0.33282170782667053,1.1273745034812355,0.34057737919721176,0.0,3.050915241241455,38.63521957397461,0.3
9.391999999999806,-0.15690944588862846,-0.05195427908735836,-0.15878420972104573,0.25194564339786824,0.0,0.3164768935044353,0.4701633771118774,0.3315173397590521,1.1274028382698562,0.34057691719611843,0.0,3.050915241241455,38.63521957397461,0.3
9.40199999999981,-0.1574645655193394,-0.057141117659186565,-0.15903917113037322,0.2521861778019942,0.0,0.3167174279085613,0.4701879580604951,0.33009976351393977,1.1266379732804146,0.3405764542677053,0.0,3.11331844329834,38.88203430175781,0.3
9.411999999999813,-0.15805113823687084,-0.05996531632101272,-0.15924476141518362,0.2531636011148519,0.0,0.317694851221419,0.47021316347216685,0.32858317600121123,1.126638748822474,0.34057599063402816,0.0,3.11331844329834,38.88203430175781,0.3
9.421999999999816,-0.15867139258015456,-0.06353717287129607,-0.1594770512622657,0.2541930905280277,0.0,0.31872434063459476,0.47023905909774916,0.3271629551529607,1.1266113607043813,0.3405755255356897,0.0,3.11331844329834,38.88203430175781,0.3
9.43199999999982,-0.15932975367974073,-0.06713099254191876,-0.15973712061177042,0.2548424133283948,0.0,0.3193736634349619,0.4702657121375523,0.3257959031130905,1.1259666976979579,0.3405750588670589,0.0,3.11331844329834,38.88203430175781,0.3
9.441999999999823,-0.16001989919553442,-0.07053342845271515,-0.16002537073864875,0.2567724215249215,0.0,0.3213036716314886,0.4702931917130615,0.3244145454420975,1.126977032038412,0.34057459056530126,0.0,3.11331844329834,38.88203430175781,0.3
9.451999999999826,-0.16075398348097555,-0.07488583999120378,-0.1603610997755476,0.25872029969794097,0.0,0.32325154980450804,0.4703215681641249,0.3228628193058505,1.1276860755882363,0.3405741190617599,0.0,3.1492507457733154,39.27250671386719,0.3
9.46199999999983,-0.16150678221611958,-0.07549857074004682,-0.16064494125748024,0.2597048956815151,0.0,0.3242361457880822,0.4703509139933253,0.32155364151361304,1.127037702192967,0.34057364571616394,0.0,3.1492507457733154,39.27250671386719,0.3
9.471999999999833,-0.16225680870545,-0.07444719675550279,-0.1609383985327663,0.260219615417656,0.0,0.32475086552422305,0.4703812998331441,0.3203491680338004,1.1257301146598793,0.340573171351543,0.0,3.1492507457733154,39.27250671386719,0.3
9.481999999999836,-0.16299742706677536,-0.07398884927193737,-0.16127229893717307,0.2622461261558775,0.0,0.3267773762624446,0.4704127901518893,0.31910716988168747,1.1262999216534264,0.3405726947955506,0.0,3.1492507457733154,39.27250671386719,0.3
9.49199999999984,-0.16373279988019254,-0.07316492408990585,-0.1616430224517041,0.263602277518809,0.0,0.32813352762537606,0.4704454424488446,0.3180880987997539,1.1260392401195052,0.34057221607833543,0.0,3.1492507457733154,39.27250671386719,0.3
9.501999999999843,-0.1644603507158767,-0.07187055740317605,-0.16204082595896507,0.2654398872741556,0.0,0.32997113738072265,0.47047930814879146,0.31715032721221303,1.1264230216801714,0.3405717346265046,0.0,3.1456804275512695,39.717994689941406,0.3
9.511999999999846,-0.1651471655136694,-0.06662342293699947,-0.16237079955086703,0.2663644406605962,0.0,0.3308956907671633,0.47051443190610875,0.3164786287701446,1.1256603645297925,0.3405712514706921,0.0,3.1456804275512695,39.717994689941406,0.3
9.52199999999985,-0.16577813405954434,-0.06048030170211958,-0.1627118214617095,0.26693750165768176,0.0,0.33146875176424884,0.47055084680811565,0.31602803108420724,1.1245534568356088,0.34057076712496276,0.0,3.1456804275512695,39.717994689941406,0.3
9.531999999999853,-0.16634445960753175,-0.054089544493588895,-0.16306864897178633,0.26818587327354426,0.0,0.33271712338011133,0.4705885715718348,0.31555696018407386,1.124350459288816,0.34057028139636386,0.0,3.1456804275512695,39.717994689941406,0.3
9.541999999999856,-0.1668520279359654,-0.04843296811076294,-0.16345844085691472,0.2694539667012444,0.0,0.33398521680781146,0.4706276101639028,0.31529531894949475,1.1243649292238804,0.3405697935942148,0.0,3.1456804275512695,39.717994689941406,0.3
9.55199999999986,-0.16730339787862522,-0.0427768059342679,-0.1638645310092042,0.2713628262126146,0.0,0.33589407631918167,0.47066795354600993,0.31495902605809417,1.1252408555548694,0.3405693036438824,0.0,3.088527202606201,40.06614303588867,0.3
9.561999999999863,-0.16768980423101337,-0.03601328826002771,-0.1642409789535627,0.27261095063810126,0.0,0.33714220074466833,0.47070958093269294,0.3145665350090093,1.1251105298146828,0.34056881141149004,0.0,3.088527202606201,40.06614303588867,0.3
9.571999999999866,-0.1680120614488023,-0.02972665858816826,-0.1646399973313897,0.2737164455977414,0.0,0.33824769570430846,0.4707524593711477,0.31430425433465636,1.1250007802796804,0.3405683174586406,0.0,3.088527202606201,40.06614303588867,0.3
9.58199999999987,-0.16827348548497642,-0.023841944791686866,-0.16505883050783843,0.2750748623572728,0.0,0.33960611246383987,0.4707965444935373,0.31387866810053044,1.1251806707072973,0.3405678218370838,0.0,3.088527202606201,40.06614303588867,0.3
9.591999999999873,-0.16848015325006221,-0.01845286876650141,-0.16549748385391042,0.27592644840238195,0.0,0.340457698508949,0.4708417820395727,0.31327297738762916,1.124521013647411,0.340567324495837,0.0,3.088527202606201,40.06614303588867,0.3
9.601999999999876,-0.16863250261767532,-0.013255087692443362,-0.16594246579174357,0.2774115446873061,0.0,0.3419427947938732,0.4708881095334678,0.31272661452740375,1.1249529424990956,0.34056682563041024,0.0,3.0285847187042236,40.23271942138672,0.3
9.61199999999988,-0.16873332506583716,-0.0080812317823707,-0.1663759228042599,0.2782679535872094,0.0,0.3427992036937765,0.4709354572324765,0.3120978551995612,1.1245757491315673,0.34056632509871754,0.0,3.0285847187042236,40.23271942138672,0.3
9.621999999999883,-0.1687902905239816,-0.0042785145835911535,-0.16682733280254364,0.2795190034552757,0.0,0.34405025356184277,0.4709837492295706,0.3113672398864345,1.124785240593427,0.34056582289555565,0.0,3.0285847187042236,40.23271942138672,0.3
9.631999999999886,-0.1688169457212461,-0.001570342979971464,-0.16729387935267712,0.280381470990817,0.0,0.3449127210973841,0.4710329054351556,0.3106630368581992,1.1246248367356448,0.34056531907605103,0.0,3.0285847187042236,40.23271942138672,0.3
9.64199999999989,-0.16881787328207465,0.0004634181008421681,-0.1677645035287706,0.2816750878216696,0.0,0.3462063379282367,0.471082844234838,0.3098771177842721,1.12518796893998,0.34056481401836924,0.0,3.0285847187042236,40.23271942138672,0.3
9.651999999999893,-0.168807003520166,0.0017161540636072715,-0.16824074558338803,0.2818669285729023,0.0,0.34639817867946937,0.47113348411919315,0.3093211122134127,1.1245419119349505,0.34056430761566353,0.0,3.002676486968994,40.25725555419922,0.3
9.661999999999896,-0.16877872101367294,0.0036499558461646885,-0.16869034397891575,0.28195359939527925,0.0,0.3464848495018463,0.4711847456761718,0.3089964450930668,1.1242227117802668,0.3405638009765662,0.0,3.002676486968994,40.25725555419922,0.3
9.6719999999999,-0.16873439251799485,0.0046432229005622955,-0.1691278141679524,0.28283425269530255,0.0,0.3473655028018696,0.47123655103795997,0.30858000846256867,1.1251016278906643,0.34056329372338734,0.0,3.002676486968994,40.25725555419922,0.3
9.681999999999903,-0.1686917456679598,0.003901315258358646,-0.16956724129107212,0.28327345884535127,0.0,0.34780470895191834,0.47128882428727964,0.3081931180466038,1.1255501502522112,0.34056278536686685,0.0,3.002676486968994,40.25725555419922,0.3
9.691999999999906,-0.16865406178607129,0.003858543928165776,-0.16997171543452042,0.28271412018204223,0.0,0.3472453702886093,0.4713414942842886,0.30786218551783306,1.1248409292681467,0.3405622772282781,0.0,3.002676486968994,40.25725555419922,0.3
9.70199999999991,-0.1686135793272647,0.004134455563520106,-0.17033472205152186,0.2824227143899628,0.0,0.3469539644965299,0.471394495092054,0.3078028903115738,1.1248537612910114,0.3405617696765586,0.0,3.008167266845703,40.234622955322266,0.3
9.711999999999913,-0.16856736047215706,0.005226264808410328,-0.17064364821602315,0.2812871278317745,0.0,0.3458183779383416,0.47144776451819603,0.3077629746050496,1.1239344332549885,0.340561263376793,0.0,3.008167266845703,40.234622955322266,0.3
9.721999999999916,-0.16850816753662118,0.006302750380222499,-0.17089715388647894,0.28074574563698784,0.0,0.3452769957435549,0.4715012430641565,0.3079105203235055,1.124067505530424,0.3405607583581205,0.0,3.008167266845703,40.234622955322266,0.3
9.73199999999992,-0.16844470389622632,0.006504351965888784,-0.17110820052863582,0.2797332671361169,0.0,0.344264517242684,0.47155487285365283,0.3083315328716517,1.1239037279372455,0.34056025427342307,0.0,3.008167266845703,40.234622955322266,0.3
9.741999999999923,-0.1683806730051849,0.00642129464498392,-0.17126856768204182,0.2788988871135555,0.0,0.34343013722012256,0.4716085988259833,0.3089781972486601,1.1243893993095504,0.34055975152349843,0.0,3.008167266845703,40.234622955322266,0.3
9.751999999999926,-0.16831510700987423,0.006885435637299332,-0.17136577240888515,0.2771594842433678,0.0,0.34169073434993485,0.4716623694044062,0.30978708731350657,1.1238016774759862,0.34055925074463905,0.0,3.013319253921509,40.199466705322266,0.3
9.76199999999993,-0.1682395808687585,0.00820670112786667,-0.17139201292762,0.27535754125249184,0.0,0.3398887913590589,0.47171613601510193,0.310939240922143,1.1234659145820594,0.34055875258024537,0.0,3.013319253921509,40.199466705322266,0.3
9.771999999999933,-0.1681435209121891,0.010333581208665137,-0.17133699004928996,0.27372045531492806,0.0,0.33825170542149513,0.4717698513639491,0.31216811174608233,1.1236076822441203,0.3405582573015138,0.0,3.013319253921509,40.199466705322266,0.3
9.781999999999936,-0.16803008184768356,0.012178226195214093,-0.17121788037957225,0.27168840202936545,0.0,0.3362196521359325,0.4718234677415191,0.31339472362525406,1.1231885653552904,0.3405577644647283,0.0,3.013319253921509,40.199466705322266,0.3
9.79199999999994,-0.16789499858931226,0.014312287908223136,-0.1710262830127647,0.270054292836107,0.0,0.33458554294267406,0.4718769371520271,0.31435039378965424,1.123068389640486,0.34055727453544865,0.0,3.013319253921509,40.199466705322266,0.3
9.801999999999943,-0.16775207349185575,0.013824456503668371,-0.1708136084724021,0.26934422534069996,0.0,0.33387547544726703,0.4719302111026616,0.31548369840584,1.1244130353986634,0.3405567859710253,0.0,3.0284016132354736,40.133567810058594,0.3
9.811999999999946,-0.16761950749104249,0.01318112312805042,-0.1705690276719136,0.26734684241695184,0.0,0.3318780925235189,0.47198324320113766,0.3164935112879348,1.123795100582683,0.34055629960766026,0.0,3.0284016132354736,40.133567810058594,0.3
9.82199999999995,-0.16748904998372685,0.012988560755666095,-0.17027503899352045,0.2660031794034409,0.0,0.330534429510008,0.4720359919137002,0.3171915217998091,1.123750226746194,0.3405558156199722,0.0,3.0284016132354736,40.133567810058594,0.3
9.831999999999953,-0.167364142677158,0.012066722486100924,-0.16995358669220564,0.2649050220731799,0.0,0.32943627217974697,0.472088419417592,0.3178062572792019,1.1238481183396196,0.34055533332521615,0.0,3.0284016132354736,40.133567810058594,0.3
9.841999999999956,-0.16725091399099962,0.010774956915238958,-0.16960911002020818,0.2638678178035711,0.0,0.3283990679101382,0.4721404918781105,0.3181969494244787,1.123867049196321,0.3405548526227325,0.0,3.0284016132354736,40.133567810058594,0.3
9.85199999999996,-0.16715859422422794,0.008040672647951618,-0.1692689044223305,0.26346885064449277,0.0,0.32800010075105984,0.47219218043273536,0.31823558178940176,1.1241938479033755,0.3405543727155096,0.0,3.017455577850342,40.06096267700195,0.3
9.861999999999963,-0.16709324908116505,0.005608280127995281,-0.16892568396310315,0.26251005502928704,0.0,0.3270413051358541,0.4722434625806424,0.31826081142512047,1.12364270544645,0.3405538942492955,0.0,3.017455577850342,40.06096267700195,0.3
9.871999999999966,-0.16704815243847043,0.0039584049549518194,-0.16856709034856499,0.26116807020991784,0.0,0.3256993203164849,0.47229432273357147,0.31848457033922917,1.1225417260779156,0.3405534171427189,0.0,3.017455577850342,40.06096267700195,0.3
9.88199999999997,-0.16701565501318014,0.0026532456898610644,-0.1681999654590868,0.2609769838593416,0.0,0.32550823396590867,0.4723447506643109,0.31913522612843603,1.1233774729326098,0.34055294119166846,0.0,3.017455577850342,40.06096267700195,0.3
9.891999999999973,-0.16700158023442419,0.0009290574389290377,-0.1678445142293706,0.26036152786352795,0.0,0.324892777970095,0.47239474006130056,0.31973847275611167,1.12350696324592,0.34055246567026115,0.0,3.017455577850342,40.06096267700195,0.3
9.901999999999976,-0.16699868310121407,8.25249626024583e-05,-0.16748591507755303,0.25949618547895914,0.0,0.3240274355855262,0.47244428866956,0.3204431705263536,1.123229844230666,0.3405519911252786,0.0,3.000027894973755,40.03986358642578,0.3
9.91199999999998,-0.16699089994142632,0.0014640060167056459,-0.16710332298958977,0.25834693579506435,0.0,0.3228781859016314,0.47249339688900577,0.32143254509927266,1.1226679332288527,0.34055151838954084,0.0,3.000027894973755,40.03986358642578,0.3
9.921999999999983,-0.166968795347095,0.002320404587478637,-0.1667306703890339,0.2587622334641397,0.0,0.32329348357070675,0.47254206464499515,0.3222777251058414,1.1241468371765415,0.3405510462049903,0.0,3.000027894973755,40.03986358642578,0.3
9.931999999999986,-0.1669438271845826,0.0025612744755751805,-0.16638249341201788,0.2584092941313567,0.0,0.3229405442379238,0.4725902899127391,0.32318218612919736,1.1244237633102818,0.34055057400684796,0.0,3.000027894973755,40.03986358642578,0.3
9.94199999999999,-0.16691388082681574,0.0030489181144697196,-0.16605124060159754,0.25849487940375676,0.0,0.32302612951032383,0.47263807038302413,0.323989640022522,1.1251604494796603,0.3405501020181833,0.0,3.000027894973755,40.03986358642578,0.3
9.951999999999993,-0.1668834086140609,0.0030351411862896294,-0.16575442489181366,0.2587042521451547,0.0,0.32323550225172176,0.47268540355726785,0.3249908866043948,1.1260667245882847,0.34054962959152435,0.0,3.0061211585998535,40.026737213134766,0.3
9.961999999999996,-0.16685187995444287,0.003447844339328444,-0.16548457620081927,0.2587663766592053,0.0,0.3232976267657724,0.47273228733979206,0.32599136187391115,1.1267374201188063,0.340549157000461,0.0,3.0061211585998535,40.026737213134766,0.3
9.972,-0.16680668465036017,0.005719818374575738,-0.16521605979444107,0.257800777801384,0.0,0.32233202790795107,0.4727787197726813,0.3270357190245299,1.1259467295702028,0.3405486849863588,0.0,3.0061211585998535,40.026737213134766,0.3
9.982000000000003,-0.16672214833160492,0.010099576255332907,-0.16493086382825303,0.25768055343213203,0.0,0.3222118035386991,0.47282469650642306,0.32805016403341003,1.126253733175556,0.3405482142128579,0.0,3.0061211585998535,40.026737213134766,0.3
9.992000000000006,-0.16660564778151576,0.01286109502304767,-0.16468382026281964,0.2576264027501274,0.0,0.32215765285669445,0.4728702069519713,0.329035890021591,1.126592072222344,0.3405477427258207,0.0,3.0061211585998535,40.026737213134766,0.3
