t,df_hz,rocof_hz_s,dfv_hz,p_vsg_mw,p_pv_support_mw,p_bess_mw,p_diesel_mw,p_wind_mw,p_load_mw,soc,sat_mw,H_v,D_v,alpha
0.002,0.0,0.0,0.0,0.0,0.0,0.2614506508645828,0.425,0.08103115842400496,0.7674818092885878,0.8499642090981643,0.0,3.0,20.0,0.3
0.012,-2.3806590385187867e-06,-0.0004555652081877085,-7.528774192897594e-06,0.00012599229503366043,0.0,0.2615766431596165,0.4250000000250763,0.08101595201035378,0.7676426416182376,0.8499638265936231,0.0,3.0,20.0,0.3
0.022000000000000006,-5.309570568466698e-06,-0.00012534428118822423,-5.312584109500665e-06,-4.637049277146473e-05,0.0,0.26140428037181135,0.4250000005188836,0.08101625371531328,0.7674006277723787,0.849963444424999,0.0,3.0,20.0,0.3
0.032000000000000015,-6.304027061004691e-06,-5.845542738271652e-05,-5.174438836855079e-06,-5.0669528011738125e-05,0.0,0.26139998133657105,0.42500000199402904,0.08100016138035945,0.7673856087611521,0.8499630621856392,0.0,3.0,20.0,0.3
0.04200000000000002,-1.8155548078624713e-06,0.001032314955644662,1.1944783035042261e-05,-0.0005239991684059111,0.0,0.2609266516961769,0.4250000045410714,0.08094803368576088,0.766672885206519,0.8499626805473127,0.0,3.0,20.0,0.3
0.05200000000000003,1.370804558245158e-05,0.0017468907714445214,3.1859770715580455e-05,-0.00041686091790619194,0.0,0.2610337899466766,0.42500000707109076,0.08088728955027608,0.7667681547388375,0.8499622990327214,0.0,3.003359079360962,20.0012264251709,0.3
0.06200000000000004,3.281722580157565e-05,0.0020873693891492904,4.948960058715871e-05,-0.000460375059923383,0.0,0.26099027580465944,0.4250000066964549,0.08085088522378718,0.7666623641519031,0.8499619174588519,0.0,3.003359079360962,20.0012264251709,0.3
0.07200000000000005,6.212219442571061e-05,0.003802657256344073,9.207412093118633e-05,-0.0014935526874352066,0.0,0.25995709817714757,0.4249999998009503,0.0808389213896514,0.7652222715891147,0.849961536790606,0.0,3.003359079360962,20.0012264251709,0.3
0.08200000000000006,0.00010188191846326,0.0037662521002671014,0.00011963172317734855,-0.0005108314031849982,0.0,0.2609398194613978,0.42499998105286674,0.08083653746101323,0.7666009740984295,0.8499611556445794,0.0,3.003359079360962,20.0012264251709,0.3
0.09200000000000007,0.00013333622133455324,0.0028326808339118317,0.0001303464564500849,-0.00037505518614677416,0.0,0.261075595678436,0.4249999438846674,0.08082553550031402,0.7668060800765615,0.8499607739276772,0.0,3.003359079360962,20.0012264251709,0.3
0.10200000000000008,0.0001557358944932834,0.0018479420604897,0.00013476171427171378,-0.00013966607808522146,0.0,0.26131098478649756,0.4249998834385502,0.08079816684938913,0.7671277709299622,0.8499603920001239,0.0,3.0041098594665527,20.018245697021484,0.3
0.11200000000000009,0.00016703572244695854,0.0005393150717219838,0.00012803806483230437,0.00028981790324402064,0.0,0.2617404687678268,0.42499979702134394,0.08076281740586928,0.7677026083737281,0.8499600096825173,0.0,3.0041098594665527,20.018245697021484,0.3
0.1220000000000001,0.00015809594818430223,-0.001832583406859532,9.432732069815333e-05,0.0009038484365399405,0.0,0.26235449930112276,0.42499968445002995,0.080758437104259,0.7685727409480899,0.8499596263957035,0.0,3.0041098594665527,20.018245697021484,0.3
0.1320000000000001,0.0001247525825943036,-0.0043107338483329375,4.2986945054875046e-05,0.0012676009022900526,0.0,0.26271825176687286,0.4249995493997867,0.08075588298113927,0.7690891201789811,0.8499592424417612,0.0,3.0041098594665527,20.018245697021484,0.3
0.1420000000000001,7.478142183961236e-05,-0.005022027452121004,3.328896512867313e-06,0.0005790346135604055,0.0,0.2620296854781432,0.42499939993166036,0.08074651044230544,0.7681162150046642,0.8499588588385791,0.0,3.0041098594665527,20.018245697021484,0.3
0.1520000000000001,2.7296710956651594e-05,-0.004607495492459226,-1.99719494270932e-05,0.0004977976488606758,0.0,0.26194844851344345,0.42499924651407534,0.08074905716796771,0.7679928519126087,0.8499584757750244,0.0,3.009449005126953,20.00438117980957,0.3
0.16200000000000012,-1.7268874325784734e-05,-0.004427298395874699,-4.447340536373346e-05,0.0006024709358880159,0.0,0.2620531218004708,0.42499909880464204,0.08075016107631676,0.7681308464079282,0.8499580926406242,0.0,3.009449005126953,20.00438117980957,0.3
0.17200000000000013,-6.244637096104327e-05,-0.00469986142730925,-7.576896309612471e-05,0.0008943749249452276,0.0,0.262345025789528,0.42499896527689124,0.08073320736319492,0.7685000454187505,0.8499577092360515,0.0,3.009449005126953,20.00438117980957,0.3
0.18200000000000013,-0.00011320968693407046,-0.005170778039123002,-0.00011433101417953016,0.0008486244008386375,0.0,0.26229927526542146,0.42499885400754495,0.08071771636547298,0.7683907082283074,0.8499573255331829,0.0,3.009449005126953,20.00438117980957,0.3
0.19200000000000014,-0.00015842598712299534,-0.004117974514410938,-0.00013056519349472713,0.00048153651114785995,0.0,0.26193218737573065,0.42499877325519225,0.08072393525611628,0.7678498919333601,0.8499569425823155,0.0,3.009449005126953,20.00438117980957,0.3
0.20200000000000015,-0.00019018299822443633,-0.0026335379559542264,-0.00013331028215652773,9.767682371962667e-05,0.0,0.26154832768830244,0.42499872970367214,0.08072633151413122,0.7672791581685934,0.8499565600939101,0.0,3.0058600902557373,20.02219009399414,0.3
0.21200000000000016,-0.00021018555750706405,-0.0015335307966740399,-0.00013442701464739734,8.721248982292292e-05,0.0,0.2615378633544057,0.4249987271189346,0.08073237947472246,0.7672341611940536,0.8499561776592053,0.0,3.0058600902557373,20.02219009399414,0.3
0.22200000000000017,-0.0002214673156293503,-0.0009563904231511653,-0.00013787603887053325,0.00024509956936258446,0.0,0.2616957504339454,0.42499876665409153,0.08073830743991262,0.7674253538810147,0.8499557951418675,0.0,3.0058600902557373,20.02219009399414,0.3
0.23200000000000018,-0.00022424800169671037,0.0003271385910603233,-0.00012796029270529578,-0.0004287526383396748,0.0,0.2610218982262431,0.4249988476319315,0.08074411779048708,0.7664535481208121,0.8499554130937937,0.0,3.0058600902557373,20.02219009399414,0.3
0.2420000000000002,-0.00021441765457967882,0.0012245157099144272,-0.00011582018780902453,-0.00016121679030415913,0.0,0.2612894340742786,0.4249989676074549,0.08074981285999497,0.7668039492872317,0.8499550311401625,0.0,3.0058600902557373,20.02219009399414,0.3
0.25200000000000017,-0.00019918740037088288,0.0017148617379913187,-0.00010655283510582862,-0.00012289680481683598,0.0,0.26132775405976594,0.42499912207821106,0.08075539493568626,0.7668380549479452,0.8499546490966919,0.0,3.0032763481140137,20.024314880371094,0.3
0.2620000000000002,-0.00018515343905973998,0.0011222319509189484,-0.00011321366727532141,0.0002948904840867544,0.0,0.26174554134866956,0.42499930570823646,0.08076086625943044,0.7674080109425074,0.8499542664982882,0.0,3.0032763481140137,20.024314880371094,0.3
0.2720000000000002,-0.00017166711507897225,0.0015975474590002024,-0.00010737427179686706,-4.267568335875755e-05,0.0,0.26140797518122405,0.4249995136316944,0.08076622902861688,0.7669244995548101,0.8499538843345088,0.0,3.0032763481140137,20.024314880371094,0.3
0.2820000000000002,-0.00015139197643075964,0.002289801182719765,-9.465260194813258e-05,-0.0002383316288237478,0.0,0.26121231923575905,0.4249997412747033,0.08077148539703734,0.7666458348842875,0.8499535024236177,0.0,3.0032763481140137,20.024314880371094,0.3
0.2920000000000002,-0.00012063255669982576,0.0036267529081885587,-6.667460630264205e-05,-0.0008097204287325012,0.0,0.2606409304358503,0.4249999830737385,0.08077663747575099,0.7658488049287261,0.8499531210697867,0.0,3.0032763481140137,20.024314880371094,0.3
0.3020000000000002,-7.815979215862684e-05,0.004656497976723072,-3.4517212424250534e-05,-0.0007183366715108971,0.0,0.2607323141930719,0.42500023185125846,0.08078168733393223,0.7659891517034391,0.8499527398982734,0.0,3.009021520614624,20.010496139526367,0.3
0.3120000000000002,-3.874831202805099e-05,0.0031175291988864142,-3.717032041705492e-05,0.00045691173353949954,0.0,0.2619075625981223,0.4250004788453229,0.0807866369997017,0.7676555338122437,0.8499523575298082,0.0,3.009021520614624,20.010496139526367,0.3
0.32200000000000023,-1.867778219671555e-05,0.0012374201584067763,-5.681754533455601e-05,0.0007032600248386488,0.0,0.26215391088942147,0.42500071657073074,0.08079148846094085,0.7680251605309032,0.849951974549236,0.0,3.009021520614624,20.010496139526367,0.3
0.33200000000000024,-1.710419155699833e-05,-0.00047702531625370585,-8.6060656893775e-05,0.0006814614717438162,0.0,0.2621321123363266,0.4250009415338911,0.08079624366609028,0.7680206805109925,0.8499515912023362,0.0,3.009021520614624,20.010496139526367,0.3
0.34200000000000025,-2.9016392839409326e-05,-0.001764428148687968,-0.00011789755230898875,0.0010183311795124318,0.0,0.26246898204409524,0.4250011539779515,0.0808009045249323,0.7685181696365609,0.8499512077301656,0.0,3.009021520614624,20.010496139526367,0.3
0.35200000000000026,-5.7411763272449506e-05,-0.003894188316781817,-0.00017070637881736586,0.0018375894886794905,0.0,0.2632882403532623,0.42500135692848057,0.08080547290935788,0.7696888328205976,0.8499508234760593,0.0,3.006577253341675,20.00595474243164,0.3
0.36200000000000027,-0.00010714603653996106,-0.005659300766900217,-0.0002323797210199777,0.0018605159128644874,0.0,0.2633111667774473,0.4250015565074889,0.08080731514608244,0.7697360326298831,0.8499504388415928,0.0,3.006577253341675,20.00595474243164,0.3
0.3720000000000003,-0.0001737932151046046,-0.0069415716188881245,-0.00029849678076107817,0.0015302157539532344,0.0,0.26298086661853604,0.42500176242156673,0.08080173184028194,0.7692759510750099,0.8499500539729754,0.0,3.006577253341675,20.00595474243164,0.3
0.3820000000000003,-0.00024334199527529198,-0.007041540922310084,-0.00035062519369830937,0.0016644996202690612,0.0,0.26311515048485185,0.4250019867257065,0.08080283340865702,0.769461057897612,0.8499496695291968,0.0,3.006577253341675,20.00595474243164,0.3
0.3920000000000003,-0.00031450532509243845,-0.0070278555554197505,-0.000401985548768604,0.0013884307128086341,0.0,0.26283908157739144,0.42500224153459365,0.0808073635227975,0.7690704487290875,0.8499492850497393,0.0,3.006577253341675,20.00595474243164,0.3
0.4020000000000003,-0.00038051248937743994,-0.00639450555169643,-0.0004417055851750192,0.0013576459382292421,0.0,0.26280829680281204,0.4250025382482965,0.08080728809644305,0.7690153586489084,0.8499489009258441,0.0,3.012930154800415,20.044126510620117,0.3
0.4120000000000003,-0.0004429292365541849,-0.006221570219641428,-0.00048508440758584045,0.0014889206093424542,0.0,0.26293957147392527,0.4250028866484022,0.08081172982673256,0.7691805827228545,0.8499485166220522,0.0,3.012930154800415,20.044126510620117,0.3
0.4220000000000003,-0.0005016983563798545,-0.00566161837238777,-0.0005215194414662189,0.0012654845107127098,0.0,0.26271613537529553,0.425003295068278,0.08081608343025609,0.7688467140160034,0.849948132514476,0.0,3.012930154800415,20.044126510620117,0.3
0.43200000000000033,-0.0005542668749154521,-0.005033570120621892,-0.0005536123851763524,0.0011999540972603253,0.0,0.2626506049618431,0.42500377047898813,0.080820350655505,0.7687298766854618,0.849947748519501,0.0,3.012930154800415,20.044126510620117,0.3
0.44200000000000034,-0.0006004543051953052,-0.0044184743269297996,-0.0005824971611902209,0.0011319481981727987,0.0,0.2625825990627556,0.42500431812767203,0.08082453321627939,0.7686066214192492,0.8499473646018799,0.0,3.012930154800415,20.044126510620117,0.3
0.45200000000000035,-0.0006397983095871151,-0.003569938953614528,-0.0006048416434040155,0.0009475319504445429,0.0,0.26239818281502736,0.4250049416262892,0.08082863279237652,0.7683184852100483,0.8499469808826405,0.0,3.0075106620788574,20.075918197631836,0.3
0.46200000000000035,-0.0006682158033269028,-0.0024205066647428144,-0.000617041059000505,0.000920352243170688,0.0,0.26237100310775346,0.4250056428763994,0.08083265103026542,0.7682505826941333,0.8499465974997844,0.0,3.0075106620788574,20.075918197631836,0.3
0.47200000000000036,-0.0006926761658508463,-0.002654799283921774,-0.0006456462143153272,0.0014421855700101193,0.0,0.26289283643459294,0.4250064216287002,0.08083658954374805,0.7689523265473664,0.8499462135200269,0.0,3.0075106620788574,20.075918197631836,0.3
0.4820000000000004,-0.0007145527910042192,-0.001674031167820898,-0.0006580960151092468,0.0006964034617508624,0.0,0.2621470543263337,0.4250072767378279,0.08084044991460758,0.7678799077046086,0.8499458300779208,0.0,3.0075106620788574,20.075918197631836,0.3
0.4920000000000004,-0.0007267300382772432,-0.0009419530217951591,-0.0006682378561252362,0.0006439768515156034,0.0,0.2620946277160984,0.42500820636643893,0.08084423369324355,0.7677815740539818,0.8499454467060302,0.0,3.0075106620788574,20.075918197631836,0.3
0.5020000000000003,-0.0007319875519348167,-0.0004945449042424195,-0.0006783261759774403,0.0009009411430526446,0.0,0.26235159200763547,0.4250092070037086,0.0808479423992946,0.7681206344990069,0.849945063326474,0.0,3.001023530960083,20.087718963623047,0.3
0.5120000000000003,-0.0007401083446681452,-0.0008885175171795624,-0.0007021379637882621,0.0009724641764644529,0.0,0.26242311504104726,0.42501027418794834,0.08085157752224877,0.7682035885260611,0.8499446794439347,0.0,3.001023530960083,20.087718963623047,0.3
0.5220000000000004,-0.000748379292129092,-0.0007577104730341258,-0.0007199630237232393,0.0010196339986421866,0.0,0.262470284863225,0.42501140395931664,0.08085514052204171,0.7682559604601511,0.8499442957469712,0.0,3.001023530960083,20.087718963623047,0.3
0.5320000000000004,-0.0007566152697602663,-0.0010357117143761478,-0.0007435024750717464,0.0013519353956883394,0.0,0.26280258626027114,0.4250125926563271,0.08085863282964299,0.7687116639974491,0.8499439118279543,0.0,3.001023530960083,20.087718963623047,0.3
0.5420000000000004,-0.0007761738462891639,-0.0024629724562380815,-0.0007899759241308403,0.0015892344607162693,0.0,0.2630398853252991,0.4250138370345878,0.08086205584763086,0.7690365817403542,0.8499435270637155,0.0,3.001023530960083,20.087718963623047,0.3
0.5520000000000004,-0.0008032374499759759,-0.002541801730385087,-0.0008243493656885268,0.0011509346590616195,0.0,0.26260158552364443,0.42501513593404094,0.0808654109507555,0.7684164675387394,0.8499431426719346,0.0,3.005448341369629,20.095779418945312,0.3
0.5620000000000004,-0.0008241353810564589,-0.001935184036238032,-0.0008455477955067632,0.0012546681901889492,0.0,0.26270531905477174,0.4250164894804871,0.08086869948649118,0.7685583672267394,0.849942758711283,0.0,3.005448341369629,20.095779418945312,0.3
0.5720000000000004,-0.0008394900453927723,-0.0013749900318721444,-0.0008633288488033643,0.0012647399225822115,0.0,0.262715390787165,0.4250178968525649,0.08085871392271522,0.7685632726467353,0.8499423748469673,0.0,3.005448341369629,20.095779418945312,0.3
0.5820000000000004,-0.0008545140415413777,-0.0015656936046772496,-0.000890229949504371,0.001417468030510928,0.0,0.2628681188950937,0.42501935621834247,0.0808050003515443,0.7687336222709094,0.8499419906361781,0.0,3.005448341369629,20.095779418945312,0.3
0.5920000000000004,-0.0008793551138810426,-0.003292536217365745,-0.0009432508366195172,0.002353209875829846,0.0,0.2638038607404126,0.42502086577862674,0.08077686591313307,0.7700065465112775,0.8499416054664936,0.0,3.005448341369629,20.095779418945312,0.3
0.6020000000000004,-0.0009282532787250377,-0.005886688177829919,-0.0010235267859265854,0.0028162522968333183,0.0,0.2642669031614161,0.4250224258545342,0.08073669695158774,0.7706311793343542,0.8499412192604436,0.0,3.0108468532562256,20.10997772216797,0.3
0.6120000000000004,-0.0010030769048567062,-0.008520911284806063,-0.0011216463674176785,0.003332944009315997,0.0,0.2647835948738988,0.42502404114490344,0.08067645056079492,0.7712875292196215,0.8499408323190444,0.0,3.0108468532562256,20.10997772216797,0.3
0.6220000000000004,-0.0010998078111814707,-0.01006691567890515,-0.0012205304378733552,0.0030157488481578083,0.0,0.2644663997127406,0.42502572099223823,0.08066178202846254,0.7707980528323023,0.8499404452309239,0.0,3.0108468532562256,20.10997772216797,0.3
0.6320000000000005,-0.0012017770960336212,-0.010224375284946303,-0.0013050542538496554,0.002983789047077792,0.0,0.2644344399116606,0.4250274780144365,0.08066766655471855,0.7707358282519751,0.8499400585411204,0.0,3.0108468532562256,20.10997772216797,0.3
0.6420000000000005,-0.001299825038402468,-0.00958460937844864,-0.0013768271730615971,0.002822974884626444,0.0,0.26427362574920926,0.4250293250907179,0.08067279510452059,0.7704889629347355,0.8499396722075379,0.0,3.0108468532562256,20.10997772216797,0.3
0.6520000000000005,-0.001392670857270076,-0.009046010385506531,-0.0014468260471453152,0.0027921507149438404,0.0,0.2642428015795266,0.42503127353677456,0.08066696400871418,0.7704037343196111,0.8499392858498598,0.0,3.018331289291382,20.164949417114258,0.3
0.6620000000000005,-0.0014795336395948414,-0.008434659010280371,-0.0015124692494362507,0.0026471394872242355,0.0,0.264097790351807,0.425033332752411,0.08067418985853217,0.7701695661632092,0.8499388995572594,0.0,3.018331289291382,20.164949417114258,0.3
0.6720000000000005,-0.001560731339648727,-0.007849641722909228,-0.0015756056314136851,0.002622629743148999,0.0,0.2640732806077318,0.4250355102778032,0.08068127234287449,0.7701005894656,0.8499385132764781,0.0,3.018331289291382,20.164949417114258,0.3
0.6820000000000005,-0.001628068412187931,-0.00590919510242827,-0.0016129732017590194,0.002032157621360101,0.0,0.2634828084859429,0.4250378117841366,0.0806882143062037,0.7692379101348777,0.8499381278419801,0.0,3.018331289291382,20.164949417114258,0.3
0.6920000000000005,-0.001674734292925854,-0.0036028286467906234,-0.0016326734955347437,0.0013824262790077379,0.0,0.26283307714359055,0.42504023981177064,0.08069501853654651,0.7682947100668928,0.8499377429937429,0.0,3.018331289291382,20.164949417114258,0.3
0.7020000000000005,-0.001698477116999265,-0.0014742423457643396,-0.0016400865293865925,0.0011512934554557678,0.0,0.2626019443200386,0.4250427925922788,0.0807016877666133,0.7679434276553778,0.8499373585624995,0.0,3.004077196121216,20.203462600708008,0.3
0.7120000000000005,-0.0016973571242868456,0.0010299618079398648,-0.0016265143576051255,0.0009092932045505163,0.0,0.2623599440691333,0.42504546389566356,0.08070822467489579,0.7675858834687165,0.8499369748700961,0.0,3.004077196121216,20.203462600708008,0.3
0.7220000000000005,-0.0016740437439389509,0.003198826967016914,-0.0016026628092984413,0.00053098223857386,0.0,0.26198163310315664,0.42504824311985046,0.08071463188674269,0.7670492033014364,0.8499365915585446,0.0,3.004077196121216,20.203462600708008,0.3
0.7320000000000005,-0.0016319668256293987,0.004422002537897673,-0.001578312848709732,0.0010653440561465412,0.0,0.26251599492072936,0.42505111588090205,0.08072091197541413,0.7678041597627309,0.8499362082978809,0.0,3.004077196121216,20.203462600708008,0.3
0.7420000000000005,-0.0015955243168546847,0.003159379850582156,-0.0015896733119685061,0.0015549737319663609,0.0,0.26300562459654914,0.4250540655103553,0.08072706746311512,0.7685079724657716,0.8499358237913079,0.0,3.004077196121216,20.203462600708008,0.3
0.7520000000000006,-0.0015705399128484664,0.0018702600915238364,-0.0016085257987242096,0.0020043365508672596,0.0,0.26345498741545004,0.42505707705519663,0.08073310082200846,0.7691639219575671,0.8499354390068096,0.0,3.0044660568237305,20.188913345336914,0.3
0.7620000000000006,-0.001564563775692937,-0.00036461714239262473,-0.0016514844121224862,0.00259141893017533,0.0,0.26404206979475814,0.42506013886952976,0.08073901447520773,0.7700184192242024,0.8499350533425247,0.0,3.0044660568237305,20.188913345336914,0.3
0.7720000000000006,-0.0015786497436093847,-0.00196117475241792,-0.0016984899979760745,0.002437671129281079,0.0,0.26388832199386386,0.42506324363228254,0.08074403517450325,0.7698380469171657,0.8499346674804605,0.0,3.0044660568237305,20.188913345336914,0.3
0.7820000000000006,-0.001604528642347533,-0.0028644777113693144,-0.0017428829984319676,0.0023779034806389017,0.0,0.2638285543452217,0.4250663882212324,0.08074973188316502,0.769789713035437,0.8499342816554587,0.0,3.0044660568237305,20.188913345336914,0.3
0.7920000000000006,-0.001634751507882718,-0.0030520209574662286,-0.001779103674100521,0.0022154821681278952,0.0,0.2636661330327107,0.4250695719752034,0.08075531556548832,0.7695992823960863,0.8499338960692696,0.0,3.0044660568237305,20.188913345336914,0.3
0.8020000000000006,-0.0016642439992093463,-0.0030307405268002433,-0.0018101295681675678,0.0023370172673674713,0.0,0.26378766813195026,0.4250727951063404,0.08076078846398793,0.7698073370014296,0.8499335106269968,0.0,3.0058889389038086,20.19898223876953,0.3
0.8120000000000006,-0.0016976048067762026,-0.003497465547262413,-0.0018481271066148066,0.002360054541543718,0.0,0.2638107054061265,0.4250760578434627,0.08076615277668565,0.7698771311050462,0.8499331248969628,0.0,3.0058889389038086,20.19898223876953,0.3
0.8220000000000006,-0.0017329296815588033,-0.003391387246894841,-0.0018781819696533197,0.0020525146419385796,0.0,0.26350316550652136,0.4250793609910355,0.08077141065799315,0.7694825877471824,0.8499327394034092,0.0,3.0058889389038086,20.19898223876953,0.3
0.8320000000000006,-0.0017593964310020566,-0.002190406220525704,-0.0018861654168478052,0.0017952454179310823,0.0,0.2632458962825139,0.4250827054622944,0.08077656421957717,0.7691580804509093,0.8499323546619707,0.0,3.0058889389038086,20.19898223876953,0.3
0.8420000000000006,-0.001777699776727389,-0.0015159739979645316,-0.001893556702799107,0.0015448118770652708,0.0,0.2629954627416481,0.42508609058873825,0.08076437392821147,0.7688291132993899,0.8499319699315356,0.0,3.0058889389038086,20.19898223876953,0.3
0.8520000000000006,-0.0017890978534168686,-0.0012150988174506052,-0.0018993380646606377,0.0019038895415028434,0.0,0.26335454040608564,0.42508951402340983,0.08066633325072545,0.7692949410393305,0.8499315852536605,0.0,3.0022470951080322,20.214399337768555,0.3
0.8620000000000007,-0.0017989892906450943,-0.0011023799964899124,-0.001904923829652462,0.002056443329037973,0.0,0.2635070941936208,0.4250929723697996,0.08060456093477737,0.7694488000069905,0.8499312005740619,0.0,3.0022470951080322,20.214399337768555,0.3
0.8720000000000007,-0.001810432798343749,-0.0007842909662665748,-0.0019074663287295128,0.0012555643543931052,0.0,0.2627062152189759,0.42509646215909785,0.08056391970654646,0.7683183432163566,0.8499308159898272,0.0,3.0022470951080322,20.214399337768555,0.3
0.8820000000000007,-0.0018147438163130761,-0.00041897064747331147,-0.0019030891129449981,0.0017226932411905673,0.0,0.26317334410577337,0.42509998007115424,0.08054649567988809,0.768988590003575,0.8499304316546485,0.0,3.0022470951080322,20.214399337768555,0.3
0.8920000000000007,-0.0018178453136673777,-0.00021155685154087975,-0.0018986563858802458,0.0015747806164285968,0.0,0.2630254314810114,0.4251035219738429,0.0805096240822815,0.7687788804756157,0.8499300473242836,0.0,3.0022470951080322,20.214399337768555,0.3
0.9020000000000007,-0.0018219915799915895,-0.0006253084943994406,-0.0019018173850366804,0.0016858740504527724,0.0,0.2631365249150356,0.4251070836188332,0.08042303804817762,0.7688799423244718,0.849929662730378,0.0,3.0010228157043457,20.218488693237305,0.3
0.9120000000000007,1.5918167657194557e-05,0.44447760692327437,0.005119650444848549,-0.28162511746561564,0.0,-0.020174466601032837,0.425110648390146,0.08033131407160655,0.37235533657232456,0.8499295246504617,0.0,3.0010228157043457,20.218488693237305,0.3
0.9220000000000007,0.007552394062226693,0.9235910318225568,0.01654271983623624,-0.28242684300217047,0.0,-0.020976192137587668,0.4251137697818352,0.0802304739775025,0.37272484728896704,0.849929551903967,0.0,3.0010228157043457,20.218488693237305,0.3
0.9320000000000007,0.018518972647179763,1.1906797884647915,0.027652378675856952,-0.28477711688142426,0.0,-0.023326466016841463,0.42511504429488145,0.08009597514386856,0.3724947369685797,0.8499295812774418,0.0,3.0010228157043457,20.218488693237305,0.3
0.9420000000000007,0.031342724438620344,1.330605649420808,0.038504352679305194,-0.2878176379112532,0.0,-0.026366987046670398,0.4251124832124024,0.07996732919091493,0.37287650703901487,0.8499296142295039,0.0,3.0010228157043457,20.218488693237305,0.3
0.9520000000000007,0.04500400318748219,1.356724370597866,0.04810833732381816,-0.29243182963143427,0.0,-0.03098117876685147,0.4251038656721225,0.0798927852345126,0.37262974232061297,0.8499296526255399,0.0,5.772327423095703,25.074867248535156,0.3
0.9620000000000007,0.05782045603295268,1.236767710709801,0.053421075186493784,-0.2980734701682333,0.0,-0.03662281930365052,0.42508698197250133,0.07980555156796476,0.37272198662716405,0.8499296978397383,0.0,5.772327423095703,25.074867248535156,0.3
0.9720000000000008,0.06962205277137756,1.1451201321261029,0.05874916303436566,-0.30464585186794685,0.0,-0.04319520100336405,0.4250599100773374,0.07964676802276426,0.37326362585273654,0.8499297510253142,0.0,5.772327423095703,25.074867248535156,0.3
0.9820000000000008,0.08060379464310902,1.068115126022655,0.06412605962177313,-0.3125242076982018,0.0,-0.05107355683361897,0.4250210634313247,0.07947353067429484,0.37358143162746704,0.8499298142591883,0.0,5.772327423095703,25.074867248535156,0.3
0.9920000000000008,0.09085397994203963,0.996720295409062,0.06956581397792631,-0.3213612224258695,0.0,-0.05991057156128671,0.42496913421605176,0.07927987698039318,0.37395052824362274,0.8499298884702983,0.0,5.772327423095703,25.074867248535156,0.3
1.0020000000000007,0.10041679173132079,0.9318059003568328,0.07520486767486916,-0.331828295033741,0.0,-0.0703776441691582,0.4249030578315352,0.07905681301208828,0.37314292657956294,0.8499299759367378,0.0,4.883792877197266,31.82638168334961,0.3
1.0120000000000007,0.10940222717855848,0.8750172160740646,0.08132503392251868,-0.3420094025938907,0.0,-0.08055875172930788,0.42482198642820146,0.07883035138200926,0.3735624809492831,0.8499300768962976,0.0,4.883792877197266,31.82638168334961,0.3
1.0220000000000007,0.11776926395326429,0.8103658012675418,0.08751510752547155,-0.3528721605122347,0.0,-0.09142150964765189,0.4247252588484937,0.07869706407541864,0.37366562081776944,0.8499301917844841,0.0,4.883792877197266,31.82638168334961,0.3
1.0320000000000007,0.12545762284051012,0.7406617233341285,0.09378120471854089,-0.36384577529882195,0.0,-0.10239512443423915,0.4246123931383325,0.07857402306932977,0.3738939483737923,0.8499303210401935,0.0,4.883792877197266,31.82638168334961,0.3
1.0420000000000007,0.13243065784121258,0.6683607794615064,0.10012721678715282,-0.37520943008281954,0.0,-0.11375877921823674,0.4244830865167996,0.07842800529054188,0.373481048496927,0.8499304649925707,0.0,4.883792877197266,31.82638168334961,0.3
1.0520000000000007,0.13868318500960872,0.5983774260299632,0.1066393689293067,-0.3859144059300851,0.0,-0.12446375506550228,0.42433721054327767,0.07835089396486461,0.3737274785868321,0.849930623780448,0.0,4.220107078552246,36.49837112426758,0.3
1.0620000000000007,0.14429359952259194,0.5349988118388067,0.11352016595518788,-0.3956692862160628,0.0,-0.13421863535148,0.4241747990784875,0.07827236651020322,0.37465749724722364,0.8499307960445908,0.0,4.220107078552246,36.49837112426758,0.3
1.0720000000000007,0.14923517197837577,0.4665046782605195,0.12038230938068381,-0.40484866259647995,0.0,-0.14339801173189715,0.42399602646213164,0.07811216350814511,0.3753841238963359,0.8499309807195663,0.0,4.220107078552246,36.49837112426758,0.3
1.0820000000000007,0.15348183541070184,0.3968291297427786,0.12720513785391968,-0.4133974631776565,0.0,-0.15194681231307372,0.42380120014906864,0.07791460877046803,0.3757266443610885,0.8499311768343826,0.0,4.220107078552246,36.49837112426758,0.3
1.0920000000000007,0.15704487537257478,0.3297974068218132,0.13397955431464226,-0.4214663060036864,0.0,-0.1600156551391036,0.42359075635689886,0.07779970640143842,0.3753903102334718,0.8499313838992524,0.0,4.220107078552246,36.49837112426758,0.3
1.1020000000000008,0.15996955164248147,0.27174723611987206,0.14081862670115494,-0.42823039348537595,0.0,-0.16677974262079315,0.42336524898609873,0.07770545272223642,0.37530424578992194,0.8499316003821682,0.0,3.557572364807129,39.131126403808594,0.3
1.1120000000000008,0.16244920602357896,0.2311868216539571,0.14807612051309368,-0.43355301375890865,0.0,-0.17210236289432584,0.42312532929513386,0.07764034597130721,0.37543866340861476,0.8499318248044936,0.0,3.557572364807129,39.131126403808594,0.3
1.1220000000000008,0.16449775783022522,0.18706002374912503,0.15510241941521627,-0.43755635881377725,0.0,-0.17610570794919445,0.422871708772182,0.07760074941523096,0.375473573093829,0.849932055350064,0.0,3.557572364807129,39.131126403808594,0.3
1.1320000000000008,0.16610311919143267,0.14308594065063945,0.1618460843786835,-0.43966748572476116,0.0,-0.17821683486017836,0.4226051472375827,0.07758725445193025,0.3761197093490489,0.849932289566828,0.0,3.557572364807129,39.131126403808594,0.3
1.1420000000000008,0.1672907560559952,0.10341407216321835,0.16828425115940263,-0.44097054779989553,0.0,-0.17951989693531273,0.4223264509408594,0.07765558370643007,0.37590391590306504,0.8499325259864973,0.0,3.557572364807129,39.131126403808594,0.3
1.1520000000000008,0.16812312614053795,0.07299593992070265,0.17447968163599456,-0.4406088371178155,0.0,-0.1791581862532327,0.4220364636932086,0.07771791027596905,0.3759339858950792,0.8499327626680676,0.0,3.1515114307403564,40.157257080078125,0.3
1.1620000000000008,0.16876079468118996,0.05725733066205872,0.18064218229284812,-0.438707569038065,0.0,-0.17725691817348221,0.42173604966288936,0.07774292208817431,0.3760253634938483,0.8499329978003771,0.0,3.1515114307403564,40.157257080078125,0.3
1.1720000000000008,0.16923891071161273,0.04194185297371747,0.18631922561380992,-0.4355749251807047,0.0,-0.17412427431612187,0.4214260652131965,0.0777077347300982,0.3757729283345439,0.8499332294328882,0.0,3.1515114307403564,40.157257080078125,0.3
1.1820000000000008,0.16957883485370104,0.02915673066998005,0.19147362608687968,-0.4304967937964043,0.0,-0.16904614293182152,0.42110734849119463,0.07764057225145737,0.3763567746103508,0.8499334552771457,0.0,3.1515114307403564,40.157257080078125,0.3
1.1920000000000008,0.169820717726884,0.021702744001370674,0.19609882457856995,-0.4249240349923843,0.0,-0.1634733841278015,0.42078071576563236,0.07747234737180317,0.3758253421366171,0.8499336739914519,0.0,3.1515114307403564,40.157257080078125,0.3
1.2020000000000008,0.170029610396343,0.021568037964209273,0.20021099307422524,-0.41852040337114305,0.0,-0.15706975250656025,0.42044695418379086,0.07732861134219497,0.37496304225017474,0.8499338845820483,0.0,3.0411808490753174,40.39837646484375,0.3
1.2120000000000009,0.17028343295548243,0.02840437684332401,0.20382169050192372,-0.4105230053816378,0.0,-0.14907235451705497,0.42010681042355724,0.07724128990440703,0.37509364811996704,0.8499340855755427,0.0,3.0411808490753174,40.39837646484375,0.3
1.2220000000000009,0.1706344698265602,0.04009603104694896,0.2068744603603717,-0.40215189163403153,0.0,-0.14070124076944873,0.41976097842332566,0.07716965937300299,0.37475853805246295,0.849934275879931,0.0,3.0411808490753174,40.39837646484375,0.3
1.2320000000000009,0.17113095646815676,0.05679396127346173,0.20938148104658497,-0.3936461747620212,0.0,-0.13219552389743838,0.41941009155580505,0.0770271621222109,0.37375870791551113,0.8499344547012431,0.0,3.0411808490753174,40.39837646484375,0.3
1.2420000000000009,0.17183087735974928,0.07930000042986624,0.2113832198878069,-0.3846887502345334,0.0,-0.12323809936995062,0.4190547165080831,0.07690645344217217,0.3729169181787737,0.8499346222148219,0.0,3.0411808490753174,40.39837646484375,0.3
1.252000000000001,0.17277009018119935,0.10328015240992591,0.2128363334709004,-0.3749715916712144,0.0,-0.11352094080663161,0.4186953465735853,0.07681514356419489,0.3729583410642465,0.8499347770093266,0.0,3.1983509063720703,40.70762252807617,0.3
1.262000000000001,0.17394096457711056,0.1270274854497163,0.213691611686956,-0.3652659826986814,0.0,-0.10381533183409858,0.4183323996560503,0.07679539126093998,0.3731277945052356,0.8499349189933191,0.0,3.1983509063720703,40.70762252807617,0.3
1.272000000000001,0.17538124234453653,0.15604446231341274,0.2141469048744281,-0.3565693771547518,0.0,-0.09511872629016899,0.41796622254636573,0.07681313889741022,0.3723091879741136,0.8499350489561144,0.0,3.1983509063720703,40.70762252807617,0.3
1.282000000000001,0.17713236892838202,0.18782648716139574,0.21424007472393056,-0.34764712690387056,0.0,-0.08619647603928776,0.41759708907603293,0.07681749865860278,0.3724252496866961,0.8499351673609127,0.0,3.1983509063720703,40.70762252807617,0.3
1.292000000000001,0.17920256836652107,0.21988323359597584,0.2139978333062339,-0.3394693188818233,0.0,-0.0780186680172405,0.4172251973292042,0.07682319569786895,0.3723644429464096,0.8499352743427677,0.0,3.1983509063720703,40.70762252807617,0.3
1.302000000000001,0.18159085309677028,0.25003903892838947,0.21342781875165248,-0.33197562620642723,0.0,-0.07052497534184443,0.41685067236679635,0.07684784496754644,0.37246895205940467,0.8499353712573906,0.0,3.4912004470825195,41.730892181396484,0.3
1.312000000000001,0.18423511131501052,0.27432772175165476,0.21243954574759796,-0.32545047920374043,0.0,-0.06399982833915763,0.416473572587368,0.0768463010015308,0.3725073272825019,0.8499354590952704,0.0,3.4912004470825195,41.730892181396484,0.3
1.322000000000001,0.18713096610013677,0.299707899303112,0.21130553486044612,-0.3200688645142261,0.0,-0.058618213649643314,0.4160939034417216,0.07686154250460647,0.3724399815578717,0.8499355392485209,0.0,3.4912004470825195,41.730892181396484,0.3
1.332000000000001,0.19027183350472315,0.3235001568281832,0.2100690548291045,-0.3157920634060188,0.0,-0.054341412541435985,0.4157116235653999,0.0769097169212482,0.37248374925304517,0.8499356130272502,0.0,3.4912004470825195,41.730892181396484,0.3
1.342000000000001,0.19363538602271674,0.3445012198527171,0.20878405045039483,-0.31291272072972026,0.0,-0.05146206986513746,0.4153266491469148,0.07695060466302071,0.37229834505413895,0.8499356822444634,0.0,3.4912004470825195,41.730892181396484,0.3
1.352000000000001,0.19718366231508455,0.35909865341758085,0.20742097682137672,-0.31145492339929737,0.0,-0.05000427253471457,0.41493886121061746,0.07702045922928029,0.37192084195520025,0.849935748982903,0.0,3.718181610107422,43.57585525512695,0.3
1.362000000000001,0.2007815103908548,0.3603200435284824,0.20576247796578437,-0.3107645053352776,0.0,-0.04931385447069481,0.4145481174506071,0.07709522592339828,0.3723240215194944,0.8499358144152916,0.0,3.718181610107422,43.57585525512695,0.3
1.372000000000001,0.20438492437400246,0.35997974386813275,0.20419518177370571,-0.3112186546906774,0.0,-0.04976800382609459,0.4141542758288395,0.07717331733817315,0.37297234153003955,0.8499358796914277,0.0,3.718181610107422,43.57585525512695,0.3
1.382000000000001,0.20797188541282133,0.35756488080091603,0.20277823150135066,-0.31397622943207376,0.0,-0.05252557856749096,0.4137572055823884,0.07724985936940026,0.37218518583054505,0.8499359473886408,0.0,3.718181610107422,43.57585525512695,0.3
1.392000000000001,0.21150807815933492,0.3500776904336836,0.2015291045890466,-0.31637775130441576,0.0,-0.054927100439832954,0.4133567909037557,0.07732488275783882,0.37360079939529756,0.8499360185715175,0.0,3.718181610107422,43.57585525512695,0.3
1.402000000000001,0.21492419201600294,0.3325342929228728,0.20035029082039751,-0.3208718430032452,0.0,-0.059421192138662426,0.4129529371118615,0.07739841763433175,0.3736681562535745,0.8499360944550451,0.0,3.679572582244873,45.71109390258789,0.3
1.412000000000001,0.21805427170274488,0.30078225723758917,0.1989698226874889,-0.32718325543631704,0.0,-0.06573260457173424,0.412545584598668,0.07747049353190677,0.3726583872544712,0.8499361778273506,0.0,3.679572582244873,45.71109390258789,0.3
1.422000000000001,0.22088575824226556,0.2713667479057246,0.19788919400038438,-0.33381542487479654,0.0,-0.07236477401021374,0.41213473294276126,0.07754113939763753,0.3725127420361186,0.8499362698066888,0.0,3.679572582244873,45.71109390258789,0.3
1.432000000000001,0.22341753230010908,0.2406822129215379,0.19710929936122817,-0.3412074392257102,0.0,-0.07975678836112737,0.41172044328276736,0.0776103836042692,0.3724106601429268,0.8499363711500091,0.0,3.679572582244873,45.71109390258789,0.3
1.442000000000001,0.22562287987607615,0.20644774719596634,0.1966197375627363,-0.3485065174570532,0.0,-0.08705586659247039,0.41130283431593306,0.07767825396161357,0.3733188699763219,0.8499364821726092,0.0,3.679572582244873,45.71109390258789,0.3
1.452000000000001,0.2274559119376491,0.16544079053514232,0.19632646226813008,-0.35683406251036875,0.0,-0.09538341164578595,0.4108820834199364,0.07774477772771798,0.3734221238844281,0.8499366034830413,0.0,3.3528530597686768,47.2550048828125,0.3
1.462000000000001,0.22880230598191828,0.11474085563071851,0.19600378621128858,-0.36557893422938353,0.0,-0.10412828336480073,0.41045843281393435,0.07780998161981276,0.37335129747484885,0.8499367363445356,0.0,3.3528530597686768,47.2550048828125,0.3
1.472000000000001,0.22966994340772504,0.06855763986177112,0.19603170306479759,-0.3748375261772692,0.0,-0.11338687531268637,0.41003220283769976,0.07787389182504127,0.3727279447523595,0.8499368811580492,0.0,3.3528530597686768,47.2550048828125,0.3
1.482000000000001,0.23008278554195744,0.023016986974290325,0.19636540541959208,-0.383066942634969,0.0,-0.12161629177038619,0.4096037876659574,0.07793653401097728,0.37344882305767735,0.849937037181841,0.0,3.3528530597686768,47.2550048828125,0.3
1.492000000000001,0.23004750717629036,-0.020995846177151133,0.19699517187409407,-0.39204755394530455,0.0,-0.13059690308072175,0.4091736455394435,0.07799793333593343,0.3727608079677823,0.8499372048091999,0.0,3.3528530597686768,47.2550048828125,0.3
1.5020000000000011,0.22957982803384946,-0.06416077775535552,0.19788421634243603,-0.4000139237455524,0.0,-0.1385632728809696,0.4087422921559234,0.07805811445906541,0.3728892048468686,0.8499373836162343,0.0,3.110743284225464,47.564979553222656,0.3
1.5120000000000011,0.22867995871626925,-0.10717314898526456,0.19897606950605942,-0.40713010465426336,0.0,-0.14567945378968056,0.4083102938239198,0.0781171015502755,0.37337233268082537,0.8499375723198008,0.0,3.110743284225464,47.564979553222656,0.3
1.5220000000000011,0.2273592190673299,-0.14844264227908402,0.20025317088452765,-0.41381073731981644,0.0,-0.15236008645523363,0.4078782629380546,0.0781749182999197,0.37341430273478593,0.849937770039146,0.0,3.110743284225464,47.564979553222656,0.3
1.5320000000000011,0.22563900946616688,-0.187393948341873,0.2016711932195168,-0.41951771993619,0.0,-0.15806706907160722,0.40744685216206317,0.07823158792832216,0.37357649130786963,0.8499379757418007,0.0,3.110743284225464,47.564979553222656,0.3
1.5420000000000011,0.22354393834900632,-0.22388851877163132,0.203175760274962,-0.42404504806948884,0.0,-0.16259439720490604,0.40701674702843876,0.07828713319510106,0.37398291057029476,0.8499381879445221,0.0,3.110743284225464,47.564979553222656,0.3
1.5520000000000012,0.22110638641670627,-0.25560198951864305,0.2047511511359297,-0.42820924086592993,0.0,-0.16675859000134713,0.40658865831107527,0.0783415764083091,0.3733558819220948,0.8499384055935033,0.0,3.500889301300049,46.59410858154297,0.3
1.5620000000000012,0.21840022569915374,-0.28043037302178875,0.2064239365695973,-0.4303527908260262,0.0,-0.16890213996144338,0.406163312481677,0.07838579795880975,0.37390731802242716,0.8499386276034656,0.0,3.500889301300049,46.59410858154297,0.3
1.5720000000000012,0.2154643899356407,-0.30174656809921774,0.20805187811639203,-0.4319610560914249,0.0,-0.17051040522684208,0.40574143741447327,0.0784235226191374,0.3734873923302636,0.8499388520292768,0.0,3.500889301300049,46.59410858154297,0.3
1.5820000000000012,0.21233978365753559,-0.31865367892219787,0.20959246013754182,-0.4324269621130331,0.0,-0.1709763112484503,0.40532375294735523,0.07845925362912809,0.37290344712627366,0.8499390771481915,0.0,3.500889301300049,46.59410858154297,0.3
1.5920000000000012,0.20908436119513285,-0.32957834353432824,0.21102341387773962,-0.4311147815181107,0.0,-0.16966413065352792,0.404910962641939,0.07848707465565645,0.3730867240256107,0.8499393019113154,0.0,3.500889301300049,46.59410858154297,0.3
1.6020000000000012,0.20576021154250287,-0.33135172071164065,0.21239703336449517,-0.42895093537600376,0.0,-0.16750028451142096,0.404503743469489,0.07843529724134836,0.3726900323700377,0.849939524439785,0.0,3.6681113243103027,44.770751953125,0.3
1.6120000000000012,0.20252458599376416,-0.3185134971148097,0.21395352679346238,-0.4257479754472313,0.0,-0.1642973245826485,0.40410273250460155,0.07832176079416124,0.3720351916496243,0.8499397431211013,0.0,3.6681113243103027,44.770751953125,0.3
1.6220000000000012,0.19941173593842768,-0.30628098861733355,0.21526472667604576,-0.4206289524850579,0.0,-0.15917830162047508,0.4037085034572778,0.07828075197526482,0.3725460762350493,0.849939955757868,0.0,3.6681113243103027,44.770751953125,0.3
1.6320000000000012,0.19643189469582917,-0.29207448862395663,0.2163081758788662,-0.4145585901406303,0.0,-0.1531079392760475,0.4033215608908941,0.07829148329642625,0.37303532714576837,0.8499401608775842,0.0,3.6681113243103027,44.770751953125,0.3
1.6420000000000012,0.1936215370982785,-0.27305376615184823,0.21708899927076142,-0.4081595994181561,0.0,-0.1467089485535733,0.4029423421383627,0.07831390543457237,0.3727489700967349,0.8499403580445081,0.0,3.6681113243103027,44.770751953125,0.3
1.6520000000000012,0.19103093242917643,-0.246318993915544,0.21769217529607846,-0.40064026012082415,0.0,-0.13918960925624135,0.40257121458797096,0.07829064030789071,0.37291198221383404,0.8499405454835528,0.0,3.510749101638794,42.982826232910156,0.3
1.6620000000000013,0.18882322454032935,-0.20438445940002056,0.21844577984617405,-0.3926574595720921,0.0,-0.13120680870750928,0.40220846770936514,0.0782707464542115,0.3728309332089075,0.8499407230280815,0.0,3.510749101638794,42.982826232910156,0.3
1.6720000000000013,0.1870121693626552,-0.16588211195235017,0.2188615511188782,-0.38402012078625847,0.0,-0.12256946992167567,0.4018542924306912,0.07826305195244518,0.37298888242802675,0.8499408894578715,0.0,3.510749101638794,42.982826232910156,0.3
1.6820000000000013,0.18557743568431992,-0.12848989801682656,0.21894044641173532,-0.37496414519674387,0.0,-0.11351349433216107,0.4015087814847073,0.0782343274360832,0.3732828018462113,0.8499410440380951,0.0,3.510749101638794,42.982826232910156,0.3
1.6920000000000013,0.1845218216213792,-0.09012753941450477,0.21870693596171523,-0.3661415624273981,0.0,-0.10469091156281529,0.4011719395200113,0.07815628093964776,0.3729924009687473,0.8499411869331326,0.0,3.510749101638794,42.982826232910156,0.3
1.7020000000000013,0.18386101311184927,-0.048710270849250566,0.21823020462925494,-0.3575349481485022,0.0,-0.09608429728391937,0.4008436887173581,0.07804694075913632,0.3724112792420604,0.8499413182535893,0.0,3.1169307231903076,42.07501220703125,0.3
1.7120000000000013,0.18365373741515936,-0.0024976764163495407,0.2176490310026603,-0.34911866839288724,0.0,-0.08766801752830444,0.4005238704729784,0.07796721321332702,0.3718446211092097,0.8499414383061401,0.0,3.1169307231903076,42.07501220703125,0.3
1.7220000000000013,0.1838905335767477,0.040706697763078815,0.21678545275212327,-0.34093835387216265,0.0,-0.07948770300757985,0.4002122421081747,0.07799885435661623,0.37158606186130516,0.8499415475229403,0.0,3.1169307231903076,42.07501220703125,0.3
1.7320000000000013,0.18453830570894633,0.08062077928372825,0.21565630945941328,-0.33299826792921755,0.0,-0.07154761706463475,0.39990848331673334,0.07803451231891576,0.37173922327613496,0.8499416458403327,0.0,3.1169307231903076,42.07501220703125,0.3
1.7420000000000013,0.1855752420012474,0.11913603639991731,0.21432336215595962,-0.32643883402011187,0.0,-0.06498818315552907,0.3996122077427735,0.07809300557838879,0.3709437617418857,0.8499417347507688,0.0,3.1169307231903076,42.07501220703125,0.3
1.7520000000000013,0.1869921539303946,0.1562914394112017,0.2128393938947848,-0.320425843687465,0.0,-0.058975192822882216,0.3993229719627369,0.07813266628729017,0.37051370715331167,0.849941815736904,0.0,3.298475742340088,42.40155029296875,0.3
1.7620000000000013,0.18875438094024666,0.18897647943536422,0.2112058514903872,-0.3146434711378996,0.0,-0.05319282027331679,0.39904028226333854,0.07818475513949458,0.3710768662705972,0.8499418887546664,0.0,3.298475742340088,42.40155029296875,0.3
1.7720000000000014,0.19082591136242585,0.21894390044363293,0.20950271653714858,-0.31066454347563455,0.0,-0.049213892611051746,0.398763604778666,0.07824122959871688,0.370569326298409,0.8499419556177298,0.0,3.298475742340088,42.40155029296875,0.3
1.7820000000000014,0.19317705389546727,0.24520867152239434,0.2077734171084406,-0.30726184814054014,0.0,-0.04581119727595734,0.39849237556018174,0.07829658356859677,0.3708041078519796,0.8499420177320218,0.0,3.298475742340088,42.40155029296875,0.3
1.7920000000000014,0.19576141743019898,0.2665896647921571,0.2060504255417545,-0.3049081677841714,0.0,-0.0434575169195886,0.39822600937766695,0.07834445905096707,0.3711871819639646,0.8499420761929377,0.0,3.298475742340088,42.40155029296875,0.3
1.8020000000000014,0.1985272502688896,0.2815163532789004,0.20433095770949192,-0.30425604481349705,0.0,-0.04280539394891425,0.39796391043010854,0.07839266514642235,0.3708375671531545,0.8499421328353943,0.0,3.5607776641845703,43.755706787109375,0.3
1.8120000000000014,0.20137225564998412,0.28639048760882707,0.20250070311901694,-0.30445889542879034,0.0,-0.04300824456420754,0.39770548478917883,0.07844075934569134,0.37097663975674056,0.849942189225876,0.0,3.5607776641845703,43.755706787109375,0.3
1.8220000000000014,0.2042518108981816,0.28862761691245825,0.20080919100863764,-0.3056996683779236,0.0,-0.044249017513340816,0.3974501582068135,0.07845510829689249,0.3712910595032253,0.8499422467271623,0.0,3.5607776641845703,43.755706787109375,0.3
1.8320000000000014,0.20713370065774958,0.2872098832383714,0.19929344943406313,-0.3082686268982086,0.0,-0.04681797603362581,0.3971973854063577,0.07846229094756978,0.3713138308005248,0.8499423070885379,0.0,3.5607776641845703,43.755706787109375,0.3
1.8420000000000014,0.20997807763700388,0.28205978529893294,0.19799139775195027,-0.31248167994714704,0.0,-0.05103102908256424,0.3969466550652777,0.07849292146756878,0.37055983313391205,0.8499423721690555,0.0,3.5607776641845703,43.755706787109375,0.3
1.8520000000000014,0.2127338470915078,0.2681475904357886,0.19681782100061815,-0.3166650714344047,0.0,-0.0552144205698219,0.39669749563162454,0.07853219777340566,0.37122659859067886,0.849942442871702,0.0,3.5485005378723145,45.463706970214844,0.3
1.8620000000000014,0.21524152915539815,0.23970318609287283,0.19551069617096214,-0.32229436589422594,0.0,-0.06084371502964314,0.39644948543948416,0.07853692588692762,0.3710927736922165,0.8499425198894657,0.0,3.5485005378723145,45.463706970214844,0.3
1.8720000000000014,0.21747761022281073,0.21294315638432101,0.1945002036088213,-0.328751260887647,0.0,-0.0673006100230642,0.39620227518219614,0.07854775714984348,0.3709025921274133,0.84994260516481,0.0,3.5485005378723145,45.463706970214844,0.3
1.8820000000000014,0.21944179382800802,0.1850709392508241,0.1937871227145111,-0.33566309059562416,0.0,-0.07421243973104136,0.39595559115149387,0.07851061229849905,0.37091178555300697,0.8499426994439158,0.0,3.5485005378723145,45.463706970214844,0.3
1.8920000000000015,0.2211126682136049,0.1548193727328429,0.1933668108274908,-0.3432082397136352,0.0,-0.08175758884905238,0.39570923070822683,0.0784797004375577,0.37073046788886854,0.849942803257474,0.0,3.5485005378723145,45.463706970214844,0.3
1.9020000000000015,0.22246050702534226,0.11939853245791386,0.19316274383775814,-0.35097028860889357,0.0,-0.08951963774431076,0.39546306151376087,0.07842850810599046,0.3706789665027086,0.8499429171244078,0.0,3.2573351860046387,46.66660690307617,0.3
1.9120000000000015,0.22338433599459656,0.07492462017711851,0.19296785603764854,-0.35835881406059855,0.0,-0.09690816319601575,0.3952170243843714,0.07837640019926087,0.3714023639163807,0.849943040951595,0.0,3.2573351860046387,46.66660690307617,0.3
1.9220000000000015,0.22387929525839936,0.032740824276618605,0.1930684112936982,-0.3659876834783039,0.0,-0.1045370326137211,0.3949711441232701,0.07831761058627293,0.3717952231936912,0.8499431747546368,0.0,3.2573351860046387,46.66660690307617,0.3
1.9320000000000015,0.2239627823386462,-0.007650303430624915,0.19345174149189923,-0.3738943793684943,0.0,-0.11244372850391149,0.39472552701983626,0.07826781069107853,0.3715932625458863,0.8499433188076757,0.0,3.2573351860046387,46.66660690307617,0.3
1.9420000000000015,0.22365247956315065,-0.046353865324941755,0.19409930357192542,-0.3814546962312627,0.0,-0.12000404536667991,0.39448035186577257,0.07817728445300333,0.37140621205258306,0.8499434731544896,0.0,3.2573351860046387,46.66660690307617,0.3
1.9520000000000015,0.22296489739367345,-0.08333956810141875,0.1949834365222847,-0.38903426975789923,0.0,-0.12758361889331643,0.39423586147494205,0.07806054017557743,0.3705033057074153,0.8499436374764403,0.0,3.15228271484375,46.775787353515625,0.3
1.9620000000000015,0.22191583157642128,-0.1191707861014006,0.19606125633305155,-0.39532944711744467,0.0,-0.13387879625286186,0.39399235488369766,0.07795533760655934,0.3705323171688968,0.8499438107614932,0.0,3.15228271484375,46.775787353515625,0.3
1.9720000000000015,0.22051872133384662,-0.15311499925668193,0.19729694152441504,-0.4010074523771184,0.0,-0.13955680151253558,0.39375018035999076,0.07779860616425655,0.3703577884959036,0.8499439921216561,0.0,3.15228271484375,46.775787353515625,0.3
1.9820000000000015,0.21879558160782614,-0.1849839061718599,0.19864498245376877,-0.4057935725416082,0.0,-0.1443429216770254,0.393509728851249,0.0776298094655271,0.37020524394905074,0.8499441803953579,0.0,3.15228271484375,46.775787353515625,0.3
1.9920000000000015,0.21676210687285374,-0.21543865862248174,0.20004006822444678,-0.4088085903842348,0.0,-0.14735793951965198,0.39327142680795396,0.07750126225509044,0.37124434501837955,0.849944373619967,0.0,3.15228271484375,46.775787353515625,0.3
2.002000000000001,0.21443795395779466,-0.24259820325208586,0.20146384344055102,-0.41114907278664403,0.0,-0.14969842192206123,0.39303573016650545,0.07738322076514621,0.37182180884930016,0.8499445702069846,0.0,3.4764938354492188,45.79077911376953,0.3
2.012,0.2118927103940172,-0.2620540824862204,0.2029904918704839,-0.4131457067294262,0.0,-0.1516950558648434,0.3928031170944625,0.07728117708494761,0.3713587403453571,0.8499447696270669,0.0,3.4764938354492188,45.79077911376953,0.3
2.021999999999999,0.2091726202099674,-0.2781967162536502,0.20445856327193854,-0.41390377659563676,0.0,-0.15245312573105396,0.3925740741660337,0.07720549144194885,0.3711040282952317,0.8499449705399746,0.0,3.4764938354492188,45.79077911376953,0.3
2.031999999999998,0.20631232326580878,-0.29063121566228184,0.2058237038694149,-0.4132462801612637,0.0,-0.1517956292966809,0.39234908580405586,0.0771283807756068,0.37126719851619927,0.849945171130032,0.0,3.4764938354492188,45.79077911376953,0.3
2.0419999999999967,0.20335489968772005,-0.2986902048365608,0.20705236543085756,-0.41120690544092414,0.0,-0.14975625457634134,0.39212862698807815,0.07703724895590952,0.37179638681290594,0.8499453698896272,0.0,3.4764938354492188,45.79077911376953,0.3
2.0519999999999956,0.20034993010586466,-0.2987933572823809,0.20820081146319644,-0.408466033697302,0.0,-0.1470153828327192,0.3919131552946615,0.07697339020055975,0.37182772411850973,0.8499455652185437,0.0,3.603769302368164,44.11370086669922,0.3
2.0619999999999945,0.1974458372442305,-0.2850524100683337,0.20951071444738245,-0.4044020262313802,0.0,-0.14295137536679742,0.3917030996785404,0.07689523858973042,0.37226119286677584,0.8499457560771249,0.0,3.603769302368164,44.11370086669922,0.3
2.0719999999999934,0.19467564458253522,-0.27138430376379724,0.21058717115077308,-0.39950486214796216,0.0,-0.13805421128337936,0.39149883811231406,0.07688395388436073,0.3725659247350446,0.8499459408889588,0.0,3.603769302368164,44.11370086669922,0.3
2.0819999999999923,0.1920566040798897,-0.25499445308783564,0.2114237586881868,-0.39424105190403264,0.0,-0.13279040103944983,0.391300691332539,0.07689680732332059,0.37220733614913504,0.8499461188591678,0.0,3.603769302368164,44.11370086669922,0.3
2.091999999999991,0.18962462143977424,-0.23467923010147584,0.2120150533140617,-0.38827023374595304,0.0,-0.12681958288137024,0.3911089229495611,0.07695575564802558,0.37183790189844446,0.8499462892191165,0.0,3.603769302368164,44.11370086669922,0.3
2.10199999999999,0.18743122937869539,-0.20621666147821763,0.2124630258302246,-0.3818600349489869,0.0,-0.1204093840844041,0.3909237361997311,0.07703500314435742,0.3712477784664353,0.8499464514810909,0.0,3.43025279045105,42.54124069213867,0.3
2.111999999999989,0.18561995094215405,-0.1650827975191731,0.2130346545835439,-0.3746313735102585,0.0,-0.11318072264567569,0.3907452658215979,0.07708219917723183,0.3710861392792951,0.8499466048056107,0.0,3.43025279045105,42.54124069213867,0.3
2.121999999999988,0.1841985776129205,-0.12716930554552974,0.21330934686318026,-0.3672425145488266,0.0,-0.10579186368424381,0.39057355984759096,0.07712215762666164,0.3706389604169359,0.8499467483954208,0.0,3.43025279045105,42.54124069213867,0.3
2.131999999999987,0.1831496543221508,-0.09002603320979688,0.2132986503044897,-0.35974704725038903,0.0,-0.09829639638580623,0.3904085807751351,0.07716181689859052,0.3700787930481756,0.8499468820074308,0.0,3.43025279045105,42.54124069213867,0.3
2.1419999999999857,0.18247010625846444,-0.053415967369026915,0.21300746892155223,-0.3514027330277449,0.0,-0.08995208216316208,0.3902502145898162,0.07721290109112412,0.37065492878860273,0.8499470051896917,0.0,3.43025279045105,42.54124069213867,0.3
2.1519999999999846,0.1821514697159496,-0.016698395362436252,0.2124688404592426,-0.34348861154406324,0.0,-0.08203796067948044,0.3900982770351469,0.0772886577554097,0.3708415181067878,0.8499471173885329,0.0,3.050062656402588,41.8621826171875,0.3
2.1619999999999835,0.18222135878383372,0.022365173273752436,0.2117878622376469,-0.3357985485038494,0.0,-0.07434789763926658,0.38995251912711065,0.07736220421195915,0.3710962442403595,0.8499472193670985,0.0,3.050062656402588,41.8621826171875,0.3
2.1719999999999824,0.18267363480003798,0.05995091360844196,0.210878273648767,-0.3287660898904666,0.0,-0.06731543902588377,0.3898126280815102,0.07743499860696432,0.37101886591428146,0.8499473122753111,0.0,3.050062656402588,41.8621826171875,0.3
2.1819999999999813,0.18348531297625253,0.09534094346693714,0.2097596316342188,-0.32300015640103663,0.0,-0.06154950553645383,0.38967823248041,0.07750634871467726,0.3699539513377951,0.8499473962431607,0.0,3.050062656402588,41.8621826171875,0.3
2.19199999999998,0.18464922934583278,0.12997183498074535,0.20849783041271844,-0.3173474274133009,0.0,-0.05589677654871811,0.3895489104025245,0.07756881392782956,0.3696895310756906,0.8499474730034613,0.0,3.050062656402588,41.8621826171875,0.3
2.201999999999979,0.1861368075918651,0.1605856125450804,0.2070888064494729,-0.3118121348544604,0.0,-0.05036148398987761,0.3894241954990155,0.0776375090541059,0.37039289792824526,0.8499475422508825,0.0,3.3097901344299316,42.297874450683594,0.3
2.211999999999978,0.18791155205487517,0.18830268657122978,0.2055825291317899,-0.30765621552161915,0.0,-0.046205564657036347,0.3893035856728564,0.07768398843262098,0.37040800499912685,0.8499476056260378,0.0,3.3097901344299316,42.297874450683594,0.3
2.221999999999977,0.18994504111455404,0.21279292071795375,0.20403433622094355,-0.30425016898699014,0.0,-0.04279951812240734,0.3891865527421332,0.07774080474614667,0.37073103802640583,0.8499476641310817,0.0,3.3097901344299316,42.297874450683594,0.3
2.231999999999976,0.1921909593635022,0.23200810820286152,0.20245783096164532,-0.30158398284030025,0.0,-0.040133331975717446,0.3890725507166194,0.07780608746473343,0.3714691126012861,0.8499477181570921,0.0,3.3097901344299316,42.297874450683594,0.3
2.2419999999999747,0.19460334823662986,0.2468437959672956,0.20090420482274954,-0.2998400661165973,0.0,-0.0383894152520145,0.3889610261343031,0.07786889896154456,0.37239031033397896,0.8499477694777228,0.0,3.3097901344299316,42.297874450683594,0.3
2.2519999999999736,0.19713802611400758,0.2558957533398197,0.19936763347988443,-0.2996867685509533,0.0,-0.038236117686370474,0.388851428031686,0.07792614186809015,0.37256575107914447,0.8499478199817708,0.0,3.5121426582336426,43.59514617919922,0.3
2.2619999999999725,0.19968791504146174,0.2540770754925754,0.19769911219449984,-0.29967553248082635,0.0,-0.038224881616243545,0.388743218349396,0.07798669809947449,0.3740316346440058,0.8499478703170279,0.0,3.5121426582336426,43.59514617919922,0.3
2.2719999999999714,0.2022071495398932,0.2503507340735362,0.19616417026382665,-0.30141561587823956,0.0,-0.03996496501365676,0.38863588956276557,0.07804710213687398,0.3744938859963266,0.8499479218760458,0.0,3.5121426582336426,43.59514617919922,0.3
2.2819999999999703,0.20468368661190056,0.24561666476968866,0.19482569327357652,-0.3049696340011041,0.0,-0.043518983136521305,0.3885289730888068,0.07810630771959015,0.3737845736869082,0.8499479773601295,0.0,3.5121426582336426,43.59514617919922,0.3
2.291999999999969,0.2070980107474175,0.23817474485959184,0.19370484870452387,-0.309012100858414,0.0,-0.04756144999383122,0.3884220399250569,0.07816433862572937,0.37365924992774946,0.8499480380307811,0.0,3.5121426582336426,43.59514617919922,0.3
2.301999999999968,0.20940493404394267,0.22304524525719416,0.19271594169273182,-0.31356296532962236,0.0,-0.052112314465039555,0.3883147023653917,0.07820410307752776,0.3739622792814351,0.8499481043705983,0.0,3.4578182697296143,45.0750617980957,0.3
2.311999999999967,0.21147434821067534,0.1966176297170819,0.19164760803421485,-0.3193641626124598,0.0,-0.05791351174787701,0.38820662200898093,0.07815921704576172,0.37344501978779854,0.8499481778011524,0.0,3.4578182697296143,45.0750617980957,0.3
2.321999999999966,0.2132929699458292,0.17209306672726293,0.19086861071131503,-0.3259838862204565,0.0,-0.06453323535587369,0.38809752746220166,0.07810368544475554,0.3726340136663967,0.849948259524296,0.0,3.4578182697296143,45.0750617980957,0.3
2.3319999999999648,0.2148680996400577,0.14767987189233303,0.19038712456054524,-0.3333227423044237,0.0,-0.07187209143984091,0.38798721535501357,0.07797607196225047,0.3714524415247288,0.8499483505356961,0.0,3.4578182697296143,45.0750617980957,0.3
2.3419999999999637,0.21618385756254155,0.12044231091505207,0.19017329271571526,-0.3398690625013165,0.0,-0.07841841163673369,0.3878755448296904,0.0778285866080658,0.3718314608748984,0.8499484504320178,0.0,3.4578182697296143,45.0750617980957,0.3
2.3519999999999626,0.21721198473443845,0.08946354989735217,0.19017533156219824,-0.3472012943208302,0.0,-0.08575064345624739,0.38776243635399493,0.07765102834997853,0.3713645139693026,0.8499485599688212,0.0,3.1950297355651855,46.043968200683594,0.3
2.3619999999999615,0.21787469791007524,0.05101231140153435,0.19021980701235527,-0.3539774175946759,0.0,-0.09252676673009308,0.3876478741727833,0.07756315233101796,0.37183858186867924,0.8499486786369352,0.0,3.1950297355651855,46.043968200683594,0.3
2.3719999999999604,0.2181574240661786,0.013295690098661349,0.190506368039108,-0.36053135166924183,0.0,-0.09908070080465903,0.38753191449333263,0.07755959619045782,0.3726227018155879,0.8499488058157274,0.0,3.1950297355651855,46.043968200683594,0.3
2.3819999999999593,0.21807688920592422,-0.021972602674018207,0.19104579755787438,-0.36784969455547534,0.0,-0.10639904369089254,0.3874146846577639,0.07753787745564501,0.37200660478276093,0.8499489424641393,0.0,3.1950297355651855,46.043968200683594,0.3
2.391999999999958,0.21765825043971554,-0.05492551228435463,0.19182168659375157,-0.37498792818912763,0.0,-0.11353727732454483,0.38729637505579806,0.07756151686472688,0.37116797300717097,0.8499490886342678,0.0,3.1950297355651855,46.043968200683594,0.3
2.401999999999957,0.21692077967809054,-0.08607304133298076,0.19280158580207127,-0.38144075419847895,0.0,-0.11999010333389615,0.387177230085603,0.07762773537843373,0.3706421628183575,0.8499492437095707,0.0,3.159926652908325,46.051151275634766,0.3
2.411999999999956,0.21587979605625832,-0.11610414545537226,0.1939432031927233,-0.3868723893038574,0.0,-0.12542173843927462,0.38705754044832874,0.07769526146549571,0.37069069643993857,0.8499494065044492,0.0,3.159926652908325,46.051151275634766,0.3
2.421999999999955,0.21454781825777475,-0.1442300451928941,0.19520796114252414,-0.3921691913775493,0.0,-0.1307185405129665,0.3869376368515282,0.07776144779186006,0.3699173657383088,0.8499495763027002,0.0,3.159926652908325,46.051151275634766,0.3
2.4319999999999538,0.21294747998855962,-0.17049555791309126,0.19655191872752076,-0.3958520327222379,0.0,-0.1344013818576551,0.38681788423095254,0.07782632093923474,0.37026889101347527,0.8499497519085619,0.0,3.159926652908325,46.051151275634766,0.3
2.4419999999999527,0.21109784733833853,-0.19411633558668628,0.19793565480044106,-0.39928448577571046,0.0,-0.13783383491112766,0.3866986751016819,0.07788990696192964,0.3697347125400663,0.8499499321470736,0.0,3.159926652908325,46.051151275634766,0.3
2.4519999999999516,0.20903027209755132,-0.21426596780731122,0.19934225711653195,-0.40084630619989126,0.0,-0.13939565533530845,0.3865804231911759,0.07795223139732058,0.37050890292285255,0.8499501154343423,0.0,3.4225757122039795,45.13505554199219,0.3
2.4619999999999505,0.20680073647063665,-0.2283117314438518,0.2008248944267964,-0.40212126998734826,0.0,-0.14067061912276546,0.38646355530326354,0.07801331927610541,0.37031380578398276,0.8499503003079902,0.0,3.4225757122039795,45.13505554199219,0.3
2.4719999999999493,0.20444514754691476,-0.23994718102206225,0.2022295282697989,-0.4021601088260653,0.0,-0.1407094579614825,0.3863485001407387,0.07807319513235704,0.3704522598984703,0.8499504858301963,0.0,3.4225757122039795,45.13505554199219,0.3
2.4819999999999482,0.20199162991050768,-0.248713342277827,0.20351707496607785,-0.40055991967109195,0.0,-0.13910926880650915,0.3862356802832833,0.07813188301337667,0.3714971938830306,0.8499506703685761,0.0,3.4225757122039795,45.13505554199219,0.3
2.491999999999947,0.19947292174552758,-0.2533950374189356,0.20466332660805509,-0.39874309839167854,0.0,-0.13729244752709574,0.3861255067450969,0.07818940648935169,0.3714920765360329,0.8499508527347096,0.0,3.4225757122039795,45.13505554199219,0.3
2.501999999999946,0.1969448222505125,-0.2498106519719333,0.2057400900693176,-0.39654768533937473,0.0,-0.13509703447479193,0.38601837266312855,0.0782457886628219,0.37072743246038387,0.8499510322897427,0.0,3.5065524578094482,43.69333267211914,0.3
2.511999999999945,0.19454581197267778,-0.23374246121824144,0.20695640188933695,-0.3928240236888055,0.0,-0.13137337282422268,0.3859146416959682,0.07830105217795799,0.37087922463454215,0.8499512079485714,0.0,3.5065524578094482,43.69333267211914,0.3
2.521999999999944,0.19230067953818278,-0.21826577153600699,0.20795231143107382,-0.38845746785484314,0.0,-0.12700681699026034,0.3858146272780809,0.07835521922965581,0.37080652244227186,0.8499513780505671,0.0,3.5065524578094482,43.69333267211914,0.3
2.5319999999999427,0.19021445022779146,-0.20196930359212298,0.20870703690620707,-0.3832011576289205,0.0,-0.12175050676433768,0.38571858814334453,0.07840831157245032,0.37099072608452777,0.8499515413034417,0.0,3.5065524578094482,43.69333267211914,0.3
2.5419999999999416,0.18830779443416898,-0.18274309338119013,0.20922588713267118,-0.3775572762239535,0.0,-0.11610662535937072,0.385626730707891,0.07846035052925258,0.3708819463319275,0.8499516973475504,0.0,3.5065524578094482,43.69333267211914,0.3
2.5519999999999405,0.18661820578699376,-0.15738177576044857,0.20958896823723738,-0.3713772684998482,0.0,-0.1099266176352654,0.3855392084448405,0.0785113569999135,0.3708581785037719,0.8499518455921441,0.0,3.330098867416382,42.43195343017578,0.3
2.5619999999999394,0.18525777467923124,-0.1221140018976732,0.21001413500935134,-0.36500943318283385,0.0,-0.10355878231825105,0.3854561164227234,0.07856135146961761,0.37058825065074597,0.8499519853609925,0.0,3.330098867416382,42.43195343017578,0.3
2.5719999999999383,0.1842294866106536,-0.09021295547588364,0.21015632497274708,-0.357481948951947,0.0,-0.09603129808736421,0.3853774775314387,0.07861035401711026,0.37160886493508705,0.8499521158853991,0.0,3.330098867416382,42.43195343017578,0.3
2.5819999999999372,0.18350917325818517,-0.05993870167252634,0.21002069234988524,-0.35010292801276277,0.0,-0.08865227714817997,0.38530324441523467,0.07865838432276173,0.37228441346670926,0.8499522367110118,0.0,3.330098867416382,42.43195343017578,0.3
2.591999999999936,0.18309063800015551,-0.02987036262742785,0.2096296526434287,-0.3428627526796801,0.0,-0.08141210181509728,0.38523330856135746,0.07870546167647109,0.3728243543560261,0.8499523480248197,0.0,3.330098867416382,42.43195343017578,0.3
2.601999999999935,0.18297224878156124,0.000680673914974254,0.2090178130620168,-0.33589574732356964,0.0,-0.07444509645898684,0.3851675060252874,0.07875160498541357,0.37323280456565966,0.8499524498526877,0.0,3.0119528770446777,41.956504821777344,0.3
2.611999999999934,0.18317610029033773,0.03303469250934407,0.20826181773266633,-0.3293215652169651,0.0,-0.0678709143523823,0.3851056210489743,0.07879683278163392,0.3735230316021937,0.8499525430638065,0.0,3.0119528770446777,41.956504821777344,0.3
2.621999999999933,0.1836906691326118,0.06338002861223892,0.207299715743593,-0.32295726396197644,0.0,-0.061506613097393636,0.3850473868444497,0.07884116322948934,0.37412511820741157,0.849952627858488,0.0,3.0119528770446777,41.956504821777344,0.3
2.6319999999999317,0.18449171156991825,0.09094295669155247,0.20614823633912188,-0.31709402733738795,0.0,-0.05564337647280515,0.38499249082083664,0.0788846141329445,0.3747935719718213,0.8499527043285713,0.0,3.0119528770446777,41.956504821777344,0.3
2.6419999999999306,0.18555873245694685,0.11690561261722393,0.20485842173417526,-0.31198586647404136,0.0,-0.05053521560945856,0.38494058250150354,0.07892720294272211,0.3753159609141806,0.8499527737206777,0.0,3.0119528770446777,41.956504821777344,0.3
2.6519999999999295,0.1868795582292717,0.1419137930947737,0.20348279157980792,-0.30852008956956445,0.0,-0.04706943870498165,0.38489128037292974,0.078947210164365,0.37455700391946267,0.8499528375989606,0.0,3.27415132522583,42.39148712158203,0.3
2.6619999999999284,0.1884330196940746,0.1639297322153456,0.20203449175395868,-0.3047897359079224,0.0,-0.04333908504333961,0.384844176964924,0.07894094553508609,0.3752786469530519,0.8499528965442456,0.0,3.27415132522583,42.39148712158203,0.3
2.6719999999999273,0.19019100090022267,0.18342806705332276,0.20057131679412035,-0.30241105746134594,0.0,-0.040960406596763144,0.38479884505115014,0.07897394721517134,0.3753707687931719,0.8499529517123544,0.0,3.27415132522583,42.39148712158203,0.3
2.681999999999926,0.1921281594860762,0.20010505514901417,0.1991336481985209,-0.3008812994445899,0.0,-0.03943064858000711,0.3847548446740599,0.07889087434900514,0.3754505890965699,0.8499530045068202,0.0,3.27415132522583,42.39148712158203,0.3
2.691999999999925,0.19421109641229686,0.2131790464390544,0.1977509661108782,-0.30031737172235123,0.0,-0.03886672085776843,0.38471172954537614,0.07879265066437208,0.3754172927131133,0.8499530560296747,0.0,3.27415132522583,42.39148712158203,0.3
2.701999999999924,0.19640093291638977,0.2211029823989425,0.19641219139996283,-0.30090941386456765,0.0,-0.03945876299998485,0.3846690543210654,0.07874881553370046,0.37513083245860757,0.8499531078510448,0.0,3.442753791809082,43.51504898071289,0.3
2.711999999999923,0.19860374756680482,0.21944344508525093,0.19498211066685048,-0.3017588859063483,0.0,-0.040308235041765506,0.3846263836672392,0.07864942760450835,0.37573277708447783,0.849953160662454,0.0,3.442753791809082,43.51504898071289,0.3
2.721999999999922,0.20078432346425468,0.21687184937566398,0.19370865560067457,-0.3042326812065241,0.0,-0.04278203034194128,0.3845833076931951,0.07856216099218209,0.3752911903034233,0.8499532160158877,0.0,3.442753791809082,43.51504898071289,0.3
2.7319999999999207,0.20292232518162356,0.21157003222013965,0.19260748755415777,-0.30751012329811966,0.0,-0.04605947243353686,0.3845394488324908,0.07847493859935131,0.37490403337442135,0.8499532748569915,0.0,3.442753791809082,43.51504898071289,0.3
2.7419999999999196,0.20498758626440608,0.20280209620787865,0.19169557175768778,-0.3111248406362536,0.0,-0.04967418977167082,0.3844944640588262,0.0783802844500005,0.3750850169186045,0.8499533382199256,0.0,3.442753791809082,43.51504898071289,0.3
2.7519999999999185,0.20694189805936977,0.188369584384015,0.19092223961517382,-0.31588741097350287,0.0,-0.05443676010892007,0.38444804871372473,0.07828619135447089,0.3746197700701237,0.8499534073998289,0.0,3.387148141860962,44.787818908691406,0.3
2.7619999999999174,0.20868310022587683,0.1649088545392684,0.19010544947599103,-0.3215082184061423,0.0,-0.0600575675415595,0.38439994311054876,0.0781411203938189,0.3737206190068483,0.8499534837094285,0.0,3.387148141860962,44.787818908691406,0.3
2.7719999999999163,0.21019530524914562,0.14227434953861243,0.18953967663195187,-0.3275044038598589,0.0,-0.0660537529952761,0.38434994608698714,0.07805401024627644,0.37302870617556705,0.8499535672971551,0.0,3.387148141860962,44.787818908691406,0.3
2.781999999999915,0.2114749898355165,0.11824343643471441,0.18921417048771857,-0.33299339726113353,0.0,-0.07154274639655073,0.3842979164109574,0.0780201370015508,0.3736314647885792,0.8499536583707048,0.0,3.387148141860962,44.787818908691406,0.3
2.791999999999914,0.21250792907765315,0.09311901895530826,0.18913346935518316,-0.33917723106786823,0.0,-0.07772658020328543,0.38424376968506835,0.07797087669074731,0.3736124391172426,0.8499537576593362,0.0,3.387148141860962,44.787818908691406,0.3
2.801999999999913,0.21327581247381375,0.06452054754327698,0.1892353637893031,-0.3451594629954319,0.0,-0.08370881213084908,0.38418747717589113,0.077907724609649,0.3740065501434281,0.8499538650790982,0.0,3.1434760093688965,45.577613830566406,0.3
2.811999999999912,0.21371256534114969,0.03019845524907189,0.1893833360451611,-0.35132027264578175,0.0,-0.08986962178119895,0.3841290667422848,0.07778794452215616,0.37410693291510067,0.8499539803184288,0.0,3.1434760093688965,45.577613830566406,0.3
2.821999999999911,0.2138184022930872,-0.0025267848110556435,0.1897488925904689,-0.3568291006545059,0.0,-0.0953784497899231,0.38406862919792023,0.07762768639223303,0.37487639436240383,0.849954103353077,0.0,3.1434760093688965,45.577613830566406,0.3
2.8319999999999097,0.2136002847671493,-0.034485790162226346,0.19030307989478104,-0.36241993686557605,0.0,-0.10096928600099325,0.3840063156870542,0.0774803175706685,0.37518356958422205,0.8499542337075662,0.0,3.1434760093688965,45.577613830566406,0.3
2.8419999999999086,0.21307031551704644,-0.06522461911885169,0.19102864198844724,-0.36787747099303963,0.0,-0.10642682012845683,0.3839423317515757,0.07730592130331602,0.3751210168347644,0.8499543712530976,0.0,3.1434760093688965,45.577613830566406,0.3
2.8519999999999075,0.212246970413747,-0.0933450408748958,0.19191898275894728,-0.37331459185592253,0.0,-0.11186394099133973,0.383876931220009,0.07708833623749332,0.3743466746603781,0.8499545160605043,0.0,3.1760191917419434,45.492042541503906,0.3
2.8619999999999064,0.21116452267379826,-0.11784428238351824,0.192969226646999,-0.37842833846719226,0.0,-0.11697768760260946,0.38381040891324036,0.07685581505174151,0.3731837362742457,0.8499546680755793,0.0,3.1760191917419434,45.492042541503906,0.3
2.8719999999999053,0.2098416684463632,-0.1418945856445134,0.1940955994356927,-0.38167098576625474,0.0,-0.12022033490167194,0.38374309145074054,0.07665212454621498,0.37371501301884824,0.8499548252530018,0.0,3.1760191917419434,45.492042541503906,0.3
2.881999999999904,0.2082824578270073,-0.1649157297117505,0.1952553302620711,-0.38458746289939827,0.0,-0.12313681203481547,0.3836753311760699,0.07643760295185965,0.3736434764092609,0.8499549862879746,0.0,3.1760191917419434,45.492042541503906,0.3
2.891999999999903,0.20650903704349313,-0.1851707292884722,0.19642942294135698,-0.38677041677338486,0.0,-0.12531976590880206,0.3836075027321895,0.07623761443277328,0.37349319432534456,0.8499551506081469,0.0,3.1760191917419434,45.492042541503906,0.3
2.901999999999902,0.2045453823688078,-0.20280240546950973,0.19759377167038653,-0.38703967757204166,0.0,-0.12558902670745886,0.3835399972334542,0.07597636938301915,0.374793442071094,0.8499553161322748,0.0,3.401047468185425,44.5941162109375,0.3
2.911999999999901,0.2024511128449533,-0.21379169848240698,0.19883668757680467,-0.38707184294122565,0.0,-0.12562119207664285,0.38347321533818396,0.0756588704301884,0.375139057097714,0.8499554820229832,0.0,3.401047468185425,44.5941162109375,0.3
2.9219999999999,0.20025393967073252,-0.2233596095044081,0.19997745801561814,-0.3861008200279703,0.0,-0.1246501691633875,0.38340755626588796,0.07534507114686637,0.37563473413795945,0.8499556470799141,0.0,3.401047468185425,44.5941162109375,0.3
2.9319999999998987,0.1979798166147393,-0.229487283025699,0.20100260340508747,-0.38483520228082313,0.0,-0.12338455141624033,0.38334341113121595,0.07498449852206687,0.37529392039580556,0.8499558105621556,0.0,3.401047468185425,44.5941162109375,0.3
2.9419999999998976,0.19567102141835988,-0.23137025396184402,0.2018971077375488,-0.38255587713107403,0.0,-0.12110522626649123,0.3832811579040199,0.07460840825338817,0.375159798485018,0.8499559716519705,0.0,3.401047468185425,44.5941162109375,0.3
2.9519999999998965,0.1933693452597694,-0.2269380324421296,0.20270440475053672,-0.37926746774462666,0.0,-0.11781681688004386,0.3832211542187875,0.07427232203352438,0.3753698616756219,0.8499561288405422,0.0,3.4606268405914307,43.258785247802734,0.3
2.9619999999998954,0.1911943068725546,-0.21131222650801196,0.2036310087500862,-0.37559423122794855,0.0,-0.11414358036336575,0.38316372827381295,0.0739246265929319,0.37507741855374255,0.849956281394344,0.0,3.4606268405914307,43.258785247802734,0.3
2.9719999999998943,0.1891676380560441,-0.196982400712635,0.20433861252317576,-0.37044596165510923,0.0,-0.10899531079052643,0.3831091612929184,0.07356226617785407,0.3758727866863374,0.8499564278718874,0.0,3.4606268405914307,43.258785247802734,0.3
2.981999999999893,0.18728620194742632,-0.18199366324460017,0.20481542028348956,-0.36502698745623313,0.0,-0.10357633659165033,0.383057684106323,0.07322277782733438,0.3762640723532409,0.8499565673222648,0.0,3.4606268405914307,43.258785247802734,0.3
2.991999999999892,0.1855697902976499,-0.16413342456849506,0.20507450931510174,-0.35970373621636687,0.0,-0.09825308535178406,0.38300948049983846,0.07286524251101412,0.3758203671474917,0.849956699703969,0.0,3.4606268405914307,43.258785247802734,0.3
3.001999999999891,0.18405739947506738,-0.14063204990132322,0.20519220808208324,-0.3538497677518615,0.0,-0.0923991168872787,0.38296468640771714,0.0724996720333524,0.3755899344169391,0.8499568247491059,0.0,3.2950925827026367,42.12063980102539,0.3
3.01199999999989,0.1828474006273887,-0.10815767348651915,0.20536217786052374,-0.348054014641257,0.0,-0.08660336377667421,0.38292338432928147,0.07218380404756886,0.3749483783366996,0.8499569420310946,0.0,3.2950925827026367,42.12063980102539,0.3
3.0219999999998888,0.1819484101849675,-0.07803040825815188,0.2052950149021473,-0.34166752653496,0.0,-0.08021687567037722,0.38288559109129794,0.07185631057439097,0.37492365167138575,0.8499570512363469,0.0,3.2950925827026367,42.12063980102539,0.3
3.0319999999998877,0.1813440606749425,-0.0487220686502636,0.20500218257034505,-0.33547161270165843,0.0,-0.07402096183707563,0.38285125875794146,0.0715568502556218,0.37459349880796133,0.8499571522369403,0.0,3.2950925827026367,42.12063980102539,0.3
3.0419999999998866,0.18103552799275147,-0.01874259809062735,0.20451453912405637,-0.33009731370988443,0.0,-0.06864666284530163,0.3828202817885717,0.0712819840959169,0.3733058572142458,0.8499572456302693,0.0,3.2950925827026367,42.12063980102539,0.3
3.0519999999998855,0.18102813190812786,0.011613964753299545,0.20385835263623792,-0.3243864429708175,0.0,-0.06293579210623468,0.3827925009893009,0.07107361501961558,0.37285573912417047,0.8499573314536587,0.0,3.01021146774292,41.72058868408203,0.3
3.0619999999998844,0.18133309165149275,0.04239018796044973,0.20308299880911293,-0.31847143787942556,0.0,-0.057020787014842755,0.3827677060959181,0.07085506807038969,0.3731777481819868,0.8499574100816899,0.0,3.01021146774292,41.72058868408203,0.3
3.0719999999998833,0.18192591217677836,0.07044695695612767,0.20213716314837868,-0.3135722434439602,0.0,-0.052121592579377374,0.38274563831336833,0.07061678755370962,0.3726895921946556,0.849957481421038,0.0,3.01021146774292,41.72058868408203,0.3
3.081999999999882,0.1827860244758067,0.09629363302306031,0.20105532072602558,-0.30903326581991325,0.0,-0.04758261495533045,0.38272599749283315,0.07032015436764276,0.3724109477523295,0.849957546231329,0.0,3.01021146774292,41.72058868408203,0.3
3.091999999999881,0.18389225646352247,0.11982151745828043,0.19986894331040558,-0.30456830217014547,0.0,-0.043117651305562665,0.3827084494659109,0.07003014768679743,0.372899847943275,0.8499576052444757,0.0,3.01021146774292,41.72058868408203,0.3
3.10199999999988,0.18522122639389313,0.1412318211237878,0.19861221210625649,-0.301508651978101,0.0,-0.040058001113518205,0.3826926328519311,0.06980624459064312,0.3724834839117406,0.8499576596086095,0.0,3.2746198177337646,42.192649841308594,0.3
3.111999999999879,0.18674637303667638,0.15982501630365606,0.19730164318584967,-0.299142937572465,0.0,-0.03769228670788222,0.3826781657524459,0.06953369813498367,0.37212884369392596,0.8499577104479428,0.0,3.2746198177337646,42.192649841308594,0.3
3.1219999999998778,0.18845020720354863,0.17708161358192068,0.19601656133172307,-0.297906302435222,0.0,-0.03645565157063918,0.3826646523610566,0.06925003816713145,0.37131564877149803,0.8499577592664891,0.0,3.2746198177337646,42.192649841308594,0.3
3.1319999999998767,0.19030406855624502,0.19035076401887024,0.1947605657074441,-0.2966956276743786,0.0,-0.035244976809795825,0.38265168811629546,0.06904234519341476,0.37168355623502314,0.849957806253656,0.0,3.2746198177337646,42.192649841308594,0.3
3.1419999999998756,0.19226965311346506,0.2001648981619984,0.19357015117238444,-0.29674003187333636,0.0,-0.03528938100875356,0.3826388661885831,0.06882583799174104,0.37148780493096345,0.849957852762763,0.0,3.2746198177337646,42.192649841308594,0.3
3.1519999999998745,0.1943051922711187,0.20415654048957327,0.19241543030949884,-0.2975975243148296,0.0,-0.03614687345024681,0.3826257853363831,0.06860104839848409,0.37130967099346635,0.8499578997366014,0.0,3.4101102352142334,43.26762390136719,0.3
3.1619999999998734,0.19632046297097375,0.1999231467159643,0.19118135892307983,-0.29939554911517263,0.0,-0.03794489825058983,0.382612059117728,0.06835149188390016,0.3709216772260139,0.8499579485840081,0.0,3.4101102352142334,43.26762390136719,0.3
3.1719999999998723,0.19829411552023513,0.1953850591741857,0.1901092810540609,-0.3018683553225082,0.0,-0.04041770445792542,0.3825973300922336,0.06814233954519851,0.3707080959740161,0.8499580005917108,0.0,3.4101102352142334,43.26762390136719,0.3
3.181999999999871,0.20020480049810768,0.18800354314941342,0.18919829248948453,-0.304833259467495,0.0,-0.04338260860291221,0.3825812742812152,0.06798901721034492,0.3708705841143213,0.849958056091015,0.0,3.4101102352142334,43.26762390136719,0.3
3.19199999999987,0.2020230949208716,0.17735842828780568,0.18846255731467665,-0.3083714904885887,0.0,-0.046920839624005894,0.38256360306706727,0.06788522141796648,0.3711825769871391,0.8499581159788999,0.0,3.4101102352142334,43.26762390136719,0.3
3.201999999999869,0.20371142193636527,0.16125375470963646,0.18784882501137856,-0.3126671944748271,0.0,-0.0512165436102443,0.3825440668421868,0.06773651725978026,0.37119475324196827,0.8499581811382513,0.0,3.333125114440918,44.40666961669922,0.3
3.211999999999868,0.20517824713301341,0.13725275883065763,0.18719775043225034,-0.3176522796472041,0.0,-0.056201628782621305,0.38252246116910027,0.0675446389954548,0.3708573138381004,0.8499582528671332,0.0,3.333125114440918,44.40666961669922,0.3
3.2219999999998667,0.20641298703943417,0.11401094440587804,0.18677027603195057,-0.32262358631307797,0.0,-0.06117293544849517,0.3824986385038758,0.06737506018389583,0.3710774855601089,0.8499583311530409,0.0,3.333125114440918,44.40666961669922,0.3
3.2319999999998656,0.2074122008744468,0.09046129763466215,0.18656374013097918,-0.32817767686183935,0.0,-0.06672702599725655,0.38247250873011585,0.0672188651263671,0.3708913471866002,0.849958416412269,0.0,3.333125114440918,44.40666961669922,0.3
3.2419999999998645,0.2081720634550567,0.06619700777315543,0.18657520998211213,-0.333994956483351,0.0,-0.07254430561876818,0.3824440357095445,0.06704781719756157,0.37053507416492804,0.8499585090641432,0.0,3.333125114440918,44.40666961669922,0.3
3.2519999999998634,0.2086843900194329,0.040356891817057344,0.18676845887411356,-0.33990986856815814,0.0,-0.07845921770357533,0.38241323452110426,0.06693130938222822,0.3701147752718029,0.8499586095021575,0.0,3.093043088912964,45.032440185546875,0.3
3.2619999999998623,0.2089138230138897,0.01144347989200838,0.1870478041763563,-0.3455849523315089,0.0,-0.08413430146692608,0.3823801702059326,0.06684781169615135,0.3699794711725062,0.8499587177761557,0.0,3.093043088912964,45.032440185546875,0.3
3.2719999999998612,0.20885844016807664,-0.01676944309189155,0.18751223949769347,-0.3507435704010152,0.0,-0.08929291953643242,0.3823449597676115,0.06675998089934429,0.37030781765539333,0.8499588329367405,0.0,3.093043088912964,45.032440185546875,0.3
3.28199999999986,0.2085280585292571,-0.04368355641913091,0.1881505981576812,-0.3560985510573842,0.0,-0.09464790019280139,0.3823077696750644,0.06667943179935565,0.36993727003655896,0.8499589550465781,0.0,3.093043088912964,45.032440185546875,0.3
3.291999999999859,0.20793437365680711,-0.06975002981853906,0.18893284387845619,-0.36074342713684976,0.0,-0.09929277627226696,0.38226881045207695,0.0666141658678514,0.37003321426256586,0.8499590835163101,0.0,3.093043088912964,45.032440185546875,0.3
3.301999999999858,0.2070879003541811,-0.09427308610788403,0.1898391762020029,-0.36482675615370486,0.0,-0.10337610528912206,0.3822283313641198,0.06646099615403375,0.37014117446640926,0.8499592178691896,0.0,3.179084062576294,44.87317657470703,0.3
3.311999999999857,0.20600536279203582,-0.11723151185602174,0.1908439107240142,-0.3684349050775041,0.0,-0.10698425421292129,0.38218661536614884,0.06625571524389254,0.37002602691064057,0.8499593571483525,0.0,3.179084062576294,44.87317657470703,0.3
3.3219999999998557,0.20470366402210285,-0.13855862477316244,0.19190318653217103,-0.3714178682999324,0.0,-0.1099672174353496,0.382143973361546,0.06603531792710382,0.3698734000930811,0.8499595006981862,0.0,3.179084062576294,44.87317657470703,0.3
3.3319999999998546,0.20319998398475012,-0.15781652250160869,0.19298469438270932,-0.37363416420074447,0.0,-0.11218351333616167,0.3821007388226154,0.0658514566179645,0.3698104223005708,0.8499596475271598,0.0,3.179084062576294,44.87317657470703,0.3
3.3419999999998535,0.20151665842009092,-0.17487132664852686,0.19405382571086133,-0.37504607822390856,0.0,-0.11359542735932576,0.3820572624838111,0.06574146963574125,0.369900980126893,0.8499597964966971,0.0,3.179084062576294,44.87317657470703,0.3
3.3519999999998524,0.1996845312186792,-0.18750867939344415,0.1951262620621893,-0.3755086475680461,0.0,-0.11405799670346328,0.3820139064884491,0.06561460428085528,0.37024773381838094,0.8499599467940047,0.0,3.3726067543029785,44.007144927978516,0.3
3.3619999999998513,0.19777543899582445,-0.1928712444801829,0.19629024826865824,-0.37582586086593683,0.0,-0.11437521000135403,0.3819710365396612,0.0654795225677233,0.36965761176982836,0.8499600975544933,0.0,3.3726067543029785,44.007144927978516,0.3
3.3719999999998502,0.1958245314821993,-0.19662668421153323,0.19736808416142407,-0.3745753661833884,0.0,-0.11312471531880558,0.38192900902413063,0.06532627884704258,0.37015877327560476,0.8499602478851381,0.0,3.3726067543029785,44.007144927978516,0.3
3.381999999999849,0.19383312985233925,-0.20051518625683945,0.19829137613846462,-0.37211857046634333,0.0,-0.11066791960176053,0.3818881641480715,0.06517872184162388,0.3712622923136484,0.8499603950763938,0.0,3.3726067543029785,44.007144927978516,0.3
3.391999999999848,0.19182106884528954,-0.2010315590590206,0.19907098405392482,-0.36974143875973026,0.0,-0.10829078789514746,0.38184882558174693,0.06502828868241796,0.3712355330442295,0.8499605391614572,0.0,3.3726067543029785,44.007144927978516,0.3
3.401999999999847,0.18982928048679948,-0.19591737886220342,0.19975548282784716,-0.36606049742153884,0.0,-0.10460984655695604,0.38181129751773046,0.06480788241227729,0.37202992002813573,0.8499606790881618,0.0,3.398324489593506,42.826534271240234,0.3
3.411999999999846,0.187960165028834,-0.18132089575077195,0.20052365608480366,-0.36173160671502363,0.0,-0.10028095585044083,0.3817758565709786,0.06453818244730422,0.37277422468974397,0.8499608139131124,0.0,3.398324489593506,42.826534271240234,0.3
3.4219999999998447,0.18623245375035347,-0.1670284608770484,0.20109041589892168,-0.35744107625422256,0.0,-0.09599042538963976,0.38174273687090876,0.06425773142643214,0.37265659272437857,0.8499609430652536,0.0,3.398324489593506,42.826534271240234,0.3
3.4319999999998436,0.18465539181146895,-0.15104340520312845,0.2014591135197401,-0.3531186445571591,0.0,-0.09166799369257628,0.38171212691789486,0.06398093413325294,0.3719330672252651,0.849961066209964,0.0,3.398324489593506,42.826534271240234,0.3
3.4419999999998425,0.1832541470420486,-0.1326299409878159,0.20163474115761906,-0.34794884155132505,0.0,-0.08649819068674225,0.3816841705507744,0.06369711760890309,0.37185697814606333,0.8499611830919636,0.0,3.398324489593506,42.826534271240234,0.3
3.4519999999998414,0.18205102722518482,-0.11040220633205203,0.20166589565706405,-0.342662791388413,0.0,-0.08121214052383019,0.3816589654016207,0.06339394838105968,0.3715305623902875,0.8499612929063906,0.0,3.2335290908813477,41.87261962890625,0.3
3.4619999999998403,0.18112655973622357,-0.08105127424886077,0.20172202763885563,-0.3369514754977975,0.0,-0.07550082463321472,0.3816365599993506,0.06314283062637659,0.37160070761420005,0.8499613956143389,0.0,3.2335290908813477,41.87261962890625,0.3
3.471999999999839,0.18047521228186103,-0.05490808722387373,0.2015471682884042,-0.330672301476225,0.0,-0.0692216506116422,0.3816169447624072,0.06296226708022679,0.3724374425820012,0.8499614903576559,0.0,3.2335290908813477,41.87261962890625,0.3
3.481999999999838,0.18007500561259915,-0.029992286800426243,0.2011590644652588,-0.32517784586859133,0.0,-0.06372719500400853,0.38160005503030364,0.0628780444285224,0.37232662200640443,0.8499615772386797,0.0,3.2335290908813477,41.87261962890625,0.3
3.491999999999837,0.17992228389885997,-0.005467986331885843,0.20058062755593775,-0.3195204799211153,0.0,-0.05806982905653252,0.381585778753852,0.06276056221861753,0.3726416348085875,0.8499616565965947,0.0,3.2335290908813477,41.87261962890625,0.3
3.501999999999836,0.18001797079783907,0.019693059127227734,0.1998507756015313,-0.31432014909064054,0.0,-0.05286949822605774,0.38157396082261874,0.06265176746681354,0.3726685784764252,0.8499617291120524,0.0,3.028982400894165,41.59742736816406,0.3
3.511999999999835,0.1803713041818845,0.045910897863671134,0.19901708668139448,-0.3102467247494609,0.0,-0.04879607388487811,0.3815644058467638,0.06258157266539605,0.371662409942202,0.8499617955289576,0.0,3.028982400894165,41.59742736816406,0.3
3.5219999999998337,0.18098106714574425,0.07079181767398013,0.19806546255899518,-0.30590376456711643,0.0,-0.04445311370253363,0.38155687949330275,0.062479250284053676,0.37164353831584607,0.8499618562433022,0.0,3.028982400894165,41.59742736816406,0.3
3.5319999999998326,0.18182216133164417,0.09294584048648064,0.1970008857569198,-0.3016815448370441,0.0,-0.040230893972461323,0.3815511118969056,0.0623615824466247,0.3721861682563592,0.8499619111501907,0.0,3.028982400894165,41.59742736816406,0.3
3.5419999999998315,0.1828762440641397,0.11328021229471859,0.19586677067860636,-0.29814974584984766,0.0,-0.03669909498526486,0.381546804538285,0.062223600188843854,0.3725852531363457,0.8499619614366117,0.0,3.028982400894165,41.59742736816406,0.3
3.5519999999998304,0.18411091786865827,0.1296780643487527,0.1946559801098734,-0.2949465349517658,0.0,-0.033495884087183014,0.3815436365443037,0.062031557114248875,0.37339480201165576,0.8499620070724325,0.0,3.2537715435028076,42.06218719482422,0.3
3.5619999999998293,0.18548782030589148,0.14297456861911287,0.19338784422123548,-0.2930333593629382,0.0,-0.03158270849835537,0.3815412726196012,0.06176815595678525,0.37331336430930306,0.8499620495453224,0.0,3.2537715435028076,42.06218719482422,0.3
3.571999999999828,0.18699151807204475,0.15492658080823213,0.1921470984447832,-0.29169681902688277,0.0,-0.03024616816229997,0.3815393711703117,0.061450071421829684,0.37340035233439917,0.8499620901662319,0.0,3.2537715435028076,42.06218719482422,0.3
3.581999999999827,0.18859593785573095,0.16367090777594848,0.19094287973502408,-0.29081625374801606,0.0,-0.02936560288343326,0.38153758880320615,0.061136782034564414,0.3738654119109328,0.8499621293161262,0.0,3.2537715435028076,42.06218719482422,0.3
3.591999999999826,0.1902719334605632,0.1700142536530927,0.18981454122681168,-0.2913535072354877,0.0,-0.029902856370904896,0.3815355856337716,0.06089631683713326,0.37345635371924757,0.8499621684562447,0.0,3.2537715435028076,42.06218719482422,0.3
3.601999999999825,0.19199786002672095,0.17277000758440406,0.18875533799236227,-0.2928568156282114,0.0,-0.03140616476362862,0.38153303074517286,0.060695067343575944,0.37276243332378145,0.849962209196456,0.0,3.347672700881958,42.99827575683594,0.3
3.611999999999824,0.19369419930983633,0.16753912212219166,0.18763261885076235,-0.294514231649144,0.0,-0.033063580784561175,0.3815296076404498,0.06052166709673083,0.3728529241257448,0.8499622518617466,0.0,3.347672700881958,42.99827575683594,0.3
3.6219999999998227,0.19533371078880082,0.16156500534926033,0.18665831750057538,-0.2973263766863333,0.0,-0.035875725821750526,0.38152502646313385,0.06038341369762776,0.37230982881906693,0.8499622973523142,0.0,3.347672700881958,42.99827575683594,0.3
3.6319999999998216,0.1969119625803853,0.15501909328137758,0.18586806563928723,-0.3005661561640347,0.0,-0.0391155052994519,0.3815190288466587,0.06015991381530443,0.37195223098399366,0.8499623473024409,0.0,3.347672700881958,42.99827575683594,0.3
3.6419999999998205,0.19841462253758577,0.14651726290651176,0.18526672315329115,-0.3045423679908113,0.0,-0.0430917171262285,0.3815113872585807,0.05984171421307521,0.3712000643003416,0.8499624023080641,0.0,3.347672700881958,42.99827575683594,0.3
3.6519999999998194,0.19981115151294368,0.13344590480338223,0.18479966679581322,-0.3090551869566675,0.0,-0.047604536092084704,0.38150190599731776,0.05951873011609333,0.3703307174399295,0.8499624628017022,0.0,3.275712728500366,43.9453125,0.3
3.6619999999998183,0.20102096671908037,0.11302420503162165,0.1843210773486661,-0.31406683348095515,0.0,-0.05261618261637235,0.3814904260598898,0.05918227647587619,0.3692919455060162,0.8499625294103804,0.0,3.275712728500366,43.9453125,0.3
3.671999999999817,0.20203297739817003,0.09317530942248939,0.1840525144062071,-0.3185856726293119,0.0,-0.05713502176472912,0.38147683571837826,0.058846699831110794,0.36934488338445004,0.8499626023720288,0.0,3.275712728500366,43.9453125,0.3
3.681999999999816,0.20284171326895745,0.07263282451548886,0.18398267033283563,-0.32374812944332326,0.0,-0.06229747857874046,0.3814610714655345,0.058476839255365815,0.3687375910438675,0.8499626817644738,0.0,3.275712728500366,43.9453125,0.3
3.691999999999815,0.20343959942049597,0.051152167695760115,0.18410439534066514,-0.3287714329650295,0.0,-0.06732078210044667,0.3814431156350717,0.05815252071446437,0.36847831251609464,0.8499627677987766,0.0,3.275712728500366,43.9453125,0.3
3.701999999999814,0.20381275203426508,0.027493581355488017,0.1843742881443907,-0.33375928386752907,0.0,-0.07230863300294627,0.3814229948998794,0.05781129847042472,0.3682559541646018,0.8499628602764882,0.0,3.065737009048462,44.450931549072266,0.3
3.711999999999813,0.20393386456941928,0.002070789052301212,0.18473371995489307,-0.33882229207243686,0.0,-0.07737164120785406,0.38140078025596796,0.057496358285538264,0.3677598642796852,0.8499629597881693,0.0,3.065737009048462,44.450931549072266,0.3
3.7219999999998117,0.20380948103153296,-0.02203058676450518,0.1852612108801961,-0.34351062059178855,0.0,-0.08205996972720575,0.38137658817046394,0.05720638041306136,0.36753527201240666,0.8499630657443416,0.0,3.065737009048462,44.450931549072266,0.3
3.7319999999998106,0.20344861276695936,-0.04529775495568447,0.18593118718624868,-0.3480750187017258,0.0,-0.086624367837143,0.38135057693176855,0.056885771475763236,0.3670276293455075,0.8499631776854639,0.0,3.065737009048462,44.450931549072266,0.3
3.7419999999998095,0.20286159720623106,-0.06746357266178846,0.18672301281009274,-0.35222132467584427,0.0,-0.09077067381126147,0.38132294181518545,0.056577630177882775,0.36654456550849934,0.8499632952604699,0.0,3.065737009048462,44.450931549072266,0.3
3.7519999999998084,0.20205627059395126,-0.08891272619860952,0.18760363882458572,-0.3555082090879293,0.0,-0.0940575582233465,0.3812939104997332,0.05630967167295967,0.3666611912557445,0.8499634174943644,0.0,3.169814348220825,44.268089294433594,0.3
3.7619999999998073,0.20105082056570966,-0.10812839546630584,0.18857123820283378,-0.35859070297903933,0.0,-0.09714005211445653,0.3812637388694544,0.056028588929086354,0.3662800481131233,0.8499635441065639,0.0,3.169814348220825,44.268089294433594,0.3
3.771999999999806,0.1998548356060144,-0.12711479338572626,0.18955416770204397,-0.3601613414623379,0.0,-0.09871069059775511,0.38123270578194923,0.05575945450117563,0.3671807779689733,0.8499636735151507,0.0,3.169814348220825,44.268089294433594,0.3
3.781999999999805,0.19847995469759,-0.1442257477426794,0.1905364980580203,-0.3616199527065984,0.0,-0.10016930184201561,0.38120110908705007,0.055462595037467886,0.3673137567294721,0.849963805204868,0.0,3.169814348220825,44.268089294433594,0.3
3.791999999999804,0.19694079915159973,-0.16026881750254665,0.19147212169301706,-0.3617415135508384,0.0,-0.10029086268625559,0.3811692618450998,0.05519078682559258,0.36838626867761093,0.8499639375919655,0.0,3.169814348220825,44.268089294433594,0.3
3.801999999999803,0.195260772041944,-0.17184028650305494,0.19239200338813744,-0.3620664377423488,0.0,-0.10061578687776601,0.3811374881340543,0.0549650025097138,0.36823584474694093,0.8499640703521574,0.0,3.3417210578918457,43.4725341796875,0.3
3.8119999999998018,0.19351902168493368,-0.17542489226029861,0.19340109476322453,-0.36230214113592574,0.0,-0.10085149027134294,0.38110611636011255,0.0547142201519875,0.36721879320843165,0.8499642033356253,0.0,3.3417210578918457,43.4725341796875,0.3
3.8219999999998007,0.19175322998917202,-0.17713803779967752,0.19432702409938576,-0.36128444784578845,0.0,-0.09983379698120565,0.3810754653713249,0.054441472650737996,0.36694298892919464,0.8499643356320901,0.0,3.3417210578918457,43.4725341796875,0.3
3.8319999999997996,0.18998257993952838,-0.17678569153676366,0.19514234977653128,-0.35943344721518716,0.0,-0.09798279635060436,0.3810458366859888,0.05415699762325824,0.36688085056045916,0.8499644660546153,0.0,3.3417210578918457,43.4725341796875,0.3
3.8419999999997985,0.18822972867769328,-0.1740702413706029,0.19582656743155893,-0.35689699240188083,0.0,-0.09544634153729803,0.3810175114325332,0.053877033668934524,0.36689852618316365,0.8499645936069624,0.0,3.3417210578918457,43.4725341796875,0.3
3.8519999999997974,0.1865174299942212,-0.16731692496117714,0.1964120989227412,-0.35375696006247104,0.0,-0.09230630919788824,0.380990747227181,0.05356257644899167,0.36693536174193053,0.8499647169226141,0.0,3.341492176055908,42.42224884033203,0.3
3.8619999999997963,0.18494098119379404,-0.15132897831617162,0.1970851026893611,-0.35048086991687366,0.0,-0.08903021905229086,0.3809657732702309,0.05320480411926946,0.36636236358980634,0.8499648360808886,0.0,3.341492176055908,42.42224884033203,0.3
3.871999999999795,0.1835149621921991,-0.13691505022412157,0.1975654153492983,-0.34579534997607647,0.0,-0.08434469911149367,0.38094277710511615,0.05285768573596709,0.36712732861562725,0.8499649497830327,0.0,3.341492176055908,42.42224884033203,0.3
3.881999999999794,0.18223704997751086,-0.12143070692545725,0.19786277223248805,-0.34180386219006004,0.0,-0.08035321132547724,0.3809219025602668,0.052497999670953935,0.3663767323642815,0.8499650579384781,0.0,3.341492176055908,42.42224884033203,0.3
3.891999999999793,0.1811225699376553,-0.10455162376331383,0.19797615858263856,-0.337170701918081,0.0,-0.07572005105349822,0.3809032526652392,0.05213854551501077,0.36610592985891766,0.8499651601072268,0.0,3.341492176055908,42.42224884033203,0.3
3.901999999999792,0.18019254969024034,-0.08402784768924451,0.19796259278077732,-0.33223206421082185,0.0,-0.07078141334623905,0.38088688961014483,0.051816335659526994,0.3660326553438982,0.8499652562346925,0.0,3.1790106296539307,41.643272399902344,0.3
3.9119999999997908,0.17950166697347786,-0.05975752697713914,0.19792266235938116,-0.32646027127137556,0.0,-0.06500962040679276,0.38087283250072024,0.05149420698563767,0.36697902166033936,0.8499653450210068,0.0,3.1790106296539307,41.643272399902344,0.3
3.9219999999997897,0.17903798393665407,-0.037681473970280904,0.19767810397785046,-0.3211657524593505,0.0,-0.05971510159476767,0.38086105200888887,0.051165852699734574,0.367222239921568,0.8499654266675978,0.0,3.1790106296539307,41.643272399902344,0.3
3.9319999999997886,0.17879437296440584,-0.015359716302049955,0.19726475721188508,-0.31662893253869945,0.0,-0.05517828167411665,0.38085147419510423,0.050823858028879586,0.3665130784087516,0.8499655019554218,0.0,3.1790106296539307,41.643272399902344,0.3
3.9419999999997875,0.17877194454351358,0.006278884202170652,0.1966878961090619,-0.31162754176833635,0.0,-0.050176890903753546,0.3808439850485015,0.05044452452061777,0.3666682002767676,0.8499655707077058,0.0,3.1790106296539307,41.643272399902344,0.3
3.9519999999997864,0.17895585326426813,0.02630203854653529,0.1959503720679623,-0.3061684586066658,0.0,-0.044717807742083004,0.3808384335929494,0.05008807319178669,0.3678563663846711,0.8499656325147824,0.0,3.0446887016296387,41.46839141845703,0.3
3.9619999999997852,0.1793353906566702,0.04573534706764229,0.1950900037855375,-0.3019279240514253,0.0,-0.04047727318684252,0.3808346370318841,0.04973003693124446,0.36783043946959837,0.8499656880190429,0.0,3.0446887016296387,41.46839141845703,0.3
3.971999999999784,0.1799128583244216,0.06568143952398811,0.19414546441836739,-0.2986042858438858,0.0,-0.03715363497930302,0.38083238494906024,0.04939256250708315,0.3671341828656104,0.8499657388563248,0.0,3.0446887016296387,41.46839141845703,0.3
3.981999999999783,0.18068090736917278,0.08382215126603085,0.19311872044598216,-0.29493533752374385,0.0,-0.033484686659161045,0.38083144132367835,0.04906365183486278,0.36763213884471846,0.8499657849137673,0.0,3.0446887016296387,41.46839141845703,0.3
3.991999999999782,0.18161756651543368,0.09982793025270736,0.1920307957193532,-0.29183816871787266,0.0,-0.030387517853289858,0.38083154801749336,0.04876031743659878,0.3681241533963494,0.8499658266994501,0.0,3.0446887016296387,41.46839141845703,0.3
4.001999999999781,0.18269500583151072,0.11228204288130528,0.19088089348005072,-0.28912774275253134,0.0,-0.027677091887948535,0.38083243059411825,0.04844259311356512,0.3688947730418477,0.8499658644803532,0.0,3.2206249237060547,41.896453857421875,0.3
4.01199999999978,0.1838724148579527,0.12141459016941444,0.18967066325963466,-0.2873986525127802,0.0,-0.025948001648197383,0.3808338053625001,0.04810674046601619,0.36915845319171003,0.8499658993691888,0.0,3.2206249237060547,41.896453857421875,0.3
4.021999999999779,0.18514293733734,0.13062228715411184,0.18850867157970547,-0.2868813390398948,0.0,-0.025430688175312022,0.38083538713520915,0.047789833622982184,0.3686229750142942,0.8499659332605463,0.0,3.2206249237060547,41.896453857421875,0.3
4.031999999999778,0.1864906753195908,0.13716809625595178,0.18739334898300444,-0.2864179205886608,0.0,-0.02496726972407798,0.38083689187388675,0.04750904127313793,0.3689816323204783,0.8499659662093514,0.0,3.2206249237060547,41.896453857421875,0.3
4.041999999999777,0.18788551945617368,0.14061206183637653,0.18634130405593025,-0.2863638516742534,0.0,-0.024913200809670577,0.3808380399668304,0.0472137474365322,0.3696488172466146,0.8499659988961378,0.0,3.2206249237060547,41.896453857421875,0.3
4.051999999999776,0.18929527161756227,0.14005957777604933,0.18533928386214946,-0.2874804498750457,0.0,-0.026029799010462873,0.3808385618656407,0.0469324033686393,0.36955594919944434,0.8499660324212756,0.0,3.2828705310821533,42.68181610107422,0.3
4.061999999999775,0.19065571459642708,0.1335456707171102,0.1842979495891436,-0.2891711715838887,0.0,-0.02772052071930592,0.38083820464344825,0.046685837404881726,0.3695147013314304,0.8499660679072318,0.0,3.2828705310821533,42.68181610107422,0.3
4.071999999999774,0.19195635986306514,0.12768197704646406,0.18341191136058901,-0.2918002602093527,0.0,-0.03034960934476988,0.38083674161430414,0.046507036780817995,0.3690038418491075,0.8499661065663948,0.0,3.2828705310821533,42.68181610107422,0.3
4.0819999999997725,0.19319428578569867,0.1210823585562511,0.18269201258562723,-0.29500460637413595,0.0,-0.033553955509553146,0.3808339741476535,0.04635896123097766,0.3684258389590428,0.8499661491332366,0.0,3.2828705310821533,42.68181610107422,0.3
4.091999999999771,0.19435007093424636,0.11137998188739603,0.182121376096266,-0.2975913633793928,0.0,-0.03614071251480999,0.38082973062598263,0.04621611207639349,0.3693376467320023,0.8499661953921578,0.0,3.2828705310821533,42.68181610107422,0.3
4.10199999999977,0.1953906416549517,0.09795861327350097,0.18166844921058248,-0.30143009291309836,0.0,-0.03997944204851556,0.3808238686134612,0.046091184181836296,0.3690071318726732,0.8499662460989297,0.0,3.2040154933929443,43.42336654663086,0.3
4.111999999999769,0.19625367522093912,0.07880865721858607,0.18121989907147795,-0.30529831582612366,0.0,-0.043847664961540855,0.3808162799422235,0.04595862358613132,0.36904388571067404,0.8499663018585127,0.0,3.2040154933929443,43.42336654663086,0.3
4.121999999999768,0.1969306256703761,0.06018195275159753,0.18094987692010997,-0.30916692931862094,0.0,-0.04771627845403814,0.3808068986099403,0.04580406333019368,0.3693532780813611,0.8499663627967456,0.0,3.2040154933929443,43.42336654663086,0.3
4.131999999999767,0.19742104638412913,0.041460986215553775,0.18085421103123722,-0.3133622019176068,0.0,-0.051911551053023974,0.38079570105030514,0.04566224780361628,0.3693667399138071,0.8499664291736273,0.0,3.2040154933929443,43.42336654663086,0.3
4.141999999999766,0.19771852796790054,0.021877826372300457,0.18091666732743789,-0.3175001012984754,0.0,-0.05604945043389259,0.3807827033729756,0.04557521566879301,0.3695602496690078,0.8499665008244646,0.0,3.2040154933929443,43.42336654663086,0.3
4.151999999999765,0.19781852534321986,0.0016571802080958022,0.18112087747291433,-0.3217220778781846,0.0,-0.060271427013601775,0.38076795975349803,0.045522850036687004,0.3695793999614685,0.8499665780770472,0.0,3.0122361183166504,43.737823486328125,0.3
4.161999999999764,0.19770389089370732,-0.020132216408594566,0.1814101605560328,-0.3255031355325741,0.0,-0.0640524846679913,0.38075156110359293,0.04550863232429342,0.37005633511468317,0.8499666606443809,0.0,3.0122361183166504,43.737823486328125,0.3
4.171999999999763,0.19737586405248359,-0.04138620397183815,0.18182543768169318,-0.32887624733924875,0.0,-0.06742559647466595,0.3807336350618401,0.04551284925713832,0.3707883043522514,0.8499667480094082,0.0,3.0122361183166504,43.737823486328125,0.3
4.1819999999997615,0.1968442447180414,-0.06059778351271555,0.18236790570956762,-0.3332240252416678,0.0,-0.07177337437708498,0.3807143436086773,0.0455509929309648,0.36975814139961727,0.849966840486755,0.0,3.0122361183166504,43.737823486328125,0.3
4.19199999999976,0.19613227931230895,-0.07815120610343536,0.18301863706484003,-0.3364601793261207,0.0,-0.07500952846153791,0.3806938783624126,0.04564225909457073,0.36980200467434243,0.8499669377682171,0.0,3.0122361183166504,43.737823486328125,0.3
4.201999999999759,0.19525702862206204,-0.09322707179653571,0.18377025736140717,-0.33997206098594185,0.0,-0.07852141012135905,0.3806724543905559,0.045744569461249614,0.3688564479453983,0.8499670395850889,0.0,3.1812996864318848,43.453216552734375,0.3
4.211999999999758,0.1942522455243434,-0.10515648716398095,0.18462800859264358,-0.34302197310616944,0.0,-0.08157132224158664,0.38065030453793924,0.045872134789358365,0.3678802531899168,0.8499671456485375,0.0,3.1812996864318848,43.453216552734375,0.3
4.221999999999757,0.19312857541183873,-0.11698821342361618,0.1855050106617495,-0.3447669408115289,0.0,-0.08331628994694612,0.3806276723065911,0.04598474611550009,0.3679894874341938,0.849967254349752,0.0,3.1812996864318848,43.453216552734375,0.3
4.231999999999756,0.1918972246335024,-0.12714503497157637,0.1863894476090681,-0.34606973998464685,0.0,-0.08461908912006405,0.38060480827266,0.046133186690576415,0.3679468580439599,0.849967365325694,0.0,3.1812996864318848,43.453216552734375,0.3
4.241999999999755,0.19057388743085385,-0.13571321751659476,0.1872511378199729,-0.3466444592962795,0.0,-0.08519380843169672,0.38058196726691956,0.04631406711956084,0.368136148881962,0.8499674775506828,0.0,3.1812996864318848,43.453216552734375,0.3
4.251999999999754,0.1891800397645802,-0.14085366987904202,0.18810656728712774,-0.34656803886926596,0.0,-0.08511738800468316,0.38055940478301425,0.04648673461013636,0.36842802290651666,0.8499675902870104,0.0,3.28169322013855,42.73541259765625,0.3
4.261999999999753,0.18777006643011881,-0.14103931940925157,0.18902592860786438,-0.3461363965985645,0.0,-0.08468574573398169,0.38053737180016534,0.04669520717942371,0.36840389142117047,0.849967702278178,0.0,3.28169322013855,42.73541259765625,0.3
4.2719999999997516,0.18636145237757523,-0.14039906004775737,0.18985735106926402,-0.3451229649646857,0.0,-0.0836723141001029,0.38051610589968415,0.04685890751697993,0.36837693569171504,0.8499678132176467,0.0,3.28169322013855,42.73541259765625,0.3
4.2819999999997505,0.18496389157767223,-0.1392765340858164,0.1905684971334209,-0.34280545916189115,0.0,-0.08135480829730835,0.3804958275880185,0.04700292041909877,0.3693634259570492,0.8499679217681664,0.0,3.28169322013855,42.73541259765625,0.3
4.291999999999749,0.1835860812878623,-0.1363153821014307,0.1911508657306128,-0.34064646880915644,0.0,-0.07919581794457364,0.3804767395569954,0.04709504988614407,0.36939215800465186,0.8499680273411949,0.0,3.28169322013855,42.73541259765625,0.3
4.301999999999748,0.18226495998219594,-0.1277447389046182,0.19167307963346222,-0.3384259365848909,0.0,-0.0769752857203081,0.3804590254145358,0.04710946592276884,0.36877681393206396,0.8499681303348345,0.0,3.2620556354522705,41.9024543762207,0.3
4.311999999999747,0.18108005891413514,-0.11258642023983666,0.19224783983967914,-0.33534618959580736,0.0,-0.07389553873122456,0.3804428430823875,0.0471342847162903,0.36878951730256715,0.8499682295810156,0.0,3.2620556354522705,41.9024543762207,0.3
4.321999999999746,0.1800327762615264,-0.09975656007641287,0.19264220642575067,-0.3311013173423779,0.0,-0.06965066647779511,0.3804283135813385,0.047223930495182746,0.369997506733467,0.8499683237331642,0.0,3.2620556354522705,41.9024543762207,0.3
4.331999999999745,0.17911456372757356,-0.08653218299686771,0.19286959431270623,-0.3272127361636865,0.0,-0.06576208529910371,0.3804155214382993,0.04730407222739161,0.37033503516377075,0.8499684128570607,0.0,3.2620556354522705,41.9024543762207,0.3
4.341999999999744,0.17832869713335883,-0.0730463553989542,0.1929212421449792,-0.3230963913898697,0.0,-0.061645740525286874,0.3804045186088794,0.047407477845979554,0.370726838891132,0.8499684962738714,0.0,3.2620556354522705,41.9024543762207,0.3
4.351999999999743,0.1776922770747979,-0.056215018292564596,0.19285996756979426,-0.31948679414477044,0.0,-0.058036143280187635,0.3803953259018297,0.04756089457176087,0.3702944709122521,0.8499685746235928,0.0,3.1216166019439697,41.33656311035156,0.3
4.361999999999742,0.17726433382380802,-0.03412529167555207,0.1927966220230723,-0.31558789404775855,0.0,-0.054137243183175754,0.380387931047018,0.04767677153562382,0.37017675687484053,0.8499686482919184,0.0,3.1216166019439697,41.33656311035156,0.3
4.3719999999997405,0.17704565604501152,-0.013857792933096936,0.1925780387204008,-0.3116247097467711,0.0,-0.05017405888218829,0.3803822816555249,0.0478735234919762,0.3702810235087032,0.8499687165701159,0.0,3.1216166019439697,41.33656311035156,0.3
4.381999999999739,0.17702418141295742,0.005686434108412601,0.19222172313780803,-0.30787724904190195,0.0,-0.046426598177319145,0.3803782865680654,0.04813577071879613,0.3703054155272042,0.8499687797078795,0.0,3.1216166019439697,41.33656311035156,0.3
4.391999999999738,0.1771920095301652,0.0238112811188425,0.19173049503167147,-0.30345179147809964,0.0,-0.04200114061351684,0.3803758207548112,0.04841631042258263,0.3716037195299611,0.8499688375104032,0.0,3.1216166019439697,41.33656311035156,0.3
4.401999999999737,0.17753286553911685,0.040957158240791235,0.191121273502356,-0.3000295405602993,0.0,-0.03857888969571649,0.3803747296205193,0.04873724024721956,0.3719030286317635,0.8499688902177585,0.0,3.075073003768921,41.29411315917969,0.3
4.411999999999736,0.17804383488675443,0.05785792845538584,0.1904279851067185,-0.29695930710888496,0.0,-0.03550865624430216,0.38037483378025494,0.04906109120673628,0.37220421658824443,0.8499689386840593,0.0,3.075073003768921,41.29411315917969,0.3
4.421999999999735,0.17872309674346207,0.07441391457174143,0.18967611947617807,-0.29448816871067873,0.0,-0.03303751784609593,0.38037593169701295,0.049373655815566346,0.3722224234205356,0.8499689836860059,0.0,3.075073003768921,41.29411315917969,0.3
4.431999999999734,0.17956040374540794,0.08986445922507143,0.18888168880329706,-0.29253413003342255,0.0,-0.031083479168839745,0.3803778019524922,0.049701035196441555,0.3721338730003755,0.8499690256233684,0.0,3.075073003768921,41.29411315917969,0.3
4.441999999999733,0.180549347370098,0.10492325153674785,0.1880843362913101,-0.29151219924912075,0.0,-0.03006154838453795,0.3803802064973422,0.050055431415299605,0.37149416720363804,0.849969065724707,0.0,3.075073003768921,41.29411315917969,0.3
4.451999999999732,0.1816759459944629,0.11697670704480527,0.1872675809498222,-0.29025388205319164,0.0,-0.028803231188608835,0.38038289339445425,0.0503823714796329,0.3718781020441051,0.849969104118307,0.0,3.230503797531128,41.773040771484375,0.3
4.461999999999731,0.18289516732736733,0.12487627774753125,0.18639506503742703,-0.2892670026291136,0.0,-0.02781635176453079,0.3803856013297327,0.05072240555665145,0.3726675093722023,0.8499691414907391,0.0,3.230503797531128,41.773040771484375,0.3
4.4719999999997295,0.18417866823389026,0.13014033767277922,0.1855462086691462,-0.28846378603706996,0.0,-0.027013135172487157,0.38038806816132614,0.050989389085761325,0.3739278137254528,0.8499691777669144,0.0,3.230503797531128,41.773040771484375,0.3
4.481999999999728,0.18549994017238747,0.13351103735783948,0.18474943414128242,-0.28932420763566974,0.0,-0.027873556771086938,0.3803900372693554,0.051212849023729946,0.37358466132746515,0.8499692139792534,0.0,3.230503797531128,41.773040771484375,0.3
4.491999999999727,0.18684576288142296,0.13498154524611883,0.1840307633787909,-0.2899772903865446,0.0,-0.028526639521961772,0.3803912621193738,0.051438971275760983,0.3742778215243131,0.8499692511699135,0.0,3.230503797531128,41.773040771484375,0.3
4.501999999999726,0.18818915723789204,0.13287953453241444,0.1833626911423877,-0.2918497730266977,0.0,-0.030399122162114878,0.3803915089982431,0.051737615813116575,0.37403990002835685,0.8499692900182956,0.0,3.269010066986084,42.55080795288086,0.3
4.511999999999725,0.18947585177482515,0.12618764447478023,0.18266492679512475,-0.29457405579756035,0.0,-0.03312340493297755,0.38039056199440097,0.05204043916001036,0.3733275733943895,0.8499693321012793,0.0,3.269010066986084,42.55080795288086,0.3
4.521999999999724,0.19070178896599696,0.12008463549260268,0.18211442065885736,-0.2972095625153438,0.0,-0.035758911650761005,0.38038823073519107,0.052347328013248255,0.3733522373923275,0.8499693778332428,0.0,3.269010066986084,42.55080795288086,0.3
4.531999999999723,0.1918614171117443,0.11294030360161451,0.18171060503572997,-0.30026176769113533,0.0,-0.03881111682655253,0.3803843510327289,0.05274838492450308,0.37343046343212494,0.8499694275227042,0.0,3.269010066986084,42.55080795288086,0.3
4.541999999999722,0.19293686247661954,0.10352316330809892,0.181445390656376,-0.3031805998607457,0.0,-0.04172994899616289,0.3803787843026896,0.0531472782966951,0.37419470505592,0.8499694812146482,0.0,3.269010066986084,42.55080795288086,0.3
4.551999999999721,0.19390256788997448,0.09077435024088713,0.1812828138039016,-0.3069835663497589,0.0,-0.04553291548517607,0.380371419354547,0.053588752964718045,0.3741193195446906,0.8499695393531597,0.0,3.189157247543335,43.24652099609375,0.3
4.56199999999972,0.19470256997194516,0.07323075007937846,0.18112075096572972,-0.31107815913568215,0.0,-0.04962750827109935,0.3803621762946602,0.054013443322434955,0.37392353081464025,0.8499696025167,0.0,3.189157247543335,43.24652099609375,0.3
4.5719999999997185,0.19533905524208436,0.057479941890674,0.18113175265069006,-0.31526189689943485,0.0,-0.053811246034852045,0.3803510133096501,0.05441152406350502,0.37374492289429617,0.8499696712949657,0.0,3.189157247543335,43.24652099609375,0.3
4.581999999999717,0.19582520910909287,0.042810782708538504,0.18131545601891638,-0.31998380811577104,0.0,-0.05853315725118824,0.3803379250066539,0.05480474276070631,0.37290262933982643,0.8499697460711658,0.0,3.189157247543335,43.24652099609375,0.3
4.591999999999716,0.196166151206351,0.028196526077183415,0.18165686045604712,-0.3241181208683551,0.0,-0.06266747000377232,0.3803229375099077,0.05519924275394059,0.37285005653880243,0.8499698267241338,0.0,3.189157247543335,43.24652099609375,0.3
4.601999999999715,0.19635651710290639,0.012649070497321516,0.18212288906418753,-0.3283873894111365,0.0,-0.06693673854655369,0.38030610540101123,0.05559260785947993,0.37247970809783937,0.8499699129270046,0.0,3.032414674758911,43.55974578857422,0.3
4.611999999999714,0.19637657458688665,-0.004885958224682806,0.18265479942674576,-0.3322064542299947,0.0,-0.07075580336541187,0.3802875108845086,0.05599881186767087,0.37251411280962543,0.8499700041469266,0.0,3.032414674758911,43.55974578857422,0.3
4.621999999999713,0.19622711589046363,-0.02155170826037122,0.18329859833778644,-0.3356960143916224,0.0,-0.07424536352703959,0.3802672649437874,0.05643021149323337,0.37270419506918184,0.8499701002787685,0.0,3.032414674758911,43.55974578857422,0.3
4.631999999999712,0.19591282495233825,-0.03801062187990434,0.1840255056849953,-0.33862916273441834,0.0,-0.07717851186983554,0.38024550562412474,0.05689879682800431,0.3733018613616945,0.8499702006336098,0.0,3.032414674758911,43.55974578857422,0.3
4.641999999999711,0.19544083207976576,-0.05331509254688027,0.18482560912605736,-0.34155977443808694,0.0,-0.08010912357350414,0.3802223951108079,0.05736969082083147,0.3734029631388992,0.8499703050734094,0.0,3.032414674758911,43.55974578857422,0.3
4.65199999999971,0.19482083410713333,-0.06751979759019185,0.1856770558884963,-0.34410229733684405,0.0,-0.08265164647226125,0.380198116595089,0.05783914945115525,0.3734828158085608,0.849970412899317,0.0,3.129788875579834,43.39470672607422,0.3
4.661999999999709,0.19407168793148047,-0.07987733824167545,0.1865760319117535,-0.3460782635525113,0.0,-0.08462761268792851,0.3801728705569877,0.05829929372240031,0.3737195740844611,0.8499705237044767,0.0,3.129788875579834,43.39470672607422,0.3
4.6719999999997075,0.19320266016785886,-0.09141955457168624,0.18747308334948962,-0.3473099965380543,0.0,-0.08585934567347148,0.3801468702689249,0.05875030843740005,0.37431696454832963,0.8499706365045305,0.0,3.129788875579834,43.39470672607422,0.3
4.681999999999706,0.19222684344629198,-0.10137058711552345,0.18835259055701437,-0.34856625168803845,0.0,-0.08711560082345565,0.3801203385341245,0.059192374732381606,0.37416840466986434,0.8499707507651982,0.0,3.129788875579834,43.39470672607422,0.3
4.691999999999705,0.19116034671037085,-0.11006955305490132,0.1891866417623586,-0.3483770403377662,0.0,-0.08692638947318337,0.3800935043145607,0.0596256701497137,0.3753162799244453,0.8499708655056191,0.0,3.129788875579834,43.39470672607422,0.3
4.701999999999704,0.19002360216959147,-0.11471717479794746,0.19000466564969182,-0.34905522175206305,0.0,-0.08760457088748025,0.38006659914278235,0.06005036870921103,0.37452038307724034,0.8499709806421674,0.0,3.230015277862549,42.83036422729492,0.3
4.711999999999703,0.18888397759835332,-0.1133773874350554,0.19088427096237878,-0.3487477051235387,0.0,-0.0872970542589559,0.38003985158866094,0.06046664097802403,0.3743830500538803,0.8499710959741874,0.0,3.230015277862549,42.83036422729492,0.3
4.721999999999702,0.18776653276494545,-0.11078595013825081,0.1916926252032482,-0.3478673860689403,0.0,-0.0864167352043575,0.3800134761799532,0.060874654139141934,0.3743526387111067,0.849971210808525,0.0,3.230015277862549,42.83036422729492,0.3
4.731999999999701,0.1866736183527954,-0.10786363167592394,0.19239084105114093,-0.34642455717036635,0.0,-0.08497390630578355,0.37998766867173717,0.06127457205853667,0.37445834131067,0.8499713236099389,0.0,3.230015277862549,42.83036422729492,0.3
4.7419999999997,0.18562607346208354,-0.10247477750186645,0.1929934375131874,-0.34474950882842265,0.0,-0.08329885796383985,0.3799626058755322,0.06166655535097463,0.3742942980765841,0.8499714346484963,0.0,3.230015277862549,42.83036422729492,0.3
4.751999999999699,0.1846424289893824,-0.09426044772280272,0.1935153860972322,-0.342787689983078,0.0,-0.08133703911849521,0.37993844333379084,0.06205076144452265,0.3740047417243033,0.8499715428125669,0.0,3.1947274208068848,42.17971420288086,0.3
4.761999999999698,0.18379653151549155,-0.07810012545232019,0.19410893219752595,-0.34150134797702725,0.0,-0.08005069711244445,0.37991531158597236,0.06242734464377417,0.37230899099335624,0.8499716491996108,0.0,3.1947274208068848,42.17971420288086,0.3
4.7719999999996965,0.18310988531346234,-0.06264254492683186,0.19458069690806803,-0.33875026527646424,0.0,-0.07729961441188143,0.37989330581942116,0.06279645619182092,0.37228762864142595,0.8499717527014866,0.0,3.1947274208068848,42.17971420288086,0.3
4.781999999999695,0.18256505241025725,-0.04912696172569174,0.19489313373399533,-0.3351000712332698,0.0,-0.07364942036868699,0.37987248329573386,0.06315824433099512,0.3732429243829659,0.8499718517390572,0.0,3.1947274208068848,42.17971420288086,0.3
4.791999999999694,0.18215696379548044,-0.03507674127424705,0.1950686513485701,-0.33230997878597296,0.0,-0.07085932792139016,0.37985286849009536,0.06351285436240643,0.3728081665588241,0.849971946728237,0.0,3.1947274208068848,42.17971420288086,0.3
4.801999999999693,0.1818993342274499,-0.018945244407631748,0.19514648348911065,-0.32940452146814364,0.0,-0.06795387060356084,0.37983445619658185,0.06386042870429767,0.37245041175815563,0.849972037954521,0.0,3.045759439468384,41.83246612548828,0.3
4.811999999999692,0.1818191737521664,-0.0008352545972846893,0.19517758312842148,-0.32617953232903557,0.0,-0.06472888146445277,0.3798172108505616,0.06420110694924273,0.37255020598683886,0.8499721248832488,0.0,3.045759439468384,41.83246612548828,0.3
4.821999999999691,0.18191373868699448,0.016259202093868788,0.19508404166485072,-0.3230905216062544,0.0,-0.0616398707416716,0.3798010643216051,0.06453502592020971,0.3725655837822889,0.8499722077617772,0.0,3.045759439468384,41.83246612548828,0.3
4.83199999999969,0.18217118276812627,0.031722586447624705,0.19486322435153608,-0.3195017805971989,0.0,-0.058051129732616114,0.3797859180798337,0.06486231972551165,0.3734834672755162,0.849972286233899,0.0,3.045759439468384,41.83246612548828,0.3
4.841999999999689,0.18257923172311455,0.04692352403288451,0.19454212971400964,-0.31708797369153785,0.0,-0.05563732282695505,0.3797716477189701,0.06518311981266697,0.37304855690773886,0.8499723608954234,0.0,3.045759439468384,41.83246612548828,0.3
4.851999999999688,0.18313817292335605,0.06160144749322292,0.19413598535572046,-0.31456504257171913,0.0,-0.05311439170713633,0.3797581068168242,0.06549755502119137,0.37314307472131847,0.8499724322392228,0.0,3.117765188217163,41.96179962158203,0.3
4.861999999999687,0.18383251650422083,0.07451478602984074,0.19363508354090506,-0.3120019706107629,0.0,-0.0505513197461801,0.3797451291236488,0.06580575163434225,0.37374706584819994,0.849972500296083,0.0,3.117765188217163,41.96179962158203,0.3
4.8719999999996855,0.18465081987206858,0.08655957995946885,0.19308325031514478,-0.3101357271756247,0.0,-0.04868507631104191,0.37973253260159295,0.06610783342983657,0.37389308769515006,0.8499725655185886,0.0,3.117765188217163,41.96179962158203,0.3
4.881999999999684,0.18558507882196174,0.09778903784733685,0.19250517892941776,-0.3087348822934518,0.0,-0.047284231428869006,0.37972012296385516,0.06640392172956229,0.37395706664304995,0.8499726286291298,0.0,3.117765188217163,41.96179962158203,0.3
4.891999999999683,0.18661973030092532,0.10713511170841743,0.1919077100910168,-0.3075154884704881,0.0,-0.046064837605905296,0.37970769646559155,0.06669413544830362,0.37437578552511297,0.8499726897987208,0.0,3.117765188217163,41.96179962158203,0.3
4.901999999999682,0.1877399334834056,0.11442652430063605,0.19129627519227263,-0.30708552221193675,0.0,-0.045634871347353945,0.3796950434955429,0.06697859114149952,0.37432435346806847,0.8499727501199975,0.0,3.227674961090088,42.5013313293457,0.3
4.911999999999681,0.18890830895934965,0.11850035835483116,0.19062232435935456,-0.307460864527384,0.0,-0.046010213662801225,0.37968195269875926,0.0672574030520546,0.37380410173504175,0.8499728106764926,0.0,3.227674961090088,42.5013313293457,0.3
4.92199999999968,0.19011788796555615,0.12280047240352293,0.1900139181806599,-0.308679327657874,0.0,-0.04722867679329118,0.3796682173138963,0.06753068315622124,0.37276916013759887,0.8499728720047484,0.0,3.227674961090088,42.5013313293457,0.3
4.931999999999679,0.1913691161744027,0.12622647627671219,0.18948779553920153,-0.309363466873363,0.0,-0.047912816008780224,0.37965363698579707,0.06779854120857147,0.37313684830497473,0.8499729348526724,0.0,3.227674961090088,42.5013313293457,0.3
4.941999999999678,0.19264170472612976,0.1276414499944503,0.18904494336043481,-0.31100272303929755,0.0,-0.049552072174714745,0.3796380180021595,0.06806108478607649,0.3727957043352028,0.8499729994271025,0.0,3.227674961090088,42.5013313293457,0.3
4.951999999999677,0.19391676216521975,0.12619844739591274,0.18866712120247772,-0.3133386479880116,0.0,-0.051887997123428786,0.3796211764170556,0.06831841933131172,0.3720693770280852,0.8499730667566913,0.0,3.2557547092437744,43.239723205566406,0.3
4.961999999999676,0.19513011107063577,0.11807158048313658,0.18822665941664085,-0.31546436245880033,0.0,-0.05401371159421753,0.37960294232683356,0.06857064819480449,0.3721916565424763,0.8499731367854352,0.0,3.2557547092437744,43.239723205566406,0.3
4.9719999999996745,0.19626201489415224,0.1099173268766132,0.18790314720518844,-0.3180217466832773,0.0,-0.05657109581869452,0.37958316953932897,0.06881787267654167,0.3722088221897579,0.84997320993114,0.0,3.2557547092437744,43.239723205566406,0.3
4.981999999999673,0.1973034671604768,0.10008176583194617,0.18768811996379633,-0.32033794616856376,0.0,-0.05888729530398096,0.3795617390014623,0.06906019206665373,0.37298912238154514,0.8499732861685149,0.0,3.2557547092437744,43.239723205566406,0.3
4.991999999999672,0.19824761920709755,0.09052723606583352,0.18761519720243808,-0.3241002339385181,0.0,-0.06264958307393531,0.3795385587858701,0.0692974235564514,0.37208856000069224,0.8499733669241528,0.0,3.2557547092437744,43.239723205566406,0.3
5.001999999999671,0.199085791990223,0.0784857116051317,0.1876348287943279,-0.32757906009994175,0.0,-0.06612840923535895,0.37951356374834366,0.06951900568069498,0.3718319099283567,0.849973452074546,0.0,3.1638388633728027,43.8714599609375,0.3
5.01199999999967,0.19976918809453814,0.06185641796312407,0.18764160432573465,-0.33090430671783555,0.0,-0.06945365585325275,0.3794867163014102,0.06974364639586635,0.3719793394379519,0.8499735417677164,0.0,3.1638388633728027,43.8714599609375,0.3
5.021999999999669,0.20029519145886185,0.046358026862510296,0.18778400827834837,-0.3344174335071314,0.0,-0.07296678264254858,0.3794580121227388,0.0699673548652642,0.3719572706155809,0.8499736361371217,0.0,3.1638388633728027,43.8714599609375,0.3
5.031999999999668,0.2006727786916527,0.0320846860490942,0.18806606407194645,-0.3383737960746987,0.0,-0.0769231452101159,0.37942747957782286,0.07018686779455355,0.37131304104894447,0.849973735626337,0.0,3.1638388633728027,43.8714599609375,0.3
5.041999999999667,0.20090873994429567,0.018276957995417165,0.18847490801122885,-0.3425066034220302,0.0,-0.08105595255744741,0.3793951757471987,0.07040202544711827,0.3703255589041793,0.8499738401164432,0.0,3.1638388633728027,43.8714599609375,0.3
5.051999999999666,0.20101076292396305,0.004567186980403409,0.1889938798469857,-0.3459379315143214,0.0,-0.0844872806497386,0.3793611829242581,0.07061291423443039,0.37013512378332947,0.8499739496830148,0.0,3.0151712894439697,44.12019348144531,0.3
5.0619999999996645,0.2009654974335447,-0.010512078392449064,0.1895666813895814,-0.3488942899896213,0.0,-0.0874436391250385,0.3793256059681731,0.07080619254365678,0.37033781690997214,0.8499740635453582,0.0,3.0151712894439697,44.12019348144531,0.3
5.0719999999996634,0.2007678899427572,-0.025893446280792192,0.1902052140320658,-0.35144656178369316,0.0,-0.08999591091911036,0.37928857254979226,0.0709422719732271,0.3707064771133346,0.8499741809000385,0.0,3.0151712894439697,44.12019348144531,0.3
5.081999999999662,0.2004164435467747,-0.04131313564057198,0.19088935488798453,-0.35343014508112336,0.0,-0.09197949421654056,0.37925023270201036,0.07108419334931339,0.3714377390021507,0.849974301240829,0.0,3.0151712894439697,44.12019348144531,0.3
5.091999999999661,0.1999153120245783,-0.0555415988308253,0.1916125549577602,-0.35591739486841767,0.0,-0.09446674400383487,0.37921075747045424,0.07125799397431767,0.3710216980303944,0.849974424449242,0.0,3.0151712894439697,44.12019348144531,0.3
5.10199999999966,0.1992852537985485,-0.06760522089073331,0.1923767132018777,-0.3577409604719655,0.0,-0.09629030960738272,0.37917033619893914,0.07142927835091714,0.37100504008210855,0.8499745504946031,0.0,3.1310250759124756,43.930458068847656,0.3
5.111999999999659,0.19853980915126146,-0.0793456756886671,0.1931468895814849,-0.35806003488775784,0.0,-0.09660938402317504,0.37912917151932274,0.07160685239120151,0.37249710871591246,0.8499746777369516,0.0,3.1310250759124756,43.930458068847656,0.3
5.121999999999658,0.19767799868304062,-0.09044473991248314,0.1938844914911484,-0.35874896227099523,0.0,-0.09729831140641243,0.37908747588320973,0.07179383664239473,0.37287633334152004,0.8499748056543639,0.0,3.1310250759124756,43.930458068847656,0.3
5.131999999999657,0.1967232331516404,-0.09844620077003588,0.1946060076115544,-0.3597092658620484,0.0,-0.09825861499746558,0.3790454700582168,0.07196677607641752,0.3722270623923657,0.8499749347356252,0.0,3.1310250759124756,43.930458068847656,0.3
5.141999999999656,0.1957098740528096,-0.1029534939655857,0.19530909553691475,-0.36016084941309856,0.0,-0.09871019854851576,0.379003378144176,0.072145135081987,0.3716554776978298,0.8499750648660869,0.0,3.1310250759124756,43.930458068847656,0.3
5.151999999999655,0.1946641674046435,-0.10475813435280096,0.19598691510267027,-0.35954332782461956,0.0,-0.09809267696003676,0.3789614207954734,0.07232143946078255,0.37195420969988047,0.8499751947467774,0.0,3.2106194496154785,43.38484191894531,0.3
5.1619999999996535,0.1936287315914715,-0.10273347904515297,0.19669818766623426,-0.35856754131273205,0.0,-0.09711689044814925,0.3789198094533162,0.0724942458480935,0.37213724455182984,0.849975323311098,0.0,3.2106194496154785,43.38484191894531,0.3
5.171999999999652,0.19261535928943543,-0.10019420810348156,0.1973206890899691,-0.35735618923764284,0.0,-0.09590553837306004,0.37887873971662095,0.07265796497359664,0.3720586792261549,0.8499754504144372,0.0,3.2106194496154785,43.38484191894531,0.3
5.181999999999651,0.19163470476815375,-0.0964505380516656,0.19784620626015328,-0.35556736308491554,0.0,-0.09411671222033274,0.378838389095229,0.07282318324289996,0.37224277245863213,0.8499755755703249,0.0,3.2106194496154785,43.38484191894531,0.3
5.19199999999965,0.19070138015851965,-0.09115341696273675,0.19826801063666566,-0.3534807681018447,0.0,-0.0920301172372619,0.3787989160130872,0.0729860347130994,0.37236301771926905,0.8499756983230949,0.0,3.2106194496154785,43.38484191894531,0.3
5.201999999999649,0.18982474463494453,-0.08434244285835248,0.19859343858435308,-0.35051902611715524,0.0,-0.08906837525257244,0.37876045833588023,0.07313357676781194,0.3732812804044072,0.8499758173957379,0.0,3.1736485958099365,42.79920959472656,0.3
5.211999999999648,0.1890582976106187,-0.0714370725822804,0.19895485635778262,-0.3485294140601754,0.0,-0.0870787631955926,0.37872313169507593,0.07320504007094804,0.3724145222792884,0.8499759334709696,0.0,3.1736485958099365,42.79920959472656,0.3
5.221999999999647,0.18842131617387456,-0.05855802102208794,0.19920009705365332,-0.34593467536169503,0.0,-0.08448402449711223,0.3786870222607511,0.07321745377963963,0.3720380193361216,0.8499760463691906,0.0,3.1736485958099365,42.79920959472656,0.3
5.231999999999646,0.18791214269512901,-0.045845866182037426,0.1993195733253008,-0.3428062343231408,0.0,-0.08135558345855798,0.37865218427484176,0.07329266430757443,0.3722590840058143,0.8499761554955066,0.0,3.1736485958099365,42.79920959472656,0.3
5.241999999999645,0.18752769656540777,-0.03351174331314645,0.19930645908140687,-0.3396710042486148,0.0,-0.078220353384032,0.37861864227511566,0.07337949377328068,0.37241151244319504,0.8499762603304951,0.0,3.1736485958099365,42.79920959472656,0.3
5.251999999999644,0.18727561453546504,-0.019189796834322016,0.19920770394759443,-0.3369157019035917,0.0,-0.07546505103900891,0.3785863934984199,0.07351651705178669,0.3720584455297733,0.8499763615105547,0.0,3.045267343521118,42.47767639160156,0.3
5.2619999999996425,0.18718068232769064,-0.0030200754252539957,0.19907103781031427,-0.3340958895683323,0.0,-0.0726452387037495,0.37855540807270127,0.073617917173589,0.3718314160819295,0.8499764586414306,0.0,3.045267343521118,42.47767639160156,0.3
5.271999999999641,0.18725015010963103,0.013622020414789026,0.19885299378321178,-0.33193436231032625,0.0,-0.07048371144574345,0.3785256267542947,0.0737267839071761,0.37083322099829896,0.8499765527740122,0.0,3.045267343521118,42.47767639160156,0.3
5.28199999999964,0.1874801709016064,0.02892362715445785,0.19854153092325913,-0.3290617193362554,0.0,-0.06761106847167259,0.3784969612496808,0.07387069276698974,0.37110739233382384,0.8499766433367573,0.0,3.045267343521118,42.47767639160156,0.3
5.291999999999639,0.18786449541382155,0.044898247566076174,0.1981759382417141,-0.32755587317386825,0.0,-0.06610522230928545,0.3784692970805933,0.07401276097916487,0.3697839383712195,0.8499767313997321,0.0,3.045267343521118,42.47767639160156,0.3
5.301999999999638,0.18841318562668508,0.061223956249064314,0.19777676234409222,-0.32608029058836185,0.0,-0.06462963972377905,0.37844249618393044,0.07415201046726849,0.36880723571066887,0.8499768177170406,0.0,3.1166203022003174,42.594886779785156,0.3
5.311999999999637,0.18910820102169326,0.0747665298154402,0.19730765503257985,-0.32420380463224585,0.0,-0.06275315376766305,0.37841639753142986,0.07427316525902788,0.36884507594449545,0.8499769015154828,0.0,3.1166203022003174,42.594886779785156,0.3
5.321999999999636,0.18992565465698227,0.08613369848321437,0.19679790052729942,-0.3225328833698155,0.0,-0.0610822325052327,0.37839082184353623,0.07436238515049126,0.36906359890278007,0.8499769828836509,0.0,3.1166203022003174,42.594886779785156,0.3
5.331999999999635,0.19084247856674147,0.09526555448389476,0.19625903242377632,-0.3210261222676005,0.0,-0.05957547140301772,0.37836557767602674,0.07440696652776098,0.3695682221084693,0.849977062116674,0.0,3.1166203022003174,42.594886779785156,0.3
5.341999999999634,0.19184610833741533,0.10344332107329073,0.19572753256247608,-0.3202953204124692,0.0,-0.05884466954788642,0.3783404666263441,0.07438649184269176,0.36949460868459205,0.8499771403868303,0.0,3.1166203022003174,42.594886779785156,0.3
5.351999999999633,0.1929181059951061,0.10880925147013364,0.19518199128514596,-0.3201216876852231,0.0,-0.05867103682064029,0.37831528676935666,0.07438511931499124,0.3692456525810196,0.8499772179608066,0.0,3.2174460887908936,43.124061584472656,0.3
5.3619999999996315,0.194015602618549,0.11040474564777371,0.19456874474130373,-0.3205234770792486,0.0,-0.05907282621466581,0.3782898370874859,0.07438411956262399,0.3688057087095272,0.8499772958294033,0.0,3.2174460887908936,43.124061584472656,0.3
5.37199999999963,0.19512602554474937,0.11121472236447759,0.19400512041102697,-0.3208323846856136,0.0,-0.05938173382103079,0.37826392467772074,0.0744458563810694,0.369141916660508,0.8499773740336471,0.0,3.2174460887908936,43.124061584472656,0.3
5.381999999999629,0.19622584176563407,0.10896987788123688,0.19347434575541259,-0.32096887460176365,0.0,-0.05951822373718085,0.3782373679050214,0.07455425994645783,0.37036565903264607,0.8499774520984663,0.0,3.2174460887908936,43.124061584472656,0.3
5.391999999999628,0.19730267371096394,0.1066534075946251,0.19303045815293926,-0.3224352499939152,0.0,-0.060984599129332406,0.3782099998100158,0.07462241413144802,0.37023944091244754,0.8499775319803787,0.0,3.2174460887908936,43.124061584472656,0.3
5.401999999999627,0.1983429522203005,0.10112040580740862,0.1926274267204655,-0.3241296996205483,0.0,-0.06267904875596547,0.3781816699133565,0.07472438295138079,0.37031459670144584,0.8499776136520052,0.0,3.206805467605591,43.776885986328125,0.3
5.411999999999626,0.19929781205492728,0.09203003488956031,0.19219147785704563,-0.3269619779093397,0.0,-0.06551132704475687,0.37815224667964836,0.07484951340502774,0.36928930882797895,0.8499776985546166,0.0,3.206805467605591,43.776885986328125,0.3
5.421999999999625,0.2001705524197151,0.08423154575131798,0.19188439588739464,-0.3296267677360557,0.0,-0.0681761168714729,0.3781216239243646,0.07497216119055089,0.36890319442043873,0.8499777869297955,0.0,3.206805467605591,43.776885986328125,0.3
5.431999999999624,0.2009605884596477,0.07527376317773395,0.19168855265832432,-0.3318086676446748,0.0,-0.07035801678009201,0.3780897199181487,0.07509237556567154,0.3695283159825701,0.8499778784697278,0.0,3.206805467605591,43.776885986328125,0.3
5.441999999999623,0.20165190950650172,0.06482538358822078,0.19159890033703272,-0.33429138293112676,0.0,-0.07284073206654396,0.3780564759790175,0.07521020481080636,0.3699892295944138,0.8499779732496285,0.0,3.206805467605591,43.776885986328125,0.3
5.451999999999622,0.2022281175238577,0.05205600067103959,0.19158518637413482,-0.33702370156241857,0.0,-0.07557305069783576,0.3780218578153305,0.07532569624845767,0.3702747717849957,0.8499780714723612,0.0,3.111011028289795,44.254878997802734,0.3
5.4619999999996205,0.20264931529003563,0.03573762897446592,0.1915665495142723,-0.33978678215404956,0.0,-0.07833613128946676,0.37798585767920245,0.07543889626221917,0.3706151772924111,0.8499781733316453,0.0,3.111011028289795,44.254878997802734,0.3
5.471999999999619,0.20292138170177415,0.021647226284737982,0.191678609257986,-0.3431990011132638,0.0,-0.08174835024868099,0.37794849877592074,0.07554985031540441,0.3700643741004612,0.849978279561447,0.0,3.111011028289795,44.254878997802734,0.3
5.481999999999618,0.2030582431142188,0.008390707914420273,0.19190688009338178,-0.34619483806967305,0.0,-0.08474418720509025,0.3779098330429196,0.07565860296930578,0.37003000858635793,0.8499783899803383,0.0,3.111011028289795,44.254878997802734,0.3
5.491999999999617,0.20305362582955902,-0.006273854105136225,0.19220875606740354,-0.34847822981015825,0.0,-0.08702757894557545,0.37786993676926206,0.07576519790109112,0.3708427895287776,0.8499785034208661,0.0,3.111011028289795,44.254878997802734,0.3
5.501999999999616,0.2029036498722105,-0.02073042037515401,0.1925866222946784,-0.35117637384893363,0.0,-0.08972572298435083,0.37782890967669347,0.07586967792134543,0.3708429407889573,0.8499786202745072,0.0,3.0356976985931396,44.35341262817383,0.3
5.511999999999615,0.20260771230090263,-0.03550416357929204,0.1930108967560536,-0.3531704509096953,0.0,-0.09171980004511249,0.37778687404372163,0.0759720849912643,0.37152373128994765,0.8499787401096285,0.0,3.0356976985931396,44.35341262817383,0.3
5.521999999999614,0.20217307611357324,-0.04854583103132502,0.19350172472651855,-0.3555705794790025,0.0,-0.0941199286144197,0.37774397313919744,0.07607246023950644,0.3712636731118273,0.8499788631301788,0.0,3.0356976985931396,44.35341262817383,0.3
5.531999999999613,0.20161268193504125,-0.06063558112058467,0.1940351638034717,-0.35757569033861736,0.0,-0.09612503947403456,0.3777003682981967,0.07617084397871167,0.37112613141931927,0.849978988704977,0.0,3.0356976985931396,44.35341262817383,0.3
5.541999999999612,0.20094275409040957,-0.07102016414181579,0.1946071270005523,-0.3591882090829074,0.0,-0.09773755821832458,0.37765623496280804,0.0762672757216913,0.37105936489197233,0.8499791168051681,0.0,3.0356976985931396,44.35341262817383,0.3
5.551999999999611,0.20017734227706566,-0.07973256639754464,0.19520775683830416,-0.36034865373528635,0.0,-0.09889800287070355,0.3776117586242509,0.07636179419729724,0.3711089500325563,0.8499792467056942,0.0,3.157027244567871,44.0404167175293,0.3
5.5619999999996095,0.19934350232355047,-0.08586306429594252,0.19586089966714765,-0.3610506574530873,0.0,-0.09960000658850449,0.37756713084630517,0.07645443736597621,0.3712517932652719,0.8499793778453718,0.0,3.157027244567871,44.0404167175293,0.3
5.571999999999608,0.19844706193277717,-0.09216723180084219,0.19647788748437778,-0.3610278466571542,0.0,-0.0995771957925714,0.3775225441927933,0.07654524243501547,0.3718415022595233,0.849979509269395,0.0,3.157027244567871,44.0404167175293,0.3
5.581999999999607,0.1974896518528175,-0.09779963475596522,0.19704354555009615,-0.3609534372955018,0.0,-0.09950278643091898,0.37747819040776204,0.07663424587348586,0.37192930328109675,0.8499796403674366,0.0,3.157027244567871,44.0404167175293,0.3
5.591999999999606,0.1964884534836716,-0.1016013867576244,0.19755769435179893,-0.35994061196904337,0.0,-0.09848996110446057,0.3774342596444974,0.07672148342688864,0.37276338349064486,0.8499797710229056,0.0,3.157027244567871,44.0404167175293,0.3
5.601999999999605,0.19546113433836837,-0.10246291318583402,0.19803786080817712,-0.3590862417234189,0.0,-0.09763559085883611,0.37739093746537256,0.07680699013151145,0.3728259657508538,0.8499799005674155,0.0,3.2066214084625244,43.47992706298828,0.3
5.611999999999604,0.19446138323083018,-0.09825708309864953,0.19857127993836315,-0.35814224850785864,0.0,-0.09669159764327584,0.37734840057952473,0.07689080032849961,0.37248294435052076,0.8499800286084228,0.0,3.2066214084625244,43.47992706298828,0.3
5.621999999999603,0.19351032972232232,-0.09294910920675989,0.19903144471025153,-0.35688353446292764,0.0,-0.09543288359834484,0.37730680846575,0.0769729476776482,0.3720845751514714,0.8499801553291759,0.0,3.2066214084625244,43.47992706298828,0.3
5.631999999999602,0.1926164108164242,-0.08668503068186262,0.19940267220167596,-0.3553640528127588,0.0,-0.09391340194817599,0.37726629961140734,0.07705346517092045,0.3716079060296127,0.8499802800109534,0.0,3.2066214084625244,43.47992706298828,0.3
5.641999999999601,0.19178338419794042,-0.080878917090363,0.19965366587110872,-0.35248790450338285,0.0,-0.09103725363880005,0.3772269910489834,0.07713238514569797,0.37264672884127414,0.8499804013709258,0.0,3.2066214084625244,43.47992706298828,0.3
5.6519999999996,0.19102489928677796,-0.07154392625979682,0.19984828418296743,-0.35051697776069385,0.0,-0.08906632689611105,0.3771889788028131,0.07720973929776805,0.3720992700804403,0.8499805201413019,0.0,3.149001121520996,42.940155029296875,0.3
5.6619999999995985,0.1903911031456546,-0.05813549588451267,0.20006656884459253,-0.3478608732496963,0.0,-0.08641022238511348,0.37715233595813363,0.07728555869405333,0.3722541532831478,0.8499806355597347,0.0,3.149001121520996,42.940155029296875,0.3
5.671999999999597,0.18988519412679752,-0.045532424261359374,0.2001709560736845,-0.34539702605139333,0.0,-0.08394637518681053,0.3771171061693641,0.07735987378508886,0.3719531539248394,0.8499807475814835,0.0,3.149001121520996,42.940155029296875,0.3
5.681999999999596,0.1895080846238784,-0.032217765713693586,0.2001786296867546,-0.3433256482409326,0.0,-0.08187499737634979,0.3770833038280748,0.07743271441725164,0.37099749877758004,0.8499808565321022,0.0,3.149001121520996,42.940155029296875,0.3
5.691999999999595,0.18926345942136236,-0.019342709510788328,0.20007896169693717,-0.3400638872447294,0.0,-0.07861323638014661,0.37705091587926554,0.07750410984474745,0.37168699765821656,0.8499809618406458,0.0,3.149001121520996,42.940155029296875,0.3
5.701999999999594,0.18914154442324987,-0.007330411293342536,0.19987258529810614,-0.3366161077664881,0.0,-0.07516545690190529,0.37701990330253476,0.07757408874136001,0.37269535149787625,0.849981062815804,0.0,3.020054817199707,42.69874572753906,0.3
5.711999999999593,0.18914501248741045,0.00553180481486777,0.1996105942387568,-0.33396551051883216,0.0,-0.07251485965424936,0.37699020431618036,0.07764267921196676,0.37271696033660373,0.849981159694594,0.0,3.020054817199707,42.69874572753906,0.3
5.721999999999592,0.18928039502456134,0.018895677276122447,0.19927687514725215,-0.33175333127215334,0.0,-0.07030268040757054,0.3769617356711813,0.07770990880382651,0.37232660253790073,0.8499812536293737,0.0,3.020054817199707,42.69874572753906,0.3
5.731999999999591,0.18955705258927308,0.03352519644375901,0.19890313285315084,-0.33026975867781433,0.0,-0.06881910781323153,0.3769343928443261,0.07777580451764281,0.37119150056618766,0.8499813454954849,0.0,3.020054817199707,42.69874572753906,0.3
5.74199999999959,0.1899728963835057,0.04670430877518148,0.19847131934545326,-0.328281420354459,0.0,-0.06683076948987621,0.37690804996431326,0.07784039281840802,0.37110619533137634,0.849981434619243,0.0,3.020054817199707,42.69874572753906,0.3
5.7519999999995886,0.19051668279858058,0.059176879818290895,0.19800125933953178,-0.3268188020198673,0.0,-0.06536815115528449,0.37688256178257185,0.07790369964603214,0.37068521233603724,0.8499815217272815,0.0,3.113990545272827,42.847801208496094,0.3
5.7619999999995875,0.1911702415576671,0.06934138139035365,0.19747421324875286,-0.32517391376066385,0.0,-0.06372326289608105,0.37685776734072,0.07796575042576079,0.370970909453498,0.8499816067229172,0.0,3.113990545272827,42.847801208496094,0.3
5.771999999999586,0.19191626008045914,0.07794998996336487,0.19692652892972506,-0.3239176060140582,0.0,-0.06246695514947542,0.37683349443190495,0.07802657007838648,0.37120253863130404,0.8499816898274388,0.0,3.113990545272827,42.847801208496094,0.3
5.781999999999585,0.19274233419544767,0.08534391875275865,0.19637984932180425,-0.32301735048781405,0.0,-0.06156669962323125,0.3768095638887582,0.07808618303025731,0.37145208443408007,0.8499817717280181,0.0,3.113990545272827,42.847801208496094,0.3
5.791999999999584,0.19363661632799842,0.09227981458073556,0.19586180686307575,-0.3236401773932163,0.0,-0.06218952652863352,0.3767857928025529,0.07814461322308695,0.37010151205518305,0.8499818533465564,0.0,3.113990545272827,42.847801208496094,0.3
5.801999999999583,0.19459594660632232,0.09745687665793364,0.19536582551166445,-0.32376575903389104,0.0,-0.06231510816930824,0.37676199690348916,0.07820188412357026,0.36998748278071225,0.8499819354574666,0.0,3.1947362422943115,43.328125,0.3
5.811999999999582,0.1955714558159862,0.09781765447937829,0.19480683087085982,-0.3242382866490473,0.0,-0.0627876357844645,0.37673799274052994,0.07825801873280788,0.3699318338632981,0.8499820178668491,0.0,3.1947362422943115,43.328125,0.3
5.821999999999581,0.1965507145550945,0.09773357503970034,0.1943118892593467,-0.3248614587791392,0.0,-0.06341080791455639,0.37671360532363385,0.07831303959554385,0.37019798807153503,0.8499821012212875,0.0,3.1947362422943115,43.328125,0.3
5.83199999999958,0.1975205566407976,0.09635832276355932,0.19388463640612771,-0.32597184163237525,0.0,-0.06452119076779245,0.3766886713165754,0.07836696880922016,0.3702856753445227,0.8499821857834335,0.0,3.1947362422943115,43.328125,0.3
5.841999999999579,0.19846691290538038,0.09357999670731162,0.19353507682326374,-0.3277063598939674,0.0,-0.0662557090293846,0.3766630407387836,0.07841982803285141,0.3699643087609966,0.8499822720538314,0.0,3.1947362422943115,43.328125,0.3
5.8519999999995775,0.19938002145319114,0.08893144002197588,0.19325115450504574,-0.32984813798386303,0.0,-0.06839748711928023,0.3766365787665401,0.07847163849572353,0.36949116431680507,0.8499823610165155,0.0,3.1817784309387207,43.904258728027344,0.3
5.861999999999576,0.20020746810989476,0.07846646567934547,0.19291362630295145,-0.3310816921465605,0.0,-0.06963104128197772,0.3766091678162984,0.07852242100591982,0.3706649220355107,0.8499824521804049,0.0,3.1817784309387207,43.904258728027344,0.3
5.871999999999575,0.20093249464104562,0.06870704367026911,0.19267943663888043,-0.33368521333015205,0.0,-0.07223456246556925,0.376580714994079,0.07857219595867795,0.3702376085379121,0.8499825461193965,0.0,3.1817784309387207,43.904258728027344,0.3
5.881999999999574,0.2015656058377295,0.05975597329049148,0.19256639258928382,-0.33655936244331436,0.0,-0.07510871157873156,0.37655115421014923,0.07862098334458106,0.3696799249163585,0.8499826436969006,0.0,3.1817784309387207,43.904258728027344,0.3
5.891999999999573,0.2021011042078472,0.04916015598213034,0.192545705950535,-0.3385268946066716,0.0,-0.07707624374208882,0.3765204429918805,0.07866880275758634,0.3705675676373722,0.8499827442067356,0.0,3.1817784309387207,43.904258728027344,0.3
5.901999999999572,0.20252159174302736,0.03667116123584439,0.19259308069182196,-0.34097255957630634,0.0,-0.07952190871172354,0.37648856198582314,0.07871567340289432,0.3708835407010068,0.849982847831495,0.0,3.0798168182373047,44.29378890991211,0.3
5.911999999999571,0.20280036180980826,0.022323269524115574,0.19265706462424292,-0.34389921509776167,0.0,-0.08244856423317887,0.37645551692286433,0.0787616141046621,0.37055327960171847,0.8499829552098381,0.0,3.0798168182373047,44.29378890991211,0.3
5.92199999999957,0.20293981549434592,0.00862812356827768,0.19281534772368436,-0.3465851209051057,0.0,-0.08513447004052288,0.3764213411036039,0.07880664331356355,0.37051461781270434,0.8499830658929682,0.0,3.0798168182373047,44.29378890991211,0.3
5.931999999999569,0.20294897641166953,-0.004268979476643436,0.1930675320802952,-0.348869666340336,0.0,-0.0874190154757532,0.37638609368038456,0.07885077911419928,0.3709160914149794,0.8499831800932517,0.0,3.0798168182373047,44.29378890991211,0.3
5.941999999999568,0.2028330754772275,-0.01619032856301026,0.19340760358939008,-0.3519468472082295,0.0,-0.0904961963436467,0.3763498563162195,0.07889403923235995,0.3700134028867178,0.8499832978175688,0.0,3.0798168182373047,44.29378890991211,0.3
5.9519999999995665,0.2026084686481808,-0.026566465513701374,0.19383837789419542,-0.3545729581987976,0.0,-0.09312230733421478,0.3763127301334083,0.07893644104214514,0.3694825596106782,0.8499834193984881,0.0,3.04897403717041,44.319393157958984,0.3
5.961999999999565,0.20228668574816772,-0.03587221476862015,0.19434294589244513,-0.3570696331277562,0.0,-0.09561898226317339,0.37627483154306646,0.07897800157294127,0.36881538117814205,0.8499835445318024,0.0,3.04897403717041,44.319393157958984,0.3
5.971999999999564,0.2018691495230489,-0.045742912507375305,0.19488277304620175,-0.3587674272083342,0.0,-0.09731677634375141,0.3762362888606421,0.07901873751626083,0.36889731184100094,0.8499836720201596,0.0,3.04897403717041,44.319393157958984,0.3
5.981999999999563,0.20135478369022913,-0.055165316206284926,0.19544850657344065,-0.3602982170257129,0.0,-0.09884756616113011,0.37619724101271923,0.07905866523244602,0.3687974005196176,0.849983801630307,0.0,3.04897403717041,44.319393157958984,0.3
5.991999999999562,0.20074412914016798,-0.06489792074783297,0.19600785613079935,-0.3608772483726482,0.0,-0.09942659750806537,0.3761578368815229,0.07909780075723943,0.3695767873038992,0.8499839323562898,0.0,3.04897403717041,44.319393157958984,0.3
6.001999999999561,0.2000464795924417,-0.0722105628907948,0.19658583149808825,-0.3621315012026854,0.0,-0.10068085033810259,0.37611823425089924,0.07913615980822426,0.36892880674640216,0.849984064501841,0.0,3.142829656600952,44.02290725708008,0.3
6.01199999999956,0.19930219083442668,-0.07594536790439012,0.19722141282450897,-0.36278278492468274,0.0,-0.10133213406009994,0.376078596690891,0.07917375779113679,0.3686231180921773,0.8499841979669616,0.0,3.142829656600952,44.02290725708008,0.3
6.021999999999559,0.19852690398844344,-0.07847969237979652,0.19783927233460902,-0.3633574775961489,0.0,-0.10190682673156609,0.37603908644782064,0.07921060980605374,0.3679154386291268,0.8499843323047137,0.0,3.142829656600952,44.02290725708008,0.3
6.031999999999558,0.1977317550581949,-0.08007994521140983,0.19841952994771672,-0.3631965692904778,0.0,-0.10174591842589498,0.37599986073409664,0.07924673065345658,0.367735038080949,0.8499844667982902,0.0,3.142829656600952,44.02290725708008,0.3
6.041999999999557,0.1969242914583229,-0.08095872396645873,0.19894189592130576,-0.36278171306013784,0.0,-0.10133106219555504,0.37596106979118166,0.0792821348401758,0.3674230283444496,0.8499846006672255,0.0,3.142829656600952,44.02290725708008,0.3
6.0519999999995555,0.1961162330824065,-0.07999067180779239,0.1994220112366195,-0.3613566648644048,0.0,-0.09990601399982202,0.37592285564659617,0.07931683658521708,0.3680624890076051,0.8499847333227359,0.0,3.161996364593506,43.55314636230469,0.3
6.061999999999554,0.19534516478636574,-0.07518173207890824,0.19993280605719727,-0.36016968359416784,0.0,-0.09871903272958504,0.375885349797632,0.07935084982547203,0.36792878673473306,0.8499848642849274,0.0,3.161996364593506,43.55314636230469,0.3
6.071999999999553,0.19462104735877117,-0.07031324909760671,0.20035585098466163,-0.3590678548765907,0.0,-0.09761720401200791,0.3758486676617674,0.07938418822131535,0.3672722579298465,0.8499849934104418,0.0,3.161996364593506,43.55314636230469,0.3
6.081999999999552,0.19395274220954528,-0.0644862650058431,0.2006933089695826,-0.3570722793604285,0.0,-0.09562162849584571,0.375812906816294,0.07941686516209122,0.36751479986386715,0.8499851205784449,0.0,3.161996364593506,43.55314636230469,0.3
6.091999999999551,0.19334337249634664,-0.05863326825756069,0.20092357840141703,-0.3547156490180302,0.0,-0.09326499815344741,0.3757781466893017,0.07944889377149063,0.36796754755505,0.8499852448494883,0.0,3.161996364593506,43.55314636230469,0.3
6.10199999999955,0.19280302566097424,-0.050198227844231544,0.20109022674526972,-0.3527505226410609,0.0,-0.09129987177647808,0.3757444488806263,0.07948028691282222,0.36763786802229115,0.8499853665522612,0.0,3.105361223220825,43.14841079711914,0.3
6.111999999999549,0.1923745693321064,-0.0378921539220963,0.2012698684860995,-0.3509548324196507,0.0,-0.0895041815550679,0.3757118557234822,0.07951105719417832,0.36689548501296787,0.849985485587468,0.0,3.105361223220825,43.14841079711914,0.3
6.121999999999548,0.1920664201999053,-0.026223603896092986,0.20135309441136062,-0.34847614475556465,0.0,-0.08702549389098185,0.37568038459536157,0.0795412169734987,0.3669999200850088,0.8499856017879429,0.0,3.105361223220825,43.14841079711914,0.3
6.131999999999547,0.1918722050583851,-0.014934685261365965,0.2013393805475792,-0.3462235153984744,0.0,-0.0847728645338916,0.37565002741577835,0.07957077836353367,0.3667504265838488,0.8499857149106377,0.0,3.105361223220825,43.14841079711914,0.3
6.141999999999546,0.19179033245697116,-0.003730398528931393,0.2012354471614267,-0.3439006748908448,0.0,-0.082450024026262,0.37562075335567396,0.07959975323670886,0.36663335663357866,0.8499858249615673,0.0,3.105361223220825,43.14841079711914,0.3
6.1519999999995445,0.19181919414545637,0.007380030180295302,0.20105116893171876,-0.34136230321650024,0.0,-0.07991165235191744,0.3755925108018245,0.0796281532298934,0.36692177670665893,0.8499859318209434,0.0,3.0100924968719482,43.01653289794922,0.3
6.161999999999543,0.19195642654338277,0.01791361909708484,0.200798937425275,-0.3389092468684979,0.0,-0.07745859600391508,0.3755652291090757,0.0796559897490735,0.3672571819623114,0.8499860350717807,0.0,3.0100924968719482,43.01653289794922,0.3
6.171999999999542,0.1921990292420071,0.02832451362626124,0.2004806145527293,-0.3368074216878041,0.0,-0.07535677082322129,0.37553882042275194,0.07968327397393328,0.3673268250619395,0.8499861355898367,0.0,3.0100924968719482,43.01653289794922,0.3
6.181999999999541,0.1925493388128985,0.03954173939581729,0.2001255936397159,-0.33550380505429983,0.0,-0.07405315418971703,0.37551318145959633,0.07971001686234484,0.3665626187815878,0.8499862341776956,0.0,3.0100924968719482,43.01653289794922,0.3
6.19199999999954,0.1930117755669447,0.05048717856323114,0.19974079680461135,-0.33412491700010694,0.0,-0.07267426613552413,0.37548819410989576,0.07973622915476908,0.3662409131819929,0.8499863309885157,0.0,3.0100924968719482,43.01653289794922,0.3
6.201999999999539,0.19357255922511885,0.05938239092616619,0.19930894813172442,-0.3327852436251397,0.0,-0.07133459276055693,0.3754637261212275,0.07976192137856927,0.36624522129499604,0.8499864257046291,0.0,3.115854263305664,43.214454650878906,0.3
6.211999999999538,0.19421149044205577,0.06699874810406391,0.1988340391869511,-0.33209087608097154,0.0,-0.07064022521638874,0.37543963470724523,0.0797871038522391,0.3657646202465853,0.8499865192562948,0.0,3.115854263305664,43.214454650878906,0.3
6.221999999999537,0.19491579396628833,0.07226209842446737,0.1983361439836788,-0.33034417789184806,0.0,-0.06889352702726526,0.3754157708909664,0.07981178668954675,0.36720386389307713,0.8499866109568751,0.0,3.115854263305664,43.214454650878906,0.3
6.231999999999536,0.19566591861146704,0.0769430121040941,0.19784750065969178,-0.3304481836748123,0.0,-0.06899753281022952,0.3753919830648364,0.07983597980359677,0.36651094647206406,0.8499867018209496,0.0,3.115854263305664,43.214454650878906,0.3
6.241999999999535,0.1964604123864496,0.08096705137218119,0.1973886386523301,-0.3301499859605796,0.0,-0.0686993350959968,0.37536812048200746,0.07985969291081138,0.366846812473946,0.8499867925784161,0.0,3.115854263305664,43.214454650878906,0.3
6.2519999999995335,0.19728410566302013,0.08262386885621613,0.19693661442199015,-0.3305261634561931,0.0,-0.06907551259161032,0.37534403423756124,0.0798829355348328,0.3667007843393537,0.8499868833984038,0.0,3.1661500930786133,43.654266357421875,0.3
6.261999999999532,0.1980892561236776,0.07886336856899713,0.19640497475170682,-0.3300901426339906,0.0,-0.06863949176940781,0.37531958059039516,0.07990571701034808,0.3681483041600484,0.8499869739056876,0.0,3.1661500930786133,43.654266357421875,0.3
6.271999999999531,0.1988597267664081,0.07609095510653208,0.19593778607893547,-0.3313241177040446,0.0,-0.06987346683946177,0.37529462884331477,0.07992804648683814,0.3676928492852417,0.8499870653871048,0.0,3.1661500930786133,43.654266357421875,0.3
6.28199999999953,0.19960218612264233,0.07284189075152867,0.19553928540645213,-0.3321639240646023,0.0,-0.07071327320001952,0.37526906397338766,0.07994993293225232,0.368193365893281,0.8499871581564358,0.0,3.1661500930786133,43.654266357421875,0.3
6.291999999999529,0.200305550863851,0.0684164753799875,0.1952093446267678,-0.33326193163365564,0.0,-0.07181128076907284,0.3752427850372489,0.07997138513661016,0.3686958935492507,0.8499872523621843,0.0,3.1661500930786133,43.654266357421875,0.3
6.301999999999528,0.20095998863576955,0.06294415821798005,0.19494234275538902,-0.33554396303375306,0.0,-0.07409331216917026,0.3752157061689184,0.07999241171553155,0.36785693386516705,0.8499873489292098,0.0,3.1296374797821045,44.10009002685547,0.3
6.311999999999527,0.20154170835740676,0.05537345948283378,0.1946799220130692,-0.33827163887571204,0.0,-0.07682098801112924,0.3751877578852312,0.08001302111369703,0.3666696254788818,0.849987448751194,0.0,3.1296374797821045,44.10009002685547,0.3
6.321999999999526,0.20205056226428822,0.0476138929739146,0.1945128174514696,-0.33976353544899973,0.0,-0.07831288458441693,0.3751588896643544,0.08003322160823924,0.3674390513124949,0.849987551211242,0.0,3.1296374797821045,44.10009002685547,0.3
6.331999999999525,0.20247463206590927,0.0388834503290943,0.19442889565904342,-0.3418549375037247,0.0,-0.0804042866391419,0.3751290698440804,0.08005302131206726,0.3675325678477188,0.8499876561039089,0.0,3.1296374797821045,44.10009002685547,0.3
6.341999999999524,0.2028163577609514,0.031162612032296748,0.19445724701728329,-0.3449033814288132,0.0,-0.08345273056423042,0.37509828599805617,0.08007242817712484,0.3663854381542543,0.8499877646098813,0.0,3.1296374797821045,44.10009002685547,0.3
6.3519999999995225,0.20308074711182852,0.02270159311730871,0.19457003151576502,-0.34723728501302553,0.0,-0.08578663414844273,0.37506654335828127,0.08009144999758411,0.3662758685495493,0.8499878766003202,0.0,3.0498926639556885,44.36424255371094,0.3
6.361999999999521,0.2032453294507846,0.01258227663227321,0.19471479621053545,-0.35001304011367834,0.0,-0.08856238924909554,0.37503386337098304,0.08011009441297583,0.36552602129462297,0.8499879919810378,0.0,3.0498926639556885,44.36424255371094,0.3
6.37199999999952,0.20331534036859997,0.003086367301567434,0.1949506232810958,-0.35211127021899097,0.0,-0.09066061935440817,0.3750002856231461,0.0801283689112576,0.3656444215017377,0.849988110727418,0.0,3.0498926639556885,44.36424255371094,0.3
6.381999999999519,0.20328100829981713,-0.007839937675789381,0.195235445587474,-0.3537300967713232,0.0,-0.09227944590674042,0.37496586668407056,0.08014628083182117,0.36629117662871946,0.8499882316504145,0.0,3.0498926639556885,44.36424255371094,0.3
6.391999999999518,0.20313751250801487,-0.018837702778777728,0.1955717904183623,-0.355446152724726,0.0,-0.09399550186014322,0.3749306802220762,0.08016383736844,0.3665985863217054,0.8499883549515567,0.0,3.0498926639556885,44.36424255371094,0.3
6.401999999999517,0.20288389071795632,-0.02941702078374832,0.1959515177936804,-0.3576047526372174,0.0,-0.09615410177263461,0.37489481691443394,0.0801810455721586,0.36602782543871804,0.8499884804529566,0.0,3.0551962852478027,44.353126525878906,0.3
6.411999999999516,0.20253374135697508,-0.03886756585452962,0.19637737440933328,-0.3589159056826111,0.0,-0.09746525481802831,0.37485838302885277,0.08019791235412418,0.3663374394882475,0.8499886083088078,0.0,3.0551962852478027,44.353126525878906,0.3
6.421999999999515,0.2020872029498297,-0.048465506071718095,0.19681394931374305,-0.3598945096701344,0.0,-0.09844385880555162,0.37482149731930475,0.08021444448836242,0.36676470728144805,0.8499887375176965,0.0,3.0551962852478027,44.353126525878906,0.3
6.431999999999514,0.2015508071931235,-0.057075426083456025,0.19726094460539267,-0.36062826898482425,0.0,-0.09917761812024145,0.3747842895410548,0.08023064861449793,0.36715208486770645,0.8499888680972775,0.0,3.0551962852478027,44.353126525878906,0.3
6.441999999999513,0.2009306244539681,-0.06476982662370796,0.1977013456108941,-0.3616576494214901,0.0,-0.10020699855690729,0.37474689857940574,0.08024653124042097,0.366716218088431,0.8499889994970278,0.0,3.0551962852478027,44.353126525878906,0.3
6.4519999999995115,0.20025288761817395,-0.069288661656492,0.19816929679325837,-0.36212747228235725,0.0,-0.10067682141777445,0.37470946994820475,0.08026209874490114,0.3666389369880122,0.8499891322866993,0.0,3.137742042541504,44.046974182128906,0.3
6.46199999999951,0.1995490756662815,-0.07133018284864603,0.19868011406687106,-0.3622741771808093,0.0,-0.10082352631622649,0.37467215046381186,0.08027735738014916,0.36657778306551925,0.8499892654048431,0.0,3.137742042541504,44.046974182128906,0.3
6.471999999999509,0.19882213749016475,-0.07333514991717233,0.1991494221267159,-0.3622326469004968,0.0,-0.10078199603591398,0.37463508265681017,0.08029231327432783,0.36634141596281244,0.8499893982917243,0.0,3.137742042541504,44.046974182128906,0.3
6.481999999999508,0.1980847845902632,-0.07401382258881212,0.1995820054624945,-0.3615690630936654,0.0,-0.10011841222908258,0.37459840338610584,0.08030697243401336,0.3665489290379278,0.8499895310260732,0.0,3.137742042541504,44.046974182128906,0.3
6.491999999999507,0.19734327354818748,-0.07376637400207395,0.1999583542223466,-0.3613057827216442,0.0,-0.09985513185706141,0.3745622421679597,0.08032134074660761,0.3657883768913067,0.849989662844444,0.0,3.137742042541504,44.046974182128906,0.3
6.501999999999506,0.19661901678523272,-0.07089819399233631,0.20031089551115272,-0.360236177315565,0.0,-0.09878552645098221,0.3745267197177688,0.08033542398270264,0.3657779792061958,0.8499897937973763,0.0,3.144655704498291,43.611297607421875,0.3
6.511999999999505,0.1959548845699459,-0.06350750074311926,0.20071643758019617,-0.35945612184457015,0.0,-0.09800547097998735,0.37449194425014476,0.08034922779839829,0.36501082021379905,0.8499899237319626,0.0,3.144655704498291,43.611297607421875,0.3
6.521999999999504,0.1953590887817266,-0.0570468964771159,0.20104109188332922,-0.35792650643875407,0.0,-0.09647585557417127,0.37445800505500076,0.08036275773757376,0.3649805157645062,0.8499900518441151,0.0,3.144655704498291,43.611297607421875,0.3
6.531999999999503,0.1948223749113348,-0.051513666708384455,0.2012676977424846,-0.3557994715558746,0.0,-0.0943488206912918,0.37442497146144504,0.08037601923411411,0.36552204545239464,0.8499901773617987,0.0,3.144655704498291,43.611297607421875,0.3
6.5419999999995015,0.194346595788577,-0.04461817256125712,0.2014182975326238,-0.35444185953910057,0.0,-0.09299120867451777,0.3743928956694284,0.08038901761409271,0.36477356140084194,0.8499903007996746,0.0,3.144655704498291,43.611297607421875,0.3
6.5519999999995004,0.1939448968762878,-0.036647001035846,0.20150346203964856,-0.3521304471121123,0.0,-0.09067979624752948,0.37436181339104374,0.08040175809791021,0.365205767121614,0.8499904216188515,0.0,3.077721118927002,43.28218078613281,0.3
6.561999999999499,0.19363783263863008,-0.026974087665424973,0.20157259165166633,-0.3497169527640272,0.0,-0.0882663018994444,0.374331742337692,0.08041424580239113,0.36567738674606876,0.8499905392793067,0.0,3.077721118927002,43.28218078613281,0.3
6.571999999999498,0.19342510077346903,-0.017445383557865204,0.2015574137522952,-0.34784239042044934,0.0,-0.08639173955586654,0.37430268022133983,0.08042648574283902,0.36534621070710327,0.8499906542768291,0.0,3.077721118927002,43.28218078613281,0.3
6.581999999999497,0.19330624964239354,-0.008181918663663053,0.2014588454681907,-0.3455375154094026,0.0,-0.08408686454481978,0.3742746055109517,0.0804384828350505,0.36563107198299816,0.8499907664544161,0.0,3.077721118927002,43.28218078613281,0.3
6.591999999999496,0.19328222021966265,0.0013482671884436533,0.20129001245123915,-0.34358555901840443,0.0,-0.08213490815382163,0.3742474788903551,0.08045024189728972,0.3654959017488639,0.849990876060228,0.0,3.077721118927002,43.28218078613281,0.3
6.601999999999495,0.19334826956531168,0.010090238840308784,0.20104490290924812,-0.3413187293864709,0.0,-0.0798680785218881,0.3742212444842861,0.08046176765222335,0.3659332130342601,0.8499909825857939,0.0,3.016484260559082,43.199371337890625,0.3
6.611999999999494,0.1935065844324182,0.020016256478965107,0.20076714776046142,-0.3401596039420908,0.0,-0.07870895307750803,0.3741958317412683,0.08047306472881736,0.3650029942129537,0.8499910868963292,0.0,3.016484260559082,43.199371337890625,0.3
6.621999999999493,0.19376805968243693,0.03044544585197148,0.20045917227189594,-0.3391106508004634,0.0,-0.07765999993588057,0.3741711559413006,0.08048413766419606,0.3641536273294157,0.8499911895836655,0.0,3.016484260559082,43.199371337890625,0.3
6.631999999999492,0.1941389281368647,0.0411847239940638,0.2001375374494586,-0.337542249023025,0.0,-0.07609159815844219,0.3741471173501744,0.08049499090546433,0.36431512211834416,0.8499912911278256,0.0,3.016484260559082,43.199371337890625,0.3
6.6419999999994905,0.19460412093925622,0.04995551304393456,0.19977932619532549,-0.3364772020880811,0.0,-0.07502655122349827,0.3741236015341298,0.08050562881149363,0.36409576298090107,0.8499913907362479,0.0,3.016484260559082,43.199371337890625,0.3
6.651999999999489,0.1951502491500752,0.057528060903285286,0.19939823557709907,-0.3359413382365532,0.0,-0.0744906873719704,0.3741004828225854,0.08051605565467267,0.3634908492895975,0.8499914891293296,0.0,3.1125357151031494,43.40422058105469,0.3
6.661999999999488,0.19576630842964302,0.06446680997333623,0.1989976722629491,-0.3360508216753505,0.0,-0.0746001708107677,0.374077627921194,0.0805262756226232,0.3623673535750931,0.8499915874032185,0.0,3.1125357151031494,43.40422058105469,0.3
6.671999999999487,0.19645002543729578,0.07069497069917517,0.19861676682139717,-0.3355060587544395,0.0,-0.0740554078898567,0.3740548984258644,0.08053629281988188,0.36256626504640865,0.8499916854283146,0.0,3.1125357151031494,43.40422058105469,0.3
6.681999999999486,0.19718797823271347,0.07558855978501577,0.19825837602399995,-0.33547523153848696,0.0,-0.07402458067390416,0.3740321522491018,0.08054611126954875,0.36246038773757494,0.8499917833390527,0.0,3.1125357151031494,43.40422058105469,0.3
6.691999999999485,0.19796968525737577,0.07967570235149031,0.19794164368728775,-0.33603775809052283,0.0,-0.07458710722594003,0.37400924628962035,0.08055573491490296,0.36193846179938083,0.8499918818319483,0.0,3.1125357151031494,43.40422058105469,0.3
6.701999999999484,0.19877370921811802,0.07971756927598571,0.19761696489316205,-0.3358842746898023,0.0,-0.07443362382521951,0.37398603883343734,0.08056516762098653,0.36282487593908097,0.8499919802139366,0.0,3.1614744663238525,43.833709716796875,0.3
6.711999999999483,0.19954160634386345,0.07472175953555665,0.19721389012942267,-0.3360476558239146,0.0,-0.0745970049593318,0.37396239447669394,0.08057441317615653,0.3636601604559342,0.8499920785915207,0.0,3.1614744663238525,43.833709716796875,0.3
6.721999999999482,0.20025565267094855,0.06949000827930624,0.196851884344273,-0.33707121069364615,0.0,-0.07562055982906335,0.37393819355584984,0.08058347529360663,0.3636582427260695,0.8499921774348356,0.0,3.1614744663238525,43.833709716796875,0.3
6.731999999999481,0.2009287979785888,0.06596658067617314,0.19657904427900336,-0.3387938485180704,0.0,-0.07734319765348757,0.3739133349898424,0.08059235761285834,0.36301006417664117,0.8499922784976138,0.0,3.1614744663238525,43.833709716796875,0.3
6.7419999999994795,0.20157118876175037,0.063057911330502,0.1964007273017303,-0.34083608146379885,0.0,-0.07938543059921604,0.37388773316183627,0.08060106370122277,0.36220965035712027,0.849992382170672,0.0,3.1614744663238525,43.833709716796875,0.3
6.751999999999478,0.20217507663600182,0.05776467984513643,0.19627083846309687,-0.34234740423712506,0.0,-0.08089675337254226,0.37386131514038173,0.0806095970552333,0.362404497831168,0.849992487994968,0.0,3.119340181350708,44.24714660644531,0.3
6.761999999999477,0.20269900586289236,0.04897590980375331,0.19611852950219172,-0.34430199674695555,0.0,-0.08285134588237275,0.3738340218999072,0.08061796110204984,0.3621887296000328,0.8499925961958639,0.0,3.119340181350708,44.24714660644531,0.3
6.771999999999476,0.20314337786081177,0.04122497236945695,0.196061267217231,-0.3460709762919802,0.0,-0.08462032542739739,0.37380581381593403,0.08062615920083524,0.36239466750384164,0.8499927072636432,0.0,3.119340181350708,44.24714660644531,0.3
6.781999999999475,0.2035012870080666,0.0320019001674764,0.19606568595862034,-0.34768816527012597,0.0,-0.08623751440554317,0.373776670562477,0.08063419464410444,0.3629172427330388,0.8499928202875601,0.0,3.119340181350708,44.24714660644531,0.3
6.791999999999474,0.20376445866426793,0.02279583279389411,0.1961454444411454,-0.3500084104828139,0.0,-0.08855775961823109,0.37374659089441126,0.08064207065904677,0.3624983397056566,0.8499929358647916,0.0,3.119340181350708,44.24714660644531,0.3
6.801999999999473,0.20394053966610567,0.013681271187875738,0.1962971245419384,-0.35226181328986833,0.0,-0.09081116242528553,0.3737155925572409,0.08064979040882209,0.3621581003740746,0.8499930545211831,0.0,3.0317230224609375,44.469581604003906,0.3
6.811999999999472,0.20401267009414803,0.003150647336143831,0.19646657766617007,-0.3543557889958815,0.0,-0.09290513813129869,0.37368371051362165,0.08065735699383107,0.3619727084824478,0.8499931758280926,0.0,3.0317230224609375,44.469581604003906,0.3
6.821999999999471,0.2039768984731875,-0.008153750635912262,0.19667885601601276,-0.3553237520572447,0.0,-0.0938731011926619,0.3736509980101807,0.08066477345296055,0.36324132964811906,0.8499932989526958,0.0,3.0317230224609375,44.469581604003906,0.3
6.83199999999947,0.2038292771786559,-0.019017680434202117,0.19693688609291218,-0.35710504018998473,0.0,-0.09565438932540193,0.37361752657469216,0.08067204276480384,0.36319230399833013,0.8499934240795779,0.0,3.0317230224609375,44.469581604003906,0.3
6.8419999999994685,0.20358197509624754,-0.028486803408211796,0.19724864568421813,-0.3587281615422431,0.0,-0.09727751067766027,0.3735833850890212,0.08067916784885712,0.36313613246477394,0.8499935515844362,0.0,3.0317230224609375,44.469581604003906,0.3
6.851999999999467,0.2032476804335339,-0.036489548259279345,0.19761079339470272,-0.3603695783091751,0.0,-0.0989189274445923,0.3735486765000745,0.08068615156669183,0.3627827461383024,0.8499936813598489,0.0,3.0700619220733643,44.398475646972656,0.3
6.861999999999466,0.20284131895975102,-0.04318003353824497,0.19802010848239698,-0.3619201165737824,0.0,-0.10046946570919962,0.37351351418033235,0.08069299672310405,0.3622475513211161,0.8499938130827502,0.0,3.0700619220733643,44.398475646972656,0.3
6.871999999999465,0.20237221567622382,-0.049350541444809645,0.1984477175467086,-0.3630091480161615,0.0,-0.10155849715157872,0.3734780183503712,0.08069970606724092,0.3620195123183958,0.8499939463810176,0.0,3.0700619220733643,44.398475646972656,0.3
6.881999999999464,0.20184658988781848,-0.0548809642780812,0.19888106548106493,-0.3632959342724732,0.0,-0.1018452834078904,0.3734423137014523,0.0807062822937047,0.36255328577687496,0.849994080879177,0.0,3.0700619220733643,44.398475646972656,0.3
6.891999999999463,0.20126068322033316,-0.061150274886677056,0.19928148569993315,-0.3630282354875041,0.0,-0.10157758462292132,0.37340652793039514,0.08071272804363508,0.36348538641211314,0.8499942152975855,0.0,3.0700619220733643,44.398475646972656,0.3
6.901999999999462,0.20060812758388147,-0.06740208579497078,0.19964516084018774,-0.36248083538490017,0.0,-0.10103018452031737,0.3733707919732101,0.0807190459057698,0.3644190608579322,0.8499943488164086,0.0,3.1335463523864746,44.089149475097656,0.3
6.911999999999461,0.19991224567255428,-0.07118122183003267,0.20002734565610567,-0.36155724177823195,0.0,-0.10010659091364915,0.37333524019591613,0.08072523841748441,0.36547917626079285,0.8499944814165467,0.0,3.1335463523864746,44.089149475097656,0.3
6.92199999999946,0.19918153527755167,-0.0741869438402004,0.2003566940556214,-0.36082730042217326,0.0,-0.09937664955759046,0.3733000066456861,0.08073130806581133,0.3658689219550594,0.8499946131061381,0.0,3.1335463523864746,44.089149475097656,0.3
6.931999999999459,0.19842363791420936,-0.0767334171580228,0.20061711609225819,-0.3596924266945817,0.0,-0.09824177582999888,0.3732652227039988,0.08073725728843861,0.3664404255396314,0.8499947432211928,0.0,3.1335463523864746,44.089149475097656,0.3
6.9419999999994575,0.1976502411602648,-0.07755806949377676,0.20081651325369435,-0.35838617485408536,0.0,-0.09693552398950256,0.3732310156962355,0.08074308847468908,0.36688769131566557,0.8499948718663383,0.0,3.1335463523864746,44.089149475097656,0.3
6.951999999999456,0.19688185053211843,-0.07540897650191047,0.20098411069156916,-0.3572744207361288,0.0,-0.095823769871546,0.3731975067447966,0.08074880396647985,0.3667282270057619,0.8499949989328245,0.0,3.1536293029785156,43.6439208984375,0.3
6.961999999999455,0.19616892762254357,-0.06873171260641532,0.20120078727332324,-0.3558154143294698,0.0,-0.09436476346488698,0.37316480645531425,0.08075440605926289,0.3667492027268976,0.8499951243436151,0.0,3.1536293029785156,43.6439208984375,0.3
6.971999999999454,0.19551811792769888,-0.06258626155813701,0.20133780032973492,-0.35427182166539006,0.0,-0.09282117080080726,0.3731330074245228,0.08075989700294692,0.36662080551230536,0.849995247526412,0.0,3.1536293029785156,43.6439208984375,0.3
6.981999999999453,0.19493100360692903,-0.05601936096501789,0.20139935004180118,-0.3524246689409638,0.0,-0.090974018076381,0.3731021830011748,0.08076527900280109,0.3666983747581496,0.8499953684431378,0.0,3.1536293029785156,43.6439208984375,0.3
6.991999999999452,0.19441220354210292,-0.049232745312627335,0.20137980468067154,-0.34993395022827783,0.0,-0.08848329936369503,0.3730723882509519,0.08077055422034055,0.3675108174823615,0.8499954867318082,0.0,3.1536293029785156,43.6439208984375,0.3
7.001999999999451,0.1939547456837833,-0.042631139271800914,0.2012776568123452,-0.34757377435681375,0.0,-0.08612312349223095,0.3730436605573302,0.08077572477419462,0.36802709999714234,0.8499956013659057,0.0,3.0895321369171143,43.2848014831543,0.3
7.01199999999945,0.1935937116753184,-0.031684713178441355,0.20120490115484757,-0.34598884114987705,0.0,-0.08453819028529425,0.3730160209239013,0.0807807927409577,0.3673925352517856,0.8499957137813227,0.0,3.0895321369171143,43.2848014831543,0.3
7.021999999999449,0.1933394861186357,-0.021246777234966215,0.2010611779589676,-0.34412012158068034,0.0,-0.08266947071609754,0.3729894697814122,0.08078576015602318,0.3671453658704841,0.8499958236529978,0.0,3.0895321369171143,43.2848014831543,0.3
7.031999999999448,0.19319372128805973,-0.010233873151463792,0.20086536782848555,-0.3423432119349356,0.0,-0.08089256107035281,0.3729639857562247,0.08079062901440096,0.366819399107284,0.8499959314501455,0.0,3.0895321369171143,43.2848014831543,0.3
7.0419999999994465,0.19315557029371508,0.00035354197579153153,0.20061085330442804,-0.34050578718422764,0.0,-0.07905513631964484,0.37293952691236404,0.0807954012715187,0.3666863532716296,0.849996036831014,0.0,3.0895321369171143,43.2848014831543,0.3
7.051999999999445,0.19321298568017856,0.00930710508651269,0.20028605616595135,-0.33810009927321244,0.0,-0.07664944840862964,0.37291603241128135,0.0808000788440071,0.36751037359490923,0.8499961391081458,0.0,3.0149059295654297,43.183326721191406,0.3
7.061999999999444,0.19335760344845773,0.017523239644115507,0.1999151986167161,-0.33574184327899653,0.0,-0.07429119241441373,0.3728934259024449,0.08080466361046965,0.36847504793667674,0.8499962384892039,0.0,3.0149059295654297,43.183326721191406,0.3
7.071999999999443,0.19357758310968481,0.02498662834616379,0.19949359217613188,-0.33439068712737136,0.0,-0.07294003626278855,0.3728716185758815,0.08080915741223718,0.368277814959717,0.8499963353549596,0.0,3.0149059295654297,43.183326721191406,0.3
7.081999999999442,0.19387005463282408,0.031930407418948516,0.19903769536569488,-0.3327197341056022,0.0,-0.07126908324101938,0.3728505119544606,0.08081356205410736,0.3688145014369516,0.8499964301381238,0.0,3.0149059295654297,43.183326721191406,0.3
7.091999999999441,0.19422872002380837,0.038539216104165136,0.1985623083859312,-0.33170000884490525,0.0,-0.07024935798032245,0.3728299995847354,0.08081787930506952,0.36875712521944637,0.8499965232374609,0.0,3.0149059295654297,43.183326721191406,0.3
7.10199999999944,0.19465383012829254,0.04498966232576937,0.19808328965965094,-0.3309599419186587,0.0,-0.06950929105407588,0.37280996860582777,0.08082211089901506,0.36865206651401194,0.8499966154033433,0.0,3.088075637817383,43.34766387939453,0.3
7.111999999999439,0.19513022004820604,0.049174837639442755,0.19756967182184684,-0.3300060436492386,0.0,-0.06855539278465578,0.3727903006497712,0.0808262585354339,0.3692121916635045,0.8499967063969502,0.0,3.088075637817383,43.34766387939453,0.3
7.121999999999438,0.19564126043479876,0.05243163726519366,0.1970628027576252,-0.32960883654658485,0.0,-0.06815818568200205,0.3727708750256638,0.08083032388009702,0.36936901552552404,0.8499967964343923,0.0,3.088075637817383,43.34766387939453,0.3
7.131999999999437,0.19618636839677633,0.05590940328849921,0.1965951313637759,-0.3299047445902354,0.0,-0.06845409372565259,0.37275157194680414,0.0808343085657254,0.3689340176235827,0.8499968866227433,0.0,3.088075637817383,43.34766387939453,0.3
7.1419999999994355,0.19676383996065963,0.058973558042252086,0.19617489121097265,-0.33060437666681103,0.0,-0.06915372580222823,0.37273227298821865,0.08083821419264581,0.36830897348106406,0.8499969773283859,0.0,3.088075637817383,43.34766387939453,0.3
7.151999999999434,0.19736645582985246,0.06048596412935349,0.19578962527899946,-0.33121379774673665,0.0,-0.06976314688215385,0.37271286144794485,0.08084204232943351,0.36817480742054276,0.8499970688980658,0.0,3.121574640274048,43.669456481933594,0.3
7.161999999999433,0.19796430801180964,0.059319927260563426,0.1953927435563338,-0.3322922341628211,0.0,-0.07084158329823831,0.37269322421455553,0.08084579451354222,0.36773667345384864,0.8499971617248668,0.0,3.121574640274048,43.669456481933594,0.3
7.171999999999432,0.19854766509898938,0.05752395507546129,0.195058033170378,-0.3332556090676347,0.0,-0.07180495820305188,0.3726732564449025,0.08084947225192164,0.36779062748630653,0.8499972557439628,0.0,3.121574640274048,43.669456481933594,0.3
7.181999999999431,0.19910252976834045,0.05379036216190871,0.19477250855933229,-0.3336621793204038,0.0,-0.07221152845582102,0.37265286365644146,0.08085307702162255,0.3689209565651881,0.8499973506610855,0.0,3.121574640274048,43.669456481933594,0.3
7.19199999999943,0.19961597277016618,0.049561725601837775,0.1945567558758045,-0.33515698159752827,0.0,-0.07370633073294547,0.3726319636819389,0.08085661027039015,0.36878354998622664,0.849997447278763,0.0,3.121574640274048,43.669456481933594,0.3
7.201999999999429,0.2000815447377129,0.04389405913249886,0.1943925276026741,-0.3367971371585972,0.0,-0.07534648629401441,0.372610488282646,0.08086007341724544,0.3686548704065704,0.849997545854295,0.0,3.0913541316986084,43.99925231933594,0.3
7.211999999999428,0.20047230624726903,0.035922821697963875,0.1942275177479968,-0.33845433940823344,0.0,-0.07700368854365064,0.37258838415229845,0.08086346785305513,0.3686738654131091,0.8499976467476269,0.0,3.0913541316986084,43.99925231933594,0.3
7.221999999999427,0.2007826569005395,0.027821365265556872,0.1941327946632108,-0.34015783354419643,0.0,-0.07870718267961363,0.37256561620425793,0.08086679494109027,0.36875286693854925,0.8499977496165648,0.0,3.0913541316986084,43.99925231933594,0.3
7.2319999999994256,0.20101433451950873,0.02018321911560674,0.19411873493853998,-0.3423058857538508,0.0,-0.08085523488926799,0.3725421679151705,0.0808700560175737,0.36828049858904177,0.8499978549707651,0.0,3.0913541316986084,43.99925231933594,0.3
7.2419999999994245,0.20117449212028546,0.01288420877938734,0.19418734702396825,-0.34376607615901117,0.0,-0.08231542529442837,0.3725180396828143,0.0808732523922168,0.36878986467551245,0.8499979630754386,0.0,3.0913541316986084,43.99925231933594,0.3
7.251999999999423,0.20125463850411257,0.004852274127417882,0.19431126535889554,-0.3462134876149121,0.0,-0.0847628367503293,0.3724932468263139,0.08087638534874536,0.3678821406257621,0.8499980734796959,0.0,3.013042449951172,44.149391174316406,0.3
7.261999999999422,0.20124855611829026,-0.004297504487505918,0.19446317131960777,-0.3476049051476097,0.0,-0.08615425428302692,0.3724678196644107,0.08087945614541531,0.36836959156170346,0.8499981862400092,0.0,3.013042449951172,44.149391174316406,0.3
7.271999999999421,0.20115544408805613,-0.012327779227931223,0.19468141466109173,-0.34995274206045324,0.0,-0.08850209119587044,0.3724418037869004,0.08088246601551798,0.3673862902077245,0.8499983015192147,0.0,3.013042449951172,44.149391174316406,0.3
7.28199999999942,0.20099042411682466,-0.01919086502778864,0.1949663755154672,-0.3517040876859603,0.0,-0.09025343682137749,0.3724152588942469,0.08088541616787531,0.36706202030120993,0.8499984194960557,0.0,3.013042449951172,44.149391174316406,0.3
7.291999999999419,0.20076580796853327,-0.02458092422868508,0.1953179193531925,-0.35373014314019285,0.0,-0.09227949227561005,0.37238825523367647,0.08088830778732557,0.3661377455447272,0.849998540317587,0.0,3.013042449951172,44.149391174316406,0.3
7.301999999999418,0.2004852632897664,-0.03036502865332155,0.19570253808324115,-0.3549522468078014,0.0,-0.09350159594321861,0.3723608704439731,0.080891142035199,0.3660894203256265,0.8499986629106806,0.0,3.058771848678589,44.065521240234375,0.3
7.311999999999417,0.20015010147063247,-0.035745903840009134,0.19612228601577583,-0.35573178446136877,0.0,-0.09428113359678597,0.3723331881989644,0.08089392004978431,0.3663785336665232,0.849998787025139,0.0,3.058771848678589,44.065521240234375,0.3
7.321999999999416,0.1997510113963793,-0.04256823960930309,0.1965229997951531,-0.35628587327460703,0.0,-0.09483522241002423,0.37230529767090464,0.08089664294678589,0.3666739227361029,0.8499989114841554,0.0,3.058771848678589,44.065521240234375,0.3
7.3319999999994145,0.19929720975813686,-0.0472555346059801,0.19694042760614283,-0.3569512909128303,0.0,-0.09550064004824749,0.37227729426038836,0.08089931181977178,0.36648446400474133,0.8499990374324395,0.0,3.058771848678589,44.065521240234375,0.3
7.341999999999413,0.19879866298362334,-0.05159237198126398,0.1973417019473284,-0.35739701093290827,0.0,-0.09594636006832546,0.37224927774832184,0.08090192774061296,0.36626338843918693,0.8499991638180786,0.0,3.058771848678589,44.065521240234375,0.3
7.351999999999412,0.19826667721979724,-0.05382837521746356,0.19774788229835397,-0.35777622656717983,0.0,-0.09632557570259703,0.3722213498599011,0.08090449175991381,0.3657917003726431,0.849999290789098,0.0,3.1078476905822754,43.8049201965332,0.3
7.361999999999411,0.19772288481265912,-0.055038632314071634,0.19816549249183998,-0.35680899633462426,0.0,-0.09535834547004146,0.3721936116308256,0.08090700490743404,0.36685943992141745,0.8499994170970485,0.0,3.1078476905822754,43.8049201965332,0.3
7.37199999999941,0.1971679131071144,-0.055604515293678713,0.19854312351021267,-0.35688480527785965,0.0,-0.09543415441327685,0.372166159912859,0.08090946819250228,0.36612573555434547,0.8499995430149514,0.0,3.1078476905822754,43.8049201965332,0.3
7.381999999999409,0.1966213248703289,-0.05410022358539029,0.19889704833585944,-0.3566466793687556,0.0,-0.0951960285041728,0.3721390864716441,0.08091188260442139,0.36550917624213586,0.8499996690113526,0.0,3.1078476905822754,43.8049201965332,0.3
7.391999999999408,0.19609098577963568,-0.05219347011711458,0.19919781793608848,-0.3558833324887056,0.0,-0.09443268162412277,0.37211247520290364,0.08091424911286589,0.3653304653999878,0.8499997940311126,0.0,3.1078476905822754,43.8049201965332,0.3
7.401999999999407,0.19558623617282903,-0.048632987887836696,0.19946620546459803,-0.3550931680328768,0.0,-0.09364251716829403,0.37208640068663024,0.08091656866827131,0.3649212737147717,0.8499999179492946,0.0,3.1001529693603516,43.48202133178711,0.3
7.411999999999406,0.195134867947956,-0.04279197848792082,0.19974835825067455,-0.35382764077323553,0.0,-0.09237698990865273,0.37206092655647005,0.08091884220221596,0.36493743255353506,0.85000004023442,0.0,3.1001529693603516,43.48202133178711,0.3
7.421999999999405,0.19474389476203055,-0.03676375230376918,0.1999711413708129,-0.35238641580403957,0.0,-0.09093576493945676,0.3720361017040585,0.080921070627795,0.3649947473182269,0.8500001611733129,0.0,3.1001529693603516,43.48202133178711,0.3
7.4319999999994035,0.1944055450417401,-0.031835545297409465,0.20010667176562705,-0.35078314380967424,0.0,-0.08933249294509144,0.3720119595772117,0.08092325483998719,0.36511694250281024,0.8500002796874245,0.0,3.1001529693603516,43.48202133178711,0.3
7.441999999999402,0.19412032589029432,-0.026593424604716726,0.20016944460436933,-0.34859433744269763,0.0,-0.08714368657811483,0.3719885202717874,0.0809253957160144,0.36594128668472714,0.850000396070778,0.0,3.1001529693603516,43.48202133178711,0.3
7.451999999999401,0.193887303684379,-0.02071217211044264,0.20016833788888763,-0.3470496941564166,0.0,-0.08559904329183382,0.3719657917123218,0.0809274941156938,0.36579180557481517,0.8500005099822339,0.0,3.0446078777313232,43.271446228027344,0.3
7.4619999999994,0.19372154465644634,-0.014101579058206637,0.20013424056075685,-0.34474650575313864,0.0,-0.08329585488855584,0.3719437700051633,0.08092955088178329,0.36667459762561105,0.8500006210425555,0.0,3.0446078777313232,43.271446228027344,0.3
7.471999999999399,0.19361805531780094,-0.007822438786273152,0.2000249940545804,-0.34299613135924767,0.0,-0.08154548049466487,0.3719224382995093,0.08093156684031984,0.3667962501471057,0.8500007295350631,0.0,3.0446078777313232,43.271446228027344,0.3
7.481999999999398,0.19358379665950987,-0.0001713838957253036,0.1998719326786796,-0.3419170670975649,0.0,-0.08046641623298212,0.3719017678859224,0.0809335428009514,0.36603785900055774,0.8500008363214433,0.0,3.0446078777313232,43.271446228027344,0.3
7.491999999999397,0.19362673311036382,0.00719046551341169,0.19966579563626277,-0.3400110198918073,0.0,-0.07856036902722452,0.37188171781678736,0.08093547955726194,0.36654458948110635,0.8500009410105261,0.0,3.0446078777313232,43.271446228027344,0.3
7.501999999999396,0.19374102221160328,0.014329307297560653,0.1994129733694233,-0.3386617815597328,0.0,-0.07721113069515001,0.37186223456006734,0.08093737788709023,0.36642118168632476,0.8500010436368381,0.0,3.025749921798706,43.2454833984375,0.3
7.511999999999395,0.19392094823261144,0.02030982588276998,0.19910998117891568,-0.33682028241411316,0.0,-0.07536963154953036,0.37184325374384475,0.08093923855284223,0.3671741709192671,0.8500011438628233,0.0,3.025749921798706,43.2454833984375,0.3
7.521999999999394,0.19416138660338278,0.02656642670222564,0.19878112532498637,-0.3358125689690738,0.0,-0.074361918104491,0.3718247021311171,0.08094106230179725,0.36697969450761936,0.8500012425418787,0.0,3.025749921798706,43.2454833984375,0.3
7.5319999999993925,0.19445919753983365,0.03164904322731227,0.19841881169686018,-0.3342498258179699,0.0,-0.07279917495338711,0.3718064991931328,0.08094284986640815,0.3678119082052361,0.8500013393759411,0.0,3.025749921798706,43.2454833984375,0.3
7.541999999999391,0.1948040929185413,0.03649121539759585,0.1980423611270362,-0.33375586217156267,0.0,-0.07230521130697987,0.3717885585161614,0.08094460196459541,0.3674195247707518,0.8500014349091681,0.0,3.025749921798706,43.2454833984375,0.3
7.55199999999939,0.19519762013814085,0.04085787824663497,0.19765981142736763,-0.33313047054788697,0.0,-0.07167981968330417,0.3717707898168929,0.08094631930003553,0.3675017086697161,0.850001529697779,0.0,3.080517292022705,43.413909912109375,0.3
7.561999999999389,0.19562173611191178,0.04340623198617306,0.19724347510398973,-0.33248856590560555,0.0,-0.07103791504102275,0.37175309973626963,0.08094800256244362,0.36791250273292386,0.8500016237030562,0.0,3.080517292022705,43.413909912109375,0.3
7.571999999999388,0.1960759374734953,0.046929415607997474,0.19686316321680003,-0.3329778985716015,0.0,-0.07152724770701868,0.371735394833335,0.0809496524278504,0.36705266444162965,0.8500017179507973,0.0,3.080517292022705,43.413909912109375,0.3
7.581999999999387,0.19655881115316903,0.049051494238774945,0.1965023709953536,-0.3327408923322474,0.0,-0.0712902414676646,0.37171758212262684,0.08095126955887372,0.36752378717767464,0.8500018119846683,0.0,3.080517292022705,43.413909912109375,0.3
7.591999999999386,0.19705724002057814,0.050224776267865714,0.1961724056636954,-0.3330286420466924,0.0,-0.07157799118210961,0.3716995695984906,0.08095285460498462,0.36756617706395633,0.8500019062212263,0.0,3.080517292022705,43.413909912109375,0.3
7.601999999999385,0.19756315312144745,0.05015293327361456,0.19586883665748722,-0.33350654794941526,0.0,-0.07205589708483245,0.37168126852067324,0.08095440820276828,0.3676351140899248,0.8500020011672054,0.0,3.1016368865966797,43.69554138183594,0.3
7.611999999999384,0.19804442724700577,0.04686604988313409,0.19553272975252156,-0.33413732079125813,0.0,-0.07268666992667533,0.37166259551242103,0.0809559309761796,0.36776865849970186,0.8500020965773684,0.0,3.1016368865966797,43.69554138183594,0.3
7.621999999999383,0.19849094391237884,0.043389060996280523,0.19524288864108638,-0.3348703113219695,0.0,-0.07341966045738668,0.37164347743098813,0.0809574235367938,0.36801466730849375,0.850002192765707,0.0,3.1016368865966797,43.69554138183594,0.3
7.6319999999993815,0.19890751598898965,0.04028074229176079,0.1950194192815869,-0.3357529206696394,0.0,-0.07430226980505661,0.3716238530095236,0.08095888648405208,0.36827682397918027,0.8500022905257593,0.0,3.1016368865966797,43.69554138183594,0.3
7.64199999999938,0.1992873825728682,0.036532307113768155,0.19485286529468535,-0.3372203446329195,0.0,-0.0757696937683367,0.371603671709543,0.08096032040550236,0.3679113817510763,0.8500023896803904,0.0,3.1016368865966797,43.69554138183594,0.3
7.651999999999379,0.19963178950661567,0.03272777417725591,0.19474928995428836,-0.3389537208019032,0.0,-0.07750306993732042,0.3715828938322886,0.08096172587703519,0.36732808532442685,0.8500024911133246,0.0,3.068000078201294,43.947959899902344,0.3
7.661999999999378,0.1999217878382736,0.026631511893559275,0.19464873345914202,-0.34043614862814603,0.0,-0.07898549776356323,0.3715614902661939,0.0809631034631151,0.3672175128576648,0.8500025944963426,0.0,3.068000078201294,43.947959899902344,0.3
7.671999999999377,0.20015333218597892,0.02084155392009226,0.19461698356896426,-0.34204679755305506,0.0,-0.08059614668847226,0.37153944460883326,0.08096445371700729,0.36701014220758865,0.8500026999399314,0.0,3.068000078201294,43.947959899902344,0.3
7.681999999999376,0.20032785992684862,0.015207411819008736,0.19465328750327657,-0.34389801980258217,0.0,-0.08244736893799937,0.3715167535469867,0.08096577718099983,0.3665055388622266,0.8500028075767525,0.0,3.068000078201294,43.947959899902344,0.3
7.691999999999375,0.20044676169621353,0.009222879838346847,0.1947501236133747,-0.34479004542046654,0.0,-0.08333939455588374,0.3714934256415662,0.08096707438662144,0.36734082474731455,0.850002917323838,0.0,3.068000078201294,43.947959899902344,0.3
7.701999999999374,0.20049485879367612,0.0016831139065137148,0.19487480562712597,-0.346128065151681,0.0,-0.08467741428709818,0.37146948069486285,0.08096834585485495,0.36750398766393677,0.8500030284373872,0.0,3.0068626403808594,44.05897903442383,0.3
7.711999999999373,0.20046729354076206,-0.005644133201903462,0.19503206930663713,-0.34788033655094985,0.0,-0.08642968568636705,0.37144495129522004,0.08096959209634659,0.3669989389790317,0.8500031417454751,0.0,3.0068626403808594,44.05897903442383,0.3
7.721999999999372,0.20036776713399113,-0.012781369490074291,0.19522998998713706,-0.349228523289612,0.0,-0.08777787242502921,0.371419882926176,0.08097081361161104,0.3669336807480523,0.8500032567495437,0.0,3.0068626403808594,44.05897903442383,0.3
7.7319999999993705,0.20019628249622826,-0.02010049515047867,0.19545463698662446,-0.34991079601873504,0.0,-0.08846014515415224,0.37139433258236876,0.08097201089123243,0.3676373948167765,0.8500033730905816,0.0,3.0068626403808594,44.05897903442383,0.3
7.741999999999369,0.1999514438648303,-0.02741938312857649,0.19569688290218282,-0.35068599027399944,0.0,-0.08923533940941664,0.37136836791831446,0.08097318441606141,0.36801323068683234,0.8500034905304248,0.0,3.0068626403808594,44.05897903442383,0.3
7.751999999999368,0.1996430833764264,-0.032774165234861555,0.19597934910908568,-0.35213664105260656,0.0,-0.09068599018802376,0.3713420665202108,0.08097433465740825,0.3672164797177482,0.8500036096813434,0.0,3.0637707710266113,43.96503448486328,0.3
7.761999999999367,0.19928354799310755,-0.03818218873984308,0.1962783788536185,-0.3523084464406994,0.0,-0.09085779557611662,0.37131551329106166,0.08097546207723207,0.36795920407286586,0.8500037294081554,0.0,3.0637707710266113,43.96503448486328,0.3
7.771999999999366,0.19887024431833028,-0.04348665378776971,0.1965706801749203,-0.35238819577900743,0.0,-0.09093754491442463,0.3712887979105536,0.08097656712832649,0.3685588056801191,0.8500038496061901,0.0,3.0637707710266113,43.96503448486328,0.3
7.781999999999365,0.1984004924252618,-0.04930928647401593,0.19683268017684297,-0.35216691622476826,0.0,-0.09071626536018546,0.3712620146241329,0.08097765025450133,0.3692934301127653,0.8500039694768815,0.0,3.0637707710266113,43.96503448486328,0.3
7.791999999999364,0.19787330496485264,-0.054872489193542956,0.19705984652821076,-0.35169957841580196,0.0,-0.09024892755121916,0.37123526233023707,0.08097871189076108,0.37007596806246223,0.8500040887965139,0.0,3.0637707710266113,43.96503448486328,0.3
7.801999999999363,0.19729925281589616,-0.058595500134594594,0.19727405210827378,-0.35122801946787124,0.0,-0.08977736860328844,0.37120864423788147,0.08097975246347935,0.3705645943692647,0.8500042076546128,0.0,3.1167149543762207,43.689971923828125,0.3
7.811999999999362,0.19670618473679605,-0.0596483816214452,0.1975149530954472,-0.35071454055418466,0.0,-0.08926388968960186,0.3711822652457422,0.08098077239057025,0.3708102046351033,0.850004325724054,0.0,3.1167149543762207,43.689971923828125,0.3
7.821999999999361,0.19610952226160175,-0.05942913302168042,0.19772749659470942,-0.35035887860038123,0.0,-0.08890822773579843,0.3711562269588373,0.0809817720816562,0.37054091514138543,0.850004443388568,0.0,3.1167149543762207,43.689971923828125,0.3
7.8319999999993595,0.19551746221548308,-0.059025513925451335,0.19789081317431906,-0.3493487808969964,0.0,-0.08789813003241359,0.37113062452751544,0.0809827519382325,0.3709123814281253,0.8500045598844508,0.0,3.1167149543762207,43.689971923828125,0.3
7.841999999999358,0.19493657792092445,-0.05737255543112946,0.19801167520457122,-0.3484715387650117,0.0,-0.08702088790042889,0.37110554543891194,0.08098371235382847,0.37084468388565883,0.8500046753201778,0.0,3.1167149543762207,43.689971923828125,0.3
7.851999999999357,0.19437755463250245,-0.05419296911480533,0.19810223415644268,-0.3472506416087271,0.0,-0.0857999907441443,0.3710810686124141,0.08098465371416556,0.37103301246974063,0.8500047892506633,0.0,3.110974073410034,43.338314056396484,0.3
7.861999999999356,0.1938767347894825,-0.04756029505977488,0.1982348791319411,-0.346315010532491,0.0,-0.08486435966790817,0.37105726218120655,0.08098557639731231,0.37062267615609135,0.8500049018899265,0.0,3.110974073410034,43.338314056396484,0.3
7.871999999999355,0.1934334427100593,-0.04231822251737666,0.1982949063272837,-0.344378572356361,0.0,-0.08292792149177819,0.3710341785942361,0.08098648077383609,0.37144630251496613,0.8500050123828023,0.0,3.110974073410034,43.338314056396484,0.3
7.881999999999354,0.19304078736587402,-0.037038596337808,0.1982910569896035,-0.3431410775334561,0.0,-0.08169042666887327,0.3710118549173384,0.08098736720695202,0.37116242635035224,0.8500051208514937,0.0,3.110974073410034,43.338314056396484,0.3
7.891999999999353,0.19270703329046535,-0.03107345162590698,0.19823431598235106,-0.34135443248844405,0.0,-0.07990378162386125,0.3709903148474188,0.08098823605266871,0.3715608329539438,0.8500052275315402,0.0,3.110974073410034,43.338314056396484,0.3
7.901999999999352,0.19243177574702625,-0.024524054312978105,0.19813010272544881,-0.3403549968908867,0.0,-0.07890434602630392,0.3709695685518894,0.08098908765993144,0.37081310638510645,0.850005331961044,0.0,3.053065776824951,43.09769821166992,0.3
7.911999999999351,0.1922433138206185,-0.015320140665511447,0.19804613722038522,-0.3387888760403496,0.0,-0.07733822517576677,0.3709496126962984,0.08098992237076214,0.3708545619490137,0.8500054348880172,0.0,3.053065776824951,43.09769821166992,0.3
7.92199999999935,0.1921442855197733,-0.006308908260715994,0.1979199226391374,-0.3377468711319248,0.0,-0.07629622026734201,0.3709304272193623,0.08099074052039681,0.3702002759890176,0.8500055362190586,0.0,3.053065776824951,43.09769821166992,0.3
7.9319999999993485,0.1921307558725959,0.0018011328246556307,0.19774472403606752,-0.33619157633932734,0.0,-0.07474092547474454,0.3709119752685001,0.08099154243742016,0.37034693365559923,0.8500056356423197,0.0,3.053065776824951,43.09769821166992,0.3
7.941999999999347,0.19219574839617343,0.009355700115847845,0.1975273668933551,-0.33457627707377036,0.0,-0.07312562620918756,0.3708942052194138,0.08099232844389756,0.3707005930537689,0.8500057332714126,0.0,3.053065776824951,43.09769821166992,0.3
7.951999999999346,0.1923244413725653,0.015150557608498236,0.19725189169804586,-0.3330597898841928,0.0,-0.07160913901961002,0.37087705319012554,0.08099309885550442,0.37107503358920146,0.8500058284450327,0.0,3.027914047241211,43.075294494628906,0.3
7.961999999999345,0.19250660423403937,0.020227722045572036,0.19693661643451085,-0.33152375889274266,0.0,-0.07007310802815986,0.3708604465209787,0.0809938539816529,0.3716664618475758,0.85000592155403,0.0,3.027914047241211,43.075294494628906,0.3
7.971999999999344,0.19273545403859357,0.024523105372929385,0.1965858929666664,-0.3300632225218725,0.0,-0.06861257165728968,0.3708443065021238,0.08099459412561628,0.372368744658939,0.8500060127817315,0.0,3.027914047241211,43.075294494628906,0.3
7.981999999999343,0.19300590955269736,0.028975119459268093,0.19622107802579253,-0.3296072558275226,0.0,-0.06815660496293979,0.3708285502364038,0.0809953195846507,0.3719032664651859,0.8500061027393367,0.0,3.027914047241211,43.075294494628906,0.3
7.991999999999342,0.19332944756048473,0.03460160198355501,0.19587613389800226,-0.32931651427688974,0.0,-0.06786586341230694,0.3708130916261339,0.0809960306501145,0.3714655892014399,0.8500061925213305,0.0,3.027914047241211,43.075294494628906,0.3
8.001999999999342,0.19370081491328445,0.0385106465557606,0.19551927146394457,-0.3286567951261065,0.0,-0.06720614426152371,0.37079784009287126,0.08099672760758533,0.37181884689667877,0.8500062814263516,0.0,3.076117992401123,43.23485565185547,0.3
8.011999999999345,0.19409976582762453,0.04093018147201559,0.19514079162728856,-0.32867618449972136,0.0,-0.06722553363513856,0.37078270193203783,0.08099741073697479,0.3715057234535506,0.850006369959902,0.0,3.076117992401123,43.23485565185547,0.3
8.021999999999348,0.19453044813719117,0.0444728251431238,0.1948089840066654,-0.3293560434795185,0.0,-0.06790539261493572,0.37076758378632635,0.08099808031264082,0.3705575179906926,0.8500064591864689,0.0,3.076117992401123,43.23485565185547,0.3
8.031999999999352,0.19499108893433262,0.04677744488492146,0.19450573943103122,-0.3291180721291908,0.0,-0.06766742126460801,0.370752392564484,0.08099873660349798,0.3711824046312321,0.8500065486144424,0.0,3.076117992401123,43.23485565185547,0.3
8.041999999999355,0.19545907557553993,0.04676032387530274,0.194214879419983,-0.3292837304154699,0.0,-0.06783307955088708,0.3707370360832248,0.08099937987312533,0.3715190306055256,0.8500066377591546,0.0,3.076117992401123,43.23485565185547,0.3
8.051999999999358,0.19592427596342799,0.045922287460176646,0.1939526059224927,-0.32990546330767617,0.0,-0.06845481244309337,0.37072142680751113,0.08100001037987242,0.37147722574870823,0.8500067277389896,0.0,3.0932393074035645,43.49989318847656,0.3
8.061999999999362,0.19636589412460737,0.0432333006595469,0.1936793394625797,-0.33100499905832187,0.0,-0.06955434819373907,0.3707054842327205,0.08100062837696292,0.37101186797108465,0.8500068188642308,0.0,3.0932393074035645,43.49989318847656,0.3
8.071999999999365,0.1967803662157731,0.040303413670083645,0.1934562883498407,-0.3318290427419335,0.0,-0.07037839187735068,0.37068913770749884,0.08100123411259641,0.3711561297771113,0.8500069110502316,0.0,3.0932393074035645,43.49989318847656,0.3
8.081999999999368,0.1971669335971773,0.037519625845183584,0.19329607415585354,-0.332939225535806,0.0,-0.07148857467122322,0.370672327040596,0.08100182783004804,0.37109385775273673,0.8500070048334485,0.0,3.0932393074035645,43.49989318847656,0.3
8.091999999999372,0.1975216982400036,0.03415006309603766,0.19319314032399162,-0.3343455544123574,0.0,-0.07289490354777461,0.3706550020383087,0.08100240976776621,0.37077830776362874,0.8500071001701588,0.0,3.0932393074035645,43.49989318847656,0.3
8.101999999999375,0.19783965492536443,0.02987368829643561,0.19313723979886405,-0.3356844736985605,0.0,-0.07423382283397773,0.3706371225298529,0.08100298015946837,0.370682842982722,0.8500071973457501,0.0,3.062370777130127,43.73358917236328,0.3
8.111999999999378,0.1980978890752113,0.02316232556860958,0.19307553513593612,-0.3368498464389308,0.0,-0.07539919557434799,0.37061865913101677,0.08100353923423484,0.3709228198615847,0.8500072961063019,0.0,3.062370777130127,43.73358917236328,0.3
8.121999999999382,0.19829261413305738,0.017112409709920187,0.19307649864260415,-0.33847700712379986,0.0,-0.07702635625921705,0.37059959616617916,0.08100408721660084,0.3705711438426502,0.8500073968061039,0.0,3.062370777130127,43.73358917236328,0.3
8.131999999999385,0.1984326753027665,0.011963870299145935,0.19314833374119114,-0.34035440776476705,0.0,-0.07890375690018425,0.370579931781741,0.0810046243266467,0.3698844126080363,0.8500074998650918,0.0,3.062370777130127,43.73358917236328,0.3
8.141999999999388,0.19852390852533103,0.007306694252804009,0.19328684739573307,-0.3421782484108496,0.0,-0.0807275975462668,0.3705596755239714,0.08100515078008615,0.36924958753732706,0.8500076053059206,0.0,3.062370777130127,43.73358917236328,0.3
8.151999999999392,0.1985757654156849,0.003632404804209191,0.19349730981334298,-0.3442208784794494,0.0,-0.08277022761486658,0.37053884624964156,0.08100566678835314,0.3682493883984521,0.8500077136342424,0.0,3.0091402530670166,43.82822036743164,0.3
8.161999999999395,0.19858193942828806,-0.0015412235943143733,0.19373009404594416,-0.34544444789781525,0.0,-0.08399379703323245,0.3705174700391644,0.08100617255868652,0.36830443024527926,0.8500078238579383,0.0,3.0091402530670166,43.82822036743164,0.3
8.171999999999398,0.19853302828012645,-0.007163639114318027,0.1939955683514768,-0.34655427436335406,0.0,-0.08510362349877126,0.3704955806288207,0.08100666829421342,0.36839321879654885,0.8500079356885953,0.0,3.0091402530670166,43.82822036743164,0.3
8.181999999999402,0.19842841244443526,-0.01293109616525576,0.19428836628062454,-0.3474826414124199,0.0,-0.08603199054783711,0.37047322051920134,0.08100715419403086,0.36857862277742137,0.8500080490328474,0.0,3.0091402530670166,43.82822036743164,0.3
8.191999999999405,0.1982584273708735,-0.019739116247229245,0.19458045380477712,-0.34809579157993464,0.0,-0.08664514071535184,0.37045044083161666,0.08100763045328556,0.3690177381339723,0.8500081630300401,0.0,3.0091402530670166,43.82822036743164,0.3
8.201999999999408,0.19802848472189544,-0.024701318864152767,0.1949032803954696,-0.34975974862409775,0.0,-0.08830909775951495,0.3704273021050607,0.08100809726325243,0.36777204775748296,0.8500082786050507,0.0,3.048107624053955,43.76934814453125,0.3
8.211999999999412,0.19776401121414347,-0.027555863520028773,0.1952693673068936,-0.3507919284512719,0.0,-0.08934127758668908,0.37040387240453376,0.08100855481141142,0.3671795949881812,0.8500083959859176,0.0,3.048107624053955,43.76934814453125,0.3
8.221999999999415,0.19747517257224426,-0.0298285759123924,0.19564740729560762,-0.3514548935702617,0.0,-0.09000424270567892,0.37038022250029584,0.08100900328152266,0.3668605612242206,0.8500085146118452,0.0,3.048107624053955,43.76934814453125,0.3
8.231999999999418,0.19715708349232497,-0.033012219830921063,0.19600235233937763,-0.3517052525429738,0.0,-0.090254601678391,0.3703564235891588,0.08100944285370047,0.3668669151177526,0.8500086333469598,0.0,3.048107624053955,43.76934814453125,0.3
8.241999999999422,0.19681062549357078,-0.03577106610009066,0.19633954463078995,-0.35143263481933507,0.0,-0.08998198395475226,0.370332547739327,0.08100987370448551,0.3673482589912488,0.8500087523188484,0.0,3.048107624053955,43.76934814453125,0.3
8.251999999999425,0.19644063955421256,-0.03744300157319759,0.19666429609239977,-0.35147907752237695,0.0,-0.09002842665779415,0.37030866777914867,0.08101029600691578,0.3671263765975824,0.8500088712771043,0.0,3.0748772621154785,43.58186340332031,0.3
8.261999999999428,0.19606732865670556,-0.03723491627585611,0.19700491283667515,-0.35135764930554747,0.0,-0.08990699844096467,0.37028485585050563,0.0810107099305961,0.36688570183792735,0.8500089900401175,0.0,3.0748772621154785,43.58186340332031,0.3
8.271999999999432,0.19569690210285762,-0.0367713248385635,0.1973103303656576,-0.35127975881671286,0.0,-0.08982910795213006,0.37026118012520365,0.0810111156417662,0.3663397043265455,0.850009108411465,0.0,3.0748772621154785,43.58186340332031,0.3
8.281999999999435,0.19533842264761653,-0.035139322090418576,0.19758795913204552,-0.35087192825847047,0.0,-0.08942127739388767,0.37023770337933104,0.08101151330336757,0.3660288215157821,0.850009226559007,0.0,3.0748772621154785,43.58186340332031,0.3
8.291999999999438,0.195004769074098,-0.03207753457436062,0.19784058980765487,-0.3507073208069421,0.0,-0.08925666994235931,0.3702144816197907,0.08099958235700563,0.36516453025624074,0.8500093445103264,0.0,3.0748772621154785,43.58186340332031,0.3
8.301999999999442,0.19471035776555476,-0.02729547664977422,0.19808061960311496,-0.35041320354125327,0.0,-0.08896255267667047,0.370191561988575,0.08098370082164655,0.36429702063520575,0.850009462160559,0.0,3.0573670864105225,43.371795654296875,0.3
8.311999999999445,0.194470990888168,-0.02205885640919024,0.19831564213613984,-0.3490594323547531,0.0,-0.08760878149017032,0.37016898039263035,0.08098464241078951,0.36478153633485133,0.8500095784254283,0.0,3.0573670864105225,43.371795654296875,0.3
8.321999999999449,0.19427851207567054,-0.017258833151330075,0.19849588477942764,-0.34836818134328834,0.0,-0.08691753047870554,0.3701467598569041,0.08098556531820246,0.36421764779766486,0.8500096934027177,0.0,3.0573670864105225,43.371795654296875,0.3
8.331999999999452,0.19413773254801614,-0.012069576257533413,0.1986320193122065,-0.34731870382338836,0.0,-0.08586805295880556,0.3701249120578834,0.08098646991454285,0.3640683605781403,0.8500098073327974,0.0,3.0573670864105225,43.371795654296875,0.3
8.341999999999455,0.1940448236084526,-0.007539000581164006,0.19870679104431926,-0.3459428605706046,0.0,-0.08449220970602178,0.3701034376882434,0.08098735656311407,0.3643243857334949,0.8500099195386052,0.0,3.0573670864105225,43.371795654296875,0.3
8.351999999999459,0.19400072062949977,-0.0021511089608422344,0.19874385953872875,-0.3451240757961575,0.0,-0.0836734249315747,0.3700823276420578,0.0809882256200113,0.36378390435675656,0.8500100304592303,0.0,3.00688099861145,43.280601501464844,0.3
8.361999999999462,0.19401733318990697,0.00392711769282828,0.19875960862616587,-0.3436868607789788,0.0,-0.08223620991439601,0.370061563356726,0.0809890774342646,0.36412721680451154,0.8500101399978343,0.0,3.00688099861145,43.280601501464844,0.3
8.371999999999465,0.1940844417521573,0.008427883988669461,0.19870930479429003,-0.3422027171726509,0.0,-0.08075206630806808,0.3700411158548598,0.08098991234797907,0.3645867202263403,0.8500102474141735,0.0,3.00688099861145,43.280601501464844,0.3
8.381999999999469,0.19419184299786563,0.012477671599848538,0.19860611592577693,-0.3410608812591112,0.0,-0.07961023039452841,0.3700209479524946,0.08099073069647218,0.36464797032707164,0.8500103529819497,0.0,3.00688099861145,43.280601501464844,0.3
8.391999999999472,0.19433936176766917,0.016330347425681055,0.19846004879761078,-0.33996638868323764,0.0,-0.07851573781865484,0.37000101665892343,0.08099153280840848,0.36475362717605675,0.8500104569154958,0.0,3.00688099861145,43.280601501464844,0.3
8.401999999999475,0.1945327298387181,0.02156002600386172,0.19830160771223182,-0.3396909636934694,0.0,-0.0782403128288866,0.3699812738128763,0.08099231900593164,0.3638509676389088,0.8500105602159497,0.0,3.040966033935547,43.33875274658203,0.3
8.411999999999479,0.1947812903859516,0.027098009120761796,0.19812729460798947,-0.3392309097446186,0.0,-0.07778025888003581,0.3699616653347587,0.08099308960479376,0.3633743103293786,0.8500106630719376,0.0,3.040966033935547,43.33875274658203,0.3
8.421999999999482,0.19508112270059347,0.03165472829608326,0.19793461354637348,-0.33834783510226774,0.0,-0.07689718423768493,0.369942130080621,0.08099384491448228,0.3636809728878202,0.8500107649279133,0.0,3.040966033935547,43.33875274658203,0.3
8.431999999999485,0.1954183366730884,0.03504967481941443,0.19772253970760548,-0.33759796315124074,0.0,-0.07614731228665794,0.36992260122449283,0.08099458523834413,0.3640078992126283,0.8500108656984565,0.0,3.040966033935547,43.33875274658203,0.3
8.441999999999489,0.19578642720372721,0.03794304303065274,0.19750626784224584,-0.33725008270918183,0.0,-0.07579943184459903,0.3699030090239242,0.0809953108737077,0.36399032036114076,0.8500109658436781,0.0,3.040966033935547,43.33875274658203,0.3
8.451999999999492,0.19618074085293188,0.040021136151200454,0.19728402353780522,-0.33694030608837183,0.0,-0.07548965522378903,0.3698832824404768,0.08099602211200219,0.3641453251506913,0.8500110656880802,0.0,3.080122709274292,43.532081604003906,0.3
8.461999999999495,0.19658135051300996,0.0402404329637087,0.19702354303154732,-0.33689653006720677,0.0,-0.07544587920262397,0.36986335062759707,0.08099671923887461,0.3641601386163845,0.8500111652701988,0.0,3.080122709274292,43.532081604003906,0.3
8.471999999999499,0.19698973294309327,0.04118995643450285,0.19679416285656617,-0.33719685405392485,0.0,-0.07574620318934205,0.36984314596128476,0.08099740253430462,0.3639261422021085,0.850011265294389,0.0,3.080122709274292,43.532081604003906,0.3
8.481999999999502,0.19740017703001392,0.040805827475711744,0.19657636378115476,-0.3371994155756258,0.0,-0.07574876471104303,0.36982260431622255,0.08099807227271688,0.36433517176192853,0.8500113651804762,0.0,3.080122709274292,43.532081604003906,0.3
8.491999999999505,0.1978050220431816,0.04057140668250504,0.1963939367318719,-0.33827509615801027,0.0,-0.07682444529342747,0.3698016658645298,0.08099872872309126,0.363454873107962,0.8500114657385328,0.0,3.080122709274292,43.532081604003906,0.3
8.501999999999509,0.19820795884374384,0.03951969294567004,0.1962381392062344,-0.3386249696443884,0.0,-0.07717431877980557,0.3697802759756481,0.08099937214907092,0.3637900041861578,0.8500115672944758,0.0,3.0805280208587646,43.77547073364258,0.3
8.511999999999512,0.19858705645957653,0.037020402466635995,0.19607220076241194,-0.339935157328545,0.0,-0.07848450646396221,0.36975838510941456,0.08100000280906819,0.36296594475996136,0.8500116701475328,0.0,3.0805280208587646,43.77547073364258,0.3
8.521999999999515,0.19895170201200837,0.036178893633169625,0.19598054205118073,-0.3414420949841849,0.0,-0.07999144411960207,0.36973595148485966,0.08100062095636827,0.36203447375305065,0.8500117750995996,0.0,3.0805280208587646,43.77547073364258,0.3
8.531999999999519,0.19930336513983415,0.0343251206721051,0.19593562594764466,-0.3424492806071848,0.0,-0.08099862974260202,0.36971293964752794,0.08100122683923112,0.36194761206913373,0.8500118814082452,0.0,3.0805280208587646,43.77547073364258,0.3
8.541999999999522,0.19963630577423003,0.03256930999533851,0.19595204305318395,-0.3440608665066182,0.0,-0.08261021564203541,0.3696893197008209,0.08100182070099096,0.36113158316366023,0.8500119896609634,0.0,3.0805280208587646,43.77547073364258,0.3
8.551999999999525,0.19994330209570435,0.028971037815143843,0.19599628568820904,-0.34504998532031544,0.0,-0.08359933445573264,0.36966506799016907,0.08100240278015418,0.36127515347501127,0.8500120993338999,0.0,3.060264825820923,43.986244201660156,0.3
8.561999999999529,0.20019166203345296,0.022146169652702708,0.19601139997602052,-0.34548528795112765,0.0,-0.08403463708654485,0.3696401686264573,0.08100297331049501,0.3622528730920507,0.8500122098636156,0.0,3.060264825820923,43.986244201660156,0.3
8.571999999999532,0.20037357623722282,0.015480622365246152,0.19606315401824234,-0.3464048624348666,0.0,-0.08495421157028382,0.3696146182411944,0.08100353252114947,0.36257850783201906,0.8500123216485874,0.0,3.060264825820923,43.986244201660156,0.3
8.581999999999535,0.20048753139223227,0.008865756486531665,0.19614790443303526,-0.3477977008882218,0.0,-0.08634705002363902,0.3695884272352519,0.08100408063670737,0.36223175429733145,0.8500124346458029,0.0,3.060264825820923,43.986244201660156,0.3
8.591999999999539,0.20054642340227727,0.003989846948054907,0.19629286164718077,-0.349395881223388,0.0,-0.0879452303588052,0.3695616188323014,0.08100461787730252,0.3615548139649807,0.8500125498410005,0.0,3.060264825820923,43.986244201660156,0.3
8.601999999999542,0.20055698576278155,-0.0011797549045056838,0.19646950387963583,-0.3502791574414689,0.0,-0.08882850657688612,0.3695342261063922,0.0810051444587011,0.3618062683323545,0.8500126665822465,0.0,3.0000734329223633,44.06712341308594,0.3
8.611999999999545,0.20051252078577336,-0.00660290677083732,0.19666170331744148,-0.3514306236324994,0.0,-0.08997997276791658,0.36950629011353925,0.08100566059238842,0.3615811548499369,0.850012784814672,0.0,3.0000734329223633,44.06712341308594,0.3
8.621999999999549,0.20041516001873877,-0.01192649329083027,0.19687748889825937,-0.35210996975349057,0.0,-0.09065931888890777,0.36947786014714373,0.08100616648565369,0.36188958943091076,0.8500129042665068,0.0,3.0000734329223633,44.06712341308594,0.3
8.631999999999552,0.20025889862739887,-0.018122272033758123,0.19709210610241143,-0.3526028105058052,0.0,-0.09115215964122242,0.3694489930948561,0.08100666234167346,0.36230553772043306,0.8500130241836511,0.0,3.0000734329223633,44.06712341308594,0.3
8.641999999999555,0.20004378365937886,-0.023741444255872407,0.19731536183397835,-0.35312066994554925,0.0,-0.09167001908096645,0.3694197537528735,0.08100714835959309,0.3625092004578194,0.8500131448813206,0.0,3.0000734329223633,44.06712341308594,0.3
8.651999999999559,0.19977804604789898,-0.028095433159207837,0.1975542405276987,-0.35399889183167266,0.0,-0.09254824096708986,0.369390214255309,0.08100762473460676,0.362012770459342,0.8500132664492274,0.0,3.0550777912139893,43.98011016845703,0.3
8.661999999999562,0.1994784855218707,-0.031211400947459434,0.19781594732920282,-0.35426840753298583,0.0,-0.09281775666840303,0.36936045177995314,0.08100809165803588,0.36215877454606993,0.8500133887211044,0.0,3.0550777912139893,43.98011016845703,0.3
8.671999999999565,0.19915494046863932,-0.03283411631453941,0.1980898079457894,-0.3552426377881024,0.0,-0.09379198692351959,0.3693305453018367,0.08100854931740593,0.3610992561671357,0.8500135119981571,0.0,3.0550777912139893,43.98011016845703,0.3
8.681999999999569,0.19882374112490203,-0.0331394400377512,0.19837348915043082,-0.3559196786130797,0.0,-0.09446902774849691,0.3693005730834019,0.08100899789652176,0.36023605362181943,0.8500136362392527,0.0,3.0550777912139893,43.98011016845703,0.3
8.691999999999572,0.19849103333666623,-0.03354987769353625,0.1986421219864194,-0.3555681264838757,0.0,-0.0941174756192929,0.36927060979892473,0.08100943757554142,0.3605963841338157,0.850013760648461,0.0,3.0550777912139893,43.98011016845703,0.3
8.701999999999575,0.1981516462358297,-0.03410870033782997,0.1988877469924149,-0.3548073969723464,0.0,-0.09335674610776362,0.36924072561725313,0.08100986853104851,0.3613176745806743,0.8500138845099199,0.0,3.068293333053589,43.78638458251953,0.3
8.711999999999579,0.19781445553835988,-0.03357277779083862,0.19914042665123982,-0.3545137748195267,0.0,-0.09306312395494387,0.3692109868933281,0.08101029093612308,0.3611766924029213,0.8500140075854209,0.0,3.068293333053589,43.78638458251953,0.3
8.721999999999582,0.19748212150070263,-0.03283374614701648,0.19935663292751624,-0.35420602482397034,0.0,-0.09275537395938754,0.369181455161786,0.08101070496041117,0.36085698695560664,0.8500141300257196,0.0,3.068293333053589,43.78638458251953,0.3
8.731999999999585,0.1971630953290528,-0.03134908676170455,0.19954096088016152,-0.35346695211631735,0.0,-0.09201630125173454,0.36915218647067033,0.08101111077019292,0.36096086570569685,0.8500142519086775,0.0,3.068293333053589,43.78638458251953,0.3
8.741999999999589,0.1968552973139222,-0.030586528848429873,0.19966646484102127,-0.3519979967383175,0.0,-0.0905473458737347,0.36912323047840984,0.0810115085284494,0.3619267288083492,0.8500143722621977,0.0,3.068293333053589,43.78638458251953,0.3
8.751999999999592,0.19655253827562297,-0.029559209322889933,0.199742539184179,-0.3509838771263903,0.0,-0.08953322626180749,0.3690946311292126,0.08101189839492802,0.3621163908989108,0.8500144908326501,0.0,3.0605125427246094,43.59339904785156,0.3
8.761999999999595,0.19628017526653097,-0.02597193499842684,0.19982911346251042,-0.34980512562390703,0.0,-0.08835447475932423,0.36906642738945405,0.0810122805262067,0.3624182648085117,0.8500146083134246,0.0,3.0605125427246094,43.59339904785156,0.3
8.771999999999599,0.1960385765594733,-0.02272577199203792,0.19986042712153337,-0.34895341124707585,0.0,-0.08750276038249305,0.3690386499816495,0.08101265507575672,0.36216883112596043,0.8500147241487245,0.0,3.0605125427246094,43.59339904785156,0.3
8.781999999999602,0.19583153699872408,-0.019430039286565722,0.19984217066861348,-0.34743284275071634,0.0,-0.08598219188613354,0.3690113209147001,0.08101302219400446,0.3627920753509126,0.8500148384148598,0.0,3.0605125427246094,43.59339904785156,0.3
8.791999999999605,0.1956572004963294,-0.01586170792169288,0.19977566971975322,-0.3466638670129786,0.0,-0.08521321614839578,0.3689844537533611,0.08101338202839165,0.36232875375231677,0.8500149510299132,0.0,3.0605125427246094,43.59339904785156,0.3
8.801999999999609,0.19552746986097125,-0.01068062641192049,0.19969119667515048,-0.3456802883065013,0.0,-0.08422963744191853,0.36895805409452753,0.08101373472343476,0.36216309640400834,0.8500150626223835,0.0,3.024001359939575,43.465858459472656,0.3
8.811999999999612,0.19546370748498235,-0.003585026615378264,0.1996207435829037,-0.34511505552589966,0.0,-0.08366440466131686,0.3689321178365491,0.08101408042078295,0.36143965534417366,0.8500151734426379,0.0,3.024001359939575,43.465858459472656,0.3
8.821999999999615,0.19546388437348708,0.0021640596198076005,0.19950792742573212,-0.343595833996425,0.0,-0.08214518313184221,0.36890662832716464,0.08101441925927495,0.3621100633380193,0.850015282714371,0.0,3.024001359939575,43.465858459472656,0.3
8.831999999999619,0.19551345827078623,0.006733652564185066,0.19935021319492935,-0.34258406129337277,0.0,-0.08113341042878996,0.3688815573634935,0.08101475137499485,0.36215578423226036,0.8500153902503333,0.0,3.024001359939575,43.465858459472656,0.3
8.841999999999622,0.19560689237341425,0.011107053288295435,0.19916296644272702,-0.34149429309897955,0.0,-0.08004364223439675,0.3688568684989493,0.08101507690132675,0.3624217960090741,0.8500154964514381,0.0,3.024001359939575,43.465858459472656,0.3
8.851999999999626,0.19574213258911735,0.01502919046532901,0.19894835553321408,-0.3405585876013742,0.0,-0.0791079367367914,0.36883251879934914,0.08101539596900831,0.36260683695651685,0.8500156013653773,0.0,3.0286619663238525,43.485450744628906,0.3
8.861999999999629,0.19591522059074085,0.019052725439593684,0.19871746161364842,-0.3402012823958642,0.0,-0.07875063153128142,0.36880845984738025,0.08101570870618324,0.36213728780640386,0.8500157053991625,0.0,3.0286619663238525,43.485450744628906,0.3
8.871999999999632,0.19612878105411308,0.022582665830002402,0.19847579142200034,-0.3390696894663742,0.0,-0.07761903860179142,0.3687846386349726,0.08101601523845288,0.3629256124850567,0.8500158085575586,0.0,3.0286619663238525,43.485450744628906,0.3
8.881999999999636,0.19637143586000513,0.02558666665900813,0.19822482560989788,-0.33890995663047235,0.0,-0.07745930576588955,0.3687609980068565,0.08101631568892652,0.36253919981802796,0.8500159108448839,0.0,3.0286619663238525,43.485450744628906,0.3
8.891999999999639,0.19664959252751013,0.029107794539589074,0.1979920277744956,-0.3386738388205875,0.0,-0.07722318795600469,0.36873747839346005,0.08101661017827085,0.3624563324465899,0.8500160131586785,0.0,3.0286619663238525,43.485450744628906,0.3
8.901999999999642,0.19695338545467173,0.0306729509942324,0.1977444968554133,-0.3379288308059434,0.0,-0.07647817994136058,0.36871401754964755,0.08101689882475849,0.36328852985454574,0.8500161147396201,0.0,3.0618088245391846,43.627044677734375,0.3
8.911999999999646,0.19724942234480275,0.028954700586993672,0.19744067272718888,-0.3375243192645495,0.0,-0.07607366839996671,0.3686905528547047,0.08101718174431545,0.3638469961789006,0.8500162149838195,0.0,3.0618088245391846,43.627044677734375,0.3
8.921999999999649,0.1975330793277111,0.028133937582540316,0.19715844385215292,-0.33754361321572024,0.0,-0.07609296235113744,0.3686670268313849,0.08101745905056769,0.36401007620288384,0.8500163152413698,0.0,3.0618088245391846,43.627044677734375,0.3
8.931999999999652,0.19780964813965854,0.02734698729927763,0.19689940594606894,-0.3375917782266224,0.0,-0.0761411273620396,0.36864338826333054,0.08101773085488677,0.3643229924410557,0.850016415621067,0.0,3.0618088245391846,43.627044677734375,0.3
8.941999999999656,0.19807898011384525,0.026911475230000873,0.1966758001290389,-0.3384095867956405,0.0,-0.07695893593105768,0.36861959096208535,0.08101799726643456,0.3637367906719855,0.850016516575743,0.0,3.0618088245391846,43.627044677734375,0.3
8.951999999999659,0.19834521711951397,0.026086715347139848,0.19648274225379114,-0.33882194561685053,0.0,-0.07737129475226773,0.3685955932514968,0.08101825839220707,0.3638833562080126,0.8500166183988673,0.0,3.0532493591308594,43.795166015625,0.3
8.961999999999662,0.19859586863880352,0.024575490003126386,0.1962989996394565,-0.3400851996626779,0.0,-0.07863454879809512,0.36857135744336117,0.08101851433707745,0.362990455441648,0.8500167214785593,0.0,3.0532493591308594,43.795166015625,0.3
8.971999999999666,0.1988320019395333,0.022827533071988898,0.1961586319724135,-0.3406267380421178,0.0,-0.07917608717753499,0.36854685128879955,0.08101876520383812,0.36324323984726814,0.8500168255771694,0.0,3.0532493591308594,43.795166015625,0.3
8.981999999999669,0.19904369134949113,0.02001220446900707,0.1960487376282461,-0.34115821959516557,0.0,-0.07970756873058277,0.36852204807394606,0.08101901109324204,0.36362150451687714,0.8500169303604118,0.0,3.0532493591308594,43.795166015625,0.3
8.991999999999672,0.199220651744551,0.016030019930072994,0.19596433418917772,-0.34152631623572904,0.0,-0.08007566537114624,0.3684969278813576,0.08101925210404312,0.3643131589959999,0.8500170357371323,0.0,3.0532493591308594,43.795166015625,0.3
9.001999999999676,0.1993534738388392,0.011167394069304393,0.19590065189044836,-0.3420670026547099,0.0,-0.0806163517901271,0.36847147918733125,0.08101948833303597,0.3648189296989035,0.8500171418759167,0.0,3.024906635284424,43.91973876953125,0.3
9.011999999999679,0.1994293041117898,0.005367186727111683,0.19583749410955392,-0.3429999668202395,0.0,-0.08154931595565668,0.36844570027259604,0.08101971987509474,0.36480439971515144,0.8500172489176263,0.0,3.024906635284424,43.91973876953125,0.3
9.021999999999682,0.19945076194327888,0.00023542828928978937,0.19581308790907015,-0.34400221382510476,0.0,-0.08255156296052196,0.36841960058367107,0.08101994682321116,0.3646943121314614,0.8500173570845089,0.0,3.024906635284424,43.91973876953125,0.3
9.031999999999686,0.19942957672982603,-0.003506766574202895,0.19584239831685968,-0.3452653118358283,0.0,-0.08381466097124551,0.3683931996853132,0.08102016926853198,0.36419316248143985,0.8500174669595328,0.0,3.024906635284424,43.91973876953125,0.3
9.041999999999689,0.19937285241396688,-0.007057071910456739,0.19591110529374964,-0.3461433014656136,0.0,-0.08469265060103082,0.36836652448068274,0.08102038730039557,0.3641801859908962,0.850017578199806,0.0,3.024906635284424,43.91973876953125,0.3
9.051999999999692,0.19928442328062848,-0.010169367414538874,0.19602024837438248,-0.347087783448498,0.0,-0.0856371325839152,0.3683396072458567,0.08102060100636772,0.36399899800945823,0.8500176909238973,0.0,3.0188958644866943,43.91657257080078,0.3
9.061999999999696,0.19915814765807502,-0.014359977805675217,0.19614071591166865,-0.3475650704316484,0.0,-0.08611441956706561,0.3683124846754214,0.0810208104722769,0.3643734159644897,0.8500178042426308,0.0,3.0188958644866943,43.91657257080078,0.3
9.071999999999699,0.1989856333011612,-0.01937677570619219,0.1962630583673738,-0.3474809113901588,0.0,-0.086030260525576,0.3682851985499391,0.08102101578224863,0.3654123059895732,0.8500179179062365,0.0,3.0188958644866943,43.91657257080078,0.3
9.081999999999702,0.19876163337315408,-0.024051847407043168,0.1963915647542224,-0.3482812682999561,0.0,-0.08683061743537329,0.36825779703451944,0.0810212170187394,0.36507000315032034,0.8500180320458207,0.0,3.0188958644866943,43.91657257080078,0.3
9.091999999999706,0.19849506999271208,-0.028173632504126158,0.19652694851432606,-0.34868551462187236,0.0,-0.08723486375728956,0.3682303348265945,0.08102141426256966,0.3651236225966882,0.8500181467126285,0.0,3.0188958644866943,43.91657257080078,0.3
9.101999999999709,0.19819299658460507,-0.031309186634231705,0.19667476737899414,-0.3488204941041489,0.0,-0.08736984323956609,0.3682028713295819,0.08102160759295635,0.36538316174532526,0.8500182618522288,0.0,3.0619091987609863,43.790672302246094,0.3
9.111999999999712,0.19786983989776458,-0.032963681096045014,0.19685297737815308,-0.3491334379909621,0.0,-0.08768278712637928,0.3681754687036124,0.08102179708754466,0.36521157434628493,0.8500183773575227,0.0,3.0619091987609863,43.790672302246094,0.3
9.121999999999716,0.19752556577440078,-0.035653174591194006,0.19700456298630667,-0.3483002118130947,0.0,-0.08684956094851187,0.3681481892284438,0.08102198282243932,0.3664563375733245,0.8500184923976574,0.0,3.0619091987609863,43.790672302246094,0.3
9.131999999999719,0.197151162201237,-0.03851151119053063,0.1971256838777725,-0.34794328687369963,0.0,-0.08649263600911683,0.3681210951765677,0.08102216487223503,0.366842170628232,0.8500186067700882,0.0,3.0619091987609863,43.790672302246094,0.3
9.141999999999722,0.19675707997779734,-0.03999756191701677,0.19723437744457142,-0.34797349328880645,0.0,-0.08652284242422364,0.3680942499096579,0.08102234331004651,0.3664961304547413,0.8500187210114349,0.0,3.0619091987609863,43.790672302246094,0.3
9.151999999999726,0.19635562736277246,-0.03992352132545099,0.1973397938588309,-0.34744835742076685,0.0,-0.08599770655618405,0.3680677161434578,0.08102251820753786,0.3667450252633374,0.8500188349333471,0.0,3.080561637878418,43.57225799560547,0.3
9.161999999999729,0.1959586337702723,-0.03967520737732243,0.19744406776811446,-0.3461754498312078,0.0,-0.08472479896662499,0.36804155345535483,0.08102268963495127,0.36786334649453367,0.8500189472711587,0.0,3.080561637878418,43.57225799560547,0.3
9.171999999999732,0.19556348604911328,-0.03901202580849504,0.19751305761868768,-0.34591891396608143,0.0,-0.08446826310149863,0.36801581653268156,0.08102285766113528,0.36738936095279096,0.8500190586601511,0.0,3.080561637878418,43.57225799560547,0.3
9.181999999999736,0.1951822135696325,-0.0372478054676197,0.19755699553991352,-0.3453493649609215,0.0,-0.0838987140963387,0.36799055525342345,0.08102302235357248,0.3672024340467319,0.8500191693720625,0.0,3.080561637878418,43.57225799560547,0.3
9.191999999999739,0.1948181888546597,-0.03629626843784889,0.1975481923577393,-0.34318274958966216,0.0,-0.08173209872507936,0.36796581309902604,0.08102318377840653,0.36912127034516784,0.8500192784371896,0.0,3.080561637878418,43.57225799560547,0.3
9.201999999999742,0.19446129705242707,-0.03468134567697224,0.1975019277889911,-0.34237117657911287,0.0,-0.08092052571453007,0.36794162719997314,0.08102334200046878,0.36903158163575767,0.8500193857266419,0.0,3.07102632522583,43.34368133544922,0.3
9.211999999999746,0.19413898919088426,-0.030537210280964268,0.19747798189866614,-0.34143138443246823,0.0,-0.07998073356788543,0.36791802945472507,0.08102349708330424,0.3690292293219306,0.8500194917664688,0.0,3.07102632522583,43.34368133544922,0.3
9.221999999999749,0.19385803601661597,-0.026553400348469126,0.1974143365169457,-0.340316734158289,0.0,-0.0788660832937062,0.3678950427798325,0.08102364908919721,0.36920345249402964,0.8500195964316799,0.0,3.07102632522583,43.34368133544922,0.3
9.231999999999752,0.19361671566413136,-0.022713728602259634,0.19730900652181071,-0.33887083495141984,0.0,-0.07742018408683704,0.36787268002136814,0.08102379807919617,0.3698007779922011,0.8500196995639882,0.0,3.07102632522583,43.34368133544922,0.3
9.241999999999756,0.19340859839604166,-0.019344133181169135,0.1971539724940645,-0.337816284681869,0.0,-0.07636563381728617,0.3678509450263528,0.08102394411313839,0.36983624894238665,0.8500198007916914,0.0,3.07102632522583,43.34368133544922,0.3
9.251999999999759,0.19323856327290553,-0.015198846080293621,0.19697480865030437,-0.33655002019655733,0.0,-0.07509936933197453,0.3678298340540622,0.08100164072320423,0.370164521924523,0.8500199005522198,0.0,3.0325675010681152,43.19227600097656,0.3
9.261999999999762,0.19311885573113768,-0.010120305182644528,0.19679769206334569,-0.33526833768213377,0.0,-0.07381768681755096,0.36780933546279965,0.08099123562286942,0.37055314279044393,0.8500199987843434,0.0,3.0325675010681152,43.19227600097656,0.3
9.271999999999766,0.19303937164074295,-0.006770926417634356,0.19656661739611742,-0.33353014892741384,0.0,-0.07207949806283104,0.36778942852130114,0.08099202771674346,0.37165844199765896,0.8500200948370058,0.0,3.0325675010681152,43.19227600097656,0.3
9.281999999999769,0.19298718466683323,-0.004178087528622669,0.19629059556250825,-0.3322600650312907,0.0,-0.07080941416670788,0.36777008554051055,0.0809840724794071,0.3721845675200913,0.8500201888779296,0.0,3.0325675010681152,43.19227600097656,0.3
9.291999999999772,0.19296648866872462,-0.0008532428124154515,0.19599769488566612,-0.33119088888418885,0.0,-0.06974023801960605,0.3677512745378301,0.08085774242276558,0.3724461841800918,0.8500202817353173,0.0,3.0325675010681152,43.19227600097656,0.3
9.301999999999776,0.1929752207758388,0.002279245190748994,0.19568233253942005,-0.330808108866123,0.0,-0.0693574580015402,0.3677329592557522,0.0807100020984353,0.3718072040718018,0.8500203731205254,0.0,3.0026299953460693,43.15647888183594,0.3
9.31199999999978,0.1930244141123787,0.006780371075706471,0.19538184103978945,-0.33033226878230654,0.0,-0.06888161791772374,0.36771509938068264,0.08058162359344274,0.3714502607173681,0.8500204640575029,0.0,3.0026299953460693,43.15647888183594,0.3
9.321999999999782,0.19312054467099504,0.011324357627891767,0.19508784196590598,-0.3298693872620086,0.0,-0.0684187363974258,0.36769764911871916,0.08053170318220718,0.3713283029515465,0.850020554525552,0.0,3.0026299953460693,43.15647888183594,0.3
9.331999999999786,0.19325792576939607,0.015177961876337593,0.1947952859192523,-0.3293018652772349,0.0,-0.06785121441265207,0.3676805564753725,0.08047474042299456,0.3715087942641464,0.8500206443699868,0.0,3.0026299953460693,43.15647888183594,0.3
9.34199999999979,0.19342848508472588,0.018005155035500472,0.19450299132580995,-0.3287563007667204,0.0,-0.06730564990213761,0.3676637646121224,0.08045622993570863,0.3718736732070492,0.8500207335588298,0.0,3.0026299953460693,43.15647888183594,0.3
9.351999999999792,0.19362122779158336,0.020036702428670537,0.19421335748383922,-0.3286740429592353,0.0,-0.0672233920946525,0.3676472138888379,0.08046116493531917,0.3717907436243719,0.850020822292557,0.0,3.0395185947418213,43.229736328125,0.3
9.361999999999796,0.19382653641207118,0.02080540509500012,0.19391694372682872,-0.32849932841483387,0.0,-0.06704867755025107,0.36763084408902463,0.08047247397020153,0.37203507638663924,0.8500209106514883,0.0,3.0395185947418213,43.229736328125,0.3
9.3719999999998,0.19404315754075147,0.022264622695590326,0.19365454124649786,-0.3289465150763331,0.0,-0.0674958642117503,0.36761459630785287,0.08048355862660851,0.37158837842738235,0.8500209994522236,0.0,3.0395185947418213,43.229736328125,0.3
9.381999999999802,0.19427340847938418,0.023512338356135698,0.19342399600965007,-0.32931110531063557,0.0,-0.06786045444605276,0.3675984132689431,0.08049442335635236,0.37143186309940857,0.8500210887052955,0.0,3.0395185947418213,43.229736328125,0.3
9.391999999999806,0.19451595406611838,0.024667941231598222,0.1932332040679577,-0.3299173971171629,0.0,-0.06846674625258009,0.36758223887894864,0.08050507252291855,0.37110277020962723,0.8500211787440679,0.0,3.0395185947418213,43.229736328125,0.3
9.40199999999981,0.19476159932630718,0.024055786091635403,0.1930568165771201,-0.3298706117629146,0.0,-0.0684199608983318,0.3675660185633106,0.08051551040321824,0.37184153358199656,0.8500212691066776,0.0,3.049257516860962,43.36561584472656,0.3
9.411999999999813,0.19498878651309856,0.021855443922620982,0.1928765626693283,-0.3306093318508679,0.0,-0.06915868098628508,0.36754970114170843,0.08052574118930587,0.3716195572883113,0.850021360020545,0.0,3.049257516860962,43.36561584472656,0.3
9.421999999999816,0.1951980243336119,0.02017771399298921,0.19274217869897337,-0.331374555459709,0.0,-0.06992390459512621,0.36753324208945826,0.08053576899006291,0.3714825874771064,0.8500214520415923,0.0,3.049257516860962,43.36561584472656,0.3
9.43199999999982,0.19538365953048822,0.01764141422998331,0.19263617109435643,-0.3323320682836133,0.0,-0.07088141741903048,0.36751660372217293,0.08054559783284797,0.37117721406034176,0.8500215446898993,0.0,3.049257516860962,43.36561584472656,0.3
9.441999999999823,0.19555176449298503,0.015956225258078813,0.19258733623923077,-0.33300830024519407,0.0,-0.07155764938061127,0.367499755344612,0.08055523166511429,0.3713444150248596,0.8500216389948649,0.0,3.049257516860962,43.36561584472656,0.3
9.451999999999826,0.1956915759286068,0.012490317898203838,0.1925526571156387,-0.3337246800424211,0.0,-0.07227402917783832,0.3674826723796744,0.08056467435599513,0.37151029916045375,0.8500217338941966,0.0,3.0267932415008545,43.4799919128418,0.3
9.46199999999983,0.19579049330798295,0.008293140535294268,0.19252746547580687,-0.33469375083725206,0.0,-0.07324309997266926,0.3674653376034797,0.08057392969785762,0.37135359185319283,0.850021829953515,0.0,3.0267932415008545,43.4799919128418,0.3
9.471999999999833,0.19584855053951367,0.004329718358564438,0.19253841401965827,-0.33577211805780605,0.0,-0.07432146719322325,0.36744774289495585,0.08058300140782598,0.37105106666405085,0.8500219271420775,0.0,3.0267932415008545,43.4799919128418,0.3
9.481999999999836,0.19587391952237757,0.0013071976203435712,0.19259827332134538,-0.33668655142179815,0.0,-0.07523590055721535,0.36742988874449717,0.08059189312927427,0.3709608474491236,0.8500220259664791,0.0,3.0267932415008545,43.4799919128418,0.3
9.49199999999984,0.1958737302982972,-0.0007205256480563929,0.1927094311411372,-0.33838870896442874,0.0,-0.07693805809984594,0.36741178229569954,0.08060060843328971,0.3697280437007179,0.8500221266097473,0.0,3.0267932415008545,43.4799919128418,0.3
9.501999999999843,0.19585819868019783,-0.0024025545403280266,0.19286551576848301,-0.33926301436071793,0.0,-0.07781236349613513,0.3673934352686071,0.0805990566190729,0.3695848328036322,0.850022229035044,0.0,3.003723382949829,43.503562927246094,0.3
9.511999999999846,0.1958197083801645,-0.004766091031497676,0.19304142376142205,-0.3404489680205428,0.0,-0.07899831715596001,0.3673748622014511,0.08060762979487526,0.36893665093849803,0.8500223326217328,0.0,3.003723382949829,43.503562927246094,0.3
9.52199999999985,0.19575979687856032,-0.00699167757890317,0.19324558126632324,-0.34104737974873306,0.0,-0.07959672888415026,0.3673560810912356,0.08061603287339383,0.3690142035456897,0.8500224375390034,0.0,3.003723382949829,43.503562927246094,0.3
9.531999999999853,0.19567024622881662,-0.010310330608583832,0.19345019250425896,-0.3414859156875061,0.0,-0.08003526482292328,0.3673371133276379,0.08057133627641448,0.3691637056863404,0.8500225429398938,0.0,3.003723382949829,43.503562927246094,0.3
9.541999999999856,0.1955460837582622,-0.013927737818307268,0.19365541388057494,-0.3416343281149059,0.0,-0.0801836772503231,0.36731798468445326,0.08051719839092755,0.3695670054041045,0.8500226488332863,0.0,3.003723382949829,43.503562927246094,0.3
9.55199999999986,0.19538493577361846,-0.017363390092474437,0.19386015874492532,-0.3422838292220755,0.0,-0.08083317835749271,0.3672987261042181,0.08041968456944629,0.36908220220528665,0.8500227550817417,0.0,3.033818483352661,43.45035934448242,0.3
9.561999999999863,0.19519408004540242,-0.020234719067531264,0.19407099669347033,-0.34227820473069176,0.0,-0.08082755386610896,0.3672793735393507,0.08042040480472873,0.36943862699157615,0.8500228616220706,0.0,3.033818483352661,43.45035934448242,0.3
9.571999999999866,0.19497908086728066,-0.02228726395626219,0.1942810986680404,-0.34265477228909685,0.0,-0.08120412142451405,0.36725996647175185,0.08041687179516557,0.36911725799057027,0.8500229686210121,0.0,3.033818483352661,43.45035934448242,0.3
9.58199999999987,0.19474731331501383,-0.023612407179286494,0.1944863791648307,-0.3429454211116021,0.0,-0.08149477024701929,0.3672405464448699,0.08028817770540127,0.3686564937151816,0.8500230759415384,0.0,3.033818483352661,43.45035934448242,0.3
9.591999999999873,0.19450704510474073,-0.02451951716127233,0.19468067706802444,-0.3426392861435042,0.0,-0.0811886352789214,0.36722115539382777,0.0800972278609225,0.36877777431965475,0.8500231833789045,0.0,3.033818483352661,43.45035934448242,0.3
9.601999999999876,0.19425646857832113,-0.024934760665525038,0.1948605358693126,-0.34278760124117436,0.0,-0.08133695037659155,0.3672018343483118,0.07993732642783148,0.36812415527573095,0.8500232905030751,0.0,3.0505168437957764,43.3167610168457,0.3
9.61199999999988,0.19401132203419977,-0.0242034510979951,0.19504986496405552,-0.3424356455756381,0.0,-0.0809849947110553,0.3671826230593895,0.07978858438196124,0.36805762700554623,0.850023397289819,0.0,3.0505168437957764,43.3167610168457,0.3
9.621999999999883,0.19377327584120618,-0.023630820489947864,0.19520965901630816,-0.3417255755839765,0.0,-0.08027492471939368,0.3671635577641823,0.07960112699965452,0.36828887811456645,0.8500235035348842,0.0,3.0505168437957764,43.3167610168457,0.3
9.631999999999886,0.19353683746746883,-0.02326393680883226,0.19532994391013525,-0.34137852095305576,0.0,-0.07992787008847296,0.36714467091058856,0.07938206306514223,0.3678667382825819,0.8500236088292688,0.0,3.0505168437957764,43.3167610168457,0.3
9.64199999999989,0.19331616514397715,-0.021071617477029035,0.19544137136445774,-0.34113023867636877,0.0,-0.07967958781178597,0.3671259918583738,0.07909484157652957,0.36712035665933307,0.8500237141072372,0.0,3.0505168437957764,43.3167610168457,0.3
9.651999999999893,0.19311435639851024,-0.01939859506606685,0.1955163086835738,-0.33986092155432696,0.0,-0.07841027068974415,0.36710754496552017,0.07877033080641248,0.3676581494777277,0.8500238181416931,0.0,3.0398571491241455,43.17837905883789,0.3
9.661999999999896,0.19293516690942897,-0.017056911078143805,0.19558218099335775,-0.3389991174463064,0.0,-0.0775484665817236,0.36708934895307616,0.0784186770604519,0.36752873977518785,0.8500239209089946,0.0,3.0398571491241455,43.17837905883789,0.3
9.6719999999999,0.19277943867922212,-0.014547697738427753,0.19561294216332675,-0.3380972498565298,0.0,-0.07664659899194698,0.367071416833356,0.0780579799569015,0.3673760692557253,0.8500240226645417,0.0,3.0398571491241455,43.17837905883789,0.3
9.681999999999903,0.19264899049015527,-0.01207183726271749,0.19560613378009653,-0.33724105689573447,0.0,-0.07579040603115167,0.367053755859535,0.07770770426824972,0.36712704841921695,0.8500241232518635,0.0,3.0398571491241455,43.17837905883789,0.3
9.691999999999906,0.19253895759365852,-0.010318443584971535,0.19554971117985417,-0.33603958719212484,0.0,-0.07458893632754204,0.36703636771677994,0.07732286804372408,0.367300240718594,0.8500242221874303,0.0,3.0398571491241455,43.17837905883789,0.3
9.70199999999991,0.1924536739423664,-0.006953893199191773,0.19548031822505268,-0.33563424566994804,0.0,-0.07418359480536524,0.3670192496542168,0.0769123871551088,0.36634435158528356,0.8500243203871577,0.0,3.0156524181365967,43.096107482910156,0.3
9.711999999999913,0.19240282093063596,-0.004050860202730244,0.19538700512852003,-0.33414520611246545,0.0,-0.07269455524788265,0.36700239386556455,0.07650940216968297,0.3669333566945221,0.8500244169951744,0.0,3.0156524181365967,43.096107482910156,0.3
9.721999999999916,0.19238216184118126,-0.0007384124893613717,0.1952706408167381,-0.33364366911488785,0.0,-0.07219301825030505,0.3669857864325936,0.07608424241258868,0.3661515874938732,0.8500245126310193,0.0,3.0156524181365967,43.096107482910156,0.3
9.73199999999992,0.19239192848728404,0.002144263159443603,0.19512435629218428,-0.3327341044554429,0.0,-0.07128345359086008,0.366969408183804,0.07573209298034918,0.36606290714631606,0.8500246070220142,0.0,3.0156524181365967,43.096107482910156,0.3
9.741999999999923,0.19242444405354076,0.003960709492176933,0.19493947930467087,-0.3314911482378771,0.0,-0.07004049737329432,0.3669532352248162,0.07543185732022198,0.3665877542347371,0.8500246998181196,0.0,3.0156524181365967,43.096107482910156,0.3
9.751999999999926,0.19247472314530195,0.005625666019498871,0.19472991899786563,-0.3304564326306959,0.0,-0.0690057817661131,0.3669372406086344,0.0751163983402957,0.3669058307465648,0.8500247913874921,0.0,3.010646343231201,43.095619201660156,0.3
9.76199999999993,0.19253731248437916,0.00684815342358769,0.19449421907130002,-0.32973142651684967,0.0,-0.06828077565226687,0.3669213956669286,0.07475997826116525,0.36685553068854215,0.8500248816246397,0.0,3.010646343231201,43.095619201660156,0.3
9.771999999999933,0.19261415981357732,0.007964530384055746,0.19424452061290676,-0.3284865463731611,0.0,-0.0670358955085783,0.36690567090539444,0.07441246817478382,0.3676419101264379,0.850024970875196,0.0,3.010646343231201,43.095619201660156,0.3
9.781999999999936,0.19269417767233432,0.008219813856495282,0.1939703368345641,-0.32798052117175175,0.0,-0.06652987030716895,0.3668900362803111,0.07408165976111206,0.36754147543705296,0.8500250587486321,0.0,3.010646343231201,43.095619201660156,0.3
9.79199999999994,0.19278486514670226,0.009883837462626834,0.19371283466368977,-0.32810287285309647,0.0,-0.06665222198851367,0.36687446267892687,0.07382201903806743,0.3667479843937663,0.8500251465396699,0.0,3.010646343231201,43.095619201660156,0.3
9.801999999999943,0.19289121090142272,0.010649682038349787,0.19345074463757644,-0.3269662728737853,0.0,-0.06551562200920252,0.3668589208305542,0.07365317906757363,0.3679487436286938,0.8500252337026459,0.0,3.0216753482818604,43.14439010620117,0.3
9.811999999999946,0.19299141048841076,0.009370992169075928,0.1931571818983352,-0.32611544721065006,0.0,-0.06466479634606725,0.36684338090175245,0.0734428726845646,0.36886223408316177,0.8500253196065873,0.0,3.0216753482818604,43.14439010620117,0.3
9.82199999999995,0.19307189589752397,0.0071986630588720575,0.19285042998353133,-0.3255377370896425,0.0,-0.06408708622505971,0.36682781611339366,0.07328912241044229,0.36954934957609675,0.8500254044043821,0.0,3.0216753482818604,43.14439010620117,0.3
9.831999999999953,0.1931297635021258,0.004928072402590614,0.19254498644723883,-0.3251727438455504,0.0,-0.06372209298096759,0.36681220515970503,0.07319802671144847,0.3701338305152948,0.8500254885448615,0.0,3.0216753482818604,43.14439010620117,0.3
9.841999999999956,0.1931774616071029,0.004624153338981434,0.19228128942455944,-0.3256744493147093,0.0,-0.06422379845012649,0.36679653235792814,0.07310524493189871,0.36961884896870545,0.8500255733581203,0.0,3.0216753482818604,43.14439010620117,0.3
9.85199999999996,0.19321992417115863,0.0039769796302110885,0.19203608615323528,-0.3259482891614696,0.0,-0.06449763829688682,0.3667807853109221,0.072955650760698,0.36947553934454547,0.8500256582682182,0.0,3.008310556411743,43.1854362487793,0.3
9.861999999999963,0.19325501263970374,0.00297888558948114,0.19180785176728898,-0.32597247418677816,0.0,-0.06452182332219536,0.36676495356844124,0.07283848184460082,0.369801593679694,0.8500257435368983,0.0,3.008310556411743,43.1854362487793,0.3
9.871999999999966,0.19327183082114707,0.000800891106888385,0.19158762129885964,-0.3260449200350688,0.0,-0.064594269170486,0.3667490291210458,0.07272188239003118,0.37012370699055364,0.8500258285439976,0.0,3.008310556411743,43.1854362487793,0.3
9.88199999999997,0.19326660464924256,-0.0011597236695753618,0.19139358214700644,-0.32639385000972415,0.0,-0.06494319914514135,0.36673300802349185,0.07273794453629849,0.3702480376716415,0.8500259138990209,0.0,3.008310556411743,43.1854362487793,0.3
9.891999999999973,0.19324436625372865,-0.002915191330334641,0.19123067807384525,-0.3267266913727386,0.0,-0.06527604050815577,0.3667168908009686,0.07281537783943554,0.3705194065565649,0.8500259998325606,0.0,3.008310556411743,43.1854362487793,0.3
9.901999999999976,0.1932069257130453,-0.004061398832529801,0.19110615920162055,-0.3277326420025418,0.0,-0.06628199113795902,0.36670068143112294,0.07294703278422036,0.3699326502384054,0.850026086644807,0.0,3.0079610347747803,43.18580627441406,0.3
9.91199999999998,0.19316391484054282,-0.00436752281349987,0.1910293427919351,-0.3285867188149162,0.0,-0.06713606795033339,0.3666843865010143,0.07309537000015194,0.36960539929565395,0.8500261747362964,0.0,3.0079610347747803,43.18580627441406,0.3
9.921999999999983,0.19311760678552373,-0.005014446420457041,0.19098560431162337,-0.3289175394975937,0.0,-0.06746688863301092,0.3666680134401112,0.07324491350418559,0.3700154890130699,0.8500262637393369,0.0,3.0079610347747803,43.18580627441406,0.3
9.931999999999986,0.19306085359381284,-0.006199373832165012,0.1909660246704198,-0.329751447177348,0.0,-0.0683007963127652,0.36665157007813504,0.07339674965492818,0.3697127238928397,0.8500263534305986,0.0,3.0079610347747803,43.18580627441406,0.3
9.94199999999999,0.19299277832674433,-0.006921230416532002,0.1909807781979637,-0.3308416416258727,0.0,-0.0693909907612899,0.36663506573194077,0.07354234008283976,0.36902272223179666,0.850026444191522,0.0,3.0079610347747803,43.18580627441406,0.3
9.951999999999993,0.19292307587251725,-0.007104690821179956,0.19103549214381446,-0.33136693289642255,0.0,-0.06991628203183975,0.3666185111054673,0.0736258484952108,0.36902762543507417,0.8500265362312336,0.0,3.0140693187713623,43.15247344970703,0.3
9.961999999999996,0.19284907323746817,-0.007743165977507722,0.19111503998279525,-0.33180181663053643,0.0,-0.07035116576595363,0.36660191681717486,0.07370606223346514,0.36909087478271607,0.8500266289450219,0.0,3.0140693187713623,43.15247344970703,0.3
9.972,0.1927631067335248,-0.00929315172737183,0.19120037057811218,-0.3321395181135241,0.0,-0.0706888672489413,0.3665852937014754,0.07381528069135289,0.3692730869552464,0.8500267220309883,0.0,3.0140693187713623,43.15247344970703,0.3
9.982000000000003,0.19265969271368297,-0.011061951535868255,0.19129264468244078,-0.3323872923721736,0.0,-0.07093664150759083,0.36656865420922924,0.07382168194929331,0.3694092437100115,0.8500268155373919,0.0,3.0140693187713623,43.15247344970703,0.3
9.992000000000006,0.19253641122386955,-0.013330499979907285,0.19138220734076172,-0.33235006420429525,0.0,-0.07089941333971245,0.3665520133003654,0.07383098368886985,0.3698428508199695,0.8500269091692825,0.0,3.0140693187713623,43.15247344970703,0.3
