t,df_hz,rocof_hz_s,dfv_hz,p_vsg_mw,p_pv_support_mw,p_bess_mw,p_diesel_mw,p_wind_mw,p_load_mw,soc,sat_mw,H_v,D_v,alpha
0.002,0.0,0.0,0.0,0.0,0.0,0.2614506508645828,0.425,0.08103115842400496,0.7674818092885878,0.8499642090981643,0.0,3.0,20.0,0.3
0.012,-2.3806590385187867e-06,-0.0004555652081877085,-7.528774192897594e-06,0.00012599229503366043,0.0,0.2615766431596165,0.4250000000250763,0.08101595201035378,0.7676426416182376,0.8499638265936231,0.0,3.0,20.0,0.3
0.022000000000000006,-5.309570568466698e-06,-0.00012534428118822423,-5.312584109500665e-06,-4.637049277146473e-05,0.0,0.26140428037181135,0.4250000005188836,0.08101625371531328,0.7674006277723787,0.849963444424999,0.0,3.0,20.0,0.3
0.032000000000000015,-6.304027061004691e-06,-5.845542738271652e-05,-5.174438836855079e-06,-5.0669528011738125e-05,0.0,0.26139998133657105,0.42500000199402904,0.08100016138035945,0.7673856087611521,0.8499630621856392,0.0,3.0,20.0,0.3
0.04200000000000002,-1.8155548078624713e-06,0.001032314955644662,1.1944783035042261e-05,-0.0005239991684059111,0.0,0.2609266516961769,0.4250000045410714,0.08094803368576088,0.766672885206519,0.8499626805473127,0.0,3.0,20.0,0.3
0.05200000000000003,1.3708308714944433e-05,0.0017470223376909475,3.186345457048038e-05,-0.00041686091790619194,0.0,0.2610337899466766,0.42500000707109076,0.08088728955027608,0.7667681547388375,0.8499622990327214,0.0,3.0,20.0,0.3
0.06200000000000004,3.282190025118102e-05,0.0020880295545761276,4.951273109758781e-05,-0.00046037425846177704,0.0,0.260990276606121,0.4250000066963255,0.08085088522378718,0.7666623641519031,0.8499619174588514,0.0,3.0,20.0,0.3
0.07200000000000005,6.2139448880762e-05,0.003804472447400512,9.214370600431656e-05,-0.0014935490764399733,0.0,0.25995710178814285,0.42499999979967146,0.0808389213896514,0.7652222715891147,0.8499615367906023,0.0,3.0,20.0,0.3
0.08200000000000006,0.00010191878606980463,0.0037681193438187078,0.0001197292869216227,-0.0005108216574057405,0.0,0.26093982920717707,0.4249999810470159,0.08083653746101323,0.7666009740984295,0.8499611556445654,0.0,3.0,20.0,0.3
0.09200000000000007,0.00013338857719059883,0.002834075911678837,0.00013045233633459286,-0.0003750383356499102,0.0,0.2610756125289329,0.4249999438674476,0.08082553550031402,0.7668060800765615,0.8499607739276428,0.0,3.0,20.0,0.3
0.10200000000000008,0.00015579928027794964,0.001848874043288132,0.00013486919608796292,-0.00013964203712419517,0.0,0.2613110088274586,0.42499988340061073,0.08079816684938913,0.7671277709299622,0.8499603920000585,0.0,3.0,20.0,0.3
0.11200000000000009,0.00016710525090649704,0.0005396276870393898,0.00012813570549514053,0.0002898485680725525,0.0,0.26174049943265537,0.4249997969518416,0.08076281740586928,0.7677026083737281,0.8499600096824108,0.0,3.0,20.0,0.3
0.1220000000000001,0.00015816003548670596,-0.001833691677195696,9.437821991525152e-05,0.0009038832572393933,0.0,0.2623545341218222,0.42499968433782215,0.080758437104259,0.7685727409480899,0.8499596263955481,0.0,3.0,20.0,0.3
0.1320000000000001,0.00012479634327156454,-0.004313369174999489,4.296752592148502e-05,0.001267635076241039,0.0,0.26271828594082386,0.4249995492356317,0.08075588298113927,0.7690891201789811,0.8499592424415549,0.0,3.0,20.0,0.3
0.1420000000000001,7.47950752483914e-05,-0.005024993669627994,3.25610136260011e-06,0.0005790624384216282,0.0,0.26202971330300445,0.4249993997108991,0.08074651044230544,0.7681162150046642,0.8499588588383277,0.0,3.0,20.0,0.3
0.1520000000000001,2.728274727333694e-05,-0.0046103277187725545,-2.0082044032155125e-05,0.0004978158457730747,0.0,0.2619484667103559,0.42499924623802615,0.08074905716796771,0.7679928519126087,0.8499584757747404,0.0,3.0,20.0,0.3
0.16200000000000012,-1.7316900657111813e-05,-0.004431112785627107,-4.46567201000362e-05,0.0006024753580979154,0.0,0.26205312622268073,0.4249990984801489,0.08075016107631676,0.7681308464079282,0.8499580926403251,0.0,3.0,20.0,0.3
0.17200000000000013,-6.253886801880958e-05,-0.004704874954841491,-7.604376227225585e-05,0.0008943598117832261,0.0,0.262345010676366,0.4249989649170337,0.08073320736319492,0.7685000454187505,0.8499577092357623,0.0,3.0,20.0,0.3
0.18200000000000013,-0.00011336132176523998,-0.0051770126623837745,-0.0001147159291782065,0.0008485823380350832,0.0,0.2622992332026179,0.424998853633348,0.08071771636547298,0.7683907082283074,0.8499573255329387,0.0,3.0,20.0,0.3
0.19200000000000014,-0.0001586317751982977,-0.004122891764683947,-0.00013098623650755652,0.0004814627097677289,0.0,0.26193211357435053,0.4249987728974047,0.08072393525611628,0.7678498919333601,0.8499569425821605,0.0,3.0,20.0,0.3
0.20200000000000015,-0.00019042532013137278,-0.0026365164784778474,-0.00013372402498873032,9.75716118765775e-05,0.0,0.26154822247645937,0.4249987294012847,0.08072633151413122,0.7672791581685934,0.8499565600938908,0.0,3.0,20.0,0.3
0.21200000000000016,-0.00021045040193260956,-0.0015352911249547322,-0.00013482910781565066,8.707845900054961e-05,0.0,0.2615377293235833,0.42499872691546275,0.08073237947472246,0.7672341611940536,0.8499561776593654,0.0,3.0,20.0,0.3
0.22200000000000017,-0.00022174613455678015,-0.0009576639646687532,-0.00013827037840784666,0.0002449401960616345,0.0,0.26169559106064444,0.42499876659446734,0.08073830743991262,0.7674253538810147,0.8499557951422462,0.0,3.0,20.0,0.3
0.23200000000000018,-0.00022453394945682134,0.0003269394252307796,-0.0001283202849288112,-0.00042893343935671013,0.0,0.26102171742522606,0.4249988477606714,0.08074411779048708,0.7664535481208121,0.8499554130944248,0.0,3.0,20.0,0.3
0.2420000000000002,-0.00021470068651181578,0.0012249349738881004,-0.00011614163898683791,-0.00016141265617597363,0.0,0.2612892382084068,0.42499896796718645,0.08074981285999497,0.7668039492872317,0.8499550311410717,0.0,3.0,20.0,0.3
0.25200000000000017,-0.00019946509459152696,0.0017154280947519612,-0.00010684321745204772,-0.00012310182852616442,0.0,0.26132754903605665,0.42499912270806467,0.08075539493568626,0.7668380549479452,0.8499546490978964,0.0,3.0,20.0,0.3
0.2620000000000002,-0.00018542923317159128,0.0011221449814111052,-0.00011349749875216702,0.00029468147664872904,0.0,0.26174533234123154,0.4249993066435144,0.08076086625943044,0.7674080109425074,0.8499542664997964,0.0,3.0,20.0,0.3
0.2720000000000002,-0.00017194395846947,0.0015974952878998372,-0.00010763830993191758,-4.288437600535726e-05,0.0,0.26140776648857744,0.4249995149046601,0.08076622902861688,0.7669244995548101,0.8499538843363229,0.0,3.0,20.0,0.3
0.2820000000000002,-0.00015166796173668928,0.0022899738775314293,-9.488987702477955e-05,-0.00023853466281735644,0.0,0.26121211620176543,0.42499974291526144,0.08077148539703734,0.7666458348842875,0.8499535024257325,0.0,3.0,20.0,0.3
0.2920000000000002,-0.0001209030862976908,0.0036275695711481953,-6.686918160533168e-05,-0.0008099119370096915,0.0,0.2606407389275731,0.4249999851092193,0.08077663747575099,0.7658488049287261,0.8499531210721889,0.0,3.0,20.0,0.3
0.3020000000000002,-7.841813625475954e-05,0.004658278704079194,-3.4653300102134314e-05,-0.0007185101222373788,0.0,0.2607321407423454,0.4250002343057073,0.08078168733393223,0.7659891517034391,0.8499527399009406,0.0,3.0,20.0,0.3
0.3120000000000002,-3.899289278237784e-05,0.003118048047425448,-3.7304194395597785e-05,0.0004567630999046912,0.0,0.26190741396448747,0.4250004817383785,0.0807866369997017,0.7676555338122437,0.8499523575327077,0.0,3.0,20.0,0.3
0.32200000000000023,-1.892913311190963e-05,0.0012358768458025338,-5.70007064338928e-05,0.0007031365840303565,0.0,0.2621537874486132,0.42500071991807853,0.08079148846094085,0.7680251605309032,0.8499519745523304,0.0,3.0,20.0,0.3
0.33200000000000024,-1.738324157527478e-05,-0.0004804903138677758,-8.632126132028415e-05,0.0006813604328848228,0.0,0.2621320112974676,0.4250009453510849,0.08079624366609028,0.7680206805109925,0.8499515912055909,0.0,3.0,20.0,0.3
0.34200000000000025,-2.933712494624285e-05,-0.001769219476214882,-0.00011824219560482948,0.0010182484932950474,0.0,0.26246889935787787,0.4250011582842989,0.0808009045249323,0.7685181696365609,0.8499512077335516,0.0,3.0,20.0,0.3
0.35200000000000026,-5.7792271062550205e-05,-0.0039011910464446893,-0.0001711841947845958,0.0018375189679499119,0.0,0.2632881698325327,0.4250013617497394,0.08080547290935788,0.7696888328205976,0.8499508234795546,0.0,3.0,20.0,0.3
0.36200000000000027,-0.00010760085472178551,-0.005667033507632476,-0.00023297440377174555,0.001860448930896366,0.0,0.2633110997954792,0.42500156187881316,0.08080731514608244,0.7697360326298831,0.8499504388451873,0.0,3.0,20.0,0.3
0.3720000000000003,-0.00017433083028347548,-0.006949811002312072,-0.00029921447306918464,0.0015301441421561397,0.0,0.26298079500673893,0.4250017683896912,0.08080173184028194,0.7692759510750099,0.8499500539766708,0.0,3.0,20.0,0.3
0.3820000000000003,-0.00024395794715622275,-0.007049222470932811,-0.00035143202234686404,0.0016644171221526169,0.0,0.2631150679867354,0.4250019933494777,0.08080283340865702,0.769461057897612,0.8499496695330058,0.0,3.0,20.0,0.3
0.3920000000000003,-0.00031519593926074616,-0.007035046452245002,-0.0004028767397433912,0.0013883320781744408,0.0,0.26283898294275726,0.42500224888359056,0.0808073635227975,0.7690704487290875,0.8499492850536827,0.0,3.0,20.0,0.3
0.4020000000000003,-0.00038126994273671676,-0.006401514314824786,-0.00044267623645591054,0.001357527763498785,0.0,0.2628081786280816,0.42500254640111657,0.08080728809644305,0.7690153586489084,0.8499489009299486,0.0,3.0,20.0,0.3
0.4120000000000003,-0.0004437737553424798,-0.006231370575327097,-0.0004862354948957755,0.0014887754574634858,0.0,0.2629394263220463,0.4250028956911903,0.08081172982673256,0.7691805827228545,0.8499485166263518,0.0,3.0,20.0,0.3
0.4220000000000003,-0.0005026456194421724,-0.005672122698375535,-0.000522817021789572,0.0012653022918506643,0.0,0.2627159531564335,0.4250033050973376,0.08081608343025609,0.7688467140160034,0.8499481325190195,0.0,3.0,20.0,0.3
0.43200000000000033,-0.0005553182999549152,-0.00504396780608987,-0.0005550340037056394,0.0011997279626521369,0.0,0.26265037882723496,0.4250037816030087,0.080820350655505,0.7687298766854618,0.8499477485243487,0.0,3.0,20.0,0.3
0.44200000000000034,-0.0006016063636338276,-0.00442844974921375,-0.0005840254308734021,0.0011316736281145091,0.0,0.2625823244926973,0.4250043304671569,0.08082453321627939,0.7686066214192492,0.8499473646071005,0.0,3.0,20.0,0.3
0.45200000000000035,-0.0006410440910029721,-0.0035787893521907867,-0.000606444392143747,0.0009472064842192164,0.0,0.262397857348802,0.4250049553120498,0.08082863279237652,0.7683184852100483,0.8499469808883071,0.0,3.0,20.0,0.3
0.46200000000000035,-0.0006695402956252655,-0.002427843457149757,-0.0006186827444303962,0.0009199773695962032,0.0,0.262370628234179,0.425005658047293,0.08083265103026542,0.7682505826941333,0.8499465975059706,0.0,3.0,20.0,0.3
0.47200000000000036,-0.00069407521070855,-0.002662599313715225,-0.0006473663966068751,0.0014417640551667005,0.0,0.2628924149197495,0.42500643842834795,0.08083658954374805,0.7689523265473664,0.8499462135268021,0.0,3.0,20.0,0.3
0.4820000000000004,-0.0007160255284799434,-0.0016808663341193648,-0.0006598532477825204,0.000695937177420954,0.0,0.26214658804200375,0.42500729531324755,0.08084044991460758,0.7678799077046086,0.8499458300853522,0.0,3.0,20.0,0.3
0.4920000000000004,-0.000728267309368677,-0.0009481915553114689,-0.0006700248655914483,0.0006434716304054948,0.0,0.2620941224949883,0.4250082268672525,0.08084423369324355,0.7677815740539818,0.849945446714178,0.0,3.0,20.0,0.3
0.5020000000000003,-0.0007335836884553314,-0.0005004187998359491,-0.0006801377974620796,0.0009004036970128531,0.0,0.26235105456159563,0.4250092295802409,0.0808479423992946,0.7681206344990069,0.8499450633353896,0.0,3.0,20.0,0.3
0.5120000000000003,-0.0007417620431787682,-0.0008942097180054767,-0.0007039746114414569,0.0009719014157009884,0.0,0.26242255228028377,0.42501029899004683,0.08085157752224877,0.7682035885260611,0.849944679453659,0.0,3.0,20.0,0.3
0.5220000000000004,-0.0007500893716300733,-0.000763323961792578,-0.0007218240217232073,0.0010190534482359024,0.0,0.2624697043128187,0.4250114311358877,0.08085514052204171,0.7682559604601511,0.8499442957575347,0.0,3.0,20.0,0.3
0.5320000000000004,-0.0007583817437892161,-0.0010414074345934223,-0.0007453910661413017,0.0013513447801573974,0.0,0.2628019956447402,0.425012622355037,0.08085863282964299,0.7687116639974491,0.8499439118393763,0.0,3.0,20.0,0.3
0.5420000000000004,-0.0007779995827473213,-0.0024690510247487142,-0.0007919036257380746,0.0015886410344561153,0.0,0.2630392918990389,0.4250138694018484,0.08086205584763086,0.7690365817403542,0.8499435270760042,0.0,3.0,20.0,0.3
0.5520000000000004,-0.0008051262219853629,-0.002548397012708282,-0.0008263254502187645,0.001150345045403473,0.0,0.26260099590998626,0.4250151711154727,0.0808654109507555,0.7684164675387394,0.8499431426850884,0.0,3.0,20.0,0.3
0.5620000000000004,-0.0008260970889392506,-0.0019429561066265754,-0.0008476039419629403,0.001254087248303073,0.0,0.26270473811288586,0.4250165276216903,0.08086869948649118,0.7685583672267394,0.8499427587252916,0.0,3.0,20.0,0.3
0.5720000000000004,-0.0008415322789343902,-0.0013832508094719326,-0.0008654599017315016,0.0012641710723673564,0.0,0.26271482193695017,0.4250179381007416,0.08085871392271522,0.7685632726467353,0.849942374861815,0.0,3.0,20.0,0.3
0.5820000000000004,-0.0008566437085836449,-0.0015746940716082896,-0.0008924538009305285,0.0014169141064752167,0.0,0.262867564971058,0.42501940072359945,0.0808050003515443,0.7687336222709094,0.8499419906518446,0.0,3.0,20.0,0.3
0.5920000000000004,-0.0008815853103608292,-0.003303452792494009,-0.0009456175168854721,0.0023526715361376037,0.0,0.2638033224007204,0.4250209136950363,0.08077686591313307,0.7700065465112775,0.8499416054829559,0.0,3.0,20.0,0.3
0.6020000000000004,-0.0009306113716061255,-0.005901488575072696,-0.0010261259819312107,0.0028157254044075754,0.0,0.26426637626899036,0.42502247734242454,0.08073669695158774,0.7706311793343542,0.8499412192776822,0.0,3.0,20.0,0.3
0.6120000000000004,-0.001005632721010909,-0.008543729587655334,-0.001124680628151964,0.0033324124712290604,0.0,0.26478306333581186,0.4250240963762611,0.08067645056079492,0.7712875292196215,0.8499408323370546,0.0,3.0,20.0,0.3
0.6220000000000004,-0.001102625225420438,-0.0100944946828883,-0.00122400538655744,0.0030151875424650177,0.0,0.2644658384070478,0.42502578016235937,0.08066178202846254,0.7707980528323023,0.8499404452497346,0.0,3.0,20.0,0.3
0.6320000000000005,-0.001204880573345081,-0.010253496186304384,-0.0013089191097254782,0.002983176339559265,0.0,0.26443382720414205,0.4250275413520509,0.08066766655471855,0.7707358282519751,0.8499400585607944,0.0,3.0,20.0,0.3
0.6420000000000005,-0.001303217717830305,-0.009613476560552583,-0.0013810353867866475,0.0028222934264681655,0.0,0.26427294429105097,0.4250293928606442,0.08067279510452059,0.7704889629347355,0.849939672228166,0.0,3.0,20.0,0.3
0.6520000000000005,-0.0013963557278966231,-0.009076810537427678,-0.001451429780866977,0.0027913862826471378,0.0,0.26424203714722994,0.42503134603816495,0.08066696400871418,0.7704037343196111,0.8499392858715554,0.0,3.0,20.0,0.3
0.6620000000000005,-0.0014835740246162518,-0.008472750931792946,-0.001517683033249695,0.0026462670013401727,0.0,0.264096917865923,0.42503341031800695,0.08067418985853217,0.7701695661632092,0.8499388995801637,0.0,3.0,20.0,0.3
0.6720000000000005,-0.0015651795590883968,-0.007891694827979575,-0.001581406637729772,0.0026216188854860083,0.0,0.2640722697500688,0.4250355932820509,0.08068127234287449,0.7701005894656,0.8499385133007757,0.0,3.0,20.0,0.3
0.6820000000000005,-0.0016329266480034495,-0.005949053305876542,-0.0016191948389806265,0.002030986442710934,0.0,0.26348163730729374,0.4250379006498053,0.0806882143062037,0.7692379101348777,0.8499381278678948,0.0,3.0,20.0,0.3
0.6920000000000005,-0.001679969448408345,-0.003638231097480221,-0.0016391968781569342,0.001381086382561023,0.0,0.2628317372471438,0.4250403350070656,0.08069501853654651,0.7682947100668928,0.8499377430215175,0.0,3.0,20.0,0.3
0.7020000000000005,-0.0017040426780559775,-0.00150604672871939,-0.0016468526750005026,0.0011497883352101495,0.0,0.2626004391997929,0.4250428946209864,0.0807016877666133,0.7679434276553778,0.8499373585923787,0.0,3.0,20.0,0.3
0.7120000000000005,-0.0017032294525682304,0.0009999484253003302,-0.0016335209240111242,0.0009076299238808004,0.0,0.2623582807884636,0.42504557328600384,0.08070822467489579,0.7675858834687165,0.8499369749023155,0.0,3.0,20.0,0.3
0.7220000000000005,-0.0016802063603851153,0.003170474246264653,-0.0016098762188099332,0.0005291714153528093,0.0,0.2619798222799356,0.42504836041742355,0.08071463188674269,0.7670492033014364,0.8499365915933266,0.0,3.0,20.0,0.3
0.7320000000000005,-0.0016384040457647544,0.004394841385214297,-0.0015857106654576974,0.0010634012911824773,0.0,0.2625140521557653,0.42505124164369784,0.08072091197541413,0.7678041597627309,0.8499362083354279,0.0,3.0,20.0,0.3
0.7420000000000005,-0.0016022365278598764,0.0031316541636703097,-0.0015972897876707737,0.0015529159552144707,0.0,0.26300356681979725,0.4250542003046948,0.08072706746311512,0.7685079724657716,0.8499358238317981,0.0,3.0,20.0,0.3
0.7520000000000006,-0.0015775322854822047,0.0018420734670683463,-0.0016163567894527157,0.002002181168694653,0.0,0.26345283203327746,0.4250572214544634,0.08073310082200846,0.7691639219575671,0.8499354390503958,0.0,3.0,20.0,0.3
0.7620000000000006,-0.0015718409337902005,-0.0003934755561662179,-0.0016595348824091894,0.0025891851192891323,0.0,0.26403983598387193,0.4250602934541016,0.08073901447520773,0.7700184192242024,0.8499350533893333,0.0,3.0,20.0,0.3
0.7720000000000006,-0.0015862205225363997,-0.001990821486135978,-0.0017067704313379047,0.0024353780694588976,0.0,0.26388602893404167,0.42506340898956735,0.08074403517450325,0.7698380469171657,0.8499346675305891,0.0,3.0,20.0,0.3
0.7820000000000006,-0.001612399775607816,-0.002894690775378836,-0.0017513944258049456,0.0023755708153113254,0.0,0.2638262216798941,0.4250665649462318,0.08074973188316502,0.769789713035437,0.8499342817089767,0.0,3.0,20.0,0.3
0.7920000000000006,-0.0016429258234768734,-0.0030823542942494918,-0.0017878380923387245,0.002213130172245991,0.0,0.2636637810368288,0.4250697606707233,0.08075531556548832,0.7695992823960863,0.8499338961262173,0.0,3.0,20.0,0.3
0.8020000000000006,-0.0016727212071577795,-0.003061329775590011,-0.0018190914130533477,0.002334666895819746,0.0,0.26378531776040254,0.4250729963824484,0.08076078846398793,0.7698073370014296,0.849933510687384,0.0,3.0,20.0,0.3
0.8120000000000006,-0.001706397700118822,-0.003529553412051424,-0.0018573689960660862,0.002357723672864939,0.0,0.26380837453744777,0.42507627231674483,0.08076615277668565,0.7698771311050462,0.8499331249607709,0.0,3.0,20.0,0.3
0.8220000000000006,-0.0017420469553883042,-0.0034238286618974195,-0.0018876922406448637,0.002050218687262113,0.0,0.26350086955184493,0.425079589285707,0.08077141065799315,0.7694825877471824,0.8499327394705962,0.0,3.0,20.0,0.3
0.8320000000000006,-0.001768830925116259,-0.002221623169130628,-0.0018959009807512786,0.0017930009907548383,0.0,0.26324365185533766,0.4250829482106125,0.08077656421957717,0.7691580804509093,0.8499323547324712,0.0,3.0,20.0,0.3
0.8420000000000006,-0.0017874406034643258,-0.0015461027983000154,-0.0019035142345658577,0.0015426361034112488,0.0,0.26299328696799407,0.42508634842872695,0.08076437392821147,0.7688291132993899,0.8499319700052591,0.0,3.0,20.0,0.3
0.8520000000000006,-0.001799132562382067,-0.0012444311305951088,-0.0019095176574092376,0.0019017987979794342,0.0,0.2633524496625622,0.4250897875956847,0.08066633325072545,0.7692949410393305,0.8499315853304922,0.0,3.0,20.0,0.3
0.8620000000000007,-0.0018093177687542896,-0.0011317935075960631,-0.0019153590161083269,0.002054449887678052,0.0,0.26350510075226086,0.42509326231476696,0.08060456093477737,0.7694488000069905,0.849931200653866,0.0,3.0,20.0,0.3
0.8720000000000007,-0.001821053793599065,-0.0008132322547207459,-0.0019181539836139747,0.001253677103041101,0.0,0.2627043279676239,0.42509676911606625,0.08056391970654646,0.7683183432163566,0.8499308160724535,0.0,3.0,20.0,0.3
0.8820000000000007,-0.0018256484278298712,-0.0004469830058644744,-0.001914018670901821,0.001720919787482368,0.0,0.26317157065206515,0.42510030467744353,0.08054649567988809,0.768988590003575,0.849930431739935,0.0,3.0,20.0,0.3
0.8920000000000007,-0.0018290236856909222,-0.00023846851133446127,-0.0019098237677368443,0.0015731263606419913,0.0,0.2630237772252248,0.425103864862759,0.0805096240822815,0.7687788804756157,0.8499300474120586,0.0,3.0,20.0,0.3
0.9020000000000007,-0.001833433074881592,-0.0006512935959543527,-0.0019132265461030086,0.0016843421651131327,0.0,0.26313499302969595,0.42510744541740514,0.08042303804817762,0.7688799423244718,0.8499296628204642,0.0,3.0,20.0,0.3
0.9120000000000007,4.587891092949478e-06,0.4445467995473695,0.0051108824625000476,-0.2816264882623632,0.0,-0.020175837397780394,0.4251110297146573,0.08033131407160655,0.37235533657232456,0.849929524742544,0.0,3.0,20.0,0.3
0.9220000000000007,0.0075429225706413585,0.9238599679150302,0.01654163016627851,-0.28242766396924673,0.0,-0.020977013104663933,0.42511417114034306,0.0802304739775025,0.37272484728896704,0.8499295519974813,0.0,3.0,20.0,0.3
0.9320000000000007,0.018513542914947775,1.1911765943474981,0.02766262738609807,-0.2847767057020064,0.0,-0.023326054837423615,0.4251154657731657,0.08009597514386856,0.3724947369685797,0.8499295813711489,0.0,3.0,20.0,0.3
0.9420000000000007,0.031343697044637533,1.3313424256492175,0.03852936100561192,-0.2878150785488265,0.0,-0.026364427684243685,0.42511292408054463,0.07996732919091493,0.37287650703901487,0.8499296143210757,0.0,3.0,20.0,0.3
0.9520000000000007,0.045051394469549505,1.3764993053832884,0.04867754998494309,-0.29242600684197967,0.0,-0.030975355977396868,0.42510432398248077,0.0798927852345126,0.37262974232061297,0.8499296527112784,0.0,4.0,20.0,0.3
0.9620000000000007,0.0585093936658592,1.3255997742268246,0.05662033322624957,-0.2979450573503596,0.0,-0.03649440648577679,0.4250874349780364,0.07980555156796476,0.37272198662716405,0.8499296978414186,0.0,4.0,20.0,0.3
0.9720000000000008,0.07145985474219509,1.2745796145611914,0.06454614440494116,-0.3042038928184327,0.0,-0.042753241953849885,0.4250602149258502,0.07964676802276426,0.37326362585273654,0.849929750628954,0.0,4.0,20.0,0.3
0.9820000000000008,0.0838934444175245,1.2222192793857194,0.07249838519034726,-0.31158826194434247,0.0,-0.05013761107975967,0.4250208662478274,0.07947353067429484,0.37358143162746704,0.8499298129070721,0.0,4.0,20.0,0.3
0.9920000000000008,0.09578418191251108,1.1665649018669606,0.0804927962239535,-0.31976287339302145,0.0,-0.05831222252843865,0.4249678244870434,0.07927987698039318,0.37395052824362274,0.8499298853759184,0.0,4.0,20.0,0.3
1.0020000000000007,0.10710845191137994,1.1093345517295208,0.08857683016676668,-0.329413053406477,0.0,-0.06796240254189417,0.42489974880785164,0.07905681301208828,0.37314292657956294,0.8499299701022495,0.0,4.0,20.0,0.3
1.0120000000000007,0.11784226579318302,1.0488962542997022,0.09674958410119877,-0.33866069570219315,0.0,-0.07721004483761035,0.4248155128525225,0.07883035138200926,0.3735624809492831,0.8499300671459645,0.0,4.0,20.0,0.3
1.0220000000000007,0.127953336092539,0.9856490345020807,0.1050161751033336,-0.34850337618564947,0.0,-0.08705272532106667,0.42471419615775424,0.07869706407541864,0.37366562081776944,0.8499301768164936,0.0,4.0,20.0,0.3
1.0320000000000007,0.13741998648291023,0.9205224527715961,0.11338214691247836,-0.3583861377522194,0.0,-0.09693548688763659,0.424595077073127,0.07857402306932977,0.3738939483737923,0.8499302994508259,0.0,4.0,20.0,0.3
1.0420000000000007,0.1462298622214532,0.8548206481114463,0.1218509185216481,-0.36860541914618766,0.0,-0.10715476828160486,0.42445762433158596,0.07842800529054188,0.373481048496927,0.8499304352982562,0.0,4.0,20.0,0.3
1.0520000000000007,0.15438733182343387,0.7896199401900915,0.13042176340372172,-0.37813066882274526,0.0,-0.11668001795816246,0.4243014868624307,0.07835089396486461,0.3737274785868321,0.8499305844413032,0.0,4.0,20.0,0.3
1.0620000000000007,0.16189183915638566,0.7241937204702188,0.13905981828041225,-0.38670838922251666,0.0,-0.12525773835793386,0.424126481608473,0.07827236651020322,0.37465749724722364,0.8499307455008029,0.0,4.0,20.0,0.3
1.0720000000000007,0.1687446428715837,0.659486696442628,0.14773918958598123,-0.3947419727509313,0.0,-0.1332913218863485,0.4239325823451258,0.07811216350814511,0.3753841238963359,0.8499309174411851,0.0,4.0,20.0,0.3
1.0820000000000007,0.1749614960276428,0.5968496038056658,0.1564373158669599,-0.40219120402151065,0.0,-0.14074055315692785,0.42371990864108733,0.07791460877046803,0.3757266443610885,0.8499310993446456,0.0,4.0,20.0,0.3
1.0920000000000007,0.18057629356356872,0.5385623077534525,0.16514396965413453,-0.40922096762870075,0.0,-0.14777031676411795,0.42348871279550165,0.07779970640143842,0.3753903102334718,0.8499312907937672,0.0,4.0,20.0,0.3
1.1020000000000008,0.1856347412044771,0.48479958499259274,0.17382509070449062,-0.41501976672228136,0.0,-0.15356911585769856,0.4232393641659316,0.07770545272223642,0.37530424578992194,0.8499314903469984,0.0,4.0,20.0,0.3
1.1120000000000008,0.19018753571741018,0.43629286679462825,0.1824495762299595,-0.4194945768856592,0.0,-0.15804392602107642,0.4229723320920598,0.07764034597130721,0.37543866340861476,0.8499316966524422,0.0,4.0,20.0,0.3
1.1220000000000008,0.1942894571225479,0.39345315686031546,0.19098050402231706,-0.42279315580743326,0.0,-0.16134250494285046,0.4226881689221662,0.07760074941523096,0.375473573093829,0.8499319080755866,0.0,4.0,20.0,0.3
1.1320000000000008,0.19799388043952856,0.35580587310054657,0.19936712931055323,-0.42434287553253375,0.0,-0.16289222466795095,0.42238749332618813,0.07758725445193025,0.3761197093490489,0.8499321223536034,0.0,4.0,20.0,0.3
1.1420000000000008,0.2013601156457875,0.32489882095672895,0.2075830730190084,-0.425225992195433,0.0,-0.1637753413308502,0.42207097476036803,0.07765558370643007,0.37590391590306504,0.8499323382060783,0.0,4.0,20.0,0.3
1.1520000000000008,0.2044583482944263,0.3007229445359358,0.21559126750739674,-0.42458180633425746,0.0,-0.16313115546967466,0.42173931768942025,0.07771791027596905,0.3759339858950792,0.8499325538757329,0.0,4.0,20.0,0.3
1.1620000000000008,0.2073576501026611,0.28355672361653206,0.22335884036898618,-0.42255015040800403,0.0,-0.16109949954342123,0.42139324516157406,0.07774292208817431,0.3760253634938483,0.8499327677411124,0.0,4.0,20.0,0.3
1.1720000000000008,0.21012550638589625,0.2732867205357736,0.2308508801096818,-0.4194390858465824,0.0,-0.1579884349819996,0.42103348351342895,0.0777077347300982,0.3757729283345439,0.849932978056753,0.0,4.0,20.0,0.3
1.1820000000000008,0.21282704789665272,0.2688084355381682,0.23802483416556605,-0.4145166984344484,0.0,-0.15306604756986558,0.42066074822537347,0.07764057225145737,0.3763567746103508,0.849933182720808,0.0,4.0,20.0,0.3
1.1920000000000008,0.21552192087670635,0.27082472961651066,0.2448609990823881,-0.40921437601952027,0.0,-0.14776372515493746,0.4202757314387602,0.07747234737180317,0.3758253421366171,0.8499333805533137,0.0,4.0,20.0,0.3
1.2020000000000008,0.21827792314954175,0.2796477619043604,0.25134759876518703,-0.4031755984288165,0.0,-0.1417249475642337,0.4198790910274227,0.07732861134219497,0.37496304225017474,0.8499335706958572,0.0,4.0,20.0,0.3
1.2120000000000009,0.22115743845289204,0.2940677196719551,0.2574612676445242,-0.3956191274018958,0.0,-0.134168476537313,0.4194714393246329,0.07724128990440703,0.37509364811996704,0.849933751784765,0.0,4.0,20.0,0.3
1.2220000000000009,0.22421143597701093,0.3134524033155208,0.2631876539557418,-0.38774402553372644,0.0,-0.12629337466914364,0.41905333360607366,0.07716965937300299,0.37475853805246295,0.8499339228123846,0.0,4.0,20.0,0.3
1.2320000000000009,0.22748455957147715,0.3371934252378449,0.2685190560858686,-0.37976663914977665,0.0,-0.11831598828519385,0.41862526925763094,0.0770271621222109,0.37375870791551113,0.8499340830393421,0.0,4.0,20.0,0.3
1.2420000000000009,0.2310244664659108,0.36555035352260795,0.27346991248755287,-0.3713482679892352,0.0,-0.1098976171246524,0.4181876745867608,0.07690645344217217,0.3729169181787737,0.8499342326663498,0.0,4.0,20.0,0.3
1.252000000000001,0.23485805574020804,0.395464322517755,0.27801650809915407,-0.36216053613614274,0.0,-0.10070988527155994,0.41774090617212334,0.07681514356419489,0.3729583410642465,0.8499343702800163,0.0,4.0,20.0,0.3
1.262000000000001,0.23899776080000362,0.4264424592187715,0.28216596868566707,-0.35294869740702967,0.0,-0.09149804654244686,0.41728524792721233,0.07679539126093998,0.3731277945052356,0.849934495756555,0.0,4.0,20.0,0.3
1.272000000000001,0.24345510849843685,0.458842554077962,0.28594519245966454,-0.3446908598453902,0.0,-0.08324020898080742,0.4168209131644075,0.07681313889741022,0.3723091879741136,0.8499346098211871,0.0,4.0,20.0,0.3
1.282000000000001,0.24824019341339676,0.4913449522474418,0.28937218151047545,-0.3361410456477942,0.0,-0.07469039478321138,0.4163480468183055,0.07681749865860278,0.3724252496866961,0.8499347128553159,0.0,4.0,20.0,0.3
1.292000000000001,0.2533399762134491,0.5222385439823674,0.292456702851864,-0.32826019392619227,0.0,-0.06680954306160947,0.4158667284713188,0.07682319569786895,0.3723644429464096,0.8499348048989949,0.0,4.0,20.0,0.3
1.302000000000001,0.25874041840583395,0.5515675560018398,0.2952365298647078,-0.32098152803628277,0.0,-0.05953087717169997,0.41537697871854556,0.07684784496754644,0.37246895205940467,0.8499348872029235,0.0,4.0,20.0,0.3
1.312000000000001,0.26441863520739756,0.5782334585320504,0.29773967557791153,-0.3145744494591926,0.0,-0.053123798594609806,0.41487876607110996,0.0768463010015308,0.3725073272825019,0.8499349606392295,0.0,4.0,20.0,0.3
1.322000000000001,0.2703443851543263,0.6016467681124867,0.30000246608804043,-0.3092076731609423,0.0,-0.047757022296359475,0.41437201487594033,0.07686154250460647,0.3724399815578717,0.8499350264646125,0.0,4.0,20.0,0.3
1.332000000000001,0.27647901446030937,0.6208987723381638,0.30205847402755764,-0.3048469412980989,0.0,-0.043396290433516116,0.4138566142866986,0.0769097169212482,0.37248374925304517,0.8499350858562749,0.0,4.0,20.0,0.3
1.342000000000001,0.28278106636677974,0.6358311403542897,0.3039523668616856,-0.3017915602774946,0.0,-0.040340909412911796,0.4133324281055193,0.07695060466302071,0.37229834505413895,0.849935140501947,0.0,4.0,20.0,0.3
1.352000000000001,0.28920759884301867,0.6465902193097863,0.3057343318145201,-0.30007431717056177,0.0,-0.038623666305978965,0.41279930474272,0.07702045922928029,0.37192084195520025,0.8499351923695173,0.0,4.0,20.0,0.3
1.362000000000001,0.2957082335207739,0.6515388435525166,0.3074319119906216,-0.2990320761636207,0.0,-0.03758142529903791,0.41225708679508277,0.07709522592339828,0.3723240215194944,0.849935242517749,0.0,4.0,20.0,0.3
1.372000000000001,0.3022179084651614,0.6497050103098702,0.3090712490543866,-0.2990430051577218,0.0,-0.03759235429313901,0.41170562151658796,0.07717331733817315,0.37297234153003955,0.8499352919715478,0.0,4.0,20.0,0.3
1.382000000000001,0.30867759843515774,0.6429326765163088,0.31071177007596534,-0.30128176744301277,0.0,-0.03983111657842997,0.41114477299822677,0.07724985936940026,0.37218518583054505,0.849935343200051,0.0,4.0,20.0,0.3
1.392000000000001,0.3150338007127887,0.6297244622764198,0.3123762136888055,-0.3031055577608546,0.0,-0.041654906896271826,0.41057443256177895,0.07732488275783882,0.37360079939529756,0.8499353971812464,0.0,4.0,20.0,0.3
1.402000000000001,0.3212175503597634,0.6101585450662083,0.31409110567660037,-0.30697998121812214,0.0,-0.04552933035353934,0.40999452791091345,0.07739841763433175,0.3736681562535745,0.8499354550658033,0.0,4.0,20.0,0.3
1.412000000000001,0.3271821394443463,0.5868976478212001,0.3159192143184358,-0.3126208016131085,0.0,-0.05117015074852571,0.40940503340870643,0.07747049353190677,0.3726583872544712,0.8499355195838783,0.0,4.0,20.0,0.3
1.422000000000001,0.3328884328508702,0.5591021160416165,0.3178822156773443,-0.31853441242324954,0.0,-0.057083761558666735,0.40880597631696897,0.07754113939763753,0.3725127420361186,0.8499355917839516,0.0,4.0,20.0,0.3
1.432000000000001,0.3382875238675255,0.5264140296927597,0.31999344748722114,-0.3251808432213174,0.0,-0.0637301923567346,0.4081974411191456,0.0776103836042692,0.3724106601429268,0.8499356723763459,0.0,4.0,20.0,0.3
1.442000000000001,0.34332865325050027,0.48844995826167764,0.32225613714420803,-0.33172735487556837,0.0,-0.07027670401098557,0.40757957494179897,0.07767825396161357,0.3733188699763219,0.8499357616566787,0.0,4.0,20.0,0.3
1.452000000000001,0.3479620630261878,0.44630722804043327,0.32468104126890074,-0.3393141928247688,0.0,-0.07786354196018602,0.406952593114477,0.07774477772771798,0.3734221238844281,0.84993586023934,0.0,4.0,20.0,0.3
1.462000000000001,0.35216199939848036,0.40205482256203695,0.3272940700385015,-0.3473277882886159,0.0,-0.08587713742403308,0.406316783493396,0.07780998161981276,0.37335129747484885,0.8499359694048081,0.0,4.0,20.0,0.3
1.472000000000001,0.35590953865995667,0.3564422512744906,0.33010035287884115,-0.35587116866163016,0.0,-0.09442051779704735,0.40567250676364225,0.07787389182504127,0.3727279447523595,0.8499360895679771,0.0,4.0,20.0,0.3
1.482000000000001,0.35918882547570985,0.30858576988739267,0.3330784509594161,-0.3634206662414718,0.0,-0.10197001537688899,0.4050201947741585,0.07793653401097728,0.37344882305767735,0.8499362200238025,0.0,4.0,20.0,0.3
1.492000000000001,0.3619875979761012,0.26085162360761466,0.336234868199547,-0.37177321448725575,0.0,-0.11032256362267295,0.4043603485583235,0.07799793333593343,0.3727608079677823,0.8499363612254968,0.0,4.0,20.0,0.3
1.5020000000000011,0.36431372932812656,0.2136827506097694,0.3395569938795538,-0.37917760631813635,0.0,-0.11772695545355355,0.40369353517056367,0.07805811445906541,0.3728892048468686,0.8499365128291374,0.0,4.0,20.0,0.3
1.5120000000000011,0.3661699477272404,0.16690152762956992,0.3430129203720997,-0.38580836765940774,0.0,-0.12435771679482494,0.403020381690415,0.0781171015502755,0.37337233268082537,0.8499366736474963,0.0,4.0,20.0,0.3
1.5220000000000011,0.36756613653473436,0.12167382250370022,0.3465812394399347,-0.3920887599447208,0.0,-0.130638109080138,0.4023415698215182,0.0781749182999197,0.37341430273478593,0.8499368429077451,0.0,4.0,20.0,0.3
1.5320000000000011,0.3685242674488834,0.0789607272566801,0.35023769669567734,-0.39748704658896933,0.0,-0.13603639572438653,0.40165782954389695,0.07823158792832216,0.37357649130786963,0.8499370196951807,0.0,4.0,20.0,0.3
1.5420000000000011,0.3690723238756913,0.039124310345216726,0.3539481996065619,-0.4018003613801824,0.0,-0.14034971051559958,0.4009699309989627,0.07828713319510106,0.37398291057029476,0.8499372026501768,0.0,4.0,20.0,0.3
1.5520000000000012,0.36924535712970113,0.003654540561154069,0.35768972010480926,-0.405845183529325,0.0,-0.14439453266474223,0.40027867565467334,0.0783415764083091,0.3733558819220948,0.8499373908441301,0.0,4.0,20.0,0.3
1.5620000000000012,0.36909743577947846,-0.026627455103306157,0.36143884308676744,-0.40796622087155504,0.0,-0.14651557000697224,0.3995848862821662,0.07838579795880975,0.37390731802242716,0.8499375833178227,0.0,4.0,20.0,0.3
1.5720000000000012,0.36867479127348146,-0.05194767173553666,0.36515285937192643,-0.4096462172727007,0.0,-0.14819556640811787,0.3988893948818484,0.0784235226191374,0.3734873923302636,0.8499377782530271,0.0,4.0,20.0,0.3
1.5820000000000012,0.368028383420962,-0.07210642206315152,0.368795001038825,-0.410269910391928,0.0,-0.1488192595273452,0.3981930318984261,0.07845925362912809,0.37290344712627366,0.8499379740450839,0.0,4.0,20.0,0.3
1.5920000000000012,0.3672203357278746,-0.08601738635251929,0.3723448360807453,-0.4091916071902616,0.0,-0.1477409563256788,0.3974966155172979,0.07848707465565645,0.3730867240256107,0.8499381697509107,0.0,4.0,20.0,0.3
1.6020000000000012,0.3663232223846532,-0.0861551487721878,0.37598626431808924,-0.4073261543395584,0.0,-0.14587550347497558,0.3968009401042267,0.07843529724134836,0.3726900323700377,0.8499383635830403,0.0,3.0,20.0,0.3
1.6120000000000012,0.36562355715692146,-0.060826302237702246,0.3803016286835431,-0.4044451123028273,0.0,-0.1429944614382445,0.3961067577262373,0.07832176079416124,0.3720351916496243,0.8499385539865417,0.0,3.0,20.0,0.3
1.6220000000000012,0.3651132830170773,-0.04525796771700932,0.3842997092601217,-0.3996448357659643,0.0,-0.13819418490138152,0.3954147363529041,0.07828075197526482,0.3725460762350493,0.8499387387683296,0.0,3.0,20.0,0.3
1.6320000000000012,0.36473266185446124,-0.03349791519986203,0.3879448253491799,-0.39388470869852804,0.0,-0.13243405783394524,0.39472545952116994,0.07829148329642625,0.37303532714576837,0.8499389164474263,0.0,3.0,20.0,0.3
1.6420000000000012,0.364474131825274,-0.020522338323495336,0.39123464906721883,-0.38778269830011536,0.0,-0.12633204743553256,0.39403944261019996,0.07831390543457237,0.3727489700967349,0.8499390865730636,0.0,3.0,20.0,0.3
1.6520000000000012,0.3643507636643882,-0.006444218637953643,0.3941248421917623,-0.3805430200888371,0.0,-0.11909236922425431,0.3933571388218365,0.07829064030789071,0.37291198221383404,0.8499392473493126,0.0,3.0,20.0,0.3
1.6620000000000013,0.3643892752591847,0.011090445114097548,0.3966230661647725,-0.37284465714599146,0.0,-0.11139400628140866,0.39267894043442075,0.0782707464542115,0.3728309332089075,0.8499393985998197,0.0,3.0,20.0,0.3
1.6720000000000013,0.3646179372663589,0.03097503201074858,0.3987047885427171,-0.36450739845767594,0.0,-0.10305674759309313,0.3920051776241874,0.07826305195244518,0.37298888242802675,0.8499395391239767,0.0,3.0,20.0,0.3
1.6820000000000013,0.3650569058043411,0.052854751862319985,0.40036137761431145,-0.3557608806629958,0.0,-0.09431022979841303,0.3913361169539237,0.0782343274360832,0.3732828018462113,0.8499396682025521,0.0,3.0,20.0,0.3
1.6920000000000013,0.365730749813311,0.07737242092382664,0.4016121946425084,-0.3472514690329072,0.0,-0.08580081816832441,0.3906719612638181,0.07815628093964776,0.3729924009687473,0.8499397860077709,0.0,3.0,20.0,0.3
1.7020000000000013,0.36666052882644434,0.10282017503705645,0.40243847890812773,-0.33895649023504254,0.0,-0.07750583937045974,0.39001284911733775,0.07804694075913632,0.3724112792420604,0.8499398926509364,0.0,4.0,20.0,0.3
1.7120000000000013,0.3678355228345786,0.1281568091215327,0.40281236949046256,-0.33086240141183926,0.0,-0.06941175054725646,0.3893588556494988,0.07796721321332702,0.3718446211092097,0.8499399884435394,0.0,4.0,20.0,0.3
1.7220000000000013,0.36929360118591653,0.15786773916656294,0.4029330935852146,-0.3230133060669762,0.0,-0.0615626552023934,0.38870999690256125,0.07799885435661623,0.37158606186130516,0.8499400738342737,0.0,4.0,20.0,0.3
1.7320000000000013,0.3710539798882795,0.18829541886228102,0.4028054758382246,-0.31539870929772457,0.0,-0.053948058433141766,0.38806622814641367,0.07803451231891576,0.37173922327613496,0.8499401487595822,0.0,4.0,20.0,0.3
1.7420000000000013,0.37312078468577786,0.21911722985392149,0.4024702782135323,-0.30914585811009637,0.0,-0.04769520724551357,0.3874274439625513,0.07809300557838879,0.3709437617418857,0.8499402146937133,0.0,4.0,20.0,0.3
1.7520000000000013,0.37549512714361466,0.24935999767331224,0.40196652648665854,-0.3034094501854054,0.0,-0.04195879932082258,0.3867934814215038,0.07813266628729017,0.37051370715331167,0.8499402730853811,0.0,4.0,20.0,0.3
1.7620000000000013,0.3781500481399516,0.27565560144867784,0.4012962335122789,-0.2978632520059865,0.0,-0.03641260114140371,0.38616412438617886,0.07818475513949458,0.3710768662705972,0.849940323842705,0.0,4.0,20.0,0.3
1.7720000000000014,0.38104723697668363,0.29869440954288135,0.4005047476399696,-0.29407189407812834,0.0,-0.03262124321354554,0.3855391122912619,0.07824122959871688,0.370569326298409,0.8499403687191499,0.0,4.0,20.0,0.3
1.7820000000000014,0.3841520269594129,0.31761316010954976,0.3996263309323869,-0.29080260490429205,0.0,-0.02935195403970925,0.3849181505221557,0.07829658356859677,0.3708041078519796,0.8499404090519389,0.0,4.0,20.0,0.3
1.7920000000000014,0.3874149290480164,0.33137922963761113,0.39868711993424494,-0.28852405149192434,0.0,-0.027073400627341537,0.3843009201409782,0.07834445905096707,0.3711871819639646,0.8499404458615901,0.0,4.0,20.0,0.3
1.8020000000000014,0.39078566839440076,0.34038602000621354,0.39772983015947305,-0.28788623396998775,0.0,-0.026435583105404947,0.38368708917839817,0.07839266514642235,0.3708375671531545,0.8499404809039374,0.0,4.0,20.0,0.3
1.8120000000000014,0.3942163220001824,0.3442171897629319,0.3967894976762763,-0.28802971551543943,0.0,-0.026579064650856632,0.3830763235079279,0.07844075934569134,0.37097663975674056,0.8499405156569455,0.0,4.0,20.0,0.3
1.8220000000000014,0.39765178023243664,0.3424423465725598,0.3958952185519327,-0.28913103441030413,0.0,-0.027680383545721332,0.3824682968428575,0.07845510829689249,0.3712910595032253,0.8499405513787494,0.0,4.0,20.0,0.3
1.8320000000000014,0.4010394261845145,0.33550266205308044,0.39508442616395556,-0.2914836674851479,0.0,-0.030033016620565123,0.38186270102761993,0.07846229094756978,0.3713138308005248,0.8499405897153811,0.0,4.0,20.0,0.3
1.8420000000000014,0.40433001146120384,0.32419248618103214,0.3943964182816397,-0.2954078876400236,0.0,-0.033957236775440824,0.3812592554186927,0.07849292146756878,0.37055983313391205,0.849940632427801,0.0,4.0,20.0,0.3
1.8520000000000014,0.4074767596341847,0.3075295165933618,0.3938470821876097,-0.29923536215590496,0.0,-0.03778471129132216,0.38065771480599586,0.07853219777340566,0.37122659859067886,0.8499406803275301,0.0,4.0,20.0,0.3
1.8620000000000014,0.4104210116162962,0.28526731599980754,0.39344704975931355,-0.3044266249809603,0.0,-0.04297597411637749,0.3800578766640086,0.07853692588692762,0.3710927736922165,0.8499407340107035,0.0,4.0,20.0,0.3
1.8720000000000014,0.4131213364965732,0.2594499072143845,0.39323540178929267,-0.3103588950423295,0.0,-0.048908244177746696,0.3794595892814481,0.07854775714984348,0.3709025921274133,0.8499407953037853,0.0,4.0,20.0,0.3
1.8820000000000014,0.4155420453859131,0.22993674807478356,0.3932224603556882,-0.31667073042817323,0.0,-0.05522007956359043,0.378862756819778,0.07851061229849905,0.37091178555300697,0.849940864847541,0.0,4.0,20.0,0.3
1.8920000000000015,0.4176459299206752,0.19700627904178403,0.39341367554460177,-0.32355209683022174,0.0,-0.062101445965638935,0.37826734270471407,0.0784797004375577,0.37073046788886854,0.8499409430823516,0.0,4.0,20.0,0.3
1.9020000000000015,0.41940367002201373,0.1613157255538457,0.3938143712351929,-0.3305984496822473,0.0,-0.06914779881766447,0.3776733726894193,0.07842850810599046,0.3706789665027086,0.849941030452355,0.0,4.0,20.0,0.3
1.9120000000000015,0.4207879689263531,0.12296242346883629,0.3944155608442677,-0.33721572563965924,0.0,-0.07576507477507644,0.37708093650654906,0.07837640019926087,0.3714023639163807,0.8499411267956819,0.0,4.0,20.0,0.3
1.9220000000000015,0.42177765916143684,0.08280237310635385,0.3952109210835766,-0.34402246407644327,0.0,-0.08257181321186047,0.37649018863768346,0.07831761058627293,0.3717952231936912,0.8499412320552711,0.0,4.0,20.0,0.3
1.9320000000000015,0.42236328202094453,0.04250512696611641,0.3962008381615657,-0.35107191848792957,0.0,-0.08962126762334677,0.3759013478823846,0.07826781069107853,0.3715932625458863,0.8499413464506634,0.0,4.0,20.0,0.3
1.9420000000000015,0.4225513380232238,0.00323683517871199,0.39738069507382023,-0.35775514880691905,0.0,-0.09630449794233625,0.3753146945869436,0.07817728445300333,0.37140621205258306,0.8499414699914604,0.0,4.0,20.0,0.3
1.9520000000000015,0.42236334165391043,-0.030832063864093436,0.3988331584937286,-0.3644522302966412,0.0,-0.1030015794320584,0.3747305650682551,0.07806054017557743,0.3705033057074153,0.8499416023443781,0.0,3.0,20.0,0.3
1.9620000000000015,0.42192191198529694,-0.0536000250924611,0.4008318364340507,-0.36985112347691373,0.0,-0.10840047261233093,0.37414934116483256,0.07795533760655934,0.3705323171688968,0.8499417424875798,0.0,3.0,20.0,0.3
1.9720000000000015,0.4212374039821674,-0.07844739067697573,0.4029790583406153,-0.3746163065896693,0.0,-0.11316565572508652,0.37357142797054677,0.07779860616425655,0.3703577884959036,0.8499418895090148,0.0,3.0,20.0,0.3
1.9820000000000015,0.4203035887110021,-0.10342887738390166,0.4052332178864952,-0.3784841358921114,0.0,-0.11703348502752858,0.37299724697102304,0.0776298094655271,0.37020524394905074,0.8499420422340889,0.0,3.0,20.0,0.3
1.9920000000000015,0.4191200288487862,-0.12829037742603538,0.40752970440317965,-0.3805862091007477,0.0,-0.1191355582361649,0.3724272359602865,0.07750126225509044,0.37124434501837955,0.8499421987015383,0.0,3.0,20.0,0.3
2.002000000000001,0.4176942738838774,-0.15179840386606372,0.40981816008202343,-0.38202971042481193,0.0,-0.12057905956022913,0.37186184752345464,0.07738322076514621,0.37182180884930016,0.8499423573383449,0.0,3.0,20.0,0.3
2.012,0.41605694043069347,-0.17103144796942316,0.41208346898878023,-0.38316258330178316,0.0,-0.12171193243720035,0.37130154586757513,0.07728117708494761,0.3713587403453571,0.849942517648737,0.0,3.0,20.0,0.3
2.021999999999999,0.4142550668135297,-0.1857522797526741,0.4142862477979861,-0.3831039760144266,0.0,-0.12165332514984378,0.3707467997359161,0.07720549144194885,0.3711040282952317,0.8499426783486034,0.0,3.0,20.0,0.3
2.031999999999998,0.4123296370568075,-0.19644236706167773,0.4163741781798685,-0.3816856804037453,0.0,-0.12023502953916249,0.3701980729470268,0.0771283807756068,0.37126719851619927,0.8499428376913821,0.0,3.0,20.0,0.3
2.0419999999999967,0.41032372922602545,-0.2029627296544316,0.4183064862862408,-0.37894976794476465,0.0,-0.11749911708018185,0.3696558161099468,0.07703724895590952,0.37179638681290594,0.8499429942498837,0.0,3.0,20.0,0.3
2.0519999999999956,0.4082760075219004,-0.20528979017768023,0.4200414133741562,-0.37558452029252487,0.0,-0.11413386942794207,0.3691204589272324,0.07697339020055975,0.37182772411850973,0.8499431465149894,0.0,3.0,20.0,0.3
2.0619999999999945,0.4062347989918105,-0.20280807548013394,0.42155649281636387,-0.37099537970663915,0.0,-0.10954472884205635,0.36859240333006205,0.07689523858973042,0.37226119286677584,0.8499432935603441,0.0,3.0,20.0,0.3
2.0719999999999934,0.4042423535709684,-0.1961992292830953,0.4228145491579732,-0.36569002038676496,0.0,-0.10423936952218216,0.3680720159593756,0.07688395388436073,0.3725659247350446,0.8499434339583058,0.0,3.0,20.0,0.3
2.0819999999999923,0.40234374054815925,-0.18487337049560762,0.42380415834172935,-0.3601374473996355,0.0,-0.09868679653505269,0.367559621731212,0.07689680732332059,0.37220733614913504,0.8499435670704166,0.0,3.0,20.0,0.3
2.091999999999991,0.400586497580194,-0.16892969785218398,0.4245151164745679,-0.3539982315895404,0.0,-0.09254758072495761,0.36705549761094985,0.07695575564802558,0.37183790189844446,0.8499436922865371,0.0,3.0,20.0,0.3
2.10199999999999,0.3990173395271827,-0.14843490370743204,0.4249463076887966,-0.34753923463972186,0.0,-0.08608858377513906,0.3665598663810967,0.07703500314435742,0.3712477784664353,0.8499438092773511,0.0,3.0,20.0,0.3
2.111999999999989,0.39767438721178533,-0.124577812124463,0.425086080834337,-0.3404008441544959,0.0,-0.0789501932899131,0.3660728911887882,0.07708219917723183,0.3710861392792951,0.8499439173730213,0.0,3.0,20.0,0.3
2.121999999999988,0.3965839206940445,-0.09852279626668906,0.42492522559711077,-0.3332484954335388,0.0,-0.07179784456895599,0.36559467201197965,0.07712215762666164,0.3706389604169359,0.8499440159698644,0.0,3.0,20.0,0.3
2.131999999999987,0.39576515840374543,-0.07052450558138121,0.42447189994662543,-0.32612535968071976,0.0,-0.06467470881613696,0.36512524466629176,0.07716181689859052,0.3700787930481756,0.8499441050096939,0.0,3.0,20.0,0.3
2.1419999999999857,0.39523203204752577,-0.04194395950015296,0.42372681292523645,-0.3182769019222405,0.0,-0.056826251057657706,0.36466458130150825,0.07721290109112412,0.37065492878860273,0.8499441842102251,0.0,3.0,20.0,0.3
2.1519999999999846,0.39497893256135125,-0.014153368678498576,0.4226871874825504,-0.31096829620729777,0.0,-0.04951764534271497,0.36421259232293496,0.0772886577554097,0.3708415181067878,0.849944253169945,0.0,3.0,20.0,0.3
2.1619999999999835,0.39500435678101276,0.013639928102041586,0.421390723872656,-0.3039843497013558,0.0,-0.04253369883677299,0.363769131235656,0.07736220421195915,0.3710962442403595,0.8499443127886559,0.0,3.0,20.0,0.3
2.1719999999999824,0.3953129846031041,0.04200208967537061,0.41988549582377577,-0.2977434834643012,0.0,-0.03629283259971838,0.363333998956228,0.07743499860696432,0.37101886591428146,0.8499443643385599,0.0,3.0,20.0,0.3
2.1819999999999813,0.3958946132305024,0.0690314082167718,0.4181855943993789,-0.29283346128957866,0.0,-0.031382810424995855,0.3629069470648984,0.07750634871467726,0.3699539513377951,0.8499444080457478,0.0,3.0,20.0,0.3
2.19199999999998,0.39674689094703214,0.09558322645555027,0.4163533128141537,-0.28807923807008434,0.0,-0.02662858720550154,0.3624876827121191,0.07756881392782956,0.3696895310756906,0.8499444457107519,0.0,3.0,20.0,0.3
2.201999999999979,0.3978495915789664,0.1218573205601309,0.4144855131957266,-0.28346302781995303,0.0,-0.022012376955370228,0.36207587317665596,0.0776375090541059,0.37039289792824526,0.8499444770670196,0.0,4.0,20.0,0.3
2.211999999999978,0.3992764751478214,0.15516701180339193,0.4129409936315668,-0.28020123783699596,0.0,-0.018750586972413164,0.3616711500827855,0.07768398843262098,0.37040800499912685,0.8499445037503534,0.0,4.0,20.0,0.3
2.221999999999977,0.40098084539479817,0.17945027337556377,0.41134713080108853,-0.27762846007643094,0.0,-0.016177809211848138,0.36127310283781255,0.07774080474614667,0.37073103802640583,0.8499445266971728,0.0,4.0,20.0,0.3
2.231999999999976,0.40287413294130997,0.1951048006525874,0.4097121121599328,-0.2757162185656979,0.0,-0.01426556770111509,0.36088128836478384,0.07780608746473343,0.3714691126012861,0.8499445462034865,0.0,4.0,20.0,0.3
2.2419999999999747,0.4048852048699609,0.2043566823701397,0.40807575893269143,-0.27463039395858474,0.0,-0.013179743094001939,0.3604952504082297,0.07786889896154456,0.37239031033397896,0.8499445639249408,0.0,4.0,20.0,0.3
2.2519999999999736,0.4069591856223744,0.20870043351401985,0.4064791731937515,-0.2750252905785269,0.0,-0.013574639713944125,0.36011453477596017,0.07792614186809015,0.37256575107914447,0.8499445816124658,0.0,4.0,20.0,0.3
2.2619999999999725,0.4090412906385378,0.20699023299132047,0.40493270520388724,-0.27542818277678094,0.0,-0.013977531912198138,0.3597387005207723,0.07798669809947449,0.3740316346440058,0.8499445997516514,0.0,4.0,20.0,0.3
2.2719999999999714,0.41107237365563465,0.20006757921522347,0.40346336893537554,-0.2774321724993955,0.0,-0.0159815216348127,0.35936733024957074,0.07804710213687398,0.3744938859963266,0.849944619542707,0.0,4.0,20.0,0.3
2.2819999999999703,0.4130177085322268,0.19047259780812648,0.4021278242768264,-0.2810956146417136,0.0,-0.01964496377713082,0.35900003983079964,0.07810630771959015,0.3737845736869082,0.8499446434850247,0.0,4.0,20.0,0.3
2.291999999999969,0.4148484684692308,0.17766785911020513,0.4009474824018231,-0.285091718473608,0.0,-0.02364106760902518,0.3586364836551745,0.07816433862572937,0.37365924992774946,0.8499446726349517,0.0,4.0,20.0,0.3
2.301999999999968,0.4165254147051738,0.16048187782790463,0.39992499310366225,-0.2894417767711603,0.0,-0.027991125906577485,0.35827635821221704,0.07820410307752776,0.3739622792814351,0.8499447072703283,0.0,4.0,20.0,0.3
2.311999999999967,0.4180107999248134,0.14019885856255634,0.39908484985410764,-0.29487290392605486,0.0,-0.03342225306147206,0.35791940697842956,0.07815921704576172,0.37344501978779854,0.8499447486001387,0.0,4.0,20.0,0.3
2.321999999999966,0.4192786118811494,0.11752420209558845,0.3984453072239018,-0.30095003115233887,0.0,-0.03949938028775607,0.3575654246684084,0.07810368544475554,0.3726340136663967,0.8499447975964596,0.0,4.0,20.0,0.3
2.3319999999999648,0.42030857488883266,0.0930603745936346,0.39801962916313044,-0.30758641610268517,0.0,-0.046135765238102366,0.35721425911954785,0.07797607196225047,0.3714524415247288,0.8499448550370853,0.0,4.0,20.0,0.3
2.3419999999999637,0.42107553737574427,0.06540220046439595,0.39778832318629676,-0.31328521195268244,0.0,-0.05183456108809964,0.3568658119865205,0.0778285866080658,0.3718314608748984,0.8499449203192695,0.0,4.0,20.0,0.3
2.3519999999999626,0.42155615897028675,0.03630301133020989,0.39776017444884215,-0.31964152317594985,0.0,-0.05819087231136705,0.3565200400150639,0.07765102834997853,0.3713645139693026,0.8499449940201592,0.0,4.0,20.0,0.3
2.3619999999999615,0.4217341541310666,0.005167630921102187,0.3979143320217015,-0.32531982142829236,0.0,-0.06386917056370955,0.3561769557889924,0.07756315233101796,0.37183858186867924,0.849945075468179,0.0,4.0,20.0,0.3
2.3719999999999604,0.42158832176767136,-0.027788742183276587,0.3982282108304935,-0.3306681729906417,0.0,-0.06921752212605892,0.35583662735464233,0.07755959619045782,0.3726227018155879,0.8499451638905785,0.0,4.0,20.0,0.3
2.3819999999999593,0.4211192991854226,-0.059398977544987235,0.3987174832635501,-0.3366971787485745,0.0,-0.07524652788399172,0.3554991780810643,0.07753787745564501,0.37200660478276093,0.8499452601229928,0.0,4.0,20.0,0.3
2.391999999999958,0.4203473751878883,-0.08881716079811847,0.39937684246209926,-0.3424871945610086,0.0,-0.08103654369642582,0.3551647827152491,0.07756151686472688,0.37116797300717097,0.8499453641266643,0.0,4.0,20.0,0.3
2.401999999999957,0.41929841858693306,-0.11398076478047556,0.40024364727758766,-0.34755780500891026,0.0,-0.08610715414432746,0.35483366013474643,0.07762773537843373,0.3706421628183575,0.8499454752270859,0.0,3.0,20.0,0.3
2.411999999999956,0.41805592712457634,-0.13139374584102137,0.40147392333989035,-0.35158474292438385,0.0,-0.09013409205980105,0.3545060638061185,0.07769526146549571,0.37069069643993857,0.8499455922052975,0.0,3.0,20.0,0.3
2.421999999999955,0.41663739825542284,-0.1486258512728043,0.4028239314503596,-0.3554685067312634,0.0,-0.0940178558666806,0.354182265900528,0.07776144779186006,0.3699173657383088,0.8499457143245169,0.0,3.0,20.0,0.3
2.4319999999999538,0.4150532879093175,-0.1649637969527518,0.4042524777869023,-0.3577519438557387,0.0,-0.09630129299115592,0.35386255057596994,0.07782632093923474,0.37026889101347527,0.8499458403954168,0.0,3.0,20.0,0.3
2.4419999999999527,0.41331527553008357,-0.17926578154789374,0.4057216564775561,-0.3598201403049953,0.0,-0.09836948944041252,0.3535472111871463,0.07788990696192964,0.3697347125400663,0.849945969278121,0.0,3.0,20.0,0.3
2.4519999999999516,0.41144722514164894,-0.1917573656257587,0.40718250164708686,-0.36007354748474046,0.0,-0.09862289662015766,0.35323654671694416,0.07795223139732058,0.37050890292285255,0.8499460994515945,0.0,3.0,20.0,0.3
2.4619999999999505,0.40946587541014967,-0.2016993506559657,0.40859291645631973,-0.3601229258704182,0.0,-0.09867227500583542,0.3529308570272163,0.07801331927610541,0.37031380578398276,0.8499462295473644,0.0,3.0,20.0,0.3
2.4719999999999493,0.40740765871067053,-0.20803746556775393,0.40992915861778273,-0.3590416012418679,0.0,-0.0975909503772851,0.3526304385840769,0.07807319513235704,0.3704522598984703,0.8499463587562842,0.0,3.0,20.0,0.3
2.4819999999999482,0.40530654658575604,-0.21128170450993194,0.41114748920889066,-0.3564426936118221,0.0,-0.09499204274723932,0.3523355778120139,0.07813188301337667,0.3714971938830306,0.8499464855979267,0.0,3.0,20.0,0.3
2.491999999999947,0.403193687710475,-0.21078213494697512,0.4122202896229417,-0.35376288561217145,0.0,-0.09231223474758865,0.3520465449587137,0.07818940648935169,0.3714920765360329,0.8499466090556267,0.0,3.0,20.0,0.3
2.501999999999946,0.40111381389144674,-0.20552752834043006,0.41313829725398526,-0.35085223693533013,0.0,-0.08940158607074733,0.35176358847651196,0.0782457886628219,0.37072743246038387,0.849946728679392,0.0,3.0,20.0,0.3
2.511999999999945,0.39911421117867724,-0.1960617689431357,0.4138793249052833,-0.34658836855354197,0.0,-0.08513771768895917,0.3514869277527011,0.07830105217795799,0.37087922463454215,0.849946843597869,0.0,3.0,20.0,0.3
2.521999999999944,0.3972251887759579,-0.18373753558840675,0.41440532955980913,-0.3418737411284308,0.0,-0.08042309026384797,0.35121674611318426,0.07835521922965581,0.37080652244227186,0.8499469523984972,0.0,3.0,20.0,0.3
2.5319999999999427,0.3954728703176432,-0.16925227302345883,0.4146909930659648,-0.3364633272818821,0.0,-0.0750126764172993,0.3509531868135618,0.07840831157245032,0.37099072608452777,0.8499470540442529,0.0,3.0,20.0,0.3
2.5419999999999416,0.3938840303372446,-0.15161350114912403,0.4147410535019972,-0.3308581683394081,0.0,-0.06940751747482532,0.3506963505504078,0.07846035052925258,0.3708819463319275,0.8499471484308627,0.0,3.0,20.0,0.3
2.5519999999999405,0.3924881839666338,-0.13120496115061286,0.4145526826343694,-0.3249053126236108,0.0,-0.06345466175902797,0.35044629300063457,0.0785113569999135,0.3708581785037719,0.8499472352188534,0.0,3.0,20.0,0.3
2.5619999999999394,0.39130739050325314,-0.10886665475598771,0.41412060256830996,-0.31896339850318456,0.0,-0.05751274763860176,0.35020302222463334,0.07856135146961761,0.37058825065074597,0.8499473139860803,0.0,3.0,20.0,0.3
2.5719999999999383,0.39035588084145045,-0.08589212597641784,0.4134370086583846,-0.31205913516795386,0.0,-0.05060848430337106,0.34996649750998493,0.07861035401711026,0.37160886493508705,0.8499473842287114,0.0,3.0,20.0,0.3
2.5819999999999372,0.38963488694104453,-0.06279610589912708,0.4125038162114958,-0.3054834502010109,0.0,-0.04403279933642812,0.3497366301203035,0.07865838432276173,0.37228441346670926,0.8499474457394061,0.0,3.0,20.0,0.3
2.591999999999936,0.389147766810773,-0.03938618314091322,0.411341967480477,-0.2992067947404556,0.0,-0.03775614387587278,0.34951328606313836,0.07870546167647109,0.3728243543560261,0.8499474989273097,0.0,3.0,20.0,0.3
2.601999999999935,0.3888922908015896,-0.016292943293798323,0.40996591061233145,-0.2933410808435982,0.0,-0.03189042997901542,0.34929628882142844,0.07875160498541357,0.37323280456565966,0.8499475440121383,0.0,3.0,20.0,0.3
2.611999999999934,0.3888706495949176,0.006957453095902955,0.4084148299757193,-0.28798505137244773,0.0,-0.02653440050786493,0.34908542253248476,0.07879683278163392,0.3735230316021937,0.8499475820279351,0.0,3.0,20.0,0.3
2.621999999999933,0.3890748194593758,0.02909225003736287,0.40670501573691453,-0.2829302243370376,0.0,-0.02147957347245477,0.34888043482253733,0.07884116322948934,0.37412511820741157,0.8499476133099594,0.0,3.0,20.0,0.3
2.6319999999999317,0.38948482194601536,0.04862194730540729,0.40484755360431735,-0.2784381704185221,0.0,-0.01698751955393929,0.3486810409880562,0.0788846141329445,0.3747935719718213,0.8499476380471769,0.0,3.0,20.0,0.3
2.6419999999999306,0.39007970554529703,0.06639979908270102,0.40288797773435114,-0.27473282022530926,0.0,-0.013282169360726459,0.34848693014712384,0.07892720294272211,0.3753159609141806,0.8499476575438397,0.0,3.0,20.0,0.3
2.6519999999999295,0.39085268756000097,0.08676173513955371,0.40097974627663485,-0.2726713992387161,0.0,-0.011220748374133283,0.3482977713095515,0.078947210164365,0.37455700391946267,0.8499476733819933,0.0,4.0,20.0,0.3
2.6619999999999284,0.39189170073325713,0.11392357208224196,0.3994422690917025,-0.27029365404013833,0.0,-0.00884300317555553,0.3481132142166453,0.07894094553508609,0.3752786469530519,0.8499476861063495,0.0,4.0,20.0,0.3
2.6719999999999273,0.3931476510927285,0.13247296199255745,0.39789451424417105,-0.2691732426049595,0.0,-0.007722591740376705,0.3479328792399863,0.07897394721517134,0.3753707687931719,0.849947696766193,0.0,4.0,20.0,0.3
2.681999999999926,0.3945502769048609,0.1446416123544736,0.39636623478346794,-0.2687834914863317,0.0,-0.007332840621748882,0.3477563659752719,0.07889087434900514,0.3754505890965699,0.8499477066213725,0.0,4.0,20.0,0.3
2.691999999999925,0.3960409699723273,0.15127427551818798,0.39487873358538034,-0.2692200684740315,0.0,-0.007769417609448714,0.3475832686963545,0.07879265066437208,0.3754172927131133,0.8499477166007682,0.0,4.0,20.0,0.3
2.701999999999924,0.3975714604721055,0.15364889910008012,0.39346319132987423,-0.2706549733661992,0.0,-0.009204322501616402,0.34741318852758074,0.07874881553370046,0.37513083245860757,0.8499477280757175,0.0,4.0,20.0,0.3
2.711999999999923,0.39909701252501834,0.1510402252616165,0.3921286366107766,-0.2721634283827695,0.0,-0.010712777518186722,0.3472457427865877,0.07864942760450835,0.37573277708447783,0.8499477415106167,0.0,4.0,20.0,0.3
2.721999999999922,0.40057268641522986,0.14475366799149986,0.3909034749418158,-0.27509455528918775,0.0,-0.013643904424604947,0.34708057308520074,0.07856216099218209,0.3752911903034233,0.8499477581982017,0.0,4.0,20.0,0.3
2.7319999999999207,0.4019611634266818,0.13464532194381804,0.3898007961913777,-0.278621898562114,0.0,-0.0171712476975312,0.346917352597096,0.07847493859935131,0.37490403337442135,0.8499477788130801,0.0,4.0,20.0,0.3
2.7419999999999196,0.4032276758310766,0.12098931457403712,0.38883529778611214,-0.2822771467566884,0.0,-0.020826495892105612,0.3467557915226001,0.0783802844500005,0.3750850169186045,0.8499478041137704,0.0,4.0,20.0,0.3
2.7519999999999185,0.4043421946787749,0.10479864948302522,0.38802752196336454,-0.2868728007679923,0.0,-0.02542214990340952,0.346595641655806,0.07828619135447089,0.3746197700701237,0.8499478351202677,0.0,4.0,20.0,0.3
2.7619999999999174,0.40528542167790227,0.08699652822111073,0.3873977763499525,-0.29210879412546,0.0,-0.03065814326087718,0.3464366995368202,0.0781411203938189,0.3737206190068483,0.8499478728656917,0.0,4.0,20.0,0.3
2.7719999999999163,0.4060343969899476,0.06671992540500504,0.38693835100974255,-0.2975030742404226,0.0,-0.036052423375839804,0.3462788076666034,0.07805401024627644,0.37302870617556705,0.8499479172081528,0.0,4.0,20.0,0.3
2.781999999999915,0.40656594921212397,0.04385493133090765,0.3866433899594661,-0.3021888294866426,0.0,-0.040738178622059806,0.3461218558548338,0.0780201370015508,0.3736314647885792,0.8499479680810414,0.0,4.0,20.0,0.3
2.791999999999914,0.4068612393667746,0.01981741368714974,0.38652008321652914,-0.3073869116706557,0.0,-0.04593626080607288,0.3459657826794618,0.07797087669074731,0.3736124391172426,0.8499480259625389,0.0,4.0,20.0,0.3
2.801999999999913,0.4069093461527351,-0.005256943805564442,0.38656315585045653,-0.31222258440005796,0.0,-0.050771933535475156,0.3458105758285912,0.077907724609649,0.3740065501434281,0.8499480905447965,0.0,3.0,20.0,0.3
2.811999999999912,0.40670790569228504,-0.0299042254043062,0.3868036903500433,-0.3170884792382364,0.0,-0.05563782837365361,0.34565627090291534,0.07778794452215616,0.37410693291510067,0.849948161315756,0.0,3.0,20.0,0.3
2.821999999999911,0.40626385875244103,-0.05419762672697129,0.3872225574630124,-0.3211719189282345,0.0,-0.05972126806365169,0.3455029485535154,0.07762768639223303,0.37487639436240383,0.8499482380673883,0.0,3.0,20.0,0.3
2.8319999999999097,0.4055777922470522,-0.07802742720075875,0.38779452230293116,-0.3252341593236406,0.0,-0.06378350845905778,0.3453507304024749,0.0774803175706685,0.37518356958422205,0.8499483201734727,0.0,3.0,20.0,0.3
2.8419999999999086,0.40466207027606627,-0.10044694090556583,0.38850690035949653,-0.32908854455559744,0.0,-0.06763789369101464,0.3451997756009502,0.07730592130331602,0.3751210168347644,0.8499484073915986,0.0,3.0,20.0,0.3
2.8519999999999075,0.4035383167641427,-0.11994730936042142,0.38935502910832614,-0.3328775157908062,0.0,-0.07142686492622341,0.3450502758997258,0.07708833623749332,0.3743466746603781,0.8499484997175621,0.0,3.0,20.0,0.3
2.8619999999999064,0.4022422544596964,-0.135614187339512,0.3903316144279779,-0.3363286710650262,0.0,-0.07487802020044337,0.3449024489531835,0.07685581505174151,0.3731837362742457,0.8499485970618527,0.0,3.0,20.0,0.3
2.8719999999999053,0.40079756870320066,-0.15030353710252572,0.39136866502512213,-0.3379243061113285,0.0,-0.07647365524674571,0.34475652979302046,0.07665212454621498,0.37371501301884824,0.8499486973840255,0.0,3.0,20.0,0.3
2.881999999999904,0.3992118099151883,-0.16371311571408698,0.3924250711546406,-0.33923844151848337,0.0,-0.07778779065390057,0.34461276497022675,0.07643760295185965,0.3736434764092609,0.8499487994229421,0.0,3.0,20.0,0.3
2.891999999999903,0.3975083689108684,-0.1743176565188612,0.3934848558074448,-0.33989178214738547,0.0,-0.07844113128280267,0.3444714095012129,0.07623761443277328,0.37349319432534456,0.8499489026875463,0.0,3.0,20.0,0.3
2.901999999999902,0.3957072683226995,-0.18389258690473287,0.3944865479890241,-0.33873070031435704,0.0,-0.07728004944977424,0.3443327218491756,0.07597636938301915,0.374793442071094,0.8499490052137406,0.0,3.0,20.0,0.3
2.911999999999901,0.39382502019075616,-0.1907776268660283,0.39541102671076556,-0.33746488391590534,0.0,-0.07601423305132254,0.3441969596164303,0.0756588704301884,0.375139057097714,0.849949106320104,0.0,3.0,20.0,0.3
2.9219999999999,0.3918904340509265,-0.194835328518779,0.3962295543214009,-0.33535548711227053,0.0,-0.07390483624768773,0.34406437585116895,0.07534507114686637,0.37563473413795945,0.8499492050043039,0.0,3.0,20.0,0.3
2.9319999999998987,0.38993672462727264,-0.19510071923425693,0.3969296224408214,-0.33312979347625665,0.0,-0.07167914261167385,0.3439352136321431,0.07498449852206687,0.37529392039580556,0.8499493007511357,0.0,3.0,20.0,0.3
2.9419999999998976,0.3880055409035015,-0.19144718632257235,0.3974972472984941,-0.330084118008058,0.0,-0.06863346714347518,0.3438096999216199,0.07460840825338817,0.375159798485018,0.849949392990691,0.0,3.0,20.0,0.3
2.9519999999998965,0.3861266330308375,-0.18502374696305768,0.39789815010141505,-0.32623513743736676,0.0,-0.06478448657278396,0.3436880388276083,0.07427232203352438,0.3753698616756219,0.8499494804796672,0.0,3.0,20.0,0.3
2.9619999999998954,0.3843308546867602,-0.17543707340115372,0.3981239444688618,-0.32223236205909606,0.0,-0.060781711194513255,0.34357040680866474,0.0739246265929319,0.37507741855374255,0.8499495627735425,0.0,3.0,20.0,0.3
2.9719999999998943,0.38264361229314975,-0.16408228622084028,0.3981453185188262,-0.31699958094342245,0.0,-0.05554893007883965,0.34345694848878583,0.07356226617785407,0.3758727866863374,0.8499496387503065,0.0,3.0,20.0,0.3
2.981999999999893,0.38107947287174626,-0.1509857679723504,0.397949560845041,-0.3117393949505944,0.0,-0.05028874408601158,0.34334777392421806,0.07322277782733438,0.3762640723532409,0.8499497077814083,0.0,3.0,20.0,0.3
2.991999999999892,0.3796621660793808,-0.1349883213183807,0.3975524627461537,-0.3068122956795803,0.0,-0.04536164481499749,0.3432429576295371,0.07286524251101412,0.3758203671474917,0.8499497701421201,0.0,3.0,20.0,0.3
3.001999999999891,0.37842206839425413,-0.11647248270468899,0.39696166457242976,-0.30158156185560503,0.0,-0.04013091099102223,0.34314253624271135,0.0724996720333524,0.3755899344169391,0.8499498258700416,0.0,3.0,20.0,0.3
3.01199999999989,0.3773771934795022,-0.0961174785977831,0.39617968782248464,-0.2966373577055371,0.0,-0.03518670684095432,0.34304650557379734,0.07218380404756886,0.3749483783366996,0.8499498748369556,0.0,3.0,20.0,0.3
3.0219999999998888,0.37654386653262734,-0.07483847671776274,0.395212135782749,-0.291320520204337,0.0,-0.029869869339754218,0.3429548195273239,0.07185631057439097,0.37492365167138575,0.8499499170258159,0.0,3.0,20.0,0.3
3.0319999999998877,0.37592583371674093,-0.05303671426384448,0.3940696485121695,-0.2863875428814754,0.0,-0.024936892016892587,0.3428673901613528,0.0715568502556218,0.37459349880796133,0.8499499525771738,0.0,3.0,20.0,0.3
3.0419999999998866,0.3755310515772701,-0.03023837489266089,0.39278389076988723,-0.2824414708619312,0.0,-0.02099081999734842,0.34278408948743566,0.0712819840959169,0.3733058572142458,0.8499499823216072,0.0,3.0,20.0,0.3
3.0519999999998855,0.3753634760108931,-0.007786693446245382,0.39136668477446945,-0.27829335832491253,0.0,-0.01684270746032973,0.34270475085859087,0.07107361501961558,0.37285573912417047,0.8499500064904393,0.0,3.0,20.0,0.3
3.0619999999998844,0.3754180027834859,0.013699976751479874,0.3898387222331766,-0.27404550469552086,0.0,-0.012594853830938058,0.34262917104478774,0.07085506807038969,0.3731777481819868,0.8499500256116577,0.0,3.0,20.0,0.3
3.0719999999998833,0.3756709424281035,0.03295147537886586,0.3882044936788884,-0.270884117642685,0.0,-0.009433466778102195,0.34255711423036184,0.07061678755370962,0.3726895921946556,0.849950039703688,0.0,3.0,20.0,0.3
3.081999999999882,0.37610345917055826,0.05000914333784913,0.386493031560297,-0.26811696584242306,0.0,-0.00666631497784026,0.3424883183921245,0.07032015436764276,0.3724109477523295,0.8499500495904132,0.0,3.0,20.0,0.3
3.091999999999881,0.37669330664237266,0.06458846304665221,0.3847301241368382,-0.265421203887917,0.0,-0.003970553023334211,0.3424225012334724,0.07003014768679743,0.372899847943275,0.8499500560195894,0.0,3.0,20.0,0.3
3.10199999999988,0.3774222992330871,0.08035012767611607,0.3830410309627775,-0.26409213111511576,0.0,-0.002641480250532957,0.3423593661960871,0.06980624459064312,0.3724834839117406,0.8499500601072827,0.0,4.0,20.0,0.3
3.111999999999879,0.3783637980759857,0.10217082304306248,0.3817144368741352,-0.2633620573939264,0.0,-0.0019114065293435734,0.34229860501785087,0.06953369813498367,0.37212884369392596,0.849950062885723,0.0,4.0,20.0,0.3
3.1219999999998778,0.379479835510478,0.11700362127451194,0.3804214206243975,-0.2636211960253898,0.0,-0.0021705451608070025,0.3422398892412621,0.06925003816713145,0.37131564877149803,0.8499500656937755,0.0,4.0,20.0,0.3
3.1319999999998767,0.38070209044272957,0.12485507660705371,0.3791607123174164,-0.2637395779912971,0.0,-0.002288927126714302,0.3421828767758074,0.06904234519341476,0.37168355623502314,0.8499500685147365,0.0,4.0,20.0,0.3
3.1419999999998756,0.38197168451075286,0.12770508437675915,0.3779576932118292,-0.26492282194291084,0.0,-0.0034721710783280346,0.3421272262299971,0.06882583799174104,0.37148780493096345,0.849950072462929,0.0,4.0,20.0,0.3
3.1519999999998745,0.3832415581535153,0.12606549934408418,0.3768267922176297,-0.26670956423392467,0.0,-0.005258913369341867,0.34207260860633093,0.06860104839848409,0.37130967099346635,0.849950078214388,0.0,4.0,20.0,0.3
3.1619999999998734,0.38447417551519386,0.12105558757723352,0.3757923076198527,-0.26920066282293853,0.0,-0.007750011958355729,0.3420187159064346,0.06835149188390016,0.3709216772260139,0.8499500868818727,0.0,4.0,20.0,0.3
3.1719999999998723,0.3856406508423628,0.11323824420589887,0.3748743023129588,-0.2721135777642688,0.0,-0.01066292689968601,0.3419652673149332,0.06814233954519851,0.3707080959740161,0.8499500994245192,0.0,4.0,20.0,0.3
3.181999999999871,0.38670573783272977,0.10179028659962992,0.3740697984670931,-0.2752616555326386,0.0,-0.013811004668055793,0.34191201359189094,0.06798901721034492,0.3708705841143213,0.8499501158362333,0.0,4.0,20.0,0.3
3.19199999999987,0.38763821693789996,0.08726207007462737,0.3733890160968837,-0.2787269166117053,0.0,-0.017276265747122488,0.3418587417023367,0.06788522141796648,0.3711825769871391,0.8499501366750999,0.0,4.0,20.0,0.3
3.201999999999869,0.3884108072379799,0.0703981077026074,0.37284178894560216,-0.2826990539744947,0.0,-0.021248403109911884,0.3418052787435287,0.06773651725978026,0.37119475324196827,0.8499501624899275,0.0,4.0,20.0,0.3
3.211999999999868,0.3890092783354269,0.05256553568705122,0.3724474443232902,-0.2871056478789619,0.0,-0.02565499701437912,0.3417514945357909,0.0675446389954548,0.3708573138381004,0.8499501942467067,0.0,4.0,20.0,0.3
3.2219999999998667,0.3894191839910683,0.03280747595112588,0.3721940185069095,-0.29125058764710793,0.0,-0.029799936782525127,0.3416973018445351,0.06737506018389583,0.3710774855601089,0.849950231598933,0.0,4.0,20.0,0.3
3.2319999999998656,0.38962224698305786,0.011873174700803221,0.3720806062775308,-0.2957518047182554,0.0,-0.034301153853672606,0.34164265650876907,0.0672188651263671,0.3708913471866002,0.8499502746523533,0.0,4.0,20.0,0.3
3.2419999999998645,0.3896125574678442,-0.009595795010168637,0.37210696104601493,-0.3003148660581632,0.0,-0.03886421519358041,0.34158755775742305,0.06704781719756157,0.37053507416492804,0.8499503235469826,0.0,4.0,20.0,0.3
3.2519999999998634,0.3893907253260913,-0.030212892851017026,0.3722877726233154,-0.3048025733029748,0.0,-0.04335192243839198,0.34153204659988484,0.06693130938222822,0.3701147752718029,0.8499503784327833,0.0,3.0,20.0,0.3
3.2619999999998623,0.38898253792116666,-0.04801949207353367,0.3726843999154006,-0.3088975947008335,0.0,-0.0474469438362507,0.3414762024226183,0.06684781169615135,0.3699794711725062,0.8499504391489756,0.0,3.0,20.0,0.3
3.2719999999998612,0.3883927220840741,-0.06628101366225586,0.37321432698666,-0.3123488538103748,0.0,-0.050898202945792004,0.34142013631174245,0.06675998089934429,0.37030781765539333,0.8499505045626173,0.0,3.0,20.0,0.3
3.28199999999986,0.3876253340867246,-0.08350747126452569,0.37387076441608647,-0.315903636047408,0.0,-0.05445298518282521,0.34136398733114065,0.06667943179935565,0.36993727003655896,0.8499505745955397,0.0,3.0,20.0,0.3
3.291999999999859,0.3866922824780577,-0.09972695624527184,0.37462815021038015,-0.31869107369496136,0.0,-0.05724042283037856,0.34130791963642415,0.0666141658678514,0.37003321426256586,0.8499506485639804,0.0,3.0,20.0,0.3
3.301999999999858,0.3856064077056987,-0.11424993497922932,0.3754669146511329,-0.32089588197234803,0.0,-0.05944523110776523,0.34125211849293025,0.06646099615403375,0.37014117446640926,0.8499507259442681,0.0,3.0,20.0,0.3
3.311999999999857,0.3843831162768619,-0.12728299310875607,0.376354605899082,-0.32264145072452305,0.0,-0.06119079985994025,0.341196786143827,0.06625571524389254,0.37002602691064057,0.8499508057809129,0.0,3.0,20.0,0.3
3.3219999999998557,0.38304301533565394,-0.13821856250343215,0.37727063981187603,-0.3238135350939351,0.0,-0.06236288422935232,0.3411421373117742,0.06603531792710382,0.3698734000930811,0.8499508874679449,0.0,3.0,20.0,0.3
3.3319999999998546,0.38160593915791596,-0.14693905662263368,0.37818623532751444,-0.3243044253106095,0.0,-0.06285377444602669,0.3410883943944297,0.0658514566179645,0.3698104223005708,0.8499509701089522,0.0,3.0,20.0,0.3
3.3419999999998535,0.380093942329531,-0.1536014402863501,0.37907018963112343,-0.3241082933728785,0.0,-0.0626576425082957,0.3410357827558559,0.06574146963574125,0.369900980126893,0.8499510527036065,0.0,3.0,20.0,0.3
3.3519999999998524,0.3785322245391621,-0.15760534604621285,0.3799037469893208,-0.32310961810882943,0.0,-0.06165896724424663,0.34098452600643253,0.06561460428085528,0.37024773381838094,0.8499511346175639,0.0,3.0,20.0,0.3
3.3619999999998513,0.3769472759287411,-0.1584916303047851,0.3806686250124769,-0.32214741175259365,0.0,-0.06069676088801085,0.3409348411307282,0.0654795225677233,0.36965761176982836,0.8499512152065181,0.0,3.0,20.0,0.3
3.3719999999998502,0.37537472771978936,-0.15641536231109043,0.38134724409678694,-0.3198271599857647,0.0,-0.05837650912118192,0.3408869332690833,0.06532627884704258,0.37015877327560476,0.84995129384138,0.0,3.0,20.0,0.3
3.381999999999849,0.3738208511606581,-0.15443969012579997,0.38186725710285546,-0.31652852764376715,0.0,-0.055077876779184354,0.34084099026872133,0.06517872184162388,0.3712622923136484,0.8499513681040656,0.0,3.0,20.0,0.3
3.391999999999848,0.37230213981982024,-0.14961895922449261,0.38224472840006635,-0.31355171101832524,0.0,-0.05210106015374244,0.34079718159072514,0.06502828868241796,0.3712355330442295,0.8499514383402494,0.0,3.0,20.0,0.3
3.401999999999847,0.3708465677892652,-0.14261220578625466,0.38246161073331025,-0.3095227941595022,0.0,-0.04807214329491938,0.34075565624280013,0.06480788241227729,0.37202992002813573,0.8499515038253246,0.0,3.0,20.0,0.3
3.411999999999846,0.36947373910774756,-0.13364447158794235,0.38250462116528344,-0.30511780370485414,0.0,-0.04366715284027134,0.3407165389334515,0.06453818244730422,0.37277422468974397,0.8499515639618581,0.0,3.0,20.0,0.3
3.4219999999998447,0.36820342871564876,-0.12237837595576893,0.38237328090668204,-0.3010316822417369,0.0,-0.039581031377154074,0.34067992763491944,0.06425773142643214,0.37265659272437857,0.8499516185477246,0.0,3.0,20.0,0.3
3.4319999999998436,0.3670594874192531,-0.10858475368338101,0.38207431528201813,-0.2971870955764602,0.0,-0.035736444711877424,0.3406458913589574,0.06398093413325294,0.3719330672252651,0.8499516676133437,0.0,3.0,20.0,0.3
3.4419999999998425,0.3660690396962966,-0.09254923742029256,0.3816160989672187,-0.2927565055997678,0.0,-0.03130585473518499,0.3406144673547284,0.06369711760890309,0.37185697814606333,0.8499517112551891,0.0,3.0,20.0,0.3
3.4519999999998414,0.365244160202629,-0.07560333422652973,0.3809892318604738,-0.28845433220005834,0.0,-0.027003681335475538,0.3405856583616548,0.06339394838105968,0.3715305623902875,0.8499517490004997,0.0,3.0,20.0,0.3
3.4619999999998403,0.3645961825049878,-0.05769593548647818,0.3802077841035864,-0.28396327149813355,0.0,-0.02251262063355075,0.3405594322268471,0.06314283062637659,0.37160070761420005,0.8499517811249053,0.0,3.0,20.0,0.3
3.471999999999839,0.364123145092017,-0.04056774210324651,0.37925948256512715,-0.2791220760421051,0.0,-0.017671425177522293,0.34053572242920427,0.06296226708022679,0.3724374425820012,0.8499518070702428,0.0,3.0,20.0,0.3
3.481999999999838,0.36381709082782815,-0.023808189588442764,0.3781613294872565,-0.27525194012707116,0.0,-0.013801289262488359,0.3405144306709525,0.0628780444285224,0.37232662200640443,0.8499518272016209,0.0,3.0,20.0,0.3
3.491999999999837,0.3636776009115078,-0.007417332732605371,0.37693551350738336,-0.27137079431799954,0.0,-0.009920143453416741,0.34049543035099855,0.06276056221861753,0.3726416348085875,0.8499518420771198,0.0,3.0,20.0,0.3
3.501999999999836,0.3637075723227187,0.011417421110248346,0.3756808492153107,-0.2680617153497622,0.0,-0.0066110644851793965,0.340478568924644,0.06265176746681354,0.3726685784764252,0.849951852548855,0.0,4.0,20.0,0.3
3.511999999999835,0.36397734921673197,0.036911948157693136,0.37463357693849925,-0.2659420518569097,0.0,-0.004491400992326922,0.3404636677036423,0.06258157266539605,0.371662409942202,0.8499518594735215,0.0,4.0,20.0,0.3
3.5219999999998337,0.36447456646141857,0.05766962553046314,0.37353927700506095,-0.2635662984944301,0.0,-0.0021156476298472837,0.34045051339525867,0.062479250284053676,0.37164353831584607,0.8499518632883901,0.0,4.0,20.0,0.3
3.5319999999998326,0.36514841220622185,0.07354528005522332,0.37239640629785214,-0.2612847362632483,0.0,0.00016591460133452696,0.34043886163397846,0.0623615824466247,0.3721861682563592,0.8499518638698548,0.0,4.0,20.0,0.3
3.5419999999998315,0.36596238951899773,0.08605135982486843,0.37123238495120864,-0.25962847463025746,0.0,0.0018221762343253456,0.3404284484942756,0.062223600188843854,0.3725852531363457,0.849951862184224,0.0,4.0,20.0,0.3
3.5519999999998304,0.36687416719140864,0.09417326634617419,0.3700443935093069,-0.25819909272998764,0.0,0.003251558134595156,0.34041899964417444,0.062031557114248875,0.37339480201165576,0.8499518580025246,0.0,4.0,20.0,0.3
3.5619999999998293,0.3678495114713579,0.09952971779473435,0.36886411489286136,-0.2579217966523725,0.0,0.003528854212210275,0.34041023919053626,0.06176815595678525,0.37331336430930306,0.8499518527927016,0.0,4.0,20.0,0.3
3.571999999999828,0.3688657774797087,0.10258635141587079,0.3677171711771124,-0.2580518783554207,0.0,0.0033987725091620957,0.3404018966548382,0.061450071421829684,0.37340035233439917,0.8499518477772207,0.0,4.0,20.0,0.3
3.581999999999827,0.36989218359309445,0.10223419071211504,0.3666059604608507,-0.25844286730464755,0.0,0.003007783559935251,0.3403937116368883,0.061136782034564414,0.3738654119109328,0.8499518431076734,0.0,4.0,20.0,0.3
3.591999999999826,0.3708998861545364,0.09962259413405548,0.36555747444672215,-0.2600349647410792,0.0,0.0014156861235036233,0.34038543917651026,0.06089631683713326,0.37345635371924757,0.8499518400984472,0.0,4.0,20.0,0.3
3.601999999999825,0.3718736175832771,0.09555384025812086,0.3646008139961172,-0.2623596676572,0.0,-0.0009090167926171788,0.34037685429966597,0.060695067343575944,0.37276243332378145,0.8499518401591519,0.0,4.0,20.0,0.3
3.611999999999824,0.372790037038117,0.08868028100302884,0.36373371617594247,-0.26458255332143865,0.0,-0.0031319024568558507,0.34036775429471355,0.06052166709673083,0.3728529241257448,0.8499518430610042,0.0,4.0,20.0,0.3
3.6219999999998227,0.37362161588604226,0.07934362780651462,0.362966893999948,-0.26769121882092584,0.0,-0.006240567956343035,0.3403579618348401,0.06038341369762776,0.37230982881906693,0.8499518493216477,0.0,4.0,20.0,0.3
3.6319999999998216,0.3743546294459916,0.06898109429374606,0.36232779511091373,-0.27095819817970485,0.0,-0.009507547315122045,0.3403473284606803,0.06015991381530443,0.37195223098399366,0.849951860219634,0.0,4.0,20.0,0.3
3.6419999999998205,0.374975953152055,0.05710929353018937,0.3618189568123247,-0.2746970279522899,0.0,-0.013246377087707095,0.34033573571776354,0.05984171421307521,0.3712000643003416,0.8499518759987885,0.0,4.0,20.0,0.3
3.6519999999998194,0.3754670312454231,0.043601639627200484,0.36143934549947554,-0.2787173680233842,0.0,-0.017266717158801403,0.34032309591824017,0.05951873011609333,0.3703307174399295,0.8499518967495441,0.0,4.0,20.0,0.3
3.6619999999998183,0.3758149194885382,0.02885464551383686,0.36119261190811186,-0.28298350737792144,0.0,-0.02153285651333864,0.34030935348864794,0.05918227647587619,0.3692919455060162,0.8499519227655696,0.0,4.0,20.0,0.3
3.671999999999817,0.37600850158547633,0.012759249071853627,0.3610733159696272,-0.2865159970663622,0.0,-0.025065346201779415,0.3402944854584538,0.058846699831110794,0.36934488338445004,0.8499519539578271,0.0,4.0,20.0,0.3
3.681999999999816,0.3760331112569716,-0.00443874424144999,0.36107319359587736,-0.2904758934215935,0.0,-0.029025242557010722,0.34027850161742784,0.058476839255365815,0.3687375910438675,0.8499519901054905,0.0,4.0,20.0,0.3
3.691999999999815,0.37588232365468244,-0.022159126669332035,0.3611880353255861,-0.29410857466265633,0.0,-0.03265792379807353,0.3402614448643103,0.05815252071446437,0.36847831251609464,0.8499520311562807,0.0,4.0,20.0,0.3
3.701999999999814,0.37555254614490785,-0.03964610274297207,0.36142273512375533,-0.29754878632150333,0.0,-0.03609813545692053,0.3402433903344624,0.05781129847042472,0.3682559541646018,0.849952076687921,0.0,3.0,20.0,0.3
3.711999999999813,0.37507231994893714,-0.05360564969873662,0.36185572885729267,-0.3009307881361362,0.0,-0.03948013727155342,0.34022444322578016,0.057496358285538264,0.3677598642796852,0.8499521271040029,0.0,3.0,20.0,0.3
3.7219999999998117,0.3744542003305672,-0.0672768208939971,0.3624034286268079,-0.3038333452063054,0.0,-0.04238269434172259,0.3402047321988206,0.05720638041306136,0.36753527201240666,0.8499521816598666,0.0,3.0,20.0,0.3
3.7319999999998106,0.3737018389939729,-0.08038712218031654,0.3630443581744329,-0.306543540937316,0.0,-0.045092890072733205,0.3401844048529143,0.056885771475763236,0.3670276293455075,0.8499522397863934,0.0,3.0,20.0,0.3
3.7419999999998095,0.3728252378855808,-0.09231137896947936,0.36376258485258794,-0.30880426141946443,0.0,-0.04735361055488163,0.3401636254249909,0.056577630177882775,0.36654456550849934,0.849952301071516,0.0,3.0,20.0,0.3
3.7519999999998084,0.3718334837266832,-0.10350922409567681,0.364524792342775,-0.3102112837303369,0.0,-0.048760632865754105,0.3401425717150226,0.05630967167295967,0.3666611912557445,0.8499523645282334,0.0,3.0,20.0,0.3
3.7619999999998073,0.3707416753646476,-0.11272123846459234,0.3653219571323523,-0.311457204456933,0.0,-0.05000655359235018,0.34012143209164947,0.056028588929086354,0.3662800481131233,0.8499524299131762,0.0,3.0,20.0,0.3
3.771999999999806,0.36956145395651874,-0.12140887875253899,0.36610625316648227,-0.3112703225623185,0.0,-0.04981967169773571,0.34010040188122825,0.05575945450117563,0.3671807779689733,0.8499524957302201,0.0,3.0,20.0,0.3
3.781999999999805,0.36830550526043904,-0.1282309746623812,0.36686617291498463,-0.31108370023550214,0.0,-0.049633049370919335,0.3400796803104149,0.055462595037467886,0.3673137567294721,0.8499525615949477,0.0,3.0,20.0,0.3
3.791999999999804,0.3669864346507604,-0.13431562952094608,0.3675584962624415,-0.3097031500008307,0.0,-0.048252499136247906,0.34005946763948197,0.05519078682559258,0.36838626867761093,0.8499526260964512,0.0,3.0,20.0,0.3
3.801999999999803,0.36562032796732524,-0.13778753323637508,0.36818207997264984,-0.30869703610244126,0.0,-0.04724638523785846,0.3400399624202225,0.0549650025097138,0.36823584474694093,0.8499526891217563,0.0,3.0,20.0,0.3
3.8119999999998018,0.364241527125589,-0.13737387714116883,0.3687423242325439,-0.3078053790062374,0.0,-0.04635472814165459,0.3400213580159392,0.0547142201519875,0.36721879320843165,0.8499527507715628,0.0,3.0,20.0,0.3
3.8219999999998007,0.36288698998757907,-0.1338934853557729,0.3692218580963166,-0.30588905559330537,0.0,-0.04443840472872257,0.340003836302877,0.054441472650737996,0.36694298892919464,0.8499528104261371,0.0,3.0,20.0,0.3
3.8319999999997996,0.36158073051004347,-0.12826262372692654,0.3695961846336451,-0.303383217237607,0.0,-0.04193256637302417,0.33998756141959663,0.05415699762325824,0.36688085056045916,0.8499528672127281,0.0,3.0,20.0,0.3
3.8419999999997985,0.36034190904874214,-0.12086624859203353,0.36984802226101715,-0.3004462242031214,0.0,-0.03899557333853859,0.3399726759648614,0.053877033668934524,0.36689852618316365,0.8499529204655804,0.0,3.0,20.0,0.3
3.8519999999997974,0.3591798004499532,-0.11270388732248504,0.3699495280601797,-0.2971657627663993,0.0,-0.035715111901816476,0.33995929872994146,0.05356257644899167,0.36693536174193053,0.8499529691588028,0.0,3.0,20.0,0.3
3.8619999999997963,0.3581143099440611,-0.10212264531429426,0.3699190518140574,-0.29402391239235465,0.0,-0.032573261527771846,0.33994752389062655,0.05320480411926946,0.36636236358980634,0.8499530137246298,0.0,3.0,20.0,0.3
3.871999999999795,0.3571601726947589,-0.09091157467475174,0.3697318640926326,-0.2897507058861748,0.0,-0.028300055021591997,0.3399374191212437,0.05285768573596709,0.36712732861562725,0.8499530532325061,0.0,3.0,20.0,0.3
3.881999999999794,0.3563268181182658,-0.07799152697390929,0.36940165673860115,-0.28643852023199534,0.0,-0.02498786936741254,0.33992902446302325,0.052497999670953935,0.3663767323642815,0.8499530879505087,0.0,3.0,20.0,0.3
3.891999999999793,0.3556300322474949,-0.06397498011368688,0.36892991599817143,-0.2827356571302951,0.0,-0.02128500626571228,0.3399223520275982,0.05213854551501077,0.36610592985891766,0.8499531177787509,0.0,3.0,20.0,0.3
3.901999999999792,0.3550813590595905,-0.048772440804415416,0.36832944379679533,-0.2789578011260255,0.0,-0.017507150261442672,0.33991738502608,0.051816335659526994,0.3660326553438982,0.8499531429780514,0.0,3.0,20.0,0.3
3.9119999999997908,0.35467780529886883,-0.03501568400159343,0.367572963126451,-0.27456295535991215,0.0,-0.013112304495329352,0.3399140776379332,0.05149420698563767,0.36697902166033936,0.8499531625399539,0.0,3.0,20.0,0.3
3.9219999999997897,0.3544085631265791,-0.021630457490730542,0.36668043977847736,-0.2708385103275014,0.0,-0.00938785946291859,0.33991235751996207,0.051165852699734574,0.367222239921568,0.849953176935233,0.0,3.0,20.0,0.3
3.9319999999997886,0.3542767570882983,-0.007398505254968546,0.365687859156803,-0.2680311761207284,0.0,-0.0065805252561456085,0.3399121294191932,0.050823858028879586,0.3665130784087516,0.8499531871732802,0.0,3.0,20.0,0.3
3.9419999999997875,0.3542851412578297,0.006063479225709625,0.3645984673000144,-0.26488236651043906,0.0,-0.003431715645856259,0.3399132763244294,0.05044452452061777,0.3666682002767676,0.84995319325914,0.0,3.0,20.0,0.3
3.9519999999997864,0.3544197457053814,0.01952614386385677,0.36346847786302744,-0.26136087639429423,0.0,8.977447028857277e-05,0.3399156609764528,0.05008807319178669,0.3678563663846711,0.8499531949130018,0.0,4.0,20.0,0.3
3.9619999999997852,0.35472718612038123,0.037681185457354244,0.3625128429846913,-0.2590906680683572,0.0,0.0023599827962256237,0.339919128335517,0.04973003693124446,0.36783043946959837,0.8499531926332791,0.0,4.0,20.0,0.3
3.971999999999784,0.35519777566747396,0.05288131422840486,0.3615322310383248,-0.257721874486095,0.0,0.003728776378487786,0.33992350057493337,0.04939256250708315,0.3671341828656104,0.8499531880539699,0.0,4.0,20.0,0.3
3.981999999999783,0.3557982367743133,0.0642250271072186,0.3605233598941595,-0.25595377261560953,0.0,0.005496878248973269,0.33992857942678617,0.04906365183486278,0.36763213884471846,0.8499531809934816,0.0,4.0,20.0,0.3
3.991999999999782,0.35649115202747905,0.07214987522666466,0.35949653037037277,-0.2546663543524445,0.0,0.006784296512138299,0.3399341542078048,0.04876031743659878,0.3681241533963494,0.8499531719030496,0.0,4.0,20.0,0.3
4.001999999999781,0.3572406298915423,0.0763214331605676,0.35845496464987897,-0.25363995825877295,0.0,0.007810692605809855,0.3399400100031011,0.04844259311356512,0.3688947730418477,0.8499531609146389,0.0,4.0,20.0,0.3
4.01199999999978,0.35801431305635284,0.07791853461015666,0.3574206661145868,-0.2534348014063336,0.0,0.00801584945824918,0.3399459351478288,0.04810674046601619,0.36915845319171003,0.8499531490473143,0.0,4.0,20.0,0.3
4.021999999999779,0.3587992877965161,0.07863394282751944,0.3564323094772922,-0.2542524626567954,0.0,0.007198188207787393,0.339951727142241,0.047789833622982184,0.3686229750142942,0.8499531381398482,0.0,4.0,20.0,0.3
4.031999999999778,0.35957555854779516,0.07660315678707828,0.35548374068477107,-0.2549124205722143,0.0,0.0065382302923684965,0.33995719522820245,0.04750904127313793,0.3689816323204783,0.8499531279565306,0.0,4.0,20.0,0.3
4.041999999999777,0.36031507108973393,0.07183796518847423,0.35458305094590853,-0.2557517154930709,0.0,0.005698935371511893,0.3399621636596465,0.0472137474365322,0.3696488172466146,0.8499531189253636,0.0,4.0,20.0,0.3
4.051999999999776,0.3609939439081964,0.0651555095688332,0.35374752345638616,-0.25751805930681104,0.0,0.0039325915577717585,0.33996647616372133,0.0469324033686393,0.36955594919944434,0.8499531119167972,0.0,4.0,20.0,0.3
4.061999999999775,0.3615976549639265,0.057065081650474386,0.3529939818724459,-0.2595974233556928,0.0,0.0018532275088899985,0.33996999925571836,0.046685837404881726,0.3695147013314304,0.8499531078041783,0.0,4.0,20.0,0.3
4.071999999999774,0.3621161381492299,0.04822193186312029,0.3523405413887405,-0.2623457899562035,0.0,-0.0008951390916207003,0.3399726237662967,0.046507036780817995,0.3690038418491075,0.8499531075019195,0.0,4.0,20.0,0.3
4.0819999999997725,0.3625403532406223,0.03846916665232059,0.3517936706874118,-0.2654033316128379,0.0,-0.003952680748255111,0.33997426534841335,0.04635896123097766,0.3684258389590428,0.8499531111167486,0.0,4.0,20.0,0.3
4.091999999999771,0.362854488884975,0.02631382610271925,0.35133749126075,-0.2675853527700818,0.0,-0.006134701905498974,0.3399748646820817,0.04621611207639349,0.3693376467320023,0.8499531180246679,0.0,4.0,20.0,0.3
4.10199999999977,0.3630379331678425,0.012999123360835953,0.3509798497354401,-0.27077404353742596,0.0,-0.009323392672843156,0.33997438901310745,0.046091184181836296,0.3690071318726732,0.8499531286506223,0.0,4.0,20.0,0.3
4.111999999999769,0.363084227734619,-0.0009746091827176652,0.3507250097691354,-0.27375464292754254,0.0,-0.012303992062959734,0.33997283398723227,0.04595862358613132,0.36904388571067404,0.8499531432831997,0.0,4.0,20.0,0.3
4.121999999999768,0.36298687880360303,-0.015750155654252213,0.350566240817102,-0.2765144876871382,0.0,-0.01506383682255541,0.33997022323981135,0.04580406333019368,0.3693532780813611,0.8499531617455238,0.0,4.0,20.0,0.3
4.131999999999767,0.36273986960179844,-0.03077889446853827,0.3505009482269889,-0.2794067374700275,0.0,-0.017956086605444677,0.3399666077922177,0.04566224780361628,0.3693667399138071,0.8499531840267351,0.0,4.0,20.0,0.3
4.141999999999766,0.36233976557244457,-0.04613378888474514,0.3505174997445157,-0.2820773547941959,0.0,-0.020626703929613077,0.3399620652767975,0.04557521566879301,0.3695602496690078,0.8499532097292966,0.0,4.0,20.0,0.3
4.151999999999765,0.36179072185758365,-0.060477836791755,0.3506258684475334,-0.2847003249837318,0.0,-0.023249674119149022,0.3399566986379868,0.045522850036687004,0.3695793999614685,0.8499532389897675,0.0,3.0,20.0,0.3
4.161999999999764,0.3611107616572672,-0.07299415939755186,0.35085187665784306,-0.28677961500608395,0.0,-0.025328964141501153,0.33995063339062687,0.04550863232429342,0.37005633511468317,0.8499532713710974,0.0,3.0,20.0,0.3
4.171999999999763,0.3603084759810026,-0.08518753431612348,0.351148025343005,-0.2883800504482581,0.0,-0.026929399583675295,0.339944012935927,0.04551284925713832,0.3707883043522514,0.8499533062448056,0.0,3.0,20.0,0.3
4.1819999999997615,0.35939377340634154,-0.0952133612717879,0.3515200107930452,-0.2909204432216762,0.0,-0.029469792357093405,0.33993699535577443,0.0455509929309648,0.36975814139961727,0.8499533438605666,0.0,3.0,20.0,0.3
4.19199999999976,0.3583921263006449,-0.10331870299519876,0.35195495487699713,-0.29235078871223297,0.0,-0.030900137847650166,0.3399297499781388,0.04564225909457073,0.36980200467434243,0.8499533838931368,0.0,3.0,20.0,0.3
4.201999999999759,0.35732259349264744,-0.10899511729410777,0.3524435120971254,-0.29409411430672394,0.0,-0.03264346344214114,0.3399224520418705,0.045744569461249614,0.3688564479453983,0.8499534261042319,0.0,3.0,20.0,0.3
4.211999999999758,0.35621280376752096,-0.11204068196501299,0.3529772416787197,-0.29544888732570024,0.0,-0.03399823646111744,0.3399152780454296,0.045872134789358365,0.3678802531899168,0.8499534702826762,0.0,3.0,20.0,0.3
4.221999999999757,0.35507625410488963,-0.1145119127703262,0.3535083634193759,-0.2956054626416381,0.0,-0.034154811777055316,0.33990840057689375,0.04598474611550009,0.3679894874341938,0.8499535149434803,0.0,3.0,20.0,0.3
4.231999999999756,0.3539263242430796,-0.11524696444802605,0.3540307756256087,-0.2954563242006592,0.0,-0.0340056733360764,0.3399019854925195,0.046133186690576415,0.3679468580439599,0.8499535598882535,0.0,3.0,20.0,0.3
4.241999999999755,0.352777131361581,-0.1146842075069117,0.35451910601497216,-0.29474236471780096,0.0,-0.03329171385321816,0.3398961896952992,0.04631406711956084,0.368136148881962,0.8499536042929079,0.0,3.0,20.0,0.3
4.251999999999754,0.35164300431897194,-0.1125452489803046,0.3549588169533484,-0.2935639748146208,0.0,-0.03211332395003802,0.3398911588220317,0.04648673461013636,0.36842802290651666,0.8499536476540916,0.0,3.0,20.0,0.3
4.261999999999753,0.35053351137262695,-0.1095841136665031,0.35532074183437623,-0.2922448291716621,0.0,-0.030794178307079312,0.33988702517015495,0.04669520717942371,0.36840389142117047,0.8499536889826493,0.0,3.0,20.0,0.3
4.2719999999997516,0.3494647305789635,-0.10465238836648459,0.3556072536212065,-0.29057848725996344,0.0,-0.029127836395380635,0.33988390635970406,0.04685890751697993,0.36837693569171504,0.8499537282729239,0.0,3.0,20.0,0.3
4.2819999999997505,0.3484509195666243,-0.09919868076497564,0.3557888981365436,-0.2878526568240603,0.0,-0.026402005959477504,0.33988190321927764,0.04700292041909877,0.3693634259570492,0.8499537645055789,0.0,3.0,20.0,0.3
4.291999999999749,0.3474969851597463,-0.0924868194816038,0.3558612322586769,-0.28553543734152004,0.0,-0.024084786476937237,0.33988109831244745,0.04709504988614407,0.36939215800465186,0.8499537974196438,0.0,3.0,20.0,0.3
4.301999999999748,0.3466287024128352,-0.08280653648076904,0.355850481757849,-0.2834073914030434,0.0,-0.021956740538460584,0.33988155547666155,0.04710946592276884,0.36877681393206396,0.8499538277442272,0.0,3.0,20.0,0.3
4.311999999999747,0.3458640301485248,-0.0721675824767753,0.35573336601560246,-0.2806775543207879,0.0,-0.01922690345620509,0.33988331657552817,0.0471342847162903,0.36878951730256715,0.8499538546459855,0.0,3.0,20.0,0.3
4.321999999999746,0.3452026949529777,-0.062275832553595166,0.3554819774089546,-0.2770371959282969,0.0,-0.015586545063714097,0.33988639956000755,0.047223930495182746,0.369997506733467,0.8499538771183102,0.0,3.0,20.0,0.3
4.331999999999745,0.3446437406632955,-0.05166259357969154,0.3551130418439268,-0.27399272932902236,0.0,-0.012542078464439554,0.3398907999105473,0.04730407222739161,0.37033503516377075,0.8499538955515116,0.0,3.0,20.0,0.3
4.341999999999744,0.34418877728800623,-0.04122521458703758,0.3546186583583639,-0.2709407757192293,0.0,-0.009490124854646509,0.33989649227523866,0.047407477845979554,0.370726838891132,0.8499539095680231,0.0,3.0,20.0,0.3
4.351999999999743,0.34384606480840674,-0.029390061900677524,0.3540314092759643,-0.2685925835789512,0.0,-0.007141932714368415,0.3399034314360473,0.04756089457176087,0.3702944709122521,0.8499539200804775,0.0,3.0,20.0,0.3
4.361999999999742,0.34363212365384527,-0.01610130947662632,0.35337387535902876,-0.26613255907889266,0.0,-0.00468190821430986,0.33991155210141166,0.04767677153562382,0.37017675687484053,0.8499539277181496,0.0,3.0,20.0,0.3
4.3719999999997405,0.3435473228667374,-0.003479214829499918,0.3526330146817579,-0.2637594601328848,0.0,-0.0023088092683020145,0.3399207675533497,0.0478735234919762,0.3702810235087032,0.8499539319873886,0.0,3.0,20.0,0.3
4.381999999999739,0.34358542749199517,0.008699304502458437,0.35182479251372917,-0.2617193351610557,0.0,-0.0002686842964729208,0.33993097088701413,0.04813577071879613,0.3703054155272042,0.8499539333107367,0.0,3.0,20.0,0.3
4.391999999999738,0.34373839429255804,0.01928058263194832,0.3509491335430315,-0.25908273775970975,0.0,0.002367913104873054,0.3399420375680299,0.04841631042258263,0.3716037195299611,0.8499539314372989,0.0,3.0,20.0,0.3
4.401999999999737,0.3439901316244545,0.030183794543208603,0.35006565016295194,-0.2574941300477208,0.0,0.003956520816861986,0.3399538286343521,0.04873724024721956,0.3719030286317635,0.8499539265771551,0.0,4.0,20.0,0.3
4.411999999999736,0.34438356779854407,0.044973584949002235,0.3493445790736059,-0.25625467035826915,0.0,0.005195980506313647,0.3399661933025318,0.04906109120673628,0.37220421658824443,0.8499539197024022,0.0,4.0,20.0,0.3
4.421999999999735,0.3449058548941507,0.05656209488610637,0.3486159947214384,-0.25556818682901766,0.0,0.005882464035565138,0.3399789641747321,0.049373655815566346,0.3722224234205356,0.849953911629298,0.0,4.0,20.0,0.3
4.431999999999734,0.34552560710833036,0.06532133457774628,0.34788743522558124,-0.2553179477821002,0.0,0.0061327030824825934,0.3399919598674733,0.049701035196441555,0.3721338730003755,0.8499539027027052,0.0,4.0,20.0,0.3
4.441999999999733,0.34622303351779576,0.07258177111530306,0.3471845994041041,-0.25588652265778916,0.0,0.005564128206793639,0.340004991887399,0.050055431415299605,0.37149416720363804,0.8499538941369184,0.0,4.0,20.0,0.3
4.451999999999732,0.34697864480172913,0.07716619595496496,0.3465057084853135,-0.25607589376907575,0.0,0.0053747570955070545,0.3400178693023067,0.0503823714796329,0.3718781020441051,0.8499538858822215,0.0,4.0,20.0,0.3
4.461999999999731,0.3477666702824987,0.07938401910690361,0.34586131717454405,-0.25636291380641407,0.0,0.005087737058168729,0.34003040304755927,0.05072240555665145,0.3726675093722023,0.8499538784638172,0.0,4.0,20.0,0.3
4.4719999999997295,0.3485565651642039,0.07816286922259072,0.3452429307403085,-0.25663456028347126,0.0,0.004816090581111543,0.34004241096337917,0.050989389085761325,0.3739278137254528,0.8499538715209232,0.0,4.0,20.0,0.3
4.481999999999728,0.34931811258928097,0.07485672025605519,0.34466773752444746,-0.2583527061233178,0.0,0.003097944741265013,0.3400537233792862,0.051212849023729946,0.37358466132746515,0.8499538658901071,0.0,4.0,20.0,0.3
4.491999999999727,0.35003868574987995,0.06994616305016536,0.3441519778417385,-0.25963314795692943,0.0,0.0018175029076533677,0.3400641878678992,0.051438971275760983,0.3742778215243131,0.8499538623964864,0.0,4.0,20.0,0.3
4.501999999999726,0.35069981481419277,0.06361228251002601,0.34370291126756103,-0.2618939860677135,0.0,-0.0004433352031307236,0.3400736712585989,0.051737615813116575,0.37403990002835685,0.8499538614353055,0.0,4.0,20.0,0.3
4.511999999999725,0.3512979477401009,0.0572924867715905,0.34334820704733027,-0.2647546708314908,0.0,-0.0033040199669079895,0.3400820615595431,0.05204043916001036,0.3733275733943895,0.8499538641285154,0.0,4.0,20.0,0.3
4.521999999999724,0.3518291188803416,0.050134743586408015,0.34308728378882525,-0.2672708295971722,0.0,-0.005820178732589387,0.34008926765726066,0.052347328013248255,0.3733522373923275,0.8499538704476666,0.0,4.0,20.0,0.3
4.531999999999723,0.35228159912113666,0.04175578574375184,0.34291728699128476,-0.2699553246745574,0.0,-0.008504673809974606,0.3400952188795125,0.05274838492450308,0.37343046343212494,0.8499538803692024,0.0,4.0,20.0,0.3
4.541999999999722,0.35264055587177606,0.03168280469455394,0.342829528465596,-0.27226992762555396,0.0,-0.010819276760971164,0.34009986587420615,0.0531472782966951,0.37419470505592,0.8499538936193275,0.0,4.0,20.0,0.3
4.551999999999721,0.3528914527534794,0.02061835165855343,0.34282540760200797,-0.27524817895826287,0.0,-0.013797528093680067,0.3401031820675156,0.053588752964718045,0.3741193195446906,0.8499539103423113,0.0,4.0,20.0,0.3
4.56199999999972,0.3530292822978168,0.009351788315306152,0.3429098332506505,-0.27830891312605227,0.0,-0.01685826226146947,0.34010516481767644,0.054013443322434955,0.37392353081464025,0.8499539308357617,0.0,4.0,20.0,0.3
4.5719999999997185,0.3530572661939252,-0.0014443386120725939,0.3430882484466054,-0.2812689030506081,0.0,-0.019818252186025287,0.34010583479186746,0.05441152406350502,0.37374492289429617,0.8499539554266111,0.0,4.0,20.0,0.3
4.581999999999717,0.3529823312962434,-0.01140430460616973,0.34336195814206233,-0.2846058530514326,0.0,-0.0231552021868498,0.34010523381218305,0.05480474276070631,0.37290262933982643,0.8499539842699303,0.0,4.0,20.0,0.3
4.591999999999716,0.35281132503124585,-0.020896828848344408,0.34372131971793946,-0.28722514263018245,0.0,-0.02577449176559965,0.34010342210461864,0.05519924275394059,0.37285005653880243,0.8499540170562778,0.0,4.0,20.0,0.3
4.601999999999715,0.3525484122569875,-0.02902760330381277,0.34418365116677563,-0.28988216666959443,0.0,-0.02843151580501163,0.340100475793735,0.05559260785947993,0.37247970809783937,0.8499540533130346,0.0,3.0,20.0,0.3
4.611999999999714,0.3522286160843983,-0.03402251646360656,0.3448305341465554,-0.29201587339109536,0.0,-0.03056522252651256,0.34009648409844995,0.05599881186767087,0.37251411280962543,0.8499540923998053,0.0,3.0,20.0,0.3
4.621999999999713,0.35185478957594146,-0.03965757857528557,0.3455386303207088,-0.29377514523110676,0.0,-0.03232449436652396,0.3400915430557794,0.05643021149323337,0.37270419506918184,0.8499541341354862,0.0,3.0,20.0,0.3
4.631999999999712,0.35142167070664926,-0.04580919550497935,0.3462834538980695,-0.29496817515275775,0.0,-0.03351752428817495,0.34008575366286176,0.05689879682800431,0.3733018613616945,0.8499541777996664,0.0,3.0,20.0,0.3
4.641999999999711,0.3509316748087014,-0.051148466887025124,0.34705999179602226,-0.2961835870076411,0.0,-0.03473293614305828,0.34007922234916893,0.05736969082083147,0.3734029631388992,0.8499542232689149,0.0,3.0,20.0,0.3
4.65199999999971,0.35039173979661814,-0.05575036460687402,0.34784731135195973,-0.29706959183941073,0.0,-0.03561894097482793,0.3400720601122611,0.05783914945115525,0.3734828158085608,0.8499542699041249,0.0,3.0,20.0,0.3
4.661999999999709,0.3498143043214036,-0.059093474313958415,0.34863553140755116,-0.29748085480416697,0.0,-0.03603020393958417,0.34006438063386807,0.05829929372240031,0.3737195740844611,0.8499543174021348,0.0,3.0,20.0,0.3
4.6719999999997075,0.34920709153693325,-0.061662592841663436,0.34939857260265106,-0.2972702113289971,0.0,-0.03581956046441431,0.3400562978898736,0.05875030843740005,0.37431696454832963,0.8499543649243244,0.0,3.0,20.0,0.3
4.681999999999706,0.3485812485877952,-0.06293215311684378,0.3501263161714665,-0.2972335724216291,0.0,-0.03578292155704632,0.340047924266693,0.059192374732381606,0.37416840466986434,0.849954412119623,0.0,3.0,20.0,0.3
4.691999999999705,0.3479485984226515,-0.06347358868700027,0.3507960007623422,-0.29592494494945,0.0,-0.034474294084867185,0.34003936842956173,0.0596256701497137,0.3753162799244453,0.8499544582237566,0.0,3.0,20.0,0.3
4.701999999999704,0.34732118624279573,-0.0616622556312129,0.3514148410017057,-0.295677635955956,0.0,-0.034226985091373174,0.34003073334775913,0.06005036870921103,0.37452038307724034,0.8499545033985818,0.0,3.0,20.0,0.3
4.711999999999703,0.346729374835982,-0.057282816518307474,0.35198652655023144,-0.294661239040907,0.0,-0.03321058817632422,0.3400221136846869,0.06046664097802403,0.3743830500538803,0.8499545477166351,0.0,3.0,20.0,0.3
4.721999999999702,0.3461951223266751,-0.05096946961674013,0.35250034708001177,-0.2933042915249182,0.0,-0.031853640660335414,0.34001359095208994,0.060874654139141934,0.3743526387111067,0.8499545907845973,0.0,3.0,20.0,0.3
4.731999999999701,0.34572178628280464,-0.04453273484963374,0.3529202969433824,-0.29162390165259894,0.0,-0.030173250788016137,0.34000523031317215,0.06127457205853667,0.37445834131067,0.8499546313795245,0.0,3.0,20.0,0.3
4.7419999999997,0.3453254801637403,-0.036269000567249604,0.3532676116786748,-0.28995256598117136,0.0,-0.02850191511658856,0.3399970801854069,0.06166655535097463,0.3742942980765841,0.8499546700891754,0.0,3.0,20.0,0.3
4.751999999999699,0.3450131614689593,-0.027609569630739766,0.3535200145796769,-0.2882332931594532,0.0,-0.026782642294870374,0.33998917079232205,0.06205076144452265,0.3740047417243033,0.8499547061188081,0.0,3.0,20.0,0.3
4.761999999999698,0.34480680370430233,-0.015673993710317493,0.3537246955068392,-0.28743019871510367,0.0,-0.025979547850520868,0.33998151344968913,0.06242734464377417,0.37230899099335624,0.849954740881462,0.0,3.0,20.0,0.3
4.7719999999996965,0.34472607214074313,-0.003202841783436685,0.35385829493670906,-0.2853962097706233,0.0,-0.0239455589060405,0.33997409791515903,0.06279645619182092,0.37228762864142595,0.849954773583313,0.0,3.0,20.0,0.3
4.781999999999695,0.34475845265379845,0.007414920825418812,0.35388326871129305,-0.2826796782518835,0.0,-0.021229027387300703,0.3399668905884457,0.06315824433099512,0.3732429243829659,0.8499548029405007,0.0,3.0,20.0,0.3
4.791999999999694,0.34489616759922537,0.01811367018766507,0.3538246267062555,-0.2810187410587843,0.0,-0.019568090194201526,0.33995983782570344,0.06351285436240643,0.3728081665588241,0.8499548296383999,0.0,3.0,20.0,0.3
4.801999999999693,0.3451455939874614,0.029639623733718895,0.3537088203304519,-0.2794132738788531,0.0,-0.017962623014270318,0.33995286872952635,0.06386042870429767,0.37245041175815563,0.8499548542012807,0.0,4.0,20.0,0.3
4.811999999999692,0.34551279093657816,0.041438237616759147,0.35356121698541176,-0.2776343442637802,0.0,-0.016183693399197396,0.33994589539599207,0.06420110694924273,0.37255020598683886,0.8499548763001193,0.0,4.0,20.0,0.3
4.821999999999691,0.34599471212929067,0.052637846887041304,0.3533692834038519,-0.27610763191164034,0.0,-0.014656981047057538,0.3399388131298322,0.06453502592020971,0.3725655837822889,0.849954896352288,0.0,4.0,20.0,0.3
4.83199999999969,0.34658035199695436,0.06215337211284673,0.35312867944993115,-0.27416342629784896,0.0,-0.012712775433266155,0.3399315021737632,0.06486231972551165,0.3734834672755162,0.8499549141281862,0.0,4.0,20.0,0.3
4.841999999999689,0.34725455267540173,0.07090836068681261,0.3528566024498604,-0.27344127032946436,0.0,-0.011990619464881558,0.33992383104173224,0.06518311981266697,0.37304855690773886,0.8499549303043684,0.0,4.0,20.0,0.3
4.851999999999688,0.34801207293690695,0.07878618252534679,0.35256610788202947,-0.27262215782591454,0.0,-0.011171506961331734,0.3399156600073955,0.06549755502119137,0.37314307472131847,0.8499549454081801,0.0,4.0,20.0,0.3
4.861999999999687,0.34883858194743284,0.08496643763408014,0.35225809867062285,-0.2717391098792969,0.0,-0.01028845901471409,0.33990684322239006,0.06580575163434225,0.37374706584819994,0.8499549594581507,0.0,4.0,20.0,0.3
4.8719999999996855,0.3497168884341157,0.08951332589075085,0.35194225609102364,-0.2714948211926642,0.0,-0.010044170328081414,0.3398972319107888,0.06610783342983657,0.37389308769515006,0.8499549728479308,0.0,4.0,20.0,0.3
4.881999999999684,0.3506329602343789,0.09275104274775442,0.35163332109039075,-0.2716263507337413,0.0,-0.010175699869158505,0.3398866779398163,0.06640392172956229,0.37395706664304995,0.8499549861981189,0.0,4.0,20.0,0.3
4.891999999999683,0.3515685380821569,0.09396056301079307,0.351331829317269,-0.27182050774235367,0.0,-0.010369856877770867,0.33987503683357523,0.06669413544830362,0.37437578552511297,0.8499549995381285,0.0,4.0,20.0,0.3
4.901999999999682,0.352509929425639,0.09409146816194339,0.35105902792137617,-0.27265889199919924,0.0,-0.011208241134616437,0.33986217098311194,0.06697859114149952,0.37432435346806847,0.8499550137825775,0.0,4.0,20.0,0.3
4.911999999999681,0.35344958343670957,0.09369808867112137,0.3508346051993214,-0.27412828691037344,0.0,-0.012677636045790641,0.3398479519891987,0.0672574030520546,0.37380410173504175,0.8499550298010637,0.0,4.0,20.0,0.3
4.92199999999968,0.35437761745633894,0.09229301885273644,0.3506641375231912,-0.27624393111291456,0.0,-0.014793280248331764,0.33983226180951576,0.06753068315622124,0.37276916013759887,0.8499550478807154,0.0,4.0,20.0,0.3
4.931999999999679,0.3552875319816405,0.08971008930588019,0.3505573266445544,-0.2776142934522203,0.0,-0.016163642587637472,0.33981499384046826,0.06779854120857147,0.37313684830497473,0.8499550684980758,0.0,4.0,20.0,0.3
4.941999999999678,0.35616039019199924,0.08543682779557898,0.35051083059786253,-0.2797187096016553,0.0,-0.01826805873707249,0.33979605399180934,0.06806108478607649,0.3727957043352028,0.8499550915732069,0.0,4.0,20.0,0.3
4.951999999999677,0.3569853209690135,0.08042406242085966,0.3505403201272136,-0.28229308737359776,0.0,-0.02084243650901496,0.3397753631410066,0.06831841933131172,0.3720693770280852,0.8499551178381228,0.0,4.0,20.0,0.3
4.961999999999676,0.3577500890287027,0.07354067282582714,0.35063534144239467,-0.2844200416502958,0.0,-0.022969390785712973,0.3397528584591976,0.06857064819480449,0.3721916565424763,0.8499551469305425,0.0,4.0,20.0,0.3
4.9719999999996745,0.35843631977231705,0.06522586339900585,0.35079670907756677,-0.28673936642237857,0.0,-0.02528871555779577,0.33972849490721374,0.06881787267654167,0.3722088221897579,0.8499551789513949,0.0,4.0,20.0,0.3
4.981999999999673,0.35902869464697723,0.05505525217933214,0.35101488284033716,-0.28858715179470545,0.0,-0.027136500930122653,0.3397022474433669,0.06906019206665373,0.37298912238154514,0.8499552135662907,0.0,4.0,20.0,0.3
4.991999999999672,0.3595217871557293,0.0454520589675397,0.35131508069750617,-0.2916638184517669,0.0,-0.03021316758718412,0.33967411258932184,0.0692974235564514,0.37208856000069224,0.8499552519078154,0.0,4.0,20.0,0.3
5.001999999999671,0.359915732927763,0.03548200838963435,0.35168594871270553,-0.2942571189362916,0.0,-0.03280646807170878,0.33964410813569385,0.06951900568069498,0.3718319099283567,0.8499552935791945,0.0,4.0,20.0,0.3
5.01199999999967,0.36020869539805067,0.02519782409690077,0.3521232354183912,-0.296509569268348,0.0,-0.03505891840376518,0.33961227170886754,0.06974364639586635,0.3719793394379519,0.8499553384757169,0.0,4.0,20.0,0.3
5.021999999999669,0.3603995012208,0.01486999468537642,0.352622937975247,-0.298782246296832,0.0,-0.037331595432249176,0.33957865972561796,0.0699673548652642,0.3719572706155809,0.8499553864974198,0.0,4.0,20.0,0.3
5.031999999999668,0.360491474315056,0.00549040536732253,0.35318931508103013,-0.3013585804867584,0.0,-0.0399079296221756,0.3395433463220331,0.07018686779455355,0.37131304104894447,0.8499554378886265,0.0,4.0,20.0,0.3
5.041999999999667,0.3604924859102635,-0.0031191321851688388,0.35381417430855794,-0.30400206440222294,0.0,-0.04255141353764014,0.33950642140828274,0.07040202544711827,0.3703255589041793,0.8499554923700506,0.0,4.0,20.0,0.3
5.051999999999666,0.36041858835000756,-0.00905088287796391,0.3545415738459652,-0.3058666218855524,0.0,-0.044415971020969613,0.3394679878601914,0.07061291423443039,0.37013512378332947,0.8499555498981273,0.0,3.0,20.0,0.3
5.0619999999996645,0.3603228589003432,-0.010281729080745,0.35549030552917904,-0.3071986275518558,0.0,-0.045747976687272984,0.3394281567632794,0.07080619254365678,0.37033781690997214,0.8499556096078748,0.0,3.0,20.0,0.3
5.0719999999996634,0.3601972139532271,-0.014291606325253503,0.3564488921296105,-0.3080940657007484,0.0,-0.046643414836165575,0.33938703864187564,0.0709422719732271,0.3707064771133346,0.8499556706374248,0.0,3.0,20.0,0.3
5.081999999999662,0.3600226958695729,-0.019691361633864413,0.35740073563552816,-0.3084221355582679,0.0,-0.04697148469368512,0.3393447435494773,0.07108419334931339,0.3714377390021507,0.8499557324644793,0.0,3.0,20.0,0.3
5.091999999999661,0.35979376323126605,-0.02466661489019823,0.358343389412165,-0.3092884597315975,0.0,-0.04783780886701472,0.339301384609176,0.07125799397431767,0.3710216980303944,0.8499557949987163,0.0,3.0,20.0,0.3
5.10199999999966,0.3595250147114449,-0.028166183905877547,0.35927825702414196,-0.30955780892934326,0.0,-0.04810715806476046,0.3392570784986926,0.07142927835091714,0.37100504008210855,0.8499558582806833,0.0,3.0,20.0,0.3
5.111999999999659,0.3592195152000284,-0.03231512016420171,0.36015792638045163,-0.3084210856026423,0.0,-0.04697043473805951,0.33921194286750056,0.07160685239120151,0.37249710871591246,0.8499559207835202,0.0,3.0,20.0,0.3
5.121999999999658,0.3588730084880829,-0.035945149815940367,0.3609729611663388,-0.30778158926177374,0.0,-0.046330938397190935,0.3391660955349933,0.07179383664239473,0.37287633334152004,0.8499559821385904,0.0,3.0,20.0,0.3
5.131999999999657,0.3585064976490488,-0.0367929291279919,0.3617465338291785,-0.3075660839498762,0.0,-0.04611543308529342,0.3391196545416542,0.07196677607641752,0.3722270623923657,0.8499560430230504,0.0,3.0,20.0,0.3
5.141999999999656,0.35815013714617866,-0.03463502706044534,0.3624832321774689,-0.30701639993326635,0.0,-0.04556574906868355,0.3390727342899502,0.072145135081987,0.3716554776978298,0.8499561035413498,0.0,3.0,20.0,0.3
5.151999999999655,0.3578219146012438,-0.03154721197700738,0.3631513786377125,-0.3055904078334106,0.0,-0.044139756968827826,0.33902544015979996,0.07232143946078255,0.37195420969988047,0.8499561626396659,0.0,3.0,20.0,0.3
5.1619999999996535,0.3575250206635597,-0.028269848745142347,0.36372847430729105,-0.3040200369000168,0.0,-0.042569386035433976,0.3389778655079298,0.0724942458480935,0.37213724455182984,0.8499562195217435,0.0,3.0,20.0,0.3
5.171999999999652,0.3572682471969827,-0.023696945152769985,0.36422222126438625,-0.30244197371066883,0.0,-0.04099132284608603,0.33893009144282155,0.07265796497359664,0.3720586792261549,0.8499562743379722,0.0,3.0,20.0,0.3
5.181999999999651,0.35706464954027495,-0.017988854184418108,0.364629663560402,-0.3005191456563959,0.0,-0.039068494791813124,0.3388821859346431,0.07282318324289996,0.37224277245863213,0.849956326906849,0.0,3.0,20.0,0.3
5.19199999999965,0.35692486740554563,-0.011310114629841262,0.3649490215194436,-0.29853160294405856,0.0,-0.03708095207947576,0.33883420216078036,0.0729860347130994,0.37236301771926905,0.8499563770805033,0.0,3.0,20.0,0.3
5.201999999999649,0.356847437342559,-0.0053951439435689225,0.3651529025645023,-0.2958978820834419,0.0,-0.03444723121885912,0.3387861775882534,0.07313357676781194,0.3732812804044072,0.8499564238866474,0.0,3.0,20.0,0.3
5.211999999999648,0.35683738034225737,0.0022423645483493626,0.36527591948853305,-0.29446506934887506,0.0,-0.03301441848429226,0.3387381349666978,0.07320504007094804,0.3724145222792884,0.8499564683090158,0.0,3.0,20.0,0.3
5.221999999999647,0.3569119642938477,0.010986825619287936,0.3653242246530411,-0.29264753251720665,0.0,-0.031196881652623853,0.33869008216465996,0.07321745377963963,0.3720380193361216,0.8499565104652449,0.0,3.0,20.0,0.3
5.231999999999646,0.3570743759325291,0.019694067377221645,0.36529040010599545,-0.29049848408257345,0.0,-0.02904783321799065,0.3386420103303897,0.07329266430757443,0.3722590840058143,0.849956550037233,0.0,3.0,20.0,0.3
5.241999999999645,0.35731918993554196,0.027591142207226884,0.365168750937893,-0.28852301643331124,0.0,-0.02707236556872844,0.33859389424813624,0.07337949377328068,0.37241151244319504,0.8499565867554185,0.0,3.0,20.0,0.3
5.251999999999644,0.35764751363887004,0.036485769271332125,0.3649991478180819,-0.28708280680555415,0.0,-0.025632155940971346,0.33854569429478054,0.07351651705178669,0.3720584455297733,0.8499566214746911,0.0,4.0,20.0,0.3
5.2619999999996425,0.3580692297014011,0.04601169868123818,0.3648162576911845,-0.28570735017819743,0.0,-0.024256699313614627,0.3384973572160297,0.073617917173589,0.3718314160819295,0.8499566539851042,0.0,4.0,20.0,0.3
5.271999999999641,0.35858923397238224,0.05599539753626355,0.36461422199308857,-0.28508948422684516,0.0,-0.023638833362262357,0.33844881538428623,0.0737267839071761,0.37083322099829896,0.8499566854849872,0.0,4.0,20.0,0.3
5.28199999999964,0.3592021808589258,0.06447503227814157,0.3643825019174269,-0.28382693887915256,0.0,-0.022376288014569756,0.3383999869017715,0.07387069276698974,0.37110739233382384,0.8499567155079577,0.0,4.0,20.0,0.3
5.291999999999639,0.35989808620074404,0.07304266562508473,0.3641485091937474,-0.28396377372710196,0.0,-0.022513122862519164,0.33835077774045436,0.07401276097916487,0.3697839383712195,0.849956745184932,0.0,4.0,20.0,0.3
5.301999999999638,0.3606810016252231,0.0815853743540095,0.3639302589501963,-0.28413015869003505,0.0,-0.02267950782545225,0.33830108413231447,0.07415201046726849,0.36880723571066887,0.8499567752865949,0.0,4.0,20.0,0.3
5.311999999999637,0.36153516181802753,0.0876338645136479,0.3637085674234104,-0.28386069344121057,0.0,-0.022410042576627764,0.3382507931679334,0.07427316525902788,0.36884507594449545,0.8499568050118916,0.0,4.0,20.0,0.3
5.321999999999636,0.3624338773703037,0.09105248689407963,0.36348392230248505,-0.28372895832587375,0.0,-0.022278307461290947,0.33819978640197945,0.07436238515049126,0.36906359890278007,0.8499568343768867,0.0,4.0,20.0,0.3
5.331999999999635,0.36335113901355565,0.09202574758288093,0.36326067892044056,-0.28366328285602566,0.0,-0.022212631991442855,0.338147945406304,0.07440696652776098,0.3695682221084693,0.8499568635630227,0.0,4.0,20.0,0.3
5.341999999999634,0.3642725288596538,0.0919154356528,0.36306269570618827,-0.2842477819702209,0.0,-0.02279713110563808,0.33809515667756346,0.07438649184269176,0.36949460868459205,0.8499568935909004,0.0,4.0,20.0,0.3
5.351999999999633,0.3651823818856901,0.09019053597021437,0.36289128080316424,-0.28523896037342783,0.0,-0.02378830950884503,0.3380413145148418,0.07438511931499124,0.3692456525810196,0.8499569245413762,0.0,4.0,20.0,0.3
5.3619999999996315,0.3660700170768816,0.08760743311671997,0.3627638360906794,-0.2866273430334977,0.0,-0.025176692168914883,0.3379863234389593,0.07438411956262399,0.3688057087095272,0.8499569571854417,0.0,4.0,20.0,0.3
5.37199999999963,0.3669211487140529,0.08312666019881942,0.3626742612087733,-0.28772350549483733,0.0,-0.026272854630254527,0.33793009987932643,0.0744458563810694,0.369141916660508,0.8499569913106585,0.0,4.0,20.0,0.3
5.381999999999629,0.3677077406992689,0.07549526398751336,0.36260408733031024,-0.2884349981309549,0.0,-0.02698434726637211,0.33787257440758467,0.07455425994645783,0.37036565903264607,0.8499570261683229,0.0,4.0,20.0,0.3
5.391999999999628,0.3684179505875623,0.06792958117513752,0.3625920012871232,-0.2902555175881843,0.0,-0.028804866723601497,0.3378136957470726,0.07462241413144802,0.37023944091244754,0.8499570634275498,0.0,4.0,20.0,0.3
5.401999999999627,0.36904571226905575,0.05922721286902169,0.36262896838458175,-0.29207935590008627,0.0,-0.030628705035503467,0.33775343212855147,0.07472438295138079,0.37031459670144584,0.8499571027660353,0.0,4.0,20.0,0.3
5.411999999999626,0.369590007246289,0.051245174834046656,0.3627405307966445,-0.2948080261211468,0.0,-0.033357375256564015,0.3376917711323013,0.07484951340502774,0.36928930882797895,0.8499571453229597,0.0,4.0,20.0,0.3
5.421999999999625,0.37005403513615404,0.04320902232512373,0.3629232249722157,-0.29713658606769017,0.0,-0.035685935203107366,0.3376287186845777,0.07497216119055089,0.36890319442043873,0.8499571910306758,0.0,4.0,20.0,0.3
5.431999999999624,0.3704316520545549,0.03392917937752567,0.3631609978103698,-0.29876023735037815,0.0,-0.037309586485795354,0.3375642973365712,0.07509237556567154,0.3695283159825701,0.8499572392824273,0.0,4.0,20.0,0.3
5.441999999999623,0.37071015489818626,0.023683337765127103,0.3634476908686728,-0.3004769943832856,0.0,-0.03902634351870282,0.33749854632540555,0.07521020481080636,0.3699892295944138,0.8499572898714176,0.0,4.0,20.0,0.3
5.451999999999622,0.3708825344822259,0.012987360413321044,0.363780764298338,-0.3022536885947778,0.0,-0.040803037730195,0.3374315226798656,0.07532569624845767,0.3702747717849957,0.8499573427403572,0.0,4.0,20.0,0.3
5.4619999999996205,0.37094777567505205,0.002275968523912913,0.36415801639787393,-0.3038865460082592,0.0,-0.042435895143676405,0.3373633012954624,0.07543889626221917,0.3706151772924111,0.8499573978453934,0.0,4.0,20.0,0.3
5.471999999999619,0.3709137598952251,-0.00709905422581307,0.36459053491535537,-0.3060151642575462,0.0,-0.04456451339296341,0.33729397381852033,0.07554985031540441,0.3700643741004612,0.8499574557053714,0.0,4.0,20.0,0.3
5.481999999999618,0.37079114532535895,-0.01564939916536218,0.36506845375370484,-0.30760240192672983,0.0,-0.04615175106214703,0.33722364601794513,0.07565860296930578,0.37003000858635793,0.8499575159587468,0.0,4.0,20.0,0.3
5.491999999999617,0.37057759640758947,-0.025007723374519206,0.36555995600375746,-0.3083820877860123,0.0,-0.04693143692142948,0.3371524349168907,0.07576519790109112,0.3708427895287776,0.8499575772967,0.0,4.0,20.0,0.3
5.501999999999616,0.37027783699787653,-0.03221141927597579,0.3661064060407005,-0.3095124005791856,0.0,-0.04806174971460281,0.337080468039779,0.07586967792134543,0.3708429407889573,0.8499576400096039,0.0,3.0,20.0,0.3
5.511999999999615,0.36993761595653024,-0.03553116970630987,0.3667955688432598,-0.3098977457811551,0.0,-0.048447094916572286,0.33700788085728534,0.0759720849912643,0.37152373128994765,0.8499577036010605,0.0,3.0,20.0,0.3
5.521999999999614,0.36956230510694016,-0.03880006453818325,0.36749477802012426,-0.3106751580167929,0.0,-0.049224507152210106,0.33693480916836666,0.07607246023950644,0.3712636731118273,0.8499577682407736,0.0,3.0,20.0,0.3
5.531999999999613,0.36915305164255685,-0.042031410258541214,0.3681842277315355,-0.3110761827625507,0.0,-0.04962553189796792,0.33686138680825795,0.07617084397871167,0.37112613141931927,0.8499578333049903,0.0,3.0,20.0,0.3
5.541999999999612,0.36871947939629574,-0.044086760556730484,0.36886480849516773,-0.31113501057551074,0.0,-0.04968435971092794,0.336787745305537,0.0762672757216913,0.37105936489197233,0.8499578988147056,0.0,3.0,20.0,0.3
5.551999999999611,0.3682703009817332,-0.045384296388135695,0.3695170588811966,-0.3108224928956169,0.0,-0.04937184203103412,0.3367140122942493,0.07636179419729724,0.3711089500325563,0.8499579641355487,0.0,3.0,20.0,0.3
5.5619999999996095,0.3678135369204899,-0.04582028290621952,0.37012852742018243,-0.31016391880331545,0.0,-0.04871326793873265,0.336640309924409,0.07645443736597621,0.3712517932652719,0.8499580288375842,0.0,3.0,20.0,0.3
5.571999999999608,0.36735399670213925,-0.04603108744214747,0.3706761208590008,-0.30892064705015776,0.0,-0.04746999618557496,0.3365667535881719,0.07654524243501547,0.3718415022595233,0.8499580921371442,0.0,3.0,20.0,0.3
5.581999999999607,0.366894146405776,-0.04566385004009478,0.3711493452394725,-0.307788444384193,0.0,-0.046337793519610204,0.3364934513545959,0.07663424587348586,0.37192930328109675,0.8499581536269564,0.0,3.0,20.0,0.3
5.591999999999606,0.3664483223484229,-0.04387324444614414,0.3715540579685065,-0.30589968632477843,0.0,-0.04444903546019563,0.33642050356686887,0.07672148342688864,0.37276338349064486,0.8499582134206367,0.0,3.0,20.0,0.3
5.601999999999605,0.3660261077463343,-0.04099204893963371,0.3718796701509478,-0.3043667392084905,0.0,-0.0429160883439077,0.3363480008865802,0.07680699013151145,0.3728259657508538,0.8499582711024218,0.0,3.0,20.0,0.3
5.611999999999604,0.3656390570231384,-0.036899486703576276,0.3721251151731739,-0.3029604253719625,0.0,-0.04150977450737969,0.3362760227640174,0.07689080032849961,0.37248294435052076,0.8499583265542936,0.0,3.0,20.0,0.3
5.621999999999603,0.36530678702848035,-0.03066228904267422,0.37230791530347196,-0.3014669911322158,0.0,-0.04001634026763301,0.3362046357787589,0.0769729476776482,0.3720845751514714,0.8499583802556777,0.0,3.0,20.0,0.3
5.631999999999602,0.36504198693100415,-0.023382753664721954,0.37241722911682534,-0.2999421181863279,0.0,-0.038491467321745076,0.33613389098047936,0.07705346517092045,0.3716079060296127,0.8499584317899853,0.0,3.0,20.0,0.3
5.641999999999601,0.3648454197747948,-0.017096254213600122,0.37242472928653614,-0.2972872740541843,0.0,-0.03583662318960151,0.336063822353964,0.07713238514569797,0.37264672884127414,0.8499584801753409,0.0,3.0,20.0,0.3
5.6519999999996,0.3647212347098612,-0.00929778258081668,0.37236584632601455,-0.2957574435300273,0.0,-0.03430679266544451,0.3359944475887222,0.07720973929776805,0.3720992700804403,0.8499585264380654,0.0,3.0,20.0,0.3
5.6619999999995985,0.36467489026774363,-0.0014973857368578633,0.3722279372585753,-0.2937586897798056,0.0,-0.032308038915222825,0.3359257684963098,0.07728555869405333,0.3722541532831478,0.8499585701021319,0.0,3.0,20.0,0.3
5.671999999999597,0.3647076554157948,0.0065570184665285705,0.3720209049184631,-0.29215736233277334,0.0,-0.03070671146819054,0.33585777099469005,0.07735987378508886,0.3719531539248394,0.8499586114012272,0.0,3.0,20.0,0.3
5.681999999999596,0.36482524515492776,0.015492464207676835,0.3717651623755981,-0.2911334017402593,0.0,-0.02968275087567651,0.33579042584621493,0.07743271441725164,0.37099749877758004,0.8499586509159426,0.0,3.0,20.0,0.3
5.691999999999595,0.3650297529909514,0.023637336133311253,0.37145137615334967,-0.28908031966214726,0.0,-0.027629668797564455,0.33572368866836605,0.07750410984474745,0.37168699765821656,0.8499586883009098,0.0,3.0,20.0,0.3
5.701999999999594,0.36530654032533955,0.03053793718599783,0.3710866428457576,-0.28697606609636644,0.0,-0.025525415231783644,0.33565750089244767,0.07757408874136001,0.37269535149787625,0.8499587230569473,0.0,4.0,20.0,0.3
5.711999999999593,0.3656605085708325,0.03858163013697623,0.37075327623363025,-0.28577335319087377,0.0,-0.024322702326290968,0.33559179292239966,0.07764267921196676,0.37271696033660373,0.8499587555754231,0.0,4.0,20.0,0.3
5.721999999999592,0.3660927524960045,0.04622772836704054,0.3704053574697657,-0.28508115338064743,0.0,-0.023630502516064633,0.33552648455279344,0.07770990880382651,0.37232660253790073,0.849958787120716,0.0,4.0,20.0,0.3
5.731999999999591,0.3666034022003826,0.05420493141981581,0.3700654305861183,-0.2851577025816438,0.0,-0.023707051717061,0.33546148533512526,0.07777580451764281,0.37119150056618766,0.8499588186380218,0.0,4.0,20.0,0.3
5.74199999999959,0.3671834461684433,0.06022949405514984,0.3697180755395473,-0.2847374471282345,0.0,-0.02328679626365171,0.33539669548160905,0.07784039281840802,0.37110619533137634,0.8499588494812081,0.0,4.0,20.0,0.3
5.7519999999995886,0.3678171428121114,0.06525292334594096,0.36938023465640896,-0.28481867452224474,0.0,-0.02336802365766194,0.335332008349505,0.07790369964603214,0.37068521233603724,0.8499588803618177,0.0,4.0,20.0,0.3
5.7619999999995875,0.3684893280529576,0.0682964898873653,0.3690480216878552,-0.2846608848342462,0.0,-0.023210233969663374,0.33526731396420295,0.07796575042576079,0.370970909453498,0.849958911125589,0.0,4.0,20.0,0.3
5.771999999999586,0.3691794606632084,0.06928222941961346,0.3687241598047396,-0.28480449053226675,0.0,-0.02335383966768395,0.3352025023472803,0.07802657007838648,0.37120253863130404,0.8499589418943729,0.0,4.0,20.0,0.3
5.781999999999585,0.3698716759181641,0.06882300041782807,0.3684213228886066,-0.28518975127545654,0.0,-0.023739100410873737,0.3351374674311629,0.07808618303025731,0.37145208443408007,0.8499589732184923,0.0,4.0,20.0,0.3
5.791999999999584,0.3705533254187309,0.0678417374751477,0.3681567230105873,-0.28695917734128323,0.0,-0.025508526476700433,0.3350721101208645,0.07814461322308695,0.37010151205518305,0.8499590058491839,0.0,4.0,20.0,0.3
5.801999999999583,0.3712236169949913,0.06628037308136674,0.3679427373468991,-0.28807139174901936,0.0,-0.026620740884436556,0.33500634007074165,0.07820188412357026,0.36998748278071225,0.8499590403605274,0.0,4.0,20.0,0.3
5.811999999999582,0.3718663014485657,0.06291531156877012,0.36776826101291743,-0.28934667921014967,0.0,-0.02789602834556687,0.3349400759581153,0.07825801873280788,0.3699318338632981,0.849959076329331,0.0,4.0,20.0,0.3
5.821999999999581,0.37246893350973787,0.058187246781929866,0.3676413431036636,-0.2905712335816056,0.0,-0.02912058271702278,0.33487324759699316,0.07831303959554385,0.37019798807153503,0.8499591141441538,0.0,4.0,20.0,0.3
5.83199999999958,0.37301480134490145,0.05208145277018099,0.3675606347228881,-0.2920722362029741,0.0,-0.03062158533839132,0.33480579799729954,0.07836696880922016,0.3702856753445227,0.8499591537940943,0.0,4.0,20.0,0.3
5.841999999999579,0.3734921278297821,0.04497622347447022,0.36753010883514126,-0.29398141894149976,0.0,-0.03253076807691696,0.3347376855442385,0.07841982803285141,0.3699643087609966,0.8499591954970503,0.0,4.0,20.0,0.3
5.8519999999995775,0.3738990554735716,0.03790585272582612,0.36756484358731634,-0.2960811055699179,0.0,-0.0346304547053351,0.33466888515975446,0.07847163849572353,0.36949116431680507,0.8499592399510034,0.0,4.0,20.0,0.3
5.861999999999576,0.3742282012240828,0.029234235445810795,0.36764485677588454,-0.2970514319735793,0.0,-0.035600781108996504,0.33459938785617155,0.07852242100591982,0.3706649220355107,0.8499592863763399,0.0,4.0,20.0,0.3
5.871999999999575,0.3744656980944446,0.020193860110790263,0.3677758169980014,-0.2991735439008987,0.0,-0.037722893036315874,0.33452920122365754,0.07857219595867795,0.3702376085379121,0.8499593350556096,0.0,4.0,20.0,0.3
5.881999999999574,0.37461680650412627,0.011791294466398459,0.3679701098691048,-0.30136093391131613,0.0,-0.03991028304673333,0.33445835042721894,0.07862098334458106,0.3696799249163585,0.8499593865740673,0.0,4.0,20.0,0.3
5.891999999999573,0.37467893410078285,0.00234661566055408,0.3682034947819655,-0.30245280663639446,0.0,-0.041002155771811655,0.334386876475837,0.07866880275758634,0.3705675676373722,0.8499594399672779,0.0,4.0,20.0,0.3
5.901999999999572,0.3746454118057676,-0.006659553887643655,0.36849287174124057,-0.30385338136738355,0.0,-0.042402730502800745,0.33431483561594844,0.07871567340289432,0.3708835407010068,0.8499594951836662,0.0,3.0,20.0,0.3
5.911999999999571,0.37454325778639613,-0.012548812525813371,0.36891284246296885,-0.3055785222395105,0.0,-0.044127871374927685,0.3342422987641333,0.0787616141046621,0.37055327960171847,0.8499595526500047,0.0,3.0,20.0,0.3
5.92199999999957,0.3743769815161006,-0.019188958818032627,0.369369089613283,-0.30692578510780505,0.0,-0.04547513424322225,0.33416934636835915,0.07880664331356355,0.37051461781270434,0.84995961172438,0.0,3.0,20.0,0.3
5.931999999999569,0.3741476094774652,-0.025504338185132654,0.36986201416540737,-0.3077626427335457,0.0,-0.0463119918689629,0.3340960662144039,0.07885077911419928,0.3709160914149794,0.8499596724602536,0.0,3.0,20.0,0.3
5.941999999999568,0.3738587669491613,-0.03083333112990829,0.370387038167687,-0.30931287486580733,0.0,-0.04786222400122453,0.33402255280426135,0.07889403923235995,0.3700134028867178,0.849959734744054,0.0,3.0,20.0,0.3
5.9519999999995665,0.37352861810132354,-0.03433799610761236,0.37095083586434674,-0.31036366170567303,0.0,-0.04891301084109023,0.3339489057076085,0.07893644104214514,0.3694825596106782,0.8499597988281379,0.0,3.0,20.0,0.3
5.961999999999565,0.3731723462797824,-0.036407549529795386,0.37154146046526587,-0.3112678807449913,0.0,-0.04981722988040849,0.33387522602799663,0.07897800157294127,0.36881538117814205,0.8499598643692043,0.0,3.0,20.0,0.3
5.971999999999564,0.37279395860462977,-0.03883987314264731,0.37212072390440815,-0.3113873632615716,0.0,-0.049936712396988825,0.33380161330396496,0.07901873751626083,0.36889731184100094,0.8499599301720621,0.0,3.0,20.0,0.3
5.981999999999563,0.3723939020613893,-0.04070781463883953,0.37268316209559504,-0.3113847634845934,0.0,-0.04993411262001057,0.33372816463828653,0.07905866523244602,0.3687974005196176,0.8499599960465825,0.0,3.0,20.0,0.3
5.991999999999562,0.37197310400571193,-0.04290573815189484,0.3732005197485915,-0.3105049021586534,0.0,-0.049054251294070594,0.3336549746689449,0.07909780075723943,0.3695767873038992,0.8499600610696518,0.0,3.0,20.0,0.3
6.001999999999561,0.3715387499771661,-0.043377269087114825,0.37368762216703555,-0.31040259831842637,0.0,-0.04895194745384357,0.3335821353333841,0.07913615980822426,0.36892880674640216,0.8499601256655506,0.0,3.0,20.0,0.3
6.01199999999956,0.3711133467072369,-0.04191448563517454,0.374147085788198,-0.3098285192510307,0.0,-0.04837786838644792,0.3335097343392506,0.07917375779113679,0.3686231180921773,0.8499601898918517,0.0,3.0,20.0,0.3
6.021999999999559,0.3707123125362642,-0.03876888292323474,0.3745720317202929,-0.3093335714864166,0.0,-0.0478829206218338,0.33343785149821575,0.07921060980605374,0.3679154386291268,0.8499602534950925,0.0,3.0,20.0,0.3
6.031999999999558,0.3703482097557854,-0.034747989683693845,0.3749481030145063,-0.30827766676706386,0.0,-0.04682701590248106,0.33336655604059184,0.07924673065345658,0.367735038080949,0.8499603159792701,0.0,3.0,20.0,0.3
6.041999999999557,0.37002563077603634,-0.03044063777505419,0.37526017357509434,-0.30715784518341765,0.0,-0.045707194318834854,0.3332959048798876,0.0792821348401758,0.3674230283444496,0.8499603768069197,0.0,3.0,20.0,0.3
6.0519999999995555,0.3697482918106496,-0.02601758902312382,0.3755000377260538,-0.305229439445641,0.0,-0.043778788581058214,0.33322594237375447,0.07931683658521708,0.3680624890076051,0.8499604356495756,0.0,3.0,20.0,0.3
6.061999999999554,0.36951562133550353,-0.02125438396879736,0.375663877395596,-0.3037547420780945,0.0,-0.042304091213511696,0.33315670058991853,0.07935084982547203,0.36792878673473306,0.849960492303784,0.0,3.0,20.0,0.3
6.071999999999553,0.3693347790825618,-0.015678716514708983,0.3757587839254531,-0.3025877794636179,0.0,-0.04113712859903512,0.3330881998721403,0.07938418822131535,0.3672722579298465,0.8499605469178735,0.0,3.0,20.0,0.3
6.081999999999552,0.3692170574676106,-0.009193570458276325,0.37579227819516364,-0.300747750480657,0.0,-0.039297099616074194,0.3330204483004342,0.07941686516209122,0.36751479986386715,0.8499605996636441,0.0,3.0,20.0,0.3
6.091999999999551,0.36916177570726927,-0.0032477368929850585,0.3757460654637389,-0.2987612523674153,0.0,-0.0373106015028325,0.33295344066096705,0.07944889377149063,0.36796754755505,0.8499606498884278,0.0,3.0,20.0,0.3
6.10199999999955,0.36917032033144137,0.0037651465703276814,0.37564831034093105,-0.29737071392289843,0.0,-0.03592006305831563,0.3328871592209875,0.07948028691282222,0.36763786802229115,0.8499606981964538,0.0,4.0,20.0,0.3
6.111999999999549,0.36925731424102587,0.01215851197317432,0.37553114521321496,-0.29634425585575663,0.0,-0.03489360499117383,0.33282157409822166,0.07951105719417832,0.36689548501296787,0.8499607447501156,0.0,4.0,20.0,0.3
6.121999999999548,0.3694293506806819,0.020466318139361443,0.3753775395793186,-0.2948133507768028,0.0,-0.03336269991222002,0.33275664159286894,0.0795412169734987,0.3669999200850088,0.8499607896275924,0.0,4.0,20.0,0.3
6.131999999999547,0.36968139627756413,0.028269800086840567,0.3751878534227907,-0.2936643272388429,0.0,-0.03221367637426009,0.33269230399452704,0.07957077836353367,0.3667504265838488,0.8499608328037416,0.0,4.0,20.0,0.3
6.141999999999546,0.37000808675989955,0.03548189025285578,0.3749674734987517,-0.29257558808901885,0.0,-0.031124937224436044,0.33262849134289885,0.07959975323670886,0.36663335663357866,0.8499608744703754,0.0,4.0,20.0,0.3
6.1519999999995445,0.37040125035743293,0.04169349626145791,0.3747178747878244,-0.29137435982483506,0.0,-0.02992370896025226,0.3325651234139161,0.0796281532298934,0.36692177670665893,0.8499609146583554,0.0,4.0,20.0,0.3
6.161999999999543,0.37084503346731035,0.04610668418940367,0.374432698602022,-0.2903338969700142,0.0,-0.028883246105431415,0.3325021121907309,0.0796559897490735,0.3672571819623114,0.8499609530647062,0.0,4.0,20.0,0.3
6.171999999999542,0.3713312657062243,0.050103107155188065,0.3741351340607976,-0.28969076902639457,0.0,-0.028240118161811767,0.33243936521925704,0.07968327397393328,0.3673268250619395,0.8499609906418383,0.0,4.0,20.0,0.3
6.181999999999541,0.37185812697119697,0.054387626513806034,0.3738452317608609,-0.289861362381287,0.0,-0.028410711516704212,0.3323767877383782,0.07971001686234484,0.3665626187815878,0.8499610282289256,0.0,4.0,20.0,0.3
6.19199999999954,0.37242535284177053,0.058032010868923345,0.3735662286233799,-0.28994210381373453,0.0,-0.02849145294915173,0.3323142832069011,0.07973622915476908,0.3662409131819929,0.8499610659757352,0.0,4.0,20.0,0.3
6.201999999999539,0.3730177375457562,0.05983209515393302,0.37328943528127706,-0.2900178129253697,0.0,-0.02856716206078691,0.33225175393618406,0.07976192137856927,0.36624522129499604,0.8499611035218008,0.0,4.0,20.0,0.3
6.211999999999538,0.3736232842494221,0.061007624612280376,0.37303471959059614,-0.2906640376385518,0.0,-0.029213386773969008,0.3321891038934138,0.0797871038522391,0.3657646202465853,0.8499611417149806,0.0,4.0,20.0,0.3
6.221999999999537,0.37422673767665526,0.05943482308125303,0.37278245785205644,-0.2901556173905408,0.0,-0.028704966525957998,0.332126241070293,0.07981178668954675,0.36720386389307713,0.8499611797475812,0.0,4.0,20.0,0.3
6.231999999999536,0.3748062358452435,0.05702482996773443,0.3725529534490987,-0.29137150818993107,0.0,-0.02992085732534827,0.33206308046089905,0.07983597980359677,0.36651094647206406,0.8499612184798221,0.0,4.0,20.0,0.3
6.241999999999535,0.3753591206179092,0.054007897298815555,0.37235833102151256,-0.2920380916942616,0.0,-0.03058744082967879,0.33199954734207376,0.07985969291081138,0.366846812473946,0.8499612584580919,0.0,4.0,20.0,0.3
6.2519999999995335,0.37587469809022583,0.04991029169495141,0.37219684752566584,-0.29321427235322967,0.0,-0.031763621488646865,0.33193557772248167,0.0798829355348328,0.3667007843393537,0.8499612996431037,0.0,4.0,20.0,0.3
6.261999999999532,0.376337400399838,0.043440616530904946,0.37205332052708917,-0.2933934112464996,0.0,-0.03194276038191679,0.3318711195680534,0.07990571701034808,0.3681483041600484,0.8499613414269735,0.0,4.0,20.0,0.3
6.271999999999531,0.3767319748747256,0.036971115897749526,0.37195166504102223,-0.29504373946975804,0.0,-0.033593088605175236,0.3318061352163762,0.07992804648683814,0.3676928492852417,0.849961384840052,0.0,4.0,20.0,0.3
6.28199999999953,0.3770603273263887,0.02993887669913665,0.3718917735471827,-0.2960956773048427,0.0,-0.03464502644025991,0.3317406029158869,0.07994993293225232,0.368193365893281,0.8499614299291015,0.0,4.0,20.0,0.3
6.291999999999529,0.3773140447120055,0.022167210034730513,0.37186978043476354,-0.29719990575983013,0.0,-0.03574925489524733,0.3316745159595788,0.07997138513661016,0.3686958935492507,0.8499614765714182,0.0,4.0,20.0,0.3
6.301999999999528,0.37749108980987817,0.01496460352531405,0.37190018252039614,-0.29928459011886466,0.0,-0.037833939254281856,0.3316078830701203,0.07999241171553155,0.36785693386516705,0.8499615254215853,0.0,4.0,20.0,0.3
6.311999999999527,0.3776034356693618,0.008942952101980654,0.37199628849345245,-0.3016117593597916,0.0,-0.04016110849520882,0.33154072749451974,0.08001302111369703,0.3666696254788818,0.8499615771056495,0.0,4.0,20.0,0.3
6.321999999999526,0.3776537759069444,0.0021542933208249654,0.3721357145185712,-0.3025070136335276,0.0,-0.04105636276894481,0.33147308408798326,0.08003322160823924,0.3674390513124949,0.849961630742686,0.0,4.0,20.0,0.3
6.331999999999525,0.3776299389374567,-0.005412272243935506,0.3723068882953464,-0.30382007205500994,0.0,-0.04236942119042714,0.33140499819483743,0.08005302131206726,0.3675325678477188,0.8499616858795594,0.0,4.0,20.0,0.3
6.341999999999524,0.37753756967373525,-0.011584147083885249,0.3725314236093978,-0.30592635717336947,0.0,-0.04447570630878667,0.33133652661495877,0.08007242817712484,0.3663854381542543,0.8499617434709937,0.0,4.0,20.0,0.3
6.3519999999995225,0.37739000848009374,-0.016503419272297613,0.37281890564675685,-0.30717534504727967,0.0,-0.04572469418269687,0.33126773586753966,0.08009144999758411,0.3662758685495493,0.8499618031884069,0.0,3.0,20.0,0.3
6.361999999999521,0.37721044671330195,-0.01883687733142403,0.37322458178887447,-0.308738763732692,0.0,-0.04728811286810919,0.33119869879929004,0.08011009441297583,0.36552602129462297,0.8499618647625529,0.0,3.0,20.0,0.3
6.37199999999952,0.37700749054551386,-0.02153969687708132,0.3736690815639698,-0.3095174816782122,0.0,-0.04806683081362939,0.33112949007730363,0.0801283689112576,0.3656444215017377,0.8499619280151087,0.0,3.0,20.0,0.3
6.381999999999519,0.37676573359071236,-0.02600983329375346,0.374110454149015,-0.30973687124161414,0.0,-0.04828622037703134,0.33106018444111923,0.08014628083182117,0.36629117662871946,0.8499619916370312,0.0,3.0,20.0,0.3
6.391999999999518,0.3764792137295005,-0.030550012823046292,0.3745524554735207,-0.3100020545557477,0.0,-0.048551403691164896,0.3309908589890534,0.08016383736844,0.3665985863217054,0.8499620557468469,0.0,3.0,20.0,0.3
6.401999999999517,0.3761478503277681,-0.034556050202937116,0.3749882684321411,-0.3106875186248486,0.0,-0.04923686776026581,0.33092159433410095,0.0801810455721586,0.36602782543871804,0.8499621201218519,0.0,3.0,20.0,0.3
6.411999999999516,0.37578633905419256,-0.03731067425529659,0.3754225010764031,-0.3105326633171791,0.0,-0.0490820124525963,0.33085247396212647,0.08019791235412418,0.3663374394882475,0.8499621849101355,0.0,3.0,20.0,0.3
6.421999999999515,0.37539628665197217,-0.040079141148097706,0.37582513208518153,-0.3100812501483167,0.0,-0.04863059928373392,0.33078358178101114,0.08021444448836242,0.36676470728144805,0.8499622491426363,0.0,3.0,20.0,0.3
6.431999999999514,0.3749849047702115,-0.04183694821529574,0.3761998887460876,-0.3094487734725578,0.0,-0.04799812260797498,0.33071500122101577,0.08023064861449793,0.36715208486770645,0.8499623129066327,0.0,3.0,20.0,0.3
6.441999999999513,0.37455765162705823,-0.04279463545729407,0.3765339549748767,-0.3092019617585519,0.0,-0.04775131089396911,0.3306468140543041,0.08024653124042097,0.366716218088431,0.8499623757567348,0.0,3.0,20.0,0.3
6.4519999999995115,0.37413780774716643,-0.04140044592381136,0.3768504980735009,-0.30850984131191206,0.0,-0.04705919044732926,0.33057909878960634,0.08026209874490114,0.3666389369880122,0.8499624384009135,0.0,3.0,20.0,0.3
6.46199999999951,0.37373628977578127,-0.03942909397230748,0.37712238462994846,-0.30763427326855525,0.0,-0.046183622403972446,0.33051192703234833,0.08027735738014916,0.36657778306551925,0.8499624999482297,0.0,3.0,20.0,0.3
6.471999999999509,0.3733552228196767,-0.03692990251427533,0.3773400855580574,-0.30673100265897746,0.0,-0.04528035179439466,0.3304453616513009,0.08029231327432783,0.36634141596281244,0.8499625600407813,0.0,3.0,20.0,0.3
6.481999999999508,0.37300894217405023,-0.03314214605965948,0.37751463742313696,-0.3053811278063774,0.0,-0.04393047694179458,0.33037945643282746,0.08030697243401336,0.3665489290379278,0.8499626189812911,0.0,3.0,20.0,0.3
6.491999999999507,0.3727008231233688,-0.028848844360108462,0.3776313759915008,-0.30461839255336487,0.0,-0.04316774168878207,0.3303142544349727,0.08032134074660761,0.3657883768913067,0.8499626762472012,0.0,3.0,20.0,0.3
6.501999999999506,0.3724448442853916,-0.023557033551455022,0.3777014077843494,-0.30324377096174376,0.0,-0.04179312009716096,0.3302497873662559,0.08033542398270264,0.3657779792061958,0.8499627321420041,0.0,3.0,20.0,0.3
6.511999999999505,0.3722480036030574,-0.017015045080568617,0.3777299375541525,-0.3023629596093795,0.0,-0.04091230874479668,0.33018607420068263,0.08034922779839829,0.36501082021379905,0.8499627867764848,0.0,3.0,20.0,0.3
6.521999999999504,0.37211623980532205,-0.01066751281814408,0.37770167691388384,-0.30093989648622044,0.0,-0.039489245621637636,0.33012312039106145,0.08036275773757376,0.3649805157645062,0.849962839620051,0.0,3.0,20.0,0.3
6.531999999999503,0.3720425400231294,-0.005309880148662068,0.3776028477821126,-0.2991215590589447,0.0,-0.03767090819436192,0.33006091783341773,0.08037601923411411,0.36552204545239464,0.8499628901705152,0.0,3.0,20.0,0.3
6.5419999999995015,0.3720253963743767,0.0009409931703155752,0.37746008832687095,-0.29826584123032474,0.0,-0.036815190365741934,0.32999944693312533,0.08038901761409271,0.36477356140084194,0.8499629392025742,0.0,3.0,20.0,0.3
6.5519999999995004,0.3720709457934223,0.007156604887915714,0.37727633023801144,-0.2966368435876679,0.0,-0.0351861927230851,0.32993867754589185,0.08040175809791021,0.365205767121614,0.8499629864225883,0.0,4.0,20.0,0.3
6.561999999999499,0.37218226793698744,0.01361267718823526,0.3770846255260596,-0.29507242087522983,0.0,-0.033621770010647034,0.32987856869736415,0.08041424580239113,0.36567738674606876,0.849963031517754,0.0,4.0,20.0,0.3
6.571999999999498,0.37235622602338075,0.019907269627084546,0.3768643328170614,-0.29419478331746185,0.0,-0.03274413245287905,0.3298190689617684,0.08042648574283902,0.36534621070710327,0.8499630751896429,0.0,4.0,20.0,0.3
6.581999999999497,0.3725896748874574,0.025563438249085607,0.37661658958498295,-0.2930117210546206,0.0,-0.03156107019003779,0.3297601175688971,0.0804384828350505,0.36563107198299816,0.8499631174584008,0.0,4.0,20.0,0.3
6.591999999999496,0.3728781793205354,0.030867507917723032,0.3763512953456027,-0.2922814304872727,0.0,-0.030830779622689874,0.32970164574751665,0.08045024189728972,0.3654959017488639,0.8499631587173307,0.0,4.0,20.0,0.3
6.601999999999495,0.37321090913585103,0.034676973084026966,0.3760595612382877,-0.2913094860805806,0.0,-0.029858835215997803,0.3296435783247909,0.08046176765222335,0.3659332130342601,0.8499631985687945,0.0,4.0,20.0,0.3
6.611999999999494,0.3735792000091966,0.038536891148019566,0.3757642048259095,-0.29149168889775456,0.0,-0.030041038033171763,0.32958583622590926,0.08047306472881736,0.3650029942129537,0.8499632379532928,0.0,4.0,20.0,0.3
6.621999999999493,0.3739876005041831,0.04251296877408762,0.37548002178022033,-0.29180330578953273,0.0,-0.03035265492494993,0.32952833817437016,0.08048413766419606,0.3641536273294157,0.8499632775025912,0.0,4.0,20.0,0.3
6.631999999999492,0.3744382310245666,0.04643402159068121,0.37521801745463995,-0.2915869571956651,0.0,-0.030136306331082274,0.32947100035845234,0.08049499090546433,0.36431512211834416,0.8499633177000584,0.0,4.0,20.0,0.3
6.6419999999994905,0.37491482465283543,0.04833410467185075,0.3749583676472662,-0.29183792678663223,0.0,-0.030387275922049428,0.3294137366386705,0.08050562881149363,0.36409576298090107,0.8499633577201103,0.0,4.0,20.0,0.3
6.651999999999489,0.3754036923917002,0.04929137216195308,0.3747163073041867,-0.2925554873033646,0.0,-0.031104836438781813,0.3293564614533231,0.08051605565467267,0.3634908492895975,0.8499633982143929,0.0,4.0,20.0,0.3
6.661999999999488,0.3759033909278056,0.05044501392206671,0.3745146516119749,-0.293828831026349,0.0,-0.03237818016176619,0.3292990924175947,0.0805262756226232,0.3623673535750931,0.8499634401752852,0.0,4.0,20.0,0.3
6.671999999999487,0.3764094992279116,0.05042843714389827,0.3743460654857093,-0.294334688880594,0.0,-0.0328840380160112,0.3292415507192855,0.08053629281988188,0.36256626504640865,0.8499634833355992,0.0,4.0,20.0,0.3
6.681999999999486,0.3769069936852565,0.049050090132004856,0.3742090630166088,-0.2952214046088261,0.0,-0.03377075374424332,0.32918376197350574,0.08054611126954875,0.36246038773757494,0.849963527664389,0.0,4.0,20.0,0.3
6.691999999999485,0.3773864570443693,0.04704659674131849,0.3741147691620738,-0.29655144891146606,0.0,-0.035100798046883264,0.32912565861715976,0.08055573491490296,0.36193846179938083,0.8499635736688292,0.0,4.0,20.0,0.3
6.701999999999484,0.37783266488586764,0.042560499144269834,0.37404087783545975,-0.2970016217865515,0.0,-0.03555097092196868,0.3290671814943886,0.08056516762098653,0.36282487593908097,0.8499636204466614,0.0,4.0,20.0,0.3
6.711999999999483,0.3782210833814585,0.03608396093475506,0.37398409934306637,-0.297588143052726,0.0,-0.036137492188143217,0.32900828244062386,0.08057441317615653,0.3636601604559342,0.8499636678756184,0.0,4.0,20.0,0.3
6.721999999999482,0.37853544475532347,0.028544542440781667,0.3739492852157856,-0.29884395889970644,0.0,-0.03739330803512364,0.3289489280961373,0.08058347529360663,0.3636582427260695,0.8499637161779673,0.0,4.0,20.0,0.3
6.731999999999481,0.3787834126098416,0.022410184463636258,0.3739709865642156,-0.300605877711944,0.0,-0.039155226847361224,0.328889101699712,0.08059235761285834,0.36301006417664117,0.8499637668534475,0.0,4.0,20.0,0.3
6.7419999999994795,0.378975829313724,0.017171379099191995,0.37405101869129126,-0.30249633778173185,0.0,-0.04104568691714905,0.3288288009592324,0.08060106370122277,0.36220965035712027,0.8499638200393912,0.0,4.0,20.0,0.3
6.751999999999478,0.37911267435062573,0.011256477723323426,0.3741713197567331,-0.3036702431028157,0.0,-0.042219592238232906,0.3287680351400057,0.0806095970552333,0.362404497831168,0.8499638750286125,0.0,4.0,20.0,0.3
6.761999999999477,0.37918803729144285,0.005065210504273578,0.3743305489420899,-0.3051046291494595,0.0,-0.043653978284876715,0.3287068242308165,0.08061796110204984,0.3621887296000328,0.8499639318044152,0.0,4.0,20.0,0.3
6.771999999999476,0.37920480615367946,-0.0007701922450243509,0.3745336696411471,-0.3061796684260057,0.0,-0.04472901756142289,0.32864519906666756,0.08062615920083524,0.36239466750384164,0.8499639906216062,0.0,4.0,20.0,0.3
6.781999999999475,0.3791553216304874,-0.007845076720372057,0.37475317819262827,-0.3069452409691491,0.0,-0.0454945901045663,0.3285832004044762,0.08063419464410444,0.3629172427330388,0.8499640503526777,0.0,4.0,20.0,0.3
6.791999999999474,0.3790351206986539,-0.014492898929357664,0.37499821166650804,-0.30827480020700304,0.0,-0.04682414934242024,0.32852087943776975,0.08064207065904677,0.3624983397056566,0.8499641114011875,0.0,4.0,20.0,0.3
6.801999999999473,0.3788586907764365,-0.019329925434496183,0.3752956861404632,-0.30941990440537886,0.0,-0.047969253540796064,0.32845829756783695,0.08064979040882209,0.3621581003740746,0.8499641741262137,0.0,3.0,20.0,0.3
6.811999999999472,0.3786502462897389,-0.021816193883402845,0.3756901664810831,-0.3103039692377126,0.0,-0.048853318373129784,0.3283955230623324,0.08065735699383107,0.3619727084824478,0.8499642379576954,0.0,3.0,20.0,0.3
6.821999999999471,0.37840691021530565,-0.026201143609955527,0.3760763470404072,-0.3099808542792314,0.0,-0.04853020341464859,0.32833262651599665,0.08066477345296055,0.36324132964811906,0.8499643019434465,0.0,3.0,20.0,0.3
6.83199999999947,0.3781176952739286,-0.030619376160034503,0.37645774729330833,-0.31041655769985355,0.0,-0.048965906835270745,0.32826968075107094,0.08067204276480384,0.36319230399833013,0.8499643661819558,0.0,3.0,20.0,0.3
6.8419999999994685,0.37779234051721594,-0.03376392507758747,0.3768445914576088,-0.3106669741207606,0.0,-0.04921632325617781,0.3282067622912458,0.08067916784885712,0.36313613246477394,0.8499644309986374,0.0,3.0,20.0,0.3
6.851999999999467,0.37744309026579326,-0.035542146317004475,0.3772329661273604,-0.31093611899857215,0.0,-0.04948546813398935,0.3281439495093069,0.08068615156669183,0.3627827461383024,0.8499644962721086,0.0,3.0,20.0,0.3
6.861999999999466,0.3770817028189542,-0.036269575528452384,0.37761345116564277,-0.3111428091870226,0.0,-0.04969215832243978,0.3280813200217716,0.08069299672310405,0.3622475513211161,0.849964561701964,0.0,3.0,20.0,0.3
6.871999999999465,0.3767187816888231,-0.03624388928222559,0.37797645526089874,-0.3109431348923379,0.0,-0.04949248402775508,0.3280189483389011,0.08069970606724092,0.3620195123183958,0.8499646269750097,0.0,3.0,20.0,0.3
6.881999999999464,0.3763616991776695,-0.0355373987054753,0.3783137340359519,-0.31002114294129746,0.0,-0.048570492076714655,0.3279569040762244,0.0807062822937047,0.36255328577687496,0.8499646918083203,0.0,3.0,20.0,0.3
6.891999999999463,0.37600586641492806,-0.035734618612690526,0.37859016777192345,-0.3086475802879275,0.0,-0.04719692942334469,0.32789525095945393,0.08071272804363508,0.36348538641211314,0.8499647550461177,0.0,3.0,20.0,0.3
6.901999999999462,0.3756408171224548,-0.03692122346103102,0.37878700406728905,-0.3071180599693589,0.0,-0.045667409104776124,0.3278340478799589,0.0807190459057698,0.3644190608579322,0.8499648160210951,0.0,3.0,20.0,0.3
6.911999999999461,0.3752665021669146,-0.03779721190177,0.37891182930676653,-0.30535844112907956,0.0,-0.04390779026449676,0.3277733508989515,0.08072523841748441,0.36547917626079285,0.8499648748947105,0.0,3.0,20.0,0.3
6.92199999999946,0.3748898236951511,-0.03741621123721063,0.378973850702123,-0.30395617842873573,0.0,-0.042505527564152934,0.32771321359124217,0.08073130806581133,0.3658689219550594,0.849964931882903,0.0,3.0,20.0,0.3
6.931999999999459,0.37451961875179274,-0.03667255189017003,0.3789613754624032,-0.30232414640749794,0.0,-0.04087349554291514,0.32765368578216186,0.08073725728843861,0.3664404255396314,0.8499649865471058,0.0,3.0,20.0,0.3
6.9419999999994575,0.3741644179201441,-0.03464193924285165,0.3788875824831511,-0.30070390748011666,0.0,-0.03925325661553386,0.3275948121009857,0.08074308847468908,0.36688769131566557,0.8499650392297842,0.0,3.0,20.0,0.3
6.951999999999456,0.3738369839661226,-0.03129562370745394,0.3787587644940053,-0.2994656766675798,0.0,-0.03801502580299698,0.3275366305779108,0.08074880396647985,0.3667282270057619,0.8499650900676984,0.0,3.0,20.0,0.3
6.961999999999455,0.3735513784754965,-0.026744850404152032,0.37858212231740707,-0.29807453646586274,0.0,-0.03662388560127994,0.3274791705547045,0.08075440605926289,0.3667492027268976,0.8499651392359572,0.0,3.0,20.0,0.3
6.971999999999454,0.37331219436962887,-0.0219261227465007,0.37834950844768755,-0.2967934190639417,0.0,-0.03534276819935889,0.32742245076689447,0.08075989700294692,0.36662080551230536,0.849965186420466,0.0,3.0,20.0,0.3
6.981999999999453,0.3731241615588415,-0.01664099848592681,0.378069371846324,-0.2953955263987621,0.0,-0.0339448755341793,0.32736647892487286,0.08076527900280109,0.3666983747581496,0.8499652318341132,0.0,3.0,20.0,0.3
6.991999999999452,0.37298951468433433,-0.011536004324479501,0.3777393372255605,-0.2935294967435628,0.0,-0.03207884587898002,0.32731125160876684,0.08077055422034055,0.3675108174823615,0.8499652753527379,0.0,3.0,20.0,0.3
7.001999999999451,0.3728937511441734,-0.008115351596905181,0.37733605351079086,-0.29195487219108535,0.0,-0.030504221326502545,0.3272567548812047,0.08077572477419462,0.36802709999714234,0.8499653161700741,0.0,3.0,20.0,0.3
7.01199999999945,0.3728415420578092,-0.003079488521359232,0.3769129599598763,-0.2913038333121588,0.0,-0.02985318244757601,0.32720296708770186,0.0807807927409577,0.3673925352517856,0.8499653559238084,0.0,3.0,20.0,0.3
7.021999999999449,0.37284160602285815,0.002105438315130794,0.376466187622452,-0.2904996819133772,0.0,-0.029049031048794416,0.3271498588446125,0.08078576015602318,0.3671453658704841,0.8499653944718444,0.0,3.0,20.0,0.3
7.031999999999448,0.37289854310960807,0.00796939937902641,0.37601596119173986,-0.2898944792969111,0.0,-0.02844382843232829,0.3270973919929955,0.08079062901440096,0.366819399107284,0.8499654324374026,0.0,3.0,20.0,0.3
7.0419999999994465,0.37301059386534513,0.013213934618790547,0.37555553826518173,-0.2893105236292363,0.0,-0.027859872764653515,0.32704551942876053,0.0807954012715187,0.3666863532716296,0.8499654696001696,0.0,3.0,20.0,0.3
7.051999999999445,0.3731642068623787,0.017189743281530428,0.37509133742207257,-0.2882134029959111,0.0,-0.026762752131328282,0.32699418613642445,0.0808000788440071,0.36751037359490923,0.8499655053595639,0.0,4.0,20.0,0.3
7.061999999999444,0.373368829403827,0.022079085951864485,0.37470791795343855,-0.28718692258275746,0.0,-0.025736271718174664,0.3269433316571196,0.08080466361046965,0.36847504793667674,0.84996553997155,0.0,4.0,20.0,0.3
7.071999999999443,0.3736070785707771,0.024834162577161856,0.3743162070726784,-0.2871600848304324,0.0,-0.025709433965849626,0.32689288996549265,0.08080915741223718,0.368277814959717,0.8499655738224275,0.0,4.0,20.0,0.3
7.081999999999442,0.37386480877818384,0.026156512426191592,0.3739257470794027,-0.2867791624795063,0.0,-0.0253285116149235,0.3268427923291661,0.08081356205410736,0.3688145014369516,0.8499656073137201,0.0,4.0,20.0,0.3
7.091999999999441,0.3741288922414609,0.026554362643105463,0.3735443761481077,-0.28698937778353695,0.0,-0.025538726918954147,0.32679297060707757,0.08081787930506952,0.36875712521944637,0.8499656407783764,0.0,4.0,20.0,0.3
7.10199999999944,0.3743954543340823,0.026718563698154355,0.37318712686462435,-0.28739516124128445,0.0,-0.025944510376701646,0.32674335958256834,0.08082211089901506,0.36865206651401194,0.8499656748682665,0.0,4.0,20.0,0.3
7.111999999999439,0.3746565236211541,0.025413551528461528,0.3728446902976689,-0.2874792231984717,0.0,-0.02602857233388889,0.3266938977855401,0.0808262585354339,0.3692121916635045,0.8499657092148938,0.0,4.0,20.0,0.3
7.121999999999438,0.37489540855823417,0.02288000147178306,0.3725181295144296,-0.28799117249823497,0.0,-0.02654052163365217,0.3266445290177272,0.08083032388009702,0.36936901552552404,0.8499657438748434,0.0,4.0,20.0,0.3
7.131999999999437,0.3751097239899287,0.020490031729214053,0.3722286776108677,-0.2890508838330652,0.0,-0.027600232968482408,0.326595204829023,0.0808343085657254,0.3689340176235827,0.8499657797717809,0.0,4.0,20.0,0.3
7.1419999999994355,0.37529910498970526,0.017946911119266426,0.3719792489102585,-0.2903556645629663,0.0,-0.028905013698383497,0.32654588475196406,0.08083821419264581,0.36830897348106406,0.8499658170694455,0.0,4.0,20.0,0.3
7.151999999999434,0.37546172955898893,0.015052637033620506,0.37177185111930444,-0.2914015424888547,0.0,-0.02995089162427189,0.32649653589317595,0.08084204232943351,0.36817480742054276,0.8499658558969418,0.0,4.0,20.0,0.3
7.161999999999433,0.37559385620681146,0.011891926843948797,0.37160926589657134,-0.29273677011013005,0.0,-0.03128611924554725,0.32644713284800103,0.08084579451354222,0.36773667345384864,0.8499658964164629,0.0,4.0,20.0,0.3
7.171999999999432,0.37568912776132174,0.007803106969537631,0.37148315691911443,-0.2937717338420248,0.0,-0.03232108297744202,0.32639765795306813,0.08084947225192164,0.36779062748630653,0.8499659383205687,0.0,4.0,20.0,0.3
7.181999999999431,0.37573467151661455,0.0021295920851131626,0.37137997850766613,-0.2940655461474702,0.0,-0.03261489528288741,0.3263481020816331,0.08085307702162255,0.3689209565651881,0.8499659810709516,0.0,4.0,20.0,0.3
7.19199999999943,0.3757223011249129,-0.0035412211386951636,0.3713124185013679,-0.29526754265695804,0.0,-0.03381689179237524,0.3262984664214412,0.08085661027039015,0.36878354998622664,0.8499660252299119,0.0,4.0,20.0,0.3
7.201999999999429,0.37565325301271746,-0.009224205546011152,0.37127894521391924,-0.29644285781391283,0.0,-0.03499220694933003,0.32624876325497637,0.08086007341724544,0.3686548704065704,0.8499660708231754,0.0,3.0,20.0,0.3
7.211999999999428,0.3755298653374903,-0.014408338923407177,0.37128622875371464,-0.29746990849287813,0.0,-0.03601925762829533,0.32619901512394495,0.08086346785305513,0.3686738654131091,0.8499661179894779,0.0,3.0,20.0,0.3
7.221999999999427,0.3753528560616178,-0.0198320979600446,0.3713250705605927,-0.29838920210359665,0.0,-0.03693855123901385,0.3261492536882645,0.08086679494109027,0.36875286693854925,0.8499661661763224,0.0,3.0,20.0,0.3
7.2319999999994256,0.3751255421741092,-0.02448713366865309,0.37140442215421565,-0.29961605452012513,0.0,-0.03816540365554233,0.3260995188375703,0.0808700560175737,0.36828049858904177,0.8499662157033266,0.0,3.0,20.0,0.3
7.2419999999994245,0.3748595994564803,-0.028280563954198763,0.37152590601789864,-0.3000375169372063,0.0,-0.038586866072623516,0.32604985735525616,0.0808732523922168,0.36878986467551245,0.8499662666701198,0.0,3.0,20.0,0.3
7.251999999999423,0.37455272589505056,-0.03191524807363627,0.37167005729873204,-0.3013502273331213,0.0,-0.03989957646853848,0.32600032070116064,0.08087638534874536,0.3678821406257621,0.8499663184876001,0.0,3.0,20.0,0.3
7.261999999999422,0.37421361205015546,-0.035314075525309796,0.3718341784760362,-0.3015322253880252,0.0,-0.04008157452344241,0.32595096435251986,0.08087945614541531,0.36836959156170346,0.8499663711026212,0.0,3.0,20.0,0.3
7.271999999999421,0.3738445757755489,-0.03762594544493968,0.3720204202218059,-0.30261933921937556,0.0,-0.04116868835479276,0.32590184636681546,0.08088246601551798,0.3673862902077245,0.8499664245974898,0.0,3.0,20.0,0.3
7.28199999999942,0.3734616422596846,-0.03861888150663442,0.37223198060656076,-0.30308415443265413,0.0,-0.04163350356807133,0.3258530261814902,0.08088541616787531,0.36706202030120993,0.8499664791034015,0.0,3.0,20.0,0.3
7.291999999999419,0.37307903413068605,-0.037932928718916514,0.3724722402264304,-0.30382350258416774,0.0,-0.042372851719584936,0.3258045617257202,0.08088830778732557,0.3661377455447272,0.8499665347536622,0.0,3.0,20.0,0.3
7.301999999999418,0.3727020549931996,-0.03761977128363811,0.37270734789371535,-0.3037839882544095,0.0,-0.0423333373898267,0.3257565067305043,0.080891142035199,0.3660894203256265,0.8499665904949759,0.0,3.0,20.0,0.3
7.311999999999417,0.3723288545949552,-0.037202850963384895,0.37293139811820564,-0.30335239224141536,0.0,-0.04190174137683256,0.3257089099645892,0.08089392004978431,0.3663785336665232,0.8499666461303019,0.0,3.0,20.0,0.3
7.321999999999416,0.37195105454642596,-0.03804058323789855,0.3731107726897294,-0.30276956771253255,0.0,-0.04131891684794975,0.32566181587558507,0.08089664294678589,0.3666739227361029,0.8499667005685604,0.0,3.0,20.0,0.3
7.3319999999994145,0.37157845253354027,-0.036755659783116026,0.37328618625450505,-0.3023937248904103,0.0,-0.040943074025827475,0.32561526597257523,0.08089931181977178,0.36648446400474133,0.8499667550695624,0.0,3.0,20.0,0.3
7.341999999999413,0.3712197611090218,-0.03532239732543596,0.373429387506498,-0.30191313074427784,0.0,-0.040462479879695035,0.3255692975358962,0.08090192774061296,0.36626338843918693,0.8499668087231185,0.0,3.0,20.0,0.3
7.351999999999412,0.37088225938603275,-0.03268234247650638,0.3735512545530471,-0.30149782674971404,0.0,-0.040047175885131236,0.32552394206373053,0.08090449175991381,0.3657917003726431,0.8499668618425357,0.0,3.0,20.0,0.3
7.361999999999411,0.37056734024908455,-0.03091220141103468,0.3736193085587737,-0.2998853476794906,0.0,-0.0384346968149078,0.3254792243468563,0.08090700490743404,0.36685943992141745,0.8499669133668126,0.0,3.0,20.0,0.3
7.37199999999941,0.3702733342793019,-0.028188644133327143,0.3736505274216041,-0.29947816379394765,0.0,-0.03802751292936485,0.32543516259780897,0.08090946819250228,0.36612573555434547,0.8499669637771766,0.0,3.0,20.0,0.3
7.381999999999409,0.37002013138244066,-0.023525609210387367,0.3736674112730833,-0.298926574125824,0.0,-0.03747592326124122,0.3253917686825496,0.08091188260442139,0.36550917624213586,0.8499670137623812,0.0,3.0,20.0,0.3
7.391999999999408,0.3698121800581375,-0.018920597875146487,0.3736447272667972,-0.2980231644626861,0.0,-0.03657251359810332,0.32534904546326887,0.08091424911286589,0.3653304653999878,0.8499670624943914,0.0,3.0,20.0,0.3
7.401999999999407,0.36965154388225135,-0.014053951242736906,0.37358701152406787,-0.2972668000967915,0.0,-0.035816149232208716,0.3253069861489457,0.08091656866827131,0.3649212737147717,0.8499671100777924,0.0,3.0,20.0,0.3
7.411999999999406,0.36953726058479003,-0.009554007054748438,0.37348601396185493,-0.29621059863792226,0.0,-0.03475994777333946,0.325265574632208,0.08091884220221596,0.36493743255353506,0.8499671562113882,0.0,3.0,20.0,0.3
7.421999999999405,0.3694731786977051,-0.004429744393686253,0.37335921543884354,-0.2951504216260632,0.0,-0.033699770761480397,0.3252247861636413,0.080921070627795,0.3649947473182269,0.8499672014118166,0.0,3.0,20.0,0.3
7.4319999999994035,0.3694520490263733,-0.0005676380045735799,0.373180728399333,-0.2940896245204203,0.0,-0.03263897365583751,0.3251845875601135,0.08092325483998719,0.36511694250281024,0.8499672448192759,0.0,3.0,20.0,0.3
7.441999999999402,0.36947082568473305,0.003147181894692236,0.3729676388710777,-0.2925914656100418,0.0,-0.03114081474545899,0.3251449388062655,0.0809253957160144,0.36594128668472714,0.8499672869305973,0.0,3.0,20.0,0.3
7.451999999999401,0.3695227625113241,0.006854271957360859,0.3727295630388767,-0.2918696763255763,0.0,-0.03041902546099351,0.3251057945209451,0.0809274941156938,0.36579180557481517,0.8499673275877722,0.0,4.0,20.0,0.3
7.4619999999994,0.36961729421190226,0.010875495194710358,0.37250709952643984,-0.2905030927559118,0.0,-0.029052441891328995,0.32506710500254554,0.08092955088178329,0.36667459762561105,0.8499673665716805,0.0,4.0,20.0,0.3
7.471999999999399,0.36974561408659967,0.014082408220988593,0.37226072916848596,-0.2897818549395854,0.0,-0.028331204075002614,0.325028815671196,0.08093156684031984,0.3667962501471057,0.8499674042991546,0.0,4.0,20.0,0.3
7.481999999999398,0.3699082181205066,0.01792198740998294,0.37201371701280256,-0.28980195235357603,0.0,-0.02835130148899323,0.32499086849308545,0.0809335428009514,0.36603785900055774,0.8499674417362361,0.0,4.0,20.0,0.3
7.491999999999397,0.3701065242861709,0.02096146730035933,0.37175851854265407,-0.2890418470123049,0.0,-0.027591196147722097,0.32495320228339625,0.08093547955726194,0.36654458948110635,0.8499674785658551,0.0,4.0,20.0,0.3
7.501999999999396,0.37033002289389266,0.023248046150225587,0.3714972266535711,-0.2888611340754779,0.0,-0.02741048321089512,0.3249157529963337,0.08093737788709023,0.36642118168632476,0.8499675148651538,0.0,4.0,20.0,0.3
7.511999999999395,0.370567725535459,0.023965571979197436,0.37122227831341004,-0.2881867889751279,0.0,-0.026736138110545093,0.32487845578900726,0.08093923855284223,0.3671741709192671,0.849967550307362,0.0,4.0,20.0,0.3
7.521999999999394,0.3708113995961057,0.02463042624000107,0.37095360573955843,-0.2883210698077614,0.0,-0.026870418943178598,0.3248412472727974,0.08094106230179725,0.36697969450761936,0.8499675857251818,0.0,4.0,20.0,0.3
7.5319999999993925,0.3710558155689267,0.02404986471214298,0.37068277193466354,-0.28785230069254475,0.0,-0.026401649827961948,0.3248040670280294,0.08094284986640815,0.3678119082052361,0.849967620769166,0.0,4.0,20.0,0.3
7.541999999999391,0.3712902187943899,0.023117086025102856,0.37042081153161444,-0.2883824459512863,0.0,-0.026931795086703514,0.3247668586818498,0.08094460196459541,0.3674195247707518,0.849967655902648,0.0,4.0,20.0,0.3
7.55199999999939,0.3715158453709823,0.02204259867065808,0.37017791420288926,-0.2886915727377264,0.0,-0.027240921873143586,0.32472957136861874,0.08094631930003553,0.3675017086697161,0.8499676915738227,0.0,4.0,20.0,0.3
7.561999999999389,0.371725857343342,0.020202624295916592,0.3699496047922699,-0.28887470341954186,0.0,-0.027424052554959055,0.32469215963586856,0.08094800256244362,0.36791250273292386,0.8499677276101564,0.0,4.0,20.0,0.3
7.571999999999388,0.3719194110983383,0.018924659538131598,0.3697559148906801,-0.29006310670293567,0.0,-0.028612455838352868,0.32465458417156823,0.0809496524278504,0.36705266444162965,0.8499677648792402,0.0,4.0,20.0,0.3
7.581999999999387,0.3720943918897254,0.01644144113996859,0.36958104861306446,-0.290387047048561,0.0,-0.028936396183978197,0.324616811636426,0.08095126955887372,0.36752378717767464,0.849967802748663,0.0,4.0,20.0,0.3
7.591999999999386,0.3722408214556305,0.013358624911849037,0.3694298995225733,-0.29108795649957414,0.0,-0.02963730563499134,0.3245788148694431,0.08095285460498462,0.36756617706395633,0.8499678414447646,0.0,4.0,20.0,0.3
7.601999999999385,0.37235605647205056,0.010125832588621028,0.36930904787304963,-0.2918247705328256,0.0,-0.03037411966824277,0.3245405741932827,0.08095440820276828,0.3676351140899248,0.8499678812738228,0.0,4.0,20.0,0.3
7.611999999999384,0.3724322774609342,0.005946507556028619,0.369207125773733,-0.29255291926648025,0.0,-0.031102268401897448,0.32450207769347983,0.0809559309761796,0.36776865849970186,0.8499679217816734,0.0,4.0,20.0,0.3
7.621999999999383,0.372462573769831,0.0012661620871776483,0.3691259663089977,-0.2932193022451294,0.0,-0.031768651380546575,0.32446332206165973,0.0809574235367938,0.36801466730849375,0.8499679630661618,0.0,4.0,20.0,0.3
7.6319999999993815,0.3724508828998174,-0.002948030435032979,0.36907856812832823,-0.2938749844451442,0.0,-0.032424333580561404,0.3244243131536576,0.08095888648405208,0.36827682397918027,0.8499680057069918,0.0,4.0,20.0,0.3
7.64199999999938,0.3723943810347183,-0.007316896173642073,0.36905519605927595,-0.29496178871014384,0.0,-0.033511137845561034,0.3243850650521249,0.08096032040550236,0.3679113817510763,0.8499680493204627,0.0,4.0,20.0,0.3
7.651999999999379,0.37230054631529563,-0.010569966864819747,0.369073272257127,-0.2961705243114987,0.0,-0.034719873446915905,0.32434559960048553,0.08096172587703519,0.36732808532442685,0.8499680945948284,0.0,3.0,20.0,0.3
7.661999999999378,0.3721764266933564,-0.01357509272570303,0.3691299780538562,-0.29699263978134227,0.0,-0.03554198891675947,0.3243059446521619,0.0809631034631151,0.3672175128576648,0.8499681410189276,0.0,3.0,20.0,0.3
7.671999999999377,0.3720235611548337,-0.016412246041060726,0.3692187501261698,-0.2978192789221823,0.0,-0.036368628057599495,0.32426613231645346,0.08096445371700729,0.36701014220758865,0.849968188532749,0.0,3.0,20.0,0.3
7.681999999999376,0.3718443046157961,-0.01887716918976337,0.36933802126772564,-0.29877971306221746,0.0,-0.037329062197634655,0.32422619828433213,0.08096577718099983,0.3665055388622266,0.8499682371189218,0.0,3.0,20.0,0.3
7.691999999999375,0.3716433953210683,-0.021302672438840674,0.3694801305099693,-0.2986929438159298,0.0,-0.03724229295134701,0.3241861810113939,0.08096707438662144,0.36734082474731455,0.8499682865682745,0.0,3.0,20.0,0.3
7.701999999999374,0.3714102256232108,-0.024630002270560787,0.36961824348894123,-0.29898446801450346,0.0,-0.037533817149920656,0.32414612104559426,0.08096834585485495,0.36750398766393677,0.849968336036815,0.0,3.0,20.0,0.3
7.711999999999373,0.37115088347442216,-0.0267473176294975,0.369775940092366,-0.2996425429954063,0.0,-0.038191892130823524,0.32410606214092635,0.08096959209634659,0.3669989389790317,0.8499683862792774,0.0,3.0,20.0,0.3
7.721999999999372,0.3708713738596911,-0.028704599767666143,0.3699355620835705,-0.2998702024673211,0.0,-0.0384195516027383,0.3240660502197144,0.08097081361161104,0.3669336807480523,0.8499684367507578,0.0,3.0,20.0,0.3
7.7319999999993705,0.37057207049005536,-0.03077779715263693,0.3700853132275684,-0.2994282624222319,0.0,-0.037977611557649116,0.3240261320654005,0.08097201089123243,0.3676373948167765,0.8499684870754277,0.0,3.0,20.0,0.3
7.741999999999369,0.3702522928742027,-0.03278434086052915,0.3702185313982817,-0.29909801703221006,0.0,-0.03764736616762726,0.323986355122717,0.08097318441606141,0.36801323068683234,0.849968537028082,0.0,3.0,20.0,0.3
7.751999999999368,0.3699219672288681,-0.03297395134947527,0.3703562436638438,-0.29948384513819426,0.0,-0.03803319427361146,0.3239467673322005,0.08097433465740825,0.3672164797177482,0.8499685872631426,0.0,3.0,20.0,0.3
7.761999999999367,0.3695882941698513,-0.03370027348801111,0.3704649443609338,-0.29865330468192447,0.0,-0.03720265381734167,0.3239074152727508,0.08097546207723207,0.36795920407286586,0.8499686367162733,0.0,3.0,20.0,0.3
7.771999999999366,0.3692488108919939,-0.034168103331135534,0.3705455053801535,-0.2978131036418814,0.0,-0.036362452777298604,0.3238683429974131,0.08097656712832649,0.3685588056801191,0.8499686853813846,0.0,3.0,20.0,0.3
7.781999999999365,0.3689008549133409,-0.0352484791067806,0.3705777691627365,-0.29677162657599226,0.0,-0.035320975711409464,0.3238295924847925,0.08097765025450133,0.3692934301127653,0.8499687325825714,0.0,3.0,20.0,0.3
7.791999999999364,0.3685413390859269,-0.036347761786749075,0.3705608776644815,-0.295599127950786,0.0,-0.03414847708620322,0.323791204228428,0.08097871189076108,0.37007596806246223,0.8499687782400716,0.0,3.0,20.0,0.3
7.801999999999363,0.3681760550118228,-0.03661254453884034,0.37050427483341136,-0.29455034203317026,0.0,-0.033099691168587464,0.3237532177625921,0.08097975246347935,0.3705645943692647,0.8499688226056732,0.0,3.0,20.0,0.3
7.811999999999362,0.36781077082347424,-0.03623993402014852,0.3704047278847971,-0.29360154414444534,0.0,-0.032150893279862536,0.3237156707564913,0.08098077239057025,0.3708102046351033,0.8499688655317661,0.0,3.0,20.0,0.3
7.821999999999361,0.3674591681912386,-0.03417119015701507,0.37028168643176795,-0.29296190975086317,0.0,-0.03151125888628037,0.3236785977561034,0.0809817720816562,0.37054091514138543,0.849968907597809,0.0,3.0,20.0,0.3
7.8319999999993595,0.36713048192723957,-0.032005014479017255,0.37011833668727523,-0.29182296429487825,0.0,-0.03037231343029545,0.3236420279226255,0.0809827519382325,0.3709123814281253,0.8499689482431014,0.0,3.0,20.0,0.3
7.841999999999358,0.36682851138821876,-0.02896570600781313,0.36992589730039144,-0.2909727510575462,0.0,-0.02952210019296342,0.32360598363759996,0.08098371235382847,0.37084468388565883,0.8499689877817186,0.0,3.0,20.0,0.3
7.851999999999357,0.3665573694529702,-0.02576590286067649,0.3696978204249947,-0.2899324305326873,0.0,-0.0284817796681045,0.3235704801165455,0.08098465371416556,0.37103301246974063,0.8499690259727204,0.0,3.0,20.0,0.3
7.861999999999356,0.3663241412647611,-0.02177473173855908,0.3694481694653721,-0.28933053601579845,0.0,-0.027879885151215644,0.3235355249176177,0.08098557639731231,0.37062267615609135,0.8499690632318835,0.0,3.0,20.0,0.3
7.871999999999355,0.36612634513104064,-0.018559161992540932,0.36915722748510765,-0.28787543620498557,0.0,-0.026424785340402768,0.32350111742060195,0.08098648077383609,0.37144630251496613,0.8499690989029606,0.0,3.0,20.0,0.3
7.881999999999354,0.36595941190398723,-0.015277086221679708,0.36883604805236636,-0.2872551267710044,0.0,-0.025804475906421598,0.323467249702855,0.08098736720695202,0.37116242635035224,0.8499691332938747,0.0,3.0,20.0,0.3
7.891999999999353,0.3658299522332612,-0.011586516090397476,0.36849804558103283,-0.2862072344388627,0.0,-0.0247565835742799,0.3234339076178038,0.08098823605266871,0.3715608329539438,0.8499691668083597,0.0,3.0,20.0,0.3
7.901999999999352,0.36573246331864223,-0.00831030465251164,0.36813416522425735,-0.2860516385163907,0.0,-0.024600987651807904,0.32340107049187605,0.08098908765993144,0.37081310638510645,0.849969199132081,0.0,3.0,20.0,0.3
7.911999999999351,0.36567501803582764,-0.004200928975643149,0.36777232814336863,-0.2854193914568165,0.0,-0.023968740592233695,0.3233687120092775,0.08098992237076214,0.3708545619490137,0.8499692311394124,0.0,3.0,20.0,0.3
7.92199999999935,0.3656590818928297,0.00015682791737773802,0.3674129723108538,-0.28538309101020953,0.0,-0.023932440145626732,0.32333679962608874,0.08099074052039681,0.3702002759890176,0.8499692628421133,0.0,3.0,20.0,0.3
7.9319999999993485,0.3656828020100779,0.00369386188959998,0.36704860640853726,-0.2848836005672947,0.0,-0.023432949702711925,0.32330529449606915,0.08099154243742016,0.37034693365559923,0.8499692940060067,0.0,3.0,20.0,0.3
7.941999999999347,0.3657388573906527,0.00658532775068589,0.366684459495694,-0.284351778595598,0.0,-0.022901127731015214,0.3232741523983759,0.08099232844389756,0.3707005930537689,0.8499693247931052,0.0,3.0,20.0,0.3
7.951999999999346,0.365812294670534,0.008197159583978129,0.3663196712132084,-0.2839237703234036,0.0,-0.0224731194588208,0.3232433256594836,0.08099309885550442,0.37107503358920146,0.8499693545606667,0.0,4.0,20.0,0.3
7.961999999999345,0.36591074666380113,0.010714112631537986,0.3660247656317507,-0.2834546513559555,0.0,-0.02200400049137269,0.32321276562102613,0.0809938539816529,0.3716664618475758,0.849969383685786,0.0,4.0,20.0,0.3
7.971999999999344,0.3660231309461049,0.011347800087952581,0.36572524286619285,-0.28301514678393563,0.0,-0.021564495919352833,0.32318242228273564,0.08099459412561628,0.372368744658939,0.8499694123032324,0.0,4.0,20.0,0.3
7.981999999999343,0.3661360590584827,0.011404052929410869,0.36543383409652946,-0.28351405671462615,0.0,-0.02206340585004335,0.32315224611099935,0.0809953195846507,0.3719032664651859,0.8499694409474526,0.0,4.0,20.0,0.3
7.991999999999342,0.36625469413497375,0.012139020726742791,0.36517353172160466,-0.28409384724466247,0.0,-0.022643196380079667,0.3231221903053355,0.0809960306501145,0.3714655892014399,0.8499694706109939,0.0,4.0,20.0,0.3
8.001999999999342,0.3663730941182213,0.011550652170449517,0.3649241961565538,-0.28420397239326517,0.0,-0.02275332152868237,0.32309221024041296,0.08099672760758533,0.37181884689667877,0.8499695004681194,0.0,4.0,20.0,0.3
8.011999999999345,0.3664817034749213,0.01043700932870607,0.36469403111583676,-0.2848760742227047,0.0,-0.023425423358121922,0.32306226430924384,0.08099741073697479,0.3715057234535506,0.8499695308785434,0.0,4.0,20.0,0.3
8.021999999999348,0.3665839926656437,0.01006487669727961,0.3645036296346628,-0.286078786456107,0.0,-0.024628135591524214,0.3230323153601127,0.08099808031264082,0.3705575179906926,0.8499695627414283,0.0,4.0,20.0,0.3
8.031999999999352,0.36667802659707405,0.008681633723360647,0.3643362417711521,-0.28622525067575155,0.0,-0.02477459981116875,0.3230023300957016,0.08099873660349798,0.3711824046312321,0.8499695953867968,0.0,4.0,20.0,0.3
8.041999999999355,0.3667458488278368,0.005513991691631116,0.3641756069701744,-0.2866306533446698,0.0,-0.025180002480087005,0.32297227942019785,0.08099937987312533,0.3715190306055256,0.849969628142128,0.0,4.0,20.0,0.3
8.051999999999358,0.3667830400338552,0.002543282874708716,0.3640432178080441,-0.2873442061345755,0.0,-0.025893555269992707,0.322942141085565,0.08100001037987242,0.37147722574870823,0.8499696619319581,0.0,4.0,20.0,0.3
8.061999999999362,0.3667909075438839,-0.00024096572161886806,0.36394102895586,-0.288384012305772,0.0,-0.026933361441189185,0.32291190035718004,0.08100062837696292,0.37101186797108465,0.8499696968688354,0.0,4.0,20.0,0.3
8.071999999999365,0.3667686752191845,-0.003506776153805631,0.3638615629379852,-0.28899773202635576,0.0,-0.027547081161772957,0.32288154929057344,0.08100123411259641,0.3711561297771113,0.849969732667933,0.0,4.0,20.0,0.3
8.081999999999368,0.3667156498412821,-0.006494334677557487,0.36381230931321357,-0.2897532763822186,0.0,-0.028302625517635793,0.32285108644841015,0.08100182783004804,0.37109385775273673,0.8499697696716605,0.0,4.0,20.0,0.3
8.091999999999372,0.36663146793193335,-0.0096056946309272,0.36378720388935337,-0.2906696990565556,0.0,-0.029219048191972796,0.3228205166136439,0.08100240976776621,0.37077830776362874,0.8499698076527876,0.0,4.0,20.0,0.3
8.101999999999375,0.36651751468560645,-0.012494103937249045,0.36378911179345896,-0.2913949826344144,0.0,-0.029944331769831578,0.32278985036197305,0.08100298015946837,0.370682842982722,0.8499698467270922,0.0,3.0,20.0,0.3
8.111999999999378,0.36637371467503377,-0.015646184730714902,0.36381187861383063,-0.2918332981765623,0.0,-0.030382647311979483,0.3227591034725775,0.08100353923423484,0.3709228198615847,0.849969886485955,0.0,3.0,20.0,0.3
8.121999999999382,0.366200856585856,-0.018271731265231354,0.3638619413711429,-0.2926334878429886,0.0,-0.031182836978405792,0.32272829654042523,0.08100408721660084,0.3705711438426502,0.8499699271438853,0.0,3.0,20.0,0.3
8.131999999999385,0.3660084786887419,-0.0198172120224817,0.36394777521741845,-0.2936015816579435,0.0,-0.03215093079336068,0.32269745432817787,0.0810046243266467,0.3698844126080363,0.8499699690027435,0.0,3.0,20.0,0.3
8.141999999999388,0.36580517803204377,-0.020546202453542405,0.36406601079716566,-0.2944527074636055,0.0,-0.03300205659902272,0.3226666038143125,0.08100515078008615,0.36924958753732706,0.8499700119914073,0.0,3.0,20.0,0.3
8.151999999999392,0.365604474031147,-0.019715758560394196,0.3642291938659699,-0.2954791056313567,0.0,-0.03402845476677391,0.3226357721845133,0.08100566678835314,0.3682493883984521,0.8499700565475348,0.0,3.0,20.0,0.3
8.161999999999395,0.3654091475495878,-0.01957354968786483,0.36440354496339955,-0.2956622258814045,0.0,-0.034211575016821705,0.32260498445577296,0.08100617255868652,0.36830443024527926,0.8499701016370202,0.0,3.0,20.0,0.3
8.171999999999398,0.36521150607680536,-0.01993097157403697,0.36457929468935213,-0.29572749047593117,0.0,-0.034276839611348364,0.32257426305883413,0.08100666829421342,0.36839321879654885,0.8499701469551869,0.0,3.0,20.0,0.3
8.181999999999402,0.3650108504018723,-0.020424663801897353,0.36475374176225384,-0.2956279468746845,0.0,-0.03417729601010172,0.322543629153078,0.08100715419403086,0.36857862277742137,0.8499701924197212,0.0,3.0,20.0,0.3
8.191999999999405,0.3647974918458289,-0.02197913983800542,0.3649013982552891,-0.2952500290718444,0.0,-0.03379937820726159,0.3225131031913093,0.08100763045328556,0.3690177381339723,0.8499702372080018,0.0,3.0,20.0,0.3
8.201999999999408,0.36457610715899447,-0.02186203555201065,0.36505406572909127,-0.295979032342886,0.0,-0.03452838147830317,0.3224827063880665,0.08100809726325243,0.36777204775748296,0.8499702823088935,0.0,3.0,20.0,0.3
8.211999999999412,0.36436825838394926,-0.019998936957596816,0.36522125922117915,-0.29615091952946504,0.0,-0.03470026866488224,0.32245245965182406,0.08100855481141142,0.3671795949881812,0.849970328039216,0.0,3.0,20.0,0.3
8.221999999999415,0.36418336355807795,-0.01755560291484418,0.3653885371064722,-0.2960447451339297,0.0,-0.0345940942693469,0.3224223799414525,0.08100900328152266,0.3668605612242206,0.8499703739500626,0.0,3.0,20.0,0.3
8.231999999999418,0.36401535335641805,-0.01621670259771774,0.3655246472704476,-0.2956311615959109,0.0,-0.034180510731328106,0.32239247872876686,0.08100944285370047,0.3668669151177526,0.8499704190371683,0.0,3.0,20.0,0.3
8.241999999999422,0.363862328324741,-0.014781541381877431,0.36563915902107375,-0.29481164416561584,0.0,-0.03336099330103304,0.32236276313306256,0.08100987370448551,0.3673482589912488,0.8499704635765467,0.0,3.0,20.0,0.3
8.251999999999425,0.3637243383960901,-0.013107008144332046,0.3657301142810486,-0.29443764236112413,0.0,-0.03298699149654133,0.32233323675861475,0.08101029600691578,0.3671263765975824,0.8499705074799397,0.0,3.0,20.0,0.3
8.261999999999428,0.3636048776837775,-0.011106628186056868,0.36579803009637146,-0.2940315720273376,0.0,-0.032580921162754795,0.32230389978396495,0.0810107099305961,0.36688570183792735,0.8499705507398344,0.0,3.0,20.0,0.3
8.271999999999432,0.363507142950606,-0.008755103535190017,0.3658432946899548,-0.2938103129234676,0.0,-0.0323596620588848,0.3222747485868114,0.0810111156417662,0.3663397043265455,0.8499705933440937,0.0,3.0,20.0,0.3
8.281999999999435,0.36343904775455904,-0.005467007757394438,0.3658777032800481,-0.2934012592345895,0.0,-0.03195060837000668,0.3222457753063927,0.08101151330336757,0.3660288215157821,0.8499706356479707,0.0,3.0,20.0,0.3
8.291999999999438,0.36340990438054044,-0.0011738784426104654,0.36590830180920575,-0.2933756118909052,0.0,-0.03192496102632242,0.3222169666946712,0.08099958235700563,0.36516453025624074,0.8499706778653457,0.0,3.0,20.0,0.3
8.301999999999442,0.36342808811943933,0.0037638310735775213,0.3659363163919772,-0.2933558860901236,0.0,-0.031905235225540785,0.32218830267173026,0.08098370082164655,0.36429702063520575,0.8499707200728461,0.0,4.0,20.0,0.3
8.311999999999445,0.36348889585042404,0.007374891388279691,0.36593605755162106,-0.2924077506970596,0.0,-0.030957099832476798,0.32215975537546343,0.08098464241078951,0.36478153633485133,0.8499707613613134,0.0,4.0,20.0,0.3
8.321999999999449,0.36358281141279325,0.010838684045058871,0.365920533579719,-0.2922448009924261,0.0,-0.03079415012784331,0.32213129053668754,0.08098556531820246,0.36421764779766486,0.8499708019957902,0.0,4.0,20.0,0.3
8.331999999999452,0.36371407150015794,0.014518601025787555,0.36589922573122396,-0.2918334938879831,0.0,-0.030382843023400274,0.32210286941263583,0.08098646991454285,0.3640683605781403,0.8499708423685529,0.0,4.0,20.0,0.3
8.341999999999455,0.3638766962108905,0.017281878117759997,0.36585955468214804,-0.2911907946074192,0.0,-0.0297401437428364,0.32207444879471425,0.08098735656311407,0.3643243857334949,0.8499708819359424,0.0,4.0,20.0,0.3
8.351999999999459,0.3640670437265911,0.02016734780871214,0.36581493827725636,-0.29118352187076807,0.0,-0.02973287100618527,0.3220459822353076,0.0809882256200113,0.36378390435675656,0.8499709212493427,0.0,4.0,20.0,0.3
8.361999999999462,0.3642855720835913,0.022731721355921403,0.3657652888815541,-0.2906198472679325,0.0,-0.029169196403349695,0.32201742099376,0.0809890774342646,0.36412721680451154,0.8499709603022706,0.0,4.0,20.0,0.3
8.371999999999465,0.3645200981733113,0.02378296148127434,0.3656949994815438,-0.2900530265812093,0.0,-0.028602375716626494,0.32198871448204697,0.08098991234797907,0.3645867202263403,0.8499709984222708,0.0,4.0,20.0,0.3
8.381999999999469,0.36475951352024233,0.024180681360325314,0.365612028143857,-0.28985238517921225,0.0,-0.028401734314629445,0.321959812526127,0.08099073069647218,0.36464797032707164,0.8499710359250703,0.0,4.0,20.0,0.3
8.391999999999472,0.3650008938845265,0.02412669003271214,0.36552201713107213,-0.2897031740609594,0.0,-0.02825252319637661,0.3219306673944693,0.08099153280840848,0.36475362717605675,0.8499710730408159,0.0,4.0,20.0,0.3
8.401999999999475,0.36524681446639296,0.025138475048115498,0.36544846028362815,-0.29035768781586396,0.0,-0.028907036951281162,0.32190123438628254,0.08099231900593164,0.3638509676389088,0.8499711107605568,0.0,4.0,20.0,0.3
8.411999999999479,0.3655066071945627,0.026531775148849832,0.3653944546012766,-0.29079308638554063,0.0,-0.029342435520957832,0.32187147106766634,0.08099308960479376,0.3633743103293786,0.8499711492375677,0.0,4.0,20.0,0.3
8.421999999999482,0.3657749881212291,0.026794675224827563,0.36534505974005416,-0.2907528331857499,0.0,-0.029302182321167103,0.321841335691804,0.08099384491448228,0.3636809728878202,0.8499711878562247,0.0,4.0,20.0,0.3
8.431999999999485,0.36603789799518716,0.025901876827979196,0.3652962942874224,-0.29077644201897174,0.0,-0.029325791154388936,0.3218107882069735,0.08099458523834413,0.3640078992126283,0.8499712264482946,0.0,4.0,20.0,0.3
8.441999999999489,0.3662890069876083,0.02455542589231306,0.3652564806749022,-0.29111771173543827,0.0,-0.029667060870855466,0.32177979257325534,0.0809953108737077,0.36399032036114076,0.8499712653703254,0.0,4.0,20.0,0.3
8.451999999999492,0.3665255306099339,0.022965152068155168,0.36523013865924203,-0.2913997685820122,0.0,-0.02994911771742942,0.32174831783907626,0.08099602211200219,0.3641453251506913,0.8499713048250481,0.0,4.0,20.0,0.3
8.461999999999495,0.36674227310022883,0.020873209802449964,0.3652146131238342,-0.291836979230517,0.0,-0.03038632836593419,0.3217163385155477,0.08099671923887461,0.3641601386163845,0.8499713447121109,0.0,4.0,20.0,0.3
8.471999999999499,0.3669406689716434,0.019092666889587023,0.3652224833442292,-0.2924975411990489,0.0,-0.031046890334466115,0.32168383499100656,0.08099740253430462,0.3639261422021085,0.8499713855809955,0.0,4.0,20.0,0.3
8.481999999999502,0.36711454577896174,0.01614244538055429,0.36523570993258764,-0.29273394086606047,0.0,-0.03128329000147767,0.3216507931870433,0.08099807227271688,0.36433517176192853,0.849971426687518,0.0,4.0,20.0,0.3
8.491999999999505,0.3672585287149912,0.013543231196027575,0.3652692770532985,-0.29391375893483057,0.0,-0.03246310807024777,0.32161720527052556,0.08099872872309126,0.363454873107962,0.8499714686720551,0.0,4.0,20.0,0.3
8.501999999999509,0.3673801063652094,0.011098775179285529,0.3653261463154985,-0.2942378105460032,0.0,-0.032787159681420375,0.32158306997723574,0.08099937214907092,0.3637900041861578,0.8499715116888923,0.0,4.0,20.0,0.3
8.511999999999512,0.367478464555136,0.009084039656597365,0.3654088369181229,-0.2953908722200219,0.0,-0.033940221355439115,0.321548391222406,0.08100000280906819,0.36296594475996136,0.849971555865049,0.0,4.0,20.0,0.3
8.521999999999515,0.3675639941519857,0.008272311011433327,0.3655314532616367,-0.29661239962722175,0.0,-0.035161748762638945,0.3215131774695311,0.08100062095636827,0.36203447375305065,0.8499716018306162,0.0,4.0,20.0,0.3
8.531999999999519,0.3676379544436328,0.006698648478149077,0.3656717106384754,-0.29721367641806534,0.0,-0.03576302555348254,0.3214774397518521,0.08100122683923112,0.36194761206913373,0.8499716486798802,0.0,4.0,20.0,0.3
8.541999999999522,0.36769791280797737,0.005550003398214435,0.3658394654578948,-0.2983085284859485,0.0,-0.03685787762136572,0.3214411911558308,0.08100182070099096,0.36113158316366023,0.8499716968487543,0.0,4.0,20.0,0.3
8.551999999999525,0.3677424940679713,0.0036494008660956263,0.3660184818228821,-0.2986818944401608,0.0,-0.037231243575578,0.32140444708166316,0.08100240278015418,0.36127515347501127,0.8499717456763359,0.0,4.0,20.0,0.3
8.561999999999529,0.36775970503290784,0.00043354602166775433,0.3661924285602565,-0.29841264205101076,0.0,-0.036961991186427956,0.3213672255488441,0.08100297331049501,0.3622528730920507,0.8499717944769875,0.0,4.0,20.0,0.3
8.571999999999532,0.36774454431411574,-0.0028906721145785866,0.3663682388619905,-0.29855194853399286,0.0,-0.03710129766941006,0.3213295489884582,0.08100353252114947,0.36257850783201906,0.8499718435416432,0.0,4.0,20.0,0.3
8.581999999999535,0.3676950457963264,-0.006135451917563262,0.36654287686278714,-0.299105314426066,0.0,-0.037654663561483226,0.32129144503912205,0.08100408063670737,0.36223175429733145,0.8499718927403608,0.0,4.0,20.0,0.3
8.591999999999539,0.36762395661943653,-0.007648816385647742,0.36673794421681394,-0.2998225411717546,0.0,-0.03837189030717181,0.3212529462715723,0.08100461787730252,0.3615548139649807,0.8499719429946454,0.0,4.0,20.0,0.3
8.601999999999542,0.367540960761537,-0.008536858806694123,0.3669497519249055,-0.29980179435709087,0.0,-0.038351143492508066,0.3212140877279979,0.0810051444587011,0.3618062683323545,0.8499719936124089,0.0,3.0,20.0,0.3
8.611999999999545,0.3674608816912438,-0.0077798372723897335,0.367215926217536,-0.30004047440727893,0.0,-0.03858982354269613,0.3211749045863754,0.08100566059238842,0.3615811548499369,0.8499720445203605,0.0,3.0,20.0,0.3
8.621999999999549,0.36738431641560787,-0.007757782869955657,0.3674738858568347,-0.2998142047413774,0.0,-0.038363553876794576,0.3211354297190284,0.08100616648565369,0.36188958943091076,0.8499720954470705,0.0,3.0,20.0,0.3
8.631999999999552,0.3672991701034917,-0.009101887316002432,0.3677011752468175,-0.2994268646177078,0.0,-0.03797621375312499,0.3210956935341418,0.08100666234167346,0.36230553772043306,0.8499721456624207,0.0,3.0,20.0,0.3
8.641999999999555,0.36720158411920834,-0.010204906560303591,0.3679101358100697,-0.29910752172660815,0.0,-0.03765687086202535,0.32105572615670286,0.08100714835959309,0.3625092004578194,0.8499721955291683,0.0,3.0,20.0,0.3
8.651999999999559,0.3670965716735104,-0.010478842018327422,0.368106393158489,-0.2992079984129789,0.0,-0.0377573475483961,0.3210155582165646,0.08100762473460676,0.362012770459342,0.8499722452069094,0.0,3.0,20.0,0.3
8.661999999999562,0.3669934990432204,-0.01019397051376476,0.36828790463505456,-0.2987753550271081,0.0,-0.03732470416252531,0.32097521979469473,0.08100809165803588,0.36215877454606993,0.849972294620581,0.0,3.0,20.0,0.3
8.671999999999565,0.3669006835591161,-0.008399020220784328,0.3684681587516451,-0.29913695977674737,0.0,-0.03768630891216457,0.3209347388047023,0.08100854931740593,0.3610992561671357,0.849972344182555,0.0,3.0,20.0,0.3
8.681999999999569,0.3668336789675279,-0.005424259479284814,0.3686497645690202,-0.2993021245405816,0.0,-0.03785147367599878,0.3208941392397494,0.08100899789652176,0.36023605362181943,0.8499723939789346,0.0,3.0,20.0,0.3
8.691999999999572,0.3667964290748042,-0.0028306446752659684,0.3688121536420896,-0.2985484844043933,0.0,-0.0370978335398105,0.3208534387266953,0.08100943757554142,0.3605963841338157,0.8499724433541155,0.0,3.0,20.0,0.3
8.701999999999575,0.3667793281785589,-0.0012300210550336525,0.3689384262890566,-0.2975022238409543,0.0,-0.036051572976371515,0.32081264827852396,0.08100986853104851,0.3613176745806743,0.8499724917426965,0.0,3.0,20.0,0.3
8.711999999999579,0.3667738957042044,-0.00014216918831208222,0.36902737877544584,-0.29704678153738506,0.0,-0.03559613067280226,0.3207717743169044,0.08101029093612308,0.3611766924029213,0.8499725390657054,0.0,3.0,20.0,0.3
8.721999999999582,0.3667803405374302,0.0013416332880831876,0.36909016233433223,-0.29670438965245044,0.0,-0.03525373878786764,0.32073082050695456,0.08101070496041117,0.36085698695560664,0.8499725856406528,0.0,3.0,20.0,0.3
8.731999999999585,0.36680687634858883,0.003422836978639928,0.3691351458247862,-0.29605686720239055,0.0,-0.03460621633780775,0.3206897878541245,0.08101111077019292,0.36096086570569685,0.8499726317126903,0.0,3.0,20.0,0.3
8.741999999999589,0.3668484607729535,0.004399493874064457,0.3691377410091565,-0.29480220612586666,0.0,-0.03335155526128386,0.3206486737280144,0.0810115085284494,0.3619267288083492,0.8499726764737469,0.0,3.0,20.0,0.3
8.751999999999592,0.3668934346141767,0.004757157448269031,0.3690989268063042,-0.2941193630181435,0.0,-0.03266871215356071,0.32060747296527314,0.08101189839492802,0.3621163908989108,0.8499727198278222,0.0,4.0,20.0,0.3
8.761999999999595,0.3669514651187707,0.006301761747448762,0.3690555972695453,-0.2933831249483121,0.0,-0.03193247408372929,0.3205661797130776,0.0810122805262067,0.3624182648085117,0.8499727626179653,0.0,4.0,20.0,0.3
8.771999999999599,0.3670217327218786,0.007706101468813505,0.36899043878633414,-0.2930757973994669,0.0,-0.031625146534884074,0.32052478638662957,0.08101265507575672,0.36216883112596043,0.8499728044284323,0.0,4.0,20.0,0.3
8.781999999999602,0.36710724349056817,0.009017045310192283,0.3689085825966336,-0.2921887818455865,0.0,-0.030738130981003697,0.3204832834267709,0.08101302219400446,0.3627920753509126,0.8499728454600429,0.0,4.0,20.0,0.3
8.791999999999605,0.3672038986822207,0.010262977166190443,0.36881111292000657,-0.29212811627495017,0.0,-0.030677465410367366,0.32044165924948786,0.08101338202839165,0.36232875375231677,0.8499728857372846,0.0,4.0,20.0,0.3
8.801999999999609,0.36731820663531134,0.012312548702190888,0.36871514188445514,-0.29191221863915473,0.0,-0.03046156777457193,0.3203999007863319,0.08101373472343476,0.36216309640400834,0.8499729259751794,0.0,4.0,20.0,0.3
8.811999999999612,0.3674580013333083,0.015052737909887481,0.36862805156994954,-0.2921596940754063,0.0,-0.030709043210823517,0.32035799252399094,0.08101408042078295,0.36143965534417366,0.8499729664908487,0.0,4.0,20.0,0.3
8.821999999999615,0.3676198717862682,0.016719245821887694,0.36853249673745736,-0.2914822198934351,0.0,-0.03003156902885229,0.3203159153504531,0.08101441925927495,0.3621100633380193,0.8499730065551856,0.0,4.0,20.0,0.3
8.831999999999619,0.3677910012156921,0.017284221614105328,0.3684249153267691,-0.2913232450863655,0.0,-0.029872594221782678,0.3202736474764824,0.08101475137499485,0.36215578423226036,0.8499730460050468,0.0,4.0,20.0,0.3
8.841999999999622,0.36796539266830197,0.0175451886775071,0.368315021441124,-0.2910794858383472,0.0,-0.029628834973764395,0.32023116685007064,0.08101507690132675,0.3624217960090741,0.8499730852417484,0.0,4.0,20.0,0.3
8.851999999999626,0.3681400035376007,0.017322176982977056,0.36820342318435784,-0.29096571447127895,0.0,-0.029515063606696146,0.3201884524262194,0.08101539596900831,0.36260683695651685,0.8499731242902832,0.0,4.0,20.0,0.3
8.861999999999629,0.3683113725931758,0.01719103604851547,0.3680987148031166,-0.2913893966517931,0.0,-0.029938745787210286,0.32014548479317506,0.08101570870618324,0.36213728780640386,0.8499731635124804,0.0,4.0,20.0,0.3
8.871999999999632,0.368481043342856,0.016541338580821924,0.3679991467382255,-0.2909823936470202,0.0,-0.02953174278243742,0.3201022465464578,0.08101601523845288,0.3629256124850567,0.8499732028466681,0.0,4.0,20.0,0.3
8.881999999999636,0.368638654735426,0.015420998064708067,0.367902838416624,-0.2914765442605581,0.0,-0.03002589339597528,0.3200587223586805,0.08101631568892652,0.36253919981802796,0.8499732422112907,0.0,4.0,20.0,0.3
8.891999999999639,0.36879034141354494,0.01485033595046521,0.3678282085545442,-0.2918113058838335,0.0,-0.030360655019250726,0.3200149001527097,0.08101661017827085,0.3624563324465899,0.8499732824006242,0.0,4.0,20.0,0.3
8.901999999999642,0.3689294736242956,0.01300921927190491,0.3677541581276602,-0.2915435377737803,0.0,-0.03009288690919748,0.3199707703702666,0.08101689882475849,0.36328852985454574,0.849973322537267,0.0,4.0,20.0,0.3
8.911999999999646,0.369036506501468,0.009173699152234711,0.36766347343838146,-0.2915115870722219,0.0,-0.03006093620763911,0.319926327065544,0.08101718174431545,0.3638469961789006,0.8499733618851926,0.0,4.0,20.0,0.3
8.921999999999649,0.36910804363082794,0.005946149610148652,0.3675848324663278,-0.2917909383127397,0.0,-0.030340287448156922,0.31988157093028996,0.08101745905056769,0.36401007620288384,0.849973401649495,0.0,4.0,20.0,0.3
8.931999999999652,0.36914869038022796,0.0028436313140550555,0.3675168827594665,-0.29198291052003067,0.0,-0.03053225965544787,0.3198365097152325,0.08101773085488677,0.3643229924410557,0.8499734417873223,0.0,4.0,20.0,0.3
8.941999999999656,0.36916036740960795,0.00031985022172931893,0.36746640975281164,-0.2928267768201996,0.0,-0.031376125955616785,0.3197911569936387,0.08101799726643456,0.3637367906719855,0.8499734825966828,0.0,4.0,20.0,0.3
8.951999999999659,0.3691507995775781,-0.0018639551690644539,0.36743446489734627,-0.2931485209897067,0.0,-0.03169787012512387,0.3197455311712513,0.08101825839220707,0.3638833562080126,0.8499735242162736,0.0,3.0,20.0,0.3
8.961999999999662,0.3691226022195823,-0.0032686776426055046,0.3674279378307894,-0.29420555956196465,0.0,-0.032754908697381846,0.3196996539371587,0.08101851433707745,0.362990455441648,0.8499735668812761,0.0,3.0,20.0,0.3
8.971999999999666,0.3690814451899776,-0.004793944424639953,0.36744203667710706,-0.2944292099013041,0.0,-0.03297855903672131,0.3196535492727598,0.08101876520383812,0.36324323984726814,0.8499736102040228,0.0,3.0,20.0,0.3
8.981999999999669,0.3690197851231628,-0.007082139431330466,0.36746134881751347,-0.29453859006965516,0.0,-0.03308793920507236,0.3196072425544349,0.08101901109324204,0.36362150451687714,0.8499736537085681,0.0,3.0,20.0,0.3
8.991999999999672,0.36893102102141334,-0.01013802229574666,0.367478752572502,-0.2943898208284242,0.0,-0.032939169963841386,0.3195607615688346,0.08101925210404312,0.3643131589959999,0.8499736971735339,0.0,3.0,20.0,0.3
9.001999999999676,0.368810576564965,-0.013344739633342623,0.3674959793909502,-0.29433012632428074,0.0,-0.03287947545969794,0.31951413765550185,0.08101948833303597,0.3648189296989035,0.8499737406511974,0.0,3.0,20.0,0.3
9.011999999999679,0.36865838510754945,-0.016321929437463755,0.36751430792786705,-0.29459019841185513,0.0,-0.03313954754727233,0.3194674062877675,0.08101971987509474,0.36480439971515144,0.8499737841810953,0.0,3.0,20.0,0.3
9.021999999999682,0.3684794413820079,-0.018698991108114568,0.3675379397967891,-0.29486017061168485,0.0,-0.033409519747102046,0.3194206067192972,0.08101994682321116,0.3646943121314614,0.849973827899732,0.0,3.0,20.0,0.3
9.031999999999686,0.36828603772981827,-0.019562057883162984,0.36758278581775994,-0.2953469882918336,0.0,-0.03389633742725079,0.31937378069538747,0.08102016926853198,0.36419316248143985,0.8499738723238145,0.0,3.0,20.0,0.3
9.041999999999689,0.3680870938517202,-0.020027716772367306,0.3676360019445014,-0.2954206924094724,0.0,-0.033970041544889584,0.3193269700471528,0.08102038730039557,0.3641801859908962,0.8499739170650045,0.0,3.0,20.0,0.3
9.051999999999692,0.3678885907983189,-0.01984638658495243,0.3677002412366064,-0.29554920730196416,0.0,-0.034098556437381355,0.31928021486106767,0.08102060100636772,0.36399899800945823,0.8499739622178257,0.0,3.0,20.0,0.3
9.061999999999696,0.36768607342563814,-0.020594972395906498,0.3677473892449637,-0.2952152371393505,0.0,-0.033764586274767694,0.31923355259267894,0.0810208104722769,0.3643734159644897,0.8499740068906685,0.0,3.0,20.0,0.3
9.071999999999699,0.36747248925939796,-0.022056039919806942,0.3677707834451862,-0.29434064065335885,0.0,-0.03288998978877605,0.3191870188750178,0.08102101578224863,0.3654123059895732,0.8499740508527845,0.0,3.0,20.0,0.3
9.081999999999702,0.36724319239170516,-0.02314800792571148,0.3677767316061819,-0.2943868950766494,0.0,-0.03293624421206659,0.3191406490379645,0.0810212170187394,0.36507000315032034,0.8499740942751074,0.0,3.0,20.0,0.3
9.091999999999706,0.3670070119435754,-0.023722194762167657,0.3677690712150268,-0.29408800653014505,0.0,-0.03263735566556225,0.3190944785993736,0.08102141426256966,0.3651236225966882,0.8499741372685202,0.0,3.0,20.0,0.3
9.101999999999709,0.36676966545285017,-0.023691193596609393,0.3677489927190127,-0.29358426159365886,0.0,-0.032133610729076056,0.31904854190370596,0.08102160759295635,0.36538316174532526,0.8499741798566226,0.0,3.0,20.0,0.3
9.111999999999712,0.3665361780262448,-0.023045995681280664,0.3677165961338017,-0.2933365871259569,0.0,-0.03188593626137409,0.31900287102328345,0.08102179708754466,0.36521157434628493,0.8499742220280175,0.0,3.0,20.0,0.3
9.121999999999716,0.3663060449666447,-0.02323873748006494,0.3676497826648017,-0.2920320953341908,0.0,-0.030581444469607977,0.3189574949211152,0.08102198282243932,0.3664563375733245,0.8499742630643193,0.0,3.0,20.0,0.3
9.131999999999719,0.3660703991805324,-0.0236848694085026,0.3675474494423983,-0.291301498848473,0.0,-0.029850847983890205,0.3189124399046815,0.08102216487223503,0.366842170628232,0.849974302887601,0.0,3.0,20.0,0.3
9.141999999999722,0.3658378818387213,-0.022995778274450575,0.3674315568197275,-0.29106187523044336,0.0,-0.029611224365860556,0.31886773090824194,0.08102234331004651,0.3664961304547413,0.8499743421684202,0.0,3.0,20.0,0.3
9.151999999999726,0.36561674683786216,-0.02158873512795017,0.3673010847562263,-0.2903748525732386,0.0,-0.028924201708655783,0.3188233903035097,0.08102251820753786,0.3667450252633374,0.8499743808589166,0.0,3.0,20.0,0.3
9.161999999999729,0.3654003685282609,-0.02171813553965979,0.3671216240273797,-0.28905299849206906,0.0,-0.027602347627486257,0.31877943667000425,0.08102268963495127,0.36786334649453367,0.8499744178405043,0.0,3.0,20.0,0.3
9.171999999999732,0.36518438870765174,-0.021103972135171154,0.3669194505224783,-0.2888619064788701,0.0,-0.02741125561428731,0.3187358859957808,0.08102285766113528,0.36738936095279096,0.8499744538994438,0.0,3.0,20.0,0.3
9.181999999999736,0.3649818220449637,-0.019422688279677018,0.36670826026561903,-0.28846921906610495,0.0,-0.027018568201522153,0.31869275239067,0.08102302235357248,0.3672024340467319,0.8499744894562878,0.0,3.0,20.0,0.3
9.191999999999739,0.36479420618261993,-0.018832487410933105,0.3664623874803397,-0.2865857424793344,0.0,-0.02513509161475158,0.3186500461652225,0.08102318377840653,0.36912127034516784,0.8499745236844942,0.0,3.0,20.0,0.3
9.201999999999742,0.36460655440660034,-0.01852385610071755,0.36618357452099604,-0.2861565006358027,0.0,-0.024705849771219923,0.3186077740825024,0.08102334200046878,0.36903158163575767,0.849974556589986,0.0,3.0,20.0,0.3
9.211999999999746,0.36442683509259677,-0.0174526291626129,0.36589304136620143,-0.2856925030007684,0.0,-0.024241852136185627,0.31856594156468965,0.08102349708330424,0.3690292293219306,0.8499745888247954,0.0,3.0,20.0,0.3
9.221999999999749,0.36426065360528065,-0.01612305632827868,0.36559086848184374,-0.28513815628846556,0.0,-0.02368750542388276,0.3185245517348769,0.08102364908919721,0.36920345249402964,0.8499746203809486,0.0,3.0,20.0,0.3
9.231999999999752,0.3641080764404685,-0.014888230021046275,0.3652756886808628,-0.2843243212757091,0.0,-0.022873670411126312,0.31848360457027125,0.08102379807919617,0.3698007779922011,0.8499746512017153,0.0,3.0,20.0,0.3
9.241999999999756,0.3639617954232583,-0.014280977513039458,0.36493908606129255,-0.28395963191300844,0.0,-0.022508981048425636,0.3184430971897705,0.08102394411313839,0.36983624894238665,0.8499746809991338,0.0,3.0,20.0,0.3
9.251999999999759,0.3638239855608629,-0.013458228916478701,0.3645972718416967,-0.28342610844794924,0.0,-0.021975457583366442,0.318403025005959,0.08100164072320423,0.370164521924523,0.8499747102751741,0.0,3.0,20.0,0.3
9.261999999999762,0.3636949243969866,-0.012774481782905356,0.3642499119480442,-0.2829065072344378,0.0,-0.021455856369854975,0.3183633817396207,0.08099123562286942,0.37055314279044393,0.8499747390141684,0.0,3.0,20.0,0.3
9.271999999999766,0.36356434728074405,-0.013492048241204365,0.3638777885238458,-0.281944879564518,0.0,-0.020494228699935224,0.318324159648203,0.08099202771674346,0.37165844199765896,0.8499747665924184,0.0,3.0,20.0,0.3
9.281999999999769,0.36342118527722084,-0.01485214613050059,0.36348722067537137,-0.2814495138805887,0.0,-0.019998863016005897,0.31828535144781506,0.0809840724794071,0.3721845675200913,0.849974793183812,0.0,3.0,20.0,0.3
9.291999999999772,0.36327029831821805,-0.015431176608468947,0.3631040580378754,-0.28113718733536913,0.0,-0.01968653647078633,0.3182469521026185,0.08085774242276558,0.3724461841800918,0.8499748196013895,0.0,3.0,20.0,0.3
9.301999999999776,0.3631098738517953,-0.016229411473748286,0.36271807832221126,-0.28147792513914166,0.0,-0.02002727427455886,0.3182089582351859,0.0807100020984353,0.3718072040718018,0.8499748455206116,0.0,3.0,20.0,0.3
9.31199999999978,0.3629497959567664,-0.015725861658491807,0.36235946199110064,-0.28167804884000314,0.0,-0.020227397975420336,0.3181713678967369,0.08058162359344274,0.3714502607173681,0.8499748719100222,0.0,3.0,20.0,0.3
9.321999999999782,0.36279819055123025,-0.014927182531174286,0.3620243015397729,-0.28183026018721974,0.0,-0.020379609322636938,0.3181341788659807,0.08053170318220718,0.3713283029515465,0.8499748986755797,0.0,3.0,20.0,0.3
9.331999999999786,0.3626519388757758,-0.01455648894364706,0.3617042637067371,-0.28180472945476154,0.0,-0.020354078590178737,0.31809738726968545,0.08047474042299456,0.3715087942641464,0.8499749255724418,0.0,3.0,20.0,0.3
9.34199999999979,0.36250575319170836,-0.01492207365386437,0.3613945327361627,-0.28171743033047464,0.0,-0.020266779465891838,0.31806098809079564,0.08045622993570863,0.3718736732070492,0.849974952463586,0.0,3.0,20.0,0.3
9.351999999999792,0.362352007156132,-0.015618265869060937,0.3610974802611101,-0.2820009055598781,0.0,-0.02055025469529531,0.31802497637048277,0.08046116493531917,0.3717907436243719,0.8499749794318426,0.0,3.0,20.0,0.3
9.361999999999796,0.36218871329502655,-0.0168481780127034,0.36081107162396714,-0.2820916759534865,0.0,-0.020641025088903697,0.3179893484428542,0.08047247397020153,0.37203507638663924,0.8499750064292698,0.0,3.0,20.0,0.3
9.3719999999998,0.36201770608428996,-0.017200693830624232,0.36055623092580535,-0.2826988659263296,0.0,-0.02124821506174679,0.3179541023661456,0.08048355862660851,0.37158837842738235,0.8499750341356626,0.0,3.0,20.0,0.3
9.381999999999802,0.36184414907295753,-0.01742647418660672,0.36032778341968846,-0.28311548653552426,0.0,-0.021664835670941462,0.3179192374330698,0.08049442335635236,0.37143186309940857,0.8499750624201781,0.0,3.0,20.0,0.3
9.391999999999806,0.36167070658752265,-0.017308261392617354,0.36013079366891637,-0.2836654977242388,0.0,-0.022214846859656023,0.31788475314303316,0.08050507252291855,0.37110277020962723,0.8499750914732215,0.0,3.0,20.0,0.3
9.40199999999981,0.3614934723876387,-0.018172188539537174,0.35994536659690124,-0.2834559271718732,0.0,-0.022005276307290378,0.317850648779946,0.08051551040321824,0.37184153358199656,0.849975120691223,0.0,3.0,20.0,0.3
9.411999999999813,0.36130458182331493,-0.019358448036753666,0.35977398072353517,-0.2839274157243347,0.0,-0.02247676485975192,0.31781692414324925,0.08052574118930587,0.3716195572883113,0.8499751501628068,0.0,3.0,20.0,0.3
9.421999999999816,0.3611077483972391,-0.020005724276996907,0.35962924526921297,-0.2843259027025143,0.0,-0.022875251837931487,0.31778358073045715,0.08053576899006291,0.3714825874771064,0.849975180309435,0.0,3.0,20.0,0.3
9.43199999999982,0.3608988099096227,-0.02129232932861604,0.3594915150496928,-0.2848253270545209,0.0,-0.023374676189938104,0.3177506213333703,0.08054559783284797,0.37117721406034176,0.849975210526157,0.0,3.0,20.0,0.3
9.441999999999823,0.3606869156589987,-0.021371051773240272,0.3593889625368098,-0.28496198236102627,0.0,-0.023511331496443466,0.31771805022145083,0.08055523166511429,0.3713444150248596,0.849975241729483,0.0,3.0,20.0,0.3
9.451999999999826,0.3604655782980179,-0.022590570253994916,0.35928440296889813,-0.28506864250437053,0.0,-0.023617991639787728,0.31768587202448934,0.08056467435599513,0.37151029916045375,0.8499752727584315,0.0,3.0,20.0,0.3
9.46199999999983,0.3602335348317947,-0.023505106962096352,0.3591928815909906,-0.28536888998949916,0.0,-0.023918239124916363,0.31765409234252173,0.08057392969785762,0.37135359185319283,0.849975304094967,0.0,3.0,20.0,0.3
9.471999999999833,0.3599928279008857,-0.024262583225114192,0.35911088358188,-0.2857321357984079,0.0,-0.024281484933825093,0.31762271807890674,0.08058300140782598,0.37105106666405085,0.8499753356401009,0.0,3.0,20.0,0.3
9.481999999999836,0.35975193285028323,-0.0239907404298652,0.35905228633244857,-0.2858998304037431,0.0,-0.024449179539160315,0.31759175684842356,0.08059189312927427,0.3709608474491236,0.8499753678509043,0.0,3.0,20.0,0.3
9.49199999999984,0.3595193434875447,-0.02256443383583497,0.3590212073290172,-0.2868387162758999,0.0,-0.025388065411317107,0.3175612154772104,0.08060060843328971,0.3697280437007179,0.8499754008806016,0.0,3.0,20.0,0.3
9.501999999999843,0.35930714156193266,-0.020566676418947404,0.35901509862423586,-0.2869483891777677,0.0,-0.025497738313184914,0.3175310981710687,0.0805990566190729,0.3695848328036322,0.8499754346825605,0.0,3.0,20.0,0.3
9.511999999999846,0.35911054201125303,-0.019007653432577282,0.3590142848911803,-0.2873830493285363,0.0,-0.02593239846395351,0.317501404868817,0.08060762979487526,0.36893665093849803,0.8499754686460651,0.0,3.0,20.0,0.3
9.52199999999985,0.3589317796705768,-0.017306193491799324,0.35902464403403095,-0.2872578954004537,0.0,-0.02580724453587091,0.31747213189316126,0.08061603287339383,0.3690142035456897,0.8499755029693072,0.0,3.0,20.0,0.3
9.531999999999853,0.35876247440978754,-0.01673573122239983,0.3590209682408082,-0.2870144348330629,0.0,-0.02556378396848008,0.31744327220812235,0.08057133627641448,0.3691637056863404,0.849975536852959,0.0,3.0,20.0,0.3
9.541999999999856,0.35859689785794197,-0.016563956997681442,0.3590059886752296,-0.28653529670534506,0.0,-0.025084645840762254,0.3174148169268345,0.08051719839092755,0.3695670054041045,0.8499755703710592,0.0,3.0,20.0,0.3
9.55199999999986,0.3584310712944775,-0.01648300182013722,0.3589784114811917,-0.28662336326685783,0.0,-0.025172712402275033,0.3173867566963243,0.08041968456944629,0.36908220220528665,0.8499756034673854,0.0,3.0,20.0,0.3
9.561999999999863,0.3582671753346981,-0.01633157688653384,0.3589395822065764,-0.28613332421488535,0.0,-0.024682673350302553,0.3173590823351691,0.08042040480472873,0.36943862699157615,0.8499756361746652,0.0,3.0,20.0,0.3
9.571999999999866,0.3581089018195778,-0.015457343105981531,0.3588985189930574,-0.28611146458989967,0.0,-0.024660813725316866,0.3173317845578312,0.08041687179516557,0.36911725799057027,0.8499756687686686,0.0,3.0,20.0,0.3
9.58199999999987,0.35796188993901334,-0.014075280485395004,0.35885474290181213,-0.2860963615267069,0.0,-0.02464571066212412,0.31730485325185603,0.08028817770540127,0.3686564937151816,0.849975701231316,0.0,3.0,20.0,0.3
9.591999999999873,0.3578316845820127,-0.012581519743268613,0.3588057626852525,-0.28558190242685416,0.0,-0.02413125156227136,0.3172782763920792,0.0800972278609225,0.36877777431965475,0.849975733484115,0.0,3.0,20.0,0.3
9.601999999999876,0.3577122900636158,-0.011282481992304621,0.3587426613228752,-0.28562208548940277,0.0,-0.024171434624819965,0.3172520394789388,0.07993732642783148,0.36812415527573095,0.8499757652279779,0.0,3.0,20.0,0.3
9.61199999999988,0.35760668939191986,-0.010021733033429778,0.358669151337014,-0.2852647829311147,0.0,-0.02381413206653188,0.3172261263179517,0.07978858438196124,0.36805762700554623,0.8499757965728231,0.0,3.0,20.0,0.3
9.621999999999883,0.3575139149739794,-0.008889060893950244,0.35858345209190867,-0.28465187610190595,0.0,-0.023201225237323153,0.3172005189139969,0.07960112699965452,0.36828887811456645,0.849975827450362,0.0,3.0,20.0,0.3
9.631999999999886,0.3574271753875815,-0.008178918248678228,0.3584775137556927,-0.28450094469409537,0.0,-0.02305029382951257,0.3171751978994108,0.07938206306514223,0.3678667382825819,0.8499758575842395,0.0,3.0,20.0,0.3
9.64199999999989,0.3573577839258882,-0.005961539117237038,0.35838492083463036,-0.28454229226474403,0.0,-0.023091641400161234,0.3171501433781162,0.07909484157652957,0.36712035665933307,0.8499758880351774,0.0,3.0,20.0,0.3
9.651999999999893,0.35730451783906336,-0.004985174473027057,0.3582706016796463,-0.2836488309143313,0.0,-0.022198180049748495,0.317125333429366,0.07877033080641248,0.3676581494777277,0.8499759176938714,0.0,3.0,20.0,0.3
9.661999999999896,0.3572576285662326,-0.004583460813305327,0.3581379753422947,-0.2832422159855347,0.0,-0.021791565120951872,0.3171007443528608,0.0784186770604519,0.36752873977518785,0.8499759466448128,0.0,3.0,20.0,0.3
9.6719999999999,0.3572156035558303,-0.00391610388307366,0.357998714631301,-0.28286565209373093,0.0,-0.021415001229148134,0.3170763525348147,0.0780579799569015,0.3673760692557253,0.8499759752412948,0.0,3.0,20.0,0.3
9.681999999999903,0.357179905005548,-0.0033914803067715098,0.35785068567636247,-0.2825930222318948,0.0,-0.021142371367312007,0.3170521347671926,0.07770770426824972,0.36712704841921695,0.8499760034100905,0.0,3.0,20.0,0.3
9.691999999999906,0.35714383439085295,-0.003812607788698883,0.3576811940460395,-0.282020545847646,0.0,-0.02056989498306322,0.31702806813342793,0.07732286804372408,0.367300240718594,0.8499760307344717,0.0,3.0,20.0,0.3
9.70199999999991,0.35710890192379713,-0.00305314743170252,0.3575211528379817,-0.2822761003134683,0.0,-0.02082544944888548,0.3170041311144573,0.0769123871551088,0.36634435158528356,0.8499760581796498,0.0,3.0,20.0,0.3
9.711999999999913,0.3570771166350483,-0.0034502484025692413,0.35734432822652895,-0.28146698619444127,0.0,-0.02001633532985847,0.31698030324546106,0.07650940216968297,0.3669333566945221,0.8499760849214969,0.0,3.0,20.0,0.3
9.721999999999916,0.35704326085596555,-0.0033306812431579784,0.35717123446325205,-0.28165083263396423,0.0,-0.02020018176938143,0.3169565648859649,0.07608424241258868,0.3661515874938732,0.8499761115941347,0.0,3.0,20.0,0.3
9.73199999999992,0.35700809785719934,-0.0036155103815536417,0.3569930527378143,-0.2814178226728406,0.0,-0.0199671718082578,0.3169328979594922,0.07573209298034918,0.36606290714631606,0.8499761379207521,0.0,3.0,20.0,0.3
9.741999999999923,0.356963980049393,-0.004973617168759804,0.356798303755857,-0.28082869178508896,0.0,-0.019378040920506157,0.31690928592757095,0.07543185732022198,0.3665877542347371,0.849976163528599,0.0,3.0,20.0,0.3
9.751999999999926,0.3569058755012022,-0.006478641985977699,0.35659775462069015,-0.2804118532082023,0.0,-0.018961202343619477,0.31688571501996576,0.0751163983402957,0.3669058307465648,0.8499761887452911,0.0,3.0,20.0,0.3
9.76199999999993,0.3568285993620612,-0.008385395657364587,0.35638661477196315,-0.28025647415530924,0.0,-0.018805823290726442,0.3168621751636726,0.07475997826116525,0.36685553068854215,0.8499762134080568,0.0,3.0,20.0,0.3
9.771999999999933,0.35673479850194173,-0.010305432522424076,0.35617355450316157,-0.2795218287872833,0.0,-0.01807117792270052,0.31683866044267106,0.07441246817478382,0.3676419101264379,0.8499762377899124,0.0,3.0,20.0,0.3
9.781999999999936,0.35661457173325684,-0.012952917527360181,0.3559440061092943,-0.2794568670113584,0.0,-0.01800621614677561,0.31681516887887146,0.07408165976111206,0.36754147543705296,0.8499762614140653,0.0,3.0,20.0,0.3
9.79199999999994,0.3564771481519039,-0.013986185492806998,0.35573574345306513,-0.279942892125486,0.0,-0.01849224126090321,0.3167917033527818,0.07382201903806743,0.3667479843937663,0.8499762854772949,0.0,3.0,20.0,0.3
9.801999999999943,0.35633025467890517,-0.015535056625522528,0.3555274760080556,-0.2790859864688656,0.0,-0.01763533560428282,0.316768269877871,0.07365317906757363,0.3679487436286938,0.8499763093264318,0.0,3.0,20.0,0.3
9.811999999999946,0.35615800588904867,-0.018570534451103904,0.35529614840453194,-0.27842541879449884,0.0,-0.016974767929916035,0.3167448763505887,0.0734428726845646,0.36886223408316177,0.8499763322152895,0.0,3.0,20.0,0.3
9.82199999999995,0.35594920918481904,-0.02236028501825327,0.35504356350668,-0.27794530524277855,0.0,-0.01649465437819575,0.31672153497061595,0.07328912241044229,0.36954934957609675,0.8499763541758665,0.0,3.0,20.0,0.3
9.831999999999953,0.3557030443100068,-0.025999011139365546,0.35478052554673345,-0.27758443635348085,0.0,-0.016133785488898045,0.3166982639848216,0.07319802671144847,0.3701338305152948,0.8499763755338858,0.0,3.0,20.0,0.3
9.841999999999956,0.35543504426159167,-0.02732175238501309,0.3545450040568243,-0.2779978912333603,0.0,-0.01654724036877747,0.3166750873501641,0.07310524493189871,0.36961884896870545,0.8499763974967841,0.0,3.0,20.0,0.3
9.85199999999996,0.35515423906704513,-0.028479920492644004,0.35431442306457633,-0.2780940014773715,0.0,-0.01664335061278871,0.316652031754272,0.072955650760698,0.36947553934454547,0.8499764193688426,0.0,3.0,20.0,0.3
9.861999999999963,0.3548656366274529,-0.02930307283102989,0.3540930919429031,-0.2778549989681704,0.0,-0.016404348103587596,0.3166291244257247,0.07283848184460082,0.369801593679694,0.8499764412968526,0.0,3.0,20.0,0.3
9.871999999999966,0.3545619753519635,-0.03105286754737568,0.3538581178753825,-0.27758476441464347,0.0,-0.01613411355006067,0.31660639244734406,0.07272188239003118,0.37012370699055364,0.8499764625523272,0.0,3.0,20.0,0.3
9.88199999999997,0.35424238638160227,-0.032272446467060664,0.3536259110139914,-0.2775194811394866,0.0,-0.0160688302749038,0.3165838637314623,0.07273794453629849,0.3702480376716415,0.8499764836460317,0.0,3.0,20.0,0.3
9.891999999999973,0.353915293677422,-0.032934692567496926,0.35340071652437877,-0.2773758796882908,0.0,-0.015925228823708004,0.31656156704311167,0.07281537783943554,0.3705194065565649,0.8499765047214114,0.0,3.0,20.0,0.3
9.901999999999976,0.3535860695493314,-0.03263072323500581,0.3531894772747559,-0.27785358194826737,0.0,-0.01640293108368457,0.31653953054465983,0.07294703278422036,0.3699326502384054,0.8499765260046928,0.0,3.0,20.0,0.3
9.91199999999998,0.3532679377456248,-0.031128518368230777,0.35300227333212186,-0.27813891241563526,0.0,-0.016688261551052463,0.31651778051204865,0.07309537000015194,0.36960539929565395,0.8499765478369309,0.0,3.0,20.0,0.3
9.921999999999983,0.35296659696372773,-0.029638707911112342,0.3528254163388412,-0.2778724209017418,0.0,-0.016421770037159,0.3164963391570017,0.07324491350418559,0.3700154890130699,0.8499765698063912,0.0,3.0,20.0,0.3
9.931999999999986,0.3526778604216379,-0.02841453442956098,0.35265084199207397,-0.27809279247091995,0.0,-0.016642141606337146,0.3164752238402341,0.07339674965492818,0.3697127238928397,0.8499765916617914,0.0,3.0,20.0,0.3
9.94199999999999,0.352403240470833,-0.026508616044976924,0.3524900920260916,-0.2785657514798226,0.0,-0.017115100615239798,0.3164544479294411,0.07354234008283976,0.36902272223179666,0.8499766137730747,0.0,3.0,20.0,0.3
9.951999999999993,0.3521542513811595,-0.023956783984143554,0.35234916493599905,-0.27848252904381876,0.0,-0.01703187817923596,0.31643402059768727,0.0736258484952108,0.36902762543507417,0.849976636354348,0.0,3.0,20.0,0.3
9.961999999999996,0.35192751997352256,-0.021930644830655318,0.35220933472685345,-0.27833013167601695,0.0,-0.016879480811434144,0.31641394542298457,0.07370606223346514,0.36909087478271607,0.8499766588222818,0.0,3.0,20.0,0.3
9.972,0.35171659339871736,-0.02064898338772483,0.3520623111223596,-0.2781135182855374,0.0,-0.016662867420954575,0.31639422109957244,0.07381528069135289,0.3692730869552464,0.8499766809124396,0.0,3.0,20.0,0.3
9.982000000000003,0.3515168685640536,-0.01954404028573376,0.3519114990497123,-0.2778505828578143,0.0,-0.016399931993231476,0.3163748430232531,0.07382168194929331,0.3694092437100115,0.8499767027250924,0.0,3.0,20.0,0.3
9.992000000000006,0.3513257726907951,-0.018991527617529848,0.35174979049738775,-0.2773559070930584,0.0,-0.015905256228475606,0.3163558043608442,0.07383098368886985,0.3698428508199695,0.8499767240305839,0.0,3.0,20.0,0.3
