t,df_hz,rocof_hz_s,dfv_hz,p_vsg_mw,p_pv_support_mw,p_bess_mw,p_diesel_mw,p_wind_mw,p_load_mw,soc,sat_mw,H_v,D_v,alpha
0.002,0.0,0.0,0.0,0.0,0.0,0.06453125010656707,0.425,0.37862863657576173,0.8681598866823288,0.3409728780249555,0.0,3.0,20.0,0.3
0.012,-3.059971168488516e-06,-0.00034124596394488724,-6.5268641188804575e-06,-9.372999434626687e-05,0.0,0.0644375201122208,0.4250000000770954,0.37862863657576173,0.8680281678463575,0.340972783447583,0.0,3.0,20.0,0.3
0.022000000000000006,-9.628153221696078e-06,-0.0009911415695561996,-1.9482708467742965e-05,0.00029473821941721504,0.0,0.06482598832598428,0.42500000077357475,0.3786173773118121,0.8685593300521458,0.34097268863705926,0.0,3.0,20.0,0.3
0.032000000000000015,-1.5772749854373155e-05,-0.0005591302707672316,-1.8231854828440975e-05,0.00025453369299906057,0.0,0.06478578379956614,0.4250000032613969,0.3786047598070711,0.8685008047640261,0.3409725943163067,0.0,3.0,20.0,0.3
0.04200000000000002,-2.550323568942217e-05,-0.0011955729703945724,-3.332773119461763e-05,0.0002035647448927304,0.0,0.06473481485145981,0.4250000087298915,0.3785828162851803,0.8683911443874501,0.34097249941433716,0.0,3.0,20.0,0.3
0.05200000000000003,-4.249678303626532e-05,-0.001970227363557173,-5.5369234582081344e-05,0.0005807251927103693,0.0,0.06511197529927744,0.4250000189119306,0.3785837253890118,0.8689142644690683,0.34097240424760444,0.0,3.0,20.0,0.3
0.06200000000000004,-6.318880093919445e-05,-0.002221011423321919,-7.341768866503871e-05,0.0007497063851928393,0.0,0.06528095649175991,0.4250000367281589,0.3785831082716961,0.8691417143591929,0.34097230919811,0.0,3.0,20.0,0.3
0.07200000000000005,-8.58577831674222e-05,-0.0021190372904978548,-8.858184043247936e-05,0.000274440432517142,0.0,0.06480569053908422,0.42500006568592086,0.3785840115823287,0.8684661587204323,0.3409722142274047,0.0,3.0,20.0,0.3
0.08200000000000006,-0.00011119347796395333,-0.0026543148791639817,-0.00011421193619675758,0.0004680871947635048,0.0,0.06499933730133058,0.42500010941342675,0.3785848969707013,0.8687246671003327,0.3409721188675847,0.0,3.0,20.0,0.3
0.09200000000000007,-0.00013625811735105386,-0.002136207597127008,-0.00012656922979070658,0.00014978394266486233,0.0,0.06468103404923194,0.42500017175578747,0.37858576479240313,0.8682637726863427,0.34097202394783105,0.0,3.0,20.0,0.3
0.10200000000000008,-0.00015877317747684113,-0.0024551128056528593,-0.00014855267350622693,0.0008021496208720531,0.0,0.06533339972743912,0.4250002562197004,0.3785866153959681,0.8691606534717774,0.3409719286757237,0.0,3.0,20.0,0.3
0.11200000000000009,-0.0001823896503112303,-0.002129121911309086,-0.00016366072600693007,0.000490311751566988,0.0,0.06502156185813406,0.4250003657202794,0.37858744912301506,0.8687055623412497,0.34097183361897326,0.0,3.0,20.0,0.3
0.1220000000000001,-0.00020455944932223295,-0.0022239148436533525,-0.0001839327307151158,0.00033177349656767684,0.0,0.06486302360313476,0.42500050299037667,0.37858826630838477,0.8684641775588088,0.34097173836264044,0.0,3.0,20.0,0.3
0.1320000000000001,-0.0002224855710053995,-0.0017210579867600205,-0.0001943337880543937,0.0006846092590842108,0.0,0.06521585936565129,0.42500067024677984,0.3785890672802749,0.8689383304633291,0.340971643435551,0.0,3.0,20.0,0.3
0.1420000000000001,-0.0002368888646042714,-0.0009113970372925914,-0.00019912930660664498,-0.00018898165191474288,0.0,0.06434226845465232,0.4250008689033843,0.3785898523603711,0.8676957873879633,0.340971548690159,0.0,3.0,20.0,0.3
0.1520000000000001,-0.00023183890644759672,0.0014156045639211333,-0.00017161867900656144,-0.0006988976147440196,0.0,0.06383235249182305,0.4250010991194848,0.3785906218639768,0.8669661672361783,0.34097145509038446,0.0,3.0,20.0,0.3
0.16200000000000012,-0.00020375305316404325,0.004028186704519837,-0.00012508210284055695,-0.001398132282292518,0.0,0.06313311782427455,0.4250013575721371,0.37859137610013943,0.8659788229264115,0.34097136219592544,0.0,3.0,20.0,0.3
0.17200000000000013,-0.00015062237699786215,0.005939783959483347,-7.059749551455909e-05,-0.0012798725670484738,0.0,0.0632513775395186,0.42500163652369555,0.37859211537177484,0.8661468626359802,0.3409712696440129,0.0,3.0,20.0,0.3
0.18200000000000013,-8.096865784062888e-05,0.007692381050419518,-6.705505505374011e-06,-0.0016377480374849544,0.0,0.06289350206908212,0.42500192416017046,0.3785928399757888,0.8656599274650635,0.34097117748760086,0.0,3.0,20.0,0.3
0.19200000000000014,2.5740110726148237e-06,0.008864624097665863,5.9811415833073786e-05,-0.0018914645981333207,0.0,0.06263978550843376,0.425002206109542,0.3785935502031963,0.8653318308355735,0.3409710854994378,0.0,3.0,20.0,0.3
0.20200000000000015,0.00010254405544572547,0.010602220438676428,0.00014603909925011595,-0.002116802873853927,0.0,0.062414447232713145,0.4250024661432912,0.37859424633923844,0.8650577728439225,0.3409709942914622,0.0,3.0,20.0,0.3
0.21200000000000016,0.00021572380929316527,0.011743018144851554,0.00023535608908194092,-0.0023545285716318485,0.0,0.062176721534935225,0.425002686117039,0.3785949286634968,0.8647818270314026,0.3409709032936393,0.0,3.0,20.0,0.3
0.22200000000000017,0.0003278869025720971,0.01066489747803432,0.00029760228486201354,-0.0016488139887701101,0.0,0.06288243611779697,0.42500284669869715,0.3785955974500061,0.8658406883627652,0.3409708114406984,0.0,3.0,20.0,0.3
0.23200000000000018,0.00042754276503509766,0.009121999774013862,0.0003480277309249536,-0.0009228010232594834,0.0,0.0636084490833076,0.4250029300749219,0.3785962529673638,0.8669378484194346,0.3409707192420097,0.0,3.0,20.0,0.3
0.2420000000000002,0.0005011869645196856,0.006468495560123494,0.000369411941165637,-0.0009738610270684932,0.0,0.06355738907949858,0.42500292231821357,0.3785968954788385,0.8669520433391315,0.34097062606427114,0.0,3.0,20.0,0.3
0.25200000000000017,0.000555195640983005,0.005064748693833654,0.00039692588744116733,-0.0014472535014880964,0.0,0.06308399660507898,0.42500281512248295,0.37859752524247514,0.8663762588766183,0.34097053312777,0.0,3.0,20.0,0.3
0.2620000000000002,0.0006042600544594515,0.0045292725885426105,0.00043596582443849297,-0.000983267423800961,0.0,0.06354798268276611,0.42500260449275423,0.378598142511199,0.867113866734017,0.34097044063871523,0.0,3.0,20.0,0.3
0.2720000000000002,0.0006437240797868849,0.003924662840771585,0.0004712024590898307,-0.0015233889154822656,0.0,0.06300786119108481,0.4250022882502588,0.37859874753291717,0.8664442978843352,0.3409703480540677,0.0,3.0,20.0,0.3
0.2820000000000002,0.0006820653606685924,0.003578091619070273,0.00051262893945512,-0.0012014714651935653,0.0,0.06332977864137351,0.42500186590233774,0.37859934055061795,0.8669794995987068,0.340970255735939,0.0,3.0,20.0,0.3
0.2920000000000002,0.000713548503248736,0.003076036067440625,0.0005507321032310623,-0.0015708614407699815,0.0,0.06296038866579709,0.4250013376936955,0.3785999218024688,0.8665423399796565,0.3409701633443173,0.0,3.0,20.0,0.3
0.3020000000000002,0.0007475625956183553,0.003601097760033026,0.0006070031417494117,-0.001879374596159838,0.0,0.06265187551040724,0.4250007049180545,0.37860049152191166,0.8661854477502947,0.34097007164480325,0.0,3.0,20.0,0.3
0.3120000000000002,0.0007857626078034955,0.003995224988937572,0.000667321330508714,-0.001890931754306385,0.0,0.0626403183522607,0.4249999685961353,0.3786010499377569,0.8662393258137011,0.3409699801546013,0.0,3.0,20.0,0.3
0.32200000000000023,0.000825221195206866,0.0041263660129326925,0.0007275934055485419,-0.0023817287526294965,0.0,0.06214952135393757,0.4249991290120946,0.37860159727427506,0.8656162780772705,0.34096988873189965,0.0,3.0,20.0,0.3
0.33200000000000024,0.0008624974438447596,0.0034124527055362022,0.0007775407047181007,-0.0018611192279670175,0.0,0.06267013087860006,0.424998186230949,0.37860213375128715,0.8664020724003186,0.3409697970156916,0.0,3.0,20.0,0.3
0.34200000000000025,0.0008986828632453782,0.0039413582044672355,0.0008444301536381217,-0.002511468026135531,0.0,0.06201978208043154,0.4249971408237797,0.3786026595842526,0.8655398123990953,0.340969705957229,0.0,3.0,20.0,0.3
0.35200000000000026,0.0009401726320443794,0.004057532864891918,0.0009109002270067493,-0.0020173259625969786,0.0,0.0625139241439701,0.4249959935112853,0.37860317498435614,0.8662725170649105,0.3409696149662921,0.0,3.0,20.0,0.3
0.36200000000000027,0.0009736100376733834,0.002588915442084811,0.0009521155904497798,-0.001375012410620524,0.0,0.06315623769594655,0.42499474438208956,0.37860368015859247,0.8672032717028288,0.34096952315671525,0.0,3.0,20.0,0.3
0.3720000000000003,0.0009894828232464889,0.0009574227490068192,0.0009793363340395338,-0.0012713804446797014,0.0,0.06325986966188737,0.4249933951393622,0.37860417530984936,0.867366837178335,0.3409694308948218,0.0,3.0,20.0,0.3
0.3820000000000003,0.0009872071512461414,-0.0008979493101947912,0.0009908169311150354,-0.001081801572144057,0.0,0.06344944853442301,0.4249919507203377,0.378604660636989,0.8676357123797938,0.3409693381046083,0.0,3.0,20.0,0.3
0.3920000000000003,0.0009669537409661345,-0.002986153480721928,0.0009859257150041524,-0.00040832702491804646,0.0,0.06412292308164903,0.42499041927224224,0.3786051363349282,0.8685653140696121,0.3409692447491289,0.0,3.0,20.0,0.3
0.4020000000000003,0.0009197818752678604,-0.005982284024199547,0.000949039504411656,0.0005955654067930522,0.0,0.06512681551336012,0.4249888122215437,0.37860560259471643,0.8699376372467968,0.3409691502499137,0.0,3.0,20.0,0.3
0.4120000000000003,0.0008433566007133129,-0.008672897028534748,0.0008933870030807012,0.0006857798359773099,0.0,0.06521702994254439,0.4249871454006452,0.37860605960361265,0.8700077724059526,0.34096905503850367,0.0,3.0,20.0,0.3
0.4220000000000003,0.0007460747351335556,-0.010025561294635874,0.0008372160385780934,0.00025342264568105805,0.0,0.06478467275224813,0.42498543914368775,0.37860650754516056,0.869322378941047,0.34096895973974056,0.0,3.0,20.0,0.3
0.43200000000000033,0.0006469821475621568,-0.009821733440026334,0.0007956225733146843,0.00033505410924239675,0.0,0.06486630421580947,0.42498371626502024,0.37860694659926203,0.8693355346195044,0.3409688648963873,0.0,3.0,20.0,0.3
0.44200000000000034,0.0005516463903882286,-0.009439698863302488,0.0007538016746741976,0.00044982071463949534,0.0,0.06498107082120656,0.4249819986874299,0.3786073769422496,0.8693771686136225,0.3409687699973005,0.0,3.0,20.0,0.3
0.45200000000000035,0.000459368366326235,-0.009171314003903011,0.0007067293379617417,0.0005979815251406677,0.0,0.06512923163170774,0.4249803062086481,0.3786077987469575,0.8694499324261012,0.34096867486257576,0.0,3.0,20.0,0.3
0.46200000000000035,0.0003747535648960569,-0.008013923121615587,0.0006698979477492705,0.00040103735343512516,0.0,0.0649322874600022,0.42497865658127015,0.37860821218279056,0.8690269543994961,0.340968580035772,0.0,3.0,20.0,0.3
0.47200000000000036,0.0002991763121476546,-0.007639868517966473,0.0006222176428332547,0.0010352804242521857,0.0,0.06556653053081926,0.4249770648468989,0.3786086174157926,0.8697592546530496,0.3409684847841994,0.0,3.0,20.0,0.3
0.4820000000000004,0.00021597353063891882,-0.008727461807351782,0.0005430728977093383,0.0014211488450403963,0.0,0.06595239895160747,0.42497554360949824,0.37860901460871305,0.8701357365408662,0.34096838835498033,0.0,3.0,20.0,0.3
0.4920000000000004,0.0001308242343720268,-0.008256908846417423,0.00047517882237143173,0.001271798189154693,0.0,0.06580304829572177,0.42497410559580023,0.3786094039210723,0.8697565366665628,0.3409682922314644,0.0,3.0,20.0,0.3
0.5020000000000003,5.149562677855767e-05,-0.007424242490845171,0.00040844114198458235,0.0010405009903787892,0.0,0.06557175109694587,0.42497276301276266,0.3786097855092257,0.8692607726835245,0.3409681960677898,0.0,3.0,20.0,0.3
0.5120000000000003,-1.765003256894273e-05,-0.00647329372499899,0.00034284034039776446,0.0011651703196108951,0.0,0.06569642042617797,0.4249715259980781,0.37861015952642635,0.869265812049631,0.34096809986821824,0.0,3.0,20.0,0.3
0.5220000000000004,-7.550826615777455e-05,-0.005254499303979178,0.00028134805391192517,0.0010946865451370916,0.0,0.06562593665170416,0.4249704020011456,0.37861052612288687,0.869003926303315,0.34096800373805786,0.0,3.0,20.0,0.3
0.5320000000000004,-0.00012496880444291402,-0.0048355739265383895,0.00020864405633088333,0.0016976430779434898,0.0,0.06622889318451056,0.42496939572907794,0.3786108854458394,0.8696946820207652,0.3409679071393985,0.0,3.0,20.0,0.3
0.5420000000000004,-0.00017060299108056126,-0.004316385114458165,0.0001337816015253749,0.001635838083143053,0.0,0.06616708818971012,0.4249685098813543,0.3786112376395951,0.8694664533694945,0.34096781037727353,0.0,3.0,20.0,0.3
0.5520000000000004,-0.00020744203181497363,-0.0033455222476962503,6.548599176989031e-05,0.0017932646852467436,0.0,0.06632451479181381,0.42496774593553877,0.3786115828456017,0.869560180086895,0.3409677137620623,0.0,3.0,20.0,0.3
0.5620000000000004,-0.0002473172013286516,-0.004430718390140354,-3.593913261341402e-05,0.0024268439968095456,0.0,0.06695809410337662,0.4249671037543058,0.3786119212025007,0.8703368893734217,0.3409676158898292,0.0,3.0,20.0,0.3
0.5720000000000004,-0.00029528166383978614,-0.0047384751332981865,-0.00013652796697128858,0.002355491607692775,0.0,0.06688674171425985,0.42496658358009304,0.37861225284618266,0.8701419186682687,0.34096751792485513,0.0,3.0,20.0,0.3
0.5820000000000004,-0.00034534672909467944,-0.0051449119303506865,-0.0002424846920502438,0.00273888266077675,0.0,0.06727013276734382,0.4249661868798949,0.37861257790984215,0.8706007433163497,0.34096741965397664,0.0,3.0,20.0,0.3
0.5920000000000004,-0.0023503789968946404,-0.3752070714006551,-0.006475345887278488,0.18817096433172853,0.0,0.2527022144382956,0.4249659402379897,0.378612896524031,1.1299042760098206,0.34096710411643083,0.0,3.0,20.0,0.3
0.6020000000000004,-0.00790282227402901,-0.6542312902414226,-0.01400591767868069,0.1888957204017218,0.0,0.2534269705082889,0.4249662575257262,0.3786132088167109,1.1296519349994685,0.3409667344268279,0.0,3.0,20.0,0.3
0.6120000000000004,-0.015449132445791386,-0.8088075430876607,-0.021348459397399135,0.19042153755593655,0.0,0.2549527876625036,0.4249681597147251,0.3786135149133045,1.129494947433363,0.3409663626164566,0.0,3.0,20.0,0.3
0.6220000000000004,-0.024065693116662786,-0.8889996213456146,-0.02854316158575578,0.19272547074699992,0.0,0.257256720853567,0.42497299369918384,0.3786138149367463,1.1294128727185102,0.34096598747689566,0.0,3.0,20.0,0.3
0.6320000000000005,-0.03318173540636083,-0.9221360724739925,-0.035587273408263266,0.1954860088677852,0.0,0.26001725897435224,0.4249822257059232,0.3786141090075313,1.1289984610918924,0.3409656092820985,0.0,3.0,20.0,0.3
0.6420000000000005,-0.04245356366891532,-0.9272717387699629,-0.042529876050307815,0.19825324798085794,0.0,0.262784498087425,0.4249973194940016,0.378614397243764,1.127690820658299,0.34096522645566474,0.0,3.0,20.0,0.3
0.6520000000000005,-0.05163289634961452,-0.9019589652310238,-0.04903966379413585,0.20229451846911908,0.0,0.2668257685756862,0.4250196664509303,0.3786146797612057,1.1273564131192568,0.3409648387663664,0.0,4.0,20.0,0.3
0.6620000000000005,-0.06023287216059762,-0.8341921873969671,-0.054169787227857216,0.20701887434009245,0.0,0.2715501244466595,0.4250505333332115,0.378614956673321,1.1271699863807148,0.34096444466185316,0.0,4.0,20.0,0.3
0.6720000000000005,-0.06823676703738205,-0.779241423019261,-0.05933429988156004,0.21274775304917,0.0,0.27727900315573706,0.425090991390275,0.37861522809132314,1.1276429709491231,0.3409640429360827,0.0,4.0,20.0,0.3
0.6820000000000005,-0.07573877490578891,-0.7314546356246944,-0.06455596798359141,0.21863227765134086,0.0,0.28316352775790793,0.4251419151082431,0.3786154941242187,1.1277333018697027,0.34096363246932637,0.0,4.0,20.0,0.3
0.6920000000000005,-0.08277790690303141,-0.6855871452289043,-0.0698213829684502,0.2242180208539331,0.0,0.2887492709605002,0.4252040119554723,0.3786157548788517,1.1269627734386776,0.34096321382609013,0.0,4.0,20.0,0.3
0.7020000000000005,-0.0893674221953364,-0.64126511116643,-0.07514797078988066,0.23041023210934655,0.0,0.29494148221591365,0.4252778409433194,0.37861601045994614,1.126767791958033,0.34096278613616504,0.0,4.0,20.0,0.3
0.7120000000000005,-0.09551858433962757,-0.5979556159409937,-0.08054248053185031,0.23726783971513013,0.0,0.30179908982169723,0.4253638250593359,0.3786162609701485,1.127402101557009,0.3409623490092678,0.0,4.0,20.0,0.3
0.7220000000000005,-0.10123775296748987,-0.554860390618064,-0.08599814720756893,0.243730974862182,0.0,0.3082622249687491,0.42546226223368155,0.3786165065100684,1.1275537792624508,0.3409619026830416,0.0,4.0,20.0,0.3
0.7320000000000005,-0.10654453332087305,-0.5147469045136158,-0.09154822167800766,0.25078544847533696,0.0,0.31531669858190403,0.4255733350058398,0.37861674717831945,1.1287706144658545,0.34096144551472,0.0,4.0,20.0,0.3
0.7420000000000005,-0.11145239538662013,-0.4750422618747323,-0.09715606117855467,0.257265107842346,0.0,0.3217963579489131,0.42569712154078515,0.3786169830715587,1.1295792847661774,0.340960979124121,0.0,4.0,20.0,0.3
0.7520000000000006,-0.11597484286029777,-0.43739044513419634,-0.10282513850641715,0.26354891066784136,0.0,0.32808016077440844,0.42583360541157883,0.37861721428452544,1.1306635710324722,0.3409605032808273,0.0,4.0,20.0,0.3
0.7620000000000006,-0.1201321003791996,-0.40123145479674727,-0.10853247512720077,0.2686227963365973,0.0,0.3331540464431644,0.4259826847118797,0.3786174409100792,1.1307429376956302,0.3409600189938206,0.0,4.0,20.0,0.3
0.7720000000000006,-0.12392939999218626,-0.36559738331608554,-0.1142361435134116,0.2728020962551362,0.0,0.33733334636170326,0.42614418136330207,0.3786176630392373,1.1303883530250933,0.34095952820390657,0.0,4.0,20.0,0.3
0.7820000000000006,-0.1273785396326679,-0.33144602316432226,-0.11991469965156537,0.2763945704330016,0.0,0.34092582053956866,0.42631784795231153,0.37861788076121095,1.1301457782290454,0.3409590319274927,0.0,4.0,20.0,0.3
0.7920000000000006,-0.1305057577112673,-0.30049040102772867,-0.12555971596214535,0.2793213990414437,0.0,0.3438526491480108,0.4265033750197438,0.37861809416344155,1.1300003443490927,0.3409585305913608,0.0,4.0,20.0,0.3
0.8020000000000006,-0.1333441234379963,-0.2733043094963405,-0.1311511403973742,0.28209617185222635,0.0,0.3466274219587934,0.42670040040958906,0.37861830333163565,1.130744671271338,0.3409580251854968,0.0,4.0,20.0,0.3
0.8120000000000006,-0.1359306706469467,-0.24945153368936,-0.13665799058333053,0.2834738612675281,0.0,0.3480051113740952,0.42690851970506344,0.3786185083497991,1.130686282893371,0.34095751723335255,0.0,4.0,20.0,0.3
0.8220000000000006,-0.13829719660998832,-0.2287072755296712,-0.14204735485208728,0.2836727539170931,0.0,0.3482040040236602,0.42712729644177766,0.3786187093002713,1.1301605958527396,0.34095700838912435,0.0,4.0,20.0,0.3
0.8320000000000006,-0.14048691143752076,-0.21298465663816424,-0.14731670943048883,0.28368679073263386,0.0,0.34821804083920094,0.4273562711590896,0.37861890626375777,1.1305649762714105,0.3409564989097977,0.0,4.0,20.0,0.3
0.8420000000000006,-0.14254575498742547,-0.20185850131158975,-0.15244016534292484,0.28323257528156864,0.0,0.3477638253881357,0.4275949715960763,0.37861909931936294,1.1314829469760965,0.34095599016107564,0.0,4.0,20.0,0.3
0.8520000000000006,-0.14451778371331672,-0.19467083073248917,-0.1573900412777858,0.2811996306692991,0.0,0.34573088077586617,0.4278429229591678,0.37861928854462157,1.1313171501117143,0.3409554836187407,0.0,4.0,20.0,0.3
0.8620000000000007,-0.14644743141020722,-0.192578774397572,-0.16216185728497418,0.27937080699233563,0.0,0.3439020570989027,0.4280996570472827,0.37861947401553014,1.1324995581035169,0.34095497970111766,0.0,4.0,20.0,0.3
0.8720000000000007,-0.14837975848158222,-0.19396919809220953,-0.1667245946982783,0.2755532098340152,0.0,0.3400844599405823,0.4283647210040807,0.37861965580657747,1.1318730347475863,0.3409544800763916,0.0,4.0,20.0,0.3
0.8820000000000007,-0.1503387240687247,-0.1974404724383301,-0.1710414798246799,0.2710045848850374,0.0,0.3355358349916045,0.42863768502267524,0.3786198339907743,1.1310976471497063,0.34095398672964766,0.0,4.0,20.0,0.3
0.8920000000000007,-0.1523439988192549,-0.2029880337508323,-0.17509379103982597,0.26586905531503846,0.0,0.33040030542160553,0.4289181461394123,0.37862000863968287,1.1302612222342492,0.3409535008352194,0.0,4.0,20.0,0.3
0.9020000000000007,-0.15443156258256185,-0.21289206794340187,-0.178903583990617,0.2609263307652641,0.0,0.3254575808718312,0.42920573104096293,0.3786201798234455,1.1303253151712238,0.34095302166010566,0.0,4.0,20.0,0.3
0.9120000000000007,-0.15664162289196487,-0.2267550381107792,-0.1824719995514525,0.2561967085202779,0.0,0.320727958626845,0.42950010109115855,0.37862034761081287,1.131172723562785,0.34095254943582765,0.0,4.0,20.0,0.3
0.9220000000000007,-0.1589958401141709,-0.24135739017590502,-0.1857644135343099,0.25005964118893614,0.0,0.3145908912955032,0.4298009579025096,0.3786205120691718,1.1303813283951087,0.34095208607737437,0.0,4.0,20.0,0.3
0.9320000000000007,-0.16150787716361656,-0.25792509456627666,-0.18879744232478624,0.24418697047667678,0.0,0.30871822058324383,0.43010804523920854,0.3786206732645718,1.1301369814776114,0.34095163112552507,0.0,4.0,20.0,0.3
0.9420000000000007,-0.16419162586040623,-0.2755013836447601,-0.19157049907048632,0.2384594042681703,0.0,0.3029906543747374,0.43042114917261104,0.3786208312617522,1.130113748874392,0.3409511849112864,0.0,4.0,20.0,0.3
0.9520000000000007,-0.16705728865457872,-0.2942370893979716,-0.19409983436079936,0.23301403487724895,0.0,0.29754528498381605,0.430740098089086,0.3786209861241676,1.1303459865560967,0.34095074697281225,0.0,4.0,20.0,0.3
0.9620000000000007,-0.17011434752574695,-0.31348853817957034,-0.19639906903572493,0.2274922557191522,0.0,0.29202350582571923,0.43106476205507127,0.3786211379140137,1.130176230357328,0.34095031694939326,0.0,4.0,20.0,0.3
0.9720000000000008,-0.1733593772479188,-0.3317047692408216,-0.19847033041129905,0.221964871801914,0.0,0.28649612190848106,0.4313950517828954,0.3786212866922523,1.1295561858514402,0.3409498950082431,0.0,4.0,20.0,0.3
0.9820000000000008,-0.17678347982073322,-0.3494032709851062,-0.2003412015074393,0.21754724616794338,0.0,0.2820784962745104,0.4317309154026093,0.37862143251863567,1.129911548324685,0.3409494801157509,0.0,4.0,20.0,0.3
0.9920000000000008,-0.1803815082663139,-0.366363443914902,-0.20203860166058699,0.21330388011125856,0.0,0.27783513021782563,0.4320723344105446,0.3786215754517304,1.1298068838711364,0.3409490712329341,0.0,4.0,20.0,0.3
1.0020000000000007,-0.18412877534624317,-0.37997367145196415,-0.20355585725892636,0.2092252212288775,0.0,0.27375647133544456,0.43241932000765904,0.3786217155489413,1.1291200471908596,0.3409486688790088,0.0,4.0,20.0,0.3
1.0120000000000007,-0.18799600461990937,-0.39087412362701096,-0.20492336088924076,0.2058954896905662,0.0,0.2704267397971333,0.4327719066429746,0.37862185286653405,1.1285804015660919,0.3409482718287755,0.0,4.0,20.0,0.3
1.0220000000000007,-0.19196305104995456,-0.40025629676368296,-0.2061860287715094,0.20399325164434276,0.0,0.2685245017509098,0.43313014484943524,0.3786219874596581,1.1290660800242276,0.3409478781362904,0.0,4.0,20.0,0.3
1.0320000000000007,-0.1960023589897609,-0.40581304291001286,-0.20734766918982947,0.20156383245454693,0.0,0.266095082561114,0.43349409594223515,0.3786221193823685,1.1277873156326272,0.3409474877410466,0.0,4.0,20.0,0.3
1.0420000000000007,-0.20007177547135108,-0.4076104121070612,-0.20843077585490527,0.20107695725233118,0.0,0.26560820735889823,0.43386382572553045,0.3786222486876481,1.1281742452382988,0.340947099704177,0.0,4.0,20.0,0.3
1.0520000000000007,-0.20415114442525803,-0.40780782669604715,-0.2094944147940354,0.2014036104111244,0.0,0.26593486051769144,0.43423939670354145,0.3786223754274283,1.1286361997213497,0.34094671132174337,0.0,4.0,20.0,0.3
1.0620000000000007,-0.20821990300845344,-0.40584721015465625,-0.21056665481271414,0.20287387314768035,0.0,0.2674051232542474,0.4346208637395491,0.3786224996526104,1.1296432801446903,0.3409463212914957,0.0,4.0,20.0,0.3
1.0720000000000007,-0.212248506663532,-0.40036699626679745,-0.2116597852812891,0.20438339853840726,0.0,0.26891464864497433,0.43500827047362356,0.3786226214130855,1.1296785586544966,0.34094592902151327,0.0,4.0,20.0,0.3
1.0820000000000007,-0.21619848077993392,-0.39088952513360126,-0.21278816479470408,0.20669960738191712,0.0,0.2712308574884842,0.4354016442978434,0.37862274075775504,1.1298683067998474,0.3409455338088597,0.0,4.0,20.0,0.3
1.0920000000000007,-0.22002938095632374,-0.37746189274943986,-0.213967550374478,0.20963669279303132,0.0,0.2741679428995984,0.4358009900662296,0.37862285773455007,1.1300251506785588,0.3409451348683864,0.0,4.0,20.0,0.3
1.1020000000000008,-0.22371076747507004,-0.36154686509049305,-0.21523136424930087,0.21355082574868683,0.0,0.2780820758552539,0.4362062839276572,0.37862297239045073,1.130737532385507,0.340944730561326,0.0,4.0,20.0,0.3
1.1120000000000008,-0.22721490809385694,-0.34255036734134575,-0.21658719947593905,0.217834629483379,0.0,0.2823658795899461,0.43661746923096556,0.37862308477150514,1.131259076097262,0.34094432042827094,0.0,4.0,20.0,0.3
1.1220000000000008,-0.23051606415936238,-0.32149379901731795,-0.2180565102325352,0.22267799865401916,0.0,0.28720924876058623,0.43703445337633967,0.37862319492284763,1.131974043397261,0.3409439033495296,0.0,4.0,20.0,0.3
1.1320000000000008,-0.23358805863899829,-0.29735269206093967,-0.2196321309382995,0.22740929572738228,0.0,0.29194054583394935,0.4374571052909283,0.37862330288871715,1.1320712628737992,0.34094347952890636,0.0,4.0,20.0,0.3
1.1420000000000008,-0.2364096206404044,-0.271724566701984,-0.22133282548363964,0.23272678736911614,0.0,0.29725803747568325,0.4378852531775445,0.37862340871247485,1.1326674252500288,0.34094304795588537,0.0,4.0,20.0,0.3
1.1520000000000008,-0.2389587043657845,-0.24349650078241353,-0.2231405636819148,0.2375155611438357,0.0,0.3020468112504028,0.43831868311744554,0.37862351243662157,1.1323464034366164,0.3409426093355127,0.0,4.0,20.0,0.3
1.1620000000000008,-0.24121427209862498,-0.21319910903034103,-0.22504967749699842,0.24174764007113675,0.0,0.3062788901777038,0.4387571379402719,0.37862361410281503,1.1312192801216243,0.3409421638078051,0.0,4.0,20.0,0.3
1.1720000000000008,-0.24316276790017433,-0.18306542715735033,-0.22707136239561898,0.24780690194891766,0.0,0.31233815205548476,0.4392003162278769,0.37862371375188625,1.132775077545316,0.3409417107343044,0.0,4.0,20.0,0.3
1.1820000000000008,-0.24480771158410675,-0.15179851402455846,-0.22918162764957853,0.2513385795690344,0.0,0.31586982967560145,0.4396478734343044,0.3786238114238562,1.1310607741589136,0.3409412511023213,0.0,4.0,20.0,0.3
1.1920000000000008,-0.24614050481877475,-0.1208906551559974,-0.23137406690546136,0.25571817296633825,0.0,0.3202494230729053,0.44009942498828664,0.37862390715795197,1.1309455144880751,0.3409407851198833,0.0,4.0,20.0,0.3
1.2020000000000008,-0.24716700122814117,-0.0906584018059626,-0.23363221341623383,0.25959981193841986,0.0,0.32413106204498693,0.4405545482446512,0.3786240009926221,1.1306777779475752,0.34094031346803993,0.0,4.0,20.0,0.3
1.2120000000000009,-0.24790598272812844,-0.06295362681220038,-0.23595918401952562,0.2633133869754656,0.0,0.32784463708203265,0.4410127865792692,0.37862409296555244,1.1308395368772084,0.34093983592217914,0.0,4.0,20.0,0.3
1.2220000000000009,-0.2483782490989221,-0.0369173730259062,-0.2383247530020025,0.2663119027065988,0.0,0.3308431528131659,0.44147365557855056,0.37862418311368107,1.1307695482946876,0.34093935382794577,0.0,4.0,20.0,0.3
1.2320000000000009,-0.24860583260445704,-0.013549537898006805,-0.24071621234969537,0.2686548482673805,0.0,0.3331860983739476,0.4419366493923022,0.37862427147321326,1.1306413123501855,0.34093886774206056,0.0,4.0,20.0,0.3
1.2420000000000009,-0.2486084322641807,0.00818346428354622,-0.24309387551937955,0.269937660237399,0.0,0.3344689103439661,0.44240124684217014,0.3786243580796359,1.1299615084378247,0.34093837950956374,0.0,4.0,20.0,0.3
1.252000000000001,-0.2484291234291861,0.02038401968708966,-0.2456166633136812,0.2711248765610308,0.0,0.33565612666759786,0.44286691713907217,0.37862444296773184,1.1301348051384803,0.3409378890322913,0.0,3.0,20.0,0.3
1.262000000000001,-0.24825715985003619,0.01626417501588654,-0.2486778824903117,0.2708578134376135,0.0,0.3353890635441806,0.4433331324621153,0.3786245261715937,1.1293414847266843,0.3409373985636275,0.0,3.0,20.0,0.3
1.272000000000001,-0.2480869984259779,0.017878495936847396,-0.25162039513553186,0.27016205866816045,0.0,0.3346933087747275,0.44379939720868067,0.37862460772463785,1.1290593627199308,0.34093690873430826,0.0,3.0,20.0,0.3
1.282000000000001,-0.2478891086537534,0.021230176467531246,-0.2544203489792276,0.2687695558134616,0.0,0.3333008059200287,0.4442652500780616,0.37862468765961743,1.1288966270532597,0.34093642052782136,0.0,3.0,20.0,0.3
1.292000000000001,-0.24765331897891865,0.025093352333702915,-0.25703428628736674,0.26619554104852644,0.0,0.3307267911550935,0.44473025631044827,0.378624766008636,1.1281372460786638,0.3409359356573953,0.0,3.0,20.0,0.3
1.302000000000001,-0.24739547233276932,0.02597180598573872,-0.2594695851668059,0.26363216125593203,0.0,0.3281634113624991,0.44519400447795426,0.37862484280316,1.1283916879744242,0.3409354540812248,0.0,3.0,20.0,0.3
1.312000000000001,-0.24714134764372442,0.024610991612215947,-0.26169015449916877,0.2603176321787933,0.0,0.32484888228536035,0.4456561081328952,0.37862491807403165,1.1285127934425414,0.34093497729048616,0.0,3.0,20.0,0.3
1.322000000000001,-0.24691687040542648,0.020563817861270813,-0.26368056561359066,0.25635684569846234,0.0,0.3208880958050294,0.44611620943872465,0.3786249918514811,1.1285495714632825,0.3409345060843981,0.0,3.0,20.0,0.3
1.332000000000001,-0.2467472298171617,0.01426026525074139,-0.2654194857679316,0.2512514489370687,0.0,0.31578269904363576,0.44657398252468894,0.37862506416513875,1.127690533696757,0.3409340414897103,0.0,3.0,20.0,0.3
1.342000000000001,-0.2466573084484234,0.005212282385594173,-0.26690375015131607,0.24637407262098673,0.0,0.3109053227275538,0.44702913656367355,0.37862513504404727,1.1277304663114927,0.3409335839148646,0.0,3.0,20.0,0.3
1.352000000000001,-0.24667108788391426,-0.004845981302333078,-0.2680801027242575,0.24160832907997973,0.0,0.3061395791865468,0.4474814185700551,0.378625204516673,1.1283677238153802,0.3409331335332127,0.0,4.0,20.0,0.3
1.362000000000001,-0.24676651707221148,-0.013502934313723049,-0.2688258667657927,0.23619360056815913,0.0,0.3007248506747262,0.4479306146324001,0.37862527261091744,1.1283717833287623,0.3409326903882135,0.0,4.0,20.0,0.3
1.372000000000001,-0.24698408055180893,-0.027808156295946497,-0.2693824184841837,0.23082420820132932,0.0,0.2953554583078964,0.4483765457543985,0.37862533935412857,1.1285573069898351,0.3409322553123574,0.0,4.0,20.0,0.3
1.382000000000001,-0.24736343429734142,-0.04489631129320996,-0.2697445905212514,0.22466525825623843,0.0,0.2891965083628055,0.44881907181178354,0.37862540477311174,1.1276113013167635,0.3409318287697006,0.0,4.0,20.0,0.3
1.392000000000001,-0.24791879423217397,-0.06266989008638005,-0.2699064142151698,0.21855927250543625,0.0,0.2830905226120033,0.449258096637572,0.3786254688941405,1.1265729680464531,0.34093141127020726,0.0,4.0,20.0,0.3
1.402000000000001,-0.24865901902297685,-0.0817535096635149,-0.26989463192052743,0.21338551227090652,0.0,0.2779167623774736,0.4496935682155252,0.3786255317429671,1.1265379556695307,0.3409310017879465,0.0,4.0,20.0,0.3
1.412000000000001,-0.24959442235861937,-0.10161502959730573,-0.26972955140279836,0.20883000895506598,0.0,0.27336125906163306,0.45012547755997273,0.3786255933448328,1.12693491490917,0.3409305995660331,0.0,4.0,20.0,0.3
1.422000000000001,-0.25073424278216083,-0.12205915941233825,-0.26943974581281727,0.2045337076059364,0.0,0.2690649577125035,0.4505538578675636,0.3786256537244782,1.127136177135333,0.3409302034304345,0.0,4.0,20.0,0.3
1.432000000000001,-0.25207032240434485,-0.14141620007090658,-0.269031745426858,0.20122065936946326,0.0,0.26575190947603033,0.45097878300982064,0.3786257129061529,1.1280428141163017,0.34092981322325683,0.0,4.0,20.0,0.3
1.442000000000001,-0.25359829467887895,-0.1600421241176463,-0.26854093664399936,0.19829527290126991,0.0,0.262826523007837,0.451400363718591,0.3786257709136253,1.1287206504861924,0.34092942740526705,0.0,4.0,20.0,0.3
1.452000000000001,-0.2552999073781845,-0.17644811221415166,-0.2679774326359578,0.1956207557888183,0.0,0.26015200589538534,0.4518187436136353,0.3786258277701925,1.1288939361688661,0.34092904559777637,0.0,4.0,20.0,0.3
1.462000000000001,-0.2571491898599168,-0.19033056282212513,-0.26736257216587245,0.19405999176600552,0.0,0.2585912418725726,0.452234093467283,0.378625883498689,1.129705468534298,0.3409286668801574,0.0,4.0,20.0,0.3
1.472000000000001,-0.2591218990974144,-0.20130761617460002,-0.2667197674657507,0.19260326919221782,0.0,0.2571345192987849,0.45264660441492205,0.37862593812149653,1.1296939423853727,0.3409282902016613,0.0,4.0,20.0,0.3
1.482000000000001,-0.2611835424369512,-0.20884100949522488,-0.2660656039672095,0.1919715077605793,0.0,0.2565027578671464,0.45305648133791787,0.37862599166055266,1.129842261777584,0.3409279148141208,0.0,4.0,20.0,0.3
1.492000000000001,-0.2633001659559624,-0.21297761667665335,-0.2654236310081777,0.19210587792731681,0.0,0.2566371280338839,0.45346393529132434,0.37862604413735973,1.1300619272250927,0.3409275396177843,0.0,4.0,20.0,0.3
1.5020000000000011,-0.26543474715060905,-0.21339787110206,-0.26481077367796557,0.19307475005455493,0.0,0.257606000161122,0.4538691761929585,0.3786260955729934,1.1304631583586868,0.34092716379984056,0.0,4.0,20.0,0.3
1.5120000000000011,-0.26755214536955274,-0.2098514112194188,-0.26424426358966774,0.1938673356370449,0.0,0.25839858574361196,0.45427240567787885,0.37862614598811134,1.1296648495821517,0.3409267865069277,0.0,4.0,20.0,0.3
1.5220000000000011,-0.2696124796687247,-0.20327948824742187,-0.26374926390597236,0.19665421432364516,0.0,0.26118546443021223,0.45467381029797566,0.37862619540296116,1.1307610420712706,0.34092640650417294,0.0,4.0,20.0,0.3
1.5320000000000011,-0.27158967379949495,-0.1933577727066785,-0.263342010734318,0.19865522624391244,0.0,0.26318647635047954,0.4550735551869069,0.37862624383738874,1.1299287250728427,0.34092602293183827,0.0,4.0,20.0,0.3
1.5420000000000011,-0.27344846159269204,-0.18069842853756088,-0.26303974502981226,0.20240284100815167,0.0,0.2669340911147188,0.4554717796409982,0.37862629131084635,1.1308014979834045,0.340925634880039,0.0,4.0,20.0,0.3
1.5520000000000012,-0.2751658726242394,-0.1652292808436862,-0.262855033027297,0.2056629469765031,0.0,0.2701941970830702,0.45586859246159095,0.37862633784240024,1.130351204712042,0.3409252416250793,0.0,4.0,20.0,0.3
1.5620000000000012,-0.276706944647463,-0.14629036059554157,-0.26278175997369907,0.2091651523282564,0.0,0.27369640243482346,0.45626406883273035,0.37862638345073835,1.1297141858425204,0.340924843321595,0.0,4.0,20.0,0.3
1.5720000000000012,-0.27804279753488065,-0.1248251411014624,-0.2628297785229564,0.21342092724318285,0.0,0.2779521773497499,0.4566582461475019,0.3786264281541779,1.1297324489236469,0.3409244393733094,0.0,4.0,20.0,0.3
1.5820000000000012,-0.2791541431847319,-0.10184660180517346,-0.2630096944933168,0.21782992850819521,0.0,0.2823611786147623,0.45705112090913835,0.37862647197067273,1.129697998465247,0.3409240291374892,0.0,4.0,20.0,0.3
1.5920000000000012,-0.2800278249493216,-0.07765323925370757,-0.2633219361072785,0.22241591971457805,0.0,0.2869471698211451,0.4574426476719132,0.3786265149178203,1.129780154364763,0.3409236124389443,0.0,4.0,20.0,0.3
1.6020000000000012,-0.28064848233547646,-0.051479179685469306,-0.2637478181586419,0.2260688356919733,0.0,0.29060008579854035,0.45783273925184936,0.37862655701286896,1.1285636662152303,0.34092319000295057,0.0,4.0,20.0,0.3
1.6120000000000012,-0.2810156204950397,-0.027063899836264442,-0.26432152265024944,0.2316328578211053,0.0,0.29616410792767234,0.458221266869678,0.37862659827272505,1.1301686106462623,0.3409227600872794,0.0,4.0,20.0,0.3
1.6220000000000012,-0.28114070132107094,-0.002596904341287728,-0.2650172029046158,0.2353281969553397,0.0,0.2998594470619068,0.45860806299029405,0.37862663871395924,1.1294316882818247,0.340922323732328,0.0,4.0,20.0,0.3
1.6320000000000012,-0.2810127355468722,0.022899180584178523,-0.2657993749185368,0.2389192669641638,0.0,0.3034505170707309,0.4589929256463749,0.37862667835281344,1.1289515770550032,0.3409218824772862,0.0,4.0,20.0,0.3
1.6420000000000012,-0.28064209143190755,0.046163390326437945,-0.26668723731123484,0.24294224295090838,0.0,0.30747349305747546,0.45937561967949075,0.37862671720520746,1.129598194758506,0.340921435313789,0.0,4.0,20.0,0.3
1.6520000000000012,-0.28005860783947223,0.06471477874732921,-0.2677363105108707,0.24630110419377782,0.0,0.3108323543003449,0.4597558810169522,0.37862675528674516,1.1299401539366258,0.34092098267372156,0.0,3.0,20.0,0.3
1.6620000000000013,-0.2793470862243575,0.07596001989181728,-0.2691092173272507,0.2484061887017154,0.0,0.3129374388082825,0.4601334257570387,0.3786267926127209,1.1292650394620471,0.34092052637696135,0.0,3.0,20.0,0.3
1.6720000000000013,-0.27851202287953153,0.08858236663367983,-0.27052560196204184,0.25046091935880477,0.0,0.31499216946537184,0.4605079650522956,0.3786268291981254,1.1293506614119495,0.34092006692811844,0.0,3.0,20.0,0.3
1.6820000000000013,-0.2775519216786664,0.10068689287618748,-0.2719631701847951,0.2518112160064995,0.0,0.3163424661130666,0.46087920868636917,0.37862686505765214,1.1293410175351863,0.3409196050685582,0.0,3.0,20.0,0.3
1.6920000000000013,-0.27647781457374326,0.11158300679612113,-0.2733911555780818,0.2524558012102749,0.0,0.31698705131684196,0.46124686515190494,0.37862690020570294,1.1292747829115086,0.340919141864973,0.0,3.0,20.0,0.3
1.7020000000000013,-0.2753064272675774,0.12076715701544007,-0.27477961072266005,0.25219026164364405,0.0,0.3167215117502111,0.4616106440711389,0.378626934656394,1.1288870364491403,0.3409186783910852,0.0,3.0,20.0,0.3
1.7120000000000013,-0.27404954744622106,0.1286253014950588,-0.27608391307354263,0.25124309083095986,0.0,0.31577434093752693,0.4619702593624277,0.3786269684235613,1.1285009170592808,0.34091821628426516,0.0,3.0,20.0,0.3
1.7220000000000013,-0.2727385955495472,0.1322854154194508,-0.2773162414030253,0.25026263448642444,0.0,0.3147938845929915,0.4623254320234484,0.37862700152076645,1.1290066968764396,0.3409177552106668,0.0,3.0,20.0,0.3
1.7320000000000013,-0.27140068439784876,0.1345651767254547,-0.27841449630386583,0.24760885145683353,0.0,0.3121401015634006,0.46267589559090044,0.3786270339613019,1.1280698421775928,0.3409172974573394,0.0,3.0,20.0,0.3
1.7420000000000013,-0.27005511465397586,0.13435122494391594,-0.27936486436149754,0.24462408278827857,0.0,0.30915533289484565,0.46302140079223175,0.3786270657581963,1.127516266782448,0.340916843675372,0.0,3.0,20.0,0.3
1.7520000000000013,-0.26873355346338845,0.1302251417436423,-0.2801698594441898,0.2416309755567204,0.0,0.30616222566328744,0.4633617186020912,0.3786270969242201,1.127725709436207,0.340916393952645,0.0,3.0,20.0,0.3
1.7620000000000013,-0.2674727449599916,0.12293367723795451,-0.28081215904051726,0.23823904049550051,0.0,0.3027702906020676,0.46369664525481996,0.3786271274718901,1.1280614171702372,0.3409159490714637,0.0,3.0,20.0,0.3
1.7720000000000014,-0.266296933112493,0.11380665414137489,-0.2812635050411098,0.2337237021248786,0.0,0.2982549522314457,0.4640260075842823,0.3786271574134748,1.1274063866686719,0.34091551022563865,0.0,3.0,20.0,0.3
1.7820000000000014,-0.26522346458092605,0.10284013839189504,-0.28151386502609094,0.22923354064768917,0.0,0.2937647907542562,0.4643496658921294,0.3786271867609993,1.1272563606929347,0.340915077997323,0.0,3.0,20.0,0.3
1.7920000000000014,-0.26427289190140857,0.08955666985311977,-0.281567743236123,0.22476786880043162,0.0,0.28929911890699866,0.4646675153368128,0.3786272155262502,1.1274888827252143,0.3409146524635896,0.0,3.0,20.0,0.3
1.8020000000000014,-0.2634560336992968,0.07641356966884508,-0.2813915112672985,0.2188598483098009,0.0,0.283391098416368,0.4649794875011713,0.37862724372078016,1.1259227129440292,0.3409142350450788,0.0,3.0,20.0,0.3
1.8120000000000014,-0.26278060146812154,0.06138352907389877,-0.28101382505826333,0.2138221968523542,0.0,0.2783534469589213,0.46528555014324785,0.3786272713559127,1.1256670087884237,0.34091382499908796,0.0,3.0,20.0,0.3
1.8220000000000014,-0.26225654637306195,0.04634596432122329,-0.2804210817912297,0.2082327299931938,0.0,0.2727639800997609,0.4655857064466703,0.3786272984427465,1.1245989623311647,0.34091342304020555,0.0,3.0,20.0,0.3
1.8320000000000014,-0.26188421480364255,0.03108625713612147,-0.27962645718419993,0.20278632542665936,0.0,0.26731757553322644,0.46587999434473176,0.37862732499216023,1.1235637439424282,0.34091302895404585,0.0,3.0,20.0,0.3
1.8420000000000014,-0.2616703452772771,0.014943437807648109,-0.2786594761834853,0.19821157930785963,0.0,0.2627428294144267,0.4661684844821341,0.3786273510148166,1.1234569532709529,0.3409126419269171,0.0,3.0,20.0,0.3
1.8520000000000014,-0.26161528694877517,-0.0009676436461022835,-0.27752809937219114,0.1938867440055202,0.0,0.25841799411208727,0.46645127898178135,0.37862737652116685,1.1232901768824015,0.340912261879996,0.0,3.0,20.0,0.3
1.8620000000000014,-0.2617249648506395,-0.01751688078247514,-0.27627504834791194,0.18993093295936486,0.0,0.25446218306593194,0.4667285096109604,0.3786274015214548,1.1231203447192666,0.34091188748295165,0.0,3.0,20.0,0.3
1.8720000000000014,-0.26200305197873003,-0.03461694301003368,-0.2749338609196823,0.18712740385758697,0.0,0.25165865396415404,0.46700033653085044,0.3786274260257211,1.1239439704906302,0.34091151768943384,0.0,3.0,20.0,0.3
1.8820000000000014,-0.26244590731061,-0.050635414409882104,-0.27351716035462537,0.18459290334207415,0.0,0.24912415344864122,0.46726694696538423,0.37862745004380705,1.1244367737237546,0.3409111521518216,0.0,3.0,20.0,0.3
1.8920000000000015,-0.26304194159166483,-0.06531415084073824,-0.2720531404413566,0.1823144408256319,0.0,0.24684569093219896,0.467528552488746,0.3786274735853589,1.1245086972505054,0.3409107899549929,0.0,3.0,20.0,0.3
1.9020000000000015,-0.2637764344286722,-0.0803570230430194,-0.2706324530547162,0.18063690888152947,0.0,0.24516815898809655,0.46778538483731263,0.3786274966598313,1.1245877149280505,0.3409104306022567,0.0,4.0,20.0,0.3
1.9120000000000015,-0.2647025555029142,-0.0997628519397377,-0.2694963134437501,0.17936954368689778,0.0,0.24390079379346485,0.4680376932488808,0.37862751927649146,1.124394283738669,0.34091007341316015,0.0,4.0,20.0,0.3
1.9220000000000015,-0.26578224333255895,-0.1129506558218002,-0.268371751155452,0.17951178901382203,0.0,0.2440430391203891,0.46828574963343944,0.3786275414444226,1.1253235142688323,0.3409097170100469,0.0,4.0,20.0,0.3
1.9320000000000015,-0.26696739466060826,-0.12133736444211929,-0.26728200103638106,0.17932559401737405,0.0,0.24385684412394112,0.4685298417947834,0.3786275631725278,1.1249358644614242,0.3409093602747545,0.0,4.0,20.0,0.3
1.9420000000000015,-0.2682025452196316,-0.1244563222562692,-0.2662245376745709,0.1800890156271259,0.0,0.24462026573369297,0.46877026217881224,0.37862758446953354,1.1250350052042863,0.3409090032918287,0.0,4.0,20.0,0.3
1.9520000000000015,-0.26944895135598446,-0.1244165765736929,-0.2652340723452247,0.18160065151803295,0.0,0.24613190162460002,0.4690072970922566,0.37862760534399315,1.1253703372957058,0.34090864438276397,0.0,4.0,20.0,0.3
1.9620000000000015,-0.2706730328721233,-0.12027159216015547,-0.2643125213019899,0.18285124466428862,0.0,0.2473824947708557,0.46924121913187977,0.37862762580429005,1.1245743267950217,0.3409082833726292,0.0,4.0,20.0,0.3
1.9720000000000015,-0.27182789089831305,-0.11190985828062093,-0.26346031675564396,0.18484682324698287,0.0,0.24937807335354994,0.4694722808478884,0.37862764585864167,1.1241210961561243,0.34090792016730354,0.0,4.0,20.0,0.3
1.9820000000000015,-0.27288532285482014,-0.10141716930033973,-0.26271003502725054,0.18784461010952536,0.0,0.25237586021609243,0.4697007074261017,0.37862766551510213,1.1244488838366555,0.3409075531451953,0.0,4.0,20.0,0.3
1.9920000000000015,-0.2738324130579401,-0.08998420608949224,-0.26208961557094107,0.19135288509146361,0.0,0.25588413519803066,0.46992669272404153,0.3786276847815659,1.1249553398047853,0.34090718086561744,0.0,4.0,20.0,0.3
2.002000000000001,-0.27464563361091515,-0.07528764011545136,-0.2615774498344957,0.19454657435519337,0.0,0.2590778244617604,0.4701503982515385,0.37862770366577064,1.124581528964948,0.34090680419603564,0.0,4.0,20.0,0.3
2.012,-0.27530534289410175,-0.059390976432877135,-0.2611982439732245,0.19829119997141445,0.0,0.26282245007798155,0.4703719509464979,0.3786277221753007,1.1246458956787246,0.3409064218425107,0.0,4.0,20.0,0.3
2.021999999999999,-0.2757942055422531,-0.04157332404129037,-0.26094237882360083,0.20217881290012807,0.0,0.26671006300669514,0.4705914414225011,0.3786277403175899,1.1246886225123027,0.34090603410435905,0.0,4.0,20.0,0.3
2.031999999999998,-0.2760964509578779,-0.022644787480061677,-0.26081311218565423,0.2062633607731141,0.0,0.27079461087968115,0.4708089229832106,0.3786277580999245,1.1249018718844837,0.34090564068547125,0.0,4.0,20.0,0.3
2.0419999999999967,-0.2762094200248669,-0.0036039136965980087,-0.26081859013662895,0.21031255179443845,0.0,0.27484380190100555,0.4710244112694392,0.37862777552944615,1.1250762013604234,0.34090524104955483,0.0,4.0,20.0,0.3
2.0519999999999956,-0.2761247297946257,0.016608739870109177,-0.260941328160196,0.2134937398307626,0.0,0.2780249899373297,0.47123788589143817,0.378627792613155,1.124161354607297,0.3409048363329616,0.0,3.0,20.0,0.3
2.0619999999999945,-0.2758435760911699,0.03553195042623651,-0.2612265760448309,0.21725322948821213,0.0,0.2817844795947792,0.471449291504839,0.3786278093579122,1.124302213874982,0.3409044266667794,0.0,3.0,20.0,0.3
2.0719999999999934,-0.27537715964148396,0.053857735701182304,-0.2616402408395824,0.22044763006045934,0.0,0.28497888016702644,0.4716585404642863,0.3786278257704427,1.124011086605369,0.3409040120987865,0.0,3.0,20.0,0.3
2.0819999999999923,-0.2747321146324614,0.07161828253282684,-0.2621621239469093,0.22302153601372557,0.0,0.28755278612029267,0.471865517080338,0.3786278418573381,1.1233133767492984,0.3409035931950752,0.0,3.0,20.0,0.3
2.091999999999991,-0.2739158815346527,0.08800680136885394,-0.2627788739467267,0.2255950645704847,0.0,0.29012631467705174,0.47207008085494145,0.3786278576250593,1.1231705281303865,0.340903170308997,0.0,3.0,20.0,0.3
2.10199999999999,-0.27294757620820037,0.10245476785407034,-0.2634782798374907,0.22806511900164259,0.0,0.29259636910820963,0.4722720700709204,0.3786278730799387,1.123517320810679,0.3409027437603305,0.0,3.0,20.0,0.3
2.111999999999989,-0.2718482089227828,0.1149424494282722,-0.26423921854679405,0.22959445256988764,0.0,0.2941257026764547,0.4724713068822975,0.3786278882281835,1.1232461186030238,0.34090231420104883,0.0,3.0,20.0,0.3
2.121999999999988,-0.2706260645182309,0.12681285176256588,-0.26501181081598135,0.23062410836830155,0.0,0.2951553584748686,0.47266760233159744,0.3786279030758774,1.1230256593597792,0.3409018833365007,0.0,3.0,20.0,0.3
2.131999999999987,-0.2693009967919986,0.13606657647726633,-0.26579576984944825,0.23131196329017314,0.0,0.29584321339674025,0.47286075941656736,0.3786279176289837,1.1231126518381926,0.34090145116199877,0.0,3.0,20.0,0.3
2.1419999999999857,-0.26789052108177375,0.14423244681190628,-0.2665429535093942,0.23079541636041873,0.0,0.2953266664669858,0.4730505773366218,0.378627931893347,1.1223178438130312,0.34090101937397355,0.0,3.0,20.0,0.3
2.1519999999999846,-0.26641466866534075,0.14946826710287306,-0.26725055628961675,0.2301238678710736,0.0,0.29465511797764066,0.47323685542601,0.37862794587469617,1.1221135736306187,0.34090058811981466,0.0,3.0,20.0,0.3
2.1619999999999835,-0.2649046676088706,0.1514885985033328,-0.2679044017335134,0.22957044061779913,0.0,0.2941016907243662,0.47341939740507005,0.3786279595786465,1.1228660495260123,0.34090015794948225,0.0,3.0,20.0,0.3
2.1719999999999824,-0.26339367338399317,0.150712989285119,-0.2684843362263633,0.2273093834762276,0.0,0.29184063358279466,0.4735980172596171,0.3786279730107016,1.1219853819698447,0.34089972963709403,0.0,3.0,20.0,0.3
2.1819999999999813,-0.2618998604198979,0.14837422965083064,-0.2689519034935358,0.22489553840601692,0.0,0.28942678851258397,0.47377254476790254,0.37862798617625626,1.1216007239274532,0.3408993046394225,0.0,3.0,20.0,0.3
2.19199999999998,-0.2604354562759599,0.14477923567264703,-0.269279749348578,0.22194143486022072,0.0,0.2864726849667878,0.4739428283363442,0.3786279990805979,1.1211097421151595,0.34089888406317354,0.0,3.0,20.0,0.3
2.201999999999979,-0.2590238754565408,0.13850671914667498,-0.26947444997075587,0.21877004205518735,0.0,0.2833012921617544,0.47410873659896924,0.37862801172890914,1.1208910808598629,0.34089846783558864,0.0,3.0,20.0,0.3
2.211999999999978,-0.2576883099161068,0.12990254362073556,-0.26952404289759646,0.21535423287070296,0.0,0.27988548297727,0.47427016143098905,0.37862802412626984,1.120820832181543,0.34089805654028327,0.0,3.0,20.0,0.3
2.221999999999977,-0.2564554282320709,0.11867257681514622,-0.26943210993698047,0.2118530757749928,0.0,0.27638432588155987,0.47442702116036106,0.37862803627765895,1.1210251571747547,0.34089765021774987,0.0,3.0,20.0,0.3
2.231999999999976,-0.25534646337283035,0.1051917859840783,-0.26919508523160884,0.20880191060543946,0.0,0.27333316071200653,0.4745792637989276,0.37862804818795676,1.1221491452653962,0.3408972491648733,0.0,3.0,20.0,0.3
2.2419999999999747,-0.2543970987620819,0.08786861069074976,-0.2688503274142619,0.205625737520033,0.0,0.27015698762660006,0.47472686968600325,0.3786280598619466,1.1232749808494873,0.3408968522191159,0.0,3.0,20.0,0.3
2.2519999999999736,-0.2536274219772591,0.06986541837817944,-0.2683687848610892,0.20162936293814693,0.0,0.266160613044714,0.47486985562742917,0.3786280713043171,1.1233119783570784,0.3408964605368078,0.0,3.0,20.0,0.3
2.2619999999999725,-0.2530314960867148,0.052712773217329034,-0.26773018265945664,0.19777589279062163,0.0,0.2623071428971887,0.47500827620611863,0.3786280825196636,1.1234949924651954,0.34089607500381874,0.0,3.0,20.0,0.3
2.2719999999999714,-0.25260916650631204,0.03534673094114649,-0.2669573614382325,0.19369776270575012,0.0,0.2582290128123172,0.4751422206016892,0.37862809351249055,1.1231985263596087,0.3408956949901238,0.0,3.0,20.0,0.3
2.2819999999999703,-0.252348860187518,0.01972535057918152,-0.26603161059768016,0.18981533277169593,0.0,0.254346582878263,0.4752718097245709,0.3786281042872127,1.122905267167359,0.3408953213199992,0.0,3.0,20.0,0.3
2.291999999999969,-0.2522475718975145,0.004086124179730234,-0.2649931128481756,0.18586907593649427,0.0,0.25040032604306134,0.4753971922440295,0.3786281148481575,1.122152929183716,0.3408949527393223,0.0,3.0,20.0,0.3
2.301999999999968,-0.2523002687210808,-0.012787129599748683,-0.2639070948201649,0.18282944286399222,0.0,0.2473606929705593,0.4755185414809656,0.3786281251995664,1.122209253975333,0.34089458917341353,0.0,4.0,20.0,0.3
2.311999999999967,-0.2525666609546139,-0.03530510930168469,-0.2629893052166552,0.18043588201335964,0.0,0.2449671321199267,0.47563605435188966,0.37862813534559675,1.1226469542008566,0.34089422952810305,0.0,4.0,20.0,0.3
2.321999999999966,-0.25302945966164336,-0.05330863996074993,-0.26201334957875294,0.1781734684438094,0.0,0.24270471855037648,0.4757499579221175,0.3786281452903234,1.1226873340533166,0.34089387370686997,0.0,4.0,20.0,0.3
2.3319999999999648,-0.25365753981892153,-0.06877513828080095,-0.2610099855533065,0.17664794058604857,0.0,0.24117919069261565,0.47586050568688143,0.3786281550377403,1.1231201406490472,0.3408935203227883,0.0,4.0,20.0,0.3
2.3419999999999637,-0.25442634599685415,-0.08199740188778726,-0.2599972498980579,0.17590333570054853,0.0,0.2404345858071156,0.47596796942646097,0.3786281645917622,1.1239603340564521,0.3408931685572367,0.0,4.0,20.0,0.3
2.3519999999999626,-0.2553158699694892,-0.09310760466651893,-0.2589955145740333,0.17535583588196257,0.0,0.23988708598852965,0.47607263299393726,0.3786281739562261,1.1243565436298368,0.34089281745658295,0.0,4.0,20.0,0.3
2.3619999999999615,-0.25630392313261696,-0.1023797906588627,-0.25802618100756725,0.17616035172560546,0.0,0.24069160183217253,0.47617478713252454,0.3786281831348932,1.1259061841740934,0.34089246600064044,0.0,4.0,20.0,0.3
2.3719999999999604,-0.2573703499557084,-0.10865970031500097,-0.2570961908400274,0.17604085013391682,0.0,0.2405721002404839,0.47627472468402754,0.3786281921314497,1.1254161491384147,0.3408921138157636,0.0,4.0,20.0,0.3
2.3819999999999593,-0.2584675327154876,-0.10997522919951484,-0.2561864191039602,0.17653460101770274,0.0,0.24106585112426981,0.47637273551859877,0.3786282009495088,1.1250533797752404,0.34089176176634933,0.0,4.0,20.0,0.3
2.391999999999958,-0.25955476337469285,-0.10760975960577394,-0.25531664684195265,0.17745428776729175,0.0,0.24198553787385882,0.47646909796905873,0.37862820959261184,1.1245877581722987,0.3408914088929819,0.0,4.0,20.0,0.3
2.401999999999957,-0.2605994393563319,-0.10193714413574444,-0.2544994691782861,0.1784082079583374,0.0,0.24293945806490447,0.4765640713737355,0.37862821806423025,1.1235162319526222,0.3408910545510866,0.0,4.0,20.0,0.3
2.411999999999956,-0.26157548710189726,-0.09435162278097772,-0.25376015025820886,0.1802899751660296,0.0,0.24482122527259667,0.4766578906853683,0.3786282263677663,1.1231480957655258,0.3408906974879187,0.0,4.0,20.0,0.3
2.421999999999955,-0.2624607301284935,-0.08451475641820666,-0.2531040553149306,0.18291689881007817,0.0,0.24744814891664524,0.47675076281304035,0.3786282345065549,1.1232958737000927,0.3408903373595801,0.0,4.0,20.0,0.3
2.4319999999999538,-0.2632434093006775,-0.07386564989980866,-0.25255904290528963,0.1858696073762659,0.0,0.250400857482833,0.4768428642141333,0.3786282424838648,1.1234493594602462,0.3408899727500874,0.0,4.0,20.0,0.3
2.4419999999999527,-0.26391214855195605,-0.06191018247153146,-0.2521280404661202,0.1893838696705105,0.0,0.2539151197770776,0.47693434023876213,0.37862825030289976,1.124022118909997,0.3408896033907482,0.0,4.0,20.0,0.3
2.4519999999999516,-0.2644487791185014,-0.04813735265824784,-0.2518057097894816,0.19283612224404137,0.0,0.25736737235060847,0.47702530473726557,0.3786282579668001,1.1242330595860013,0.3408892294027171,0.0,4.0,20.0,0.3
2.4619999999999505,-0.264846394604311,-0.034153565184641584,-0.2516127214359338,0.19669406995487734,0.0,0.2612253200614444,0.4771158389252708,0.37862826547864376,1.1248327201612522,0.34088884968047545,0.0,4.0,20.0,0.3
2.4719999999999493,-0.2650979531954015,-0.018966375421110467,-0.2515365967694215,0.20019569069705956,0.0,0.26472694080362663,0.4772059919244117,0.37862827284144757,1.1248514195684138,0.34088846465994055,0.0,4.0,20.0,0.3
2.4819999999999482,-0.26519518634295675,-0.003626761206595216,-0.2515824580779368,0.20418542763179243,0.0,0.2687166777383595,0.47729578145828067,0.3786282800581687,1.125571473278804,0.34088807396618487,0.0,4.0,20.0,0.3
2.491999999999947,-0.2651325008490747,0.01321189831574596,-0.2517262250580045,0.20704513865757768,0.0,0.27157638876414475,0.4773851945292716,0.3786282871317055,1.1248253183885142,0.3408876785875181,0.0,4.0,20.0,0.3
2.501999999999946,-0.2648969239719097,0.029960463298478457,-0.2519778221384851,0.2101245226639724,0.0,0.2746557727705395,0.4774741880506253,0.3786282940648988,1.1246024777523878,0.34088727879414127,0.0,3.0,20.0,0.3
2.511999999999945,-0.26450927565160215,0.04457156176973509,-0.2523964065723913,0.21293538253450778,0.0,0.27746663264107485,0.47756268931509915,0.3786283008605332,1.1243190424503613,0.3408868748666092,0.0,3.0,20.0,0.3
2.521999999999944,-0.2639852086819285,0.05758697543818518,-0.2529346986237005,0.21612690227931522,0.0,0.2806581523858823,0.47765060124409753,0.3786283075213377,1.1249751003915427,0.34088646619181445,0.0,3.0,20.0,0.3
2.5319999999999427,-0.2633295419490718,0.07089649542331,-0.25354630612675966,0.21784077973073462,0.0,0.2823720298373017,0.47773780716424646,0.37862831404998765,1.1240467023451135,0.3408860542776114,0.0,3.0,20.0,0.3
2.5419999999999416,-0.2625521491559431,0.08181191132039566,-0.25424414204581897,0.22091288112061389,0.0,0.28544413122718093,0.4778241734367018,0.37862832044910505,1.1255726346300918,0.340885638585626,0.0,3.0,20.0,0.3
2.5519999999999405,-0.26167962845248255,0.09092924016300798,-0.2550077410208367,0.22212941022424582,0.0,0.2866606603308129,0.4779095529388635,0.3786283267212598,1.1251058079867735,0.3408852197323234,0.0,3.0,20.0,0.3
2.5619999999999394,-0.26071927360308955,0.09952719133715605,-0.2557925166990893,0.22311671285929033,0.0,0.2876479629658574,0.47799379052370994,0.378628332868971,1.124964921928406,0.34088479922972004,0.0,3.0,20.0,0.3
2.5719999999999383,-0.2596757416396973,0.1073434901280551,-0.2565707106920041,0.2238016150599777,0.0,0.28833286516654477,0.4780767254885987,0.37862833889470776,1.1250778773534773,0.3408843780433295,0.0,3.0,20.0,0.3
2.5819999999999372,-0.25856888325616856,0.11276666126508504,-0.2573419642388456,0.22383841170689345,0.0,0.2883696618134605,0.47815819330050796,0.37862834480089,1.1249757881019802,0.3408839561912095,0.0,3.0,20.0,0.3
2.591999999999936,-0.25742041609211175,0.11578877013554813,-0.2580866949466627,0.22403820263075272,0.0,0.2885694527373198,0.4782380295497549,0.37862835058988986,1.1257938116592863,0.3408835343811981,0.0,3.0,20.0,0.3
2.601999999999935,-0.2562437401531119,0.11883901756848088,-0.25874900865047656,0.2220410905576669,0.0,0.286572340664234,0.47831607433724493,0.37862835626403224,1.1242138987021546,0.3408831146237957,0.0,3.0,20.0,0.3
2.611999999999934,-0.2550476813773288,0.11978113466823122,-0.2593302853764822,0.22058866826450238,0.0,0.2851199183710694,0.4783921746116704,0.37862836182559595,1.1240498770367435,0.34088269697406837,0.0,3.0,20.0,0.3
2.621999999999933,-0.2538548364713665,0.118489680816299,-0.25981769724147513,0.21871335668345093,0.0,0.283244606790018,0.47846618592571744,0.37862836727681476,1.1239069523844278,0.34088228198185566,0.0,3.0,20.0,0.3
2.6319999999999317,-0.25269385400265976,0.11434895942869644,-0.26021171002803284,0.21633395168475036,0.0,0.28086520179131746,0.4785379763352743,0.37862837261987786,1.1236175665057773,0.340881869737007,0.0,3.0,20.0,0.3
2.6419999999999306,-0.2515806647900555,0.10897423692396868,-0.26047853043376634,0.21357042028434328,0.0,0.2781016703909104,0.478607430786939,0.3786283778569312,1.1232852801085942,0.34088146155411236,0.0,3.0,20.0,0.3
2.6519999999999295,-0.25053169587919716,0.10175652081738287,-0.2606172186121385,0.2107891181894382,0.0,0.27532036829600526,0.47867445358472477,0.378628382990078,1.1233497115728595,0.34088105761522575,0.0,3.0,20.0,0.3
2.6619999999999284,-0.24956992605101744,0.09219574163393893,-0.260634177068166,0.20775682930197312,0.0,0.27228807940854016,0.478738970397068,0.3786283880213799,1.1234014385798574,0.34088065784103627,0.0,3.0,20.0,0.3
2.6719999999999273,-0.24871708309698276,0.08050166911962231,-0.260530302603579,0.20475825467563433,0.0,0.26928950478220137,0.4788009311737326,0.3786283929528576,1.1237486115875246,0.34088026234305585,0.0,3.0,20.0,0.3
2.681999999999926,-0.24798560617904533,0.0685772550525405,-0.2602829648029436,0.20052463357506561,0.0,0.2650558836816327,0.4788603127442178,0.3786283977864916,1.1225199896849478,0.3408798720623868,0.0,3.0,20.0,0.3
2.691999999999925,-0.24737143573333822,0.056386806505876255,-0.2598879511197017,0.19727247709596446,0.0,0.26180372720253153,0.4789171191453329,0.3786284025242232,1.1227249841099132,0.3408794873275583,0.0,3.0,20.0,0.3
2.701999999999924,-0.2468867080576497,0.043234514346590563,-0.25936562863465684,0.193648604708725,0.0,0.25817985481529204,0.4789713797860663,0.3786284071679552,1.1223727172391027,0.3408791075795796,0.0,3.0,20.0,0.3
2.711999999999923,-0.2465281700718537,0.03095910390539698,-0.2586977049716888,0.18989718364602187,0.0,0.25442843375258895,0.47902314934849854,0.3786284117195526,1.1217111887684816,0.3408787336198137,0.0,3.0,20.0,0.3
2.721999999999922,-0.2462983068113506,0.017609909453496046,-0.25792324654695437,0.1868519303981338,0.0,0.2513831805047009,0.47907250583900035,0.37862841618084336,1.1218178626175854,0.3408783642321117,0.0,3.0,20.0,0.3
2.7319999999999207,-0.24620195849138016,0.004526295831065296,-0.2570447239538187,0.1836543372039629,0.0,0.24818558731052998,0.47911954934483225,0.37862842055361934,1.1214038017832348,0.340877999449198,0.0,3.0,20.0,0.3
2.7419999999999196,-0.24623929438677564,-0.009592874708028339,-0.25609927777968183,0.18195851300819482,0.0,0.2464897631147619,0.4791644011986307,0.3786284248396367,1.1227056878241326,0.340877638081481,0.0,3.0,20.0,0.3
2.7519999999999185,-0.24642338061181301,-0.025209361360480163,-0.25515072534239375,0.17963288378966488,0.0,0.24416413389623196,0.4792072029270971,0.37862842904061667,1.1226646758047787,0.3408772797488429,0.0,4.0,20.0,0.3
2.7619999999999174,-0.2467994852867965,-0.04548484547058779,-0.2543727096943178,0.17848028208256103,0.0,0.2430115321891281,0.47924811771235465,0.37862843315824646,1.1237586170573008,0.340876923744498,0.0,4.0,20.0,0.3
2.7719999999999163,-0.24735545147827276,-0.061877377087510205,-0.2535743821058023,0.17745733371731798,0.0,0.24198858382388505,0.4792873355970389,0.37862843719417993,1.1244832296830274,0.34087656960927154,0.0,4.0,20.0,0.3
2.781999999999915,-0.24805934682654696,-0.07545043748081624,-0.2527736936190971,0.17643984167544732,0.0,0.2409710917820144,0.47932507028564414,0.3786284411500378,1.1246225392824294,0.3408762165190763,0.0,4.0,20.0,0.3
2.791999999999914,-0.2488733103163429,-0.08505028316243461,-0.25196178763049465,0.17582677648979,0.0,0.24035802659635708,0.4793615510296947,0.378628445027409,1.1247069807006036,0.3408758648981704,0.0,4.0,20.0,0.3
2.801999999999913,-0.2497669736712164,-0.09199677299323063,-0.25116236844800144,0.17584335334137957,0.0,0.24037460344794664,0.4793970144059426,0.3786284488278506,1.1250378058036994,0.3408755136384188,0.0,4.0,20.0,0.3
2.811999999999912,-0.2507194593964921,-0.09694138178689607,-0.2503975026781884,0.1763682137833663,0.0,0.24089946388993339,0.479431697671525,0.37862845255288907,1.1254418972859228,0.3408751616804568,0.0,4.0,20.0,0.3
2.821999999999911,-0.2517073628771804,-0.09988766007928149,-0.2496800883895523,0.17776048411539924,0.0,0.24229173422196632,0.47946583411199023,0.37862845620402036,1.1264317907569943,0.3408748083791346,0.0,4.0,20.0,0.3
2.8319999999999097,-0.2527116449428624,-0.10058458420108803,-0.24902181503029808,0.179223554331231,0.0,0.24375480443779807,0.47949964881882334,0.3786284597827109,1.1269131189639139,0.34087445312291165,0.0,4.0,20.0,0.3
2.8419999999999086,-0.25371054366041046,-0.09932152580757964,-0.24843721420419973,0.18126778761118556,0.0,0.24579903771775263,0.47953335513474304,0.37862846329039795,1.127634019876516,0.3408740951573921,0.0,4.0,20.0,0.3
2.8519999999999075,-0.2546851457875254,-0.09579682581517578,-0.2479339921313734,0.1833122657250052,0.0,0.24784351583157227,0.47956715117114085,0.3786284667284902,1.12782500489807,0.3408737340284394,0.0,4.0,20.0,0.3
2.8619999999999064,-0.2556137960443239,-0.09074381600189356,-0.24752725173005874,0.1862705065234989,0.0,0.250801756630066,0.47960121674498435,0.3786284700983686,1.1288204912076978,0.34087336893224335,0.0,4.0,20.0,0.3
2.8719999999999053,-0.25648398252065535,-0.0843250987547805,-0.24722845826644907,0.18979946415295337,0.0,0.2543307142595205,0.4796357105740022,0.37862847340138645,1.1302023359388147,0.34087299921130665,0.0,4.0,20.0,0.3
2.881999999999904,-0.25727916045341215,-0.07598778356482719,-0.24703563215503427,0.19285026900935315,0.0,0.2573815191159202,0.47967076884193466,0.3786284766388702,1.1305724558550476,0.340872624831866,0.0,4.0,20.0,0.3
2.891999999999903,-0.25798044938852904,-0.0659501091784722,-0.24695055950089978,0.19603743467949478,0.0,0.2605686847860619,0.4797065033484415,0.37862847981212033,1.1308694202829699,0.3408722455868469,0.0,4.0,20.0,0.3
2.901999999999902,-0.25856872087445193,-0.053867660375554564,-0.2469650413636883,0.19921151357940736,0.0,0.26374276368597444,0.479742999442628,0.3786284829224111,1.130967879521526,0.34087186173711126,0.0,4.0,20.0,0.3
2.911999999999901,-0.2590304976359908,-0.04105078223962805,-0.247088838698984,0.20302340164614802,0.0,0.2675546517527151,0.47978031413210775,0.37862848597099175,1.1318669777413797,0.34087147270653845,0.0,4.0,20.0,0.3
2.9219999999999,-0.2593562007314106,-0.02686325440113017,-0.24730866580579186,0.20628449948525418,0.0,0.27081574959182125,0.47981847529192356,0.3786284889590866,1.1319908605613938,0.3408710789921046,0.0,4.0,20.0,0.3
2.9319999999998987,-0.2595391281138286,-0.01230477653687721,-0.24762728273777404,0.20914436062824726,0.0,0.27367561073481433,0.47985748172863907,0.37862849188789566,1.131637891380228,0.34087068035007123,0.0,4.0,20.0,0.3
2.9419999999998976,-0.25956732756308015,0.0035799389834804615,-0.24801891533844847,0.21184631988576846,0.0,0.27637756999233554,0.47989730358935856,0.37862849475859534,1.1312370061281023,0.3408702778852005,0.0,4.0,20.0,0.3
2.9519999999998965,-0.2594403048568128,0.017647203159915515,-0.2485255448161723,0.21502067291454868,0.0,0.27955192302111576,0.47993788232744394,0.3786284975723385,1.131756338730347,0.34086987113643824,0.0,3.0,20.0,0.3
2.9619999999998954,-0.25920495321703024,0.027880506107522303,-0.24924409537832115,0.21700645333248464,0.0,0.2815377034390517,0.4799791335221893,0.37862850033025514,1.1309581666219848,0.34086946057576584,0.0,3.0,20.0,0.3
2.9719999999998943,-0.25885065815205854,0.04056694893745955,-0.25000265310132547,0.21841829004707766,0.0,0.2829495401536447,0.48002095540992246,0.37862850303345297,1.1297843620419112,0.3408690477514307,0.0,3.0,20.0,0.3
2.981999999999893,-0.2583725894814976,0.0525045058715444,-0.2508137534678833,0.22038007762079126,0.0,0.28491132772735833,0.48006322971694765,0.3786285056830177,1.1298742331058458,0.3408686321719359,0.0,3.0,20.0,0.3
2.991999999999892,-0.25778019666781343,0.06345076550586448,-0.2516591862477776,0.22176124981993292,0.0,0.28629249992649997,0.4801058218469761,0.3786285082800134,1.1296979111468493,0.340868214422397,0.0,3.0,20.0,0.3
3.001999999999891,-0.25709034966439315,0.07261846848543056,-0.2525310081135463,0.22286705997559728,0.0,0.2873983100821643,0.4801485839237453,0.37862851082548293,1.1297232418440935,0.34086779474187506,0.0,3.0,20.0,0.3
3.01199999999989,-0.2563118335274208,0.08095851998780618,-0.25339197323229673,0.2232449322519895,0.0,0.28777618235855656,0.4801913586906415,0.3786285133204488,1.1293456338521553,0.34086737442845483,0.0,3.0,20.0,0.3
3.0219999999998888,-0.25546123604357995,0.08759084395579828,-0.25423323882701315,0.22300778163049656,0.0,0.28753903173706363,0.4802339824506572,0.3786285157659129,1.1287392609016842,0.3408669538049641,0.0,3.0,20.0,0.3
3.0319999999998877,-0.2545542056615088,0.09247226693892378,-0.2550345378615029,0.2227798248997632,0.0,0.28731107500633024,0.48027628861774446,0.3786285181628574,1.1287810429014753,0.34086653361764385,0.0,3.0,20.0,0.3
3.0419999999998866,-0.25361523282366366,0.09462322054539082,-0.255794494604113,0.22219425398706807,0.0,0.2867255040936352,0.480318111351261,0.37862852051224505,1.1289462794194502,0.3408661139612126,0.0,3.0,20.0,0.3
3.0519999999998855,-0.2526609358931661,0.09583799111952032,-0.2564718218007611,0.22051386891286973,0.0,0.2850451190194368,0.4803592900736983,0.3786285228150194,1.128178816189937,0.3408656963508461,0.0,3.0,20.0,0.3
3.0619999999998844,-0.25171230725629,0.09389585447288143,-0.25708199233111645,0.2193975783216924,0.0,0.2839288284282595,0.48039967272069506,0.37862852507210515,1.1287658777164058,0.34086528033759544,0.0,3.0,20.0,0.3
3.0719999999998833,-0.2507964315670243,0.0897156227539159,-0.2576067190041348,0.21775937462930178,0.0,0.28229062473586886,0.4804391194426308,0.3786285272844089,1.129137490943119,0.3408648666479811,0.0,3.0,20.0,0.3
3.081999999999882,-0.24992865494680083,0.08483121083798906,-0.2580146768195024,0.21476919454047946,0.0,0.2793004446470465,0.48047750693638247,0.37862852945281916,1.1280728179972477,0.3408644564916874,0.0,3.0,20.0,0.3
3.091999999999881,-0.24911492617396375,0.0789031256534403,-0.25829566058972403,0.212123050975142,0.0,0.2766543010817091,0.4805147303568259,0.37862853157820675,1.1278812826425448,0.340864050373645,0.0,3.0,20.0,0.3
3.10199999999988,-0.24837154790477572,0.07090265085611408,-0.2584593419456298,0.20966392537196976,0.0,0.27419517547853683,0.48055070369530334,0.3786285336614253,1.1282695114017423,0.34086364810010056,0.0,3.0,20.0,0.3
3.111999999999879,-0.24772444381147107,0.060413845502341364,-0.25851823813891367,0.2071018524171065,0.0,0.27163310252367356,0.4805853618185699,0.3786285357033114,1.1287492864470665,0.3408632493594675,0.0,3.0,20.0,0.3
3.1219999999998778,-0.24719393001181833,0.04809445050319881,-0.2584714367184908,0.20431879948865755,0.0,0.2688500495952246,0.48061866382662466,0.37862853770468524,1.1290678649465775,0.34086285430783286,0.0,3.0,20.0,0.3
3.1319999999998767,-0.2467825875732685,0.03642206414270106,-0.2582867041526601,0.20101371238388782,0.0,0.2655449624904549,0.4806505952282252,0.3786285396663505,1.128715266336282,0.34086246421486477,0.0,3.0,20.0,0.3
3.1419999999998756,-0.24648816742324792,0.024833602700880236,-0.25797213404008457,0.19755534192426005,0.0,0.2620865920308271,0.4806811669679862,0.37862854158909515,1.1281211229184354,0.34086207895364784,0.0,3.0,20.0,0.3
3.1519999999998745,-0.24631022692735557,0.012953209413777561,-0.2575389883510985,0.19477249387052747,0.0,0.25930374397709455,0.4807104132340604,0.37862854347369135,1.1283604098615392,0.34086169827920026,0.0,3.0,20.0,0.3
3.1619999999998734,-0.24626271312068806,-0.0007016800534684862,-0.25702692252531445,0.19241980629280198,0.0,0.25695105639936905,0.48073839009380964,0.37862854532089585,1.1290047444404978,0.3408613209183162,0.0,3.0,20.0,0.3
3.1719999999998723,-0.246353598858384,-0.014831361509792026,-0.25643946882200946,0.19061905442809945,0.0,0.2551503045346665,0.4807651762409017,0.37862854713145067,1.1301426911315997,0.34086094684012935,0.0,3.0,20.0,0.3
3.181999999999871,-0.24657657587809065,-0.027171672892694135,-0.2557614341224484,0.18797350341042823,0.0,0.2525047535169953,0.4807908729412452,0.37862854890608294,1.1297442785364789,0.34086057666788977,0.0,3.0,20.0,0.3
3.19199999999987,-0.24692747385203295,-0.0404169183814947,-0.2550462843157455,0.18663818398984525,0.0,0.25116943409641235,0.4808156013566183,0.3786285506455054,1.1307612975507304,0.34086020861267835,0.0,3.0,20.0,0.3
3.201999999999869,-0.24740907203678314,-0.05381502222006869,-0.25432966535132023,0.18488250536569464,0.0,0.24941375547226172,0.48083950037604223,0.3786285523504166,1.1307111452730376,0.3408598428263155,0.0,4.0,20.0,0.3
3.211999999999868,-0.24804399395825177,-0.06947209931549561,-0.25373801770197313,0.18398396560185276,0.0,0.24851521570841983,0.4808627262224559,0.37862855402150125,1.1313484859478586,0.34085947897578467,0.0,4.0,20.0,0.3
3.2219999999998667,-0.24881372599836993,-0.08132425135581792,-0.25313139309029153,0.18297056479640264,0.0,0.2475018149029697,0.48088545412492983,0.3786285556594305,1.1312839265622445,0.3408591165235116,0.0,4.0,20.0,0.3
3.2319999999998656,-0.24968028962935263,-0.09018384674644528,-0.25252028910383445,0.1830040414767134,0.0,0.24753529158328047,0.48090787391161827,0.37862855726486216,1.1321207009308214,0.3408587549982003,0.0,4.0,20.0,0.3
3.2419999999998645,-0.25062984467754684,-0.09770885259319283,-0.2519396485946855,0.18339532662130423,0.0,0.2479265767278713,0.4809301822793468,0.3786285588384411,1.1328783480773876,0.3408583927464023,0.0,4.0,20.0,0.3
3.2519999999998634,-0.2516259611500248,-0.10027282603524693,-0.2513524142357731,0.18240036950595764,0.0,0.24693161961252472,0.48095257842566663,0.3786285603807992,1.131113716200383,0.3408580314833464,0.0,4.0,20.0,0.3
3.2619999999998623,-0.25263513502228213,-0.10088226854499922,-0.25079623551124897,0.18319078155427307,0.0,0.24772203166084014,0.48097525713937894,0.37862856189255595,1.1312823736951176,0.34085766944211676,0.0,4.0,20.0,0.3
3.2719999999998612,-0.2536322274507487,-0.09844016416288423,-0.2502672398816549,0.18365395451894231,0.0,0.2481852046255094,0.48099840245157904,0.3786285633743184,1.1304503880651122,0.3408573067671586,0.0,4.0,20.0,0.3
3.28199999999986,-0.25458733954970353,-0.0934597619951555,-0.24977496099991758,0.1850246003305438,0.0,0.24955585043711087,0.4810221830944845,0.3786285648266818,1.130383945086713,0.3408569429796308,0.0,4.0,20.0,0.3
3.291999999999859,-0.25549275641719094,-0.08851288328631844,-0.24936301599823382,0.18734817968567818,0.0,0.25187942979224526,0.4810467480659306,0.37862856625022934,1.1311907540175352,0.34085657597398233,0.0,4.0,20.0,0.3
3.301999999999858,-0.25633835922052944,-0.08165385966915195,-0.2490212085094851,0.18932092458314442,0.0,0.2538521746897115,0.4810722258607944,0.3786285676455329,1.1310953793432754,0.3408562061348306,0.0,4.0,20.0,0.3
3.311999999999857,-0.2571036779843687,-0.0730084526788348,-0.24875343622344617,0.19161150490707485,0.0,0.2561427550136419,0.48109872363944844,0.3786285690131526,1.131095204507307,0.34085583319877133,0.0,4.0,20.0,0.3
3.3219999999998557,-0.257773378188187,-0.06278312195225152,-0.24856461881094966,0.19395018662156888,0.0,0.25848143672813595,0.4811263248555903,0.37862857035363795,1.1308800496106781,0.34085545684483626,0.0,4.0,20.0,0.3
3.3319999999998546,-0.2583368034046947,-0.05201888781487676,-0.24846855798967415,0.19686588692649562,0.0,0.26139713703306267,0.481155087750498,0.3786285716675272,1.1312629176613056,0.3408550763303684,0.0,4.0,20.0,0.3
3.3419999999998535,-0.25878310882323463,-0.03936654320687649,-0.24844915640159043,0.1990537689699838,0.0,0.26358501907655085,0.48118504492539876,0.3786285729553481,1.1304922419521881,0.34085469230263243,0.0,4.0,20.0,0.3
3.3519999999998524,-0.2590938453759127,-0.025780796481980183,-0.24850784978231347,0.20195607817785508,0.0,0.2664873282844221,0.48121620265402465,0.3786285742176178,1.1306689405779011,0.34085430461175475,0.0,4.0,20.0,0.3
3.3619999999998513,-0.2592757672877084,-0.01318046573845627,-0.24866840905494544,0.20519742355671827,0.0,0.26972867366328535,0.4812485398008121,0.37862857545484324,1.131345265178409,0.3408539120376441,0.0,4.0,20.0,0.3
3.3719999999998502,-0.25932231426409225,0.0013211723603112277,-0.24889003349822925,0.2068016810338365,0.0,0.2713329311404036,0.4812820102537688,0.37862857666752125,1.1298315625640285,0.3408535163857854,0.0,4.0,20.0,0.3
3.381999999999849,-0.25922360899670593,0.015505956221543646,-0.24918319986432785,0.2093850110237578,0.0,0.27391626113032486,0.4813165435036386,0.37862857785613896,1.1298700749635713,0.3408531170965735,0.0,4.0,20.0,0.3
3.391999999999848,-0.25898647639115663,0.029171450316146062,-0.2495429407934361,0.2115914843589771,0.0,0.27612273446554414,0.4813520448401293,0.3786285790211738,1.1296341668486933,0.3408527143174184,0.0,4.0,20.0,0.3
3.401999999999847,-0.25861256576512553,0.04214777546184553,-0.24997346425250921,0.2131472932816285,0.0,0.2776785433881956,0.4813883979821258,0.3786285801630936,1.1288083251653682,0.340852309076712,0.0,3.0,20.0,0.3
3.411999999999846,-0.2581410230328412,0.05019844950907189,-0.2505817272606285,0.21588028423367145,0.0,0.2804115343402385,0.48142546787166296,0.3786285812823569,1.1300224902175975,0.34085190074760113,0.0,3.0,20.0,0.3
3.4219999999998447,-0.2576027454770246,0.05624395553904599,-0.25127554230401095,0.21793178441849853,0.0,0.2824630345250656,0.4814631086074749,0.3786285823794133,1.1307291587010928,0.34085148866156273,0.0,3.0,20.0,0.3
3.4319999999998436,-0.25700667055580934,0.06174781600663598,-0.2520170618384127,0.21973100440967627,0.0,0.2842622545162433,0.4815011702853617,0.37862858345470346,1.131567779179834,0.3408510740666778,0.0,3.0,20.0,0.3
3.4419999999998425,-0.25635945790304104,0.06683626014513397,-0.2527828057751604,0.22037216135299384,0.0,0.2849034114595609,0.48153950151174757,0.37862858450865927,1.1312997943189287,0.34085065773873185,0.0,3.0,20.0,0.3
3.4519999999998414,-0.2556618201736413,0.07152118344681781,-0.2535458709145168,0.22103842065086063,0.0,0.2855696707574277,0.48157795071697196,0.37862858554170387,1.1316023254758205,0.3408502406112013,0.0,3.0,20.0,0.3
3.4619999999998403,-0.25492330105270633,0.07512625119056662,-0.2542941088308969,0.2211960509530541,0.0,0.2857273010596212,0.4816163668086297,0.37862858655425213,1.1317375615961578,0.34084982311737894,0.0,3.0,20.0,0.3
3.471999999999839,-0.25416074764195995,0.07685461356678235,-0.2550222764671153,0.22119794202043938,0.0,0.2857291921270064,0.4816546011126285,0.37862858754671086,1.1321968104321534,0.34084940545946957,0.0,3.0,20.0,0.3
3.481999999999838,-0.2533870688301107,0.07770286099241562,-0.2557001037521246,0.22001973082266912,0.0,0.2845509809292362,0.48169251038527894,0.37862858851947856,1.1315320556975323,0.3408489887366092,0.0,3.0,20.0,0.3
3.491999999999837,-0.25261264945268647,0.07709550900790756,-0.2563172121599413,0.2189259504596219,0.0,0.28345720056618895,0.4817299591014793,0.3786285894729459,1.1314904146102274,0.3408485733802107,0.0,3.0,20.0,0.3
3.501999999999836,-0.2518484100750779,0.07561567035567918,-0.2568505003892853,0.21769517776765074,0.0,0.2822264278742178,0.48176682118744213,0.3786285904074959,1.131728355980354,0.3408481602824609,0.0,3.0,20.0,0.3
3.511999999999835,-0.25111870279630083,0.07083805292593635,-0.2573272836613039,0.2165782611500072,0.0,0.28110951125657424,0.4818029818732387,0.37862859132350374,1.1325530468047835,0.3408477485705497,0.0,3.0,20.0,0.3
3.5219999999998337,-0.25044827408698866,0.06430229103541671,-0.25772673850182964,0.2147039914897062,0.0,0.2792352415962733,0.4818383414629985,0.3786285922213375,1.1326894332748152,0.34084733904858855,0.0,3.0,20.0,0.3
3.5319999999998326,-0.24984848632899065,0.0572951964519547,-0.25802514460963355,0.21214422667619107,0.0,0.27667547678275817,0.48187281911531465,0.3786285931013576,1.1321769759184477,0.3408469326473901,0.0,3.0,20.0,0.3
3.5419999999998315,-0.24931777818015524,0.05008271875558447,-0.25820639779971305,0.2099465504606285,0.0,0.27447780056719556,0.4819063537301166,0.3786285939639175,1.132418264728806,0.3408465300652586,0.0,3.0,20.0,0.3
3.5519999999998304,-0.24886979936147416,0.041416183163892326,-0.25828807104093987,0.20718985806844972,0.0,0.2717211081750168,0.4819389029808192,0.3786285948093637,1.1320537637012187,0.3408461308092725,0.0,3.0,20.0,0.3
3.5619999999998293,-0.24850562051866115,0.03302570169161183,-0.25824428587522164,0.20433708608316678,0.0,0.2688683361897338,0.48197044408535683,0.37862859563803575,1.1316592127124174,0.34084573592002804,0.0,3.0,20.0,0.3
3.571999999999828,-0.24822333835500346,0.024832480496907693,-0.25807416950870443,0.20154254698254073,0.0,0.26607379708910783,0.48200097307570966,0.37862859645026636,1.1313784826796591,0.3408453455748988,0.0,3.0,20.0,0.3
3.581999999999827,-0.2480351765515442,0.01454217220537039,-0.25781890881508335,0.199394716535382,0.0,0.26392596664194906,0.48203050336358194,0.3786285972463818,1.1319618717729045,0.3408449584586639,0.0,3.0,20.0,0.3
3.591999999999826,-0.24795765295339642,0.0029377289022225993,-0.2574865767669171,0.19751649469970653,0.0,0.2620477448062736,0.48205906673676546,0.37862859802670185,1.1328059552005132,0.34084457438313703,0.0,3.0,20.0,0.3
3.601999999999825,-0.24799738548695657,-0.008909183871351391,-0.25708946461141574,0.1946326312735366,0.0,0.2591638813801037,0.482086715160339,0.3786285987915398,1.1320528857589442,0.3408441938172878,0.0,4.0,20.0,0.3
3.611999999999824,-0.2481618977631183,-0.02144265681683832,-0.2566931060100793,0.19211222738638178,0.0,0.25664347749294886,0.48211352081850656,0.378628599541203,1.1315635352773286,0.34084381750777054,0.0,4.0,20.0,0.3
3.6219999999998227,-0.2484462062205782,-0.03276803211062522,-0.2562403344029521,0.18976450648505963,0.0,0.25429575659162673,0.4821395758315021,0.3786286002759923,1.1310186112113065,0.34084344432572744,0.0,4.0,20.0,0.3
3.6319999999998216,-0.24883792831841703,-0.04337309612909403,-0.2557445041104011,0.18831609152544734,0.0,0.2528473416320144,0.4821649899669452,0.37862860099620294,1.1313840399527098,0.34084307371110883,0.0,4.0,20.0,0.3
3.6419999999998205,-0.24933449777230485,-0.053944569852703,-0.25522898415660017,0.18775689688467273,0.0,0.2522881469912398,0.4821898872760664,0.37862860170212403,1.1325990255998613,0.34084270460975374,0.0,4.0,20.0,0.3
3.6519999999998194,-0.24993327240493066,-0.06349043133832338,-0.25470012238302225,0.1866287056150999,0.0,0.25115995572166694,0.48221440438877117,0.3786286023940392,1.132581146655275,0.34084233673941583,0.0,4.0,20.0,0.3
3.6619999999998183,-0.2506214233447413,-0.07206150423930092,-0.2541709728327303,0.1862531351683233,0.0,0.2507843852748904,0.48223868871320247,0.37862860307222646,1.1331505394482573,0.340841969503062,0.0,4.0,20.0,0.3
3.671999999999817,-0.2513869182053027,-0.079112210740165,-0.2536493137516077,0.18604436558438028,0.0,0.25057561569094733,0.4822628953637968,0.37862860373695795,1.1334653019660346,0.34084160253177653,0.0,4.0,20.0,0.3
3.681999999999816,-0.2522040345126193,-0.08309725191543715,-0.25312405050155024,0.18580477048226443,0.0,0.25033602058883153,0.48228718387179653,0.37862860438850077,1.133239516052957,0.3408412363418131,0.0,4.0,20.0,0.3
3.691999999999815,-0.25305011524891463,-0.08529994904608526,-0.2526171763258934,0.18605091090440437,0.0,0.2505821610109714,0.48231171305347975,0.3786286050271166,1.1331990477472231,0.3408408698985747,0.0,4.0,20.0,0.3
3.701999999999814,-0.25390061189452423,-0.08486810308335879,-0.25212533806236015,0.18654890219958353,0.0,0.2510801523061506,0.48233663632228735,0.37862860565306183,1.1330290913574195,0.34084050334054045,0.0,4.0,20.0,0.3
3.711999999999813,-0.25473950574444454,-0.08314964080387505,-0.2516736774417326,0.1876830592452444,0.0,0.25221430935181144,0.4823620974630588,0.3786286062665879,1.1332897674142037,0.340840135459703,0.0,4.0,20.0,0.3
3.7219999999998117,-0.25555448001664766,-0.0801481591385881,-0.2512732938557745,0.18889303212442657,0.0,0.25342428223099367,0.4823882278251485,0.37862860686794125,1.1332259650861727,0.34083976568389807,0.0,4.0,20.0,0.3
3.7319999999998106,-0.25632984965388583,-0.07549899924366288,-0.25092748059866965,0.19038284524163096,0.0,0.25491409534819803,0.48241514454735906,0.3786286074573634,1.1331614048481082,0.34083939379798617,0.0,4.0,20.0,0.3
3.7419999999998095,-0.25704239550062585,-0.06780226920258042,-0.2506214942823018,0.19090254156705472,0.0,0.2554337916736218,0.48244294833584483,0.378628608035091,1.1313935831212754,0.3408390204315398,0.0,4.0,20.0,0.3
3.7519999999998084,-0.2576571018525485,-0.05683927595541427,-0.2503441811910986,0.19185063482499715,0.0,0.2563818849315642,0.48247171979746606,0.37862860860135616,1.1299400220964428,0.34083864606899983,0.0,4.0,20.0,0.3
3.7619999999998073,-0.2581545192004987,-0.04503599100867759,-0.2501202576067956,0.19388946343233113,0.0,0.2584207135388982,0.48250151440526834,0.3786286091563862,1.1297935569696738,0.3408382695119333,0.0,4.0,20.0,0.3
3.771999999999806,-0.25853857448906686,-0.03408135134095203,-0.24997737522974062,0.19648090093907292,0.0,0.26101215104564,0.4825323605122334,0.37862860970040413,1.1302649726566427,0.34083788938902804,0.0,4.0,20.0,0.3
3.781999999999805,-0.2588154260800052,-0.023579328032865762,-0.24991850390294673,0.19936162820468847,0.0,0.2638928783112555,0.48256426154797366,0.3786286102336284,1.1310493301823947,0.34083750546451047,0.0,4.0,20.0,0.3
3.791999999999804,-0.2589903424364992,-0.013392260469254763,-0.24994605004177556,0.20192673043672418,0.0,0.2664579805432913,0.48259719891099495,0.3786286107562732,1.131363872860794,0.34083711752396073,0.0,4.0,20.0,0.3
3.801999999999803,-0.25906201655699923,-0.0028378044769237706,-0.2500495988970922,0.20410060426268434,0.0,0.2686318543692514,0.4826311343154643,0.37862861126854835,1.1311675980775964,0.34083672595836506,0.0,4.0,20.0,0.3
3.8119999999998018,-0.2590257913017418,0.007669544761705442,-0.25022608958087716,0.20713168510516028,0.0,0.27166293521172735,0.482666010939451,0.3786286117706596,1.1322737791150796,0.34083633082803133,0.0,4.0,20.0,0.3
3.8219999999998007,-0.2588873403919384,0.0183774237340166,-0.2504686495040236,0.20849335669124622,0.0,0.27302460679781326,0.48270175424402223,0.37862861226280864,1.131205786880678,0.34083593236292603,0.0,4.0,20.0,0.3
3.8319999999997996,-0.2586323665413536,0.029845632704725115,-0.25075244189407964,0.21062092795696272,0.0,0.27515217806352976,0.48273827344953746,0.37862861274519316,1.1314355720737366,0.3408355316710951,0.0,4.0,20.0,0.3
3.8419999999997985,-0.2582730163684871,0.03998967873465034,-0.2510954180710736,0.21226971159243568,0.0,0.27680096169900276,0.48277546114512715,0.3786286132180069,1.1312749879328718,0.3408351278470867,0.0,4.0,20.0,0.3
3.8519999999997974,-0.257817287499251,0.04841558016071071,-0.25150743424781563,0.21410222921918787,0.0,0.27863347932575494,0.48281319601144296,0.3786286136814397,1.1316999742448055,0.3408347216385658,0.0,3.0,20.0,0.3
3.8619999999997963,-0.2573005018133372,0.053962753637617,-0.25205124770450077,0.21489873948512386,0.0,0.27942998959169096,0.48285134632888277,0.3786286141356776,1.1310533414822221,0.3408343138008049,0.0,3.0,20.0,0.3
3.871999999999795,-0.25672955727447333,0.059251942144237804,-0.2526261835506542,0.21614575741945824,0.0,0.2806770075260253,0.48288977632228,0.37862861458090324,1.1314568112338939,0.3408339042187674,0.0,3.0,20.0,0.3
3.881999999999794,-0.2561101691843241,0.06373602278160777,-0.25322052771942544,0.2166885612280317,0.0,0.2812198113345988,0.4829283486241116,0.37862861501729533,1.1313185224293938,0.3408334932733395,0.0,3.0,20.0,0.3
3.891999999999793,-0.255447721782265,0.06773228232860194,-0.25381057413691643,0.21699095750443217,0.0,0.2815222076109992,0.48296692551489684,0.378628615445029,1.1313035105617786,0.3408330817855875,0.0,3.0,20.0,0.3
3.901999999999792,-0.2547506280520327,0.07124047094159147,-0.25437866360491346,0.21644361418490923,0.0,0.28097486429147633,0.4830053703465547,0.3786286158642762,1.1305650402966796,0.3408326703826552,0.0,3.0,20.0,0.3
3.9119999999997908,-0.2540244533908818,0.07311730804923817,-0.2549202083381773,0.21672719177659866,0.0,0.28125844188316573,0.48304354888837725,0.3786286162752053,1.131454412394858,0.3408322592640439,0.0,3.0,20.0,0.3
3.9219999999997897,-0.25329592931015904,0.07230367731731781,-0.2554449836803729,0.21673347338351712,0.0,0.2812647234900842,0.48308133098909734,0.37862861667798126,1.1324053299944667,0.34083184810754463,0.0,3.0,20.0,0.3
3.9319999999997886,-0.2525900640298469,0.0695596767549757,-0.255939356556563,0.21579196587511826,0.0,0.2803232159816853,0.4831185951990199,0.3786286170727659,1.1324533251039681,0.34083143741293914,0.0,3.0,20.0,0.3
3.9419999999997875,-0.25191129336811563,0.06645902046992876,-0.25636665511401446,0.2147631594874725,0.0,0.27929440959403956,0.48315523269203736,0.3786286174597178,1.132771358611378,0.34083102852742425,0.0,3.0,20.0,0.3
3.9519999999997864,-0.25126881154347985,0.06280252527768662,-0.2567184916848041,0.21300251053003555,0.0,0.2775337606366026,0.4831911480713,0.3786286178389924,1.1324179441608835,0.3408306218208578,0.0,3.0,20.0,0.3
3.9619999999997852,-0.2506635493232056,0.0589955671554212,-0.25697536543500393,0.2108931046990744,0.0,0.2754243548056415,0.48322625989464624,0.3786286182107419,1.1318850702229342,0.3408302180784549,0.0,3.0,20.0,0.3
3.971999999999784,-0.2501042670091447,0.053802460106293276,-0.2571470388118844,0.20889348330238264,0.0,0.2734247334089497,0.4832605003201979,0.37862861857511565,1.1317644267170766,0.3408298170656086,0.0,3.0,20.0,0.3
3.981999999999783,-0.2495991167259063,0.04837391870061731,-0.2572149383955543,0.20639108822677554,0.0,0.2709223383333426,0.48329381583326536,0.3786286189322599,1.1311424018989287,0.3408294195398365,0.0,3.0,20.0,0.3
3.991999999999782,-0.2491501091906572,0.04242697660986061,-0.2571777433247558,0.20395363384361592,0.0,0.268484883950183,0.48332616780148635,0.3786286192823182,1.1307559204483961,0.34082902567327206,0.0,3.0,20.0,0.3
4.001999999999781,-0.24876640963069785,0.03573305270159616,-0.25704150284766025,0.20140507721380657,0.0,0.26593632732037364,0.48335753219906963,0.37862861962543115,1.1302970631599791,0.34082863536995406,0.0,3.0,20.0,0.3
4.01199999999978,-0.2484487978316063,0.028672434802816567,-0.25680173143154017,0.19933057761379658,0.0,0.26386182772036365,0.483387900011632,0.3786286199617365,1.1305234601202032,0.3408282489122663,0.0,3.0,20.0,0.3
4.021999999999779,-0.24821542364053772,0.019780571079515332,-0.25649290600940916,0.1970850613479374,0.0,0.2616163114545045,0.4834172770587233,0.37862862029136946,1.1304678177543712,0.3408278651876864,0.0,3.0,20.0,0.3
4.031999999999778,-0.24808328323553774,0.008833994882219334,-0.2561357599580368,0.19544540070821448,0.0,0.25997665081478155,0.4834456859398357,0.3786286206144622,1.1311529428908518,0.3408274835447032,0.0,3.0,20.0,0.3
4.041999999999777,-0.2480561305878036,-0.0014377313086507554,-0.25570673886067996,0.1938177393011028,0.0,0.25834898940766987,0.48347316812609914,0.3786286209311445,1.1316847364280145,0.3408271048760476,0.0,3.0,20.0,0.3
4.051999999999776,-0.2481322710839376,-0.01226961976559613,-0.25524510328327515,0.19186872476708133,0.0,0.2563999748736484,0.4834997835534662,0.3786286212415437,1.131539804053424,0.3408267287861646,0.0,4.0,20.0,0.3
4.061999999999775,-0.2483348154222238,-0.02541313790848992,-0.25484320481274364,0.19080205746584653,0.0,0.25533330757241357,0.48352560955178936,0.37862862154578436,1.132359903005748,0.3408263548978342,0.0,4.0,20.0,0.3
4.071999999999774,-0.2486536886534105,-0.03580448231119745,-0.25439799437393185,0.1888593147650898,0.0,0.2533905648716569,0.48355074285185323,0.3786286218439887,1.1316431169758807,0.34082598352398075,0.0,4.0,20.0,0.3
4.0819999999997725,-0.2490610762423425,-0.04414077853754587,-0.25391558563747113,0.1880066121766813,0.0,0.25253786228324837,0.48357529666935506,0.3786286221362765,1.1321069462849036,0.3408256144329573,0.0,4.0,20.0,0.3
4.091999999999771,-0.24954757133225378,-0.0514277771972594,-0.2534178451637647,0.18663477789813573,0.0,0.2511660280047028,0.48359939473241387,0.3786286224227652,1.1314677870835634,0.3408252466289031,0.0,4.0,20.0,0.3
4.10199999999977,-0.25009287468066593,-0.05637175205038154,-0.25289558778413057,0.18562237916458474,0.0,0.2501536292711518,0.48362316797406324,0.37862862270356973,1.1309339122185453,0.34082488056574317,0.0,4.0,20.0,0.3
4.111999999999769,-0.250678955120621,-0.05986123561251434,-0.25236571086353604,0.18500971840732652,0.0,0.2495409685138936,0.48364675030529375,0.3786286229788029,1.1305496841851927,0.3408245154742865,0.0,4.0,20.0,0.3
4.121999999999768,-0.25129086851221,-0.061896559655847797,-0.25183728493001845,0.18477811144211356,0.0,0.24930936154868064,0.4836702747266267,0.37862862324857527,1.130284347116386,0.3408241509353719,0.0,4.0,20.0,0.3
4.131999999999767,-0.2519147662924574,-0.06259640752124315,-0.2513211469239487,0.18495766207455266,0.0,0.24948891218111974,0.4836938703827292,0.3786286235129952,1.1301836191156691,0.3408237864352172,0.0,4.0,20.0,0.3
4.141999999999766,-0.2525406900760411,-0.06251943259233828,-0.2508347913515476,0.18565163673887713,0.0,0.2501828868454442,0.4837176600269283,0.37862862377216877,1.130402987639766,0.3408234211331046,0.0,4.0,20.0,0.3
4.151999999999765,-0.2531649044593561,-0.06238612614931213,-0.2504003898398746,0.18738774604672584,0.0,0.25191899615329294,0.48374175845107914,0.37862862402620023,1.1316978283176706,0.3408230539471676,0.0,4.0,20.0,0.3
4.161999999999764,-0.2537843746444205,-0.061547471289879856,-0.2500242613056598,0.18890429349898658,0.0,0.25343554360555365,0.48376627212038786,0.3786286242751915,1.1323235382811918,0.34082268451568287,0.0,4.0,20.0,0.3
4.171999999999763,-0.25439024313095193,-0.059943708230899506,-0.2497144098130592,0.19079888976921328,0.0,0.25533013987578035,0.48379129888280875,0.3786286245192427,1.1331462015366283,0.34082231239413535,0.0,4.0,20.0,0.3
4.1819999999997615,-0.25497358311972235,-0.05689624948857115,-0.24947034367051035,0.19230480585556667,0.0,0.25683605596213377,0.48381692691855915,0.37862862475845177,1.1331273684324534,0.3408219375238448,0.0,4.0,20.0,0.3
4.19199999999976,-0.25551503728607233,-0.051964214708459175,-0.24928610487418043,0.19431581632573505,0.0,0.25884706643230215,0.48384323332073154,0.3786286249929147,1.1335617865773675,0.3408215601119271,0.0,4.0,20.0,0.3
4.201999999999759,-0.255994880820933,-0.04510731646777773,-0.24915784521236586,0.1958669822603574,0.0,0.2603982323669245,0.4838702811501573,0.37862862522272583,1.133148539249322,0.3408211802711591,0.0,4.0,20.0,0.3
4.211999999999758,-0.2564007224087103,-0.037873760258422956,-0.24910140539238426,0.19878636947490924,0.0,0.2633176195814763,0.48389811661543075,0.3786286254479773,1.1345010960735618,0.34082079719134634,0.0,4.0,20.0,0.3
4.221999999999757,-0.25673377429194205,-0.030112311402441267,-0.24911955844212474,0.20075787312652274,0.0,0.26528912323308984,0.4839267680215348,0.37862862566875966,1.1344297696771637,0.340820410649118,0.0,4.0,20.0,0.3
4.231999999999756,-0.2569825786132026,-0.021265479538260575,-0.249200544546871,0.20263013708605415,0.0,0.2671613871926212,0.4839562465416383,0.37862862588516155,1.1341798081196974,0.3408200211163186,0.0,4.0,20.0,0.3
4.241999999999755,-0.25713561855529915,-0.010839653982253668,-0.2493307876997935,0.20387112359504211,0.0,0.2684023737016092,0.4839865454896703,0.37862862609726994,1.133065165453183,0.3408196291571974,0.0,4.0,20.0,0.3
4.251999999999754,-0.25717607825411143,0.0003474523344948813,-0.24950553703511633,0.20588060600360147,0.0,0.27041185611016855,0.48401763901177913,0.3786286263051699,1.1331075693280752,0.3408192349470519,0.0,4.0,20.0,0.3
4.261999999999753,-0.25711077000656285,0.01072139723976278,-0.249740123253851,0.2077695041902304,0.0,0.27230075429679745,0.4840494808642098,0.378628626508945,1.133118616698058,0.34081883770318777,0.0,4.0,20.0,0.3
4.2719999999997516,-0.25694593536864063,0.020286309597890295,-0.2500297610812588,0.20984144108870476,0.0,0.27437269119527186,0.484082006557167,0.37862862670867714,1.1335756245224673,0.34081843758415753,0.0,4.0,20.0,0.3
4.2819999999997505,-0.25669206037655995,0.028698748170160986,-0.2503739948558098,0.21176615401774188,0.0,0.2762974041243089,0.4841151360391786,0.3786286269044463,1.1340632523634557,0.34081803454663023,0.0,4.0,20.0,0.3
4.291999999999749,-0.2563538205885788,0.037285458361763224,-0.25074856544637936,0.21276593819641026,0.0,0.27729718830297734,0.48414877669061657,0.3786286270963314,1.133534971693353,0.34081762967055795,0.0,4.0,20.0,0.3
4.301999999999748,-0.25593156362727226,0.04472361279531405,-0.25116945957979186,0.21374057802918567,0.0,0.27827182813575274,0.4841828251199481,0.3786286272844093,1.1332902839306151,0.3408172234369162,0.0,3.0,20.0,0.3
4.311999999999747,-0.255470091522105,0.04692170708630325,-0.2517429131803962,0.2156142984967485,0.0,0.2801455486033156,0.4842171691017434,0.37862862746875564,1.1346630279351886,0.340816814943015,0.0,3.0,20.0,0.3
4.321999999999746,-0.2549844764452859,0.05004664897288778,-0.25232829010917474,0.2156189994748416,0.0,0.28015024958140866,0.48425169542666013,0.3786286276494445,1.133804092024519,0.3408164053465325,0.0,3.0,20.0,0.3
4.331999999999745,-0.2544612517226685,0.053638889605100035,-0.2529016720700486,0.21601412774342035,0.0,0.28054537784998745,0.4842862931550077,0.3786286278265483,1.1338937639625013,0.3408159954953871,0.0,3.0,20.0,0.3
4.341999999999744,-0.2539138222428528,0.05536005191277959,-0.2534818692608041,0.21639444247593728,0.0,0.2809256925825043,0.48432085198213454,0.37862862800013825,1.1343710961941813,0.3408155847298762,0.0,3.0,20.0,0.3
4.351999999999743,-0.2533486620603901,0.05707396876971803,-0.25402891895176827,0.2162361100890467,0.0,0.28076736019561377,0.4843552642041699,0.3786286281702841,1.134500143352846,0.34081517446318177,0.0,3.0,20.0,0.3
4.361999999999742,-0.2527750367495289,0.05735720931142893,-0.25454784168988126,0.21582593058482724,0.0,0.2803571806913943,0.48438942616392466,0.37862862833705413,1.134672868162152,0.34081476455575993,0.0,3.0,20.0,0.3
4.3719999999997405,-0.25220459683907076,0.05654446499901841,-0.25502366689791506,0.21502564021972273,0.0,0.27955689032628983,0.4844232397531939,0.3786286285005154,1.1346771022070326,0.3408143555737593,0.0,3.0,20.0,0.3
4.381999999999739,-0.2516532182254901,0.054098150922877744,-0.2554570148959887,0.21413491158858053,0.0,0.2786661616951476,0.484456614552039,0.3786286286607334,1.1349055787047084,0.3408139475432675,0.0,3.0,20.0,0.3
4.391999999999738,-0.25112773522272963,0.051702103859786915,-0.25581534447696325,0.2122903417119323,0.0,0.2768215918184994,0.48448947022375555,0.3786286288177726,1.1341161043080286,0.3408135416689849,0.0,3.0,20.0,0.3
4.401999999999737,-0.2506325077362933,0.04775310772864089,-0.25610885311530845,0.21133284499303623,0.0,0.2758640950996033,0.484521737239625,0.3786286289716961,1.134848565634893,0.34081313768513616,0.0,3.0,20.0,0.3
4.411999999999736,-0.2501819926411442,0.04313661506276118,-0.2563249434682754,0.20956642083198304,0.0,0.2740976709385501,0.48455335744668676,0.3786286291225656,1.1346830038403677,0.3408127361080841,0.0,3.0,20.0,0.3
4.421999999999735,-0.24978678608834157,0.036946392651120326,-0.2564739605521211,0.20803696619892145,0.0,0.27256821630548855,0.48458428583574703,0.3786286292704417,1.1350346164512715,0.3408123366640047,0.0,3.0,20.0,0.3
4.431999999999734,-0.2494599536144366,0.029763804158761207,-0.2565514613675515,0.20642291018489842,0.0,0.27095416029146546,0.48461449188220435,0.37862862941538394,1.135399130971039,0.34081193958776856,0.0,3.0,20.0,0.3
4.441999999999733,-0.2492079010225381,0.022279774627045716,-0.25654977592211153,0.2042981315413176,0.0,0.26882938164788467,0.4846439610037292,0.37862862955745047,1.1351241311777893,0.3408115452346634,0.0,3.0,20.0,0.3
4.451999999999732,-0.24903014235408222,0.014789080076060227,-0.2564644158770579,0.20213275877000833,0.0,0.2666640088765754,0.4846726946686515,0.37862862969669825,1.1348121373423325,0.3408111538598288,0.0,3.0,20.0,0.3
4.461999999999731,-0.24892138510308415,0.008307712096272506,-0.25628107311885245,0.19991540107079286,0.0,0.26444665117735994,0.48470070936752585,0.37862862983318324,1.1343924640828493,0.3408107660678681,0.0,3.0,20.0,0.3
4.4719999999997295,-0.2488892007993229,-0.0002660170222231091,-0.2560501850711396,0.19872694617816503,0.0,0.2632581962847321,0.48472803479578186,0.37862862996696034,1.1353246131480836,0.340810380184187,0.0,3.0,20.0,0.3
4.481999999999728,-0.2489332795484724,-0.007293724965796826,-0.25573236315349396,0.19662020938476304,0.0,0.2611514594913301,0.4847547139785204,0.3786286300980831,1.1348289156478404,0.34080999766159487,0.0,3.0,20.0,0.3
4.491999999999727,-0.24904700582563558,-0.013857882385467143,-0.25534713901572204,0.19441052424607544,0.0,0.25894177435264254,0.4847808025133839,0.37862863022660437,1.133999582298891,0.3408096179045487,0.0,3.0,20.0,0.3
4.501999999999726,-0.24921962794503683,-0.020305568696184304,-0.2549151708530454,0.19288000806706476,0.0,0.25741125817363186,0.4848063660850748,0.3786286303525757,1.1338895501369564,0.3408092410879126,0.0,4.0,20.0,0.3
4.511999999999725,-0.24948902287069102,-0.031125696792516817,-0.2545679307387004,0.1921845339435691,0.0,0.2567157840501362,0.4848314789851437,0.3786286304760477,1.1346841518120518,0.34080886500309016,0.0,4.0,20.0,0.3
4.521999999999724,-0.2498528149989298,-0.039500539323706826,-0.25418997403648985,0.1908959838103785,0.0,0.25542723391694555,0.48485622880739215,0.3786286305970699,1.134352375392325,0.34080849077446457,0.0,4.0,20.0,0.3
4.531999999999723,-0.2502883041084645,-0.046026783436770545,-0.25378828202060044,0.19000234573243105,0.0,0.25453359583899815,0.48488071573762515,0.378628630715691,1.1342516356516903,0.34080811811104955,0.0,4.0,20.0,0.3
4.541999999999722,-0.2507755245488321,-0.05009694195850156,-0.2533589998637793,0.1886584007394006,0.0,0.2531896508459677,0.484905047460271,0.3786286308319586,1.1331795845941066,0.34080774721948714,0.0,4.0,20.0,0.3
4.551999999999721,-0.2512970676273627,-0.05352701722477786,-0.2529271560763502,0.18878980813829796,0.0,0.25332105824486506,0.48492933457231874,0.3786286309459193,1.133821970408373,0.34080737695564006,0.0,4.0,20.0,0.3
4.56199999999972,-0.25185505838485106,-0.057300425386460144,-0.25252047292618185,0.1894090109356908,0.0,0.25394026104225786,0.48495368728654303,0.37862863105761896,1.1347878359535706,0.34080700600956637,0.0,4.0,20.0,0.3
4.5719999999997185,-0.25244623171695585,-0.060197105400518286,-0.2521390089631406,0.18971499037577874,0.0,0.2542462404823458,0.4849782153124752,0.37862863116710244,1.1349528603656214,0.34080663434752634,0.0,4.0,20.0,0.3
4.581999999999717,-0.25305474624064467,-0.06110934544235544,-0.251776216765643,0.190186071458319,0.0,0.2547173215648861,0.48500302705123094,0.3786286312744137,1.1349933124566967,0.34080626224925004,0.0,4.0,20.0,0.3
4.591999999999716,-0.25366397722360734,-0.06046335144950423,-0.2514414241977475,0.19058687669847063,0.0,0.2551181268050377,0.4850282267222973,0.3786286313795958,1.134594884842762,0.3408058892514756,0.0,4.0,20.0,0.3
4.601999999999715,-0.25424853459555724,-0.05661660616564611,-0.25111480250985996,0.19049516125965324,0.0,0.2550264113662203,0.48505391113009927,0.37862863148269105,1.1331902662352773,0.3408055162571348,0.0,4.0,20.0,0.3
4.611999999999714,-0.25477765602190683,-0.05022726505774086,-0.25079743378817637,0.19083201540206474,0.0,0.2553632655086318,0.48508016515991986,0.37862863158374077,1.1321039110820825,0.3408051432095985,0.0,4.0,20.0,0.3
4.621999999999713,-0.2552382806682825,-0.04340843969917853,-0.25051545986242363,0.19218756668135517,0.0,0.25671881678792224,0.4851070569265751,0.37862863168278565,1.132201095077479,0.3408047688642481,0.0,4.0,20.0,0.3
4.631999999999712,-0.2556338934057772,-0.037086877489279566,-0.25028996590702907,0.19386949810906307,0.0,0.25840074821563014,0.48513463633013487,0.37862863177986544,1.1325515869859226,0.340804392180665,0.0,4.0,20.0,0.3
4.641999999999711,-0.25596049646271224,-0.02945480752218274,-0.2501053368408929,0.1947220984849193,0.0,0.2592533485914864,0.4851629365093545,0.3786286318750191,1.1315792886552374,0.34080401382682673,0.0,4.0,20.0,0.3
4.65199999999971,-0.25620543143231306,-0.02101095692423182,-0.24996426894603332,0.19598881197554732,0.0,0.2605200620821144,0.48519197409512066,0.37862863196828483,1.1310734282884611,0.34080363363116256,0.0,4.0,20.0,0.3
4.661999999999709,-0.25636275748256276,-0.012370461647151325,-0.24987261842234249,0.19779441331442452,0.0,0.2623256634209916,0.4852217480818324,0.37862863205970015,1.1312583963657217,0.34080325126823563,0.0,4.0,20.0,0.3
4.6719999999997075,-0.25643341125829716,-0.0032626939593626003,-0.24982837942242975,0.19868183059380065,0.0,0.26321308070036775,0.4852522399981767,0.3786286321493017,1.1301429146789894,0.34080286676849847,0.0,4.0,20.0,0.3
4.681999999999706,-0.2564049749292079,0.0071516367806663365,-0.24981306795970282,0.1993741482471852,0.0,0.26390539835375226,0.48528341479233233,0.37862863223712545,1.1287911878207508,0.3408024809529074,0.0,4.0,20.0,0.3
4.691999999999705,-0.2562670115870397,0.01796287309774585,-0.2498265729814592,0.20097046874154728,0.0,0.26550171884811435,0.4853152198724068,0.3786286323232068,1.128795076325692,0.3408020937968941,0.0,4.0,20.0,0.3
4.701999999999704,-0.2560278324022589,0.027862998383595006,-0.249884676441626,0.20190480629764238,0.0,0.2664360564042094,0.4853475846976313,0.37862863240758016,1.1280099823182566,0.3408017047126899,0.0,3.0,20.0,0.3
4.711999999999703,-0.25570143313750476,0.03567150803658516,-0.2500141525839196,0.20360057221973282,0.0,0.2681318223262999,0.4853804232873666,0.3786286324902795,1.1284744442187133,0.3408013135074485,0.0,3.0,20.0,0.3
4.721999999999702,-0.2553042433797481,0.04251299880388571,-0.2501935013975366,0.2044698755793449,0.0,0.26900112568591195,0.48541363811313754,0.37862863257133805,1.1280051450745092,0.3408009203746542,0.0,3.0,20.0,0.3
4.731999999999701,-0.2548371597135401,0.04944674971322756,-0.25039634753381407,0.20537066570951173,0.0,0.2699019158160788,0.4854471238066105,0.37862863265078833,1.1278388443807352,0.34080052619668066,0.0,3.0,20.0,0.3
4.7419999999997,-0.25430530364145604,0.05574679418240144,-0.2506208372910123,0.2057228808520268,0.0,0.27025413095859385,0.48548076837869114,0.3786286327286623,1.1271939414562044,0.34080013100977763,0.0,3.0,20.0,0.3
4.751999999999699,-0.2537143450492504,0.0608391972259717,-0.2508624066965278,0.2068489957058242,0.0,0.2713802458123913,0.48551445456687775,0.3786286328049912,1.1279463054857835,0.34079973495748783,0.0,3.0,20.0,0.3
4.761999999999698,-0.25308587892326434,0.0638861840086065,-0.251130161996443,0.20761994888243887,0.0,0.27215119898900597,0.48554806185573396,0.3786286328798057,1.128530117136212,0.34079933768947934,0.0,3.0,20.0,0.3
4.7719999999996965,-0.25243325145189166,0.06607915838071232,-0.2514009216606982,0.20759116363650804,0.0,0.2721224137430751,0.48558147045967875,0.3786286329531358,1.1283304776857555,0.3407989399985551,0.0,3.0,20.0,0.3
4.781999999999695,-0.2517649856673503,0.06704345976278397,-0.2516683610046967,0.20769213296857847,0.0,0.27222338307514554,0.4856145640291855,0.3786286330250111,1.1286503958127923,0.3407985421100521,0.0,3.0,20.0,0.3
4.791999999999694,-0.2510984243689731,0.06598603640179745,-0.2519380415405484,0.2080306103354092,0.0,0.2725618604419763,0.48564723148650174,0.3786286330954603,1.1296338604870835,0.3407981438300472,0.0,3.0,20.0,0.3
4.801999999999693,-0.2504587761297715,0.06231410386292862,-0.2522191429976768,0.20853778110807222,0.0,0.2730690312146393,0.48567937013735646,0.37862863316451173,1.131168333437043,0.34079774482777186,0.0,3.0,20.0,0.3
4.811999999999692,-0.24986340157596362,0.05746806315665761,-0.25249030613213685,0.20846994766541874,0.0,0.27300119777198584,0.48571088980272464,0.3786286332321931,1.1321890368446401,0.34079734584866117,0.0,3.0,20.0,0.3
4.821999999999691,-0.2493210645773213,0.05246845200944589,-0.25273110285269296,0.2071158083060548,0.0,0.2716470584126219,0.48574171551638384,0.3786286332985317,1.1316715812133218,0.34079694762525103,0.0,3.0,20.0,0.3
4.83199999999969,-0.24881470977454107,0.049315448441681654,-0.25289229049168116,0.2055913446569419,0.0,0.27012259476350897,0.48577178773646457,0.37862863336355407,1.1311493581331273,0.3407965519532238,0.0,3.0,20.0,0.3
4.841999999999689,-0.24834925140291625,0.04429532326529666,-0.25301545289685146,0.20518360927691423,0.0,0.2697148593834813,0.4858010591099671,0.3786286334272863,1.1323910207438328,0.340796157447927,0.0,3.0,20.0,0.3
4.851999999999688,-0.24794135743614015,0.03847356919346907,-0.2530907005291317,0.20362683428080014,0.0,0.2681580843873672,0.4858294943796428,0.37862863348975406,1.1321832199662847,0.34079576449812976,0.0,3.0,20.0,0.3
4.861999999999687,-0.24759310823006733,0.03231397153898334,-0.25310795392694235,0.20229985250535196,0.0,0.266831102611919,0.48585707233816067,0.3786286335509825,1.13241413861266,0.34079537352313594,0.0,3.0,20.0,0.3
4.8719999999996855,-0.24731105273463522,0.02511072785519328,-0.253077592619253,0.20150183217860845,0.0,0.2660330822851755,0.4858837857001332,0.37862863361099597,1.1334581080864803,0.34079498422400717,0.0,3.0,20.0,0.3
4.881999999999684,-0.2471125082516274,0.01641220072122994,-0.2530165141034782,0.20037209583579718,0.0,0.26490334594236425,0.4859096416189825,0.3786286336698188,1.1340617974864702,0.3407945960495988,0.0,3.0,20.0,0.3
4.891999999999683,-0.2469970780603458,0.008249375550975404,-0.2528996621862946,0.1991537369454167,0.0,0.26368498705198373,0.48593466342244446,0.3786286337274746,1.1345179661366116,0.340794209930596,0.0,3.0,20.0,0.3
4.901999999999682,-0.24695862850652833,0.000960166057673191,-0.25272215893071326,0.19742259280568855,0.0,0.26195384291225565,0.4859588897921248,0.3786286337839865,1.1341879153631693,0.34079382610365805,0.0,3.0,20.0,0.3
4.911999999999681,-0.24698893751169093,-0.005341662971572025,-0.2524827564459822,0.19536841491867546,0.0,0.25989966502524253,0.48598237248658294,0.37862863383937706,1.1332952512360728,0.3407934446824154,0.0,3.0,20.0,0.3
4.92199999999968,-0.2470712513004452,-0.01018936576316484,-0.25217172830056983,0.1938223171598487,0.0,0.2583535672664158,0.48600517359420436,0.3786286338936687,1.1329663880732541,0.34079306609140914,0.0,3.0,20.0,0.3
4.931999999999679,-0.24720518063143482,-0.015555708527247719,-0.25182392216090627,0.19287673384917572,0.0,0.2574079839557428,0.4860273621336475,0.37862863394688306,1.1332960036405781,0.3407926891730656,0.0,3.0,20.0,0.3
4.941999999999678,-0.24738860097149115,-0.020107166854581478,-0.2514318508024732,0.1914073756885881,0.0,0.25593862579515514,0.4860490130224657,0.37862863399904173,1.132678055664532,0.34079231423479683,0.0,3.0,20.0,0.3
4.951999999999677,-0.24761891704728176,-0.025679209396365938,-0.2510398922370993,0.19103985759785677,0.0,0.2555711077044238,0.4860702061829344,0.3786286340501655,1.1333621594324765,0.340791940484395,0.0,4.0,20.0,0.3
4.961999999999676,-0.2479282215985288,-0.03463509966837629,-0.25074203252778676,0.1915525167017548,0.0,0.2560837668083219,0.4860910264226176,0.37862863410027486,1.1350200812173297,0.3407915666045991,0.0,4.0,20.0,0.3
4.9719999999996745,-0.2483215555920807,-0.04233799964501947,-0.2504549041031762,0.19145894748536496,0.0,0.25599019759193203,0.4861115679814659,0.37862863414939013,1.1355522920324486,0.3407911925638136,0.0,4.0,20.0,0.3
4.981999999999673,-0.24878169497374023,-0.048174685367194645,-0.2501737441330692,0.1912757946060253,0.0,0.2558070447125924,0.48613193506884256,0.37862863419753096,1.135667446777922,0.3407908185756294,0.0,4.0,20.0,0.3
4.991999999999672,-0.2492878907495708,-0.051772572740274754,-0.2498947028551533,0.19113705094545488,0.0,0.255668301052022,0.4861522379844176,0.37862863424471654,1.1355464143028065,0.34079044481445897,0.0,4.0,20.0,0.3
5.001999999999671,-0.24981984650053746,-0.05405131347532019,-0.2496285411693599,0.19156028598858257,0.0,0.2560915360951497,0.48617258851804174,0.378628634290966,1.1359152048962606,0.34079007077477075,0.0,4.0,20.0,0.3
5.01199999999967,-0.25037510525869533,-0.05632357266161089,-0.2494008226820424,0.19251345442345283,0.0,0.25704470453001993,0.48619309621247797,0.37862863433629773,1.136732727463424,0.3407896952303745,0.0,4.0,20.0,0.3
5.021999999999669,-0.2509469630476287,-0.057664335512226314,-0.24920932665948814,0.1937274188947355,0.0,0.25825866900130257,0.4862138675083222,0.37862863438073013,1.1376306134678067,0.3407893182420247,0.0,4.0,20.0,0.3
5.031999999999668,-0.2515263250883097,-0.05808727747072615,-0.24906012398543614,0.19509481219054173,0.0,0.25962606229710883,0.4862350046378672,0.37862863442428096,1.1384732894408058,0.3407889394802765,0.0,4.0,20.0,0.3
5.041999999999667,-0.2521052001450192,-0.05746145204815669,-0.24895745411940232,0.19637507865608556,0.0,0.26090632876265263,0.4862566041235125,0.37862863446696776,1.1389434426530518,0.3407885586924198,0.0,4.0,20.0,0.3
5.051999999999666,-0.25267025841686735,-0.055755208627902494,-0.24890235223587617,0.19807614077322963,0.0,0.2626073908797967,0.4862787552991008,0.37862863450880757,1.1397779461549618,0.3407881757786562,0.0,4.0,20.0,0.3
5.0619999999996645,-0.25321020447218645,-0.052617110296861946,-0.2488922245983652,0.19932092631713014,0.0,0.2638521764236972,0.4863015383204876,0.3786286345498173,1.1397788648353209,0.3407877908034228,0.0,4.0,20.0,0.3
5.0719999999996634,-0.25370840964195723,-0.047723508346476845,-0.24892009614525826,0.2002767461640109,0.0,0.26480799627057794,0.48632502234361114,0.3786286345900134,1.1392161803652892,0.34078740404393826,0.0,4.0,20.0,0.3
5.081999999999662,-0.25414606796320105,-0.040955626553755994,-0.24897827921074495,0.20145823756017633,0.0,0.2659894876667434,0.4863492630662869,0.37862863462941193,1.1388512275041462,0.3407870158192605,0.0,4.0,20.0,0.3
5.091999999999661,-0.2545090667425709,-0.032909554600255284,-0.2490679838485414,0.20226919171422553,0.0,0.2668004418207926,0.4863743000295663,0.37862863466802876,1.1378934263773732,0.3407866260356916,0.0,4.0,20.0,0.3
5.10199999999966,-0.25478307450016247,-0.023444807549938013,-0.24918019300850763,0.20302605791844616,0.0,0.2675573080250132,0.4864001547883588,0.3785569072535925,1.1368308220247232,0.3407862350830637,0.0,4.0,20.0,0.3
5.111999999999659,-0.254960597436141,-0.01437729161673498,-0.24932966433004922,0.20533575994313277,0.0,0.2698670100496998,0.4864268294163674,0.3782185713085469,1.137590299090121,0.34078584224424235,0.0,4.0,20.0,0.3
5.121999999999658,-0.2550649866917137,-0.007684869505221719,-0.24954952668160835,0.2068140969708243,0.0,0.2713453470773914,0.4864543069474662,0.37797574016573393,1.1373507344349,0.34078544590122783,0.0,4.0,20.0,0.3
5.131999999999657,-0.25509423772812495,9.514984900893877e-05,-0.2497956945880002,0.2082684082773765,0.0,0.2727996583839436,0.48648255600838736,0.37781044844327294,1.1373007600134288,0.34078504805914767,0.0,4.0,20.0,0.3
5.141999999999656,-0.25505466729255644,0.006249809039620725,-0.2500958361022901,0.21033817870172244,0.0,0.2748694288082895,0.48651153227208316,0.3776776032164184,1.1382368251859254,0.34078464738015246,0.0,4.0,20.0,0.3
5.151999999999655,-0.2549561919992981,0.011532477146576452,-0.2504528544061549,0.21136835073589366,0.0,0.27589960084246073,0.48654118031274973,0.37763056450846705,1.1380153913254794,0.3407842447516472,0.0,3.0,20.0,0.3
5.1619999999996535,-0.2548271687341257,0.013642006322081221,-0.25094219733817635,0.21303325048663044,0.0,0.2775645005931975,0.4865714368110234,0.37754903305713533,1.1388196710443137,0.3407838400877191,0.0,3.0,20.0,0.3
5.171999999999652,-0.254680501654447,0.015599584024020806,-0.2514775995498995,0.2141314076439503,0.0,0.27866265775051735,0.4866022358645215,0.37757045308051035,1.1391927643535944,0.3407834332085473,0.0,3.0,20.0,0.3
5.181999999999651,-0.25449775318359946,0.020516953185619347,-0.25199253342621325,0.21341340900542655,0.0,0.2779446591119936,0.4866335115630961,0.3775914481169401,1.1372861698007077,0.3407830264257527,0.0,3.0,20.0,0.3
5.19199999999965,-0.25425865668375913,0.025970762033869325,-0.25248991040297125,0.2138141436913102,0.0,0.27834539379787726,0.48666519486861004,0.37761202659843723,1.1372289990142508,0.3407826196695974,0.0,3.0,20.0,0.3
5.201999999999649,-0.2539691259637478,0.030720397811866054,-0.2529750470132211,0.21380196952125172,0.0,0.27833321962781876,0.48669721055519194,0.37761567248364575,1.1368757067667152,0.3407822127661281,0.0,3.0,20.0,0.3
5.211999999999648,-0.2536385605896919,0.03472902895381097,-0.25343990249465687,0.21348743269376577,0.0,0.2780186828003328,0.48672947842964626,0.3776042329367664,1.1363828456271805,0.34078180601215774,0.0,3.0,20.0,0.3
5.221999999999647,-0.25327382148805316,0.037424198569657556,-0.25388164551844283,0.21350481140579677,0.0,0.2780360615123638,0.4867619153516921,0.37728916700177456,1.1364475766263813,0.3407813995389187,0.0,3.0,20.0,0.3
5.231999999999646,-0.25289593382403514,0.037768131229657005,-0.2543136541748764,0.21362699771924634,0.0,0.27815824782581344,0.48679443726595933,0.3768692621048402,1.1367834465664897,0.340780992895788,0.0,3.0,20.0,0.3
5.241999999999645,-0.25252653792947044,0.03611724977135768,-0.2547324706118793,0.21365484563765996,0.0,0.27818609574422704,0.48682696314651835,0.3763369671876261,1.1371478383018876,0.3407805862165775,0.0,3.0,20.0,0.3
5.251999999999644,-0.2521753627563808,0.03416567272698876,-0.25511018170876504,0.2128478968069569,0.0,0.27737914691352394,0.48685941889013434,0.3757778596624591,1.136511005202291,0.3407801805082354,0.0,3.0,20.0,0.3
5.2619999999996425,-0.25184732160069623,0.03175424119939699,-0.2554407825895667,0.21180754127970794,0.0,0.27633879138627504,0.486891738981097,0.37525846371657,1.1359069713276544,0.3407797760310356,0.0,3.0,20.0,0.3
5.271999999999641,-0.25154642352044426,0.02885496000890964,-0.2557175087368109,0.21079717080791535,0.0,0.2753284209144824,0.4869238669133254,0.37465307462461755,1.1354028196372432,0.3407793730819634,0.0,3.0,20.0,0.3
5.28199999999964,-0.2512773074175077,0.025582408439554002,-0.25593392461427855,0.20923425482231506,0.0,0.27376550492888213,0.48695575543907743,0.3743750664102431,1.1346068726988296,0.3407789719524644,0.0,3.0,20.0,0.3
5.291999999999639,-0.2510461306629348,0.021367206174123347,-0.2560953388899355,0.20822035568328592,0.0,0.272751605789853,0.4869873669303035,0.3741093280069527,1.134751802920325,0.340778572526199,0.0,3.0,20.0,0.3
5.301999999999638,-0.25086744660917687,0.01568954462802816,-0.256214230695989,0.20698744689105694,0.0,0.271518696997624,0.48701867412392325,0.3737095996765674,1.1345852271812458,0.3407781744212561,0.0,3.0,20.0,0.3
5.311999999999637,-0.25074150533352524,0.010374666767356232,-0.2562649841058827,0.20593017642980804,0.0,0.2704614265363751,0.4870496617693181,0.37317800227530395,1.1346133420623663,0.3407777786024273,0.0,3.0,20.0,0.3
5.321999999999636,-0.25067638556887567,0.003995423391764917,-0.25627147975128023,0.20449980929196743,0.0,0.2690310593985345,0.4870803264350557,0.3723730332486014,1.1338612938031354,0.34077738429672727,0.0,3.0,20.0,0.3
5.331999999999635,-0.2506807405114523,-0.003777386291647488,-0.2562459380204766,0.2042714212160639,0.0,0.26880267132263097,0.4871106769439659,0.3715539197734809,1.1346812860836812,0.34077699112801046,0.0,3.0,20.0,0.3
5.341999999999634,-0.2507707599718737,-0.012425286871312231,-0.25619696033158834,0.20347910721179016,0.0,0.2680103573183572,0.4871407356127689,0.37090343857177377,1.134789796364731,0.3407765988191423,0.0,3.0,20.0,0.3
5.351999999999633,-0.2509482133471721,-0.021365940856392113,-0.256126349749278,0.20295599423864386,0.0,0.26748724434521093,0.4871705398963362,0.37035269331741816,1.1352547117891052,0.3407762074825745,0.0,4.0,20.0,0.3
5.3619999999996315,-0.2512151283586679,-0.02994695085115854,-0.2560443372172729,0.20163902788038507,0.0,0.26617027798695214,0.4872001420291844,0.3698277463819868,1.1345448476593603,0.3407758174471372,0.0,4.0,20.0,0.3
5.37199999999963,-0.25155987345575503,-0.03757455672576343,-0.25593727851966297,0.20125630810274486,0.0,0.26578755820931194,0.48722960797077525,0.3691861183896192,1.1348210820478406,0.34077542869453115,0.0,4.0,20.0,0.3
5.381999999999629,-0.2519779264935336,-0.044343595656027614,-0.2558129452108703,0.20045615596509214,0.0,0.2649874060716592,0.48725901477610367,0.3684765877568237,1.1342124126663506,0.3407750408807355,0.0,4.0,20.0,0.3
5.391999999999628,-0.25246237531787497,-0.05128339528012553,-0.25568909349875485,0.20082106566963545,0.0,0.26535231577620255,0.4872884484612475,0.36768999149505377,1.13490336117645,0.340774653193987,0.0,4.0,20.0,0.3
5.401999999999627,-0.2530151633113513,-0.05782165005916665,-0.25557192271312357,0.20074870348443508,0.0,0.26527995359100215,0.4873180023481391,0.36725730745021745,1.1350275909096565,0.3407742653354259,0.0,4.0,20.0,0.3
5.411999999999626,-0.2536256613867345,-0.06293915619091711,-0.2554558160170167,0.200552973964412,0.0,0.2650842240709791,0.48734777642875976,0.3667756409622151,1.1347047513126984,0.34077387756284294,0.0,4.0,20.0,0.3
5.421999999999625,-0.25428105806486023,-0.06728014002144395,-0.2553526743231752,0.2014478806259988,0.0,0.26597913073256585,0.4873778749272202,0.3665920429274383,1.1358484820686807,0.3407734893162912,0.0,4.0,20.0,0.3
5.431999999999624,-0.2549730089546872,-0.07009251293924132,-0.255261742052293,0.2013511380868758,0.0,0.2658823881934429,0.4874084036083604,0.3665633760668771,1.1355171094980863,0.34077310061063854,0.0,4.0,20.0,0.3
5.441999999999623,-0.2556834469439641,-0.07148326881981559,-0.25518581431650067,0.20189179103263843,0.0,0.2664230411392055,0.4874394675648555,0.3665265115240644,1.1357709622948935,0.3407727113042821,0.0,4.0,20.0,0.3
5.451999999999622,-0.25639474350236835,-0.07063266725193225,-0.25511724700449306,0.20219188538693567,0.0,0.26672313549350274,0.4874711679486388,0.3665730874335087,1.1355087388215965,0.3407723217381505,0.0,4.0,20.0,0.3
5.4619999999996205,-0.25709171338432435,-0.06885693816587393,-0.255072803435099,0.20294053591044964,0.0,0.2674717860170167,0.48750359871139265,0.3667494610647186,1.1357097332714878,0.3407719311132131,0.0,4.0,20.0,0.3
5.471999999999619,-0.2577611927848473,-0.06537931659089755,-0.2550463058737917,0.2034780298997386,0.0,0.26800928000630564,0.4875368440112859,0.36685393397748955,1.1353943956277603,0.34077153969155666,0.0,4.0,20.0,0.3
5.481999999999618,-0.2583889573701193,-0.061120493251374655,-0.2550485516914569,0.20480717248416422,0.0,0.26933842259073126,0.4875709761620514,0.36664956597803017,1.1356308504022845,0.3407711469461828,0.0,4.0,20.0,0.3
5.491999999999617,-0.2589738073912157,-0.05644534889051632,-0.2550906233771516,0.20563765773710957,0.0,0.27016890784367664,0.4876060539547603,0.36639761626900685,1.134922953138624,0.34077075231386095,0.0,4.0,20.0,0.3
5.501999999999616,-0.2595044671171201,-0.05078421150606083,-0.25516571782394626,0.20709710410301937,0.0,0.2716283542095864,0.48764212273506313,0.36639107863577675,1.1351730667968862,0.34077035607394784,0.0,4.0,20.0,0.3
5.511999999999615,-0.2599744985571181,-0.044555134060509594,-0.2552792502888643,0.2086035765813737,0.0,0.27313482668794076,0.4876792134512505,0.36615591021607097,1.1352469291270921,0.34076995793080056,0.0,4.0,20.0,0.3
5.521999999999614,-0.260385279519017,-0.038696856622471264,-0.2554454006904345,0.21023178515118282,0.0,0.2747630352577499,0.4877173423651224,0.36572274459393955,1.135179152911542,0.3407695571679448,0.0,4.0,20.0,0.3
5.531999999999613,-0.26073177999550773,-0.03194811450805187,-0.2556484254928497,0.21143495268606788,0.0,0.27596620279263495,0.4877565119866175,0.365062445834398,1.1342244797187355,0.3407691544684487,0.0,4.0,20.0,0.3
5.541999999999612,-0.2610159030066667,-0.026200993270234386,-0.2559099519091518,0.21381067959573613,0.0,0.2783419297023032,0.4877967113318599,0.3645029606068785,1.1350139765240348,0.3407687487688921,0.0,4.0,20.0,0.3
5.551999999999611,-0.26124610443262486,-0.02079365241945512,-0.2562255912875909,0.215559875667331,0.0,0.28009112577389805,0.4878379172104021,0.3639312106087406,1.1349286851661502,0.34076834020435715,0.0,4.0,20.0,0.3
5.5619999999996095,-0.2614276671827248,-0.016551040802393648,-0.25660397542241326,0.218170867252933,0.0,0.28270211735950007,0.4878800964697279,0.3634433774325191,1.136266787287099,0.3407679283082444,0.0,4.0,20.0,0.3
5.571999999999608,-0.2615660905716424,-0.012060408095236359,-0.2570276459058543,0.2196914722970665,0.0,0.28422272240363355,0.4879232078708157,0.36265065103259025,1.1359011921798357,0.3407675138279536,0.0,4.0,20.0,0.3
5.581999999999607,-0.2616593113439797,-0.00763901470293574,-0.25749245791897213,0.22136329112702013,0.0,0.2858945412335872,0.48796720355595957,0.3618420922737042,1.1358176668669455,0.3407670969085237,0.0,4.0,20.0,0.3
5.591999999999606,-0.261709405242914,-0.0034447237295129676,-0.25799377694510306,0.2228925767451554,0.0,0.28742382685172246,0.48801202935002697,0.360960987757197,1.1356608501777248,0.34076667772020836,0.0,4.0,20.0,0.3
5.601999999999605,-0.26171927156140123,-0.00011213615539167748,-0.2585513041853194,0.2234975876640831,0.0,0.28802883777065014,0.48805762558401183,0.3601855133105525,1.1344391902736721,0.3407662569371261,0.0,3.0,20.0,0.3
5.611999999999604,-0.26172272827636495,-0.0006073518789848423,-0.2592687755212547,0.22516990811897034,0.0,0.28970115822553744,0.48810392874383574,0.35944579427684803,1.135023638220209,0.34076583468878413,0.0,3.0,20.0,0.3
5.621999999999603,-0.2617405914402621,-0.0025246490216674147,-0.2600474647181842,0.2269250702769888,0.0,0.29145632038355584,0.4881508772886668,0.3587630614534492,1.1360050665325816,0.3407654094229791,0.0,3.0,20.0,0.3
5.631999999999602,-0.2617689510025679,-0.002779057446677686,-0.26083116598667355,0.22733296519263835,0.0,0.2918642152992054,0.48819841570920236,0.3580554683804988,1.1353927882308161,0.3407649830636933,0.0,3.0,20.0,0.3
5.641999999999601,-0.2618007246912252,-0.003733934383250148,-0.2616317178823185,0.22864538097520654,0.0,0.2931766310817736,0.4882464936365775,0.3570733320845302,1.1360623479273029,0.3407645551932937,0.0,3.0,20.0,0.3
5.6519999999996,-0.2618454749522439,-0.003833135452078768,-0.2624025011587253,0.22908427240446158,0.0,0.2936155225110286,0.488295064687076,0.3559446682577443,1.1356102106271253,0.34076412601307016,0.0,4.0,20.0,0.3
5.6619999999995985,-0.26186353254076744,-0.0010463913801628602,-0.26301724148890676,0.23015644425585158,0.0,0.29468769436241865,0.4883440865162577,0.35461813307417933,1.1360630244190286,0.340763695719581,0.0,4.0,20.0,0.3
5.671999999999597,-0.2618709142597654,-0.0009327180674708647,-0.2636296435647291,0.23052446363541013,0.0,0.2950557137419772,0.4883935153439128,0.35323546560835617,1.1357116154429905,0.3407632648166257,0.0,4.0,20.0,0.3
5.681999999999596,-0.26189779370785776,-0.0042689599825387545,-0.2642575812048241,0.2316381602996074,0.0,0.2961694104061745,0.4884433079531507,0.35159488007986933,1.1363726764692232,0.3407628324645835,0.0,4.0,20.0,0.3
5.691999999999595,-0.26197261967886115,-0.00983451161480544,-0.2648966435032759,0.2322106821237175,0.0,0.29674193223028456,0.4884934274974612,0.34980714936405344,1.1363005793340184,0.34076239885141596,0.0,4.0,20.0,0.3
5.701999999999594,-0.26211017583507384,-0.016466827067972405,-0.2655359970326996,0.23268694825299266,0.0,0.29721819835955976,0.48854384844271237,0.347903911954785,1.1360709276025882,0.3407619644761441,0.0,4.0,20.0,0.3
5.711999999999593,-0.26232056043672275,-0.024165989689860484,-0.26617616151213447,0.23313675918105659,0.0,0.29766800928762366,0.4885945588628913,0.3462355974253874,1.1361244543283064,0.34076152931476683,0.0,4.0,20.0,0.3
5.721999999999592,-0.26260843359672986,-0.03165419771430791,-0.26680163292392184,0.2328059632834267,0.0,0.29733721338999375,0.4886455614792124,0.3445963785987014,1.1353189599516234,0.34076109409610494,0.0,4.0,20.0,0.3
5.731999999999591,-0.26296885656456714,-0.03916588795378198,-0.2674093381954872,0.2332452163146773,0.0,0.29777646642124433,0.48869687342639306,0.3428548025634268,1.1354848282563146,0.34076065898852786,0.0,4.0,20.0,0.3
5.74199999999959,-0.2634128286011161,-0.04790283430905007,-0.26801793288865605,0.23364572802954126,0.0,0.29817697813610833,0.48874852488145526,0.3413519391257776,1.1357728862277299,0.3407602231272999,0.0,4.0,20.0,0.3
5.7519999999995886,-0.2639443728243212,-0.05663216637464413,-0.2686164296494608,0.23384966750719602,0.0,0.29838091761376306,0.4888005597683312,0.34012254558977795,1.136132193549026,0.34075978703113596,0.0,4.0,20.0,0.3
5.7619999999995875,-0.2645609764058126,-0.0650628201112613,-0.2692018459969881,0.23392837338818054,0.0,0.29845962349474764,0.48885303563215005,0.3389747567896711,1.1363365335050686,0.34075935085376424,0.0,4.0,20.0,0.3
5.771999999999586,-0.2652555125360256,-0.07225142254148809,-0.2697626174349019,0.2332822823086907,0.0,0.29781353241525776,0.4889060222399801,0.3380364027565364,1.1356367434656034,0.3407589151544047,0.0,4.0,20.0,0.3
5.781999999999585,-0.2660093545724446,-0.07716912810788604,-0.27028060280078625,0.23218364770371355,0.0,0.2967148978102806,0.4889595991771492,0.3372387726212292,1.1344090049405147,0.34075848081856275,0.0,4.0,20.0,0.3
5.791999999999584,-0.2668063457834943,-0.08143641847696906,-0.27076954581485957,0.23202023333261576,0.0,0.2965514834391828,0.48901385164591327,0.3362744820218322,1.1342301914807005,0.34075804725232206,0.0,4.0,20.0,0.3
5.801999999999583,-0.2676536820084051,-0.08689717045137335,-0.2712605819386414,0.23257085776376954,0.0,0.29710210787033664,0.48906886731353477,0.335248159309573,1.134758141257786,0.3407576130159384,0.0,4.0,20.0,0.3
5.811999999999582,-0.26855130986037506,-0.09168932360951185,-0.27174029127229227,0.23281265422630318,0.0,0.2973439043328703,0.4891247368722646,0.3344647836048349,1.1349689166525176,0.3407571787411258,0.0,4.0,20.0,0.3
5.821999999999581,-0.26949283191790446,-0.095785555757641,-0.27221247954648503,0.23284717413474385,0.0,0.2973784242413109,0.4891815538337132,0.33359483646401056,1.1346573760563037,0.3407567442608532,0.0,4.0,20.0,0.3
5.83199999999958,-0.2704774433434184,-0.10007053115745121,-0.27269494758285345,0.23353067161664479,0.0,0.2980619217232119,0.4892394131856834,0.3326423475296805,1.1349691643121629,0.34075630874217344,0.0,4.0,20.0,0.3
5.841999999999579,-0.27149988499541994,-0.1037600897545155,-0.27318472373290603,0.2342885349985048,0.0,0.2988197851050719,0.4892984107912031,0.33161708195084927,1.1350676284573302,0.3407558723164408,0.0,4.0,20.0,0.3
5.8519999999995775,-0.27255490391840753,-0.10649083505467243,-0.2736837181907624,0.23507024469345195,0.0,0.299601494800019,0.4893586424663838,0.33067865052554696,1.135096716296708,0.3407554348805405,0.0,4.0,20.0,0.3
5.861999999999576,-0.27363424338187664,-0.10865752310453393,-0.27420046560636174,0.23589672846748702,0.0,0.3004279785740541,0.4894202027055096,0.3297559252900995,1.1349796051928234,0.3407549960221965,0.0,4.0,20.0,0.3
5.871999999999575,-0.2747262177249582,-0.10972384669982217,-0.2747309571670346,0.23731049637215793,0.0,0.30184174647872497,0.4894831830110807,0.3285972564664249,1.1353081985217486,0.3407545559134952,0.0,4.0,20.0,0.3
5.881999999999574,-0.2758346127010498,-0.1113838323418847,-0.2753048265128751,0.23871999003238142,0.0,0.3032512401389485,0.4895476702379667,0.32752772046555306,1.135390761137082,0.34075411313291026,0.0,4.0,20.0,0.3
5.891999999999573,-0.2769441188921546,-0.1105576849096167,-0.2758868914557478,0.23958550471984733,0.0,0.3041167548264144,0.48961374676609987,0.32665704085051844,1.1347546191959248,0.3407536692939289,0.0,4.0,20.0,0.3
5.901999999999572,-0.2780410551738619,-0.10885713046646658,-0.2764942212639443,0.24061814161541828,0.0,0.30514939172198535,0.4896814883047623,0.32611304497169186,1.1344957586942086,0.3407532235792961,0.0,4.0,20.0,0.3
5.911999999999571,-0.27910833631249893,-0.10546747964041564,-0.2771140650944969,0.2420474124629937,0.0,0.3065786625695608,0.4897509613017096,0.32561940541008066,1.1347089847806586,0.3407527765660451,0.0,4.0,20.0,0.3
5.92199999999957,-0.2801418190904672,-0.1018401061605393,-0.27776548169582826,0.24322963366513103,0.0,0.3077608837716981,0.4898222206969067,0.3251736578457652,1.1345332223299844,0.34075232733423594,0.0,4.0,20.0,0.3
5.931999999999569,-0.28113791083521783,-0.09803524654393567,-0.2784513052738136,0.24486563218277824,0.0,0.3093968822893453,0.4898953094341836,0.32459414594461505,1.1347397282451634,0.34075187571512944,0.0,4.0,20.0,0.3
5.941999999999568,-0.28208681439658273,-0.09293666465298159,-0.2791563947050646,0.24639203290699466,0.0,0.31092328301356176,0.48997025848850345,0.3241064283909116,1.134844876178216,0.3407514223848476,0.0,4.0,20.0,0.3
5.9519999999995665,-0.2829861263711549,-0.08801244713503055,-0.27989737365882184,0.24810389055935195,0.0,0.312635140665919,0.4900470860508498,0.32359815879738635,1.1350876378079904,0.3407509665337841,0.0,4.0,20.0,0.3
5.961999999999565,-0.28383242649309354,-0.08235203051198568,-0.2806625859734322,0.24929334485857155,0.0,0.3138245949651386,0.4901257976556373,0.3231946264718517,1.1347373083332424,0.3407505086696814,0.0,4.0,20.0,0.3
5.971999999999564,-0.2846233490274665,-0.07674048069566389,-0.2814584686766011,0.2505987603250477,0.0,0.31513001043161476,0.4902063864566062,0.32270419545681417,1.134418287311934,0.34075004846002716,0.0,4.0,20.0,0.3
5.981999999999563,-0.28535530273144893,-0.07074576188381437,-0.28227593272263346,0.2521585370753665,0.0,0.3166897871819336,0.4902888334998382,0.3225236646736597,1.1347970122746533,0.3407495863000202,0.0,4.0,20.0,0.3
5.991999999999562,-0.2860265786636041,-0.064433208288423,-0.28311125843829654,0.2531103355118881,0.0,0.3176415856184552,0.4903731080258646,0.3224517190086305,1.1346074709640404,0.3407491223377202,0.0,4.0,20.0,0.3
6.001999999999561,-0.286635927572646,-0.058982703930283376,-0.2839721341252343,0.2550343988572346,0.0,0.3195656489638017,0.49045916773362175,0.32218353673066163,1.1356921410116334,0.3407486561967392,0.0,4.0,20.0,0.3
6.01199999999956,-0.2871960683553092,-0.05413069401072465,-0.28485754840152117,0.2564530154537049,0.0,0.320984265560272,0.4905469598642331,0.3216857671721752,1.1359871124833723,0.34074818788667793,0.0,4.0,20.0,0.3
6.021999999999559,-0.28770713652805074,-0.04906798380444489,-0.28575196904774225,0.25714772006005593,0.0,0.321678970166623,0.49063642381700356,0.321299990457209,1.1354247263209292,0.3407477181137893,0.0,4.0,20.0,0.3
6.031999999999558,-0.2881720122785073,-0.044585608495091314,-0.2866584252572475,0.2580257600109795,0.0,0.32255701011754656,0.4907274920666061,0.3209097059317337,1.1353337535958465,0.34074724672436774,0.0,4.0,20.0,0.3
6.041999999999557,-0.28858960443715453,-0.039965377130052326,-0.28756016546555674,0.25865436232696065,0.0,0.3231856124335277,0.49082009103414276,0.3206774888257314,1.1352262435629943,0.3407467744990456,0.0,4.0,20.0,0.3
6.0519999999995555,-0.28895148826576916,-0.0333634330312773,-0.28842301030553763,0.2574799729908926,0.0,0.32201122309745966,0.49091414148187507,0.3207465888307404,1.1330666388471777,0.3407463030516398,0.0,4.0,20.0,0.3
6.061999999999554,-0.2892403533935414,-0.026130457445141305,-0.28924233342389416,0.25723537984502126,0.0,0.32176662995158833,0.49100955711334116,0.3211122090066336,1.1327427263341003,0.3407458326546529,0.0,4.0,20.0,0.3
6.071999999999553,-0.2894660434882275,-0.020364866277584534,-0.29003766891991756,0.2569222312026302,0.0,0.32145348130919726,0.4911062425052081,0.3213469655812106,1.1325015057967667,0.3407453624323536,0.0,4.0,20.0,0.3
6.081999999999552,-0.28964162752512507,-0.015762867558097304,-0.29080370876589945,0.2565114881225788,0.0,0.32104273822914586,0.4912040952513059,0.32150787759975064,1.1322698731720546,0.34074489266303315,0.0,4.0,20.0,0.3
6.091999999999551,-0.28977773047358346,-0.012410364998783393,-0.291538063118352,0.25644142486682836,0.0,0.32097267497339543,0.4913030090066128,0.321850511846004,1.132927745502951,0.3407444234959643,0.0,4.0,20.0,0.3
6.10199999999955,-0.2898896751681222,-0.010423139092303503,-0.2922417790742175,0.2557027551331425,0.0,0.3202340052397096,0.4914028760761342,0.3221903555215057,1.1328223843611411,0.34074395491607634,0.0,4.0,20.0,0.3
6.111999999999549,-0.2899809780643164,-0.008402304140391927,-0.29289254322598,0.2544421864399865,0.0,0.3189734365465536,0.4915035902219481,0.3224996433646594,1.132231287182166,0.3407434880151081,0.0,4.0,20.0,0.3
6.121999999999548,-0.2900604072492411,-0.0075640598667979855,-0.29350081490566665,0.253313960531417,0.0,0.3178452106379841,0.49160504775518854,0.32280915629612655,1.1320120437081083,0.34074302235913584,0.0,4.0,20.0,0.3
6.131999999999547,-0.29013085441079545,-0.006948110494362468,-0.2940502284390072,0.2524752130564812,0.0,0.31700646316304826,0.491707148832775,0.32303068151759856,1.1322947728352446,0.3407425587748571,0.0,4.0,20.0,0.3
6.141999999999546,-0.29020862590517055,-0.008323808757672128,-0.2945636604424821,0.25122976269487074,0.0,0.3157610128014378,0.4918097983586502,0.32349877600476645,1.1323749387769286,0.3407420962467381,0.0,4.0,20.0,0.3
6.1519999999995445,-0.2903045818439104,-0.010319217781126853,-0.2950270602989575,0.2497505453589828,0.0,0.3142817954655499,0.49191290842788826,0.32384567407137804,1.132225510979111,0.34074163548117664,0.0,4.0,20.0,0.3
6.161999999999543,-0.2904149646307257,-0.01153720988453016,-0.2954185673484269,0.24780543817922696,0.0,0.31233668828579403,0.49201639995185237,0.3241000113224564,1.1313922096520572,0.3407411775711206,0.0,4.0,20.0,0.3
6.171999999999542,-0.29053943180526043,-0.013456716470511623,-0.29575148073442686,0.24684079377989895,0.0,0.311372043886466,0.4921202017423602,0.32437215718945994,1.1320063395130968,0.34074072197504884,0.0,4.0,20.0,0.3
6.181999999999541,-0.29069564342929705,-0.01696942332811858,-0.2960447055120817,0.24515707510959656,0.0,0.30968832521616363,0.4922242502893434,0.32487507529310755,1.1318929844955457,0.3407402678617485,0.0,4.0,20.0,0.3
6.19199999999954,-0.29087990925520035,-0.019469618971381785,-0.29626699013710395,0.24339280217448214,0.0,0.30792405228104924,0.49232849186825334,0.32546357413840515,1.1317669663853005,0.3407398167582725,0.0,4.0,20.0,0.3
6.201999999999539,-0.2910949335007971,-0.022949025387990294,-0.2964431982274856,0.24210206150305963,0.0,0.3066333116096267,0.49243288187532364,0.32609419106628873,1.1323648150398598,0.34073936757297174,0.0,4.0,20.0,0.3
6.211999999999538,-0.2913387020699688,-0.025053927866719797,-0.29654854658057855,0.23950996782842873,0.0,0.30404121793499583,0.4925373845153636,0.3264161257234283,1.1308495069647493,0.340738921526277,0.0,4.0,20.0,0.3
6.221999999999537,-0.2915956805634501,-0.02635474601921095,-0.2965837486817191,0.23785306274873402,0.0,0.3023843128553011,0.4926419716287427,0.326769678118348,1.1305008764179574,0.34073847867496065,0.0,4.0,20.0,0.3
6.231999999999536,-0.29187268469152783,-0.028559461938317942,-0.2965766076414883,0.23638662906220925,0.0,0.3009178791687763,0.4927466199631859,0.3269534901528288,1.1302359130708135,0.34073803778204836,0.0,4.0,20.0,0.3
6.241999999999535,-0.29217211233654744,-0.03106685245753268,-0.29652773182527664,0.23538919402017497,0.0,0.299920444126742,0.4928513115366257,0.32690960797546625,1.130286756370229,0.3407375988722178,0.0,4.0,20.0,0.3
6.2519999999995335,-0.2925009352346966,-0.03399622976102196,-0.2964494153046755,0.23418492678659342,0.0,0.2987161768931605,0.4929560341026908,0.3268259837815631,1.1297932776964086,0.34073716140913973,0.0,4.0,20.0,0.3
6.261999999999532,-0.2928630263374662,-0.03766417329539515,-0.2963551533198971,0.23374836502645424,0.0,0.2982796151330213,0.49306078185763863,0.32675676567916023,1.130192323470465,0.34073672479295475,0.0,4.0,20.0,0.3
6.271999999999531,-0.29326242805018554,-0.04154910528638084,-0.29625002568975317,0.23349075705933484,0.0,0.2980220071659019,0.4931655558717436,0.32679119101696696,1.1307607677494118,0.3407362888023276,0.0,4.0,20.0,0.3
6.28199999999953,-0.29369520678059113,-0.044313914893264694,-0.2961259319580003,0.23262304442886553,0.0,0.29715429453543263,0.4932703643434595,0.32714567641501036,1.1305126714571665,0.34073585382931765,0.0,4.0,20.0,0.3
6.291999999999529,-0.2941490226844539,-0.04579567999387106,-0.2959831736452635,0.23189209193350915,0.0,0.29642334204007625,0.49337522128809463,0.3277867497903392,1.1306064315498787,0.34073541988204853,0.0,4.0,20.0,0.3
6.301999999999528,-0.29460465064924657,-0.04516408225908788,-0.2958107133099626,0.23088379036764098,0.0,0.2954150404742081,0.49348014370461785,0.3284020933649555,1.1301258101218554,0.3407349875053409,0.0,4.0,20.0,0.3
6.311999999999527,-0.2950542589415623,-0.044885280397709545,-0.2956407959089726,0.2310676374332943,0.0,0.2955988875398614,0.49358514793304914,0.32873479834505664,1.1307857870525746,0.34073455521388,0.0,4.0,20.0,0.3
6.321999999999526,-0.2955001798533303,-0.044162920191841495,-0.295475393694268,0.23085600330769884,0.0,0.2953872534142659,0.49369024820389146,0.3292048378048027,1.1307551409330063,0.340734122906008,0.0,4.0,20.0,0.3
6.331999999999525,-0.2959245625739698,-0.04101057700287751,-0.29529080247968714,0.23011179478238455,0.0,0.29464304488895166,0.4937954566644688,0.3298751687187736,1.13003543349878,0.3407336916973185,0.0,4.0,20.0,0.3
6.341999999999524,-0.2963138668118825,-0.037660658404553654,-0.29511199912417263,0.23060378375956955,0.0,0.2951350338661366,0.4939007804419016,0.33047121662644996,1.1307505367711501,0.340733260434932,0.0,4.0,20.0,0.3
6.3519999999995225,-0.29667156566847785,-0.034464972927148674,-0.2949525336195135,0.231377497377421,0.0,0.2959087474839881,0.4940062196280859,0.3310884641069984,1.1317523287303075,0.3407328284672054,0.0,4.0,20.0,0.3
6.361999999999521,-0.2970030244058099,-0.03225442350893691,-0.2948315310154036,0.23231273087351223,0.0,0.2968439809800793,0.49411176806129176,0.3317448043416152,1.1328051493485574,0.3407323948701561,0.0,4.0,20.0,0.3
6.37199999999952,-0.29731065319263306,-0.02967710092268176,-0.2947412431047403,0.23316026320318867,0.0,0.29769151330975574,0.49421741476106407,0.3322508767666023,1.1335259676410638,0.34073195996299016,0.0,4.0,20.0,0.3
6.381999999999519,-0.29758348525831246,-0.0252941902505752,-0.29466392769914906,0.23324882055802898,0.0,0.29778007066459605,0.49432314465211136,0.3327107884527996,1.1330029039035203,0.34073152454527633,0.0,4.0,20.0,0.3
6.391999999999518,-0.2978017743920141,-0.019391639719949002,-0.2945945127661137,0.23355967796750354,0.0,0.2980909280740706,0.49442893665713794,0.3329238566085021,1.132502329521412,0.34073108884630243,0.0,4.0,20.0,0.3
6.401999999999517,-0.297966339729734,-0.014627815614876548,-0.2945652506357828,0.23507233148096196,0.0,0.29960358158752903,0.49453476082235076,0.33276744648935064,1.133241094116615,0.3407306513341922,0.0,4.0,20.0,0.3
6.411999999999516,-0.2980801072114031,-0.009261128698424305,-0.29455963930716467,0.23595003132011086,0.0,0.30048128142667796,0.4946405788174299,0.3326826510119649,1.1330778231926497,0.34073021273771387,0.0,4.0,20.0,0.3
6.421999999999515,-0.2981355820365684,-0.002665776908696016,-0.2945660157101987,0.23563963271293067,0.0,0.3001708828194978,0.49474629753596916,0.332830984516055,1.1314741697914688,0.34072977357685524,0.0,4.0,20.0,0.3
6.431999999999514,-0.2981159367078628,0.005236459731947432,-0.29457183596157527,0.23580872833033642,0.0,0.3003399784369035,0.49485053434850573,0.3332453652605679,1.1307812145761922,0.34072933443567355,0.0,4.0,20.0,0.3
6.441999999999513,-0.2980207406512042,0.012240773076405143,-0.29459826813112644,0.23676487175795952,0.0,0.3012961218645266,0.4949527030361034,0.33386593555873756,1.1315583185284979,0.3407288943165716,0.0,4.0,20.0,0.3
6.4519999999995115,-0.29785683551047537,0.019272449320697268,-0.2946361168283161,0.2367402721395715,0.0,0.30127152224613857,0.4950528446316818,0.33460029416017323,1.131107977912492,0.3407284537262888,0.0,3.0,20.0,0.3
6.46199999999951,-0.29761760008317634,0.027400206532195766,-0.2946658182585734,0.23598632578297427,0.0,0.3005175758895413,0.49515099935404133,0.3354738445955265,1.129970375011017,0.34072801371847367,0.0,3.0,20.0,0.3
6.471999999999509,-0.2972957683245576,0.03531379368053007,-0.2946867744149259,0.23608069091629746,0.0,0.30061194102286454,0.4952472066240158,0.33633006323228726,1.1301582752286046,0.340727573990435,0.0,3.0,20.0,0.3
6.481999999999508,-0.2968946864788819,0.0430403413691975,-0.2946922007089424,0.23588754886616628,0.0,0.3004187989727334,0.49534150508030433,0.33716929394440986,1.1301049578073128,0.3407271347912164,0.0,3.0,20.0,0.3
6.491999999999507,-0.29642638769635626,0.04892944006542255,-0.2947020535011887,0.23635376431435065,0.0,0.30088501442091775,0.49543393259498975,0.3379918737831697,1.131154806895612,0.3407266954299895,0.0,3.0,20.0,0.3
6.501999999999506,-0.29590934815068565,0.05352074264407475,-0.2947118306922106,0.23591175247588733,0.0,0.3004430025824544,0.4955245262887484,0.33879813311252943,1.1311249299278352,0.34072625605607354,0.0,3.0,20.0,0.3
6.511999999999505,-0.2953502086834381,0.05727388752833602,-0.29470944412566574,0.23558603847891132,0.0,0.30011728858547837,0.4956133225457588,0.33958839574181987,1.1314582039586893,0.34072581710475663,0.0,3.0,20.0,0.3
6.521999999999504,-0.2947603073462345,0.06019089780255832,-0.29469182538550254,0.23489216637129956,0.0,0.29942341647786663,0.495700357028314,0.34036297905578794,1.1314795303556888,0.340725378694539,0.0,3.0,20.0,0.3
6.531999999999503,-0.2941367423663163,0.06384317230020801,-0.2946258818321382,0.23375658374499544,0.0,0.29828783385156254,0.4957856646911447,0.3410984942146947,1.131086346693127,0.34072494202167497,0.0,3.0,20.0,0.3
6.5419999999995015,-0.293478703780842,0.06686931448943037,-0.29451810100792125,0.23295718194665774,0.0,0.29748843205322484,0.495869279795457,0.3417825690406199,1.13128133337134,0.3407245069155896,0.0,3.0,20.0,0.3
6.5519999999995004,-0.2927975443731605,0.06892624716721157,-0.29437075720185624,0.2316071013058286,0.0,0.29613835141239564,0.49595123592269297,0.34251361855487505,1.1309840140806497,0.3407240733399112,0.0,3.0,20.0,0.3
6.561999999999499,-0.2921007283827383,0.06999564654916295,-0.2941799234641127,0.23048915022630598,0.0,0.295020400332873,0.49603156598801745,0.34323016357983077,1.1311917702407763,0.34072364148427275,0.0,3.0,20.0,0.3
6.571999999999498,-0.29140813344326566,0.06864209015747724,-0.29396945963571536,0.2298304786427312,0.0,0.2943617287492983,0.49611030225353747,0.34393249189381897,1.1322039163375655,0.3407232105501054,0.0,3.0,20.0,0.3
6.581999999999497,-0.29073130915492384,0.06723621784955917,-0.2937094649684288,0.22814228829290145,0.0,0.2926735383994685,0.49618747634125904,0.34462088556546583,1.1319125837283208,0.3407227816194833,0.0,3.0,20.0,0.3
6.591999999999496,-0.2900640695344552,0.06606256079328245,-0.29338592514233286,0.22673062132511804,0.0,0.29126187143168514,0.4962631192457875,0.345243372234401,1.132108701771764,0.34072235525658523,0.0,3.0,20.0,0.3
6.601999999999495,-0.2894130810536738,0.06426807850825211,-0.2930097959373075,0.2251407412838587,0.0,0.28967199139042576,0.49633726134677536,0.34548787535420983,1.1317919269075096,0.34072193114067695,0.0,3.0,20.0,0.3
6.611999999999494,-0.2887868082496151,0.06158623533732057,-0.29258716466698,0.22346909224956846,0.0,0.28800034235613553,0.4964099324211235,0.3457679262695753,1.1313765758824477,0.3407215091161665,0.0,3.0,20.0,0.3
6.621999999999493,-0.2881908717776491,0.05837762363440028,-0.2921155753027264,0.22186925278169473,0.0,0.2864005028882618,0.49648116165494005,0.3460657860720558,1.1312350353535887,0.3407210893263868,0.0,3.0,20.0,0.3
6.631999999999492,-0.28763427814617815,0.05377792150978479,-0.29161227869173073,0.22094229212709698,0.0,0.28547354223366406,0.496550977655262,0.3458910640327018,1.131593813898011,0.34072067121827443,0.0,3.0,20.0,0.3
6.6419999999994905,-0.28713407457678763,0.04717426710625604,-0.29109844046495414,0.22059385594151398,0.0,0.28512510604808106,0.4966194084615447,0.3454789566257368,1.132395392687397,0.3407202540778184,0.0,3.0,20.0,0.3
6.651999999999489,-0.2867011509137693,0.04063756941264339,-0.290557938152169,0.21922797248817613,0.0,0.2837592225947432,0.4966864815569225,0.34539333083816537,1.1319771920767718,0.34071983848409776,0.0,3.0,20.0,0.3
6.661999999999488,-0.2863292556943023,0.03504642225564272,-0.28997971100313313,0.21778098017880382,0.0,0.2823122302853709,0.49675222387924706,0.3452719123645227,1.1314621040054307,0.3407194248616019,0.0,3.0,20.0,0.3
6.671999999999487,-0.28601423159229356,0.028884961958536553,-0.2893864984942852,0.21747024392941502,0.0,0.28200149403598207,0.49681666183190565,0.34478414975798716,1.1320289234326817,0.3407190124531196,0.0,3.0,20.0,0.3
6.681999999999486,-0.2857582867690205,0.023224718162363853,-0.28877339158030724,0.21658066320095504,0.0,0.2811119133075221,0.49687982129442565,0.34426668097754154,1.1315740470172773,0.34071860144533067,0.0,3.0,20.0,0.3
6.691999999999485,-0.28556382592572604,0.016943763689132498,-0.28816505988901153,0.21608238671666455,0.0,0.2806136368232316,0.4969417276328679,0.34375198978728005,1.1315066806805676,0.3407181909843461,0.0,3.0,20.0,0.3
6.701999999999484,-0.28543237208131683,0.010529220407465723,-0.28756579500077484,0.21608680913638034,0.0,0.2806180592429474,0.49700240571001464,0.3433424686076443,1.1320247979876612,0.3407177809144106,0.0,3.0,20.0,0.3
6.711999999999483,-0.28536840108496864,0.003819928587195376,-0.28699111324919796,0.2161415222685479,0.0,0.280672772375115,0.49706187989535444,0.34292138800139854,1.1323871955965945,0.34071737066998764,0.0,3.0,20.0,0.3
6.721999999999482,-0.28536594758500794,-0.0019138401635677114,-0.2864314493826486,0.21604892437225687,0.0,0.28058017447882394,0.49712017407486964,0.3427089529071059,1.132549217594274,0.3407169605637041,0.0,3.0,20.0,0.3
6.731999999999481,-0.2854180274778975,-0.007024836205220958,-0.28589787238109965,0.21612747287510567,0.0,0.2806587229816727,0.49717731166062956,0.3425492918700712,1.1327219953820649,0.34071655018367686,0.0,3.0,20.0,0.3
6.7419999999994795,-0.28550419423177154,-0.00948447433394119,-0.2853615477684392,0.21568524476960277,0.0,0.28021649487616984,0.497233315600193,0.34262738217414934,1.1321565681662553,0.3407161405265383,0.0,3.0,20.0,0.3
6.751999999999478,-0.2856043791917043,-0.010617371300465726,-0.2848503658657947,0.21486058633658198,0.0,0.279391836443149,0.49728820838582466,0.34267138221585475,1.1308733174811634,0.3407157315695762,0.0,4.0,20.0,0.3
6.761999999999477,-0.28572921259757855,-0.013484077934040536,-0.28445835757059323,0.2152896216296243,0.0,0.2798208717361914,0.49734201206352824,0.34255825474745627,1.1309578411412935,0.340715322592614,0.0,4.0,20.0,0.3
6.771999999999476,-0.28587529060197575,-0.01514258290235106,-0.28409824999489036,0.21605806031723265,0.0,0.28058931042379975,0.4973947482419006,0.3426171377812964,1.131467670042466,0.3407149125670622,0.0,4.0,20.0,0.3
6.781999999999475,-0.2860253411383805,-0.01452440777968255,-0.2837553421047147,0.21610803573889503,0.0,0.2806392858454621,0.4974464381008104,0.3425238427533013,1.1307107719223595,0.34071450214792737,0.0,4.0,20.0,0.3
6.791999999999474,-0.28616040752134936,-0.01249226793444743,-0.2834345493450554,0.2165516793559167,0.0,0.2810829294624838,0.49749710239990397,0.34219692636038856,1.1300962859809944,0.3407140910851283,0.0,4.0,20.0,0.3
6.801999999999473,-0.2862664656648432,-0.009451356488903665,-0.2831377108462407,0.21772429237485078,0.0,0.2822555424814178,0.49754676148694316,0.3416922606619151,1.1301946020725664,0.3407136792690998,0.0,4.0,20.0,0.3
6.811999999999472,-0.286353267471677,-0.008623314316433262,-0.28291105690389345,0.22015750439157586,0.0,0.2846887544981429,0.4975954353059773,0.3411386890796707,1.1317944748058786,0.3407132644885835,0.0,4.0,20.0,0.3
6.821999999999471,-0.28643808907376866,-0.008052945621233806,-0.28274696274984845,0.22123646758259488,0.0,0.285767717689162,0.49764314340535276,0.34087542221944295,1.1316755978506503,0.3407128470110502,0.0,4.0,20.0,0.3
6.83199999999947,-0.2865091384666498,-0.00619229984201268,-0.28262386658965855,0.22242152100831883,0.0,0.28695277111488593,0.4976899049455645,0.34073108376589023,1.1318317434191743,0.3407124277881327,0.0,4.0,20.0,0.3
6.8419999999994685,-0.2865535478799921,-0.0033545148277560645,-0.28253904181904976,0.22409346087257317,0.0,0.2886247109791402,0.49773573870695076,0.3405029220568964,1.1325699940013767,0.34071200690324127,0.0,4.0,20.0,0.3
6.851999999999467,-0.2865653899418859,0.00035294913178956014,-0.28249043886493636,0.22487396077122287,0.0,0.2894052108777899,0.49778066309723606,0.34014668034240386,1.1318738413969585,0.3407115844041351,0.0,4.0,20.0,0.3
6.861999999999466,-0.28653701680618204,0.0044785145736359055,-0.2824775594987932,0.22623105089033244,0.0,0.2907623009968995,0.497824696158924,0.3397300494357022,1.1319407311380352,0.34071116027429504,0.0,4.0,20.0,0.3
6.871999999999465,-0.28646619515295413,0.009080682290647443,-0.2824962721018288,0.22667392041355097,0.0,0.2912051705201181,0.4978678555765432,0.3392110020232742,1.1306953374568216,0.34071073466401997,0.0,4.0,20.0,0.3
6.881999999999464,-0.2863483321443813,0.013388946490530077,-0.2825490186833288,0.22837299981294037,0.0,0.2929042499195075,0.49791015868375005,0.338749619734455,1.1312681628318306,0.3407103074272759,0.0,4.0,20.0,0.3
6.891999999999463,-0.28619491976558625,0.016771709716472717,-0.28264523564798466,0.22939556669020814,0.0,0.29392681679677524,0.49795162247029,0.3382656406141183,1.1310304753741283,0.340709878072212,0.0,4.0,20.0,0.3
6.901999999999462,-0.28600470230231156,0.020292056642514343,-0.2827716300675907,0.23018005226972355,0.0,0.2947113023762906,0.49799226358882126,0.3376070393955989,1.130429389583272,0.3407094475719445,0.0,3.0,20.0,0.3
6.911999999999461,-0.2857886324933547,0.02258043842705065,-0.282960475008877,0.2311533354445239,0.0,0.295684585551091,0.4980320983616025,0.33682873690073856,1.1300528871341233,0.3407090157882274,0.0,3.0,20.0,0.3
6.92199999999946,-0.2855560683262932,0.023505527078598702,-0.2831959783299662,0.23264067187222112,0.0,0.29717192197878817,0.49807114278704845,0.33592095507752723,1.130475436783765,0.34070858212761945,0.0,3.0,20.0,0.3
6.931999999999459,-0.2853171443625074,0.024346419274625178,-0.28345936438845587,0.2329872717815705,0.0,0.29751852188813754,0.49810941254615504,0.3348090459656658,1.1292852696803173,0.34070814719552645,0.0,3.0,20.0,0.3
6.9419999999994575,-0.2850683031125089,0.024947734019358306,-0.28374042086522816,0.23396838792403343,0.0,0.29849963803060053,0.4981469230087972,0.3336721620958215,1.1290449021453834,0.34070771133110156,0.0,3.0,20.0,0.3
6.951999999999456,-0.28481525687556314,0.025802619888681735,-0.2840267626984624,0.23369119863702018,0.0,0.2982224487435873,0.4981836892399019,0.3330307773045547,1.1276671698274847,0.34070727494361736,0.0,3.0,20.0,0.3
6.961999999999455,-0.2845475330968495,0.02726390373411101,-0.2842965268408732,0.23380618850757398,0.0,0.2983374386141411,0.4982197260054981,0.33257317627375144,1.1273635184495836,0.34070683881323,0.0,3.0,20.0,0.3
6.971999999999454,-0.28427988251371317,0.026253258823330777,-0.28458971979415143,0.2345598501993091,0.0,0.29909110030587616,0.4982550477786474,0.3321306484582782,1.1281192338912014,0.34070640153535126,0.0,3.0,20.0,0.3
6.981999999999453,-0.284023655503142,0.025079582901116598,-0.2848748195854185,0.23459850442189306,0.0,0.29912975452846013,0.49828966874525665,0.33167495291307464,1.1280769053994173,0.34070596420095034,0.0,3.0,20.0,0.3
6.991999999999452,-0.2837864616777803,0.022571873570156192,-0.28516314138230203,0.23493558628614417,0.0,0.2994668363927112,0.4983236028097754,0.3312793470472528,1.1286502769857383,0.34070552641972623,0.0,3.0,20.0,0.3
7.001999999999451,-0.28357782010790034,0.019744144593243553,-0.2854398918506585,0.2346338944673099,0.0,0.299165144573877,0.4983568636007796,0.33100615949064394,1.1285779688453013,0.34070508870968313,0.0,3.0,20.0,0.3
7.01199999999945,-0.2833916716779183,0.017828368574046398,-0.28567757912185665,0.23394684480662653,0.0,0.2984780949131936,0.4983894644764459,0.33085506394291614,1.128303108431194,0.34070465206402795,0.0,3.0,20.0,0.3
7.021999999999449,-0.2832308676934779,0.014637699872917503,-0.28590002824528093,0.2339802131954911,0.0,0.29851146330205813,0.49842141852991606,0.3302373055003422,1.128830209573085,0.34070421568482445,0.0,3.0,20.0,0.3
7.031999999999448,-0.2831136095202989,0.009696496116162051,-0.2861207831679241,0.2339455144114759,0.0,0.29847676451804295,0.4984527385945557,0.3295416863752292,1.1291241465300597,0.3407037791046215,0.0,3.0,20.0,0.3
7.0419999999994465,-0.2830501334654321,0.004167523400030581,-0.286328004558762,0.2336744486024537,0.0,0.2982056987090208,0.4984834372491081,0.3287394569339351,1.1291542554350644,0.3407033427461196,0.0,3.0,20.0,0.3
7.051999999999445,-0.28303985347988575,-0.0007141895150709204,-0.2864987695316751,0.23312864898354194,0.0,0.29765989909010904,0.4985135268227463,0.3277048211504165,1.1285022266774822,0.3407029071475071,0.0,4.0,20.0,0.3
7.061999999999444,-0.2830708794062792,-0.004784587838426672,-0.2866115369079183,0.23259265535013862,0.0,0.2971239054567057,0.4985430194000247,0.3269418246069672,1.1281789590043254,0.34070247238691886,0.0,4.0,20.0,0.3
7.071999999999443,-0.2831515629989716,-0.010340245508984412,-0.28671780984147055,0.23249831688761943,0.0,0.2970295669941865,0.4985719268257324,0.3264155582650631,1.1287123274106188,0.3407020378022774,0.0,4.0,20.0,0.3
7.081999999999442,-0.28328880157165365,-0.01586457463891239,-0.2868064696293503,0.23192681379231245,0.0,0.2964580638988795,0.4986002607096503,0.32580293044209385,1.1284888567634748,0.34070160392409155,0.0,4.0,20.0,0.3
7.091999999999441,-0.2834763220689065,-0.0206031108574865,-0.2868680413800381,0.2311750923576281,0.0,0.29570634246419514,0.4986280324312138,0.32520408753481955,1.1279249812607737,0.34070117122227966,0.0,4.0,20.0,0.3
7.10199999999944,-0.28371727909455735,-0.02642356386181599,-0.2869287623719534,0.23140627272224798,0.0,0.295937522828815,0.49865525314408304,0.3246035786472168,1.1287168821510825,0.34070073849028615,0.0,4.0,20.0,0.3
7.111999999999439,-0.28401372077392156,-0.03176528534447895,-0.2869771899725889,0.23099185439257083,0.0,0.2955231044991379,0.4986819337806225,0.32406066553335916,1.128458220959562,0.34070030626815706,0.0,4.0,20.0,0.3
7.121999999999438,-0.28436517381108556,-0.03746831046614555,-0.28702784824861705,0.2312703682642718,0.0,0.29580161837083885,0.49870808505629155,0.3239677324567461,1.1294514365268902,0.340699873885571,0.0,4.0,20.0,0.3
7.131999999999437,-0.2847658003913703,-0.041541267174268356,-0.2870614494952015,0.23056689888589071,0.0,0.2950981489924578,0.4987337174739479,0.3238365490589912,1.1290220714730679,0.34069944224664606,0.0,4.0,20.0,0.3
7.1419999999994355,-0.28520447748233746,-0.04518683203331596,-0.28709152452791487,0.2303265267382544,0.0,0.2948577768448215,0.4987588413280661,0.32373012312088123,1.129054945115506,0.34069901073573267,0.0,4.0,20.0,0.3
7.151999999999434,-0.2856738099020465,-0.047944867620549475,-0.28711584619584296,0.23031565699303042,0.0,0.2948469070995975,0.4987834667088714,0.32385764278906115,1.1294172449829785,0.3406985794623584,0.0,4.0,20.0,0.3
7.161999999999433,-0.2861661030982877,-0.049906832279328524,-0.28713838624889954,0.23030551674628127,0.0,0.2948367668528483,0.4988076035063928,0.3240034319242151,1.129726955249199,0.3406981482447065,0.0,4.0,20.0,0.3
7.171999999999432,-0.2866708956878005,-0.050812360954041735,-0.28715764917534203,0.23032432275085352,0.0,0.2948555728574206,0.49883126141443473,0.3241637763129836,1.129833051319153,0.34069771715679037,0.0,4.0,20.0,0.3
7.181999999999431,-0.2871807782248443,-0.05119297003341669,-0.2871826567261696,0.23073573050820181,0.0,0.29526698061476886,0.49885444993447026,0.3243956414945459,1.1304308175267097,0.34069728577641345,0.0,4.0,20.0,0.3
7.19199999999943,-0.28769072302785137,-0.05079970443387172,-0.28721497505278887,0.23096020421817828,0.0,0.29549145432474533,0.4988771783794573,0.32471163531054903,1.1306137538232799,0.34069685402032984,0.0,4.0,20.0,0.3
7.201999999999429,-0.28819283784094535,-0.0499556007556301,-0.2872604049265802,0.23174273397640502,0.0,0.2962739840829721,0.49889945587757856,0.325445863924994,1.1318825238141863,0.34069642160887276,0.0,4.0,20.0,0.3
7.211999999999428,-0.28868343756669507,-0.04813387900891742,-0.28731733474436943,0.2315574171533555,0.0,0.29608866725992256,0.4989212913759081,0.32596526153269606,1.1314601134587292,0.3406959885971131,0.0,4.0,20.0,0.3
7.221999999999427,-0.28914188017840153,-0.04425471057309871,-0.28736718283892965,0.23166761242996523,0.0,0.29619886253653227,0.498942693644004,0.3265198027258918,1.1313709983582945,0.34069555585491706,0.0,4.0,20.0,0.3
7.2319999999994256,-0.28955534312085235,-0.03911859138122946,-0.28741601925144994,0.23125760394771716,0.0,0.29578885405428423,0.49896367127743074,0.3270866027189746,1.1304240783272863,0.3406951231000834,0.0,4.0,20.0,0.3
7.2419999999994245,-0.28991136911078896,-0.03338222958887979,-0.28746752972851436,0.23186176290596508,0.0,0.2963930130125322,0.49898423270121145,0.3277703944452191,1.1308736345157886,0.34069469016520415,0.0,4.0,20.0,0.3
7.251999999999423,-0.2902125985575668,-0.02774506629045232,-0.2875338423215497,0.232089382022813,0.0,0.29662063212938006,0.49900438617321136,0.32822795532289584,1.1306727414799647,0.3406942564681935,0.0,4.0,20.0,0.3
7.261999999999422,-0.2904526905396446,-0.021440211957373702,-0.28760434463911677,0.23231314057317537,0.0,0.29684439067974244,0.49902413978745425,0.3286008296666366,1.1301821195130581,0.34069382249646246,0.0,4.0,20.0,0.3
7.271999999999421,-0.29062967476489515,-0.015306403888576316,-0.28768768395339733,0.2330281501114258,0.0,0.2975594002179929,0.49904350147737353,0.3290677393095336,1.1305435759132396,0.3406933878372325,0.0,4.0,20.0,0.3
7.28199999999942,-0.290750835714921,-0.009984455942749042,-0.2877947367421462,0.2338762130841984,0.0,0.2984074631907655,0.4990624790189981,0.3293274602308652,1.1309202033410384,0.34069295195949173,0.0,4.0,20.0,0.3
7.291999999999419,-0.2908161782633743,-0.004113862722601291,-0.28790877896287503,0.23398932459761707,0.0,0.29852057470418414,0.49908108003407553,0.3293433402250408,1.1300138849309609,0.3406925156248096,0.0,4.0,20.0,0.3
7.301999999999418,-0.29082091374519287,0.0017084881403952971,-0.2880354503240145,0.2343296051972857,0.0,0.29886085530385276,0.49909931199313307,0.32927166604415337,1.1294135612654912,0.3406920789476024,0.0,3.0,20.0,0.3
7.311999999999417,-0.2907848650506345,0.004832593200076486,-0.2882301242180227,0.23524973670080482,0.0,0.29978098680737186,0.49911718221847773,0.3294044568148684,1.129878376047476,0.34069164080090086,0.0,3.0,20.0,0.3
7.321999999999416,-0.2907217758479201,0.007239894188209618,-0.28845568336590627,0.2362771399553939,0.0,0.300808390061961,0.4991346978871374,0.3292880780800133,1.1304707790685184,0.34069120132832104,0.0,3.0,20.0,0.3
7.3319999999994145,-0.2906373812338717,0.009267707651232186,-0.2887053347457908,0.23713517368410408,0.0,0.30166642379067116,0.4991518660337432,0.3293014898021744,1.130914209393445,0.3406907607340584,0.0,3.0,20.0,0.3
7.341999999999413,-0.29053568245637634,0.010784513815790923,-0.2889765203762647,0.23776888165558735,0.0,0.3023001317621544,0.49916869355335464,0.3292990280544203,1.1312093281897992,0.34069031908192604,0.0,3.0,20.0,0.3
7.351999999999412,-0.2904217169783513,0.01182452313902441,-0.2892648163923544,0.23832415312718336,0.0,0.30285540323375043,0.499185187204229,0.3296914848468308,1.1318913906995234,0.3406898765038531,0.0,3.0,20.0,0.3
7.361999999999411,-0.29029995067770753,0.012529421001693415,-0.28956373572972144,0.2383071092784083,0.0,0.3028383593849754,0.49920135361053525,0.3303520862214864,1.132151049999821,0.3406894332096529,0.0,3.0,20.0,0.3
7.37199999999941,-0.29016538431079864,0.0144074568704587,-0.2898424814399773,0.23776363315450794,0.0,0.302294883261075,0.4992171992650145,0.33130489316686107,1.1322259996735018,0.34068899027951866,0.0,3.0,20.0,0.3
7.381999999999409,-0.2899978657216583,0.018382524137380146,-0.2900672880080328,0.23694784486996232,0.0,0.30147909497652936,0.4992327305315879,0.33224382646276357,1.1320665642025909,0.34068854894151934,0.0,3.0,20.0,0.3
7.391999999999408,-0.2897872133367078,0.022759643256422754,-0.2902451602883989,0.23612376223028358,0.0,0.30065501233685066,0.49924795364791236,0.3331641307223589,1.1320401335101828,0.3406881090098105,0.0,3.0,20.0,0.3
7.401999999999407,-0.2895347877666566,0.026951852960038422,-0.2903769628433278,0.23484553783816145,0.0,0.29937678794472855,0.49926287472788555,0.33406617555762613,1.1315222599748562,0.34068767050614607,0.0,3.0,20.0,0.3
7.411999999999406,-0.2892392150344236,0.031223434298062284,-0.2904509411675345,0.23361294043270178,0.0,0.2981441905392689,0.49927749976410174,0.33495032324720664,1.1312097645913934,0.3406872339047356,0.0,3.0,20.0,0.3
7.421999999999405,-0.2889033208112529,0.03512385957843596,-0.2904678609674696,0.23215927275510703,0.0,0.2966905228616741,0.4992918346302581,0.3358169288819021,1.1307234281377112,0.3406867992449227,0.0,3.0,20.0,0.3
7.4319999999994035,-0.2885348722357206,0.037513606844709765,-0.2904413153385295,0.231669603329715,0.0,0.2962008534362821,0.4993058850835139,0.33666634050728605,1.131713086248856,0.3406863661152762,0.0,3.0,20.0,0.3
7.441999999999402,-0.28815109135434686,0.03881108533596239,-0.2903720232152333,0.23044721232136164,0.0,0.2949784624279287,0.4993196567668028,0.33749889926348536,1.1317883711903551,0.34068593453344503,0.0,3.0,20.0,0.3
7.451999999999401,-0.2877606414139391,0.0393952273208928,-0.29025609387278667,0.22873060951436539,0.0,0.29326185962093243,0.49933315521109894,0.33831493952218883,1.1312662925098016,0.3406855046877875,0.0,3.0,20.0,0.3
7.4619999999994,-0.2873582753344392,0.04071843833368871,-0.2900670857810474,0.22696381067756644,0.0,0.2914950607841335,0.4993463858376386,0.3391147890209376,1.1307514111711798,0.3406850775778973,0.0,3.0,20.0,0.3
7.471999999999399,-0.28694058391226934,0.042343643073909906,-0.2898052076589024,0.2250282482446448,0.0,0.28955949835121186,0.4993593539600969,0.3398987689947505,1.1300602890377802,0.3406846532800105,0.0,3.0,20.0,0.3
7.481999999999398,-0.28650677597635843,0.04418307599684179,-0.2894689988312838,0.22282351095780836,0.0,0.2873547610643754,0.49937206478672264,0.3406671943051384,1.1290336427965724,0.34068423192866043,0.0,3.0,20.0,0.3
7.491999999999397,-0.28605339830815063,0.04624991606161713,-0.2890548735950774,0.22052452170548148,0.0,0.28505577181204855,0.49938452342242945,0.34142037356655885,1.1278977303787547,0.34068381374049106,0.0,3.0,20.0,0.3
7.501999999999396,-0.2855863693288999,0.046935902068988206,-0.2885876761736546,0.21910479707499408,0.0,0.28363604718156116,0.49939673487084624,0.3421586092703613,1.1279957140867172,0.3406833979267462,0.0,3.0,20.0,0.3
7.511999999999395,-0.2851106358855482,0.04823773515479904,-0.2880460909025734,0.21662206892769606,0.0,0.2811533190342631,0.49940870403632676,0.3428821979062736,1.126586800326833,0.34068298530105445,0.0,3.0,20.0,0.3
7.521999999999394,-0.28462868553625753,0.04760653146668615,-0.2874667237670393,0.21633015693681576,0.0,0.2808614070433828,0.4994204357259192,0.34359143008147824,1.1282071725258405,0.34068257466117835,0.0,3.0,20.0,0.3
7.5319999999993925,-0.2841737262194347,0.043877888186094005,-0.28689062322144165,0.2157452780670352,0.0,0.28027652817360227,0.49943193465129687,0.34428659063732525,1.12935394254824,0.340682164581854,0.0,3.0,20.0,0.3
7.541999999999391,-0.28375507405752665,0.040722729927804374,-0.28628091176605946,0.2140098980518755,0.0,0.27854114815844255,0.4994432054306504,0.3449679587637306,1.1288015364299393,0.3406817563674909,0.0,3.0,20.0,0.3
7.55199999999939,-0.2833627841695276,0.03812661821768351,-0.28563589410942847,0.21297562876856355,0.0,0.2775068788751306,0.49945425259054277,0.34563580811130395,1.129123273890678,0.3406813501247167,0.0,3.0,20.0,0.3
7.561999999999389,-0.28299727686143206,0.03541711291354292,-0.2849704492383154,0.21220961824894513,0.0,0.2767408683555122,0.4994650805677268,0.34629040690125196,1.1296952229343145,0.3406809453629794,0.0,3.0,20.0,0.3
7.571999999999388,-0.28266350439641,0.032134217452029545,-0.28430061879337687,0.21124020206296895,0.0,0.275771452169536,0.4994756937109275,0.34693201803310136,1.1298403002990383,0.3406805415346964,0.0,3.0,20.0,0.3
7.581999999999387,-0.2823581251112046,0.02961567782589717,-0.28361413888825804,0.21035571813281903,0.0,0.2748869682393861,0.4994860962825882,0.34756089919028443,1.1299482656638604,0.3406801390817383,0.0,3.0,20.0,0.3
7.591999999999386,-0.28207260226260883,0.02824802063051404,-0.2829079021844577,0.20909022079000444,0.0,0.2736214708965715,0.49949629246058275,0.34817730294362936,1.1293573407417958,0.34067973813163555,0.0,3.0,20.0,0.3
7.601999999999385,-0.28178702415162366,0.028776967841849087,-0.28216657394201583,0.2080112281112813,0.0,0.2725424782178484,0.49950628633989336,0.3487814768527979,1.1288585356887841,0.3406793392584632,0.0,3.0,20.0,0.3
7.611999999999384,-0.28149193380767806,0.02988270642587977,-0.28140878538218667,0.207102818415866,0.0,0.2716340685224331,0.4995160819342551,0.34937366356571004,1.128429709821131,0.340678941839219,0.0,3.0,20.0,0.3
7.621999999999383,-0.28118993470292036,0.030291845710883267,-0.2806607949952047,0.20682112616815837,0.0,0.2713523762747254,0.49952568317776813,0.3499541009159958,1.1287109923402825,0.3406785449592575,0.0,3.0,20.0,0.3
7.6319999999993815,-0.28088900876391826,0.029880146405231612,-0.2799374834230065,0.20704715094383175,0.0,0.2715784010503988,0.4995350939264774,0.3505230220185143,1.129538212011439,0.3406781480774167,0.0,3.0,20.0,0.3
7.64199999999938,-0.28059054091553276,0.029973427529070285,-0.2792300611773077,0.20669994276622827,0.0,0.27123119287279535,0.4995443179599214,0.351080655362977,1.1294030624871703,0.3406777514747026,0.0,3.0,20.0,0.3
7.651999999999379,-0.2802925313146793,0.02968050420530709,-0.27855548784401246,0.2071450657081636,0.0,0.2716763158147307,0.4995533589826502,0.3516272249057134,1.130226373355535,0.34067735453382525,0.0,3.0,20.0,0.3
7.661999999999378,-0.27999137581981554,0.030640196424039107,-0.27789636388468636,0.20661578635434494,0.0,0.271147036460912,0.4995622206257134,0.35216295015961646,1.1295455210630823,0.3406769578301259,0.0,3.0,20.0,0.3
7.671999999999377,-0.2796766447742396,0.031980354699792136,-0.2772622055830653,0.2069778556602051,0.0,0.2715091057667722,0.4995709064481182,0.35268804628230316,1.1299883265053303,0.34067656101262966,0.0,3.0,20.0,0.3
7.681999999999376,-0.27934674898120665,0.03372787632185134,-0.2766562119173556,0.20717426631472383,0.0,0.2717055164212909,0.4995794199382586,0.35320272416252574,1.1300914264145945,0.3406761639343488,0.0,3.0,20.0,0.3
7.691999999999375,-0.2789991794791466,0.03552050100704817,-0.2760850136868905,0.20758755371223694,0.0,0.27211880381880404,0.49958776451531683,0.35370719050486915,1.1304089083251099,0.34067576632782315,0.0,3.0,20.0,0.3
7.701999999999374,-0.2786288293842818,0.03814668201034639,-0.2755375854250774,0.20762100496943486,0.0,0.27215225507600194,0.4995959435306364,0.35420164791276715,1.1301253781135996,0.34067536854366653,0.0,3.0,20.0,0.3
7.711999999999373,-0.2782239930279198,0.04224740492568242,-0.27499915891471993,0.2071675698707054,0.0,0.27169881997727247,0.49960396026906795,0.35468629496987214,1.1291137182574267,0.34067497107788014,0.0,3.0,20.0,0.3
7.721999999999372,-0.2777723691342262,0.04698005666671154,-0.2744725606026102,0.20734113808821245,0.0,0.27187238819477955,0.49961181795028853,0.35516132631980996,1.1289585650015064,0.34067457382403715,0.0,3.0,20.0,0.3
7.7319999999993705,-0.27728081972142044,0.0506620666944021,-0.2739835795236494,0.20779015102790896,0.0,0.272321401134476,0.49961951973009483,0.3556269327443524,1.1291905981581776,0.34067417584736936,0.0,3.0,20.0,0.3
7.741999999999369,-0.2767512935983059,0.054456150154348196,-0.27351675829539845,0.20797966971287574,0.0,0.2725109198194428,0.4996270687016705,0.35608330124003934,1.1290825289426154,0.34067377765517926,0.0,3.0,20.0,0.3
7.751999999999368,-0.27618395304968596,0.05810223964609418,-0.2730726859042884,0.20834381220808754,0.0,0.27287506231465464,0.49963446789682847,0.3565306150932797,1.1292636643660314,0.34067337920103946,0.0,3.0,20.0,0.3
7.761999999999367,-0.27559118812369016,0.06009458301300518,-0.2726755205447376,0.20887833471743783,0.0,0.2734095848240049,0.4996417202872285,0.35696905395396306,1.129746448969689,0.3406729795975181,0.0,3.0,20.0,0.3
7.771999999999366,-0.2749742722353053,0.06252961682717612,-0.2722943853900049,0.20908538110730798,0.0,0.27361663121387503,0.4996488287855707,0.3573987939076103,1.1298502549370713,0.3406725798903072,0.0,3.0,20.0,0.3
7.781999999999365,-0.27433613700293613,0.06454431260616116,-0.2719369988398271,0.20927615594981785,0.0,0.2738074060563849,0.4996557962467655,0.3578200075460933,1.1300260635292063,0.340672179783207,0.0,3.0,20.0,0.3
7.791999999999364,-0.27367772472939755,0.06662985846090252,-0.2715916257987398,0.20930845021395847,0.0,0.2738397003205255,0.4996626254690798,0.35823286403695076,1.1300876316338346,0.3406717796657681,0.0,3.0,20.0,0.3
7.801999999999363,-0.272993420478404,0.06969659902666264,-0.27123609324218473,0.20849586161475758,0.0,0.27302711172132466,0.4996693191952615,0.3586375291913296,1.129085722383934,0.34067138031088817,0.0,3.0,20.0,0.3
7.811999999999362,-0.2722850473076554,0.07151754515289385,-0.27089348283847425,0.2085036064134273,0.0,0.2730348565199944,0.4996758801136403,0.35903416553057727,1.1293614006878598,0.3406709809140444,0.0,3.0,20.0,0.3
7.821999999999361,-0.2715635863407204,0.07258707973973938,-0.2705578897917186,0.20817391182099507,0.0,0.2727051619275621,0.49968231085920783,0.35942293235151435,1.1292978340216002,0.3406705816673809,0.0,3.0,20.0,0.3
7.8319999999993595,-0.27082652182732037,0.07414413192905747,-0.2702043671524603,0.20794548381172978,0.0,0.27247673391829685,0.4996886140146759,0.35980398579041045,1.1295119972988865,0.34067018345261346,0.0,3.0,20.0,0.3
7.841999999999358,-0.27008771106505786,0.07403254258267228,-0.26986319981904844,0.20725722711764302,0.0,0.27178847722421007,0.4996947921115135,0.36017747888569207,1.129216932570496,0.34066978520655916,0.0,3.0,20.0,0.3
7.851999999999357,-0.2693412785735453,0.07480002928048676,-0.2694905413525657,0.20693035269631357,0.0,0.2714616028028807,0.4997008476309638,0.3605435616394054,1.1295590781162335,0.3406693884832844,0.0,3.0,20.0,0.3
7.861999999999356,-0.26859077561457634,0.07526507928659089,-0.26909755538458685,0.20564332720503034,0.0,0.27017457731159744,0.49970678300504034,0.36090238107746025,1.1286828366839847,0.34066899291547725,0.0,3.0,20.0,0.3
7.871999999999355,-0.26783995626393875,0.07476827718562061,-0.2686892859665324,0.20504060005547248,0.0,0.26957185016203955,0.4997126006175042,0.3612540813086786,1.1288821564206466,0.34066859835318314,0.0,3.0,20.0,0.3
7.881999999999354,-0.26710572778396874,0.07214039737846221,-0.2682870823697105,0.20526242395516267,0.0,0.2697936740617297,0.499718302804821,0.36159880358267127,1.1303401005061182,0.34066820405542764,0.0,3.0,20.0,0.3
7.891999999999353,-0.2664038057135381,0.06874002967576734,-0.26787961962959006,0.20459869495857652,0.0,0.2691299450651436,0.49972389185709926,0.3619366863465665,1.1306447935550934,0.3406678104129332,0.0,3.0,20.0,0.3
7.901999999999352,-0.2657420954502368,0.06461667521184301,-0.2674679465709709,0.20373441595541855,0.0,0.26826566606198565,0.4997293700190105,0.3622678653006133,1.1307364591202007,0.3406674173939853,0.0,3.0,20.0,0.3
7.911999999999351,-0.26511907350202707,0.06068668742869156,-0.2670363986048934,0.2032777616104411,0.0,0.26780901171700816,0.49973473949069036,0.3625924734526808,1.131447291537371,0.3406670255649808,0.0,3.0,20.0,0.3
7.92199999999935,-0.2645348291493229,0.05691834903541644,-0.2665837128157549,0.20232983723313872,0.0,0.2668610873397058,0.49974000242862254,0.36291064117167726,1.1314989493709222,0.34066663499133276,0.0,3.0,20.0,0.3
7.9319999999993485,-0.2639884226134063,0.05332495801661048,-0.2661083927954011,0.2012325461367033,0.0,0.2657637962432704,0.4997451609465045,0.36322249623990843,1.1313499249971313,0.34066624574980353,0.0,3.0,20.0,0.3
7.941999999999347,-0.26347704549440976,0.049720132907964204,-0.26561126841752547,0.2003701232036058,0.0,0.2649013733101729,0.49975021711609696,0.36352816390439746,1.1315185158696763,0.3406658578412376,0.0,3.0,20.0,0.3
7.951999999999346,-0.2630061861224835,0.04563411528235714,-0.26510359747709894,0.19965439038456867,0.0,0.26418564049113574,0.49975517296805516,0.36382776692718666,1.1318605255318857,0.3406654708869884,0.0,3.0,20.0,0.3
7.961999999999345,-0.262569821314856,0.04222244758674606,-0.2645686649189204,0.198840548904556,0.0,0.26337179901112306,0.49976003049274514,0.364121425634641,1.132014332970142,0.34066508549937496,0.0,3.0,20.0,0.3
7.971999999999344,-0.2621643722902688,0.03968702312272385,-0.2640046630892868,0.19739342967732626,0.0,0.26192467978389333,0.4997647916410427,0.36440925796577345,1.1312131722511225,0.3406647017673943,0.0,3.0,20.0,0.3
7.981999999999343,-0.2617833978113749,0.037126783431074964,-0.26342283159914565,0.19684405791157894,0.0,0.261375308018146,0.4997694583251169,0.3646913795196117,1.1315857510149216,0.3406643193310256,0.0,3.0,20.0,0.3
7.991999999999342,-0.261433475518905,0.033441617387003006,-0.2628467074986257,0.19645522105155722,0.0,0.2609864711581243,0.49977403241919843,0.3649679036016248,1.1320848880885457,0.3406639373757622,0.0,3.0,20.0,0.3
8.001999999999342,-0.261115760876467,0.0306654297840131,-0.2622562505448715,0.1957759688408458,0.0,0.2603072189474129,0.4997785157603317,0.36523894126922896,1.1320649317355955,0.3406635566024129,0.0,3.0,20.0,0.3
8.011999999999345,-0.26083029989255613,0.027122983723235766,-0.26167900928519927,0.19567371933517214,0.0,0.2602049694417392,0.49978290490850064,0.36550460137639046,1.1327296660910862,0.3406631760510751,0.0,3.0,20.0,0.3
8.021999999999348,-0.260574475348003,0.02467031999835211,-0.2610955385870219,0.19497439522444016,0.0,0.25950564533100723,0.4997871810578497,0.36576499061734324,1.1324259414725764,0.34066279639501074,0.0,3.0,20.0,0.3
8.031999999999352,-0.260343731524277,0.021771784752000218,-0.26052906526890957,0.19527468352154076,0.0,0.25980593362810783,0.4997913283171623,0.36602021356943937,1.1333840847492738,0.3406624168213739,0.0,3.0,20.0,0.3
8.041999999999355,-0.26014146489718987,0.019555571083215966,-0.25997411007952803,0.19461335736396965,0.0,0.2591446074705367,0.4997953370724759,0.3662703727351496,1.1328533217370889,0.3406620374952036,0.0,3.0,20.0,0.3
8.051999999999358,-0.2599541337534726,0.01797103110337539,-0.25942864816033495,0.19488066918933344,0.0,0.2594119192959005,0.499799203583017,0.36651556858323026,1.1334810686705339,0.34066165848628427,0.0,3.0,20.0,0.3
8.061999999999362,-0.2597857870922795,0.016440423359414744,-0.2589095157306638,0.19467763023753967,0.0,0.2592088803441067,0.4998029278430611,0.36675589958907334,1.1333100408077466,0.3406612791741692,0.0,3.0,20.0,0.3
8.071999999999365,-0.25962403329163997,0.016138982519204627,-0.25839924871332454,0.19453618845029852,0.0,0.2590674385568656,0.4998065132331114,0.36699146227425594,1.133090917250606,0.34066090015598105,0.0,3.0,20.0,0.3
8.081999999999368,-0.2594627604082164,0.01588671280905495,-0.25791469748649265,0.1952243853879967,0.0,0.25975563549456376,0.49980996441072445,0.36722235124530567,1.1339080103318784,0.34066052082431947,0.0,3.0,20.0,0.3
8.091999999999372,-0.2593134499878916,0.014392212857544748,-0.2574858072888327,0.1961174932129929,0.0,0.26064874331956,0.49981328631420474,0.3674486592316962,1.1348947833678984,0.3406601400784031,0.0,3.0,20.0,0.3
8.101999999999375,-0.25917011344386953,0.014301318478897752,-0.25707900036758774,0.19642882977241677,0.0,0.26096007987898384,0.4998164855940003,0.3676704771230891,1.1349605584701394,0.3406597590492389,0.0,3.0,20.0,0.3
8.111999999999378,-0.25902237162807384,0.015368210244022257,-0.25669425957835396,0.19623009063121677,0.0,0.26076134073778384,0.4998195697097519,0.367887894005837,1.1342206518521243,0.340659377708391,0.0,3.0,20.0,0.3
8.121999999999382,-0.25885516257626845,0.017364518297823678,-0.2563272912969504,0.19709834858913575,0.0,0.2616295986957028,0.4998225446740974,0.3681009971987624,1.1349013010265478,0.3406589961902396,0.0,3.0,20.0,0.3
8.131999999999385,-0.25867938010843394,0.0174930756597063,-0.25602404566435744,0.1983509485089408,0.0,0.2628821986155079,0.4998254129172999,0.3683098722882267,1.1360634526033677,0.3406586128367542,0.0,3.0,20.0,0.3
8.141999999999388,-0.2585037865268072,0.01779210627261222,-0.2557657092837456,0.19862502543553462,0.0,0.2631562755421017,0.49982817504740185,0.368514603162503,1.1358137044527004,0.34065822823724917,0.0,3.0,20.0,0.3
8.151999999999392,-0.2583176937467041,0.019426619549728266,-0.25553035165337673,0.19901739998187892,0.0,0.26354865008844597,0.49983083142867174,0.36871527204546783,1.1357060072615262,0.34065784312110475,0.0,3.0,20.0,0.3
8.161999999999395,-0.25811049914282275,0.021304865564788448,-0.2553243111664037,0.19993028149269737,0.0,0.26446153159926444,0.4998333803755824,0.3689119595296232,1.1363240381249056,0.3406574572429381,0.0,3.0,20.0,0.3
8.171999999999398,-0.2578952777870874,0.02157902155616948,-0.2551791902180199,0.20118953375157952,0.0,0.26572078385814657,0.4998358167836333,0.36910474460846443,1.1374407863371236,0.3406570694387864,0.0,3.0,20.0,0.3
8.181999999999402,-0.2576738331650999,0.022803825070439546,-0.2550611280287681,0.20135368296251913,0.0,0.2658849330690862,0.4998381342162632,0.3692937047082056,1.1370535283544845,0.3406566808378262,0.0,3.0,20.0,0.3
8.191999999999405,-0.25743202539354376,0.025147644115916523,-0.25495519798615235,0.2016034332935623,0.0,0.26613468340012936,0.49984032523244654,0.3694789157188752,1.1368338466605772,0.34065629194483704,0.0,3.0,20.0,0.3
8.201999999999408,-0.25716912833563704,0.027001109108614526,-0.25487795666333407,0.20231758803477132,0.0,0.2668488381413384,0.4998423792818285,0.3696372312435468,1.1373289496398453,0.3406559021566092,0.0,3.0,20.0,0.3
8.211999999999412,-0.2568822195422584,0.029813011053754328,-0.25480428819737505,0.2023364352441403,0.0,0.2668676853507074,0.49984428249173063,0.369795696144062,1.1368871197248156,0.3406555123300903,0.0,3.0,20.0,0.3
8.221999999999415,-0.2565742103429362,0.03141774490433933,-0.25475912198443806,0.20289233720081362,0.0,0.2674235873073807,0.4998460174939088,0.3699519966432928,1.1373149667524038,0.34065512157703365,0.0,3.0,20.0,0.3
8.231999999999418,-0.25624761875792046,0.03344809104943594,-0.2547176050817727,0.2028544757580729,0.0,0.26738572586463993,0.49984756406507214,0.37012414672150534,1.137034127148458,0.34065473074620933,0.0,3.0,20.0,0.3
8.241999999999422,-0.25590405226892327,0.03486579884210339,-0.25468830997459363,0.2031045765514511,0.0,0.26763582665801816,0.49984889990929415,0.37029288123221027,1.1372687050415937,0.34065433952979324,0.0,3.0,20.0,0.3
8.251999999999425,-0.25554724142066026,0.03618697488535398,-0.2546609644595116,0.20316072505668153,0.0,0.2676919751632486,0.4998500011541279,0.3703824406859338,1.137292832255185,0.3406539482771373,0.0,3.0,20.0,0.3
8.261999999999428,-0.2551810095921951,0.03653443711494142,-0.2546431926930442,0.20377127989502675,0.0,0.2683025300015938,0.4998508431303094,0.37039573362419287,1.1381639539659787,0.3406535567193326,0.0,3.0,20.0,0.3
8.271999999999432,-0.254819564352661,0.03569539711385534,-0.25464125929800263,0.20404786332994296,0.0,0.26857911343651003,0.4998514014593402,0.3701668040195493,1.1384478902256414,0.3406531646174859,0.0,3.0,20.0,0.3
8.281999999999435,-0.25447850325892774,0.03255685667481961,-0.25467417746917287,0.20512035186360714,0.0,0.26965160197017424,0.4998516545361084,0.3699636533156402,1.1399046739218073,0.34065277128264043,0.0,3.0,20.0,0.3
8.291999999999438,-0.2541704981833094,0.02999645524553356,-0.25470782295204775,0.20425203287234958,0.0,0.2687832829789166,0.4998515865214985,0.36991417526454823,1.1389236158680562,0.34065237787435243,0.0,3.0,20.0,0.3
8.301999999999442,-0.2538827236634239,0.02758606879456251,-0.2547335335428415,0.20467184402359362,0.0,0.2692030941301607,0.49985118876929313,0.3697250994626066,1.1397656944573493,0.3406519847154378,0.0,3.0,20.0,0.3
8.311999999999445,-0.25362938189347956,0.023692590807064366,-0.25477754239391215,0.20496285246173962,0.0,0.2694941025683067,0.49985045803193484,0.36960910019275495,1.1405557905755612,0.3406515908741974,0.0,3.0,20.0,0.3
8.321999999999449,-0.25341422996834456,0.020291308510200865,-0.2548129846584889,0.20455672837256353,0.0,0.2690879784791306,0.499849398103717,0.3693201299383844,1.1403090241279732,0.3406511972817182,0.0,3.0,20.0,0.3
8.331999999999452,-0.2532185159135819,0.019391755493251405,-0.25479771188472156,0.2030418141724402,0.0,0.2675730642790073,0.49984801982854976,0.36928917916107856,1.138735497446251,0.3406508054484429,0.0,3.0,20.0,0.3
8.341999999999455,-0.25303335549801925,0.01790842193356715,-0.25476290284212905,0.20264060850580565,0.0,0.2671718586123727,0.4998463375018144,0.3692404520784621,1.138854552902731,0.34065041433110366,0.0,3.0,20.0,0.3
8.351999999999459,-0.25286923025434244,0.015172607217919538,-0.2547227400298078,0.20295340609096701,0.0,0.2674846561975341,0.4998443670916875,0.36882249374749687,1.1396728463942702,0.34065002344750905,0.0,3.0,20.0,0.3
8.361999999999462,-0.25273876023410263,0.011638833575700232,-0.2546791813741038,0.20257350621312867,0.0,0.26710475631969577,0.49984212793632216,0.36836742620055984,1.139416560188042,0.34064963272969817,0.0,3.0,20.0,0.3
8.371999999999465,-0.2526386417247697,0.008802572894939416,-0.25461054287133533,0.20195565561730686,0.0,0.2664869057238739,0.49983964451444324,0.3679982477341612,1.138938658946925,0.3406492429554529,0.0,3.0,20.0,0.3
8.381999999999469,-0.25256209764443976,0.007180465096529292,-0.2545061893414691,0.20074480215546295,0.0,0.26527605226203,0.4998369458248195,0.36777540877776566,1.1377124319913183,0.340648854526581,0.0,3.0,20.0,0.3
8.391999999999472,-0.25249975634838245,0.00517586968583339,-0.25438171183127106,0.20073511341180245,0.0,0.2652663635183695,0.49983406348181586,0.36762782185971193,1.1382517722797665,0.34064846694267875,0.0,3.0,20.0,0.3
8.401999999999475,-0.2524639973193004,0.0025749630542691235,-0.25425065693637394,0.20009944188268594,0.0,0.26463069198925304,0.49983103038420434,0.36757227598543707,1.1379433625752702,0.3406480797341448,0.0,3.0,20.0,0.3
8.411999999999479,-0.2524505537782501,0.000363908950521373,-0.25410020353620216,0.19971075848983189,0.0,0.26424200859639896,0.4998278821343988,0.36775549084337356,1.1382152692643979,0.3406476933707802,0.0,3.0,20.0,0.3
8.421999999999482,-0.25245867584699616,-0.0016790860574806762,-0.2539361605127457,0.19918984505102058,0.0,0.2637210951575877,0.4998246564797243,0.3679398471072799,1.1381938220849586,0.34064730766611967,0.0,3.0,20.0,0.3
8.431999999999485,-0.25249308883778515,-0.004899881603423993,-0.25378316128025,0.19971174520908552,0.0,0.2642429953156526,0.49982139294134675,0.3681519195174892,1.1396137551712753,0.3406469217636864,0.0,3.0,20.0,0.3
8.441999999999489,-0.2525584606354569,-0.007384465506227785,-0.2536242173507817,0.19880506431076375,0.0,0.26333631441733085,0.49981813356368315,0.36835978427562477,1.1389395549732848,0.3406465362465613,0.0,3.0,20.0,0.3
8.451999999999492,-0.2526380072618171,-0.008529710891469998,-0.25344919770144214,0.19842171314358,0.0,0.26295296325014705,0.49981492312645603,0.3685635248641914,1.1388982255854718,0.34064615181120156,0.0,4.0,20.0,0.3
8.461999999999495,-0.2527306296336347,-0.009523533831164166,-0.2532938435424269,0.19745593092792071,0.0,0.2619871810344878,0.49981180645507106,0.36876322310934745,1.1379420935728275,0.3406457683743436,0.0,4.0,20.0,0.3
8.471999999999499,-0.25282254708579044,-0.008962446268391978,-0.25311756281215614,0.19678192289703655,0.0,0.2613131730036036,0.4998088274170229,0.36895471524560597,1.1372938554833123,0.34064538610937006,0.0,4.0,20.0,0.3
8.481999999999502,-0.2529070745431876,-0.008113814070958777,-0.2529344436196619,0.19651378886993826,0.0,0.26104503897650533,0.4998060268487458,0.36914665202373315,1.1371240232933788,0.34064500437395395,0.0,4.0,20.0,0.3
8.491999999999505,-0.2529857628355086,-0.007806905690387229,-0.25275853357521694,0.19686428670949133,0.0,0.2613955368160584,0.499803441329693,0.36933091024757475,1.1377242110452843,0.3406446225135177,0.0,4.0,20.0,0.3
8.501999999999509,-0.25306324089968957,-0.0074579105984904845,-0.25258991532462305,0.19662208087077432,0.0,0.2611533309773414,0.49980110371116443,0.36950917644213527,1.1374015860323676,0.34064424051169373,0.0,4.0,20.0,0.3
8.511999999999512,-0.2531355260869956,-0.007280845349768618,-0.25243213944490916,0.19733040298059815,0.0,0.26186165308716525,0.4997990438951161,0.3696901123559773,1.1383303601326729,0.3406438581989604,0.0,4.0,20.0,0.3
8.521999999999515,-0.253211257010678,-0.007678766881413952,-0.2522981672257298,0.19768265836391477,0.0,0.26221390847048187,0.4997972887962781,0.36986745838572116,1.1386781834345532,0.3406434749442412,0.0,4.0,20.0,0.3
8.531999999999519,-0.2532933670604348,-0.008416541060628398,-0.2521902142927386,0.1984795784476298,0.0,0.2630108285541969,0.4997958637575436,0.3700412857569603,1.1395705587918443,0.3406430906167121,0.0,4.0,20.0,0.3
8.541999999999522,-0.25337545711640347,-0.007851290027467445,-0.252089002490804,0.19834583696818997,0.0,0.26287708707475704,0.49979479316841674,0.3702116642821269,1.139088972019485,0.3406427060958765,0.0,4.0,20.0,0.3
8.551999999999525,-0.2534393109902975,-0.005103817174584302,-0.251976216001636,0.19788972596580795,0.0,0.262420976072375,0.49979409924232937,0.37037866238852973,1.1380975349517979,0.3406423222385551,0.0,4.0,20.0,0.3
8.561999999999529,-0.25347086250615897,-0.0018132026812010642,-0.25186336670722836,0.19800084757361627,0.0,0.2625320976801834,0.4997937988239685,0.3705423471458364,1.1378578184194383,0.3406419385180918,0.0,4.0,20.0,0.3
8.571999999999532,-0.2534689374969507,0.0015731774256899644,-0.25175586567127173,0.1980753444097466,0.0,0.2626065945163137,0.49979390115485833,0.3706828252812184,1.137521890841519,0.3406415546769537,0.0,4.0,20.0,0.3
8.581999999999535,-0.253435695907937,0.0042801712038086775,-0.25166412725743825,0.19883059212136794,0.0,0.263361842227935,0.4997944079782931,0.37078683612778773,1.1381331715168757,0.34064117021920226,0.0,4.0,20.0,0.3
8.591999999999539,-0.25338119484185784,0.006226883805819563,-0.2515950219453066,0.19931937900189384,0.0,0.2638506291084609,0.4997953146193307,0.37070165816986517,1.138109213322434,0.3406407847979883,0.0,4.0,20.0,0.3
8.601999999999542,-0.2533040516536875,0.009124191107773814,-0.2515253135396301,0.19879105602846536,0.0,0.26332230613503244,0.49979661198969544,0.3708588605238108,1.1369236125706048,0.3406403992424786,0.0,3.0,20.0,0.3
8.611999999999545,-0.2531817614357166,0.014044075302280853,-0.2514195362084502,0.19884461966437372,0.0,0.2633758697709408,0.4997982863739264,0.3710130178434008,1.1365971884770634,0.3406400144797095,0.0,3.0,20.0,0.3
8.621999999999549,-0.2530230383657169,0.016936953038423734,-0.2513421957491993,0.19943543569195724,0.0,0.26396668579852434,0.4998003164955692,0.3711641165833066,1.137060247977713,0.34063962882983856,0.0,3.0,20.0,0.3
8.631999999999552,-0.2528385156293037,0.019556369323838873,-0.25127549808903976,0.19957027141336492,0.0,0.264101521519932,0.4998026750573227,0.3713122174277028,1.1369326574231522,0.3406392428893756,0.0,3.0,20.0,0.3
8.641999999999555,-0.2526266903130637,0.022218675311432273,-0.25121120472584274,0.19959049700938924,0.0,0.2641217471159563,0.4998053310278245,0.37145737985675104,1.1367037886931015,0.34063885694250845,0.0,3.0,20.0,0.3
8.651999999999559,-0.2523998362530284,0.022961444259832643,-0.25117955559882177,0.20022759869171503,0.0,0.2647588487982821,0.49980825011021274,0.3715996621704886,1.1374062208422075,0.3406384699110551,0.0,3.0,20.0,0.3
8.661999999999562,-0.25216387141820507,0.023818074785188128,-0.25115447895575677,0.2007398856235799,0.0,0.26527113573014693,0.49981139699416627,0.3717391215122429,1.1380070817973387,0.34063808268389495,0.0,3.0,20.0,0.3
8.671999999999565,-0.2519302723440479,0.023099244565974626,-0.2511615402572528,0.20114796361121595,0.0,0.265679213717783,0.49981473694369116,0.37187581389158125,1.13853907444475,0.34063769434176233,0.0,3.0,20.0,0.3
8.681999999999569,-0.2516982358601564,0.023455803710153034,-0.25116168884737633,0.20075160305806763,0.0,0.26528285316463474,0.4998182375326754,0.3720097942068052,1.1380237327087475,0.3406373062348075,0.0,3.0,20.0,0.3
8.691999999999572,-0.2514566587002647,0.02459200900496337,-0.2511467108045045,0.2003765224079541,0.0,0.26490777251452113,0.499821831198338,0.3721411162669991,1.1376208140382134,0.34063691866662105,0.0,3.0,20.0,0.3
8.701999999999575,-0.2512038034178804,0.02561390408096142,-0.2511226227523245,0.20026718628416898,0.0,0.2647984363907361,0.49982536618116313,0.3722698328136406,1.137674311103022,0.34063653144050604,0.0,3.0,20.0,0.3
8.711999999999579,-0.2509430844434606,0.02607974353144131,-0.2510932520316662,0.20028915069734446,0.0,0.26482040080391156,0.49982883102767117,0.3723959955417828,1.1379951805401767,0.34063614443191437,0.0,3.0,20.0,0.3
8.721999999999582,-0.2506792698332514,0.026577174589959528,-0.2510502464734389,0.1997229424846566,0.0,0.2642541925912237,0.49983222712941144,0.3725196551208158,1.137572759299041,0.3406357579392326,0.0,3.0,20.0,0.3
8.731999999999585,-0.25041198739501574,0.02703477340596904,-0.2509904357764733,0.19916155472521696,0.0,0.26369280483178403,0.49983555585032396,0.37264086121481677,1.1372332832189187,0.3406353720919536,0.0,3.0,20.0,0.3
8.741999999999589,-0.25014356178297187,0.02653389629202847,-0.250923766805137,0.19926242260713511,0.0,0.2637936727137022,0.49983881852728745,0.3727596625024959,1.1378917875932806,0.34063498656252095,0.0,3.0,20.0,0.3
8.751999999999592,-0.2498825795755035,0.025841122022166214,-0.25084318390646715,0.19861581696539754,0.0,0.2631470670719646,0.49984201647065607,0.3728761066967467,1.1375657648517798,0.3406346016035949,0.0,3.0,20.0,0.3
8.761999999999595,-0.24962923839063159,0.024969224304868635,-0.25074599925699287,0.1982270386158226,0.0,0.2627582887223897,0.49984515096478566,0.37299024056380814,1.137653879835006,0.3406342173296619,0.0,3.0,20.0,0.3
8.771999999999599,-0.24938637351068194,0.023953384029873608,-0.2506315902924572,0.19745012294408296,0.0,0.26198137305065006,0.49984822326854966,0.3731021099420474,1.1372415622580547,0.34063383378032974,0.0,3.0,20.0,0.3
8.781999999999602,-0.24915155117954946,0.023347264116490348,-0.25048954952907393,0.19658626496046397,0.0,0.26111751506703107,0.4998512336639625,0.373211759760369,1.136740178238786,0.34063345134641715,0.0,3.0,20.0,0.3
8.791999999999605,-0.24891789011075002,0.023335341857910665,-0.25031171560238813,0.19580525344981722,0.0,0.26033650355638427,0.4998541727082685,0.37331923405625955,1.1363779664062426,0.34063307035291757,0.0,3.0,20.0,0.3
8.801999999999609,-0.24867942358467532,0.02433449406093321,-0.2500881152515443,0.19438733148078058,0.0,0.25891858158734765,0.49985702602114124,0.3734245759934735,1.1351379400668504,0.34063269119205253,0.0,3.0,20.0,0.3
8.811999999999612,-0.24842575654666516,0.026279996279030774,-0.24981242428927658,0.19267586877221876,0.0,0.25720711887878583,0.49985977913786306,0.37352782787936895,1.133493223897313,0.34063231414357276,0.0,3.0,20.0,0.3
8.821999999999615,-0.2481508286920231,0.02813428530683542,-0.24949432593386062,0.19175754707847084,0.0,0.25628879718503794,0.4998624156880105,0.37362903118189916,1.1329582819053892,0.340631938929263,0.0,3.0,20.0,0.3
8.831999999999619,-0.24786306876505873,0.02891488418638741,-0.2491532502623459,0.1911789223570517,0.0,0.25571017246361877,0.49986491664193805,0.3737282265462665,1.132889245124432,0.340631564905923,0.0,3.0,20.0,0.3
8.841999999999622,-0.2475775973041943,0.028332800979748076,-0.24880472862235958,0.19058576330963348,0.0,0.2551170134162005,0.4998672620431037,0.37382545381124666,1.1327789383786644,0.340631191544151,0.0,3.0,20.0,0.3
8.851999999999626,-0.24729921776193023,0.027418564475464608,-0.24844054706018542,0.1899746187122086,0.0,0.2545058688187757,0.4998694336029539,0.37391333814078076,1.1326083024354068,0.34063081914840393,0.0,3.0,20.0,0.3
8.861999999999629,-0.2470359320295015,0.025804631497363013,-0.2480731865296521,0.18930322931165494,0.0,0.253834479418222,0.49987141591132733,0.3739982224005963,1.1323107670523878,0.340630447289613,0.0,3.0,20.0,0.3
8.871999999999632,-0.24677709867002062,0.026175498662665657,-0.24766324879655163,0.1880984035722762,0.0,0.25262965367884327,0.4998731973450377,0.37406594488631023,1.1311870994702018,0.34063007737281664,0.0,3.0,20.0,0.3
8.881999999999636,-0.24651711389796507,0.025770430839111395,-0.24724541311764206,0.18769400019548982,0.0,0.2522252503020569,0.4998747681816219,0.37415647160371607,1.1311622444008864,0.34062970822059196,0.0,3.0,20.0,0.3
8.891999999999639,-0.24626399576624133,0.02486018180152807,-0.24682496686539937,0.1875968432016542,0.0,0.2521280933082213,0.49987611953241906,0.3740298014244234,1.1313638911975774,0.34062933965076836,0.0,3.0,20.0,0.3
8.901999999999642,-0.24603250544159364,0.02190952459929941,-0.24643538786032942,0.1879431762338197,0.0,0.25247442634038675,0.4998772447784892,0.3737951794338329,1.1319277277717086,0.34062897047651025,0.0,3.0,20.0,0.3
8.911999999999646,-0.24582668416373166,0.019710471474095916,-0.24604711511058766,0.1876738115141889,0.0,0.25220506162075595,0.49987814194893926,0.3734330156892959,1.131473285015669,0.34062860171012055,0.0,3.0,20.0,0.3
8.921999999999649,-0.24564799220156142,0.016479064236633607,-0.24568800413306366,0.18825007492935103,0.0,0.2527813250359181,0.4998788143796014,0.37323779375890265,1.132179678633987,0.3406282323637565,0.0,3.0,20.0,0.3
8.931999999999652,-0.24549971530428244,0.013700565949636284,-0.24534513845915656,0.18834002519751813,0.0,0.2528712753040852,0.49987927068204097,0.37287786937406986,1.132134024385023,0.3406278628585128,0.0,3.0,20.0,0.3
8.941999999999656,-0.24537288158012815,0.01206982317786048,-0.24500735523416164,0.18815594479450617,0.0,0.2526871949010733,0.4998795248053087,0.3723599471801874,1.1313474663195744,0.3406274935722852,0.0,3.0,20.0,0.3
8.951999999999659,-0.24525961095564858,0.010792241331072233,-0.24468342535080442,0.18832298581373944,0.0,0.25285423592030654,0.49987959408909133,0.37175306538159353,1.1309179935894291,0.34062712418974456,0.0,3.0,20.0,0.3
8.961999999999662,-0.24516405926739293,0.00860909363727862,-0.2443963144506286,0.18902805249826676,0.0,0.25355930260483384,0.49987949769296736,0.3708459856649632,1.130856923785223,0.34062675387870783,0.0,3.0,20.0,0.3
8.971999999999666,-0.24508933751970882,0.006763178605859611,-0.24413578952929993,0.18946185433086585,0.0,0.25399310443743295,0.4998792570642062,0.36983303577389176,1.1302411512201838,0.3406263829566361,0.0,3.0,20.0,0.3
8.981999999999669,-0.2450392535071544,0.003677462690537467,-0.24392822042929646,0.1907480807827479,0.0,0.255279330889315,0.49987889637522537,0.3686346154133472,1.1305422940444583,0.34062601045955204,0.0,3.0,20.0,0.3
8.991999999999672,-0.24502265141231241,0.0003871490160791205,-0.24376949510103774,0.19159314568615846,0.0,0.2561243957927255,0.4998784431588526,0.3675622427412777,1.130239224592685,0.3406256364668095,0.0,3.0,20.0,0.3
9.001999999999676,-0.24504028994408703,-0.00334177940557092,-0.24366797558271558,0.19297061799984666,0.0,0.25750186810641373,0.4998779295320558,0.36634752517459834,1.1305280204299644,0.34062526077341265,0.0,4.0,20.0,0.3
9.011999999999679,-0.24509942533328133,-0.007622690981698172,-0.24363402359916514,0.19449466004645427,0.0,0.25902591015302134,0.499877392297907,0.3650467014148266,1.1308157965759862,0.34062488304666827,0.0,4.0,20.0,0.3
9.021999999999682,-0.24519665842435917,-0.010916776094600181,-0.24363784405042324,0.19530397720387307,0.0,0.2598352273104402,0.499876873654216,0.36389471133991286,1.1302062278747034,0.3406245035728526,0.0,4.0,20.0,0.3
9.031999999999686,-0.24531830732669227,-0.01289049073599155,-0.2436692013153117,0.19628167623252785,0.0,0.2608129263390949,0.4998764201603973,0.3627215105148624,1.1297780448008834,0.340624122793584,0.0,4.0,20.0,0.3
9.041999999999689,-0.24545643197792077,-0.01440246099750726,-0.24373418421819334,0.19769700843466192,0.0,0.262228258541229,0.4998760800313965,0.3615467097953181,1.1298929750205824,0.34062374038920773,0.0,4.0,20.0,0.3
9.051999999999692,-0.24561029571174903,-0.016004041712420862,-0.24383942582048304,0.19893927960480173,0.0,0.2634705297113688,0.49987590141365634,0.3604994580469877,1.129876688185997,0.34062335600662896,0.0,4.0,20.0,0.3
9.061999999999696,-0.24578096847651487,-0.017896838466428117,-0.2439883944806796,0.20053852584939907,0.0,0.26506977595596615,0.49987593208812764,0.35929322505420336,1.130213721003085,0.34062296943635034,0.0,4.0,20.0,0.3
9.071999999999699,-0.24596686771921053,-0.01894681035910506,-0.2441678018930801,0.20137002715249094,0.0,0.265901277259058,0.4998762196886776,0.3581518032523083,1.1294305178406092,0.3406225812512105,0.0,4.0,20.0,0.3
9.081999999999702,-0.2461574143936906,-0.019027254946700056,-0.2443697212888193,0.20232951551049674,0.0,0.26686076561706384,0.49987681118636695,0.3572612289506609,1.1291228937060431,0.3406221917919333,0.0,4.0,20.0,0.3
9.091999999999706,-0.24635130801833002,-0.019637225470829373,-0.24460935346437887,0.20380790607195104,0.0,0.2683391561785181,0.49987775113705396,0.3562235511503087,1.1294509018692493,0.3406218003156298,0.0,4.0,20.0,0.3
9.101999999999709,-0.24654688267445554,-0.01927463978946501,-0.24486800528004832,0.2042623129010967,0.0,0.26879356300766377,0.4998790814060742,0.35524882190606155,1.128349435420358,0.3406214076577185,0.0,4.0,20.0,0.3
9.111999999999712,-0.24673383700278317,-0.01827811806514191,-0.24514175875907757,0.2050893930971813,0.0,0.26962064320374834,0.4998808408055362,0.35418588706693505,1.1277761520344305,0.34062101398483835,0.0,4.0,20.0,0.3
9.121999999999716,-0.24691192636429704,-0.017608852269901908,-0.24543916913064376,0.20627166106549769,0.0,0.2708029111720648,0.499883050170712,0.3530849875858411,1.127680606319771,0.3406206188751061,0.0,4.0,20.0,0.3
9.131999999999719,-0.2470912182757743,-0.01810960118596265,-0.2457732699328671,0.2074862841493831,0.0,0.2720175342559502,0.49988537053002335,0.3519521754036053,1.1276560756584226,0.3406202216831202,0.0,4.0,20.0,0.3
9.141999999999722,-0.2472772876733107,-0.01919330753146842,-0.2461382574947498,0.2091547945007101,0.0,0.2736860446072772,0.49988764485192394,0.35092866447017135,1.1283475271982948,0.3406198226433597,0.0,4.0,20.0,0.3
9.151999999999726,-0.24747987303784771,-0.02084234346138268,-0.24653693462289517,0.21008489369929031,0.0,0.2746161438058574,0.4998898740498254,0.3502802316669708,1.1284467173760728,0.340619421581748,0.0,4.0,20.0,0.3
9.161999999999729,-0.24769544564100515,-0.022167597122609625,-0.24695436927454945,0.21132670151461752,0.0,0.2758579516211846,0.4998920590190166,0.349762857788799,1.12923260347079,0.3406190191691887,0.0,4.0,20.0,0.3
9.171999999999732,-0.24792230126932108,-0.02298004364886027,-0.2473843810680046,0.21161888271459187,0.0,0.27615013282115897,0.4998942006370235,0.34917320580931943,1.1286997982961062,0.3406186156720423,0.0,4.0,20.0,0.3
9.181999999999736,-0.2481641190141946,-0.025065611906516672,-0.24784584281656538,0.2131886217113528,0.0,0.2777198718179199,0.49989629976396127,0.3486988905421457,1.1300838478541997,0.34061821018745375,0.0,4.0,20.0,0.3
9.191999999999739,-0.24842135291938058,-0.02588525193477232,-0.24830780178554715,0.21315406073188112,0.0,0.27768531083844816,0.49989835724287973,0.34834104037687963,1.1294138724239646,0.34061780413565323,0.0,4.0,20.0,0.3
9.201999999999742,-0.2486785206932234,-0.025275791152832867,-0.24875609857669045,0.21288538219827985,0.0,0.2774166323048469,0.49990037390010233,0.3481671194003622,1.1286281641239992,0.3406173981875827,0.0,4.0,20.0,0.3
9.211999999999746,-0.24891640906475854,-0.0228124666045988,-0.24917139591670037,0.21232840372500936,0.0,0.2768596538315764,0.49990235054555765,0.34801142422565096,1.1276336024130673,0.34061699327592837,0.0,4.0,20.0,0.3
9.221999999999749,-0.2491286078589056,-0.02008704719429254,-0.2495642904892742,0.21190842417907496,0.0,0.27643967428564203,0.4999042879731045,0.34793313018774824,1.1269400745753737,0.34061658893593133,0.0,4.0,20.0,0.3
9.231999999999752,-0.24931657631387708,-0.018078801859509712,-0.24994326267314035,0.21198113064247354,0.0,0.2765123807490406,0.4999061869608514,0.3476573316415241,1.1268387349540934,0.34061618479608535,0.0,4.0,20.0,0.3
9.241999999999756,-0.24949794740613457,-0.018311744523660627,-0.25033258252567636,0.2127496693422177,0.0,0.27728091944878475,0.4999080482714684,0.3472664829713571,1.127719731114548,0.34061577972499796,0.0,4.0,20.0,0.3
9.251999999999759,-0.24968039524693597,-0.018162163485239188,-0.25070480412458923,0.21225904840464618,0.0,0.2767902985112133,0.499909872652494,0.3468046740197843,1.1267574222791317,0.34061537500459604,0.0,4.0,20.0,0.3
9.261999999999762,-0.24986262682696986,-0.018317600279447576,-0.2510640532207785,0.21210142046857697,0.0,0.27663267057514407,0.49991166083663474,0.34600428391102295,1.1260932207405776,0.3406149704625365,0.0,4.0,20.0,0.3
9.271999999999766,-0.2500472692234892,-0.018952309970134227,-0.25141141483878704,0.21241477438182887,0.0,0.27694602448839595,0.49991341354206,0.34495567613625694,1.125863624704796,0.34061456606476287,0.0,4.0,20.0,0.3
9.281999999999769,-0.2502487125916533,-0.021238365709485077,-0.25176645660086405,0.21303338839980854,0.0,0.2775646385063756,0.49991513147269007,0.3439708891829185,1.1261062818981191,0.3406141608978599,0.0,4.0,20.0,0.3
9.291999999999772,-0.2504841512730966,-0.025284682647751678,-0.252139152213557,0.21376597898407992,0.0,0.278297229090647,0.4999168153184792,0.3428883733586336,1.126477476520245,0.3406137544816602,0.0,4.0,20.0,0.3
9.301999999999776,-0.25076503881025364,-0.02994360876321751,-0.2525227285356835,0.21430926550602228,0.0,0.2788405156125894,0.49991846575569243,0.3419091559199973,1.1266782404199813,0.340613347113906,0.0,4.0,20.0,0.3
9.31199999999978,-0.2510925151848952,-0.034762518971228215,-0.25291258771270336,0.2149815452796791,0.0,0.2795127953862462,0.4999200834471772,0.3409233498722422,1.1270451505885153,0.34061293900203715,0.0,4.0,20.0,0.3
9.321999999999782,-0.2514671537828999,-0.038972361067265024,-0.2533009415229317,0.2146033598776921,0.0,0.2791346099842592,0.4999216690426296,0.3400501860858558,1.126039685695198,0.340612530501507,0.0,4.0,20.0,0.3
9.331999999999786,-0.2518763356407705,-0.04206629822568319,-0.25367560191755956,0.2147205606603129,0.0,0.27925181076688,0.49992322317885546,0.3392703700718213,1.125851104037217,0.3406121221943911,0.0,4.0,20.0,0.3
9.34199999999979,-0.25231153322780325,-0.044434493668063776,-0.2540372763391253,0.21486746212315366,0.0,0.27939871222972074,0.49992474648002594,0.33822396068970695,1.1254261591838723,0.3406117140631077,0.0,4.0,20.0,0.3
9.351999999999792,-0.2527789398190259,-0.04839094684733766,-0.2544172643165925,0.21589513300751362,0.0,0.2804263831140807,0.4999262395579282,0.3371076742085825,1.1260562864558574,0.3406113046460735,0.0,4.0,20.0,0.3
9.361999999999796,-0.2532920954091614,-0.053298891769604576,-0.25481906967044876,0.2169786838737117,0.0,0.2815099339802788,0.4999277030122113,0.3358621469313475,1.1266016904160316,0.3406108937537974,0.0,4.0,20.0,0.3
9.3719999999998,-0.2538541498361009,-0.05825849960037349,-0.2552375580049394,0.21786341099447937,0.0,0.28239466110104644,0.4999291374306266,0.3343845778775093,1.1265959926455933,0.3406104816043019,0.0,4.0,20.0,0.3
9.381999999999802,-0.2544738746982669,-0.06438172898604824,-0.2556937325346748,0.21949300318531925,0.0,0.2840242532918863,0.4999305433892643,0.33282170782667053,1.1273745034812355,0.34061006718411374,0.0,4.0,20.0,0.3
9.391999999999806,-0.25514917810163906,-0.06965458931797565,-0.25616790189750727,0.22046611617618697,0.0,0.28499736628275407,0.49993192145278476,0.3315173397590521,1.1274028382698562,0.34060965138072674,0.0,4.0,20.0,0.3
9.40199999999981,-0.25587368467262167,-0.07393864810273376,-0.2566589408218999,0.2209922607538453,0.0,0.2855235108604124,0.4999332721746448,0.33009976351393977,1.1266379732804146,0.3406092342222409,0.0,4.0,20.0,0.3
9.411999999999813,-0.2566316837593576,-0.07717647719237153,-0.2571612368952185,0.22223041020893247,0.0,0.28676166031549954,0.49993459609732027,0.32858317600121123,1.126638748822474,0.3406088159615708,0.0,4.0,20.0,0.3
9.421999999999816,-0.2574221733513873,-0.08034967595054289,-0.25768958785445756,0.22348943606196212,0.0,0.28802068616852916,0.49993589375252423,0.3271629551529607,1.1266113607043813,0.34060839588197955,0.0,4.0,20.0,0.3
9.43199999999982,-0.25824399935663234,-0.08315848821559106,-0.2582445147779872,0.22433366730441648,0.0,0.2888649174109835,0.49993716566142016,0.3257959031130905,1.1259666976979579,0.3406079739265322,0.0,4.0,20.0,0.3
9.441999999999823,-0.2590889966137919,-0.08561371570567529,-0.2588256912915743,0.22642101700405995,0.0,0.29095226711062705,0.49993841233483116,0.3244145454420975,1.126977032038412,0.3406075500856528,0.0,4.0,20.0,0.3
9.451999999999826,-0.25996838680690726,-0.08954272164258398,-0.25946438188037835,0.22848690399888297,0.0,0.29301815410545007,0.4999396342734454,0.3228628193058505,1.1276860755882363,0.340607122847336,0.0,4.0,20.0,0.3
9.46199999999983,-0.2608791703375667,-0.09188713911676988,-0.26012902771438506,0.22954455997011242,0.0,0.2940758100766795,0.49994083196801714,0.32155364151361304,1.127037702192967,0.3406066936328636,0.0,4.0,20.0,0.3
9.471999999999833,-0.2617990002044345,-0.09175022477208183,-0.26080011316721663,0.23008398487359924,0.0,0.2946152349801663,0.4999420058995636,0.3203491680338004,1.1257301146598793,0.3406062633349818,0.0,4.0,20.0,0.3
9.481999999999836,-0.26271504471279195,-0.09162786453891436,-0.2615009184946965,0.23208748385096548,0.0,0.2966187339575326,0.4999431565395583,0.31910716988168747,1.1262999216534264,0.3406058308516307,0.0,4.0,20.0,0.3
9.49199999999984,-0.2636278756896895,-0.09097603246248104,-0.2622285125364511,0.23337486713034583,0.0,0.2979061172369129,0.4999442843501205,0.3180880987997539,1.1260392401195052,0.3406053962811009,0.0,4.0,20.0,0.3
9.501999999999843,-0.26453576474496654,-0.09061030529438664,-0.26299304713274824,0.2351006322120168,0.0,0.29963188231858384,0.49994538978420094,0.31715032721221303,1.1264230216801714,0.3406049591146604,0.0,4.0,20.0,0.3
9.511999999999846,-0.26543086448061665,-0.08864272726038071,-0.26377040953238473,0.2358686201159688,0.0,0.3003998702225359,0.4999464732857631,0.3164786287701446,1.1256603645297925,0.3406045204464228,0.0,4.0,20.0,0.3
9.52199999999985,-0.2662961868872571,-0.0847842090176236,-0.26454798716625705,0.23624139855595494,0.0,0.300772648662522,0.4999475352899622,0.31602803108420724,1.1245534568356088,0.3406040808560844,0.0,4.0,20.0,0.3
9.531999999999853,-0.26711633329501655,-0.08013816005080637,-0.26532870140658527,0.23725090954341044,0.0,0.3017821596499775,0.4999485762233197,0.31555696018407386,1.124350459288816,0.3406036402101828,0.0,4.0,20.0,0.3
9.541999999999856,-0.26789298279236196,-0.0759091770922678,-0.26612595441253933,0.23824767233367838,0.0,0.30277892244024546,0.4999495965038945,0.31529531894949475,1.1243649292238804,0.3406031978691904,0.0,4.0,20.0,0.3
9.55199999999986,-0.26862834897885557,-0.0721701309782394,-0.26694010157992,0.23985943890003622,0.0,0.30439068900660327,0.49995059654145096,0.31495902605809417,1.1252408555548694,0.3406027538001027,0.0,4.0,20.0,0.3
9.561999999999863,-0.26933036725928655,-0.06886494280516475,-0.26777274345005264,0.24078822762307892,0.0,0.30531947772964596,0.49995157673762364,0.3145665350090093,1.1251105298146828,0.34060230790296897,0.0,4.0,20.0,0.3
9.571999999999866,-0.26999736364725585,-0.06520775701479271,-0.26861095661664214,0.24155745000425966,0.0,0.30608870011082673,0.4999525374860781,0.31430425433465636,1.1250007802796804,0.3406018607680309,0.0,4.0,20.0,0.3
9.58199999999987,-0.2706270710394356,-0.06152523733614573,-0.2694531522617593,0.24257062161126014,0.0,0.3071018717178272,0.4999534791726696,0.31387866810053044,1.1251806707072973,0.3406014124648133,0.0,4.0,20.0,0.3
9.591999999999873,-0.27122251037518724,-0.05812650351441975,-0.2703001477225709,0.24307604235518862,0.0,0.30760729246175567,0.49995440217559767,0.31327297738762916,1.124521013647411,0.3406009629484017,0.0,4.0,20.0,0.3
9.601999999999876,-0.27178373404871947,-0.055085265847350066,-0.2711478944270448,0.2442218696180621,0.0,0.30875311972462915,0.49995530686555806,0.31272661452740375,1.1249529424990956,0.34060051240874584,0.0,4.0,20.0,0.3
9.61199999999988,-0.27231987391126194,-0.052672967435357654,-0.2719996061295831,0.24475203174517793,0.0,0.30928328185174503,0.4999561936058919,0.3120978551995612,1.1245757491315673,0.3406000606879877,0.0,4.0,20.0,0.3
9.621999999999883,-0.2728366301575301,-0.05113082353859792,-0.2728558696115654,0.245696230406107,0.0,0.31022748051267407,0.49995706275273105,0.3113672398864345,1.124785240593427,0.34059960775657283,0.0,4.0,20.0,0.3
9.631999999999886,-0.2733436747215182,-0.050388508897481615,-0.273716099291056,0.2462783562620568,0.0,0.31080960636862387,0.4999579146551418,0.3106630368581992,1.1246248367356448,0.34059915363496956,0.0,4.0,20.0,0.3
9.64199999999989,-0.2738439392125253,-0.0501525455293291,-0.2745732244703667,0.24732439799362865,0.0,0.3118556481001957,0.4999587496552646,0.3098771177842721,1.12518796893998,0.3405986986569835,0.0,4.0,20.0,0.3
9.651999999999893,-0.27434910036437726,-0.05057803373022121,-0.2754305423483377,0.2473071301162132,0.0,0.31183838022278026,0.49995956808845166,0.3093211122134127,1.1245419119349505,0.3405982426628025,0.0,4.0,20.0,0.3
9.661999999999896,-0.27485430758898266,-0.05039857652387346,-0.27626595806325316,0.24722745524268053,0.0,0.3117587053492476,0.49996037028340146,0.3089964450930668,1.1242227117802668,0.34059778670085356,0.0,4.0,20.0,0.3
9.6719999999999,-0.275359942692027,-0.05093126931843359,-0.27708944959333326,0.24798784505516613,0.0,0.3125190951617332,0.499961156562291,0.30858000846256867,1.1251016278906643,0.3405973303279547,0.0,4.0,20.0,0.3
9.681999999999903,-0.27588044857824134,-0.05288151958481166,-0.2779130707524596,0.24835576076801136,0.0,0.31288701087457843,0.4999619272409053,0.3081931180466038,1.1255501502522112,0.34059687298487984,0.0,4.0,20.0,0.3
9.691999999999906,-0.27641767863461647,-0.054109733019674144,-0.2787103647113149,0.24777583956492955,0.0,0.3123070896714966,0.49996268262876364,0.30786218551783306,1.1248409292681467,0.3405964159195787,0.0,4.0,20.0,0.3
9.70199999999991,-0.2769633699746804,-0.05486294262877379,-0.2794758289190859,0.2475147410182235,0.0,0.3120459911247906,0.49996342302924435,0.3078028903115738,1.1248537612910114,0.34059595942656384,0.0,4.0,20.0,0.3
9.711999999999913,-0.277512091129359,-0.05461484124271278,-0.2801976647586813,0.24645983556504522,0.0,0.31099108567161227,0.4999641487397066,0.3077629746050496,1.1239344332549885,0.34059550409688916,0.0,4.0,20.0,0.3
9.721999999999916,-0.2780555029832772,-0.05420024847311829,-0.2808779704827132,0.2460476674998863,0.0,0.3105789176064534,0.4999648600516098,0.3079105203235055,1.124067505530424,0.3405950498875024,0.0,4.0,20.0,0.3
9.73199999999992,-0.2785991946779742,-0.05434025201145115,-0.2815265037709542,0.24521041257536058,0.0,0.30974166268192765,0.49996555725063047,0.3083315328716517,1.1239037279372455,0.34059459638249495,0.0,4.0,20.0,0.3
9.741999999999923,-0.2791441843318432,-0.05449804852700798,-0.28213696265000887,0.2445939047719459,0.0,0.309125154878513,0.49996624061677725,0.3089781972486601,1.1243893993095504,0.3405941439182259,0.0,4.0,20.0,0.3
9.751999999999926,-0.2796870827434244,-0.053866472038556316,-0.28269802338125916,0.2431108068595546,0.0,0.3076420569661217,0.49996691042450325,0.30978708731350657,1.1238016774759862,0.34059369307223425,0.0,4.0,20.0,0.3
9.76199999999993,-0.2802160720194007,-0.05204996074439265,-0.28319843419736646,0.24159886341990658,0.0,0.3061301135264737,0.4999675669428161,0.310939240922143,1.1234659145820594,0.3405932444358718,0.0,4.0,20.0,0.3
9.771999999999933,-0.28071936468864106,-0.04933121953097511,-0.2836349496206559,0.2402798927990071,0.0,0.3048111429055742,0.4999682104353863,0.31216811174608233,1.1236076822441203,0.3405927982358128,0.0,4.0,20.0,0.3
9.781999999999936,-0.2811975054608985,-0.046630543755277545,-0.2840191965038725,0.23858808669929116,0.0,0.30311933680585823,0.4999688411606529,0.31339472362525406,1.1231885653552904,0.3405923539925063,0.0,4.0,20.0,0.3
9.79199999999994,-0.28164437891234895,-0.04343100804684663,-0.2843432697111059,0.23731002963329664,0.0,0.30184127973986374,0.49996945937192727,0.31435039378965424,1.123068389640486,0.3405919121446444,0.0,4.0,20.0,0.3
9.801999999999943,-0.28206941351865417,-0.04217504753191437,-0.28464171817929346,0.23696565930255806,0.0,0.3014969094091251,0.49997006531749516,0.31548369840584,1.1244130353986634,0.3405914711319673,0.0,4.0,20.0,0.3
9.811999999999946,-0.2824830100672013,-0.040561645970160334,-0.2848975185139503,0.23533879320508025,0.0,0.29987004331164735,0.499970659240716,0.3164935112879348,1.123795100582683,0.3405910317809345,0.0,4.0,20.0,0.3
9.82199999999995,-0.28287692487691607,-0.03858024254048886,-0.28510821047797524,0.2343646911302118,0.0,0.2988959412367789,0.4999712413801207,0.3171915217998091,1.123750226746194,0.34059059426398997,0.0,4.0,20.0,0.3
9.831999999999953,-0.2832540328080622,-0.0372066587141966,-0.28528921271070784,0.2336291894910541,0.0,0.2981604395976212,0.4999718119695079,0.3178062572792019,1.1238481183396196,0.34059015790508385,0.0,4.0,20.0,0.3
9.841999999999956,-0.28361930804287155,-0.03611456245742077,-0.28544304535166043,0.23294229840770847,0.0,0.29747354851427554,0.4999723712380371,0.3181969494244787,1.123867049196321,0.34058972261845966,0.0,4.0,20.0,0.3
9.85199999999996,-0.2839802109893862,-0.03613487581823191,-0.2855867922183618,0.23287633091543672,0.0,0.2974075810220038,0.4999729194103215,0.31823558178940176,1.1241938479033755,0.3405892876295962,0.0,4.0,20.0,0.3
9.861999999999963,-0.2843384336545236,-0.03557814180077477,-0.2857063896378515,0.2322296354952971,0.0,0.2967608856018642,0.49997345670651766,0.31826081142512047,1.12364270544645,0.340588853612869,0.0,4.0,20.0,0.3
9.871999999999966,-0.28468875412908284,-0.03452946385295143,-0.2858034482685992,0.23117510476700867,0.0,0.29570635487357577,0.4999739833424141,0.31848457033922917,1.1225417260779156,0.3405884205206494,0.0,4.0,20.0,0.3
9.88199999999997,-0.28502591445721187,-0.03329531445031477,-0.2858820730355383,0.23124304700480736,0.0,0.29577429711137443,0.49997449952951806,0.31913522612843603,1.1233774729326098,0.34058798818823127,0.0,4.0,20.0,0.3
9.891999999999973,-0.28535604076470683,-0.032529239960043047,-0.2859570394443228,0.23085540532325438,0.0,0.29538665542982145,0.4999750054751401,0.31973847275611167,1.12350696324592,0.34058755593386664,0.0,4.0,20.0,0.3
9.901999999999976,-0.2856736949757126,-0.031061047669582453,-0.2860159373898916,0.230184384919506,0.0,0.29471563502607306,0.4999755013824779,0.3204431705263536,1.123229844230666,0.340587124352011,0.0,4.0,20.0,0.3
9.91199999999998,-0.2859649676836899,-0.027658674417543362,-0.28604043564590015,0.2291942858182096,0.0,0.2937255359247767,0.4999759874506973,0.32143254509927266,1.1226679332288527,0.3405866943259742,0.0,4.0,20.0,0.3
9.921999999999983,-0.2862223733878294,-0.024814555703456947,-0.2860570186667869,0.22973241397580857,0.0,0.29426366408237564,0.49997646387501277,0.3222777251058414,1.1241468371765415,0.34058626465025005,0.0,4.0,20.0,0.3
9.931999999999986,-0.2864570554400593,-0.0226351801641835,-0.28607657297891714,0.229466221378166,0.0,0.2939974714847331,0.49997693084676553,0.32318218612919736,1.1244237633102818,0.3405858348130866,0.0,4.0,20.0,0.3
9.94199999999999,-0.28666851929405057,-0.02037693961154689,-0.28609326611905217,0.2296032277980008,0.0,0.29413447790456787,0.4999773885535005,0.323989640022522,1.1251604494796603,0.34058540508968127,0.0,4.0,20.0,0.3
9.951999999999993,-0.2868620486436083,-0.018683976859396566,-0.28611974936328227,0.22983025339357924,0.0,0.29436150350014634,0.49997783717904143,0.3249908866043948,1.1260667245882847,0.34058497488296213,0.0,4.0,20.0,0.3
9.961999999999996,-0.2870380573801806,-0.01671905989820456,-0.2861489818120843,0.22987863423175517,0.0,0.29440988433832227,0.49997827690356506,0.32599136187391115,1.1267374201188063,0.3405845445138803,0.0,4.0,20.0,0.3
9.972,-0.28718732381281104,-0.013331302157160944,-0.2861642604434984,0.22887045607695097,0.0,0.293401706183518,0.4999787079036733,0.3270357190245299,1.1259467295702028,0.3405841147674479,0.0,4.0,20.0,0.3
9.982000000000003,-0.2872891060994907,-0.008246486408508471,-0.28615116891797193,0.22868124382912983,0.0,0.2932124939356969,0.49997913035246416,0.32805016403341003,1.126253733175556,0.34058368634731934,0.0,4.0,20.0,0.3
9.992000000000006,-0.2873512039277936,-0.004719203777912764,-0.2861509010373219,0.2285351160432888,0.0,0.2930663661498559,0.49997954441960113,0.329035890021591,1.126592072222344,0.3405832573351815,0.0,4.0,20.0,0.3
