t,df_hz,rocof_hz_s,dfv_hz,p_vsg_mw,p_pv_support_mw,p_bess_mw,p_diesel_mw,p_wind_mw,p_load_mw,soc,sat_mw,H_v,D_v,alpha
0.002,0.0,0.0,0.0,0.0,0.0,0.0,0.3791396131179086,0.40822226345629126,0.7873618765741999,0.5768618512137283,0.0,3.0,20.0,0.3
0.012,1.617051814056094e-06,0.0003596285857123579,5.761214746971016e-06,-0.00029243532194700623,0.0,-0.00029243532194700623,0.3791396130974286,0.408045467509031,0.7868120744366878,0.5768618513976242,0.0,3.0,20.0,0.3
0.022000000000000006,1.9651786892118865e-06,-0.0004172058448069083,-4.0095530207019175e-06,0.000447139643594892,0.0,0.000447139643594892,0.37913961275165853,0.4078108882386417,0.7876261957195382,0.5768618510549519,0.0,3.0,20.0,0.3
0.032000000000000015,-1.564382179895463e-06,-0.00034644142550399517,-5.530277689343245e-06,0.00014764923559886084,0.0,0.00014764923559886084,0.37913961210386815,0.40738084485272014,0.7868422640885082,0.5768618509898957,0.0,3.0,20.0,0.3
0.04200000000000002,-1.058661220503033e-05,-0.0013871294214270284,-2.520539787696269e-05,0.0007242432513170371,0.0,0.0007242432513170371,0.37913961191127465,0.40698152087288386,0.7871863136177917,0.5768618502856009,0.0,3.0,20.0,0.3
0.05200000000000003,-3.6511850567389324e-05,-0.0034920197596526397,-7.039019493748068e-05,0.0013622454323794374,0.0,0.0013622454323794374,0.3791396140733784,0.40679454206428195,0.7878924315103959,0.5768618486518916,0.0,3.0,20.0,0.3
0.06200000000000004,-8.152114920602137e-05,-0.0051366460810947515,-0.0001230530047872136,0.001471070110501436,0.0,0.001471070110501436,0.37913962352707037,0.40631460902471744,0.7876011446272958,0.5768618466978224,0.0,3.0,20.0,0.3
0.07200000000000005,-0.00014162096227533547,-0.006789832423811868,-0.00018667975402687708,0.0019931466194511387,0.0,0.0019931466194511387,0.3791396484643571,0.40557209988464277,0.7876211449221352,0.5768618442945916,0.0,3.0,20.0,0.3
0.08200000000000006,-0.00022015897123781408,-0.008331495992676784,-0.00026233703095243063,0.0017872229909016248,0.0,0.0017872229909016248,0.37913969962755695,0.40473641744035443,0.7864938324000399,0.5768618413851564,0.0,3.0,20.0,0.3
0.09200000000000007,-0.0003121431867588709,-0.009946177701288385,-0.00034930586044810356,0.0026173027602383082,0.0,0.0026173027602383082,0.3791397903540235,0.4037621817407067,0.7866651634288218,0.5768618379889288,0.0,3.0,20.0,0.3
0.10200000000000008,-0.00042498949794310333,-0.01224171124201356,-0.0004610004176255075,0.0032648316969424397,0.0,0.0032648316969424397,0.3791399359580477,0.40288430707715633,0.7865986383475545,0.5768618336113258,0.0,3.0,20.0,0.3
0.11200000000000009,-0.000563205242921184,-0.015001209923288288,-0.000598247458212889,0.003983669572918553,0.0,0.003983669572918553,0.3791401546455844,0.40201539035942857,0.786696681243001,0.5768618281954876,0.0,3.0,20.0,0.3
0.1220000000000001,-0.0007354879413399752,-0.018818992870620166,-0.0007753353512284018,0.005180019071462508,0.0,0.005180019071462508,0.37914046835734505,0.40098031618550134,0.7872673772327257,0.57686182120312,0.0,3.0,20.0,0.3
0.1320000000000001,-0.000946979588809768,-0.022731909313466674,-0.000984113603751496,0.006027015320358263,0.0,0.006027015320358263,0.3791409040364692,0.40002481067877377,0.7873563861338599,0.5768618128762496,0.0,3.0,20.0,0.3
0.1420000000000001,-0.0012003199436585537,-0.026926954753517706,-0.0012296660886324678,0.006997228127066458,0.0,0.006997228127066458,0.37914149431663424,0.3990108887428868,0.7875834875072563,0.576861802996301,0.0,3.0,20.0,0.3
0.1520000000000001,-0.001490347051797688,-0.030348976351746534,-0.001495774272677468,0.007788978915949815,0.0,0.007788978915949815,0.37914227745442014,0.3980648142584035,0.7875219470254431,0.5768617920988606,0.0,3.0,20.0,0.3
0.16200000000000012,-0.0018117956850121713,-0.03311121949072848,-0.0017813193937004932,0.008178028028135827,0.0,0.008178028028135827,0.37914329613880643,0.3973985896053782,0.7871599981791145,0.5768617801969492,0.0,3.0,20.0,0.3
0.17200000000000013,-0.002154175747637141,-0.035056454142295794,-0.002078115453711022,0.009051702329127383,0.0,0.009051702329127383,0.37914459591294714,0.3971955392572205,0.7878726422748396,0.5768617675634239,0.0,3.0,20.0,0.3
0.18200000000000013,-0.002508171614633973,-0.0354808551212495,-0.002371724256370219,0.008932538121967067,0.0,0.008932538121967067,0.37914622316286606,0.39722477474363566,0.7874856950520004,0.5768617546930663,0.0,3.0,20.0,0.3
0.19200000000000014,-0.002860993774145854,-0.03519660363733183,-0.0026647564397024627,0.009191849168822838,0.0,0.009191849168822838,0.3791482229686547,0.39692895913828324,0.787321770336067,0.5768617415014006,0.0,3.0,20.0,0.3
0.20200000000000015,-0.0032071461222515753,-0.03388162514360017,-0.0029500861207460848,0.008876350021221694,0.0,0.008876350021221694,0.3791506369831389,0.39653069727816737,0.7862134512476432,0.5768617282364649,0.0,3.0,20.0,0.3
0.21200000000000016,-0.003530529659724848,-0.031192473669255868,-0.0032127235405549977,0.008654705845610058,0.0,0.008654705845610058,0.3791535021047698,0.396146825403375,0.7851688214658733,0.5768617154460122,0.0,3.0,20.0,0.3
0.22200000000000017,-0.003824575916723931,-0.02822673271996498,-0.0034625790720252242,0.008653625188188432,0.0,0.008653625188188432,0.3791568480753354,0.3961774632827458,0.7848097896974927,0.5768617028039393,0.0,3.0,20.0,0.3
0.23200000000000018,-0.0040983412004825396,-0.026888400968802267,-0.0037304612556486342,0.009510934719494702,0.0,0.009510934719494702,0.3791606967488757,0.39627823437930093,0.785839057148108,0.576861689230334,0.0,3.0,20.0,0.3
0.2420000000000002,-0.0043583521052370545,-0.025106128804735426,-0.003993829535156357,0.009097613292427899,0.0,0.009097613292427899,0.37916506406199885,0.39640052953750543,0.7850516155914349,0.5768616754999777,0.0,3.0,20.0,0.3
0.25200000000000017,-0.004591532515530484,-0.02224322019178627,-0.004234765385203001,0.00929030682255797,0.0,0.00929030682255797,0.3791699613293687,0.3966350802892441,0.7852750617989674,0.5768616622623298,0.0,3.0,20.0,0.3
0.2620000000000002,-0.004798457721500863,-0.019141889441651426,-0.004463612332303467,0.008383311739368422,0.0,0.008383311739368422,0.3791753937652589,0.3968122447054659,0.7839505793031593,0.5768616491665179,0.0,3.0,20.0,0.3
0.2720000000000002,-0.004966613665198766,-0.015802201198115026,-0.004670466839579568,0.00898766698187197,0.0,0.00898766698187197,0.37918136015691484,0.39667877565490073,0.7845392690700913,0.5768616365947604,0.0,3.0,20.0,0.3
0.2820000000000002,-0.005116953492357511,-0.014776946958297408,-0.004901281523612947,0.009715220499779383,0.0,0.009715220499779383,0.37918785212627276,0.39600660944595123,0.7847955152188993,0.5768616229277511,0.0,3.0,20.0,0.3
0.2920000000000002,-0.005269944705138279,-0.015897151652145558,-0.0051663525220788965,0.010845876744576658,0.0,0.010845876744576658,0.37919485781445494,0.3952050743049639,0.7853922913721274,0.5768616077739853,0.0,3.0,20.0,0.3
0.3020000000000002,-0.00543516679894835,-0.016963697701525487,-0.005442164186824714,0.011122344188199282,0.0,0.011122344188199282,0.37920236605789354,0.39461618946269045,0.7850742028585813,0.5768615919259047,0.0,3.0,20.0,0.3
0.3120000000000002,-0.005612926800062754,-0.018287205110769998,-0.005731167089374406,0.011553267153758115,0.0,0.011553267153758115,0.37921036822635057,0.39377658387508313,0.7847549890712842,0.5768615752857107,0.0,3.0,20.0,0.3
0.32200000000000023,-0.005798583846326475,-0.018880326961092438,-0.006015713375542337,0.011929395435558869,0.0,0.011929395435558869,0.3792188581361141,0.3928506216813412,0.784351103463219,0.5768615584667671,0.0,3.0,20.0,0.3
0.33200000000000024,-0.006000182008499791,-0.021240510967721265,-0.006332001521484983,0.012961989051304502,0.0,0.012961989051304502,0.3792278313530203,0.3916047902157079,0.7845921026031919,0.576861540188466,0.0,3.0,20.0,0.3
0.34200000000000025,-0.00623236006139799,-0.024891980764021188,-0.006682602575256736,0.014378746919638419,0.0,0.014378746919638419,0.37923728645998384,0.39002784196341606,0.7850300214481453,0.5768615203221404,0.0,3.0,20.0,0.3
0.35200000000000026,-0.006509731183895796,-0.029819733866561806,-0.007076251451470467,0.015493475011230351,0.0,0.015493475011230351,0.37924722771121816,0.38827294981970273,0.7849117554517822,0.5768614985143115,0.0,3.0,20.0,0.3
0.36200000000000027,-0.006841584164587875,-0.03544717232519116,-0.007511076275329082,0.016837866595719543,0.0,0.016837866595719543,0.37925766734226946,0.3863591181191417,0.7849217324526838,0.5768614747807366,0.0,3.0,20.0,0.3
0.3720000000000003,-0.007235417159610405,-0.04202220390295346,-0.007994998028393836,0.018340020826588508,0.0,0.018340020826588508,0.3792686268648291,0.38454761430624806,0.7851377330434943,0.5768614487935664,0.0,3.0,20.0,0.3
0.3820000000000003,-0.007693302852911997,-0.048061253751665686,-0.00851028382699823,0.019225775157426635,0.0,0.019225775157426635,0.3792801378428737,0.3828730443745901,0.7847432376850076,0.5768614211225234,0.0,3.0,20.0,0.3
0.3920000000000003,-0.008209572102525157,-0.05407126649687615,-0.009059956037026938,0.020750079570797237,0.0,0.020750079570797237,0.37929224151122654,0.38118666241480503,0.7851261872512508,0.5768613916290949,0.0,3.0,20.0,0.3
0.4020000000000003,-0.00877818300666247,-0.05862070806830999,-0.009622199028099972,0.021222955205413285,0.0,0.021222955205413285,0.379304987169525,0.37977559558306434,0.7843057808404084,0.5768613610433779,0.0,3.0,20.0,0.3
0.4120000000000003,-0.009392086864447056,-0.06315882207994261,-0.010212021932998909,0.022409107649697908,0.0,0.022409107649697908,0.37931843037384483,0.37842260765604135,0.784511797793583,0.5768613288197609,0.0,3.0,20.0,0.3
0.4220000000000003,-0.010046737493002838,-0.0668597454208695,-0.0108171295997685,0.023213217401021956,0.0,0.023213217401021956,0.3793326311229,0.3769832218852693,0.7840867436338189,0.5768612953618234,0.0,3.0,20.0,0.3
0.43200000000000033,-0.010737063381998597,-0.07022993952054453,-0.011442288636216928,0.024059169895437233,0.0,0.024059169895437233,0.37934765260974646,0.3759303970353705,0.7839678475596785,0.5768612604821718,0.0,3.0,20.0,0.3
0.44200000000000034,-0.011456784856895427,-0.07311655786357366,-0.012083101341724906,0.025192956637673753,0.0,0.025192956637673753,0.3793635598876023,0.3752687352011777,0.784611080553616,0.5768612243167953,0.0,3.0,20.0,0.3
0.45200000000000035,-0.012198802811862482,-0.07409537154280145,-0.01270231515534628,0.025762098054478395,0.0,0.025762098054478395,0.3793804185660688,0.3746341017348385,0.7845681972370598,0.5768611870080231,0.0,4.0,20.0,0.3
0.46200000000000035,-0.012918667583296899,-0.0707874465181424,-0.013193548333267996,0.026196965023831547,0.0,0.026196965023831547,0.37939829246670886,0.37387596620213626,0.784084661083832,0.5768611489406597,0.0,4.0,20.0,0.3
0.47200000000000036,-0.013612141008580646,-0.06852892769730126,-0.013689822520799155,0.026883180934607523,0.0,0.026883180934607523,0.3794172368178581,0.373374196749063,0.7841720261889763,0.5768611100607911,0.0,4.0,20.0,0.3
0.4820000000000004,-0.014283622109076766,-0.0662162154541548,-0.01418401168075147,0.02706104007982167,0.0,0.02706104007982167,0.3794372969962614,0.37306627146457416,0.7836435517019579,0.576861070697935,0.0,4.0,20.0,0.3
0.4920000000000004,-0.01492982776633708,-0.06338854624895042,-0.014671151115857263,0.027130241501485682,0.0,0.027130241501485682,0.3794585099085303,0.37294859403782493,0.7831492882801206,0.5768610310887338,0.0,4.0,20.0,0.3
0.5020000000000003,-0.015545443001305378,-0.060280285622246646,-0.015152343019567582,0.027581557738565608,0.0,0.027581557738565608,0.37948090393003797,0.3727388906766279,0.7831007826976352,0.5768609911916469,0.0,4.0,20.0,0.3
0.5120000000000003,-0.01614001514280887,-0.05894676551973239,-0.015657339091527344,0.028753620031343727,0.0,0.028753620031343727,0.37950449873652137,0.3724967048069855,0.7839867711659109,0.5768609496089866,0.0,4.0,20.0,0.3
0.5220000000000004,-0.01672803758520091,-0.0589087074974115,-0.016190411616596827,0.03027250797355793,0.0,0.03027250797355793,0.3795293075139469,0.37222682525091727,0.7852445212010198,0.5768609061112352,0.0,4.0,20.0,0.3
0.5320000000000004,-0.01731868393689589,-0.058923533100678376,-0.016743901828045374,0.03100793471605369,0.0,0.03100793471605369,0.3795553402029847,0.3719474558045953,0.7854861521771519,0.5768608610215434,0.0,4.0,20.0,0.3
0.5420000000000004,-0.017899722147993034,-0.0574157207771121,-0.017293331208160394,0.031332008342835935,0.0,0.031332008342835935,0.37958260502865027,0.3716146472487435,0.785064298300488,0.5768608154763943,0.0,4.0,20.0,0.3
0.5520000000000004,-0.01846718597745705,-0.05658814367500402,-0.01786066891975877,0.03307399063978699,0.0,0.03307399063978699,0.3796111068041711,0.3712105257689037,0.7865436668829859,0.5768607684462418,0.0,4.0,20.0,0.3
0.5620000000000004,-0.01903606683070739,-0.056702415044601794,-0.01845741269486286,0.033527094204298884,0.0,0.033527094204298884,0.3796408466457962,0.37057098272939576,0.7860223285834727,0.5768607193581423,0.0,4.0,20.0,0.3
0.5720000000000004,-0.019591444384900947,-0.054839467238028426,-0.019041600074009513,0.03405257291412093,0.0,0.03405257291412093,0.3796718240557984,0.3698697349917548,0.785474582671411,0.5768606701679466,0.0,4.0,20.0,0.3
0.5820000000000004,-0.020133359559368322,-0.053778049319116505,-0.019643014202016022,0.03503066490026908,0.0,0.03503066490026908,0.3797040351994659,0.3697569854140488,0.7861478693157873,0.5768606194804246,0.0,4.0,20.0,0.3
0.5920000000000004,-0.02066275465468035,-0.05216932227205327,-0.020245935853011373,0.03519925704564086,0.0,0.03519925704564086,0.3797374727219113,0.3698014825005136,0.7858984087435671,0.5768605680159193,0.0,4.0,20.0,0.3
0.6020000000000004,-0.021172642845533402,-0.0501377725683245,-0.020845909984093604,0.03566737486936274,0.0,0.03566737486936274,0.3797721260381687,0.3697405339282799,0.7860505735051041,0.5768605159863598,0.0,4.0,20.0,0.3
0.6120000000000004,-0.021658481300050745,-0.047378903323292025,-0.02143488174383496,0.035629768083322785,0.0,0.035629768083322785,0.3798079804418778,0.3696520646744591,0.7854625101520898,0.5768604637734615,0.0,4.0,20.0,0.3
0.6220000000000004,-0.022114018392559213,-0.04419706828366629,-0.022010204750863193,0.03554319566629378,0.0,0.03554319566629378,0.3798450163911487,0.3698548743764769,0.7851891900074378,0.5768604115164261,0.0,4.0,20.0,0.3
0.6320000000000005,-0.022531265444605337,-0.039902059384276684,-0.02255686008898599,0.03510690883719695,0.0,0.03510690883719695,0.3798832086579432,0.3701420399993724,0.7845666279609692,0.5768603599398244,0.0,4.0,20.0,0.3
0.6420000000000005,-0.022905132649564067,-0.03571851588661523,-0.023082463044967805,0.03483636518075258,0.0,0.03483636518075258,0.3799225252255823,0.3704232646050263,0.7842562811413388,0.5768603087199878,0.0,4.0,20.0,0.3
0.6520000000000005,-0.02323913674041182,-0.032141146589114614,-0.023591429134665175,0.035066843512228434,0.0,0.035066843512228434,0.3799629268856848,0.3704038520763165,0.7845013288330258,0.5768602576737768,0.0,4.0,20.0,0.3
0.6620000000000005,-0.023543926665960876,-0.029386156390509732,-0.02408918972409532,0.03476441708526064,0.0,0.03476441708526064,0.3800043685060803,0.3705427367593351,0.7841002319480882,0.5768602065597637,0.0,4.0,20.0,0.3
0.6720000000000005,-0.023811969844242376,-0.02504242408743403,-0.02454107715339564,0.03372996109311851,0.0,0.03372996109311851,0.3800468010336016,0.3710118535349199,0.7831439376495726,0.5768601570293121,0.0,4.0,20.0,0.3
0.6820000000000005,-0.024036642090637318,-0.02091429624112088,-0.024959568771666458,0.03311915354831759,0.0,0.03311915354831759,0.3800901706956962,0.3712803979934387,0.7827596276748037,0.576860108549841,0.0,4.0,20.0,0.3
0.6920000000000005,-0.024225972720193882,-0.017627117528239568,-0.025352819120039866,0.032486475700040436,0.0,0.032486475700040436,0.3801344183048612,0.37157785720764175,0.7823531623772627,0.5768600607724975,0.0,4.0,20.0,0.3
0.7020000000000005,-0.024391685093897022,-0.016221090259915555,-0.02573586563871166,0.03288236366673938,0.0,0.03288236366673938,0.3801794809876876,0.37204703785009896,0.7836781856508173,0.5768600130209063,0.0,4.0,20.0,0.3
0.7120000000000005,-0.02455593976523355,-0.016852649651655532,-0.02612044306293798,0.033211227971637364,0.0,0.033211227971637364,0.3802252949941998,0.3726319083783336,0.7851011500760572,0.5768599647493692,0.0,4.0,20.0,0.3
0.7220000000000005,-0.02473178219500545,-0.0179179278493252,-0.026493721133472,0.032722124682644314,0.0,0.032722124682644314,0.38027179981802023,0.37316533293365217,0.7854664809772499,0.5768599165582657,0.0,4.0,20.0,0.3
0.7320000000000005,-0.024915207555913862,-0.018661747109055993,-0.02684251550660699,0.032302041289079333,0.0,0.032302041289079333,0.38031894032296104,0.3733789163085092,0.7856408238245193,0.5768598690886584,0.0,4.0,20.0,0.3
0.7420000000000005,-0.02510247569873202,-0.018600050013983425,-0.027157269709712203,0.031178610221383747,0.0,0.031178610221383747,0.380366666062322,0.3738065225481634,0.7850405845511983,0.5768598228172264,0.0,4.0,20.0,0.3
0.7520000000000006,-0.025290680649084567,-0.018900511322197663,-0.02744768569806152,0.03072398709626404,0.0,0.03072398709626404,0.3804149301882311,0.3740503317064128,0.7853338628928305,0.5768597773286598,0.0,4.0,20.0,0.3
0.7620000000000006,-0.025479500363515407,-0.018914729629114967,-0.02770536371635316,0.030010815690522743,0.0,0.030010815690522743,0.3804636887382141,0.3744220670329873,0.7853150419138161,0.5768597330479939,0.0,4.0,20.0,0.3
0.7720000000000006,-0.02567035129413032,-0.019171654611854046,-0.02793646980863002,0.029140615207901465,0.0,0.029140615207901465,0.38051290046131275,0.37490077334096,0.7851958089664337,0.5768596897210666,0.0,4.0,20.0,0.3
0.7820000000000006,-0.025864206184132623,-0.019575300227040793,-0.028140469580155522,0.028673844259828624,0.0,0.028673844259828624,0.3805625268480547,0.37529449449865193,0.7856660355266227,0.5768596474053246,0.0,4.0,20.0,0.3
0.7920000000000006,-0.026065480486821935,-0.020743411088435578,-0.028327294470910418,0.028513436517223368,0.0,0.028513436517223368,0.38061253225433767,0.37563379322816015,0.7864523680556245,0.5768596056647145,0.0,4.0,20.0,0.3
0.8020000000000006,-0.02628254257903954,-0.022193649863585196,-0.02849758370845157,0.027794633035223656,0.0,0.027794633035223656,0.3806628846961663,0.3760371169390414,0.7864920538724047,0.5768595644838576,0.0,4.0,20.0,0.3
0.8120000000000006,-0.026514903292080703,-0.023664735849356282,-0.02864964300255446,0.027033626251264615,0.0,0.027033626251264615,0.38071355692451764,0.3765177174869772,0.7865406081886167,0.5768595239645729,0.0,4.0,20.0,0.3
0.8220000000000006,-0.026754705687092786,-0.02405207413034747,-0.028768492887682844,0.026241690810666324,0.0,0.026241690810666324,0.38076452608290295,0.3771285788946723,0.7866046351963483,0.5768594848372101,0.0,4.0,20.0,0.3
0.8320000000000006,-0.02699725405008329,-0.024532557316797272,-0.028866711676615274,0.025901692816776074,0.0,0.025901692816776074,0.3808157721072086,0.3777454974565649,0.7872874561711392,0.5768594465483391,0.0,4.0,20.0,0.3
0.8420000000000006,-0.027244533833078576,-0.0248796833317324,-0.028945674842389774,0.025505800167058237,0.0,0.025505800167058237,0.3808672767360984,0.37835017596015064,0.787822649738057,0.5768594090535639,0.0,4.0,20.0,0.3
0.8520000000000006,-0.027492076835071808,-0.0245409286669891,-0.0289995681315459,0.024597254466381294,0.0,0.024597254466381294,0.38091902355006946,0.3789428572560044,0.7875644508299603,0.5768593726496384,0.0,4.0,20.0,0.3
0.8620000000000007,-0.027731766769030504,-0.023555926768607686,-0.029027148172233203,0.023767068717253252,0.0,0.023767068717253252,0.38097099696908127,0.3795237793763904,0.7873370963156907,0.5768593374268428,0.0,4.0,20.0,0.3
0.8720000000000007,-0.027961585864708653,-0.022836029140798318,-0.02904059573341201,0.02380286011217478,0.0,0.02380286011217478,0.381023180849377,0.38009317563086076,0.7882410446543542,0.5768593028421576,0.0,4.0,20.0,0.3
0.8820000000000007,-0.02818723520670904,-0.022214150888346468,-0.029044842376753865,0.023120686490489442,0.0,0.023120686490489442,0.38107555824811307,0.3806512746999571,0.7880551896661183,0.5768592686735463,0.0,4.0,20.0,0.3
0.8920000000000007,-0.028401676153982876,-0.02086095271911447,-0.029029868056957765,0.022486285773294083,0.0,0.022486285773294083,0.38112811209400504,0.3811983007270529,0.7878516975460871,0.5768592354089774,0.0,4.0,20.0,0.3
0.9020000000000007,-0.028601250374268323,-0.019292642809223836,-0.029002517838166975,0.022124090349946696,0.0,0.022124090349946696,0.3811808242492548,0.38173447340837413,0.7879467983813607,0.5768592027468976,0.0,4.0,20.0,0.3
0.9120000000000007,-0.028785226684380775,-0.01774925083750068,-0.02896819597801525,0.021825493483636816,0.0,0.021825493483636816,0.38123367480390485,0.3822600080812333,0.7880512052738355,0.5768591704467414,0.0,4.0,20.0,0.3
0.9220000000000007,-0.02895273633923808,-0.01608652832600562,-0.028927785953128587,0.021713438469769922,0.0,0.021713438469769922,0.381286642054008,0.3827751158105127,0.7883407526062148,0.5768591384749974,0.0,4.0,20.0,0.3
0.9320000000000007,-0.02910399635604706,-0.014536997747995765,-0.028886768157255067,0.021971225308093947,0.0,0.021971225308093947,0.3813397025264938,0.3832800034734332,0.7890768349685379,0.5768591065798275,0.0,4.0,20.0,0.3
0.9420000000000007,-0.029242034821239316,-0.0132510890619002,-0.028851138285569764,0.021879885800682022,0.0,0.021879885800682022,0.38139283114634764,0.3837748738426389,0.7892577821872037,0.5768590744775727,0.0,4.0,20.0,0.3
0.9520000000000007,-0.029365019980118614,-0.01170422695195107,-0.028816217013534852,0.02199347660946205,0.0,0.02199347660946205,0.381446001803781,0.3842599256676355,0.7896655276638032,0.5768590423843715,0.0,4.0,20.0,0.3
0.9620000000000007,-0.02947350492108561,-0.010211795403797175,-0.02878773772887639,0.02203883137748136,0.0,0.02203883137748136,0.38149918728306337,0.38473535375461143,0.7899247015554351,0.576859010027005,0.0,4.0,20.0,0.3
0.9720000000000008,-0.02956141729139075,-0.0077642159367313345,-0.028752427058290727,0.021814163281383248,0.0,0.021814163281383248,0.38155235927047804,0.38520134904467573,0.7897615093155389,0.5768589780251365,0.0,4.0,20.0,0.3
0.9820000000000008,-0.02962212458619527,-0.005053498691623241,-0.028715104893706406,0.021740194685574723,0.0,0.021740194685574723,0.38160548735991756,0.38565809869054424,0.7897762164709999,0.5768589461612446,0.0,4.0,20.0,0.3
0.9920000000000008,-0.029660422217931276,-0.002985180733456466,-0.028689366584476156,0.021994935502920053,0.0,0.021994935502920053,0.3816585381979064,0.3861057861317031,0.7902273197322771,0.5768589137929043,0.0,4.0,20.0,0.3
1.0020000000000007,-0.02967402911214327,-0.0003804935777137141,-0.028661047987435805,0.022336074558507096,0.0,0.022336074558507096,0.3817114762815714,0.386544591168082,0.7907852334647343,0.5768588815771849,0.0,4.0,20.0,0.3
1.0120000000000007,-0.0296609106778403,0.0027326544651192788,-0.028629060766129998,0.0216346485283251,0.0,0.0216346485283251,0.38176426390921725,0.3869746900322651,0.7898800357640889,0.5768588495643948,0.0,4.0,20.0,0.3
1.0220000000000007,-0.029613569727556573,0.006175506720949842,-0.028590250664985415,0.021419680504586217,0.0,0.021419680504586217,0.38181686067240306,0.3873962554602696,0.7896648483431282,0.5768588179127684,0.0,4.0,20.0,0.3
1.0320000000000007,-0.029524720356916744,0.010686025665794886,-0.028530947723515415,0.020774167849705122,0.0,0.020774167849705122,0.3818692224574606,0.3878094567609199,0.7888684299353483,0.5768587872749829,0.0,4.0,20.0,0.3
1.0420000000000007,-0.029393745882735575,0.014689387205735975,-0.028466607305089014,0.020486075987636784,0.0,0.020486075987636784,0.38192130043584793,0.38821445988384484,0.7886065237126029,0.576858756944829,0.0,4.0,20.0,0.3
1.0520000000000007,-0.02922252884150782,0.018969131800462932,-0.028384380419173825,0.019971166712427005,0.0,0.019971166712427005,0.3819730411848263,0.388611427486127,0.7880711579034968,0.576858727262827,0.0,3.0,20.0,0.3
1.0620000000000007,-0.029008585836744167,0.022855552489738702,-0.028279668516186268,0.020097077252685946,0.0,0.020097077252685946,0.38202438727969984,0.3890005189976282,0.78848484734191,0.5768586977877999,0.0,3.0,20.0,0.3
1.0720000000000007,-0.028760311518526045,0.025793449094169488,-0.0281721946017278,0.020273492653414594,0.0,0.020273492653414594,0.38207527747541115,0.3893818906850204,0.7890263886493216,0.5768586685355009,0.0,3.0,20.0,0.3
1.0820000000000007,-0.028488937871583183,0.028118079059208986,-0.028062113777841704,0.019719409051714314,0.0,0.019719409051714314,0.382125648529812,0.38975569571454455,0.7886063863650866,0.576858639497546,0.0,3.0,20.0,0.3
1.0920000000000007,-0.028191306122619067,0.03080939328182434,-0.02793109047235996,0.019198541379650304,0.0,0.019198541379650304,0.38217543715358887,0.3901220842135259,0.7882984118989441,0.5768586113336667,0.0,3.0,20.0,0.3
1.1020000000000008,-0.027877207080070753,0.03169573561411822,-0.027810319451007853,0.01928355926841816,0.0,0.01928355926841816,0.3822245800368564,0.39048120333066744,0.7889062620522451,0.5768585829600444,0.0,3.0,20.0,0.3
1.1120000000000008,-0.027549043089987662,0.03361974234476279,-0.027661179871117464,0.018233589752783375,0.0,0.018233589752783375,0.38227301541721215,0.3908331972951479,0.7879918502152432,0.5768585557336401,0.0,3.0,20.0,0.3
1.1220000000000008,-0.027201321302108204,0.03550162854673545,-0.027490238168299243,0.017750109184500814,0.0,0.017750109184500814,0.3823206835319187,0.3911782074745472,0.787938169412296,0.5768585294574833,0.0,3.0,20.0,0.3
1.1320000000000008,-0.026837787346302922,0.036648669246004496,-0.027305603737985424,0.01747736924016247,0.0,0.01747736924016247,0.38236752570530347,0.3915163724316218,0.7882453611475494,0.5768585038704975,0.0,3.0,20.0,0.3
1.1420000000000008,-0.02646912893988521,0.037265191697801486,-0.02710882531211706,0.01648722700371585,0.0,0.01648722700371585,0.382413485127787,0.3918478279799551,0.7876087746312169,0.5768584789263264,0.0,3.0,20.0,0.3
1.1520000000000008,-0.026088518217229552,0.03827595936515768,-0.026880283260657684,0.016278979401469867,0.0,0.016278979401469867,0.3824585082459526,0.3921727072385018,0.7881233318308837,0.57685845534646,0.0,3.0,20.0,0.3
1.1620000000000008,-0.025704909384777496,0.03840240284965093,-0.026640062951034292,0.015395678404398866,0.0,0.015395678404398866,0.3825025440921508,0.3924911406850517,0.787742523499547,0.5768584324466609,0.0,3.0,20.0,0.3
1.1720000000000008,-0.02532694228386967,0.03737195146472842,-0.02639544589853494,0.015063191741637038,0.0,0.015063191741637038,0.3825455453985699,0.39280325620863193,0.7881736468869338,0.5768584099848454,0.0,3.0,20.0,0.3
1.1820000000000008,-0.02679647457672266,-0.4071288277279877,-0.03312825285006765,0.29651184525557606,0.0,0.29651184525557606,0.38258748289193634,0.3931091791608696,1.1829456661824151,0.5768581413546472,0.0,3.0,20.0,0.3
1.1920000000000008,-0.03396008360203074,-0.8867054991392155,-0.04424865299916484,0.29730615956140943,0.0,0.29730615956140943,0.38262876211258373,0.3934090324063354,1.1834481876187062,0.5768577071841918,0.0,3.0,20.0,0.3
1.2020000000000008,-0.04452864955573375,-1.1361966509690367,-0.054517303908152605,0.2990894876477177,0.0,0.2990894876477177,0.38267074910351867,0.39370293637188863,1.1837475165787998,0.5768572712780149,0.0,4.0,20.0,0.3
1.2120000000000009,-0.05638095082260276,-1.2102984321588435,-0.06246694825155826,0.3017004050465123,0.0,0.3017004050465123,0.38271538165805596,0.39399100909504264,1.18345116866998,0.5768568318724776,0.0,4.0,20.0,0.3
1.2220000000000009,-0.06868249798062454,-1.2385959730461726,-0.07033035267387086,0.3057903078294205,0.0,0.3057903078294205,0.38276473809550765,0.39427336627137116,1.1834235272934412,0.5768563872484435,0.0,4.0,20.0,0.3
1.2320000000000009,-0.08107879380650847,-1.237356886869984,-0.07814638120509268,0.31129203034783837,0.0,0.31129203034783837,0.3828208441165341,0.39455012130097383,1.1836807989399467,0.5768559356709958,0.0,4.0,20.0,0.3
1.2420000000000009,-0.09334499653621352,-1.2172699680290682,-0.08596511149846624,0.31788647393769887,0.0,0.31788647393769887,0.382885602991507,0.39482138533402,1.183920865241856,0.5768554748259581,0.0,4.0,20.0,0.3
1.252000000000001,-0.10531948394453096,-1.182707875059288,-0.09379776005514875,0.3249645597820086,0.0,0.3249645597820086,0.38296075719103745,0.39508726731538846,1.1834683533459103,0.5768550041811443,0.0,4.0,20.0,0.3
1.262000000000001,-0.11688659448410604,-1.1384308759896484,-0.10167896360552642,0.3332689643205633,0.0,0.3332689643205633,0.3830478660601855,0.3953478740284222,1.183570113836182,0.5768545220847288,0.0,4.0,20.0,0.3
1.272000000000001,-0.12797140222043135,-1.0876326153236011,-0.10964076431685588,0.342078651786842,0.0,0.342078651786842,0.38314829419800045,0.39560331013781436,1.18344430055139,0.5768540269625704,0.0,4.0,20.0,0.3
1.282000000000001,-0.13851218625884468,-1.0310791738139065,-0.11768568012526373,0.3515112697333438,0.0,0.3515112697333438,0.3832632082374278,0.39585367823164375,1.1835018365692047,0.5768535186021845,0.0,4.0,20.0,0.3
1.292000000000001,-0.1484595815833536,-0.9700677699686839,-0.1258183216400945,0.3608058540906418,0.0,0.3608058540906418,0.3833935771532112,0.39609907886257617,1.1829384684920192,0.5768529966877302,0.0,4.0,20.0,0.3
1.302000000000001,-0.15778254932463248,-0.9067796253438928,-0.1340524987088205,0.37046229695795774,0.0,0.37046229695795774,0.3835401751645306,0.39633961058824835,1.1827227287939528,0.5768524604636194,0.0,4.0,20.0,0.3
1.312000000000001,-0.16645763487686407,-0.8413458698475054,-0.14237216924571702,0.3801927232761837,0.0,0.3801927232761837,0.38370358789305553,0.3965753700108505,1.1827225764898044,0.5768519105699591,0.0,4.0,20.0,0.3
1.322000000000001,-0.17448168470045455,-0.7764715122033944,-0.15079043420597396,0.3897412238227573,0.0,0.3897412238227573,0.38388422031789127,0.39680645181592383,1.1828468707709072,0.5768513462854,0.0,4.0,20.0,0.3
1.332000000000001,-0.18186029543688748,-0.7122363936408168,-0.15928543638858078,0.39874190097136153,0.0,0.39874190097136153,0.38408230761762974,0.39703294881038764,1.182840131637464,0.576850768527126,0.0,4.0,20.0,0.3
1.342000000000001,-0.188604651099314,-0.6495506603138143,-0.1678373740324931,0.4071171063138208,0.0,0.4071171063138208,0.3842979275095998,0.39725495195981286,1.182837842545061,0.5768501781415462,0.0,4.0,20.0,0.3
1.352000000000001,-0.1947320745761631,-0.5884002355884227,-0.17641020708098484,0.4140573624149729,0.0,0.4140573624149729,0.38453101301880876,0.39747255042495544,1.181932761992696,0.5768495767614598,0.0,4.0,20.0,0.3
1.362000000000001,-0.20026671824136355,-0.530887536003893,-0.18498673543118485,0.4209849546212351,0.0,0.4209849546212351,0.38478136557273535,0.3976858315975648,1.1823215159611427,0.5768489651808865,0.0,4.0,20.0,0.3
1.372000000000001,-0.20525429605927017,-0.4779567027902412,-0.193542341830304,0.4266315405160129,0.0,0.4266315405160129,0.3850486691461593,0.3978948811354824,1.182403079442032,0.5768483445534807,0.0,4.0,20.0,0.3
1.382000000000001,-0.20973650476731595,-0.4290775144100362,-0.2020275107978712,0.4308127250138498,0.0,0.4308127250138498,0.3853325068623558,0.3980997829970434,1.1820649972604844,0.5768477172438131,0.0,4.0,20.0,0.3
1.392000000000001,-0.2137679779749163,-0.38684301235503754,-0.21043035508689062,0.4347163646753083,0.0,0.4347163646753083,0.38563237658909955,0.39830061947479595,1.183083376304838,0.5768470838991542,0.0,4.0,20.0,0.3
1.402000000000001,-0.21741762041291648,-0.35106613462863867,-0.2187135967989392,0.43674438067440774,0.0,0.43674438067440774,0.38594770786636334,0.3984974712285514,1.1832942573983691,0.5768464463719294,0.0,4.0,20.0,0.3
1.412000000000001,-0.2207442991729224,-0.3211657875395015,-0.22682805232411418,0.437403137681648,0.0,0.437403137681648,0.3862778799744391,0.39869041731777904,1.1834457335750677,0.5768458071286501,0.0,4.0,20.0,0.3
1.422000000000001,-0.2238108790636312,-0.2978832040656499,-0.23474164345402387,0.43688397059426376,0.0,0.43688397059426376,0.3866222376260712,0.3988795352333576,1.1838086773427798,0.5768451678835435,0.0,4.0,20.0,0.3
1.432000000000001,-0.2266846312684026,-0.2812367501623791,-0.2424185768512106,0.43489187436682153,0.0,0.43489187436682153,0.38698010615078865,0.39906490092869756,1.1839352773363045,0.5768445305617413,0.0,4.0,20.0,0.3
1.442000000000001,-0.22943009497576666,-0.271086269014243,-0.24982286730413455,0.4319047111888183,0.0,0.4319047111888183,0.38735080640209085,0.39924658885024494,1.184424496891445,0.5768438971419202,0.0,4.0,20.0,0.3
1.452000000000001,-0.2321111862388706,-0.2668388150463318,-0.2569178063018539,0.42736147099101873,0.0,0.42736147099101873,0.38773366837559226,0.39942467196738096,1.184386538756894,0.5768432696741187,0.0,4.0,20.0,0.3
1.462000000000001,-0.2347875492700528,-0.2689048586609899,-0.26368125416766164,0.42166998557888424,0.0,0.42166998557888424,0.3881280434635159,0.3995992218017276,1.1842576116998804,0.576842649569888,0.0,4.0,20.0,0.3
1.472000000000001,-0.23751333989893691,-0.27572507548934316,-0.270073188760831,0.41468343649195816,0.0,0.41468343649195816,0.3885333152303191,0.39977030845587214,1.183668364764231,0.5768420391072799,0.0,4.0,20.0,0.3
1.482000000000001,-0.24033965381825584,-0.28784530732150515,-0.276083355533625,0.4071927051317258,0.0,0.4071927051317258,0.3889489084781306,0.3999380006415218,1.18353838749287,0.5768414392060758,0.0,4.0,20.0,0.3
1.492000000000001,-0.24331863048878818,-0.3051037398192624,-0.2817034648537009,0.398987531807553,0.0,0.398987531807553,0.38937429694863285,0.4001023657070996,1.183362543679278,0.5768408507051933,0.0,4.0,20.0,0.3
1.5020000000000011,-0.24649201634071538,-0.3260550239099079,-0.2869146853607376,0.39026424488579403,0.0,0.39026424488579403,0.38980901045535726,0.400263469664793,1.1831878804400628,0.5768402749520473,0.0,4.0,20.0,0.3
1.5120000000000011,-0.24989977974929742,-0.35108310116792113,-0.2917278084245708,0.38166761010540445,0.0,0.38166761010540445,0.3902526398976137,0.40042137721706517,1.18367656155003,0.576839711915156,0.0,4.0,20.0,0.3
1.5220000000000011,-0.2535776892338409,-0.3791978481883923,-0.2961466424581247,0.3726563568893709,0.0,0.3726563568893709,0.3907048412148494,0.40057615178264144,1.1838204554982474,0.5768391618793559,0.0,4.0,20.0,0.3
1.5320000000000011,-0.25754810238951414,-0.40904767384523355,-0.3001738240723739,0.36347658173282515,0.0,0.36347658173282515,0.39116533810719756,0.400727855521979,1.183711522194129,0.5768386251820748,0.0,4.0,20.0,0.3
1.5420000000000011,-0.2618236017113392,-0.44008555466705296,-0.30382578214880834,0.3547588850365391,0.0,0.3547588850365391,0.39163392212726994,0.4008765493622316,1.183983123201485,0.5768381015078604,0.0,4.0,20.0,0.3
1.5520000000000012,-0.26641587475549966,-0.47180534803289725,-0.3071292738321599,0.3463268452989126,0.0,0.3463268452989126,0.39211045099063985,0.4010222930217197,1.184143948891628,0.5768375900279975,0.0,4.0,20.0,0.3
1.5620000000000012,-0.271313762558852,-0.5014528705893753,-0.3100823269829926,0.33785341005117336,0.0,0.33785341005117336,0.3925948460575827,0.4011651450339141,1.183505753892223,0.5768370912444709,0.0,4.0,20.0,0.3
1.5720000000000012,-0.2764962107832669,-0.5292007141574563,-0.3127185273261918,0.3303659932393399,0.0,0.3303659932393399,0.39308708619846494,0.40130516277094397,1.1832963312861349,0.5768366039830629,0.0,4.0,20.0,0.3
1.5820000000000012,-0.2819340441172878,-0.5531148741413113,-0.31505134575440846,0.32293034523597053,0.0,0.32293034523597053,0.39358719986582746,0.4014424024666389,1.1820178970085145,0.5768361279754392,0.0,4.0,20.0,0.3
1.5920000000000012,-0.2875964118517048,-0.5746529203649051,-0.31713778894155215,0.31733773973013774,0.0,0.31733773973013774,0.3940952561645538,0.40157691923911343,1.1820144275079796,0.5768356608859867,0.0,4.0,20.0,0.3
1.6020000000000012,-0.2934566943445489,-0.592983051529725,-0.3190178075990899,0.31255878938451764,0.0,0.31255878938451764,0.3946113561450214,0.40170876711290326,1.1817044806895696,0.5768352011122135,0.0,4.0,20.0,0.3
1.6120000000000012,-0.2994731632377844,-0.6068848998440216,-0.32072247206588594,0.30899766859882144,0.0,0.30899766859882144,0.395135625005546,0.401725275157642,1.181478675306342,0.5768347474302759,0.0,4.0,20.0,0.3
1.6220000000000012,-0.30560584341567404,-0.617083147498212,-0.3223085359098636,0.30734032195304806,0.0,0.30734032195304806,0.39566820258669844,0.4017755192922712,1.1822455620518444,0.5768342973642456,0.0,4.0,20.0,0.3
1.6320000000000012,-0.31181661557956575,-0.6230432480285172,-0.3238215976667736,0.306461368388048,0.0,0.306461368388048,0.39620923448608375,0.40186922226815036,1.182483412875143,0.576833848895141,0.0,4.0,20.0,0.3
1.6420000000000012,-0.31805912490415744,-0.6243281536333529,-0.325303660644215,0.3072664478886996,0.0,0.3072664478886996,0.39675886388797105,0.401995270663144,1.1834380508908817,0.5768334001251809,0.0,4.0,20.0,0.3
1.6520000000000012,-0.3242852968342717,-0.6205572089596281,-0.3267951443326329,0.3089741392951775,0.0,0.3089741392951775,0.3973172227380131,0.40211881817747125,1.1839841358155814,0.5768329491790957,0.0,4.0,20.0,0.3
1.6620000000000013,-0.33043086215988626,-0.6096656028282705,-0.32830548279755895,0.3112517501150534,0.0,0.3112517501150534,0.3978844227296807,0.40223991443020185,1.1837118676215712,0.5768324956003085,0.0,4.0,20.0,0.3
1.6720000000000013,-0.33643329070215233,-0.5932734120438535,-0.3298819082404402,0.3151599833921783,0.0,0.3151599833921783,0.39846054440657486,0.40235860805593154,1.1841972941944612,0.5768320371369962,0.0,4.0,20.0,0.3
1.6820000000000013,-0.34223287578974465,-0.5703146085143311,-0.33153819020395986,0.31917532576020413,0.0,0.31917532576020413,0.39904562702842794,0.40245261672635824,1.1834277269470206,0.5768315730576531,0.0,4.0,20.0,0.3
1.6920000000000013,-0.3477615257687762,-0.5404356534654642,-0.3332843260795797,0.3235768692630233,0.0,0.3235768692630233,0.3996396595238695,0.40233489127722094,1.1817894797633006,0.5768311027960306,0.0,4.0,20.0,0.3
1.7020000000000013,-0.3529692071382199,-0.5074481000780467,-0.33517952288591296,0.3307257463522137,0.0,0.3307257463522137,0.4002425710241688,0.40192964480621773,1.1825581520509123,0.5768306234559262,0.0,4.0,20.0,0.3
1.7120000000000013,-0.3578324251007098,-0.47153133310275663,-0.33725008306971593,0.33763967588181715,0.0,0.33763967588181715,0.40085422552601047,0.40148144454039764,1.1820774319293679,0.5768301336104791,0.0,4.0,20.0,0.3
1.7220000000000013,-0.36231231014680354,-0.431590924697895,-0.33948978232645194,0.3448474433914534,0.0,0.3448474433914534,0.4014744209826241,0.4013944584996233,1.1816050738210941,0.5768296333513113,0.0,4.0,20.0,0.3
1.7320000000000013,-0.3663696183331452,-0.38792233303185963,-0.3418978239579146,0.3521124940436853,0.0,0.3521124940436853,0.40210288671563155,0.4015299265110262,1.1810579615089936,0.5768291225185644,0.0,4.0,20.0,0.3
1.7420000000000013,-0.36997310131341116,-0.3417070827187413,-0.3444779077129105,0.3599264351934711,0.0,0.3599264351934711,0.4027392807827243,0.40166270675055654,1.1810755976695961,0.5768286007416177,0.0,4.0,20.0,0.3
1.7520000000000013,-0.37310160746604426,-0.293206187869184,-0.34721933358820584,0.36690596523843866,0.0,0.36690596523843866,0.40338318912855614,0.4017928525453251,1.179942632919725,0.5768280683202445,0.0,4.0,20.0,0.3
1.7620000000000013,-0.3757361908010089,-0.24372861198009324,-0.3501141297057802,0.37444090500213906,0.0,0.37444090500213906,0.40403412643670783,0.40192041616439855,1.1798425946231466,0.5768275254476891,0.0,4.0,20.0,0.3
1.7720000000000014,-0.37788046600771297,-0.19511778182772613,-0.3531638446454645,0.3815753968912066,0.0,0.3815753968912066,0.40469153818877746,0.4020454488397921,1.179666199989165,0.5768269718683766,0.0,4.0,20.0,0.3
1.7820000000000014,-0.3795465262184369,-0.14786507370179647,-0.3563507417192419,0.38826262435969683,0.0,0.38826262435969683,0.40535480627208603,0.4021680007870448,1.179564400595988,0.5768264082379057,0.0,4.0,20.0,0.3
1.7920000000000014,-0.38074747567130046,-0.10189470270091389,-0.359642715873136,0.3937542507273983,0.0,0.3937542507273983,0.40602325608581674,0.40228812122538754,1.1786917784552495,0.576825835912072,0.0,4.0,20.0,0.3
1.8020000000000014,-0.38150983600999716,-0.05961933566929131,-0.36303543030049873,0.39945215628947495,0.0,0.39945215628947495,0.4066961637261666,0.40240585839751003,1.1791941033031597,0.5768252549747233,0.0,4.0,20.0,0.3
1.8120000000000014,-0.38187221224857354,-0.021223317247264818,-0.3665003105155923,0.4042233652515949,0.0,0.4042233652515949,0.4073727651354469,0.4025212595889364,1.1796423333440336,0.5768246666568777,0.0,4.0,20.0,0.3
1.8220000000000014,-0.38187477340504017,0.01312154281723956,-0.3700039658988801,0.40786795321303776,0.0,0.40786795321303776,0.4080522668931876,0.4026343711470158,1.1798880911726202,0.576824072451043,0.0,4.0,20.0,0.3
1.8320000000000014,-0.38155985623469024,0.04308358298410865,-0.3735117118561654,0.4102691984420251,0.0,0.4102691984420251,0.40873385672995,0.4027452384995361,1.179871774712982,0.5768234739508935,0.0,4.0,20.0,0.3
1.8420000000000014,-0.38097902193752387,0.0673909555439097,-0.3770017754245263,0.41218238153439657,0.0,0.41218238153439657,0.4094167139411683,0.40285201404616283,1.1807236041658056,0.5768228721807187,0.0,4.0,20.0,0.3
1.8520000000000014,-0.38020206053482625,0.07843497291134269,-0.38065910974037337,0.41256288063826674,0.0,0.41256288063826674,0.4101000205981043,0.40287333680554005,1.1809454429666886,0.5768222691281051,0.0,3.0,20.0,0.3
1.8620000000000014,-0.37951205296214535,0.06433686260519682,-0.3850734309589862,0.41143881582076225,0.0,0.41143881582076225,0.4107829806726486,0.4029320517203152,1.1807713076532298,0.5768216669410722,0.0,3.0,20.0,0.3
1.8720000000000014,-0.3789064098425058,0.05893400876112341,-0.389267668311524,0.40880279647290424,0.0,0.40880279647290424,0.4114648627688955,0.4030146887526978,1.180177543178249,0.5768210674099203,0.0,3.0,20.0,0.3
1.8820000000000014,-0.3783321857793593,0.056639444792829126,-0.39319589423606593,0.4054130639472453,0.0,0.4054130639472453,0.4121450027089483,0.40299158953468833,1.1800431310932826,0.5768204724283675,0.0,3.0,20.0,0.3
1.8920000000000015,-0.3777848082666815,0.05319653178244288,-0.3968347543704373,0.4011021316148412,0.0,0.4011021316148412,0.41282278985438003,0.40309536944623436,1.1802821540651074,0.576819883139856,0.0,3.0,20.0,0.3
1.9020000000000015,-0.37727380070707073,0.049160829752599014,-0.4001158870780912,0.39506110391263355,0.0,0.39506110391263355,0.413497662656487,0.4031970902980489,1.179494807001008,0.57681930231143,0.0,3.0,20.0,0.3
1.9120000000000015,-0.3768281884855275,0.04138123752610258,-0.40304066264961874,0.388143158554196,0.0,0.388143158554196,0.4141691079966031,0.40329679294319215,1.1787199375830695,0.5768187303091483,0.0,3.0,20.0,0.3
1.9220000000000015,-0.3764759408772526,0.03076030146972235,-0.4055668418595954,0.3807342032427455,0.0,0.3807342032427455,0.4148366634188738,0.4033945174241736,1.1783190322647188,0.5768181690583849,0.0,3.0,20.0,0.3
1.9320000000000015,-0.3762542130953515,0.015847363199134653,-0.4076991975472452,0.37329542704381874,0.0,0.37329542704381874,0.41549991999040004,0.40349030298903377,1.1787388170525224,0.5768176188574665,0.0,3.0,20.0,0.3
1.9420000000000015,-0.3762016181580103,-0.002187322379598993,-0.409420698547815,0.3645525128042647,0.0,0.3645525128042647,0.4161585261431238,0.4035841881071068,1.1779784630173726,0.5768170807686235,0.0,3.0,20.0,0.3
1.9520000000000015,-0.3763425625001099,-0.020930462435808997,-0.41067201636444395,0.3557483023772896,0.0,0.3557483023772896,0.4168121914447668,0.40367621048447083,1.1775509375121975,0.5768165553576118,0.0,4.0,20.0,0.3
1.9620000000000015,-0.3766520272465225,-0.03886958683949754,-0.41135685069098205,0.3472971370920887,0.0,0.3472971370920887,0.41746068642881484,0.4037664070790913,1.1777862578155043,0.5768160426530976,0.0,4.0,20.0,0.3
1.9720000000000015,-0.3771940759686708,-0.06513915528988,-0.4117733224007316,0.3390745389422185,0.0,0.3390745389422185,0.41810383709041943,0.4038548141156641,1.1782698612943439,0.5768155418294836,0.0,4.0,20.0,0.3
1.9820000000000015,-0.3780195246874484,-0.09429162392406197,-0.41190659748587233,0.33022398295326383,0.0,0.33022398295326383,0.4187415312635361,0.4039414671001639,1.1775781961144238,0.5768150538989075,0.0,4.0,20.0,0.3
1.9920000000000015,-0.37914888986012474,-0.12566101548031364,-0.4117856553954828,0.3227208418135768,0.0,0.3227208418135768,0.4193737244381211,0.40402640083410407,1.1782632290540223,0.5768145778297172,0.0,4.0,20.0,0.3
2.002000000000001,-0.3806040884852009,-0.1587416622811518,-0.4114506965100932,0.31575689016842406,0.0,0.31575689016842406,0.42000043978083157,0.40410964942851396,1.1789862838775216,0.5768141120165348,0.0,4.0,20.0,0.3
2.012,-0.3823890648583609,-0.1913236194445796,-0.410920326776496,0.3092606708512041,0.0,0.3092606708512041,0.42062176743808655,0.4041912463176381,1.1794538469257583,0.5768136558297599,0.0,4.0,20.0,0.3
2.021999999999999,-0.38448301798078255,-0.2209701173094174,-0.41020306657574973,0.30310601377184004,0.0,0.30310601377184004,0.4212378605907022,0.4042712242723644,1.179317561211436,0.5768132090961943,0.0,4.0,20.0,0.3
2.031999999999998,-0.3868554631184354,-0.2476746246585335,-0.4093347962242169,0.2982396874479526,0.0,0.2982396874479526,0.4218489272572875,0.40434961541338527,1.1797560566791068,0.5768127703410846,0.0,4.0,20.0,0.3
2.0419999999999967,-0.3894724846239114,-0.2703908652379678,-0.4083429327404984,0.2936660477384763,0.0,0.2936660477384763,0.42245522057306345,0.40442645122409815,1.179253056442293,0.5768123384429928,0.0,4.0,20.0,0.3
2.0519999999999956,-0.39229131780239385,-0.28912544886420133,-0.4072651388072978,0.2907493620892807,0.0,0.2907493620892807,0.42305702873660167,0.40450176256325,1.179625582978961,0.5768119117712024,0.0,4.0,20.0,0.3
2.0619999999999945,-0.3952683263675483,-0.3028415110230883,-0.40612958869880156,0.28853448693731776,0.0,0.28853448693731776,0.4236546643269486,0.4045755796773301,1.1794716857150116,0.57681148909105,0.0,4.0,20.0,0.3
2.0719999999999934,-0.3983547481615056,-0.31160437912390937,-0.4049748516661169,0.2869068055063524,0.0,0.2869068055063524,0.424248453739734,0.40464793221271833,1.1785978725063109,0.5768110686465793,0.0,4.0,20.0,0.3
2.0819999999999923,-0.40149392741210216,-0.3150288532095986,-0.4038296612423888,0.2872981844987196,0.0,0.2872981844987196,0.4248387262828868,0.40471884922759127,1.1790082129929575,0.5768106491086759,0.0,4.0,20.0,0.3
2.091999999999991,-0.4046479273283714,-0.31493106762208506,-0.4027569225473735,0.2889947544163086,0.0,0.2889947544163086,0.42542580335643265,0.40478835920359296,1.1797299538564836,0.5768102274884329,0.0,4.0,20.0,0.3
2.10199999999999,-0.40777204716990645,-0.30997448635589236,-0.4017778978626028,0.2915010502231475,0.0,0.2915010502231475,0.4260099906510422,0.40485649005727337,1.1801243906377257,0.5768098026974122,0.0,4.0,20.0,0.3
2.111999999999989,-0.41081672123131563,-0.30002853216510356,-0.40092042557839397,0.29500873285658374,0.0,0.29500873285658374,0.42659157036477213,0.40492326915130006,1.180544739722087,0.5768093733103452,0.0,4.0,20.0,0.3
2.121999999999988,-0.41372667079329906,-0.28435916722647714,-0.4001972008732726,0.29907488029786133,0.0,0.29907488029786133,0.4271707928160225,0.4049887233054481,1.1804841636190182,0.5768089385855893,0.0,4.0,20.0,0.3
2.131999999999987,-0.4164508136139164,-0.263523804676603,-0.39963163247780364,0.3036454656520854,0.0,0.3036454656520854,0.4277478678712043,0.40505287880737095,1.1800057074869823,0.5768084972558515,0.0,4.0,20.0,0.3
2.1419999999999857,-0.41893015484977525,-0.23686849498779672,-0.39922188329046704,0.30858173124412175,0.0,0.30858173124412175,0.42832295714945995,0.40482399473278613,1.1788473675477649,0.5768080492271738,0.0,4.0,20.0,0.3
2.1519999999999846,-0.42112445264304593,-0.20742718688195572,-0.39901029975188257,0.31506757912064504,0.0,0.31506757912064504,0.4288961662022808,0.4046177316833183,1.179052877181655,0.5768075923177322,0.0,4.0,20.0,0.3
2.1619999999999835,-0.423009194556317,-0.17541487401417227,-0.39900894080412175,0.3216057552025364,0.0,0.3216057552025364,0.4294675402901204,0.4041734855447658,1.1785576657321055,0.5768071257224664,0.0,4.0,20.0,0.3
2.1719999999999824,-0.42455711030466925,-0.14104754434412536,-0.3992193504899135,0.3291637539000496,0.0,0.3291637539000496,0.4300370633152086,0.4038891892443116,1.1791274648401484,0.5768066491255135,0.0,4.0,20.0,0.3
2.1819999999999813,-0.42575433698365145,-0.10539840328708475,-0.3996515030990952,0.33637216560673733,0.0,0.33637216560673733,0.4306046570536116,0.40374988267859807,1.1792402322994093,0.5768061618033226,0.0,4.0,20.0,0.3
2.19199999999998,-0.4265888740116866,-0.06902863341648208,-0.40030168278160283,0.34389495574675544,0.0,0.34389495574675544,0.4311701823569263,0.4034921406049521,1.1797404041208417,0.5768056636750852,0.0,4.0,20.0,0.3
2.201999999999979,-0.42706108833282946,-0.03222903803890443,-0.4011616112617862,0.35029348647107733,0.0,0.35029348647107733,0.43173344142938175,0.40349260932786557,1.1791312370338956,0.5768051548683629,0.0,4.0,20.0,0.3
2.211999999999978,-0.42715579275339643,0.0054563237029828585,-0.402196715294872,0.3572728144911086,0.0,0.3572728144911086,0.43229418127617736,0.4033063583306642,1.1796489043839928,0.5768046367814529,0.0,4.0,20.0,0.3
2.221999999999977,-0.42687687241271965,0.04286685681394956,-0.40339347250561797,0.36273801484600016,0.0,0.36273801484600016,0.43285209562960525,0.403273293253249,1.1787609784549107,0.5768041098404241,0.0,4.0,20.0,0.3
2.231999999999976,-0.4262280990794969,0.079166785731488,-0.4047269965245396,0.36809523206861083,0.0,0.36809523206861083,0.4334068289568359,0.40320980938167333,1.1785742649286766,0.5768035750374721,0.0,4.0,20.0,0.3
2.2419999999999747,-0.42523296696879787,0.11289966764726264,-0.4061841639928705,0.3725790087938354,0.0,0.3725790087938354,0.43395798139903624,0.40312754348874147,1.1781017986265128,0.5768030328278928,0.0,4.0,20.0,0.3
2.2519999999999736,-0.42392035249756066,0.1404532465980367,-0.4078319795824766,0.37639477586177544,0.0,0.37639477586177544,0.4345051161527369,0.40313423242603447,1.1778883453071545,0.5768024848730029,0.0,3.0,20.0,0.3
2.2619999999999725,-0.4224462400886364,0.15232136942829044,-0.4099968840376264,0.38007139303586307,0.0,0.38007139303586307,0.435047770926929,0.40292065350010353,1.178605716845231,0.5768019309097623,0.0,3.0,20.0,0.3
2.2719999999999714,-0.4208456907553228,0.16513581447768957,-0.41221508346334124,0.38281466068003145,0.0,0.38281466068003145,0.43558548476718684,0.4027719856677571,1.1794080188400446,0.576801372515278,0.0,3.0,20.0,0.3
2.2819999999999703,-0.41911679129722795,0.1780680758622184,-0.4144220984181012,0.3836554100991595,0.0,0.3836554100991595,0.43611780801956807,0.4026072740307744,1.179036552179898,0.5768008119161431,0.0,3.0,20.0,0.3
2.291999999999969,-0.41726921475834927,0.18890468610398453,-0.41657860910446637,0.38401070407004184,0.0,0.38401070407004184,0.4366443017621619,0.402264738464089,1.1792459589828896,0.5768002505288821,0.0,3.0,20.0,0.3
2.301999999999968,-0.4153336150370911,0.1959858408780808,-0.41865335348931065,0.3836676206374819,0.0,0.3836676206374819,0.4371645395942512,0.40168030067426486,1.179724788930926,0.5767996895256486,0.0,3.0,20.0,0.3
2.311999999999967,-0.41335283322264427,0.1992347717120384,-0.42060518913153144,0.3813617455147847,0.0,0.3813617455147847,0.437678113110459,0.4013689017464813,1.179087845983451,0.5767991304576539,0.0,3.0,20.0,0.3
2.321999999999966,-0.41136207859945395,0.19844368936686954,-0.4223928911659882,0.378706173212262,0.0,0.378706173212262,0.4381846388822528,0.400978496249543,1.1792815055579806,0.5767985749419697,0.0,3.0,20.0,0.3
2.3319999999999648,-0.4094016251224806,0.19392347580941913,-0.4239769457299848,0.3747204953516119,0.0,0.3747204953516119,0.4386837643786003,0.4009015840009504,1.1791735197825362,0.5767980245728718,0.0,3.0,20.0,0.3
2.3419999999999637,-0.4075115652339543,0.18520294096028514,-0.4253339352039084,0.37028252791489263,0.0,0.37028252791489263,0.43917517389721766,0.4009555024171224,1.179797122150196,0.5767974804222353,0.0,3.0,20.0,0.3
2.3519999999999626,-0.405729426910069,0.17326801031890357,-0.4264271275699989,0.3643484907579153,0.0,0.3643484907579153,0.43965859415417224,0.4008158282658877,1.1791952596725812,0.5767969440594206,0.0,3.0,20.0,0.3
2.3619999999999615,-0.4040833575362492,0.15869423738045907,-0.4272267942366019,0.35777534631574626,0.0,0.35777534631574626,0.44013379883388776,0.4008080280455827,1.1785749284481224,0.5767964168512619,0.0,3.0,20.0,0.3
2.3719999999999604,-0.4025912557031771,0.14269160499880662,-0.4276968898003536,0.3502022415864929,0.0,0.3502022415864929,0.44060061107127224,0.400948246304758,1.1774880634578326,0.5767959004247064,0.0,3.0,20.0,0.3
2.3819999999999593,-0.40127124917177387,0.12461760299552552,-0.42783493549228696,0.34244510644419274,0.0,0.34244510644419274,0.44105890397125375,0.40109256745111205,1.1766639480968326,0.5767953952547407,0.0,3.0,20.0,0.3
2.391999999999958,-0.400149435204344,0.10369756045035261,-0.42765554337980854,0.3346887732328299,0.0,0.3346887732328299,0.44150860100023065,0.4012340251737415,1.1761603048147025,0.5767949012104885,0.0,3.0,20.0,0.3
2.401999999999957,-0.3992525585960837,0.07993653180235569,-0.42717375827519544,0.32756450123415753,0.0,0.32756450123415753,0.44194967756980313,0.401372676284802,1.1766603131344766,0.5767944181318373,0.0,3.0,20.0,0.3
2.411999999999956,-0.39861107368287624,0.053540641479681364,-0.4264146709755676,0.32031362565926896,0.0,0.32031362565926896,0.44238216293648397,0.40150857646925975,1.1768976940790885,0.5767939454759758,0.0,3.0,20.0,0.3
2.421999999999955,-0.39823776751262124,0.02661055588731691,-0.4253765858413447,0.3127938446166188,0.0,0.3127938446166188,0.4428061419683346,0.40164178030725545,1.1764724514482028,0.5767934836287083,0.0,3.0,20.0,0.3
2.4319999999999538,-0.3981372456402322,-0.001122355187321497,-0.4240922202722911,0.3065900042835459,0.0,0.3065900042835459,0.4432217540248525,0.4017723412960253,1.1774110324664016,0.5767930317576229,0.0,3.0,20.0,0.3
2.4419999999999527,-0.398314941619169,-0.028356457110975154,-0.4225835488541906,0.299711039798501,0.0,0.299711039798501,0.4436291902878193,0.40190031187138586,1.176742696845452,0.5767925893612196,0.0,3.0,20.0,0.3
2.4519999999999516,-0.3987495634792505,-0.0554702025236083,-0.4209284106553238,0.2932667507398781,0.0,0.2932667507398781,0.44402869032847947,0.4020257434287938,1.17585712797792,0.5767921571784859,0.0,4.0,20.0,0.3
2.4619999999999505,-0.3995312353121203,-0.09259985638805125,-0.4195093131548809,0.2891833814101026,0.0,0.2891833814101026,0.4444205376329947,0.402148686343987,1.1773340163849475,0.5767917319101299,0.0,4.0,20.0,0.3
2.4719999999999493,-0.4006497589812579,-0.12383042315820478,-0.4179937779574617,0.28497314284224,0.0,0.28497314284224,0.4448050690552082,0.4022691899932165,1.1775785042690745,0.5767913128581693,0.0,4.0,20.0,0.3
2.4819999999999482,-0.40204107985185245,-0.14844230164627342,-0.4163854225551825,0.2807727687596773,0.0,0.2807727687596773,0.4451826708059982,0.4023873027730771,1.1766773421714913,0.5767908999655305,0.0,4.0,20.0,0.3
2.491999999999947,-0.40364301556942167,-0.16762566080207042,-0.4147136334814858,0.27836927557019103,0.0,0.27836927557019103,0.4455537627349221,0.4025030721199442,1.17705537951508,0.5767904919573784,0.0,4.0,20.0,0.3
2.501999999999946,-0.40541508640490453,-0.18315584182071293,-0.41302958117233396,0.2770505622646855,0.0,0.2770505622646855,0.4459187840257205,0.40261654452902507,1.1776607347697943,0.5767900864869306,0.0,4.0,20.0,0.3
2.511999999999945,-0.4073172914880542,-0.19420046346317438,-0.4113570010373651,0.2761039962559753,0.0,0.2761039962559753,0.4462781831761713,0.40272776557303264,1.1774647038092452,0.5767896824445286,0.0,4.0,20.0,0.3
2.521999999999944,-0.4093012831886224,-0.200718525685188,-0.40972340225145953,0.2767314677035537,0.0,0.2767314677035537,0.4466324089872625,0.40283677992048783,1.1781474960000349,0.5767892785212294,0.0,4.0,20.0,0.3
2.5319999999999427,-0.4113271496434141,-0.20328934644871494,-0.40816708266794394,0.27814135440454063,0.0,0.27814135440454063,0.44698190109811337,0.40294363135365974,1.178623025086827,0.5767888728594694,0.0,4.0,20.0,0.3
2.5419999999999416,-0.41335032172131164,-0.20111696172818352,-0.4067060832598356,0.28035060861438355,0.0,0.28035060861438355,0.4473270821376095,0.4030483627861492,1.1789627330860661,0.5767884645160658,0.0,4.0,20.0,0.3
2.5519999999999405,-0.4153214127645034,-0.1940038754543556,-0.4053588849979184,0.28345021805120846,0.0,0.28345021805120846,0.44766834983213033,0.4031510162801239,1.1793681290210554,0.5767880525068191,0.0,4.0,20.0,0.3
2.5619999999999394,-0.4172025205393043,-0.183711236424783,-0.40416825121021466,0.28744501161640107,0.0,0.28744501161640107,0.44800606897722955,0.40325163306321127,1.17994204520203,0.5767876346774694,0.0,4.0,20.0,0.3
2.5719999999999383,-0.4189544130309911,-0.1688949569015165,-0.40313658565318794,0.29166043213338183,0.0,0.29166043213338183,0.4483405656915111,0.40335025354505605,1.17985552686146,0.5767872107290092,0.0,4.0,20.0,0.3
2.5819999999999372,-0.4205327475032616,-0.14981818433314026,-0.40227507357311865,0.2965631824367035,0.0,0.2965631824367035,0.44867212207206425,0.4034469173335501,1.1798988755903228,0.5767867799474875,0.0,4.0,20.0,0.3
2.591999999999936,-0.4218942581716905,-0.12679959320855208,-0.4015894858554794,0.302078706248687,0.0,0.302078706248687,0.44900097028997166,0.40354166325073926,1.1801219678317778,0.5767863418642335,0.0,4.0,20.0,0.3
2.601999999999935,-0.42301099940908454,-0.10107868704454809,-0.4010977545166798,0.30753756062010174,0.0,0.30753756062010174,0.449327287696185,0.4036073814744581,1.1797256822995732,0.576785895420727,0.0,4.0,20.0,0.3
2.611999999999934,-0.42385397252200935,-0.07288537561547184,-0.4007983940654234,0.3137346755570119,0.0,0.3137346755570119,0.4496511944524987,0.40367970785845114,1.180053395028378,0.5767854404644066,0.0,4.0,20.0,0.3
2.621999999999933,-0.42440442913082466,-0.04314823576330017,-0.40069597013627406,0.32003323679806267,0.0,0.32003323679806267,0.44997275195823644,0.40364790932325756,1.1802763611403653,0.5767849765537376,0.0,4.0,20.0,0.3
2.6319999999999317,-0.42465655060667923,-0.013217781571696514,-0.4007996008927218,0.3264483333556756,0.0,0.3264483333556756,0.4502919631453556,0.4037270650299539,1.1807158661635222,0.5767845030255414,0.0,4.0,20.0,0.3
2.6419999999999306,-0.4246039263320689,0.01773761639650706,-0.4010861355100279,0.33219016558748465,0.0,0.33219016558748465,0.45060877501980723,0.40381625263791016,1.1804781593438602,0.5767840207307993,0.0,4.0,20.0,0.3
2.6519999999999295,-0.4242431496364561,0.04754687528135161,-0.40157949866452747,0.33783170989417477,0.0,0.33783170989417477,0.45092308125750874,0.4039036707067586,1.180477683948782,0.5767835299686108,0.0,3.0,20.0,0.3
2.6619999999999284,-0.4236174392764111,0.0725007853267113,-0.4023962373411636,0.34336616966780786,0.0,0.34336616966780786,0.4512347261885038,0.40398935434528527,1.1808834335411822,0.5767830312644429,0.0,3.0,20.0,0.3
2.6719999999999273,-0.4227470092287638,0.09664332185595811,-0.40340151108048067,0.3483287451150416,0.0,0.3483287451150416,0.45154351513284297,0.40407333796569567,1.1812087227523103,0.576782524898216,0.0,3.0,20.0,0.3
2.681999999999926,-0.42164723930969755,0.11855876887812647,-0.40457901615513187,0.3531628928108807,0.0,0.3531628928108807,0.4518492217528659,0.40403547277174545,1.1821373083419084,0.5767820112315172,0.0,3.0,20.0,0.3
2.691999999999925,-0.42033737003998384,0.13883784338403812,-0.405883431433918,0.3569434615727312,0.0,0.3569434615727312,0.4521515934340813,0.4040054384621948,1.1825019938213046,0.5767814916724844,0.0,3.0,20.0,0.3
2.701999999999924,-0.4188361662644022,0.15732421812220643,-0.4072740389251371,0.35954158597738256,0.0,0.35954158597738256,0.4524503570186858,0.4040761479486978,1.1824202699891415,0.5767809675178432,0.0,3.0,20.0,0.3
2.711999999999923,-0.41716099599892925,0.17387561524839,-0.408705447380397,0.36135686781963955,0.0,0.36135686781963955,0.45274522398734973,0.4041584095285796,1.1824218197551613,0.5767804402827569,0.0,3.0,20.0,0.3
2.721999999999922,-0.41533772652799356,0.18781594576289945,-0.410142748882725,0.36201659881432424,0.0,0.36201659881432424,0.45303589539886147,0.4042390389861743,1.1820161530643378,0.576779911157056,0.0,3.0,20.0,0.3
2.7319999999999207,-0.4133873847500755,0.19920919913491397,-0.4115370890080339,0.3621374088688817,0.0,0.3621374088688817,0.4533220675087843,0.40431806870383064,1.1820957893706772,0.5767793818782736,0.0,3.0,20.0,0.3
2.7419999999999196,-0.4113476505551932,0.20652464184517122,-0.4128719646631078,0.361479299815843,0.0,0.361479299815843,0.4536034370245977,0.40439553042141074,1.182326803865473,0.5767788530797306,0.0,3.0,20.0,0.3
2.7519999999999185,-0.40926011428895887,0.21003780634504426,-0.41411179747945237,0.35950326387215215,0.0,0.35950326387215215,0.4538797084230884,0.4044714552490376,1.1819292621745503,0.5767783260920462,0.0,3.0,20.0,0.3
2.7619999999999174,-0.40715422989425454,0.2100919470428243,-0.4152144869997685,0.3573418448571926,0.0,0.3573418448571926,0.4541506013482875,0.40454587367958955,1.182440450946966,0.5767778025338092,0.0,3.0,20.0,0.3
2.7719999999999163,-0.4050753205151367,0.20600080418501243,-0.4161661759252735,0.35389048243217425,0.0,0.35389048243217425,0.4544158563602632,0.40461881560094676,1.1822396005040046,0.5767772830484315,0.0,3.0,20.0,0.3
2.781999999999915,-0.40305330051953714,0.199141760576769,-0.4169207463038349,0.3496173005392135,0.0,0.3496173005392135,0.4546752417920651,0.4046903103079946,1.1818868925359824,0.576776769457136,0.0,3.0,20.0,0.3
2.791999999999914,-0.4011222348308187,0.18858421713956358,-0.41747075397458777,0.3450461383635187,0.0,0.3450461383635187,0.4549285584098792,0.40476038651438956,1.182000862730907,0.5767762622549665,0.0,3.0,20.0,0.3
2.801999999999913,-0.3993143755349473,0.17507725383454198,-0.4177926888682731,0.3398739199733787,0.0,0.3398739199733787,0.455175643837397,0.4048290723640905,1.182024193059226,0.5767757625177067,0.0,3.0,20.0,0.3
2.811999999999912,-0.3976630547186621,0.1578884839720067,-0.4178904523258741,0.33461267577033793,0.0,0.33461267577033793,0.4554163765703528,0.40488992862523954,1.1825209387251332,0.5767752703755762,0.0,3.0,20.0,0.3
2.821999999999911,-0.3962058623959888,0.13706889423880514,-0.41776890289630786,0.32922097125035316,0.0,0.32922097125035316,0.45565067987596947,0.40495604427671994,1.183280147849304,0.5767747859170615,0.0,3.0,20.0,0.3
2.8319999999999097,-0.39496803817721293,0.11459775917604595,-0.4174079720951341,0.32322025840286445,0.0,0.32322025840286445,0.45587852590708244,0.40502084815144546,1.18345977707882,0.5767743101102806,0.0,3.0,20.0,0.3
2.8419999999999086,-0.39396650137205363,0.09010514217049417,-0.4168208457348683,0.3176311223650317,0.0,0.3176311223650317,0.45609993737791127,0.40506928147428073,1.1843138496297776,0.5767738427704086,0.0,3.0,20.0,0.3
2.8519999999999075,-0.39321924588995166,0.06441954886532084,-0.4160147321852216,0.31151718050384974,0.0,0.31151718050384974,0.4563149876046478,0.4051283217250342,1.1843387666771719,0.5767733839016802,0.0,3.0,20.0,0.3
2.8619999999999064,-0.39273041106785406,0.03846743761157321,-0.41499452695594413,0.30577421792590925,0.0,0.30577421792590925,0.4565238001895621,0.4051042068448943,1.184590599055191,0.5767729335898848,0.0,3.0,20.0,0.3
2.8719999999999053,-0.39250218170751644,0.01240494929259043,-0.4137819119047351,0.3004482583204726,0.0,0.3004482583204726,0.45672654660649425,0.40488262937518404,1.1848211620817788,0.5767724913143552,0.0,3.0,20.0,0.3
2.881999999999904,-0.3925365092910878,-0.013774734960638607,-0.4124081855434665,0.29562949621624607,0.0,0.29562949621624607,0.45692344324618694,0.40482459174712093,1.1853315318942472,0.5767720561867373,0.0,3.0,20.0,0.3
2.891999999999903,-0.39282714679937847,-0.038919660800772714,-0.4108910208314689,0.2911910813149959,0.0,0.2911910813149959,0.45711474836967625,0.4044726410224513,1.1853998959591319,0.5767716277678516,0.0,3.0,20.0,0.3
2.901999999999902,-0.3933597822096844,-0.06433624580902755,-0.4093221147808394,0.2867829986107165,0.0,0.2867829986107165,0.4573007577918074,0.40415821723165374,1.1846407862385384,0.576771205991892,0.0,4.0,20.0,0.3
2.911999999999901,-0.39419589094595875,-0.09524781268156843,-0.4079904170039594,0.28279935699415676,0.0,0.28279935699415676,0.4574818012513729,0.4039724170495225,1.183752248575461,0.5767707901686835,0.0,4.0,20.0,0.3
2.9219999999999,-0.3952986658053352,-0.11944577200296516,-0.4065952134341566,0.28017652843814533,0.0,0.28017652843814533,0.45765824768448876,0.4037546003112246,1.183685624075119,0.5767703789070332,0.0,4.0,20.0,0.3
2.9319999999998987,-0.396610497195295,-0.13862340048383884,-0.4051659966912542,0.2786626855749916,0.0,0.2786626855749916,0.4578304974040253,0.40339073059965974,1.1840965199419462,0.576769970889734,0.0,4.0,20.0,0.3
2.9419999999998976,-0.39808998627038417,-0.15374681817667285,-0.40373593980793065,0.2778093995832332,0.0,0.2778093995832332,0.45799896868069134,0.40290820171185976,1.1840746693228965,0.5767695645856584,0.0,4.0,20.0,0.3
2.9519999999998965,-0.39970071889148157,-0.165403606726712,-0.4023380399821513,0.27791530199140047,0.0,0.27791530199140047,0.45816408787105994,0.4025617332357837,1.1844265089730575,0.5767691584361783,0.0,4.0,20.0,0.3
2.9619999999998954,-0.40140330868201285,-0.173159537414703,-0.400992237618458,0.27901453919078123,0.0,0.27901453919078123,0.45832628119469415,0.40221732348952743,1.1851371113029892,0.5767687514641133,0.0,4.0,20.0,0.3
2.9719999999998943,-0.40316036232928054,-0.17678627963689866,-0.39972102044005775,0.280312830062147,0.0,0.280312830062147,0.4584859669121772,0.40180047652721884,1.184914370432089,0.5767683425415653,0.0,4.0,20.0,0.3
2.981999999999893,-0.4049241183192164,-0.17555627926248152,-0.3985332312108034,0.28241098425841077,0.0,0.28241098425841077,0.458643547870868,0.40121818539240955,1.184511435515783,0.5767679311656337,0.0,4.0,20.0,0.3
2.991999999999892,-0.4066538719506415,-0.17063975395794403,-0.39746011813521775,0.28522808526065996,0.0,0.28522808526065996,0.4587994032160512,0.4008984346039134,1.1843719605464047,0.5767675157616179,0.0,4.0,20.0,0.3
3.001999999999891,-0.4083001781016486,-0.16005157705832693,-0.3964890120896925,0.2879261677657428,0.0,0.2879261677657428,0.4589538813909641,0.40052941926853214,1.183184525064691,0.5767670967932551,0.0,4.0,20.0,0.3
3.01199999999989,-0.40981735483842463,-0.14582100473587312,-0.39564940926860553,0.2916682757334022,0.0,0.2916682757334022,0.4591072925299114,0.4000798376658321,1.1825352861617424,0.5767666727498795,0.0,4.0,20.0,0.3
3.0219999999998888,-0.4111803136563505,-0.1296020456942543,-0.3949737492273715,0.29658650532977704,0.0,0.29658650532977704,0.45925990213175,0.39967817140138234,1.182863262986147,0.5767662419432932,0.0,4.0,20.0,0.3
3.0319999999998877,-0.41236709938063004,-0.11066506522318126,-0.3944642039861085,0.30111237467721846,0.0,0.30111237467721846,0.4594119286790605,0.39949703576802675,1.1822554015643867,0.5767658040749853,0.0,4.0,20.0,0.3
3.0419999999998866,-0.4133467681843235,-0.0895469494332406,-0.39412541916266297,0.3070084345301128,0.0,0.3070084345301128,0.45956354195883853,0.39916615977118797,1.1830943700261418,0.5767653587404481,0.0,4.0,20.0,0.3
3.0519999999998855,-0.41410741343001717,-0.06710651947042842,-0.39397054581742025,0.31283823609033123,0.0,0.31283823609033123,0.4597148608966419,0.398772485984035,1.183466864310046,0.5767649051118584,0.0,4.0,20.0,0.3
3.0619999999998844,-0.4146376957059743,-0.04347075795649302,-0.39399836588098647,0.3183038354035133,0.0,0.3183038354035133,0.45986595413814474,0.39835772034232636,1.183218950922062,0.5767644430296347,0.0,4.0,20.0,0.3
3.0719999999998833,-0.4149234898076464,-0.01856373785959816,-0.39419710583528006,0.3238072720251107,0.0,0.3238072720251107,0.46001684105541246,0.3976244953615886,1.1827398856616285,0.5767639728381125,0.0,4.0,20.0,0.3
3.081999999999882,-0.414953336735518,0.007711272904786098,-0.3945497879517357,0.328603648690504,0.0,0.328603648690504,0.46016749249679445,0.396874071863426,1.1813939806968814,0.5767634951363536,0.0,4.0,20.0,0.3
3.091999999999881,-0.41471966014648454,0.03367590546761879,-0.39505502946025906,0.33411252321095564,0.0,0.33411252321095564,0.4603178317339654,0.3960893283494302,1.1813435330519466,0.5767630098155292,0.0,4.0,20.0,0.3
3.10199999999988,-0.41424418617464764,0.055123659538714245,-0.395778714357558,0.34016952829688085,0.0,0.34016952829688085,0.46046773671333735,0.39528274379456824,1.1825104033063194,0.5767625159178671,0.0,3.0,20.0,0.3
3.111999999999879,-0.4136099153066163,0.06902029891157294,-0.39687365341610836,0.3453521233573659,0.0,0.3453521233573659,0.46061704842022433,0.39457015882812296,1.1831066237602081,0.5767620141040767,0.0,3.0,20.0,0.3
3.1219999999998778,-0.4128390670979515,0.08240229793846782,-0.3981385956830492,0.35012697211569677,0.0,0.35012697211569677,0.4607655868812316,0.39412951185131645,1.1842048715513338,0.5767615049626216,0.0,3.0,20.0,0.3
3.1319999999998767,-0.4119317833872143,0.09630000760565277,-0.39951636765964743,0.3534036493479022,0.0,0.3534036493479022,0.460913158312417,0.3936285438677065,1.1839900729145454,0.5767609903245621,0.0,3.0,20.0,0.3
3.1419999999998756,-0.4108831835436032,0.11053851049909383,-0.4009581143066714,0.3555590181937686,0.0,0.3555590181937686,0.4610595563028015,0.3931089900165854,1.183033094101865,0.5767604717960968,0.0,3.0,20.0,0.3
3.1519999999998745,-0.4096995824281609,0.12319848917553225,-0.40244241283996474,0.35776761955588143,0.0,0.35776761955588143,0.46120456215647015,0.3927597864427235,1.183392406670309,0.5767599500679381,0.0,3.0,20.0,0.3
3.1619999999998734,-0.4083986864037067,0.13418834328288165,-0.40393030834579785,0.3587991615574962,0.0,0.3587991615574962,0.4613479472133361,0.3921089169451745,1.1828851108438643,0.576759426473055,0.0,3.0,20.0,0.3
3.1719999999998723,-0.4070123529397977,0.1411623652527224,-0.4054209256197344,0.3596461966140742,0.0,0.3596461966140742,0.4614894772326893,0.3914916389021265,1.1831078567771203,0.5767589010383114,0.0,3.0,20.0,0.3
3.181999999999871,-0.4055766807610845,0.14469020827459575,-0.40687902599081543,0.3597654164829487,0.0,0.3597654164829487,0.46162891894894276,0.3909299390612227,1.1834232606653028,0.5767583750140933,0.0,3.0,20.0,0.3
3.19199999999987,-0.4041241452609807,0.14511089510976793,-0.4082712521470045,0.35917696846472946,0.0,0.35917696846472946,0.4617660471996389,0.39040411647069984,1.1838726644682367,0.5767578496243254,0.0,3.0,20.0,0.3
3.201999999999869,-0.40269303948392693,0.14133715205587838,-0.4095891783760311,0.35807656407578187,0.0,0.35807656407578187,0.46190065106971323,0.38982668154046746,1.1844817760154396,0.5767573252455843,0.0,3.0,20.0,0.3
3.211999999999868,-0.4013148422569066,0.13512703738089749,-0.41078646869184465,0.35590563441878287,0.0,0.35590563441878287,0.4620325403063534,0.38915019969138037,1.1844327123977514,0.5767568036112978,0.0,3.0,20.0,0.3
3.2219999999998667,-0.4000226200011563,0.12480771411047062,-0.4118665887149405,0.3540264342268111,0.0,0.3540264342268111,0.46216155042491597,0.3884377659905403,1.185604149370342,0.5767562847429951,0.0,3.0,20.0,0.3
3.2319999999998656,-0.39885176845121334,0.1118110711940219,-0.4127998509314322,0.3508050204750935,0.0,0.3508050204750935,0.46228754756749546,0.38724018064290006,1.185176276969858,0.5767557698282672,0.0,3.0,20.0,0.3
3.2419999999998645,-0.397821824604552,0.09663678422083735,-0.4135635796329037,0.34766073913357204,0.0,0.34766073913357204,0.4624104330412944,0.38607926502319395,1.1854568851853944,0.5767552598521364,0.0,3.0,20.0,0.3
3.2519999999998634,-0.39696081234387043,0.07860185700039705,-0.4141627975432919,0.34422695913025336,0.0,0.34422695913025336,0.462530145383521,0.3848049487338653,1.1856861684511129,0.5767547548319962,0.0,3.0,20.0,0.3
3.2619999999998623,-0.39630395674345165,0.057032386872766724,-0.4146143950582224,0.340624169951839,0.0,0.340624169951839,0.4626466633069247,0.3835930821159779,1.1860519214854977,0.5767542543568491,0.0,3.0,20.0,0.3
3.2719999999998612,-0.39586670310228234,0.03471569068762715,-0.41488420779651036,0.336657709170172,0.0,0.336657709170172,0.462760009292945,0.38266632354103075,1.1863747443598074,0.5767537598178458,0.0,3.0,20.0,0.3
3.28199999999986,-0.395656573006007,0.011877019724521043,-0.41497307719585275,0.33233304808263503,0.0,0.33233304808263503,0.4628702500014855,0.38197086622445486,1.1864613780175242,0.5767532713960459,0.0,3.0,20.0,0.3
3.291999999999859,-0.39567730861673606,-0.01118038276859152,-0.41488561572078164,0.32798420798406974,0.0,0.32798420798406974,0.46297749466613497,0.3816348398029096,1.1867834685833598,0.576752789138998,0.0,3.0,20.0,0.3
3.301999999999858,-0.3959208624451004,-0.03342222211807477,-0.4146246474668857,0.3232704378369497,0.0,0.3232704378369497,0.46308189262907623,0.38136865288095684,1.1864668083419099,0.5767523137821325,0.0,4.0,20.0,0.3
3.311999999999857,-0.3964001353989863,-0.05753852321801513,-0.41429025629276883,0.3193045737754491,0.0,0.3193045737754491,0.46318362968956717,0.38125192046055584,1.187004223371533,0.576751844630687,0.0,4.0,20.0,0.3
3.3219999999998557,-0.39711430465357395,-0.08037522267941369,-0.41383905499165113,0.3153217133809434,0.0,0.3153217133809434,0.4632829271844097,0.3810488611599577,1.186952109210366,0.5767513813893121,0.0,4.0,20.0,0.3
3.3319999999998546,-0.3980492411257387,-0.10222848175621586,-0.41329209845533216,0.3123229121413756,0.0,0.3123229121413756,0.4633800393210906,0.3811331401229868,1.1878748526679062,0.576750923204715,0.0,4.0,20.0,0.3
3.3419999999998535,-0.39919174461357676,-0.12178510340687086,-0.41265740152796637,0.30870435221429166,0.0,0.30870435221429166,0.46347524828046327,0.3815226089671648,1.187603022236438,0.5767504698036248,0.0,4.0,20.0,0.3
3.3519999999998524,-0.4005058611902784,-0.13726229955881958,-0.4119276930543336,0.3050081368469776,0.0,0.3050081368469776,0.46356885897645705,0.3820523471658597,1.1866248851331231,0.5767500216346665,0.0,4.0,20.0,0.3
3.3619999999998513,-0.40195309821708597,-0.1492626314358262,-0.41112334423797176,0.302542569594215,0.0,0.302542569594215,0.4636611906382819,0.3825715750203375,1.186522449885147,0.5767495778486549,0.0,4.0,20.0,0.3
3.3719999999998502,-0.40350492888444445,-0.15905252057518607,-0.4102799691549737,0.3012924612553247,0.0,0.3012924612553247,0.4637525682293467,0.3830805010625408,1.1872293659176043,0.5767491368528137,0.0,4.0,20.0,0.3
3.381999999999849,-0.4051440257501795,-0.16685235621369426,-0.4094294620215886,0.3005974958763802,0.0,0.3005974958763802,0.463843316308404,0.3835793296870051,1.187790060817312,0.5767486971812015,0.0,4.0,20.0,0.3
3.391999999999848,-0.4068461405309207,-0.17200514162870467,-0.40859025603600596,0.3005664450647945,0.0,0.3005664450647945,0.463933755015599,0.3840682612329476,1.1883437411478568,0.5767482579713308,0.0,4.0,20.0,0.3
3.401999999999847,-0.408583274498169,-0.17436739535000526,-0.40778384642169785,0.30100011703435875,0.0,0.30100011703435875,0.46402419539414635,0.3845147605714277,1.188597927299032,0.576747818195228,0.0,4.0,20.0,0.3
3.411999999999846,-0.41032331815270595,-0.1734615122297176,-0.40702439743694263,0.30243478955581166,0.0,0.30243478955581166,0.4641149342658285,0.3848062377564086,1.1892464017650948,0.57674737714648,0.0,4.0,20.0,0.3
3.4219999999998447,-0.412043102380254,-0.1706871425297563,-0.40635030985619663,0.3047911772385946,0.0,0.3047911772385946,0.4642062489453589,0.3849042153201411,1.1900816619482264,0.5767469329548613,0.0,4.0,20.0,0.3
3.4319999999998436,-0.41371583504469167,-0.1644859427747279,-0.4057624473157179,0.30708899360118225,0.0,0.30708899360118225,0.4642983935260617,0.385037669648851,1.190068637047372,0.5767464854767715,0.0,4.0,20.0,0.3
3.4419999999998425,-0.415309874924141,-0.15554271172604425,-0.40528035663214496,0.31014599162841144,0.0,0.31014599162841144,0.4643915949776441,0.38509577143797263,1.1903186526801874,0.5767460336899277,0.0,4.0,20.0,0.3
3.4519999999998414,-0.4167884485184339,-0.14256622508035388,-0.4048947269348525,0.3133825114379236,0.0,0.3133825114379236,0.46448604856285663,0.3850946217516672,1.1901239633138987,0.5767455779114832,0.0,4.0,20.0,0.3
3.4619999999998403,-0.41812432022365553,-0.12734589793013829,-0.40463164441844146,0.3169826592061751,0.0,0.3169826592061751,0.4645819129987466,0.38539235154170176,1.1901173423677807,0.5767451167935242,0.0,4.0,20.0,0.3
3.471999999999839,-0.41929274086443674,-0.109612347646104,-0.40449099609160727,0.3207817614984004,0.0,0.3207817614984004,0.464679307221414,0.3856683253888277,1.1900885085075263,0.5767446501983259,0.0,4.0,20.0,0.3
3.481999999999838,-0.4202774995708662,-0.09090193110874739,-0.4044925883779425,0.3255074260530297,0.0,0.3255074260530297,0.4647783083349339,0.3856334597333347,1.1907268718098576,0.5767441770475263,0.0,4.0,20.0,0.3
3.491999999999837,-0.42106510438565653,-0.0705080764256934,-0.4046276092406431,0.32969544188136946,0.0,0.32969544188136946,0.46487895106344646,0.385495337428158,1.1902893385734625,0.5767436975895672,0.0,4.0,20.0,0.3
3.501999999999836,-0.4216438537666451,-0.049433002435638265,-0.40490174962607195,0.3343648466113477,0.0,0.3343648466113477,0.46498122794571745,0.38563048067808864,1.1906920083939976,0.5767432114007741,0.0,4.0,20.0,0.3
3.511999999999835,-0.42200567067900085,-0.027074043168423892,-0.4052995973186992,0.3382478016898292,0.0,0.3382478016898292,0.46508508999066966,0.38577841679297986,1.1901142064982497,0.5767427190425388,0.0,4.0,20.0,0.3
3.5219999999998337,-0.4221333150493266,-0.0030578512287679147,-0.40579736414236955,0.3417249394460023,0.0,0.3417249394460023,0.4651904476630349,0.38580963352216324,1.1891620956484492,0.5767422214964304,0.0,4.0,20.0,0.3
3.5319999999998326,-0.42202278607395377,0.020307873622644503,-0.40640362384968065,0.34576161510416653,0.0,0.34576161510416653,0.46529717073250443,0.3856920705880274,1.1890877410604084,0.576741718243129,0.0,4.0,20.0,0.3
3.5419999999998315,-0.42168934173302874,0.04166607086758794,-0.4071230270470291,0.3500480491332102,0.0,0.3500480491332102,0.46540509046982687,0.3852299840795345,1.189482290592559,0.5767412089354373,0.0,4.0,20.0,0.3
3.5519999999998304,-0.42116301312386517,0.05827658602317563,-0.4080125121043791,0.3540360116155569,0.0,0.3540360116155569,0.4655140052763048,0.3850038593979894,1.1901353968694408,0.5767406934859413,0.0,3.0,20.0,0.3
3.5619999999998293,-0.42052504609904356,0.06770182830568519,-0.4092226593718461,0.357201850588909,0.0,0.357201850588909,0.46562368994295106,0.38506219278922665,1.1905969863899668,0.5767401732591905,0.0,3.0,20.0,0.3
3.571999999999828,-0.41978308320558805,0.07866097329398483,-0.41049954195963284,0.3591869806675601,0.0,0.3591869806675601,0.4657339103545118,0.38514881768677267,1.190226840938266,0.5767396492405108,0.0,3.0,20.0,0.3
3.581999999999827,-0.418927586886368,0.09018938333000236,-0.41180773706667084,0.36082652958469863,0.0,0.36082652958469863,0.46584442744022153,0.38547544573148157,1.1903069321042383,0.5767391226114912,0.0,3.0,20.0,0.3
3.591999999999826,-0.41795955068120577,0.1009576120247855,-0.4131219065384518,0.3619231634195509,0.0,0.3619231634195509,0.4659549960508482,0.38592675712401253,1.1906928375193415,0.5767385942392395,0.0,3.0,20.0,0.3
3.601999999999825,-0.4168865084339841,0.1115990657874974,-0.4143947988569596,0.36117746295905045,0.0,0.36117746295905045,0.46606536578418317,0.3863691142102536,1.1893695959782449,0.576738065790481,0.0,3.0,20.0,0.3
3.611999999999824,-0.41571598593149584,0.12016849442427098,-0.415612116605233,0.36110211890046473,0.0,0.36110211890046473,0.466175282796091,0.38680269464936085,1.1898700230736032,0.5767375378317084,0.0,3.0,20.0,0.3
3.6219999999998227,-0.4144833406905437,0.12474991670326316,-0.41677905535591225,0.360572178863753,0.0,0.360572178863753,0.4662844923678395,0.38722767257561924,1.190611924206563,0.5767370102395749,0.0,3.0,20.0,0.3
3.6319999999998216,-0.41322075488664745,0.12713452322232321,-0.4178522618395072,0.3587087842552523,0.0,0.3587087842552523,0.46639274554226334,0.3876049845721284,1.1902982128011685,0.5767364846084787,0.0,3.0,20.0,0.3
3.6419999999998205,-0.4119435768246798,0.12781107107231407,-0.4187958714637615,0.35620735730623326,0.0,0.35620735730623326,0.4664998049119286,0.38796446173220683,1.1898909588815325,0.5767359623291789,0.0,3.0,20.0,0.3
3.6519999999998194,-0.41068103710394055,0.1246167530375179,-0.41962101753713654,0.3542585354257119,0.0,0.3542585354257119,0.46660544761937933,0.3881130757209347,1.1908632836933146,0.5767354431604143,0.0,3.0,20.0,0.3
3.6619999999998183,-0.40947016499544003,0.11849029877878792,-0.4203081462597902,0.35108248192282293,0.0,0.35108248192282293,0.4667094702249655,0.3881116606346212,1.1906162447667188,0.5767349279294598,0.0,3.0,20.0,0.3
3.671999999999817,-0.40833681016311474,0.10953262958472883,-0.42084535369271625,0.34797409298710924,0.0,0.34797409298710924,0.46681169437125986,0.3882029657723044,1.1911022454623816,0.5767344172259576,0.0,3.0,20.0,0.3
3.681999999999816,-0.4073064942966152,0.09860386731326207,-0.42121590387046604,0.3439617651467263,0.0,0.3439617651467263,0.4669119705730736,0.3884057369994149,1.1909058243760138,0.5767339118164595,0.0,3.0,20.0,0.3
3.691999999999815,-0.40639013485115305,0.08666800218394641,-0.4213972246984915,0.33973547463825143,0.0,0.33973547463825143,0.4670101810123933,0.3887705975825318,1.1909675718400372,0.5767334127031746,0.0,3.0,20.0,0.3
3.701999999999814,-0.4056063061548145,0.07294365397566507,-0.4214005115178912,0.33510274719987554,0.0,0.33510274719987554,0.4671062401692465,0.3891565310576552,1.1907712059605853,0.576732919704428,0.0,3.0,20.0,0.3
3.711999999999813,-0.40495582084007775,0.05964950501206618,-0.42119205620224576,0.3302527305483138,0.0,0.3302527305483138,0.4672000957137544,0.38953480736612833,1.1904078803234064,0.576732434231882,0.0,3.0,20.0,0.3
3.7219999999998117,-0.4044554924733033,0.04326884629472349,-0.4208293813937934,0.32632392998972903,0.0,0.32632392998972903,0.467291727166614,0.38990557843102824,1.1913501165832485,0.5767319544911971,0.0,3.0,20.0,0.3
3.7319999999998106,-0.40412569065963005,0.02608366396530601,-0.42030377791554996,0.3221752994012247,0.0,0.3221752994012247,0.4673811468272988,0.39026899316118124,1.191874996030861,0.5767314809659261,0.0,3.0,20.0,0.3
3.7419999999998095,-0.40395871025129754,0.010690707915560205,-0.41958895061697166,0.3170731711401352,0.0,0.3170731711401352,0.467468401016375,0.39060166474131164,1.1908130518987015,0.576731014780743,0.0,3.0,20.0,0.3
3.7519999999998084,-0.40394902121136417,-0.006483663009641816,-0.4187681856436527,0.3127260547463921,0.0,0.3127260547463921,0.46755356658199665,0.39094534876439013,1.190488061334331,0.5767305548608515,0.0,4.0,20.0,0.3
3.7619999999998073,-0.4041459314538488,-0.028447573478824345,-0.4180134541724473,0.3095299415931515,0.0,0.3095299415931515,0.46763674887523415,0.39117042515918454,1.1912371638967538,0.5767301007291772,0.0,4.0,20.0,0.3
3.771999999999806,-0.404554061379516,-0.04866388188862203,-0.4171811284810645,0.30612877227600754,0.0,0.30612877227600754,0.46771808725286407,0.39144183865206894,1.1912475378500467,0.5767296511451353,0.0,4.0,20.0,0.3
3.781999999999805,-0.4051420936934073,-0.06534229488106783,-0.41625851756761784,0.30292055387092914,0.0,0.30292055387092914,0.46779775400939533,0.3917747729981948,1.1909664454078708,0.5767292068026482,0.0,4.0,20.0,0.3
3.791999999999804,-0.40588571041250654,-0.08012819720665862,-0.4152782360125797,0.30040866386468434,0.0,0.30040866386468434,0.46787594656960046,0.3921011017142414,1.1910106779066119,0.5767287662658724,0.0,4.0,20.0,0.3
3.801999999999803,-0.4067618920811567,-0.09238359999089521,-0.4142507942099031,0.298524662120387,0.0,0.298524662120387,0.4679528806892233,0.3924209558601286,1.1912093353729494,0.5767283291056834,0.0,4.0,20.0,0.3
3.8119999999998018,-0.40775066453733994,-0.10280834630860616,-0.4132051107337507,0.2970970340582618,0.0,0.2970970340582618,0.4680287846378271,0.3927344638954639,1.1912797648868343,0.5767278940099281,0.0,4.0,20.0,0.3
3.8219999999998007,-0.40882413365924913,-0.11010138326457158,-0.41214427589715535,0.2960963037122911,0.0,0.2960963037122911,0.46810389397024876,0.3930417517311339,1.191153920984348,0.576727460855614,0.0,4.0,20.0,0.3
3.8319999999997996,-0.40996044237168694,-0.11569770277374772,-0.411105694060671,0.29619453991538613,0.0,0.29619453991538613,0.46817844573923567,0.39333389453050527,1.1917527152393186,0.5767270278927804,0.0,4.0,20.0,0.3
3.8419999999997985,-0.41113859451053114,-0.11889134694920318,-0.4101032869977799,0.29672107202065867,0.0,0.29672107202065867,0.46825267376503116,0.39362320151928887,1.192152297909855,0.5767265944367734,0.0,4.0,20.0,0.3
3.8519999999997974,-0.41232509577835835,-0.11789642813230927,-0.4091305629916638,0.29682735857584597,0.0,0.29682735857584597,0.4683268043817115,0.3939128562328468,1.1911884906215064,0.5767261607491612,0.0,4.0,20.0,0.3
3.8619999999997963,-0.4134868751946957,-0.11486582583884568,-0.40822324513972746,0.2987452011881439,0.0,0.2987452011881439,0.46840105033608065,0.39419676401187914,1.192018748200072,0.5767257251139865,0.0,4.0,20.0,0.3
3.871999999999795,-0.4146081166918,-0.11018041132099254,-0.4074054820157858,0.3012702523428657,0.0,0.3012702523428657,0.46847560543608874,0.3944750388792376,1.1930056151962947,0.5767252863104857,0.0,4.0,20.0,0.3
3.881999999999794,-0.4156758219650404,-0.10419131982320698,-0.4066999994225326,0.30421818735310596,0.0,0.30421818735310596,0.4685506423334837,0.3947477925954878,1.1939510961467918,0.5767248431581162,0.0,4.0,20.0,0.3
3.891999999999793,-0.41666599791757947,-0.09513502148829518,-0.40609625621972933,0.3069586727228061,0.0,0.3069586727228061,0.46862631098294233,0.395015134703794,1.1940454492797805,0.5767243960227357,0.0,4.0,20.0,0.3
3.901999999999792,-0.4175454012567711,-0.0828316037728219,-0.40559197538782,0.30975117153575066,0.0,0.30975117153575066,0.468702735399092,0.39527717257391437,1.1937393253879174,0.5767239448946045,0.0,4.0,20.0,0.3
3.9119999999997908,-0.41828976472855584,-0.06850769934413185,-0.40520167996294054,0.31315476277002313,0.0,0.31315476277002313,0.46878000916641394,0.3955340114453224,1.193912036834635,0.5767234889702053,0.0,4.0,20.0,0.3
3.9219999999997897,-0.4188744334367927,-0.05156204103426952,-0.40491492945196544,0.3163206337777996,0.0,0.3163206337777996,0.46885819245375276,0.3957857544694733,1.1934792017706495,0.5767230286099337,0.0,4.0,20.0,0.3
3.9319999999997886,-0.4192797881313823,-0.03306066256142295,-0.4047380567759549,0.31979402809741,0.0,0.31979402809741,0.468937309562044,0.3960325027512315,1.1933143086292608,0.5767225633933446,0.0,4.0,20.0,0.3
3.9419999999997875,-0.41949884979652396,-0.014300570236333923,-0.4046827047570937,0.323231526235628,0.0,0.323231526235628,0.4690173476039551,0.3962743553894763,1.1930475655091912,0.5767220926411067,0.0,4.0,20.0,0.3
3.9519999999997864,-0.41952348385661264,0.005396981178468728,-0.40473644896098376,0.3266091715643797,0.0,0.3266091715643797,0.4690982574113768,0.396511409516902,1.1927564049153387,0.5767216170773514,0.0,3.0,20.0,0.3
3.9619999999997852,-0.4193545577962452,0.024498095990066124,-0.40492880998214437,0.32980824748579485,0.0,0.32980824748579485,0.4691799547127579,0.3967437603390281,1.1923880877135877,0.5767211368736843,0.0,3.0,20.0,0.3
3.971999999999784,-0.4189938794185504,0.04379035852819079,-0.40523054243785556,0.3323246607803221,0.0,0.3323246607803221,0.4692623225148163,0.39697150117243585,1.1913477809514943,0.5767206525538402,0.0,3.0,20.0,0.3
3.981999999999783,-0.41844350603865405,0.06237414172400018,-0.40563417074797076,0.3350618301480214,0.0,0.3350618301480214,0.4693452137821124,0.3971947234822459,1.1910044018054626,0.5767201642581319,0.0,3.0,20.0,0.3
3.991999999999782,-0.4177218852602741,0.07810230075306918,-0.40615503887381316,0.3385061828938095,0.0,0.3385061828938095,0.4694284542568251,0.39741351691885257,1.192132098850175,0.5767196713252597,0.0,3.0,20.0,0.3
4.001999999999781,-0.4168601100829788,0.09133273281300511,-0.40678092317986225,0.34117415539288837,0.0,0.34117415539288837,0.4695118481128218,0.397627969353929,1.1927318609838335,0.5767191740445193,0.0,3.0,20.0,0.3
4.01199999999978,-0.41586778653971007,0.10464167980444183,-0.4074527727841477,0.3420701912334766,0.0,0.3420701912334766,0.4695951849709904,0.39783816691571827,1.1914773917079775,0.5767186743906618,0.0,3.0,20.0,0.3
4.021999999999779,-0.41474445375063995,0.11748408241391874,-0.4081422298290934,0.3428030514121903,0.0,0.3428030514121903,0.46967824310976486,0.398044194023624,1.190678985007944,0.5767181733230331,0.0,3.0,20.0,0.3
4.031999999999778,-0.4134957537452649,0.12958152864135825,-0.40881984366413954,0.3429332084882176,0.0,0.3429332084882176,0.46976079060677783,0.39824613342211507,1.1897653650609545,0.5767176718693686,0.0,3.0,20.0,0.3
4.041999999999777,-0.4121376360541826,0.13953314277704265,-0.40947662306910365,0.3430287901073519,0.0,0.3430287901073519,0.4698425874628565,0.3984440662139571,1.1895604792641052,0.5767171703638031,0.0,3.0,20.0,0.3
4.051999999999776,-0.41069572466801013,0.14683005508917685,-0.4100983871537427,0.34256370040361706,0.0,0.34256370040361706,0.469923389459605,0.3986380718927852,1.1893387824753097,0.5767166693334983,0.0,3.0,20.0,0.3
4.061999999999775,-0.4092006451820049,0.15092665197156008,-0.41067531800275114,0.34159051718452293,0.0,0.34159051718452293,0.47000295357381355,0.3988282283750298,1.1891675836592193,0.5767161691677261,0.0,3.0,20.0,0.3
4.071999999999774,-0.40768075434371054,0.15198468094352896,-0.41118814329043696,0.3408786758164665,0.0,0.3408786758164665,0.4700810439166222,0.3990146120312098,1.190101412372094,0.5767156706082598,0.0,3.0,20.0,0.3
4.0819999999997725,-0.40617447380884775,0.1494992322915653,-0.4116352176018369,0.33892199610288676,0.0,0.33892199610288676,0.4701574373437722,0.39919729771660395,1.189991352635837,0.5767151737814686,0.0,3.0,20.0,0.3
4.091999999999771,-0.4047014687599289,0.14551141344264218,-0.41197184357174504,0.3365803710641759,0.0,0.3365803710641759,0.4702319295973148,0.3993763588013148,1.1899878195676752,0.5767146803578064,0.0,3.0,20.0,0.3
4.10199999999977,-0.403279885182432,0.13982386928319737,-0.41218460752257396,0.3335198424662952,0.0,0.3335198424662952,0.4703043385237098,0.3995518671997348,1.1895581497870589,0.5767141909408666,0.0,3.0,20.0,0.3
4.111999999999769,-0.40192443928129906,0.13268865693557078,-0.41225592663743266,0.32984951692506004,0.0,0.32984951692506004,0.4703745061071488,0.3997238933994292,1.1887790728211052,0.576713706302233,0.0,3.0,20.0,0.3
4.121999999999768,-0.40064198630238007,0.12505017723610667,-0.4121582857606571,0.3259357427660095,0.0,0.3259357427660095,0.47044229978253677,0.39989250648944497,1.188079171256602,0.57671322758844,0.0,3.0,20.0,0.3
4.131999999999767,-0.3994462888804007,0.11591590181762,-0.41189873191448967,0.32151422519227796,0.0,0.32151422519227796,0.47050761254732315,0.40005777418805816,1.1869963396815721,0.5767127547433493,0.0,3.0,20.0,0.3
4.141999999999766,-0.3983420798900645,0.10667176317002025,-0.4114523932499412,0.31692136392000037,0.0,0.31692136392000037,0.470570363592437,0.4002197628699708,1.185904177825956,0.576712288843132,0.0,3.0,20.0,0.3
4.151999999999765,-0.3973422130765453,0.09501680782973698,-0.4108527491603442,0.31314825445329103,0.0,0.31314825445329103,0.47063049787992656,0.4003785375929687,1.186089348161082,0.5767118289213102,0.0,3.0,20.0,0.3
4.161999999999764,-0.3964715084840389,0.08158371352479879,-0.410108964427197,0.30890464679760155,0.0,0.30890464679760155,0.4706879870808417,0.40053416212404963,1.1856383821068408,0.5767113748241754,0.0,3.0,20.0,0.3
4.171999999999763,-0.39574754860562295,0.06602514572530502,-0.4092430516565845,0.3057093983790379,0.0,0.3057093983790379,0.47074283224371216,0.40068669896503323,1.18657063630666,0.5767109259419247,0.0,3.0,20.0,0.3
4.1819999999997615,-0.3951806026260245,0.05073129888039096,-0.40824178569753045,0.301249649573443,0.0,0.301249649573443,0.4707950653123619,0.4008362093776633,1.1855421033594946,0.5767104828812326,0.0,3.0,20.0,0.3
4.19199999999976,-0.39476259057321383,0.035832232647818076,-0.40711328146280856,0.29773819457112466,0.0,0.29773819457112466,0.4708447486774253,0.4009827534082113,1.1855527944702722,0.576710045519698,0.0,3.0,20.0,0.3
4.201999999999759,-0.39449144627175337,0.021428761811368748,-0.4058747574761101,0.2942037018110978,0.0,0.2942037018110978,0.4708919720604881,0.4011263899115925,1.1851505476142554,0.576709613390158,0.0,3.0,20.0,0.3
4.211999999999758,-0.39436243515422614,0.007151780629698415,-0.40455173059596145,0.29162716329993293,0.0,0.29162716329993293,0.47093684991190005,0.4012671765750029,1.1856251097637427,0.5767091857178676,0.0,3.0,20.0,0.3
4.221999999999757,-0.39437576213075487,-0.0066218688993865266,-0.4031670930745784,0.28874853397215017,0.0,0.28874853397215017,0.4709795189504859,0.4014051699410879,1.1851368704635317,0.5767087617819274,0.0,3.0,20.0,0.3
4.231999999999756,-0.39451623127032925,-0.0191104430258748,-0.4017308199705692,0.28704694994159363,0.0,0.28704694994159363,0.47102013603722026,0.4015404254306505,1.1856943077587487,0.5767083413081571,0.0,3.0,20.0,0.3
4.241999999999755,-0.39477745827204874,-0.030740685000407546,-0.40027693602802117,0.2856275398022516,0.0,0.2856275398022516,0.47105887437838,0.40167299736490963,1.1859936100634327,0.5767079231413612,0.0,3.0,20.0,0.3
4.251999999999754,-0.3951524520462719,-0.043563721609093595,-0.39889694933172154,0.28470540042371967,0.0,0.28470540042371967,0.47109592062956873,0.40180293898731656,1.186298307840504,0.5767075066108175,0.0,4.0,20.0,0.3
4.261999999999753,-0.3957025556230936,-0.06166709998896205,-0.3978235893579758,0.28442743226879935,0.0,0.28442743226879935,0.47113147416730666,0.40193030248493855,1.1868131066676462,0.5767070907839364,0.0,4.0,20.0,0.3
4.2719999999997516,-0.3963970451400209,-0.07366822160102988,-0.396776595634677,0.2840890670250368,0.0,0.2840890670250368,0.47116575424655355,0.4020551390094179,1.1865547677394275,0.5767066749660356,0.0,4.0,20.0,0.3
4.2819999999997505,-0.3971723685355456,-0.07942906023955446,-0.3957451796131217,0.2839074877537878,0.0,0.2839074877537878,0.4711989943101706,0.4021774986975159,1.1858317246132024,0.5767062596382422,0.0,4.0,20.0,0.3
4.291999999999749,-0.3979774158347461,-0.08096663916479056,-0.39474920315050055,0.2849145878043263,0.0,0.2849145878043263,0.47123142895170356,0.40229743069124835,1.1861096854014501,0.5767058438458262,0.0,4.0,20.0,0.3
4.301999999999748,-0.3987798995928871,-0.07936675356663442,-0.3938081341263011,0.28607024442486845,0.0,0.28607024442486845,0.47126328383577726,0.40241498315762203,1.1859645502300664,0.5767054266231633,0.0,4.0,20.0,0.3
4.311999999999747,-0.39955530187264054,-0.07620829468223556,-0.39294963606540817,0.28825035945369654,0.0,0.28825035945369654,0.47129476945803095,0.4025302033079796,1.1866665963369245,0.5767050066034116,0.0,4.0,20.0,0.3
4.321999999999746,-0.400280730970559,-0.06962589013483067,-0.39216178764061954,0.2895723068895867,0.0,0.2895723068895867,0.4713260772548262,0.4026431374169606,1.1856334432001454,0.5767045842465243,0.0,4.0,20.0,0.3
4.331999999999745,-0.4009295353755925,-0.06162940493097992,-0.39147047608149715,0.2924707434059044,0.0,0.2924707434059044,0.47135737606686423,0.40275383084108607,1.186341094007003,0.5767041582537334,0.0,4.0,20.0,0.3
4.341999999999744,-0.4014861126261004,-0.05132081276161722,-0.3908727457493941,0.29496173367769424,0.0,0.29496173367769424,0.47138880869425764,0.4028623280369746,1.186084743661416,0.5767037286453776,0.0,4.0,20.0,0.3
4.351999999999743,-0.401929997426768,-0.039545318115995556,-0.39037847674924986,0.29784416637822886,0.0,0.29784416637822886,0.4714204900995618,0.40296867257919733,1.1860655502445772,0.5767032948488096,0.0,4.0,20.0,0.3
4.361999999999742,-0.40224684974786395,-0.026464369786817835,-0.38998983615008254,0.3010205890224539,0.0,0.3010205890224539,0.47145250538338956,0.40307290717777783,1.186234438938081,0.5767028566411921,0.0,4.0,20.0,0.3
4.3719999999997405,-0.4024287654675519,-0.012445938577547097,-0.3897111859320022,0.30427566903785175,0.0,0.30427566903785175,0.47148490907688173,0.40317507369534566,1.1863801357890396,0.5767024136885069,0.0,4.0,20.0,0.3
4.381999999999739,-0.40246015298028986,0.003002037995245184,-0.38952871507659015,0.307373417416999,0.0,0.307373417416999,0.4715177252019688,0.40327521316394904,1.1862665997752933,0.5767019665185933,0.0,4.0,20.0,0.3
4.391999999999738,-0.4023431927861666,0.017414104286693315,-0.3894679895005173,0.3111356218048185,0.0,0.3111356218048185,0.47155094681665977,0.40337336580153416,1.187137213332179,0.5767015138097462,0.0,4.0,20.0,0.3
4.401999999999737,-0.4020789005341592,0.03232212624082985,-0.3895084533351366,0.3139584966402522,0.0,0.3139584966402522,0.4715845381255769,0.4034695710280974,1.186835664912143,0.5767010566218155,0.0,3.0,20.0,0.3
4.411999999999736,-0.4016686730664186,0.046947612369111456,-0.3896650752900316,0.3163196118452322,0.0,0.3163196118452322,0.47161843681124954,0.40356386748151735,1.1861213248014706,0.5767005954958634,0.0,3.0,20.0,0.3
4.421999999999735,-0.4011115291455184,0.061384651056177984,-0.38991537175598573,0.31887721119274176,0.0,0.31887721119274176,0.47165255594271543,0.4036562930330723,1.186004223469382,0.5767001308572247,0.0,3.0,20.0,0.3
4.431999999999734,-0.40041886994508086,0.07433170233443492,-0.3902629594833638,0.3213527570909041,0.0,0.3213527570909041,0.47168678591280855,0.40374688480265025,1.1861735507204725,0.5766996624655896,0.0,3.0,20.0,0.3
4.441999999999733,-0.39961000678933756,0.08522821135685879,-0.3907039645246624,0.32359521807546954,0.0,0.32359521807546954,0.47172099816334223,0.4038356791736569,1.1864859174930966,0.5766991903433097,0.0,3.0,20.0,0.3
4.451999999999732,-0.3986968426583788,0.0951995508869036,-0.3912047893391438,0.32542994511204143,0.0,0.32542994511204143,0.47175505003683693,0.40392271180762795,1.1867546080153357,0.5766987155776085,0.0,3.0,20.0,0.3
4.461999999999731,-0.39769036884080333,0.10406670003687643,-0.3917458089754528,0.32656592923483946,0.0,0.32656592923483946,0.4717887883678038,0.40400801765855143,1.1866194885793728,0.5766982387952423,0.0,3.0,20.0,0.3
4.4719999999997295,-0.3966117906015811,0.1099284320026919,-0.3923351124448142,0.3281674714537488,0.0,0.3281674714537488,0.4718220525828978,0.404091630986906,1.1877446569422678,0.5766977596647845,0.0,3.0,20.0,0.3
4.481999999999728,-0.3954838320701203,0.11447031725108583,-0.39293467588718,0.3286404474921874,0.0,0.3286404474921874,0.47185467941880554,0.40417358537342035,1.1879171344910895,0.5766972794758864,0.0,3.0,20.0,0.3
4.491999999999727,-0.39431334657801953,0.1185594855515398,-0.3935058145615727,0.32811422019414394,0.0,0.32811422019414394,0.47188650734309356,0.4042539137325603,1.1873267609410754,0.5766967995933552,0.0,3.0,20.0,0.3
4.501999999999726,-0.3931155847361182,0.12050511003520742,-0.3940491072663573,0.3276187135239972,0.0,0.3276187135239972,0.47191737832880526,0.40433264832574756,1.1874114237407734,0.5766963200302114,0.0,3.0,20.0,0.3
4.511999999999725,-0.3919036876976185,0.12137952736057753,-0.39452909635067523,0.32653376510432763,0.0,0.32653376510432763,0.4719471404683003,0.4044098207743164,1.1872854807672848,0.5766958420820516,0.0,3.0,20.0,0.3
4.521999999999724,-0.3906945020798074,0.1202287631488089,-0.3949407045162819,0.32502921771521404,0.0,0.32502921771521404,0.4719756504720942,0.4044854620722141,1.1871573480598048,0.5766953660036537,0.0,3.0,20.0,0.3
4.531999999999723,-0.3895062545546337,0.11737450670591068,-0.395265603015484,0.3234635629286739,0.0,0.3234635629286739,0.4720027764085723,0.4045596025984478,1.1874869702303001,0.5766948925267121,0.0,3.0,20.0,0.3
4.541999999999722,-0.38836624948840537,0.11158546849571746,-0.39551457642184545,0.3213623692880917,0.0,0.3213623692880917,0.4720284008164142,0.4046322721292859,1.1875559589060303,0.5766944213659401,0.0,3.0,20.0,0.3
4.551999999999721,-0.38728910726415233,0.1048468924880891,-0.3956514022012244,0.3188237390417452,0.0,0.3188237390417452,0.47205242462976427,0.4047034998502166,1.1874378132987338,0.5766939539013487,0.0,3.0,20.0,0.3
4.56199999999972,-0.38629372391308636,0.09582961748999834,-0.39568927348777577,0.3162475175441117,0.0,0.3162475175441117,0.47207476931250414,0.4047733143676694,1.187620604682607,0.5766934897942156,0.0,3.0,20.0,0.3
4.5719999999997185,-0.38539232329267575,0.08618749041342574,-0.39560230245860334,0.3132785980740947,0.0,0.3132785980740947,0.4720953789405203,0.4048417437205039,1.1875280928403669,0.5766930300808094,0.0,3.0,20.0,0.3
4.581999999999717,-0.38459472675528694,0.07519747015456756,-0.3953978528311046,0.3104758998223033,0.0,0.3104758998223033,0.4721142212428986,0.404908815391271,1.1878598916954712,0.5766925746475104,0.0,3.0,20.0,0.3
4.591999999999716,-0.3839151443089713,0.06272573856393703,-0.39508313149031404,0.30775099458084293,0.0,0.30775099458084293,0.47213128800862286,0.40497455631724993,1.188404627921674,0.5766921233761005,0.0,3.0,20.0,0.3
4.601999999999715,-0.38336798586671417,0.049512326341612845,-0.3946586791758142,0.3043955501099844,0.0,0.3043955501099844,0.47214659627081335,0.4050389929012674,1.1880801675884087,0.5766916763698349,0.0,3.0,20.0,0.3
4.611999999999714,-0.3829427247655651,0.03793638129512972,-0.3940910356736578,0.3005115821985668,0.0,0.3005115821985668,0.47216018878961946,0.40510215102230085,1.1869425418549175,0.576691234951497,0.0,3.0,20.0,0.3
4.621999999999713,-0.3826332565315991,0.02637774866204399,-0.3934056679484007,0.2972417643050986,0.0,0.2972417643050986,0.4721721308771967,0.40516405604587263,1.186508723325224,0.5766907983836137,0.0,3.0,20.0,0.3
4.631999999999712,-0.3824360224589132,0.015296215531577975,-0.3926069807759145,0.2939697944803497,0.0,0.2939697944803497,0.4721825074822463,0.4052247328342367,1.1858360779690456,0.576690366648344,0.0,3.0,20.0,0.3
4.641999999999711,-0.3823454199828085,0.0049916492577740425,-0.3917036957873825,0.2909297746376968,0.0,0.2909297746376968,0.4721914211015098,0.4052842057563641,1.185178408328262,0.5766899395666254,0.0,3.0,20.0,0.3
4.65199999999971,-0.3823641316652828,-0.007711137071863498,-0.39078267553474,0.288946651991112,0.0,0.288946651991112,0.472198989475285,0.4053424986977298,1.1856233468335124,0.5766895159388777,0.0,4.0,20.0,0.3
4.661999999999709,-0.38254673382102794,-0.0247200471478878,-0.39000539556761393,0.28676851537776327,0.0,0.28676851537776327,0.47220534610697606,0.405399635069906,1.1853726551801287,0.5766890956059759,0.0,4.0,20.0,0.3
4.6719999999997075,-0.38287716106184866,-0.03799934845232552,-0.38918389132243947,0.28446880895463544,0.0,0.28446880895463544,0.4722106469101159,0.40545563781996397,1.1844890040311058,0.5766886782716265,0.0,4.0,20.0,0.3
4.681999999999706,-0.38332218354637226,-0.048428752175383276,-0.38832969993790944,0.2830284313640208,0.0,0.2830284313640208,0.47221506691249326,0.4055105294396907,1.1843055953397021,0.576688263444642,0.0,4.0,20.0,0.3
4.691999999999705,-0.38385889752063734,-0.05710464808403272,-0.3874642986486516,0.2825776803563303,0.0,0.2825776803563303,0.47221879258373733,0.40556433197462155,1.1849745006632653,0.5766878501504128,0.0,4.0,20.0,0.3
4.701999999999704,-0.38447358375621554,-0.06351389995505,-0.3865977092084662,0.28093680183389746,0.0,0.28093680183389746,0.47222201654364404,0.40561706703289463,1.183421599038034,0.576687437918983,0.0,4.0,20.0,0.3
4.711999999999703,-0.38512939312422323,-0.06661190863296342,-0.38572054483188845,0.2806942905451798,0.0,0.2806942905451798,0.4722249334655831,0.4056687557939285,1.1832651676782553,0.5766870272053954,0.0,4.0,20.0,0.3
4.721999999999702,-0.3858010154704686,-0.0673212060190451,-0.3848518924198517,0.28054983256816585,0.0,0.28054983256816585,0.47222773344145214,0.4057194190169288,1.182690590157619,0.5766866171175238,0.0,4.0,20.0,0.3
4.731999999999701,-0.38647025983731886,-0.06671202060302278,-0.38401600492935073,0.2813858644143048,0.0,0.2813858644143048,0.4722305969818473,0.4057690770492251,1.1829491415406066,0.5766862065009587,0.0,4.0,20.0,0.3
4.7419999999997,-0.3871269678021533,-0.06480962669727033,-0.3832292084538438,0.2821992256869919,0.0,0.2821992256869919,0.4722336920546148,0.405817749834443,1.1826599403796907,0.5766857945419265,0.0,4.0,20.0,0.3
4.751999999999699,-0.38775755821779717,-0.06172737221297065,-0.3825051990312327,0.2839838652998015,0.0,0.2839838652998015,0.47223717255257014,0.4058654569205139,1.1832481250354399,0.576685380537453,0.0,4.0,20.0,0.3
4.761999999999698,-0.38834995999603844,-0.05734606252382358,-0.3818540748562295,0.28563199874177314,0.0,0.28563199874177314,0.4722411765498483,0.4059122174675256,1.1832047727121566,0.5766849639362526,0.0,4.0,20.0,0.3
4.7719999999996965,-0.3888917472176957,-0.05202250474102338,-0.3812887389549466,0.2882996883684774,0.0,0.2882996883684774,0.47224582482708366,0.4059580502554176,1.184198651697654,0.576684544045442,0.0,4.0,20.0,0.3
4.781999999999695,-0.38936933808096513,-0.044561587309256606,-0.3808016624081609,0.2900857636128199,0.0,0.2900857636128199,0.4722512195947773,0.40600297369152355,1.1836249697634225,0.5766841211153892,0.0,4.0,20.0,0.3
4.791999999999694,-0.38975747325724186,-0.035010687970615184,-0.3803892436827203,0.29261857112541506,0.0,0.29261857112541506,0.47225744269713676,0.40604700581796355,1.183830772724563,0.5766836952301273,0.0,4.0,20.0,0.3
4.801999999999693,-0.39004881397607827,-0.024834555850598676,-0.3800712518155299,0.29484922287538756,0.0,0.29484922287538756,0.4722645526638493,0.4060901643188908,1.1834176018232523,0.5766832653623205,0.0,4.0,20.0,0.3
4.811999999999692,-0.3902243187413838,-0.01271576198748391,-0.3798264011247532,0.2973237461081649,0.0,0.2973237461081649,0.4722725840380254,0.4061324665275934,1.1832251163328622,0.57668283241291,0.0,4.0,20.0,0.3
4.821999999999691,-0.3902815984927335,-0.000859242894185857,-0.3796790976915096,0.30020320233903136,0.0,0.30020320233903136,0.4722815460328279,0.406173929433456,1.1835550457364232,0.5766823951388025,0.0,4.0,20.0,0.3
4.83199999999969,-0.3902119416734522,0.012146346632367112,-0.3796065837720236,0.30251248130878594,0.0,0.30251248130878594,0.47229142310618455,0.4062145696887831,1.1831187164448769,0.5766819545041886,0.0,4.0,20.0,0.3
4.841999999999689,-0.3900140301743724,0.02471003757516417,-0.37962053320755,0.3053389093140578,0.0,0.3053389093140578,0.4723021753720618,0.4062544036154867,1.1835144749745679,0.5766815098696313,0.0,4.0,20.0,0.3
4.851999999999688,-0.3896981596382047,0.03587575252700717,-0.3797345614342815,0.30813844027281295,0.0,0.30813844027281295,0.4723137400372304,0.4062934472116417,1.1840510269675266,0.5766810609199684,0.0,3.0,20.0,0.3
4.861999999999687,-0.38928251797238356,0.045431998619890196,-0.3799737137193058,0.31032563371125793,0.0,0.31032563371125793,0.4723260349848226,0.406331716157911,1.1839778755793582,0.5766806082902386,0.0,3.0,20.0,0.3
4.8719999999996855,-0.3887623242045639,0.05630564435524102,-0.3802674718584387,0.3119552703911871,0.0,0.3119552703911871,0.47233896305381645,0.4063692258238432,1.183439020769337,0.576680153438294,0.0,3.0,20.0,0.3
4.881999999999684,-0.3881350023059703,0.06685303376175074,-0.3806157431366319,0.31331902195964356,0.0,0.31331902195964356,0.47235241279436707,0.40638956166038903,1.182900407097909,0.5766796963034293,0.0,3.0,20.0,0.3
4.891999999999683,-0.3874183728532639,0.07447860351902404,-0.38104243725878095,0.31569923185270427,0.0,0.31569923185270427,0.47236625921905095,0.40619911718935775,1.1840295521575503,0.5766792359747956,0.0,3.0,20.0,0.3
4.901999999999682,-0.3866343095511951,0.08093105808258239,-0.3815163136054518,0.31689615482686867,0.0,0.31689615482686867,0.4723803681127299,0.40608248547952924,1.1839812503796106,0.5766787734650314,0.0,3.0,20.0,0.3
4.911999999999681,-0.3857866883617739,0.08694279421107626,-0.38200538108611043,0.3175186119523554,0.0,0.3175186119523554,0.4723946005547544,0.4060101422100559,1.1836473949367707,0.5766783098615602,0.0,3.0,20.0,0.3
4.92199999999968,-0.384892546083494,0.09082650929217963,-0.3825171583030357,0.3182831860065686,0.0,0.3182831860065686,0.47240881479898095,0.40598212248850424,1.1841126158303377,0.5766778448761773,0.0,3.0,20.0,0.3
4.931999999999679,-0.3839686049014756,0.09330214913429385,-0.38302761104065147,0.3182517991236593,0.0,0.3182517991236593,0.47242286954595414,0.4059040736325511,1.1839427653446144,0.5766773793369612,0.0,3.0,20.0,0.3
4.941999999999678,-0.38301948669126623,0.09575990642811871,-0.3834959369836306,0.3176755810144812,0.0,0.3176755810144812,0.47243662714822277,0.4057343476977635,1.1834130520578088,0.576676914696897,0.0,3.0,20.0,0.3
4.951999999999677,-0.3820584616390649,0.09606437769189716,-0.3839335952240552,0.3172518265782179,0.0,0.3172518265782179,0.47244995480223695,0.4055313284450437,1.1836236928395762,0.5766764505989483,0.0,3.0,20.0,0.3
4.961999999999676,-0.3811093255004754,0.09401379854839234,-0.3843356903025453,0.31640918381864225,0.0,0.31640918381864225,0.47246272686338336,0.40531677143608574,1.183614772355022,0.5766759872517533,0.0,3.0,20.0,0.3
4.9719999999996745,-0.3801824868236965,0.09153303996431135,-0.3846623957664063,0.3149139900419543,0.0,0.3149139900419543,0.4724748287129545,0.4050210181248438,1.1831696778226746,0.5766755261142559,0.0,3.0,20.0,0.3
4.981999999999673,-0.3792893714692072,0.08782599362884774,-0.3849119220223247,0.3128802425794306,0.0,0.3128802425794306,0.4724861585076256,0.4046798153618044,1.1822606114322776,0.5766750673354303,0.0,3.0,20.0,0.3
4.991999999999672,-0.3784406520803318,0.08257196105464346,-0.38507843097055,0.31133140197569503,0.0,0.31133140197569503,0.4724966284295577,0.40443697797804734,1.1824981366369836,0.5766746112190706,0.0,3.0,20.0,0.3
5.001999999999671,-0.37765327627418555,0.07620778928334443,-0.385153601916546,0.3088806289516656,0.0,0.3088806289516656,0.47250616620356295,0.40425288651660307,1.1817908325275142,0.5766741581516074,0.0,3.0,20.0,0.3
5.01199999999967,-0.37693069307216015,0.06950030551394673,-0.385118698291484,0.3062726729387799,0.0,0.3062726729387799,0.47251471690381797,0.4042567324287219,1.181324422836107,0.5766737089108043,0.0,3.0,20.0,0.3
5.021999999999669,-0.37628283290887915,0.06128439320760752,-0.3849877958680643,0.3043193270706235,0.0,0.3043193270706235,0.47252224295626377,0.4043354110971769,1.1820373052903537,0.5766732631266281,0.0,3.0,20.0,0.3
5.031999999999668,-0.37573270451937874,0.05080493059033027,-0.38478228093593325,0.3019200938775345,0.0,0.3019200938775345,0.4725287250512002,0.40441129897300054,1.1822243907565397,0.5766728201466808,0.0,3.0,20.0,0.3
5.041999999999667,-0.37528623269975386,0.0405750244188716,-0.38447315548091415,0.2992750311334126,0.0,0.2992750311334126,0.4725341648082036,0.4044869109424922,1.1820948874433637,0.576672381090302,0.0,3.0,20.0,0.3
5.051999999999666,-0.3749431297950754,0.030154801738187676,-0.38406883202671394,0.29673266959010747,0.0,0.29673266959010747,0.47253858480729344,0.40456102272221417,1.1820642824838141,0.5766719457809518,0.0,3.0,20.0,0.3
5.0619999999996645,-0.3747027452588035,0.019914112964983938,-0.3835705496909762,0.29424892842784706,0.0,0.29424892842784706,0.4725420271000849,0.4046336640768896,1.1820009681792587,0.5766715142865976,0.0,3.0,20.0,0.3
5.0719999999996634,-0.3745671958692944,0.00944303086187993,-0.3829948676812545,0.29173632645754083,0.0,0.29173632645754083,0.4725445518560387,0.4047048641806908,1.1817151226875162,0.576671086126663,0.0,3.0,20.0,0.3
5.081999999999662,-0.37453015410267465,2.9330965709613993e-05,-0.3823336957404918,0.28928993675158354,0.0,0.28928993675158354,0.4725462362532228,0.40477465162895554,1.1812772072675302,0.5766706616800368,0.0,3.0,20.0,0.3
5.091999999999661,-0.37458557877292825,-0.009273420888173019,-0.3816107614693732,0.2874880336971503,0.0,0.2874880336971503,0.47254717219846815,0.4048430544496721,1.1814406989489337,0.5766702402058632,0.0,3.0,20.0,0.3
5.10199999999966,-0.3747381837486062,-0.020125421084664277,-0.3808877559299013,0.28632678966778663,0.0,0.28632678966778663,0.4725474642311093,0.4049101001147352,1.182148669565118,0.5766698209495588,0.0,4.0,20.0,0.3
5.111999999999659,-0.37502873115477503,-0.034605575547868965,-0.38029720047762405,0.2852600458006693,0.0,0.2852600458006693,0.4725472301469461,0.40497581555098,1.1826038610128815,0.5766694033698619,0.0,4.0,20.0,0.3
5.121999999999658,-0.3754436549397251,-0.045437278296091635,-0.3796820711603647,0.2836645414773005,0.0,0.2836645414773005,0.47254660591055975,0.4050402271509959,1.1819047996560326,0.5766689876397159,0.0,4.0,20.0,0.3
5.131999999999657,-0.3759528674810119,-0.05437285603776369,-0.3790626053590293,0.2834339312049812,0.0,0.2834339312049812,0.4725457426854214,0.4051033607837265,1.1826766784880078,0.5766685728383663,0.0,4.0,20.0,0.3
5.141999999999656,-0.37653907964901784,-0.061111747205388686,-0.3784448028745832,0.28323654589265934,0.0,0.28323654589265934,0.4725448002566725,0.4051652418048588,1.1830352807000293,0.5766681586823196,0.0,4.0,20.0,0.3
5.151999999999655,-0.37717723534839204,-0.06513457181404805,-0.37782797853351735,0.2825032189552746,0.0,0.2825032189552746,0.47254394251360543,0.40522589506700724,1.182175540667785,0.576667745201892,0.0,4.0,20.0,0.3
5.1619999999996535,-0.37784120878924204,-0.06712201098700707,-0.3772240204516001,0.28296157420679174,0.0,0.28296157420679174,0.47254333219836864,0.40528534492969415,1.1825194814178839,0.5766673318386852,0.0,4.0,20.0,0.3
5.171999999999652,-0.3785195631993323,-0.06806182846999087,-0.37665651902158315,0.2838703813587846,0.0,0.2838703813587846,0.472543126178808,0.40522943267168343,1.1829938504920896,0.5766669174592507,0.0,4.0,20.0,0.3
5.181999999999651,-0.3791984221735607,-0.06777751236237625,-0.37613383368013226,0.2852347504129979,0.0,0.2852347504129979,0.4725434730180746,0.40495515380697017,1.1833515140158257,0.5766665016290821,0.0,4.0,20.0,0.3
5.19199999999965,-0.37987026376537936,-0.06651841509316318,-0.37567164516031254,0.28634498922417845,0.0,0.28634498922417845,0.472544510976109,0.40484463326253806,1.1832072759614922,0.5766660835505378,0.0,4.0,20.0,0.3
5.201999999999649,-0.3805173638125726,-0.06355326010435,-0.37526712966372083,0.2883503739389715,0.0,0.2883503739389715,0.4725463667071558,0.40437190751134,1.1835064025212385,0.5766656632904661,0.0,4.0,20.0,0.3
5.211999999999648,-0.3811316069359214,-0.060080680573274065,-0.3749427713424245,0.29092644441214055,0.0,0.29092644441214055,0.4725491529711117,0.40391597572927357,1.1842886017895329,0.5766652397170894,0.0,4.0,20.0,0.3
5.221999999999647,-0.38171187875154927,-0.05650843436047623,-0.37471444201560555,0.2937714040300744,0.0,0.2937714040300744,0.4725529677795128,0.40359924368402256,1.1852358963741758,0.5766648119846385,0.0,4.0,20.0,0.3
5.231999999999646,-0.38224759303010264,-0.05131537500822729,-0.3745687413429761,0.29599478267999263,0.0,0.29599478267999263,0.4725578947463146,0.40349297665946565,1.1853473459980362,0.5766643806136196,0.0,4.0,20.0,0.3
5.241999999999645,-0.3827221826232446,-0.044716657154996856,-0.3745054937350599,0.2986597659009152,0.0,0.2986597659009152,0.4725640019950418,0.4035555937654613,1.1860084388973748,0.5766639455178542,0.0,4.0,20.0,0.3
5.251999999999644,-0.38312101666485887,-0.03658197809668518,-0.3745192584017478,0.30115674053636804,0.0,0.30115674053636804,0.4725713400864634,0.40364818347282744,1.1863907776646174,0.5766635068572774,0.0,4.0,20.0,0.3
5.2619999999996425,-0.3834343847884472,-0.0276057841663087,-0.374613971725884,0.30352118962491825,0.0,0.30352118962491825,0.47257994036684725,0.40373893614126033,1.1865256592225175,0.5766630643540405,0.0,4.0,20.0,0.3
5.271999999999641,-0.38364904247056814,-0.017332685294372575,-0.37477594872134723,0.30578243980270564,0.0,0.30578243980270564,0.47258981410829964,0.40382788821878596,1.1865195199429512,0.57666261856242,0.0,4.0,20.0,0.3
5.28199999999964,-0.3837515549083533,-0.005402627457019773,-0.3749896575036913,0.30736564548605927,0.0,0.30736564548605927,0.47260095145634406,0.40388983134927153,1.1856148685976753,0.5766621701348094,0.0,4.0,20.0,0.3
5.291999999999639,-0.3837289932122089,0.0074106367583138405,-0.37524965274887345,0.30903916588999336,0.0,0.30903916588999336,0.47261332019684876,0.4039510061495765,1.1849833328200676,0.5766617192695386,0.0,4.0,20.0,0.3
5.301999999999638,-0.3835839990222836,0.01849710036795583,-0.3755901817234299,0.3112565635382462,0.0,0.3112565635382462,0.47262686497259704,0.40403575062268365,1.185305347966732,0.5766612653651815,0.0,3.0,20.0,0.3
5.311999999999637,-0.3833535057693691,0.02625508541927342,-0.37608258384734533,0.31306260452426626,0.0,0.31306260452426626,0.4726415099736149,0.4041188137113162,1.1853354537216139,0.5766608085752531,0.0,3.0,20.0,0.3
5.321999999999636,-0.38304387800415873,0.033836446567897874,-0.37663262586573265,0.31507024706933395,0.0,0.31507024706933395,0.472657166061276,0.4041954902534495,1.1859634560363292,0.5766603491626278,0.0,3.0,20.0,0.3
5.331999999999635,-0.3826634433838454,0.04073929433444541,-0.37723362141502237,0.3165893618205265,0.0,0.3165893618205265,0.4726737339726617,0.4042753840057785,1.1862759596746866,0.576659887292025,0.0,3.0,20.0,0.3
5.341999999999634,-0.38222030597561624,0.0462443289863594,-0.3778798597312842,0.3183734329137189,0.0,0.3183734329137189,0.4726911064138192,0.4043536926150316,1.1873585896075936,0.5766594231120854,0.0,3.0,20.0,0.3
5.351999999999633,-0.3817392753695491,0.04937023721175195,-0.37857938165458793,0.31958266861928314,0.0,0.31958266861928314,0.4727091707388282,0.4044304475314597,1.1880594871847354,0.5766589562767199,0.0,3.0,20.0,0.3
5.3619999999996315,-0.38122427598913505,0.05286099232007773,-0.379276967675956,0.32017995850729913,0.0,0.32017995850729913,0.4727278134255221,0.40450567958132094,1.1883429116704818,0.5766584886903248,0.0,3.0,20.0,0.3
5.37199999999963,-0.3806780223715414,0.05580886485749212,-0.37996341714077664,0.3201502292187717,0.0,0.3201502292187717,0.47274692149233966,0.4045794189792606,1.1881973419864171,0.5766580206816359,0.0,3.0,20.0,0.3
5.381999999999629,-0.3801071076914403,0.058046015295894725,-0.38062286281548885,0.319730002498285,0.0,0.319730002498285,0.47276638306021723,0.4046516953404462,1.1879540714490924,0.5766575528277987,0.0,3.0,20.0,0.3
5.391999999999628,-0.37952409008280735,0.0583509703634493,-0.3812577824073224,0.319718736536465,0.0,0.319718736536465,0.47278608872496247,0.40472253769246147,1.188723120162371,0.5766570850760812,0.0,3.0,20.0,0.3
5.401999999999627,-0.37894751273653954,0.056878858541561855,-0.38185810839235784,0.3196555731824949,0.0,0.3196555731824949,0.4728059339764647,0.4047919744869643,1.189839270936731,0.5766566178127476,0.0,3.0,20.0,0.3
5.411999999999626,-0.37839544906386874,0.053939856826193136,-0.3824129478598005,0.31863486175305145,0.0,0.31863486175305145,0.472825822483015,0.4048600336111135,1.1900054991965239,0.5766561514623444,0.0,3.0,20.0,0.3
5.421999999999625,-0.3778726359934612,0.051221203963924905,-0.38288630137395346,0.31672302420636295,0.0,0.31672302420636295,0.472845668889389,0.4049267423987687,1.1892793122743157,0.5766556873567099,0.0,3.0,20.0,0.3
5.431999999999624,-0.37737989391849636,0.04793020965273686,-0.3832736734523334,0.3148644334616441,0.0,0.3148644334616441,0.47286539924449766,0.40499212764146847,1.1889428611270596,0.5766552257545327,0.0,3.0,20.0,0.3
5.441999999999623,-0.3769230530413113,0.043900149115131626,-0.3835684509421125,0.31323330504446406,0.0,0.31323330504446406,0.4728849505857871,0.40505621559919025,1.1891936231876492,0.5766547669931585,0.0,3.0,20.0,0.3
5.451999999999622,-0.37651809855497625,0.037945462519376694,-0.3837868992445327,0.3114817009148854,0.0,0.3114817009148854,0.4729042715347563,0.4051190320108965,1.1894916343224795,0.5766543106014204,0.0,3.0,20.0,0.3
5.4619999999996205,-0.37618009921506895,0.03080290543592797,-0.38392274091384915,0.30966507683835626,0.0,0.30966507683835626,0.47292332445136576,0.4051806021048723,1.1898561561537553,0.5766538568909958,0.0,3.0,20.0,0.3
5.471999999999619,-0.37592700256910555,0.021230523610520514,-0.3840002659866405,0.3087092284251774,0.0,0.3087092284251774,0.47294208754538014,0.40524095060885745,1.1915214693945901,0.5766534050982831,0.0,3.0,20.0,0.3
5.481999999999618,-0.37577586570392474,0.011220169674459966,-0.3840045963515538,0.3063289572790327,0.0,0.3063289572790327,0.47296055732652414,0.40530010175997766,1.19122226210733,0.5766529558119972,0.0,3.0,20.0,0.3
5.491999999999617,-0.3757229484397479,0.0014301365654895669,-0.38392682344307305,0.30447623473451385,0.0,0.30447623473451385,0.47297875021947183,0.4053580793144786,1.1916284655509308,0.5766525094410078,0.0,3.0,20.0,0.3
5.501999999999616,-0.3757600210261789,-0.007051429649176152,-0.3837579299600827,0.30171233362496136,0.0,0.30171233362496136,0.4729967008843822,0.4054149065572668,1.1906653007959267,0.5766520667918861,0.0,4.0,20.0,0.3
5.511999999999615,-0.3758843315953433,-0.01603318752914449,-0.38355014466428317,0.2996523827890128,0.0,0.2996523827890128,0.4730144594285624,0.4054706063112613,1.190543120821991,0.576651627765,0.0,4.0,20.0,0.3
5.521999999999614,-0.37610404895294436,-0.025950277577385834,-0.38330277701008597,0.29828737555039936,0.0,0.29828737555039936,0.4730320898644757,0.40552520094655997,1.191198961267597,0.5766511908529705,0.0,4.0,20.0,0.3
5.531999999999613,-0.37641999095451234,-0.035175254949099295,-0.38300914652752927,0.29632856216465897,0.0,0.29632856216465897,0.47304967044696916,0.4055787123894235,1.1907777608339476,0.5766507564154102,0.0,4.0,20.0,0.3
5.541999999999612,-0.37682039050753846,-0.043171224108373187,-0.38266897689963875,0.2948148638769657,0.0,0.2948148638769657,0.4730672927082314,0.4056311621310818,1.1906913639274368,0.5766503245213952,0.0,4.0,20.0,0.3
5.551999999999611,-0.3772913005103364,-0.049765465629028616,-0.38228627370795215,0.2935364582325553,0.0,0.2935364582325553,0.4730850583510676,0.4056825712363648,1.1906105907769415,0.5766498950370068,0.0,4.0,20.0,0.3
5.5619999999996095,-0.37783034865502607,-0.05674682759109449,-0.3818949637650103,0.2931349618686758,0.0,0.2931349618686758,0.4731030760061788,0.405732960352163,1.1914032598750923,0.5766494664088302,0.0,4.0,20.0,0.3
5.571999999999608,-0.3784368419014781,-0.06303976477586762,-0.38149924072701696,0.29253492441620305,0.0,0.29253492441620305,0.4731214600189144,0.4057823497157192,1.191537099257487,0.5766490384456228,0.0,4.0,20.0,0.3
5.581999999999607,-0.3791005308270093,-0.06840800877276534,-0.3811075622607512,0.2924238976498254,0.0,0.2924238976498254,0.4731403295980247,0.4058307591627563,1.1919573318870702,0.5766486107555682,0.0,4.0,20.0,0.3
5.591999999999606,-0.3798018553258363,-0.07093728540358366,-0.3807045485268088,0.29158833086513847,0.0,0.29158833086513847,0.47315980643360367,0.4058782081354441,1.1909568173048608,0.576648184057931,0.0,4.0,20.0,0.3
5.601999999999605,-0.38051636385641335,-0.07181560086687083,-0.3803061717136996,0.29208713848230394,0.0,0.29208713848230394,0.4731800106528002,0.4059247156902071,1.1914220106408162,0.5766477576161796,0.0,4.0,20.0,0.3
5.611999999999604,-0.3812362815244826,-0.07181590733740337,-0.3799333429862659,0.2922639995610674,0.0,0.2922639995610674,0.47320105649650973,0.40597030050537825,1.191042533801434,0.5766473304316987,0.0,4.0,20.0,0.3
5.621999999999603,-0.38194918723525884,-0.070831773621913,-0.3795936798410479,0.2934548530853129,0.0,0.2934548530853129,0.47322305058292713,0.4060149808887004,1.191705044795396,0.5766469021185903,0.0,4.0,20.0,0.3
5.631999999999602,-0.3826486053284654,-0.06900794535805643,-0.3793000851331855,0.2944319718957433,0.0,0.2944319718957433,0.4732460902450878,0.4059529208465313,1.19165350831793,0.5766464720249683,0.0,4.0,20.0,0.3
5.641999999999601,-0.38331404213251075,-0.06492188479869601,-0.37903834377710605,0.29581047718423775,0.0,0.29581047718423775,0.47327026231799424,0.4057219644712566,1.1916451177733152,0.5766460407724628,0.0,4.0,20.0,0.3
5.6519999999996,-0.3839384721042796,-0.060683910254317845,-0.3788398120859419,0.29754057042391796,0.0,0.29754057042391796,0.4732956404276655,0.4054373098766772,1.191778647239041,0.5766456068393282,0.0,4.0,20.0,0.3
5.6619999999995985,-0.3845135331362023,-0.05513923699212346,-0.3786970313451606,0.29898708826616177,0.0,0.29898708826616177,0.4733222840400549,0.40525132862575614,1.1913062731676218,0.5766451705030718,0.0,4.0,20.0,0.3
5.671999999999597,-0.38502111597454347,-0.0478659030341954,-0.3786027721016303,0.3008380973598579,0.0,0.3008380973598579,0.4733502376277641,0.4052640561929555,1.191423967695722,0.576644732043013,0.0,4.0,20.0,0.3
5.681999999999596,-0.3854506902905983,-0.03955548164549707,-0.3785644465675952,0.3024474920559618,0.0,0.3024474920559618,0.4733795284951747,0.40532274891452924,1.1911323458472611,0.5766442910488245,0.0,4.0,20.0,0.3
5.691999999999595,-0.3857887507837516,-0.029706279659283148,-0.3785720985437608,0.3035813080618759,0.0,0.3035813080618759,0.47341016557921106,0.4053802771350187,1.1900831528545845,0.5766438479252394,0.0,4.0,20.0,0.3
5.701999999999594,-0.3860240011134785,-0.019608814474201142,-0.37863448475116773,0.30586405675760153,0.0,0.30586405675760153,0.47344213811530855,0.4054366639588691,1.190609333255859,0.5766434022101495,0.0,4.0,20.0,0.3
5.711999999999593,-0.3861634094852285,-0.010120513091449717,-0.3787640497346472,0.3078688444999988,0.0,0.3078688444999988,0.47347541520227177,0.405491932032119,1.1907679973525325,0.5766429532458697,0.0,4.0,20.0,0.3
5.721999999999592,-0.3862095758959889,-0.0008889291061207026,-0.37895484854069983,0.30982165386192917,0.0,0.30982165386192917,0.4735099480133437,0.4055461035514947,1.1909291869307386,0.5766425012362988,0.0,4.0,20.0,0.3
5.731999999999591,-0.38615978063895323,0.008893415950218114,-0.37919043700217275,0.3114152872754126,0.0,0.3114152872754126,0.473545671607737,0.4055992002733254,1.1907157340958763,0.5766420468866582,0.0,4.0,20.0,0.3
5.74199999999959,-0.38600920763915886,0.019050252057888073,-0.379461841695708,0.31277582573341184,0.0,0.31277582573341184,0.4735825056114952,0.40565124352228105,1.190356251591306,0.5766415905689936,0.0,4.0,20.0,0.3
5.7519999999995886,-0.38576353487379855,0.027556342733932575,-0.3797970762118086,0.31422813127618454,0.0,0.31422813127618454,0.4736203545625893,0.4057022541999363,1.1903532780937152,0.576641131947531,0.0,3.0,20.0,0.3
5.7619999999995875,-0.385455217545891,0.03333942855293952,-0.38025455106283657,0.31513331530421024,0.0,0.31513331530421024,0.4736591105829647,0.4057522527931652,1.1898605085829408,0.5766406714755204,0.0,3.0,20.0,0.3
5.771999999999586,-0.38508217689248864,0.03970107675621733,-0.3807329156997099,0.3166101213932039,0.0,0.3166101213932039,0.4736986592131671,0.40580125938236933,1.1904866655522168,0.5766402097289537,0.0,3.0,20.0,0.3
5.781999999999585,-0.38465124286616414,0.04537187982210297,-0.3812354334777902,0.3171442840174521,0.0,0.3171442840174521,0.47373888071996395,0.40584929364954214,1.1901411607559078,0.5766397465604004,0.0,3.0,20.0,0.3
5.791999999999584,-0.3841626276342813,0.051073492437359994,-0.38173410699449245,0.31731774755370085,0.0,0.31731774755370085,0.47377965132502986,0.40589637488617375,1.1896615168058695,0.5766392829402408,0.0,3.0,20.0,0.3
5.801999999999583,-0.38362731225189317,0.05502085323378898,-0.382240130707992,0.3178048702927023,0.0,0.3178048702927023,0.4738208440768678,0.40594252200099884,1.19000667630977,0.576638818475175,0.0,3.0,20.0,0.3
5.811999999999582,-0.38305591371475883,0.05830639635721413,-0.38272711533693454,0.31768242266509195,0.0,0.31768242266509195,0.4738623310442384,0.40598775352759064,1.18988977815456,0.5766383540947451,0.0,3.0,20.0,0.3
5.821999999999581,-0.3824683234914515,0.05864176566775263,-0.3832189140444944,0.31839223297572633,0.0,0.31839223297572633,0.4739039858162926,0.40603208763180454,1.1913264792150107,0.5766378889753547,0.0,3.0,20.0,0.3
5.83199999999958,-0.3818909403476083,0.0569361457282056,-0.3837032919412133,0.31833339248966724,0.0,0.31833339248966724,0.4739456873282142,0.4060755421190737,1.192060984325312,0.5766374235420899,0.0,3.0,20.0,0.3
5.841999999999579,-0.3813344587415679,0.054603821355097504,-0.38415168625784957,0.3177276254787923,0.0,0.3177276254787923,0.4739873243368336,0.40611813444156014,1.19238294505402,0.5766369588203726,0.0,3.0,20.0,0.3
5.8519999999995775,-0.380814245440809,0.05041319957292115,-0.3845743745540882,0.31708720181695726,0.0,0.31708720181695726,0.47402879736439313,0.40615988170516387,1.1929816843461853,0.5766364944851858,0.0,3.0,20.0,0.3
5.861999999999576,-0.38033578552749997,0.046101237193697624,-0.3849382900043903,0.3160162647406339,0.0,0.3160162647406339,0.47407002057938746,0.4062008006763928,1.1932688617155993,0.576636031745595,0.0,3.0,20.0,0.3
5.871999999999575,-0.3799012767217677,0.04160332607860539,-0.38523339630516135,0.3144656536888703,0.0,0.3144656536888703,0.47411092229512275,0.4062409077890968,1.193137499648605,0.57663557102643,0.0,3.0,20.0,0.3
5.881999999999574,-0.37950923791860297,0.0378433061500906,-0.3854366294736552,0.3121489620480683,0.0,0.3121489620480683,0.47415144448982754,0.40628021915106743,1.1921445205504422,0.57663511322423,0.0,3.0,20.0,0.3
5.891999999999573,-0.37914965310769855,0.03447864347461398,-0.38553774062017504,0.31015012088223054,0.0,0.31015012088223054,0.4741915414222989,0.4063187505505076,1.191764647621454,0.5766346588188823,0.0,3.0,20.0,0.3
5.901999999999572,-0.3788328225375126,0.029587258421354817,-0.3855634221758752,0.3084158108284282,0.0,0.3084158108284282,0.47423117753372873,0.40635651746237206,1.1918755238648213,0.5766342069779609,0.0,3.0,20.0,0.3
5.911999999999571,-0.37857608672298393,0.02304431483104519,-0.38552461041579833,0.3067249476359034,0.0,0.3067249476359034,0.47427032851873047,0.40639353505458264,1.1921151303954145,0.5766337573990571,0.0,3.0,20.0,0.3
5.92199999999957,-0.37837537829431556,0.01813345149943163,-0.38537603405692317,0.30379977673049285,0.0,0.30379977673049285,0.47430898346375394,0.40642981819411983,1.1906426865259845,0.5766333117666727,0.0,3.0,20.0,0.3
5.931999999999569,-0.3782225049131292,0.013602944610425181,-0.38513063804610076,0.301220482207238,0.0,0.301220482207238,0.47434714355517377,0.4064653814529938,1.1896220257822312,0.5766328697490299,0.0,3.0,20.0,0.3
5.941999999999568,-0.3781179881021059,0.008331307975088884,-0.38480818823622054,0.29928462209118006,0.0,0.29928462209118006,0.4743848197172786,0.40650023911409666,1.1894215988570207,0.5766324307614812,0.0,3.0,20.0,0.3
5.9519999999995665,-0.37806753569191054,0.0026822658452945077,-0.38441520413265723,0.2977847602123655,0.0,0.2977847602123655,0.47442203209230094,0.4065344051769389,1.1897031084310532,0.5766319946613163,0.0,3.0,20.0,0.3
5.961999999999565,-0.37807965652234155,-0.004008717534394104,-0.38397557535616705,0.2964176125984367,0.0,0.2964176125984367,0.4744588105080577,0.40656789336327176,1.1899962022978445,0.5766315606811542,0.0,3.0,20.0,0.3
5.971999999999564,-0.37816497601187055,-0.01164883564703503,-0.38350688837306657,0.29540565948258857,0.0,0.29540565948258857,0.47449519536989443,0.4066007171225982,1.1905685305712266,0.5766311282492671,0.0,3.0,20.0,0.3
5.981999999999563,-0.3783251523295953,-0.018957695788505372,-0.3830069959067144,0.2942645721956186,0.0,0.2942645721956186,0.4745312388185771,0.40663288963757444,1.1907026874158793,0.5766306974754593,0.0,3.0,20.0,0.3
5.991999999999562,-0.37855086341605826,-0.024932841053274847,-0.3824712753337085,0.2931776788330912,0.0,0.2931776788330912,0.4745670042133492,0.4066644238293043,1.190623065300169,0.5766302685599273,0.0,3.0,20.0,0.3
6.001999999999561,-0.3788303411945443,-0.030367917498626013,-0.381932082985493,0.29162588625892794,0.0,0.29162588625892794,0.47460256357464664,0.40669533236252864,1.1895783453286535,0.5766298414290673,0.0,4.0,20.0,0.3
6.01199999999956,-0.37918128270281165,-0.038008563190655535,-0.38149556618390695,0.29131071594820657,0.0,0.29131071594820657,0.4746379953046658,0.4067256276507119,1.1899427640522033,0.5766294153512631,0.0,4.0,20.0,0.3
6.021999999999559,-0.3795947144289604,-0.04304812857321063,-0.3810532811336832,0.29044469932332634,0.0,0.29044469932332634,0.4746733859344011,0.4067553218610273,1.189206851339276,0.5766289900541459,0.0,4.0,20.0,0.3
6.031999999999558,-0.38004394111820283,-0.04588824273301772,-0.38060799836055326,0.29037175072449645,0.0,0.29037175072449645,0.47470882811463544,0.4067844269192438,1.189248086579091,0.5766285654179862,0.0,4.0,20.0,0.3
6.041999999999557,-0.38051001469066803,-0.046914358301192,-0.3801668837665372,0.2903380334143818,0.0,0.2903380334143818,0.4747444152989069,0.40681295451451527,1.1890136354740588,0.5766281411068598,0.0,4.0,20.0,0.3
6.0519999999995555,-0.380982484986182,-0.04743346796774652,-0.37975202636542077,0.2910857852225601,0.0,0.2910857852225601,0.4747802378977126,0.40684091610407536,1.18955094792453,0.5766277160731147,0.0,4.0,20.0,0.3
6.061999999999554,-0.3814532620945196,-0.04665180570958844,-0.37936302175901615,0.29144319487640163,0.0,0.29144319487640163,0.4748163812968395,0.40686832291783886,1.1892321587916008,0.5766272903021885,0.0,4.0,20.0,0.3
6.071999999999553,-0.3819072993960786,-0.0443471189524587,-0.37900073124832123,0.29195218069078765,0.0,0.29195218069078765,0.4748529243617667,0.4068951859629121,1.1888366629333191,0.5766268637239362,0.0,4.0,20.0,0.3
6.081999999999552,-0.3823308397536472,-0.04075617118373198,-0.3786707108592865,0.29277811457686104,0.0,0.29277811457686104,0.47488993701903937,0.4069215160280131,1.1886228754081125,0.5766264360445452,0.0,4.0,20.0,0.3
6.091999999999551,-0.3827137509349006,-0.03666574583237803,-0.37838538970712976,0.29427187494365303,0.0,0.29427187494365303,0.4749274781224113,0.40694732368780484,1.1891139081627355,0.5766260066419929,0.0,4.0,20.0,0.3
6.10199999999955,-0.3830547239388269,-0.03244601110578751,-0.37815631502818214,0.29595317269253274,0.0,0.29595317269253274,0.4749655943377722,0.4069726193071424,1.1896710903232235,0.5766255749163687,0.0,4.0,20.0,0.3
6.111999999999549,-0.38334766556547123,-0.02694481077107321,-0.37797363055765376,0.2969549644895146,0.0,0.2969549644895146,0.475004320433047,0.4069974130452355,1.1891176452863252,0.5766251412639338,0.0,4.0,20.0,0.3
6.121999999999548,-0.3835760943024946,-0.020211048104442318,-0.3778327442416551,0.29869729615466867,0.0,0.29869729615466867,0.47504367868310443,0.40702171485972855,1.1894853355356652,0.5766247058525809,0.0,4.0,20.0,0.3
6.131999999999547,-0.38374087366511916,-0.013898549740202614,-0.3777553205244702,0.30034959990917526,0.0,0.30034959990917526,0.47508367707426896,0.40704553451069997,1.1896547208137607,0.5766242676061981,0.0,4.0,20.0,0.3
6.141999999999546,-0.3838301060374808,-0.005374862945698236,-0.37770594011224706,0.30090782478131894,0.0,0.30090782478131894,0.47512430978471054,0.407068881564582,1.1882652733233052,0.576623828122855,0.0,4.0,20.0,0.3
6.1519999999995445,-0.3838274350061377,0.004096301585230621,-0.37768741734990074,0.3019530961094898,0.0,0.3019530961094898,0.4751655560237862,0.4070917653980027,1.1875809480021255,0.5766233872204259,0.0,3.0,20.0,0.3
6.161999999999543,-0.3837310021661675,0.013475606424051805,-0.3777106734436732,0.3031541047895538,0.0,0.3031541047895538,0.4752073782210913,0.40711419520155195,1.1871858375751403,0.5766229446562919,0.0,3.0,20.0,0.3
6.171999999999542,-0.38354373299836453,0.02202469722158932,-0.3777838787729932,0.30458475465699597,0.0,0.30458475465699597,0.47524972255569553,0.4071361799834724,1.1872302219251067,0.5766225002921359,0.0,3.0,20.0,0.3
6.181999999999541,-0.38327694957904346,0.029770207391496915,-0.37790618925947794,0.30551708507633996,0.0,0.30551708507633996,0.47529252085804174,0.4071410036266902,1.186720434286455,0.5766220540942589,0.0,3.0,20.0,0.3
6.19199999999954,-0.3829357534564944,0.036795714985183525,-0.3780697394530284,0.3068535775815918,0.0,0.3068535775815918,0.47533569351415583,0.40714816287903555,1.1869819753933966,0.5766216062884528,0.0,3.0,20.0,0.3
6.201999999999539,-0.38252892917137143,0.04331494807253761,-0.37826583436618294,0.30752002178127236,0.0,0.30752002178127236,0.4753791515936007,0.40699373688698237,1.186379997873697,0.5766211571307588,0.0,3.0,20.0,0.3
6.211999999999538,-0.3820649359365258,0.04830463833722021,-0.37850008516010847,0.308713170499596,0.0,0.308713170499596,0.47542279905615303,0.4067487335130617,1.1867577157289961,0.576620706388625,0.0,3.0,20.0,0.3
6.221999999999537,-0.38156091407911163,0.05148201603132367,-0.3787734704346664,0.3100335020340329,0.0,0.3100335020340329,0.475466535182158,0.4063146200881628,1.1873259103615508,0.5766202539823942,0.0,3.0,20.0,0.3
6.231999999999536,-0.3810313170427389,0.05395145603990939,-0.37906646459325516,0.31019989477684534,0.0,0.31019989477684534,0.47551025817326464,0.4057938573196093,1.1865186543702506,0.5766198005552006,0.0,3.0,20.0,0.3
6.241999999999535,-0.3804799636928667,0.055822011422140654,-0.37936461428707435,0.31062866602124123,0.0,0.31062866602124123,0.47555386791906296,0.40540611747084926,1.1864792152060246,0.5766193466019138,0.0,3.0,20.0,0.3
6.2519999999995335,-0.37991839428289625,0.05618010613312298,-0.37967196078988635,0.3110588112826286,0.0,0.3110588112826286,0.4755972670694303,0.405089603491027,1.1868285681963007,0.5766188919734276,0.0,3.0,20.0,0.3
6.261999999999532,-0.379358832452227,0.055706109116085076,-0.3799727373394586,0.3109688195904922,0.0,0.3109688195904922,0.47564036306599944,0.40481132599378644,1.1867799054228814,0.5766184372172067,0.0,3.0,20.0,0.3
6.271999999999531,-0.37880993435449767,0.054424457117993166,-0.3802577729323039,0.310570439728704,0.0,0.310570439728704,0.4756830702236748,0.4044705676853589,1.1865731405011397,0.5766179826663718,0.0,3.0,20.0,0.3
6.28199999999953,-0.37827704609226087,0.05241477133668743,-0.38051580258048173,0.31019648482452544,0.0,0.31019648482452544,0.47572531096556786,0.40404187764017424,1.186617260720454,0.5766175287434554,0.0,3.0,20.0,0.3
6.291999999999529,-0.3777729884687441,0.04875739728838185,-0.38075482327256027,0.3102179389331828,0.0,0.3102179389331828,0.47576701663351245,0.4034244556515314,1.187293405087586,0.5766170751963824,0.0,3.0,20.0,0.3
6.301999999999528,-0.37731603803035074,0.04345188374580257,-0.3809762130315533,0.3098758907851001,0.0,0.3098758907851001,0.47580812943248213,0.4025880695139747,1.1874802017892447,0.5766166219956642,0.0,3.0,20.0,0.3
6.311999999999527,-0.3769154562631188,0.03807191279155044,-0.3811565016919178,0.30851195456444264,0.0,0.30851195456444264,0.4758486050708432,0.40142388346767865,1.186046309054313,0.5766161699920163,0.0,3.0,20.0,0.3
6.321999999999526,-0.376566071150399,0.032425891819854065,-0.3812868781000525,0.3081520420740095,0.0,0.3081520420740095,0.4758884134210597,0.4003706451461052,1.186219095497959,0.5766157195584009,0.0,3.0,20.0,0.3
6.331999999999525,-0.37628626176511293,0.025043823797554245,-0.3813933872339977,0.3072503304890691,0.0,0.3072503304890691,0.47592753753714717,0.39939141837606795,1.1858915837537995,0.5766152698172964,0.0,3.0,20.0,0.3
6.341999999999524,-0.3760787898601635,0.017741000341571327,-0.3814509947717168,0.3062211529312679,0.0,0.3062211529312679,0.4759659753944796,0.3983518922521785,1.185387188426418,0.5766148216916653,0.0,3.0,20.0,0.3
6.3519999999995225,-0.37594768029126757,0.00999519376824326,-0.3814678952179186,0.3051853677720887,0.0,0.3051853677720887,0.476003739908707,0.39743787832871574,1.1850225874106666,0.5766143749452567,0.0,3.0,20.0,0.3
6.361999999999521,-0.3758978844767503,0.0015283278369639455,-0.38145198186835727,0.30448783260889295,0.0,0.30448783260889295,0.4760408585966703,0.39639980459864405,1.1850095107238474,0.5766139293471862,0.0,3.0,20.0,0.3
6.37199999999952,-0.3759331975677233,-0.006813183019266887,-0.38139801669648943,0.3034982579770767,0.0,0.3034982579770767,0.47607737355728674,0.39538982055928873,1.184576481544162,0.5766134851190301,0.0,3.0,20.0,0.3
6.381999999999519,-0.3760477965981962,-0.014802148856280558,-0.381304170926068,0.3027563904692959,0.0,0.3027563904692959,0.4761133409492799,0.39441178359918794,1.1843597800107821,0.5766130423755192,0.0,3.0,20.0,0.3
6.391999999999518,-0.3762468112423402,-0.02350836227937511,-0.38119490452173044,0.3024165469837195,0.0,0.3024165469837195,0.47614882931037467,0.39343901011748034,1.1846103372975432,0.5766126002909754,0.0,3.0,20.0,0.3
6.401999999999517,-0.3765328953209274,-0.03192720323521702,-0.38107170998383133,0.30124686000392487,0.0,0.30124686000392487,0.4761839193953587,0.39242815767535727,1.1834804754185435,0.5766121590944127,0.0,4.0,20.0,0.3
6.411999999999516,-0.37689818027190247,-0.039470477093408396,-0.3809450316368464,0.30062810393406003,0.0,0.30062810393406003,0.476218703641823,0.39131153846738487,1.1828804631103689,0.5766117193806416,0.0,4.0,20.0,0.3
6.421999999999515,-0.3773353722380898,-0.04645264491166334,-0.3808097057080354,0.3003798546597823,0.0,0.3003798546597823,0.47625328395086597,0.3897859899793667,1.1821406440862212,0.5766112802245373,0.0,4.0,20.0,0.3
6.431999999999514,-0.3778456199072734,-0.05407528923333325,-0.38069063833582534,0.300944155541064,0.0,0.300944155541064,0.47628776965367825,0.38826002249831765,1.1822321228650117,0.5766108404607858,0.0,4.0,20.0,0.3
6.441999999999513,-0.3784373218783416,-0.06264727553681113,-0.38060801954039114,0.30222138650802693,0.0,0.30222138650802693,0.47632227711658065,0.3865627271649942,1.1829334584872644,0.576610399116416,0.0,4.0,20.0,0.3
6.4519999999995115,-0.379112843555017,-0.07055909641217553,-0.3805578522610821,0.3030801285673491,0.0,0.3030801285673491,0.47635693065443196,0.3849660693559145,1.1827461767937844,0.5766099563332283,0.0,4.0,20.0,0.3
6.46199999999951,-0.3798587112595339,-0.07724291661261083,-0.38053863161192153,0.30453212532254426,0.0,0.30453212532254426,0.476391862071487,0.3833736844994104,1.1831160814766246,0.5766095121487955,0.0,4.0,20.0,0.3
6.471999999999509,-0.3806662239859287,-0.08270183144427684,-0.3805582046908772,0.30537359223023897,0.0,0.30537359223023897,0.476427207857431,0.38232572207338983,1.1827538509376991,0.5766090661514172,0.0,4.0,20.0,0.3
6.481999999999508,-0.38151022903788123,-0.0852142957081972,-0.3805953189415579,0.3059403548775237,0.0,0.3059403548775237,0.4764631065281912,0.3817248865276397,1.1821892534578655,0.5766086193024641,0.0,4.0,20.0,0.3
6.491999999999507,-0.38236398618893525,-0.08513750573172114,-0.38065030885370915,0.30655299216975196,0.0,0.30655299216975196,0.4764996938746386,0.38097080634732117,1.1814204582223176,0.5766081715648248,0.0,4.0,20.0,0.3
6.501999999999506,-0.3832051347091682,-0.08351131455962627,-0.3807328613244362,0.30795993169337155,0.0,0.30795993169337155,0.4765370977779066,0.3799916560900982,1.1812027341735176,0.576607722464168,0.0,4.0,20.0,0.3
6.511999999999505,-0.38402754880605294,-0.08115256864904942,-0.3808588388047859,0.3091812642645393,0.0,0.3091812642645393,0.4765754346290117,0.3791172995301622,1.1805033457148135,0.5766072712129522,0.0,4.0,20.0,0.3
6.521999999999504,-0.3848219284270773,-0.07808600637687581,-0.38103215408102686,0.31079244671173956,0.0,0.31079244671173956,0.4766148083282731,0.3783154542576279,1.1802909995584072,0.576606817578347,0.0,4.0,20.0,0.3
6.531999999999503,-0.3855814930054278,-0.07460802779590131,-0.3812597985403805,0.31320345367224833,0.0,0.31320345367224833,0.47665530937765854,0.37721030161691477,1.1807228190848518,0.5766063611765591,0.0,4.0,20.0,0.3
6.5419999999995015,-0.38630771067773984,-0.07119096240668304,-0.38155410123736055,0.31539891741913256,0.0,0.31539891741913256,0.4766970145591797,0.37615854311863417,1.1807173759220064,0.5766059013579051,0.0,4.0,20.0,0.3
6.5519999999995004,-0.3869976711315664,-0.06748864465049453,-0.3819140723399903,0.3179077065183211,0.0,0.3179077065183211,0.47673998774062964,0.37526735262743083,1.1811162188135924,0.5766054380928259,0.0,4.0,20.0,0.3
6.561999999999499,-0.3876500242377312,-0.06372134919646567,-0.3823442469644297,0.32036651472262784,0.0,0.32036651472262784,0.4767842802877885,0.3746599156984833,1.181665294645587,0.5766049710899842,0.0,4.0,20.0,0.3
6.571999999999498,-0.38825282933732513,-0.05769409284710593,-0.3828143219454395,0.32175827559687237,0.0,0.32175827559687237,0.4768299314167809,0.3741529034625093,1.1808517279040507,0.5766045016950047,0.0,4.0,20.0,0.3
6.581999999999497,-0.3887942818133174,-0.05186910467669696,-0.3833438569536907,0.32436835493397975,0.0,0.32436835493397975,0.47687696674794233,0.3735447476952514,1.1815991987392747,0.5766040289438308,0.0,4.0,20.0,0.3
6.591999999999496,-0.38927633935215894,-0.0456881187187977,-0.3839253942207796,0.3262127319764866,0.0,0.3262127319764866,0.47692539719282534,0.373214237890795,1.1816202983008248,0.5766035531142879,0.0,4.0,20.0,0.3
6.601999999999495,-0.38969532591573897,-0.03929002494641818,-0.3845540860312612,0.32803642659925164,0.0,0.32803642659925164,0.4769752199602301,0.37301717838960097,1.181827683276994,0.5766030743758886,0.0,4.0,20.0,0.3
6.611999999999494,-0.3900395162193744,-0.031008150519610568,-0.38519857187653245,0.32892229244647175,0.0,0.32892229244647175,0.4770264187712612,0.37278791522983545,1.1808967233830894,0.5766025941533769,0.0,4.0,20.0,0.3
6.621999999999493,-0.3903017374464257,-0.02318846469274733,-0.38587302964905495,0.33058681025898096,0.0,0.33058681025898096,0.4770789626469367,0.37233056270463133,1.1809212853590065,0.5766021117631053,0.0,4.0,20.0,0.3
6.631999999999492,-0.3904924657104174,-0.016276092440429407,-0.38657966664616156,0.3320658462256043,0.0,0.3320658462256043,0.4771328058364715,0.37202277604599127,1.1811149930940332,0.5766016270612729,0.0,4.0,20.0,0.3
6.6419999999994905,-0.39061380961421827,-0.009577894876568877,-0.3873017807192379,0.3330864947495224,0.0,0.3330864947495224,0.4771878903375328,0.37142356392920517,1.180635607945438,0.5766011408029428,0.0,4.0,20.0,0.3
6.651999999999489,-0.3906762975353326,-0.004083078216669464,-0.3880452860979934,0.3342971069910987,0.0,0.3342971069910987,0.47724414763291684,0.3708810184602983,1.1805711282255131,0.5766006526875272,0.0,4.0,20.0,0.3
6.661999999999488,-0.39069020531760335,0.0002587581071893802,-0.38880361220296566,0.3353010880238184,0.0,0.3353010880238184,0.47730150123312143,0.3706470283036016,1.1808672128035687,0.5766001630024828,0.0,4.0,20.0,0.3
6.671999999999487,-0.39066848995130826,0.003343092307619283,-0.38957296968127025,0.3361778410342589,0.0,0.3361778410342589,0.47735986940406255,0.37046903874734527,1.1813430352854548,0.57659967190842,0.0,4.0,20.0,0.3
6.681999999999486,-0.3906184361994006,0.005953130078281427,-0.39033606099334206,0.33647641560942854,0.0,0.33647641560942854,0.47741916794406825,0.37052118107133847,1.1815192276444826,0.5765991802101259,0.0,4.0,20.0,0.3
6.691999999999485,-0.3905444702906326,0.008294584825350743,-0.3910802386265329,0.3362390731866802,0.0,0.3362390731866802,0.4774793119416741,0.3708921649221145,1.1815446522647388,0.576598688511161,0.0,4.0,20.0,0.3
6.701999999999484,-0.390448946180796,0.009310974532742052,-0.3918315597960286,0.3353619638399735,0.0,0.3353619638399735,0.47754021667897645,0.3714630900700627,1.1812589821790547,0.5765981977722499,0.0,3.0,20.0,0.3
6.711999999999483,-0.3903793586099486,0.005726831701260548,-0.39271279215931654,0.33455440287402594,0.0,0.33455440287402594,0.47760179927049523,0.37188213600558245,1.1812565175756145,0.5765977081516007,0.0,3.0,20.0,0.3
6.721999999999482,-0.39033266469776934,0.004084433446688383,-0.39352872111876125,0.3335782851036565,0.0,0.3335782851036565,0.47766398561451456,0.3722549244233388,1.1812488189488721,0.5765972198216146,0.0,3.0,20.0,0.3
6.731999999999481,-0.39029875407228415,0.003044895222270236,-0.39427567431775157,0.33233361467875094,0.0,0.33233361467875094,0.47772671060514327,0.3725713669098746,1.1810917603029014,0.5765967329882601,0.0,3.0,20.0,0.3
6.7419999999994795,-0.39026494493658626,0.003649226475741039,-0.3949190852487787,0.3302779461325456,0.0,0.3302779461325456,0.47778991542591015,0.37305998860636547,1.1801270975966691,0.5765962489612708,0.0,3.0,20.0,0.3
6.751999999999478,-0.39022378596743656,0.004541729498783696,-0.39546064568772604,0.3281255111213986,0.0,0.3281255111213986,0.47785354492323434,0.37367362643312774,1.1795126327060772,0.5765957678013548,0.0,3.0,20.0,0.3
6.761999999999477,-0.3901737312705681,0.00500765041508075,-0.3958997015108676,0.3264536777077341,0.0,0.3264536777077341,0.477917545862672,0.3741969511936437,1.1796054918204604,0.5765952896561268,0.0,3.0,20.0,0.3
6.771999999999476,-0.3901334447109503,0.0033069222773107407,-0.39626478650581914,0.32475936784778836,0.0,0.32475936784778836,0.47798186694373856,0.374872035121617,1.1800131272714756,0.5765948136261301,0.0,3.0,20.0,0.3
6.781999999999475,-0.3901146743838935,0.0007095689350173663,-0.3965428935459265,0.32313239842492386,0.0,0.32313239842492386,0.47804646173871274,0.3755337249532689,1.1806165638243307,0.5765943402632612,0.0,3.0,20.0,0.3
6.791999999999474,-0.39012921205833323,-0.0030137164855250503,-0.3967425928254713,0.3214357094497297,0.0,0.3214357094497297,0.4781112909696685,0.3761822864360257,1.181179157189171,0.5765938693625975,0.0,3.0,20.0,0.3
6.801999999999473,-0.39018159759502513,-0.006292568927345529,-0.39684511609689394,0.3188096004654825,0.0,0.3188096004654825,0.47817632419621886,0.3768179800447147,1.180451451149377,0.5765934015794851,0.0,4.0,20.0,0.3
6.811999999999472,-0.3902688486166215,-0.010748486124997122,-0.3968700392260164,0.31779581555034075,0.0,0.31779581555034075,0.4782415399362835,0.37744106108617637,1.181947521607072,0.5765929362522393,0.0,4.0,20.0,0.3
6.821999999999471,-0.39040983893312775,-0.01618187546180731,-0.3968432176254278,0.31558648061111627,0.0,0.31558648061111627,0.47830692530490093,0.3780517798018006,1.1816898952128734,0.5765924733373347,0.0,4.0,20.0,0.3
6.83199999999947,-0.39059421001025624,-0.019998758715037215,-0.396734874016121,0.3132009576542207,0.0,0.3132009576542207,0.4783724780009416,0.3786283561263292,1.181067186090015,0.5765920143071075,0.0,4.0,20.0,0.3
6.8419999999994685,-0.390818414679871,-0.02414514222524866,-0.39657115082620775,0.3114773881387027,0.0,0.3114773881387027,0.4784382043606584,0.37892179809234494,1.1809518892649125,0.5765915580217126,0.0,4.0,20.0,0.3
6.851999999999467,-0.3910870044090034,-0.028687669579017562,-0.3963636395294826,0.3100693450647696,0.0,0.3100693450647696,0.47850411800842724,0.37932751283147764,1.1811738000603904,0.5765911039971199,0.0,4.0,20.0,0.3
6.861999999999466,-0.39139789818151544,-0.03255596820956556,-0.3961086444554271,0.3080898801281516,0.0,0.3080898801281516,0.4785702400051746,0.3798572334432285,1.180490032088523,0.5765906524582558,0.0,4.0,20.0,0.3
6.871999999999465,-0.39174160220175186,-0.035691787401174666,-0.39581032344918426,0.3068160785812584,0.0,0.3068160785812584,0.4786365978710083,0.38040517024462867,1.1806171022331633,0.5765902032674894,0.0,4.0,20.0,0.3
6.881999999999464,-0.39211591570654025,-0.038633916464264444,-0.39548468503873624,0.3059249994562257,0.0,0.3059249994562257,0.4787032236325331,0.3809261313583961,1.1810121075531101,0.5765897557167725,0.0,4.0,20.0,0.3
6.891999999999463,-0.3925225203299223,-0.04194668592424379,-0.39515102146287734,0.30542946841216734,0.0,0.30542946841216734,0.47877015293820063,0.38144368996915134,1.1816624566932104,0.5765893089265841,0.0,4.0,20.0,0.3
6.901999999999462,-0.3929557357825544,-0.04410255636617608,-0.39480151249004714,0.3046680615376358,0.0,0.3046680615376358,0.47883742488193176,0.38191723522314336,1.1816208974406706,0.5765888632753167,0.0,4.0,20.0,0.3
6.911999999999461,-0.39340316355343624,-0.04497794399697941,-0.3944400850068723,0.30385719850705817,0.0,0.30385719850705817,0.4789050806935709,0.38243914378486354,1.1812705805305967,0.5765884185960577,0.0,4.0,20.0,0.3
6.92199999999946,-0.39385016600742223,-0.04441170794996629,-0.39406884227522937,0.3033691424245952,0.0,0.3033691424245952,0.4789731611692962,0.3829506973473653,1.1810736475466503,0.5765879748044305,0.0,4.0,20.0,0.3
6.931999999999459,-0.39428734837054935,-0.04323689314438949,-0.3937037086169692,0.30353223772170934,0.0,0.30353223772170934,0.47904170399095075,0.38345210136044705,1.1814971823999632,0.5765875311598058,0.0,4.0,20.0,0.3
6.9419999999994575,-0.3947091746275003,-0.0415327477683693,-0.39335400543914834,0.3039575944633222,0.0,0.3039575944633222,0.4791107420218063,0.38394355719765194,1.182008211609373,0.5765870872144783,0.0,4.0,20.0,0.3
6.951999999999456,-0.39510894476706737,-0.03873690518960745,-0.39302048123987193,0.3041330315108456,0.0,0.3041330315108456,0.47918030249709087,0.3844252622371435,1.1819058896240358,0.5765866429118757,0.0,4.0,20.0,0.3
6.961999999999455,-0.3954751268486272,-0.03522579877267024,-0.39271040489761616,0.3049014669092224,0.0,0.3049014669092224,0.47925040590276513,0.3848974099409764,1.182393196893422,0.5765861978937488,0.0,4.0,20.0,0.3
6.971999999999454,-0.3958000148978647,-0.03034954103447139,-0.3924207901752582,0.30485820958229604,0.0,0.30485820958229604,0.4793210644223751,0.38536018993279453,1.1815296705557627,0.5765857522687506,0.0,4.0,20.0,0.3
6.981999999999453,-0.3960643225552891,-0.023589413508631925,-0.3921417893237875,0.30504768176541835,0.0,0.30504768176541835,0.4793922806393575,0.38581378807398764,1.1808110285193385,0.576585306481169,0.0,4.0,20.0,0.3
6.991999999999452,-0.3962579740290042,-0.016437383258275165,-0.39188978086814863,0.30574512175846613,0.0,0.30574512175846613,0.47946404480888655,0.3862583865383369,1.18065980890992,0.5765848597458166,0.0,4.0,20.0,0.3
7.001999999999451,-0.39637592471504546,-0.008647049746400223,-0.39166322538201104,0.30644484661096466,0.0,0.30644484661096466,0.47953633366580817,0.386694163885179,1.1804060190662704,0.5765844121029253,0.0,4.0,20.0,0.3
7.01199999999945,-0.39641315943800565,-0.0005530421273020059,-0.3914652950057701,0.30745141163295253,0.0,0.30745141163295253,0.4796091103156605,0.3871212951311197,1.1805163103714285,0.5765839633737154,0.0,4.0,20.0,0.3
7.021999999999449,-0.3963696969316482,0.007497086798001484,-0.3913005514601532,0.3084098753336091,0.0,0.3084098753336091,0.47968232429641755,0.38753995182032314,1.1805339333722498,0.5765835133079298,0.0,4.0,20.0,0.3
7.031999999999448,-0.39625129208943527,0.014853949849937854,-0.3911786032582041,0.30936355301242496,0.0,0.30936355301242496,0.47975591257663286,0.38795030209340803,1.1805582119281688,0.5765830614109916,0.0,4.0,20.0,0.3
7.0419999999994465,-0.39605950897987247,0.022189029017225838,-0.3910902482807382,0.31042108189267326,0.0,0.31042108189267326,0.47982980134397596,0.3883525107549755,1.180778979745382,0.5765826080689276,0.0,4.0,20.0,0.3
7.051999999999445,-0.3957911199000044,0.03006923809870457,-0.3910207556797886,0.3109362515023273,0.0,0.3109362515023273,0.4799039071368453,0.3887467393397983,1.18032931406192,0.576582153752667,0.0,3.0,20.0,0.3
7.061999999999444,-0.39543988195407787,0.03845567594302438,-0.3909565283703123,0.31137577358613555,0.0,0.31137577358613555,0.47997813695460056,0.3891331461776962,1.179898162898356,0.576581698703985,0.0,3.0,20.0,0.3
7.071999999999443,-0.39500427285397444,0.046707228311712416,-0.39090523704611646,0.31184921732837484,0.0,0.31184921732837484,0.4800523879334848,0.38951188645712403,1.1796734429843132,0.576581243271757,0.0,3.0,20.0,0.3
7.081999999999442,-0.39449556197563085,0.05330469280919684,-0.3908843787349127,0.31257342352392836,0.0,0.31257342352392836,0.48012654794748905,0.3898831122874987,1.1799894517150182,0.5765807868183702,0.0,3.0,20.0,0.3
7.091999999999441,-0.3939364166412696,0.05759552717659981,-0.39090688986109173,0.31338475532172005,0.0,0.31338475532172005,0.4802004985208233,0.39024697276028897,1.180640182194199,0.576580328845073,0.0,3.0,20.0,0.3
7.10199999999944,-0.39333992632750236,0.06099623497502187,-0.39095140180168536,0.31394953535027903,0.0,0.31394953535027903,0.4802741193621059,0.3906036140088937,1.1811761942965933,0.576579870062218,0.0,3.0,20.0,0.3
7.111999999999439,-0.3927103117386384,0.06407864297784324,-0.39100063443954414,0.3141340330859849,0.0,0.3141340330859849,0.48034729120320097,0.39095317926733186,1.181424362833149,0.5765794110600468,0.0,3.0,20.0,0.3
7.121999999999438,-0.3920543638280264,0.06669875742072555,-0.39104795479029525,0.31371536907995207,0.0,0.31371536907995207,0.48041989690990083,0.39129580892776794,1.1810814461541035,0.576578952064613,0.0,3.0,20.0,0.3
7.131999999999437,-0.39137314688603975,0.06904189610500545,-0.3910784083196433,0.3133518928552926,0.0,0.3133518928552926,0.4804918224973545,0.39163164059689626,1.1810736237660127,0.5765784936136489,0.0,3.0,20.0,0.3
7.1419999999994355,-0.390670327847912,0.07107628923247586,-0.39108180418813343,0.31260368426943147,0.0,0.31260368426943147,0.48056295745601063,0.3919608091512063,1.1807842322424422,0.5765780360881535,0.0,3.0,20.0,0.3
7.151999999999434,-0.3899506362227358,0.07254577953880875,-0.391051987276488,0.31163328598583123,0.0,0.31163328598583123,0.480633195285047,0.3922834467911519,1.1804349645053336,0.5765775797386911,0.0,3.0,20.0,0.3
7.161999999999433,-0.38920951662262465,0.07502050205114313,-0.39095344635314744,0.3100910513058521,0.0,0.3100910513058521,0.48070243406172514,0.3925996830942456,1.1795266809720188,0.5765771258668103,0.0,3.0,20.0,0.3
7.171999999999432,-0.38846097306911836,0.07431902193292314,-0.3908385809314369,0.3096982997121285,0.0,0.3096982997121285,0.4807705758109814,0.39290964506709913,1.1804545704502285,0.57657667269469,0.0,3.0,20.0,0.3
7.181999999999431,-0.3877282600809042,0.07241968724916101,-0.3906878385004191,0.30853667728401546,0.0,0.30853667728401546,0.4808375289097758,0.393213457196432,1.180508339124956,0.5765762209297565,0.0,3.0,20.0,0.3
7.19199999999943,-0.3870208860435062,0.06952861089484612,-0.3904963297080416,0.3073310864765492,0.0,0.3073310864765492,0.4809032119108568,0.3935112414990678,1.1806760324137735,0.5765757707898692,0.0,3.0,20.0,0.3
7.201999999999429,-0.38634689568425684,0.06577866118135343,-0.3902606449920825,0.30624857312015313,0.0,0.30624857312015313,0.48096755494702487,0.39380311757093817,1.1811610853635692,0.5765753224456304,0.0,3.0,20.0,0.3
7.211999999999428,-0.38571400423789215,0.06158383922927986,-0.38997521981782013,0.3046604886642483,0.0,0.3046604886642483,0.48103050064298253,0.39408920263511515,1.1810497108627136,0.5765748761439707,0.0,3.0,20.0,0.3
7.221999999999427,-0.3851265274152394,0.05692736890028447,-0.38963949435093215,0.30314904845101787,0.0,0.30314904845101787,0.48109200473245894,0.3943696115888904,1.181121678265413,0.5765744319635274,0.0,3.0,20.0,0.3
7.2319999999994256,-0.3845859114063661,0.051999997786862734,-0.3892501102968341,0.3017919543981394,0.0,0.3017919543981394,0.4811520360392774,0.3946444570499196,1.181449426196506,0.5765739900857566,0.0,3.0,20.0,0.3
7.2419999999994245,-0.38409746579433,0.046696261008626755,-0.3888120964758177,0.30021897792202834,0.0,0.30021897792202834,0.4812105760947266,0.3949138494014524,1.1814770234282432,0.5765735503917843,0.0,3.0,20.0,0.3
7.251999999999423,-0.3836641946225504,0.040940453255352685,-0.3883303681343816,0.2989342008639351,0.0,0.2989342008639351,0.48126761914246485,0.3951778968366642,1.1818727557834219,0.5765731127659224,0.0,3.0,20.0,0.3
7.261999999999422,-0.3832919180528031,0.034782053150740885,-0.3878120064236933,0.2975752286629402,0.0,0.2975752286629402,0.4813231720462273,0.3954367054021089,1.1820917449125694,0.5765726770050337,0.0,3.0,20.0,0.3
7.271999999999421,-0.3829773036258472,0.02955596771855905,-0.3872429107319574,0.2955524862560052,0.0,0.2955524862560052,0.4813772543172452,0.39569037904030857,1.1812733652259269,0.5765722436516286,0.0,3.0,20.0,0.3
7.28199999999942,-0.38270824378848123,0.024956976124375797,-0.38662565777217545,0.29448610271593634,0.0,0.29448610271593634,0.4814298965141704,0.39593901963149974,1.1816556158618339,0.5765718126810796,0.0,3.0,20.0,0.3
7.291999999999419,-0.38248416576593697,0.020871858550394837,-0.38596976978732805,0.29266222003318915,0.0,0.29266222003318915,0.48148113764679984,0.3961827270345497,1.1808103370530123,0.576571383803388,0.0,3.0,20.0,0.3
7.301999999999418,-0.3822953337567059,0.017446473776195313,-0.3852762768183566,0.29153725214428433,0.0,0.29153725214428433,0.48153102390013724,0.3964215991270621,1.1807528402901097,0.5765709570330402,0.0,3.0,20.0,0.3
7.311999999999417,-0.3821468782234241,0.013205284781214743,-0.38457842595854375,0.2909044144003977,0.0,0.2909044144003977,0.4815796068030559,0.3966557318446864,1.1811720762882092,0.5765705312283614,0.0,3.0,20.0,0.3
7.321999999999416,-0.3820338386905656,0.009966611989402872,-0.38386075104307876,0.290239103962744,0.0,0.290239103962744,0.48162694325927013,0.3968852192196476,1.1813161115404887,0.5765701069465324,0.0,3.0,20.0,0.3
7.3319999999994145,-0.3819595322075926,0.005761896622088602,-0.3831629266589023,0.2900733225550853,0.0,0.2900733225550853,0.4816730945702177,0.3971101534185111,1.1819167956988201,0.5765696827993941,0.0,3.0,20.0,0.3
7.341999999999413,-0.3819235970157957,0.0022524859492737727,-0.38247558421332856,0.2897758768321657,0.0,0.2897758768321657,0.48171812643672074,0.39733062477919895,1.1820806041994225,0.5765692590956295,0.0,3.0,20.0,0.3
7.351999999999412,-0.38192448449027405,-0.0022554456204884783,-0.3818479611778733,0.2898323780130845,0.0,0.2898323780130845,0.4817621086198763,0.39754672184727113,1.1824836083981207,0.5765688352376712,0.0,4.0,20.0,0.3
7.361999999999411,-0.3819854819842785,-0.008188108688463296,-0.3813602626396833,0.28968268366460287,0.0,0.28968268366460287,0.4818051149137694,0.3977585314114869,1.1823534327887009,0.5765684116774547,0.0,4.0,20.0,0.3
7.37199999999941,-0.3820825743293986,-0.010688157106684016,-0.38087877696833217,0.28991050774465327,0.0,0.28991050774465327,0.48184722566413274,0.3979661385386615,1.182522128513839,0.57656798839662,0.0,4.0,20.0,0.3
7.381999999999409,-0.3821990239795902,-0.01246816191994302,-0.3804324788237478,0.29089932113574857,0.0,0.29089932113574857,0.4818885239538261,0.39816962660782984,1.1835370611712905,0.5765675640185084,0.0,4.0,20.0,0.3
7.391999999999408,-0.38232986297600413,-0.013033764570831961,-0.3800213437767942,0.29089665102892454,0.0,0.29089665102892454,0.48192909203024953,0.39836907734373384,1.182955485960734,0.5765671384956711,0.0,4.0,20.0,0.3
7.401999999999407,-0.3824497493451056,-0.011096503441032288,-0.3796236101468569,0.29128333796548167,0.0,0.29128333796548167,0.48196900959908734,0.3985645708496441,1.1827303544832175,0.5765667128219013,0.0,4.0,20.0,0.3
7.411999999999406,-0.3825435947499112,-0.008221534339486383,-0.3792543058112902,0.2921622247211334,0.0,0.2921622247211334,0.4820083496866297,0.3987561856395313,1.1830301961253311,0.5765662862714542,0.0,4.0,20.0,0.3
7.421999999999405,-0.3826076374905964,-0.005180012591619616,-0.37892533230658954,0.29302395900041756,0.0,0.29302395900041756,0.482047176041442,0.39894399866959884,1.183167142600586,0.5765658582477396,0.0,4.0,20.0,0.3
7.4319999999994035,-0.38263749664621627,-0.0016725659969952372,-0.3786351558874619,0.29434204037554645,0.0,0.29434204037554645,0.4820855427458907,0.3991280853691896,1.1838312229780308,0.5765654287769527,0.0,4.0,20.0,0.3
7.441999999999402,-0.38263067484150975,0.002479584362417072,-0.3783834364178291,0.2948848613224254,0.0,0.2948848613224254,0.4821234941274465,0.3993085196710804,1.183326803166306,0.5765649978251801,0.0,4.0,20.0,0.3
7.451999999999401,-0.3825753543197729,0.007988018694508187,-0.3781490724790184,0.2957851557064305,0.0,0.2957851557064305,0.4821610645427807,0.39948537404117457,1.1832720356201516,0.5765645656812323,0.0,3.0,20.0,0.3
7.4619999999994,-0.3824493276089565,0.01569370885167289,-0.37788978085692637,0.2963339829191719,0.0,0.2963339829191719,0.48219827672563276,0.3996587195076054,1.1827036538678908,0.5765641326234207,0.0,3.0,20.0,0.3
7.471999999999399,-0.3822510500949857,0.02253419225299244,-0.3776723998828822,0.2972400454135471,0.0,0.2972400454135471,0.4822351388906961,0.39982862568926286,1.1826467735639452,0.576563698379755,0.0,3.0,20.0,0.3
7.481999999999398,-0.38198690765353976,0.028857068342987707,-0.3774942161221014,0.2981934091646185,0.0,0.2981934091646185,0.4822716450228345,0.39999516082375364,1.1827019979902331,0.5765632629974972,0.0,3.0,20.0,0.3
7.491999999999397,-0.38165731487201576,0.03569498608385624,-0.37733782494904167,0.29835959213284186,0.0,0.29835959213284186,0.48230777696729393,0.40015839179480656,1.1817346422276946,0.5765628270465457,0.0,3.0,20.0,0.3
7.501999999999396,-0.38126037621148146,0.042198520406014524,-0.37720690157019166,0.2989548538360316,0.0,0.2989548538360316,0.48234350532723286,0.4003183841591348,1.1814805506061206,0.5765623903741783,0.0,3.0,20.0,0.3
7.511999999999395,-0.38080398062874155,0.047750474630947004,-0.37710745848228266,0.29951747551327335,0.0,0.29951747551327335,0.4823787901302095,0.4004752021727642,1.1813221261844502,0.5765619527357378,0.0,3.0,20.0,0.3
7.521999999999394,-0.3802955666693821,0.05254617285222396,-0.37703344163683133,0.30030405544677524,0.0,0.30030405544677524,0.4824135829118773,0.4006289088168403,1.1816435364618454,0.5765615143107803,0.0,3.0,20.0,0.3
7.5319999999993925,-0.3797556614768215,0.055097939691702534,-0.3770085413777037,0.300845750844377,0.0,0.300845750844377,0.482447829125946,0.4007795658229223,1.1818072858470838,0.576561074221888,0.0,3.0,20.0,0.3
7.541999999999391,-0.37919221118097246,0.05693717838861894,-0.37700800066047124,0.3019286570119606,0.0,0.3019286570119606,0.48248147193390395,0.4009272336977758,1.1829284342716357,0.576560633299013,0.0,3.0,20.0,0.3
7.55199999999939,-0.378611533307334,0.058728558888993324,-0.37701660751581717,0.3019322748092063,0.0,0.3019322748092063,0.48251445439397905,0.4010719717476736,1.182748818219366,0.57656019204909,0.0,3.0,20.0,0.3
7.561999999999389,-0.37801167231304766,0.06060219248997219,-0.3770200358898025,0.3019777554934396,0.0,0.3019777554934396,0.4825467204958313,0.4012138381022142,1.1828459407384524,0.5765597509732154,0.0,3.0,20.0,0.3
7.571999999999388,-0.3774029502468304,0.060957671648518424,-0.37703474995045166,0.30195796204994524,0.0,0.30195796204994524,0.482578215163206,0.4013528897376677,1.1830721132570672,0.5765593094908922,0.0,3.0,20.0,0.3
7.581999999999387,-0.37679060179130713,0.06134508283812913,-0.3770332299028918,0.30148516210974835,0.0,0.30148516210974835,0.4826088858734639,0.4014891824998586,1.1828814520756308,0.5765588685673214,0.0,3.0,20.0,0.3
7.591999999999386,-0.37617676973308306,0.06111017358980623,-0.37701465709532667,0.30119354464091824,0.0,0.30119354464091824,0.4826386836636768,0.40162277112659456,1.1831559036984622,0.5765584282534115,0.0,3.0,20.0,0.3
7.601999999999385,-0.3755805372219203,0.05840440367237479,-0.37700599702797555,0.3014357484005707,0.0,0.3014357484005707,0.48266756371520675,0.40175370926965026,1.1843762678233198,0.5765579876087961,0.0,3.0,20.0,0.3
7.611999999999384,-0.3750157655682244,0.05538521001507589,-0.3769797855197778,0.30053916588023166,0.0,0.30053916588023166,0.4826954884237783,0.4018820495163148,1.1841819115312904,0.5765575475937106,0.0,3.0,20.0,0.3
7.621999999999383,-0.3744794233702805,0.05250050378772381,-0.3769199725810827,0.2996665219989665,0.0,0.2996665219989665,0.4827224293840022,0.4020078434105119,1.1841813449642704,0.57655710880481,0.0,3.0,20.0,0.3
7.6319999999993815,-0.37397372614745683,0.04911506206999733,-0.3768293504129183,0.2989462895313021,0.0,0.2989462895313021,0.48274836664708104,0.4021311414735009,1.1845320473171461,0.5765566711829554,0.0,3.0,20.0,0.3
7.64199999999938,-0.37350509299906803,0.045454447827658534,-0.37670386364953934,0.29781607133912436,0.0,0.29781607133912436,0.4827732886190803,0.40225199322416705,1.184420537453258,0.5765562349039522,0.0,3.0,20.0,0.3
7.651999999999379,-0.3730698469921083,0.04202612296704032,-0.37653024737690666,0.29673368123685817,0.0,0.29673368123685817,0.48279719239223373,0.4023704471989095,1.1844612053612116,0.5765558004854089,0.0,3.0,20.0,0.3
7.661999999999378,-0.3726704075805524,0.03837352320539737,-0.3763133851100818,0.29553470822489325,0.0,0.29553470822489325,0.4828200828470449,0.4024865509711341,1.184395540792446,0.5765553678072223,0.0,3.0,20.0,0.3
7.671999999999377,-0.372306895205448,0.03508425104296323,-0.37604460237117726,0.2939603889508101,0.0,0.2939603889508101,0.4828419724220997,0.40260035117035986,1.183831986579038,0.576554937225848,0.0,3.0,20.0,0.3
7.681999999999376,-0.3719797614686715,0.03095219859848477,-0.375740091001645,0.2931117288923459,0.0,0.2931117288923459,0.4828628805637167,0.40271189350094627,1.1842832034288833,0.5765545082324252,0.0,3.0,20.0,0.3
7.691999999999375,-0.37169627539030187,0.02644251657310439,-0.37540069142382143,0.29200425500242017,0.0,0.29200425500242017,0.4828828335127651,0.40282122276044946,1.18434026634807,0.5765540808360279,0.0,3.0,20.0,0.3
7.701999999999374,-0.37146510608038696,0.020737607255045132,-0.37504620349914336,0.2913879765585194,0.0,0.2913879765585194,0.48290186515251926,0.40292838285761323,1.1850228521262072,0.5765536543741971,0.0,3.0,20.0,0.3
7.711999999999373,-0.3712828687892429,0.016507132823354986,-0.3746444807558632,0.28994328007126924,0.0,0.28994328007126924,0.4829200179097866,0.4030334168300039,1.184454580851125,0.5765532300046846,0.0,3.0,20.0,0.3
7.721999999999372,-0.37114412191021,0.012098169065667599,-0.37421899504220957,0.2890966858135125,0.0,0.2890966858135125,0.4829373416891524,0.40313636686129484,1.1846081091385106,0.576552806950463,0.0,3.0,20.0,0.3
7.7319999999993705,-0.3710512612275404,0.0077772930788923625,-0.37377503923605415,0.28782690388559573,0.0,0.28782690388559573,0.4829538923696328,0.40323727429820855,1.1840295490270238,0.5765523850476586,0.0,3.0,20.0,0.3
7.741999999999369,-0.37099225255738205,0.004481974525036812,-0.3733002216638337,0.28728436970496873,0.0,0.28728436970496873,0.48296973132986765,0.4033361796671223,1.1843105624073589,0.5765519647666338,0.0,3.0,20.0,0.3
7.751999999999368,-0.3709669234039343,0.0013754521241003854,-0.3728140596814068,0.28653334582418377,0.0,0.28653334582418377,0.48298492341021065,0.40343312269034387,1.1841245789010089,0.5765515454419833,0.0,3.0,20.0,0.3
7.761999999999367,-0.3709750207644716,-0.0022314424294109236,-0.37233470569557775,0.2864493944320329,0.0,0.2864493944320329,0.48299953613008834,0.4035281423020652,1.184684142598137,0.5765511264462104,0.0,3.0,20.0,0.3
7.771999999999366,-0.37101713778703677,-0.00546864514238115,-0.37186120351192714,0.2862440801803943,0.0,0.2862440801803943,0.4830136395056555,0.4036212766639989,1.1848747177083405,0.576550707803421,0.0,3.0,20.0,0.3
7.781999999999365,-0.3710912741257873,-0.008712975243625135,-0.37140711314747266,0.28652252983647014,0.0,0.28652252983647014,0.4830273058821505,0.403712563180705,1.1855372788815337,0.5765502890258021,0.0,3.0,20.0,0.3
7.791999999999364,-0.371197429470993,-0.011729763483645916,-0.37097954021241525,0.28673288204086267,0.0,0.28673288204086267,0.48304060939823956,0.403802038514613,1.1858961107222408,0.5765498698357698,0.0,3.0,20.0,0.3
7.801999999999363,-0.37132873280127754,-0.014331027566925978,-0.3705911137451535,0.28688392837749904,0.0,0.28688392837749904,0.4830536256007012,0.40377360206549023,1.185880263820985,0.5765494504673888,0.0,4.0,20.0,0.3
7.811999999999362,-0.37148924406669365,-0.01678980915032543,-0.3702870035847981,0.2867096912598738,0.0,0.2867096912598738,0.48306643038735075,0.4036429872547967,1.1851147219449156,0.5765490313975286,0.0,4.0,20.0,0.3
7.821999999999361,-0.37166115357808976,-0.017322260560193384,-0.3699976211873369,0.2871845078723705,0.0,0.2871845078723705,0.4830790998557351,0.4035685332551561,1.1850708790541373,0.5765486119892548,0.0,4.0,20.0,0.3
7.8319999999993595,-0.37183394244228885,-0.01706959200292518,-0.36973599398623436,0.28764703158627525,0.0,0.28764703158627525,0.4830917075132198,0.40357783777202433,1.1849518116313313,0.5765481916078579,0.0,4.0,20.0,0.3
7.841999999999358,-0.37199443839284235,-0.015377147934284626,-0.3694929745421437,0.28842689587396747,0.0,0.28842689587396747,0.4831043220383769,0.4036222816321692,1.185214751816831,0.5765477706543511,0.0,4.0,20.0,0.3
7.851999999999357,-0.37213918164737214,-0.013778518370062033,-0.36928865039573494,0.28927555677033656,0.0,0.28927555677033656,0.48311700527855156,0.40344809648365065,1.1852337110152817,0.5765473481564046,0.0,4.0,20.0,0.3
7.861999999999356,-0.3722571523337092,-0.010485478169389682,-0.36910084892482214,0.28985970763090874,0.0,0.28985970763090874,0.4831298115719524,0.40327501076483624,1.18474811452482,0.5765469251168573,0.0,4.0,20.0,0.3
7.871999999999355,-0.37234460560480703,-0.0075202769816789215,-0.3689529390038174,0.2909571012045927,0.0,0.2909571012045927,0.48314278643931935,0.4032543750984515,1.1850576553372145,0.5765465004118974,0.0,4.0,20.0,0.3
7.881999999999354,-0.3723964984812068,-0.0035503380588284943,-0.36882925647244624,0.29149627858930494,0.0,0.29149627858930494,0.4831559661251311,0.40331863529450196,1.1845759226126715,0.5765460747346208,0.0,4.0,20.0,0.3
7.891999999999353,-0.37240667428865587,0.0005330968981770261,-0.36873696836645464,0.2926060854951494,0.0,0.2926060854951494,0.4831693772905398,0.40318228563603514,1.1847716752655004,0.576545647720386,0.0,4.0,20.0,0.3
7.901999999999352,-0.3723759657911575,0.004973562193549223,-0.36867169203278016,0.2932262431035195,0.0,0.2932262431035195,0.4831830366260204,0.4032184405198924,1.1843300269196748,0.5765452193657984,0.0,3.0,20.0,0.3
7.911999999999351,-0.37229087237269226,0.010928045414886154,-0.36860615417286446,0.293563141685857,0.0,0.293563141685857,0.4831969511878093,0.4033177195629975,1.1836437715859565,0.5765447905025877,0.0,3.0,20.0,0.3
7.92199999999935,-0.3721499443533017,0.015681592345135643,-0.3685798889060096,0.29502754500918926,0.0,0.29502754500918926,0.4832111169089546,0.4034150288464758,1.1845889344240998,0.5765443603256842,0.0,3.0,20.0,0.3
7.9319999999993485,-0.3719730219035763,0.019137555372023343,-0.36860370816585464,0.2956078299006666,0.0,0.2956078299006666,0.4832255193450221,0.40351040745161637,1.1843726000130512,0.5765439283931549,0.0,3.0,20.0,0.3
7.941999999999347,-0.37176166741284694,0.022453592425221262,-0.36865836847574307,0.2964533698641395,0.0,0.2964533698641395,0.4832401373697971,0.4036038936843106,1.1846268454431648,0.5765434953368752,0.0,3.0,20.0,0.3
7.951999999999346,-0.3715133989066251,0.02648545927221241,-0.3687246807963863,0.2965716678183006,0.0,0.2965716678183006,0.4832549443402018,0.40369552509043655,1.1839838180193352,0.5765430618004528,0.0,3.0,20.0,0.3
7.961999999999345,-0.37122341686801985,0.030426522317087215,-0.36880238162461365,0.2972497483634443,0.0,0.2972497483634443,0.48326990796817537,0.4037853384709381,1.1842660585514155,0.5765426277839268,0.0,3.0,20.0,0.3
7.971999999999344,-0.3708982817895544,0.033913138181354816,-0.36889260252869277,0.2973290292191801,0.0,0.2973290292191801,0.48328499012784515,0.40387336989660483,1.1838674941539056,0.5765421932283957,0.0,3.0,20.0,0.3
7.981999999999343,-0.37054291216002494,0.03672386604626921,-0.3689928972699927,0.2975231876785125,0.0,0.2975231876785125,0.4833001482286553,0.40395965472255874,1.183799900402439,0.5765417582078677,0.0,3.0,20.0,0.3
7.991999999999342,-0.3701605801910894,0.0393595464341992,-0.36908995191835475,0.29724015414175936,0.0,0.29724015414175936,0.4833153365230353,0.40404422760245384,1.1832433883886047,0.5765413231844502,0.0,3.0,20.0,0.3
8.001999999999342,-0.3697513485106378,0.04164329224115061,-0.36917674634960496,0.2977077379903229,0.0,0.2977077379903229,0.483330506988994,0.40412712250239335,1.1839232133068287,0.5765408884156881,0.0,3.0,20.0,0.3
8.011999999999345,-0.3693265133538023,0.04301899488407543,-0.36925891294773905,0.2974427455328449,0.0,0.2974427455328449,0.4833456099153857,0.40420837271457133,1.1837637333771578,0.5765404537067373,0.0,3.0,20.0,0.3
8.021999999999348,-0.36888609752613055,0.04502845204819306,-0.3693073666217468,0.29611395816260244,0.0,0.29611395816260244,0.4833605956961703,0.4042880108706435,1.1822990952044614,0.576540020096075,0.0,3.0,20.0,0.3
8.031999999999352,-0.36842780002837117,0.04611614709393265,-0.36933170227018414,0.2958798712350402,0.0,0.2958798712350402,0.4833754149971937,0.40436606895483257,1.1825476359783302,0.5765395872914428,0.0,3.0,20.0,0.3
8.041999999999355,-0.3679631060515084,0.04653826991264176,-0.36932821155802154,0.2951294775353312,0.0,0.2951294775353312,0.4833900187818006,0.40444257831677405,1.1822438612702968,0.5765391554465841,0.0,3.0,20.0,0.3
8.051999999999358,-0.3675016279872776,0.04542687841699354,-0.369307057390443,0.29514638730791254,0.0,0.29514638730791254,0.4834043602017121,0.40451756968410646,1.1831715861600234,0.5765387242369194,0.0,3.0,20.0,0.3
8.061999999999362,-0.36705905635187086,0.043630030558061084,-0.3692613446084151,0.29380142072271226,0.0,0.29380142072271226,0.48341839661350167,0.4045910731748124,1.1823310534352196,0.5765382939192703,0.0,3.0,20.0,0.3
8.071999999999365,-0.3666327274036427,0.0416604879475784,-0.3691767895853952,0.2932738763868234,0.0,0.2932738763868234,0.4834320917592995,0.4046631183093145,1.182754448206847,0.576537865040108,0.0,3.0,20.0,0.3
8.081999999999368,-0.3662383841266433,0.03788705316480796,-0.3690806765799485,0.2926793044062573,0.0,0.2926793044062573,0.48344541572575117,0.40473373402233137,1.183180092107316,0.5765374366692602,0.0,3.0,20.0,0.3
8.091999999999372,-0.36588389250546816,0.03354516672264768,-0.368959097528789,0.2922477456260924,0.0,0.2922477456260924,0.4834583469337766,0.4048029486744983,1.183903930921082,0.5765370093184315,0.0,3.0,20.0,0.3
8.101999999999375,-0.36557903070571407,0.028321631565194662,-0.36882079275197144,0.2915748723101888,0.0,0.2915748723101888,0.4834708734594468,0.40487079006375726,1.1843321406451435,0.576536582703592,0.0,3.0,20.0,0.3
8.111999999999378,-0.36532857457475165,0.023128398005290048,-0.36865663584950137,0.2906102755322837,0.0,0.2906102755322837,0.48348299416556295,0.4049372854365217,1.1843652727206564,0.5765361571657752,0.0,3.0,20.0,0.3
8.121999999999382,-0.3651225586644661,0.018990649054508903,-0.36844722963512067,0.28941190697984853,0.0,0.28941190697984853,0.4834947186054658,0.4050024614986184,1.184058157037497,0.5765357334301887,0.0,3.0,20.0,0.3
8.131999999999385,-0.3649639835576896,0.013442477944328873,-0.36822856188784425,0.2896209804003033,0.0,0.2896209804003033,0.4835060649159042,0.40506634442601386,1.1856824019102816,0.5765353102737312,0.0,3.0,20.0,0.3
8.141999999999388,-0.364865528394828,0.007655488860280023,-0.36799771725167324,0.28863284993078514,0.0,0.28863284993078514,0.4835170598181153,0.4051289598753264,1.1855624595810705,0.5765348878014033,0.0,3.0,20.0,0.3
8.151999999999392,-0.3648206294065895,0.002626727837998135,-0.36774192894939106,0.2875652829636189,0.0,0.2875652829636189,0.48352773981957187,0.4051903329941307,1.185238333293855,0.5765344664857794,0.0,3.0,20.0,0.3
8.161999999999395,-0.36482015835911713,-0.0016923095695273171,-0.3674612802610012,0.28708941184596115,0.0,0.28708941184596115,0.48353814961135383,0.4052504884310577,1.1856281366878405,0.5765340463558989,0.0,3.0,20.0,0.3
8.171999999999398,-0.3648628292593285,-0.005881061667235669,-0.36716912684730296,0.2867345722661594,0.0,0.2867345722661594,0.48354833997173774,0.4053094503456935,1.1860531981170064,0.5765336269625995,0.0,3.0,20.0,0.3
8.181999999999402,-0.36494300478937564,-0.00946151747087268,-0.36686298290003105,0.2861917020251543,0.0,0.2861917020251543,0.4835583666937363,0.40536724241828276,1.1860642763056666,0.5765332084100128,0.0,3.0,20.0,0.3
8.191999999999405,-0.3650543987456126,-0.012172612693715605,-0.3665433547896423,0.28543239737793735,0.0,0.28543239737793735,0.4835682892398254,0.4054238878592388,1.1856085951769306,0.5765327906942356,0.0,3.0,20.0,0.3
8.201999999999408,-0.36518581638989667,-0.01437540032679565,-0.3662237483035376,0.28524457781886575,0.0,0.28524457781886575,0.48357816909195533,0.4054794094184656,1.185781153828833,0.5765323739300356,0.0,4.0,20.0,0.3
8.211999999999412,-0.3653520862261947,-0.017956371312754377,-0.36597225894076935,0.28473462911466385,0.0,0.28473462911466385,0.48358806809635047,0.4055338293944946,1.1853308835449363,0.5765319574817881,0.0,4.0,20.0,0.3
8.221999999999415,-0.3655464268680722,-0.020249112639048224,-0.3657241937274557,0.28483243051763957,0.0,0.28483243051763957,0.4835980501446187,0.40558716964344005,1.1855606175616478,0.576531541165751,0.0,4.0,20.0,0.3
8.231999999999418,-0.36575522346982187,-0.021395557985226174,-0.3654801728069924,0.28505803652056044,0.0,0.28505803652056044,0.48360818011298295,0.40563945158777676,1.185799818166127,0.5765311249509802,0.0,4.0,20.0,0.3
8.241999999999422,-0.36597023615566393,-0.021360923485747724,-0.3652419057680985,0.2845211977859373,0.0,0.2845211977859373,0.483618521297996,0.4056906962249443,1.1848062406820659,0.5765307087472725,0.0,4.0,20.0,0.3
8.251999999999425,-0.3661778888613885,-0.020266180302905973,-0.3650092843793477,0.2848854313468467,0.0,0.2848854313468467,0.48362913358536297,0.40574092413577945,1.1849181553224695,0.5765302925562874,0.0,4.0,20.0,0.3
8.261999999999428,-0.3663710259403189,-0.01837116384938338,-0.3647870767316922,0.2846053257137578,0.0,0.2846053257137578,0.48364007125960334,0.405790155492782,1.1839837898987229,0.5765298761438101,0.0,4.0,20.0,0.3
8.271999999999432,-0.3665378271094052,-0.015622310887786293,-0.36457313127491464,0.2851277243772506,0.0,0.2851277243772506,0.48365138162593957,0.4058384100682165,1.1840447940106826,0.5765294596039114,0.0,4.0,20.0,0.3
8.281999999999435,-0.3666776413521615,-0.012952618866034476,-0.36438215251778544,0.28585001844851005,0.0,0.28585001844851005,0.48366310357716535,0.40588570724205325,1.18427440356717,0.5765290422293974,0.0,4.0,20.0,0.3
8.291999999999438,-0.3667902975506525,-0.01029838768920252,-0.3642172600917435,0.2865961287200802,0.0,0.2865961287200802,0.48367526769019265,0.4059320660097513,1.1844440178492215,0.576528623846804,0.0,4.0,20.0,0.3
8.301999999999442,-0.3668772052426633,-0.007506823363708816,-0.364080666734053,0.28723087187061025,0.0,0.28723087187061025,0.4836878968642846,0.4059775049898878,1.184382974872126,0.5765282043177519,0.0,4.0,20.0,0.3
8.311999999999445,-0.3669354555249889,-0.00465482091935223,-0.3639736316781139,0.28816238281184653,0.0,0.28816238281184653,0.48370100687217477,0.4060220424316357,1.1846834880230754,0.5765277835524576,0.0,4.0,20.0,0.3
8.321999999999449,-0.3669633486951468,-0.00143262779432737,-0.36389291483113995,0.2886252027689097,0.0,0.2886252027689097,0.48371460640379715,0.40606569622209226,1.1842951529463537,0.5765273616681807,0.0,4.0,20.0,0.3
8.331999999999452,-0.3669528223177969,0.0028516539481854286,-0.3638262591398958,0.28917018334259387,0.0,0.28917018334259387,0.48372869708202276,0.4061084838934636,1.1840124965451975,0.5765269392129572,0.0,4.0,20.0,0.3
8.341999999999455,-0.36689991070719946,0.006953456782859014,-0.3637843120118174,0.2900932322400989,0.0,0.2900932322400989,0.48374327255338095,0.40615042263010553,1.184274188682284,0.5765265156689955,0.0,4.0,20.0,0.3
8.351999999999459,-0.36680900254446086,0.010942707915071511,-0.363766213872465,0.29018425165131495,0.0,0.29018425165131495,0.4837583183192865,0.4061915292754253,1.1834074988014092,0.5765260909622413,0.0,3.0,20.0,0.3
8.361999999999462,-0.36667038728441914,0.015669758433899724,-0.36375438276796673,0.2909745935318858,0.0,0.2909745935318858,0.483773812648412,0.4062318203386463,1.1835792732751607,0.5765256659282085,0.0,3.0,20.0,0.3
8.371999999999465,-0.3664966016166089,0.018570472489222965,-0.36378822801312705,0.2920477168824157,0.0,0.2920477168824157,0.48378972609888454,0.40627131200143823,1.1842268951918642,0.576525239282853,0.0,3.0,20.0,0.3
8.381999999999469,-0.36629031930224554,0.02221624014146946,-0.3638312779903267,0.2920151750455635,0.0,0.2920151750455635,0.4838060237164216,0.40631002012441625,1.1834244035610313,0.5765248122680744,0.0,3.0,20.0,0.3
8.391999999999472,-0.3660475795373438,0.025317058739940824,-0.36389143504880983,0.2929977155060158,0.0,0.2929977155060158,0.48382266606036023,0.40634796025351066,1.18415948757609,0.5765243845996212,0.0,3.0,20.0,0.3
8.401999999999475,-0.3657809784113977,0.02746439722927643,-0.3639760192522078,0.29343171939025686,0.0,0.29343171939025686,0.4838396092878509,0.4063851476262107,1.184256060465949,0.5765239559899672,0.0,3.0,20.0,0.3
8.411999999999479,-0.36549135704282343,0.030009636876825695,-0.364060953612639,0.2933120353296194,0.0,0.2933120353296194,0.4838568073414112,0.406421597177684,1.1837178547625735,0.5765235272666063,0.0,3.0,20.0,0.3
8.421999999999482,-0.36518120059235964,0.03181354414667639,-0.3641550516115274,0.2932777780087449,0.0,0.2932777780087449,0.48387421256744517,0.406457323546775,1.1834485972899789,0.5765230981172391,0.0,3.0,20.0,0.3
8.431999999999485,-0.36485012093634983,0.03364912943307815,-0.36424024348964956,0.2937308093857796,0.0,0.2937308093857796,0.48389177619251017,0.4064923410818839,1.1840166575173363,0.5765226691778855,0.0,3.0,20.0,0.3
8.441999999999489,-0.3645115329277018,0.03390211572120317,-0.3643387624897237,0.293777432969565,0.0,0.293777432969565,0.4839094488529676,0.4065266638467299,1.1841720089371341,0.5765222396632533,0.0,3.0,20.0,0.3
8.451999999999492,-0.36417632701119534,0.03313425586060113,-0.3644431402455415,0.29402935787647394,0.0,0.29402935787647394,0.4839271828137765,0.4065603056259987,1.1847676282431463,0.5765218098253699,0.0,3.0,20.0,0.3
8.461999999999495,-0.3638537051512366,0.03185956808766065,-0.36454567174411723,0.2937494336226107,0.0,0.2937494336226107,0.48394493419333934,0.4065932799308791,1.1847645498387598,0.5765213799276888,0.0,3.0,20.0,0.3
8.471999999999499,-0.36354143783792997,0.030788521554389863,-0.3646286765859377,0.2935089645345521,0.0,0.2935089645345521,0.48396266421649986,0.40662560000448933,1.1849544500558802,0.5765209506055073,0.0,3.0,20.0,0.3
8.481999999999502,-0.363243048749513,0.02917970781556988,-0.3646978130252344,0.29327589111920044,0.0,0.29327589111920044,0.4839803388892006,0.4066572788271956,1.1852815134701344,0.5765205216791937,0.0,3.0,20.0,0.3
8.491999999999505,-0.3629600624670041,0.027743824271885334,-0.3647393517499589,0.2925233914638589,0.0,0.2925233914638589,0.4839979292088045,0.40668832912182545,1.1849945683706988,0.5765200936520535,0.0,3.0,20.0,0.3
8.501999999999509,-0.3626872702972899,0.02736403771402742,-0.36473349104300246,0.29084193050115875,0.0,0.29084193050115875,0.4840154110937117,0.4067187633587774,1.1835059439219064,0.5765196672571745,0.0,3.0,20.0,0.3
8.511999999999512,-0.36241693367749006,0.02675616362629715,-0.36468750280707357,0.29017339533276737,0.0,0.29017339533276737,0.4840327640159272,0.40674859376102923,1.1835204272085933,0.5765192423000955,0.0,3.0,20.0,0.3
8.521999999999515,-0.3621556149047478,0.025655428213167044,-0.36460633543843274,0.2894304124891835,0.0,0.2894304124891835,0.4840499697127395,0.40677783230904707,1.1834979444092804,0.576518818647656,0.0,3.0,20.0,0.3
8.531999999999519,-0.36191041198399937,0.02376768800069944,-0.36449663505153357,0.28862092441527937,0.0,0.28862092441527937,0.48406701304473093,0.40680649074559694,1.183430180086408,0.5765183961044198,0.0,3.0,20.0,0.3
8.541999999999522,-0.3616800213688637,0.022419365067040484,-0.3643393140609161,0.2875671897907242,0.0,0.2875671897907242,0.48408388299683014,0.4068345805804609,1.1830485618839932,0.5765179753834538,0.0,3.0,20.0,0.3
8.551999999999525,-0.3614667079758395,0.020637607322602364,-0.3641484286528808,0.28644302557077234,0.0,0.28644302557077234,0.48410057243578486,0.40686211309505965,1.182576830647364,0.5765175560387216,0.0,3.0,20.0,0.3
8.561999999999529,-0.3612716486421154,0.01896755096802722,-0.36391869801458354,0.28526102684478083,0.0,0.28526102684478083,0.48411707814873683,0.40688909934698314,1.1820124568171972,0.5765171382966383,0.0,3.0,20.0,0.3
8.571999999999532,-0.36109293291181915,0.01694509299999744,-0.36365668460498646,0.28468738192139376,0.0,0.28468738192139376,0.4841334007292989,0.40691555017443176,1.1822694132087264,0.5765167219754985,0.0,3.0,20.0,0.3
8.581999999999535,-0.36094230742954014,0.013530413628655511,-0.36338677360050026,0.2844014769629431,0.0,0.2844014769629431,0.4841495443372223,0.4069414762005691,1.1828784927527447,0.5765163062436343,0.0,3.0,20.0,0.3
8.591999999999539,-0.36082364449095455,0.011060778030750305,-0.3630852171231429,0.2827958858070139,0.0,0.2827958858070139,0.48416551839805544,0.40696688783778834,1.181569006238139,0.5765158919468301,0.0,3.0,20.0,0.3
8.601999999999542,-0.36072328607158477,0.009531231468101753,-0.36274714352868,0.28185756633076803,0.0,0.28185756633076803,0.48418133772053634,0.40699179529189417,1.181108097917353,0.5765154793020855,0.0,3.0,20.0,0.3
8.611999999999545,-0.3606389182786835,0.007334282939488578,-0.36239692100051846,0.281797066301526,0.0,0.281797066301526,0.48419701993945147,0.4070162085662017,1.1817774297517842,0.5765150674909814,0.0,3.0,20.0,0.3
8.621999999999549,-0.3605885621941051,0.00338794463652101,-0.36206682172101295,0.28194635457842204,0.0,0.28194635457842204,0.4842125851395187,0.40704013746555373,1.182626311740717,0.5765146553733295,0.0,3.0,20.0,0.3
8.631999999999552,-0.360578561961609,-0.0005209355480513024,-0.36174452290965275,0.28178854100367995,0.0,0.28178854100367995,0.48422805854795825,0.4070635916002587,1.1829170954595671,0.5765142433631905,0.0,3.0,20.0,0.3
8.641999999999555,-0.3606044696231835,-0.003702097477681701,-0.3614247968035693,0.28127025951808826,0.0,0.28127025951808826,0.48424347146219043,0.4070865803899504,1.18256537859902,0.5765138316368791,0.0,3.0,20.0,0.3
8.651999999999559,-0.3606492914822965,-0.0053209825761919155,-0.3611005304562612,0.2807063173940813,0.0,0.2807063173940813,0.4842588598142583,0.40710911306737124,1.1820076414398508,0.576513421055392,0.0,4.0,20.0,0.3
8.661999999999562,-0.36071959627612227,-0.007922780670549523,-0.3608411802882483,0.2804870187777546,0.0,0.2804870187777546,0.48427426135942797,0.40713119868208,1.1817957264856496,0.5765130109699362,0.0,4.0,20.0,0.3
8.671999999999565,-0.3608090095770647,-0.00946676877588851,-0.3605873082148275,0.2802856537065182,0.0,0.2802856537065182,0.4842897158206221,0.40715284610408636,1.1814769972780947,0.5765126009297761,0.0,4.0,20.0,0.3
8.681999999999569,-0.3609103379301037,-0.01043964391947861,-0.3603454678208457,0.28077535603169274,0.0,0.28077535603169274,0.48430526397636015,0.40717406402741346,1.181996221730902,0.5765121906182424,0.0,4.0,20.0,0.3
8.691999999999572,-0.3610177082050778,-0.010847519676525797,-0.3601174727770959,0.2808908838652133,0.0,0.2808908838652133,0.48432094606763054,0.4071948609735894,1.1818668036014264,0.5765117799360272,0.0,4.0,20.0,0.3
8.701999999999575,-0.3611231365836668,-0.010240839061462139,-0.3598985042833887,0.2811135141151138,0.0,0.2811135141151138,0.4843368006359043,0.40721524529506975,1.1817701573714723,0.5765113690936248,0.0,4.0,20.0,0.3
8.711999999999579,-0.36121890349536334,-0.00907151292244869,-0.35969344420841143,0.28143876959054515,0.0,0.28143876959054515,0.4843528630708498,0.40723522517859206,1.1817109694173875,0.5765109578505468,0.0,4.0,20.0,0.3
8.721999999999582,-0.36129771469673033,-0.006934565661416252,-0.35949738680692483,0.28141284796855487,0.0,0.28141284796855487,0.4843691642846683,0.4072548086484637,1.181066812585145,0.5765105464209874,0.0,4.0,20.0,0.3
8.731999999999585,-0.3613479959555631,-0.003826948473480054,-0.3593066546660061,0.2816529460006225,0.0,0.2816529460006225,0.48438572946195146,0.4072740035697847,1.1807184686154237,0.5765101349706557,0.0,4.0,20.0,0.3
8.741999999999589,-0.3613701477202861,-0.0009721766809135148,-0.35913759724881444,0.28203417171866835,0.0,0.28203417171866835,0.4844025765560008,0.4072928176516066,1.1805077076293597,0.5765097227175833,0.0,4.0,20.0,0.3
8.751999999999592,-0.36136304674630515,0.002149122672501398,-0.35898021969698507,0.28263568032759184,0.0,0.28263568032759184,0.4844197164568986,0.407311258450028,1.1805622433552794,0.5765093096604809,0.0,3.0,20.0,0.3
8.761999999999595,-0.3613151889980958,0.006383891904310386,-0.35880581680472784,0.2830696788711731,0.0,0.2830696788711731,0.4844371531098413,0.40732933337123034,1.1803540175466052,0.5765088960046565,0.0,3.0,20.0,0.3
8.771999999999599,-0.36122857484451165,0.010063877144150541,-0.35865741113000676,0.2836385620792989,0.0,0.2836385620792989,0.48445488230375183,0.4073470496744512,1.1803236477848404,0.576508481628438,0.0,3.0,20.0,0.3
8.781999999999602,-0.36110860033839476,0.01330723099874807,-0.3585366920973299,0.28422314582319474,0.0,0.28422314582319474,0.48447289233316115,0.40736441447490035,1.1803233106550446,0.5765080664401288,0.0,3.0,20.0,0.3
8.791999999999605,-0.3609583480697209,0.016066840921864604,-0.35844488967492094,0.2849223044493812,0.0,0.2849223044493812,0.4844911654342729,0.4073814347466173,1.1805101727662046,0.5765076503662345,0.0,3.0,20.0,0.3
8.801999999999609,-0.36078059612487734,0.019018240894122778,-0.35837278288850666,0.2851078740708604,0.0,0.2851078740708604,0.4845096789235064,0.4073981173252722,1.1800222382875858,0.5765072336970074,0.0,3.0,20.0,0.3
8.811999999999612,-0.3605824508429174,0.019873895121672643,-0.358351529265091,0.2867656220322675,0.0,0.2867656220322675,0.48452840603763336,0.4070239453768595,1.181374609558165,0.5765068153106777,0.0,3.0,20.0,0.3
8.821999999999615,-0.3603834229214708,0.019903166215778055,-0.3583742884551574,0.2875235781630524,0.0,0.2875235781630524,0.4845473179564291,0.40666219722645763,1.1813759487163535,0.5765063953800728,0.0,3.0,20.0,0.3
8.831999999999619,-0.36017632978861974,0.021282330782905045,-0.3584034248598329,0.2877070651878702,0.0,0.2877070651878702,0.48456638699592786,0.4063544659072609,1.1808111936268937,0.5765059751940337,0.0,3.0,20.0,0.3
8.841999999999622,-0.3599585148142621,0.02193013638847807,-0.3584588865003253,0.2884302132344603,0.0,0.2884302132344603,0.48458558565376914,0.40587455438000575,1.1809185327218465,0.5765055540401702,0.0,3.0,20.0,0.3
8.851999999999626,-0.35973817740107616,0.022053063731700216,-0.35853825795174177,0.28902681765554966,0.0,0.28902681765554966,0.4846048862619799,0.40549266494271624,1.1810177970966247,0.5765051319697334,0.0,3.0,20.0,0.3
8.861999999999629,-0.35952627628190487,0.020447929948471787,-0.3586589615497718,0.2900442957196351,0.0,0.2900442957196351,0.48462426243508455,0.4051920205714644,1.181859721405795,0.5765047083387271,0.0,3.0,20.0,0.3
8.871999999999632,-0.3593317253004073,0.018918001187225378,-0.35879812406172135,0.2904368308197487,0.0,0.2904368308197487,0.48464369112125955,0.40492192074950745,1.1820049765547531,0.5765042839067861,0.0,3.0,20.0,0.3
8.881999999999636,-0.3591547111906232,0.016843185854833586,-0.35895812715180203,0.29112029219093966,0.0,0.29112029219093966,0.48466315398127086,0.4045637699800868,1.1825580166139682,0.5765038585725585,0.0,3.0,20.0,0.3
8.891999999999639,-0.35899435133186763,0.015525705585163821,-0.35911598829953434,0.29087677505548887,0.0,0.29087677505548887,0.4846826372529092,0.40428384770094417,1.1820178900836869,0.5765034331257036,0.0,3.0,20.0,0.3
8.901999999999642,-0.3588374140311211,0.016032633575956915,-0.35924344878548764,0.29003196102626516,0.0,0.29003196102626516,0.4847021311372688,0.4042625613735362,1.180956136157858,0.5765030085714875,0.0,3.0,20.0,0.3
8.911999999999646,-0.3586717072126896,0.01664881964829907,-0.3593491562945578,0.2900379713976284,0.0,0.2900379713976284,0.48472162708572114,0.4041163404142267,1.1811277828744866,0.576502584645959,0.0,3.0,20.0,0.3
8.921999999999649,-0.35851278624152727,0.01500367563641615,-0.35946979748383756,0.29076374842112024,0.0,0.29076374842112024,0.4847411159173681,0.4035918094625132,1.1820666206506247,0.5765021600677913,0.0,3.0,20.0,0.3
8.931999999999652,-0.35837866099838506,0.012410545838204522,-0.35959668923177696,0.29062043585124525,0.0,0.29062043585124525,0.48476059045113834,0.4033050251058946,1.1819767457185402,0.5765017351222881,0.0,3.0,20.0,0.3
8.941999999999656,-0.35826915312624796,0.009938559517226088,-0.3597122683241642,0.2903677215531944,0.0,0.2903677215531944,0.4847800484363361,0.4029237416448769,1.1818109748969663,0.5765013104312513,0.0,3.0,20.0,0.3
8.951999999999659,-0.3581822894412095,0.007867394105293482,-0.35980858789057296,0.2899585173630418,0.0,0.2899585173630418,0.48479949258854976,0.4025204499565734,1.1814190806954068,0.5765008862887436,0.0,3.0,20.0,0.3
8.961999999999662,-0.3581204593635516,0.005107234557189498,-0.3598991070883399,0.2898930428340783,0.0,0.2898930428340783,0.4848189299302625,0.4021074235148709,1.1815335194130459,0.5765004622398097,0.0,3.0,20.0,0.3
8.971999999999666,-0.358081048226416,0.0035127046041187604,-0.35995657871717407,0.2885815673047474,0.0,0.2885815673047474,0.4848383717762929,0.40180698219759575,1.1800674705413803,0.5765000392563769,0.0,3.0,20.0,0.3
8.981999999999669,-0.3580453871698892,0.0035204973244766513,-0.3599616460353312,0.2878701014420464,0.0,0.2878701014420464,0.48485783269801447,0.40153538529589244,1.1795056402689648,0.576499618071895,0.0,3.0,20.0,0.3
8.991999999999672,-0.35802617890089716,0.0007330703371416503,-0.3599797634196884,0.28823752909325634,0.0,0.28823752909325634,0.4848773275889324,0.40122709522110017,1.1804192025513045,0.5764991964198518,0.0,3.0,20.0,0.3
9.001999999999676,-0.35803430858595287,-0.001909821652544639,-0.3599812592735284,0.28789980594330583,0.0,0.28789980594330583,0.4848968733951279,0.4004839516769625,1.1799615645814985,0.576498775343243,0.0,4.0,20.0,0.3
9.011999999999679,-0.35806932913598694,-0.004642267033600107,-0.35997155983513324,0.2876879147873516,0.0,0.2876879147873516,0.4849164910540403,0.39993355467947345,1.179697729347946,0.5764983547704337,0.0,4.0,20.0,0.3
9.021999999999682,-0.35812480149967263,-0.006009796930915318,-0.35993265309368944,0.28637546815042986,0.0,0.28637546815042986,0.4849362051499739,0.39954721736090326,1.1780907154544096,0.5764979355866369,0.0,4.0,20.0,0.3
9.031999999999686,-0.358195476113789,-0.007984671606380694,-0.3598853973330228,0.28648697777454474,0.0,0.28648697777454474,0.48495604244206686,0.3992117819288201,1.1785093608146742,0.5764975168463786,0.0,4.0,20.0,0.3
9.041999999999689,-0.3582936185488271,-0.01098060229751249,-0.3598443432744307,0.28639096936758085,0.0,0.28639096936758085,0.4849760310629228,0.3984930541952171,1.178242416758877,0.5764970978670633,0.0,4.0,20.0,0.3
9.051999999999692,-0.35842605898808255,-0.015018354514856596,-0.35981690972506464,0.2873748363103612,0.0,0.2873748363103612,0.4849962022858296,0.3976541347330184,1.179229795980733,0.5764966782956406,0.0,4.0,20.0,0.3
9.061999999999696,-0.35860441823400235,-0.01995196737539966,-0.3598120205296104,0.28817087828890087,0.0,0.28817087828890087,0.48501659191108026,0.3966058624897895,1.1797034543442149,0.57649625769168,0.0,4.0,20.0,0.3
9.071999999999699,-0.35883877391832836,-0.02588985888460696,-0.359840979360245,0.2894043643225558,0.0,0.2894043643225558,0.4850372420385672,0.3953851762076698,1.1804933192948073,0.5764958354941307,0.0,4.0,20.0,0.3
9.081999999999702,-0.3591326519389785,-0.03150726890332371,-0.35989574822735604,0.28986678576128716,0.0,0.28986678576128716,0.48505820248741655,0.39405471364849,1.1800086373019294,0.5764954120405968,0.0,4.0,20.0,0.3
9.091999999999706,-0.3594823560884812,-0.03717267539531197,-0.3599831009910029,0.2910799598856991,0.0,0.2910799598856991,0.4850795308384726,0.39254558093087877,1.1802960564649936,0.5764949869847428,0.0,4.0,20.0,0.3
9.101999999999709,-0.35988888489919035,-0.04308612303104012,-0.36011104664181154,0.29281391518137506,0.0,0.29281391518137506,0.48510129135706626,0.3907972680377032,1.1808570235769813,0.5764945599111179,0.0,4.0,20.0,0.3
9.111999999999712,-0.36035264757764507,-0.0485653249270219,-0.36027768013695216,0.2940783409508721,0.0,0.2940783409508721,0.4851235546509091,0.3890311846118175,1.180615890977051,0.576494130859099,0.0,4.0,20.0,0.3
9.121999999999716,-0.3608738135775266,-0.05454076587528209,-0.360498944968782,0.29610912412558155,0.0,0.29610912412558155,0.48514639721673164,0.3873830637468472,1.181371493712855,0.5764936990321006,0.0,4.0,20.0,0.3
9.131999999999719,-0.3614509874345658,-0.059581198590412304,-0.36076372298210574,0.2975013144954913,0.0,0.2975013144954913,0.48516990102053437,0.3858581195782997,1.1812761298285759,0.5764932648876397,0.0,4.0,20.0,0.3
9.141999999999722,-0.3620681757219317,-0.063058699193931,-0.36106094935235356,0.29892685126585766,0.0,0.29892685126585766,0.48519415248495096,0.38431057030507215,1.1810603457398983,0.5764928289012522,0.0,4.0,20.0,0.3
9.151999999999726,-0.3627146036200888,-0.06556132094247008,-0.3613958892818208,0.3002965490163448,0.0,0.3002965490163448,0.4852192394031829,0.38287938678518246,1.1807406130621187,0.5764923907847144,0.0,4.0,20.0,0.3
9.161999999999729,-0.36337832865140646,-0.06673722874621932,-0.3617622829695834,0.3014759851577762,0.0,0.3014759851577762,0.48524524850307205,0.38143389457340177,1.180027610035429,0.5764919507895709,0.0,4.0,20.0,0.3
9.171999999999732,-0.36404637111297883,-0.06663972196967313,-0.3621571815415153,0.30258675041090655,0.0,0.30258675041090655,0.48527226313747185,0.38026351393939917,1.1793628626038344,0.5764915090184283,0.0,4.0,20.0,0.3
9.181999999999736,-0.3647054106156338,-0.06522532745972245,-0.3625756681062001,0.30375145649058527,0.0,0.30375145649058527,0.48530036093158685,0.3791165437511361,1.178677859487605,0.5764910656705003,0.0,4.0,20.0,0.3
9.191999999999739,-0.3653450553168108,-0.06297947082491151,-0.363019628325781,0.30493615175019123,0.0,0.30493615175019123,0.48532961155061033,0.3782602033422985,1.1782933190179359,0.576490620629559,0.0,4.0,20.0,0.3
9.201999999999742,-0.3659597495839483,-0.06039935559247044,-0.3634930865901729,0.3063633001474217,0.0,0.3063633001474217,0.4853600751693832,0.37751903509066054,1.1782533821350987,0.576490173676144,0.0,4.0,20.0,0.3
9.211999999999746,-0.366545756212155,-0.057018040087323044,-0.3639895471503419,0.30695615092172773,0.0,0.30695615092172773,0.4853918019813419,0.3771056587976012,1.1773575335855415,0.5764897250790776,0.0,4.0,20.0,0.3
9.221999999999749,-0.36708884450011153,-0.05245918216175262,-0.3644962469545832,0.30797323528809767,0.0,0.30797323528809767,0.48542483176990736,0.37690550449406557,1.1773238852612786,0.5764892754195933,0.0,4.0,20.0,0.3
9.231999999999752,-0.36758610780321277,-0.048077455093100026,-0.3650253605397739,0.30937822666346493,0.0,0.30937822666346493,0.4854591922866467,0.3767931319728574,1.177923855332398,0.5764888241101478,0.0,4.0,20.0,0.3
9.241999999999756,-0.3680409681855425,-0.04372567756069038,-0.36557522907627144,0.31010605354363435,0.0,0.31010605354363435,0.48549489938359897,0.37685405279268985,1.1778266028787954,0.5764883711992845,0.0,4.0,20.0,0.3
9.251999999999759,-0.368448737444076,-0.039161596736561,-0.3661373389507732,0.3114012082756401,0.0,0.3114012082756401,0.4855319581324378,0.37678753871677106,1.1785225141102413,0.576487917069526,0.0,4.0,20.0,0.3
9.261999999999762,-0.3688198914589437,-0.03583076907047716,-0.3667300940486704,0.3125524946936555,0.0,0.3125524946936555,0.48557036319610575,0.37645743445098256,1.1787784904984961,0.5764874608324116,0.0,4.0,20.0,0.3
9.271999999999766,-0.36915386412242834,-0.0316486073517904,-0.3673254178488153,0.3127361154781741,0.0,0.3127361154781741,0.4856101009839194,0.37607492383557606,1.1777687515897954,0.5764870037779688,0.0,4.0,20.0,0.3
9.281999999999769,-0.3694456033410655,-0.02769862588059913,-0.3679269490620475,0.31390843958776704,0.0,0.31390843958776704,0.4856511502570415,0.3756366494696661,1.1782355673538318,0.5764865457359282,0.0,4.0,20.0,0.3
9.291999999999772,-0.3696982716650287,-0.023770841212709514,-0.368528308333319,0.31409251460736215,0.0,0.31409251460736215,0.48569348191846134,0.3750708864263114,1.1772682083383563,0.576486086997553,0.0,4.0,20.0,0.3
9.301999999999776,-0.36991700735014316,-0.02078190278331695,-0.3691362981794985,0.3148546990627635,0.0,0.3148546990627635,0.485737060052517,0.374582455568393,1.1773327272956233,0.5764856272428496,0.0,4.0,20.0,0.3
9.31199999999978,-0.37011133506326016,-0.018753884801260296,-0.3697501069461194,0.31558445239632227,0.0,0.31558445239632227,0.48578184347905,0.3740721509066553,1.177469132187742,0.5764851665023525,0.0,4.0,20.0,0.3
9.321999999999782,-0.3702920214088314,-0.017786133373381887,-0.370370363835292,0.3161920434895308,0.0,0.3161920434895308,0.4858277879627026,0.37402654254704437,1.1780174467190252,0.576484704738829,0.0,4.0,20.0,0.3
9.331999999999786,-0.3704696923328818,-0.017830109873841725,-0.3709959904709219,0.3167352420748089,0.0,0.3167352420748089,0.4858748485149781,0.37417561224708057,1.1789095991796346,0.5764842419952766,0.0,4.0,20.0,0.3
9.34199999999979,-0.37064422759044774,-0.017017650399183543,-0.37159946997592175,0.3160721073034618,0.0,0.3160721073034618,0.48592298138336176,0.37436392432608817,1.1782733148176379,0.5764837795632604,0.0,4.0,20.0,0.3
9.351999999999792,-0.370806131219347,-0.015480088640647347,-0.37217004588475633,0.3153715515552263,0.0,0.3153715515552263,0.4859721439945648,0.3748491058753155,1.1779876373071376,0.5764833179793639,0.0,4.0,20.0,0.3
9.361999999999796,-0.37095040835094684,-0.013920533273414741,-0.37270626430718495,0.3149893495999224,0.0,0.3149893495999224,0.48602229325990537,0.375410919367023,1.1784840902338782,0.5764828573538832,0.0,4.0,20.0,0.3
9.3719999999998,-0.37108531013566265,-0.013210655061984301,-0.37321684857802484,0.3142251678156355,0.0,0.3142251678156355,0.4860733849200486,0.3759029571345155,1.1785477728275682,0.5764823973109889,0.0,4.0,20.0,0.3
9.381999999999802,-0.3712139153691618,-0.012899390734149706,-0.3736932648341416,0.3139896984713982,0.0,0.3139896984713982,0.48612537485098134,0.3759625953164476,1.1790406017989565,0.576481938287243,0.0,4.0,20.0,0.3
9.391999999999806,-0.37135003548514495,-0.014429399848798,-0.3741550068971356,0.31390292440179685,0.0,0.31390292440179685,0.4861782200685966,0.3761969978730116,1.1799565241474421,0.5764814794009487,0.0,4.0,20.0,0.3
9.40199999999981,-0.3715086303695035,-0.016706311019075524,-0.37459492814032996,0.3132641505565545,0.0,0.3132641505565545,0.48623188123244154,0.37617626921939185,1.1800501426785266,0.5764810210019587,0.0,4.0,20.0,0.3
9.411999999999813,-0.3716902795797628,-0.019101325594598692,-0.3750032951327776,0.3126440069998588,0.0,0.3126440069998588,0.4862863249766954,0.37585922375679653,1.179959459186412,0.5764805635798348,0.0,4.0,20.0,0.3
9.421999999999816,-0.3719052092321536,-0.02316383505785325,-0.3754012181206126,0.31263290340847016,0.0,0.31263290340847016,0.48634152410918907,0.37518889001098127,1.1803938616971428,0.576480106175374,0.0,4.0,20.0,0.3
9.43199999999982,-0.372164494731562,-0.02785563253563739,-0.3757826725368287,0.31265752261386864,0.0,0.31265752261386864,0.4863974590680076,0.37432665756069466,1.1806851755470043,0.5764796490839239,0.0,4.0,20.0,0.3
9.441999999999823,-0.3724721682959872,-0.03274872659819349,-0.37614524557001366,0.3122304362010875,0.0,0.3122304362010875,0.48645411947103323,0.37332696803064014,1.1802132322477021,0.5764791924383228,0.0,4.0,20.0,0.3
9.451999999999826,-0.3728243271524735,-0.036868253633420486,-0.37647676931406215,0.31143015775147337,0.0,0.31143015775147337,0.48651150423737416,0.3723206044482969,1.1791620807132757,0.5764787368352006,0.0,4.0,20.0,0.3
9.46199999999983,-0.3732203357576353,-0.04153418867477174,-0.376793461941909,0.3114029003716786,0.0,0.3114029003716786,0.48656962040271606,0.3711783369824912,1.1790372767374004,0.5764782815465457,0.0,4.0,20.0,0.3
9.471999999999833,-0.3736697877789018,-0.04749947930846521,-0.37711237344233856,0.3121106898050609,0.0,0.3121106898050609,0.48662848253665064,0.37005086947954385,1.1798241109932663,0.5764778257850733,0.0,4.0,20.0,0.3
9.481999999999836,-0.3741867080807332,-0.05411233293656399,-0.37743865047479674,0.3119274279908372,0.0,0.3119274279908372,0.4866881141105525,0.36926503639623054,1.1795903635615252,0.5764773692980106,0.0,4.0,20.0,0.3
9.49199999999984,-0.374755933753774,-0.05875180852483834,-0.377739064297897,0.3116077902498178,0.0,0.3116077902498178,0.48674854880113655,0.3686560791707878,1.1792989328859673,0.5764769136535064,0.0,4.0,20.0,0.3
9.501999999999843,-0.37536627247296656,-0.06255770766631441,-0.3780251811822664,0.311557882784158,0.0,0.311557882784158,0.48680982761662056,0.3679283518617707,1.1791688598298418,0.576476458333635,0.0,4.0,20.0,0.3
9.511999999999846,-0.3760138421885172,-0.06607651683112475,-0.3783069760609862,0.3114087763264047,0.0,0.3114087763264047,0.4868719961389102,0.3672444805743745,1.1787400559544736,0.576476002882603,0.0,4.0,20.0,0.3
9.52199999999985,-0.3766894951620871,-0.06856992217033107,-0.37857749606154395,0.3114263451326525,0.0,0.3114263451326525,0.4869351031467699,0.36653156299553463,1.1783899609838344,0.5764755476361144,0.0,4.0,20.0,0.3
9.531999999999853,-0.3773854994109844,-0.07028200304116677,-0.3788418202189475,0.311552711953118,0.0,0.311552711953118,0.4869991988024394,0.3657315235306638,1.1779910489977474,0.5764750923660276,0.0,4.0,20.0,0.3
9.541999999999856,-0.37809529131265823,-0.0712578452635791,-0.3791036649286278,0.31154750690809013,0.0,0.31154750690809013,0.48706433296118756,0.36487884995377506,1.1771639120392774,0.5764746369027357,0.0,4.0,20.0,0.3
9.55199999999986,-0.37881999182804,-0.07360226654877033,-0.3793941750200518,0.3132804797586702,0.0,0.3132804797586702,0.48713055387803067,0.36367469802221203,1.1782788012307586,0.5764741797844218,0.0,4.0,20.0,0.3
9.561999999999863,-0.3795725752797728,-0.07641220696279682,-0.3797182246990564,0.3145120569588626,0.0,0.3145120569588626,0.4871979087460747,0.36241618070501347,1.178444391957057,0.5764737207401387,0.0,4.0,20.0,0.3
9.571999999999866,-0.38035159626465653,-0.07872883059447094,-0.3800713107356051,0.3156012542426321,0.0,0.3156012542426321,0.487266445726246,0.3610633364317837,1.1781248617522286,0.576473259943418,0.0,4.0,20.0,0.3
9.58199999999987,-0.3811468829615942,-0.08002741865796885,-0.3804482472359434,0.31679008677981124,0.0,0.31679008677981124,0.4873362135945474,0.3597088462115176,1.1777680940044737,0.5764727976079254,0.0,4.0,20.0,0.3
9.591999999999873,-0.38195146738499913,-0.08073933867628344,-0.38085594307540105,0.3180651617354545,0.0,0.3180651617354545,0.4874072599473949,0.3583391694367514,1.1774223610963792,0.5764723333786432,0.0,4.0,20.0,0.3
9.601999999999876,-0.3827626292381602,-0.08148527767209848,-0.3813054102768,0.3199582246533317,0.0,0.3199582246533317,0.48747962986074966,0.3570283371402195,1.1778160203919223,0.5764718667003134,0.0,4.0,20.0,0.3
9.61199999999988,-0.3835805804078089,-0.08193996335922057,-0.3817983148546875,0.3216109024868285,0.0,0.3216109024868285,0.4875533655182796,0.355848714848041,1.1778375847791716,0.5764713974426047,0.0,4.0,20.0,0.3
9.621999999999883,-0.3843928689272627,-0.08057268607081788,-0.3823146561089173,0.3226672439646308,0.0,0.3226672439646308,0.4876285061050747,0.3546809527477038,1.1770037256703185,0.5764709264992699,0.0,4.0,20.0,0.3
9.631999999999886,-0.3851945373263216,-0.07984444762399162,-0.38288229970587667,0.32487626798692776,0.0,0.32487626798692776,0.48770508588644096,0.3531608665422504,1.1773968211345347,0.5764704525297043,0.0,4.0,20.0,0.3
9.64199999999989,-0.38598783712864027,-0.07890230056257228,-0.3834958259710839,0.32677294370519094,0.0,0.32677294370519094,0.48778313351601577,0.3515284831849226,1.1770851348307658,0.5764699757280317,0.0,4.0,20.0,0.3
9.651999999999893,-0.3867695353773815,-0.07767324431564616,-0.3841542523802177,0.3288686216381245,0.0,0.3288686216381245,0.48786267265164274,0.34996048165658006,1.1770377046892853,0.5764694960877901,0.0,4.0,20.0,0.3
9.661999999999896,-0.38753442041367847,-0.07566618685355633,-0.3848498248113899,0.33076306998332683,0.0,0.33076306998332683,0.4879437217338902,0.3487195122681495,1.1769834676280504,0.5764690139215092,0.0,4.0,20.0,0.3
9.6719999999999,-0.3882811633758399,-0.07399988579589448,-0.38559397054560285,0.3326144584140025,0.0,0.3326144584140025,0.4880262933517137,0.34773212968268286,1.1771376594319243,0.57646852864693,0.0,4.0,20.0,0.3
9.681999999999903,-0.38899901645590734,-0.0704080182637617,-0.3863539837096165,0.33393872135243613,0.0,0.33393872135243613,0.4881103941085255,0.34685131247519857,1.1767088732703852,0.576468041751826,0.0,4.0,20.0,0.3
9.691999999999906,-0.3896861191550705,-0.06767041101649182,-0.38715738258727633,0.33574094782396385,0.0,0.33574094782396385,0.4881960233491005,0.34600554638199915,1.1770475800125029,0.5764675519180896,0.0,4.0,20.0,0.3
9.70199999999991,-0.39034456324936,-0.06463279114277436,-0.38798951967308604,0.33716591620753905,0.0,0.33716591620753905,0.4882831730923065,0.34526911464210275,1.1769524639850806,0.5764670597855494,0.0,4.0,20.0,0.3
9.711999999999913,-0.3909722920362143,-0.06155221325071427,-0.3888480117978459,0.3387366449201573,0.0,0.3387366449201573,0.4883718288750151,0.3443569888424065,1.1771369306462185,0.576466565434117,0.0,4.0,20.0,0.3
9.721999999999916,-0.39156967321031644,-0.05850835041445231,-0.38972914697524075,0.3400887687205884,0.0,0.3400887687205884,0.4884619699100279,0.3433378416719504,1.1769318893473715,0.5764660690078371,0.0,4.0,20.0,0.3
9.73199999999992,-0.3921384767540334,-0.05587457202853741,-0.39063258193023,0.34168365913140314,0.0,0.34168365913140314,0.48855356955212376,0.342236577723147,1.1771487341690587,0.576465570497756,0.0,4.0,20.0,0.3
9.741999999999923,-0.3926827585096004,-0.0535053290218147,-0.39155298447721204,0.3426836451181037,0.0,0.3426836451181037,0.48864659609617195,0.34133229659205594,1.1767273027116607,0.5764650701285763,0.0,4.0,20.0,0.3
9.751999999999926,-0.39320660157936493,-0.05156795937000854,-0.39248802565531776,0.34376036498959983,0.0,0.34376036498959983,0.48874101390760233,0.34062394579623484,1.1768343084759667,0.576464567989916,0.0,4.0,20.0,0.3
9.76199999999993,-0.3937085921215967,-0.04931879151516029,-0.3934216295151161,0.3446151270771891,0.0,0.3446151270771891,0.4888367843995867,0.3400298269993298,1.1769371076685453,0.5764640648254729,0.0,4.0,20.0,0.3
9.771999999999933,-0.39419006308869886,-0.04745622755703352,-0.3943550898706249,0.34521332452825887,0.0,0.34521332452825887,0.4889338661634292,0.33951495618503574,1.1768847732072483,0.5764635605759254,0.0,4.0,20.0,0.3
9.781999999999936,-0.3946594538399929,-0.046667808606755574,-0.3952937289508635,0.34595181620539855,0.0,0.34595181620539855,0.4890322154935079,0.33935556502618003,1.1775247860374842,0.576463054989787,0.0,4.0,20.0,0.3
9.79199999999994,-0.3951202340594,-0.04568847437097425,-0.39621830909761,0.34611630130624466,0.0,0.34611630130624466,0.4891317880546929,0.3392313824779964,1.177584003162696,0.5764625489687163,0.0,4.0,20.0,0.3
9.801999999999943,-0.39557242997153463,-0.045028684000454275,-0.39712736662494247,0.34641580336397354,0.0,0.34641580336397354,0.48923253966452057,0.3394616822232938,1.1783801179138746,0.5764620426002193,0.0,4.0,20.0,0.3
9.811999999999946,-0.3960193476924451,-0.04424516552105611,-0.39801112338098316,0.346083518559408,0.0,0.346083518559408,0.4893344264929054,0.3394751171730891,1.1783328548104668,0.5764615363603849,0.0,4.0,20.0,0.3
9.82199999999995,-0.39645443436349637,-0.04301612731899031,-0.39885561257274527,0.3454664270950682,0.0,0.3454664270950682,0.48943740535010494,0.33928948690915767,1.1777881484621802,0.5764610309434205,0.0,4.0,20.0,0.3
9.831999999999953,-0.39687131910486584,-0.040741415843360135,-0.39964432462630184,0.3442759312155493,0.0,0.3442759312155493,0.48954143271773476,0.33878844151968246,1.1763359700373206,0.5764605271725711,0.0,4.0,20.0,0.3
9.841999999999956,-0.3972776958495217,-0.04105696179305517,-0.40041661059656347,0.3449626791216634,0.0,0.3449626791216634,0.48964646370028747,0.3381641728865234,1.1774590908220832,0.5764600232609787,0.0,4.0,20.0,0.3
9.85199999999996,-0.3977028863747703,-0.04369432202985801,-0.40118223088067134,0.34531097374744346,0.0,0.34531097374744346,0.48975245391253913,0.3374192991746829,1.1781225132804747,0.5764595187595417,0.0,4.0,20.0,0.3
9.861999999999963,-0.39815975485634636,-0.047186485405237115,-0.4019287105659664,0.34514900875543336,0.0,0.34514900875543336,0.48985936444376704,0.3368265800559279,1.1782551841634101,0.5764590142670811,0.0,4.0,20.0,0.3
9.871999999999966,-0.39865278100758295,-0.05077929436886428,-0.4026474538790078,0.34453370374787995,0.0,0.34453370374787995,0.48996716423351816,0.33653575226551025,1.1780985441590313,0.5764585102111633,0.0,4.0,20.0,0.3
9.88199999999997,-0.3991815750538007,-0.05428948145314461,-0.4033343158969209,0.34410995181783505,0.0,0.34410995181783505,0.4900758305050068,0.33614026386533186,1.1782450310309285,0.5764580068203384,0.0,4.0,20.0,0.3
9.891999999999973,-0.3997490582187049,-0.05857120805286952,-0.4039996848503915,0.344142566295862,0.0,0.344142566295862,0.49018534823015947,0.33582040607867875,1.1790723122699351,0.5764575036436307,0.0,4.0,20.0,0.3
9.901999999999976,-0.40035740629513794,-0.06201946329032447,-0.40462733703266646,0.3430184708939767,0.0,0.3430184708939767,0.49029571022843693,0.3353510457375638,1.1781967721214568,0.5764570014662153,0.0,4.0,20.0,0.3
9.91199999999998,-0.4009930816875591,-0.06480612734333438,-0.40521233419984193,0.3426893943565649,0.0,0.3426893943565649,0.4904069166240917,0.33485356114509823,1.1783690354616518,0.5764565005743483,0.0,4.0,20.0,0.3
9.921999999999983,-0.4016678758881518,-0.06920625931017191,-0.4057891834841108,0.3426884702330204,0.0,0.3426884702330204,0.49051897262200617,0.3342292712620756,1.1788176329026647,0.5764559993823575,0.0,4.0,20.0,0.3
9.931999999999986,-0.40238184782459874,-0.07290455117005354,-0.4063354733523631,0.34239303545418287,0.0,0.34239303545418287,0.4906318896495534,0.333675744716663,1.1788349476698547,0.5764554989603485,0.0,4.0,20.0,0.3
9.94199999999999,-0.4031303647906266,-0.07579158858748818,-0.40685130768868955,0.3412363520640341,0.0,0.3412363520640341,0.49074568524317036,0.3332958806000104,1.177685828630339,0.5764549993351679,0.0,4.0,20.0,0.3
9.951999999999993,-0.40390219627142965,-0.07813424723506976,-0.40733776111737674,0.3410650989930783,0.0,0.3410650989930783,0.49086038145817945,0.3331588957287123,1.1780824746949679,0.5764545004983245,0.0,4.0,20.0,0.3
9.961999999999996,-0.40469605199661834,-0.08021388450114073,-0.40780265773713253,0.34089854002909276,0.0,0.34089854002909276,0.4909760028317606,0.33321698232287816,1.1785342140121056,0.5764540021112392,0.0,4.0,20.0,0.3
9.972,-0.40550638254218857,-0.08164017972216772,-0.4082443473214719,0.3406180981763917,0.0,0.3406180981763917,0.49109257562266306,0.3333306838800713,1.1787724400175588,0.5764535042777089,0.0,4.0,20.0,0.3
9.982000000000003,-0.4063308340488876,-0.0828704819249692,-0.4086728784312844,0.3403576863417229,0.0,0.3403576863417229,0.49121012675749937,0.33348534624928045,1.1789354788031583,0.5764530065484623,0.0,4.0,20.0,0.3
9.992000000000006,-0.40716088178927223,-0.08300610330488553,-0.40907983689629024,0.34005132748231937,0.0,0.34005132748231937,0.49132868306789945,0.33377574851421665,1.1790356984379584,0.5764525093375735,0.0,4.0,20.0,0.3
