t,df_hz,rocof_hz_s,dfv_hz,p_vsg_mw,p_pv_support_mw,p_bess_mw,p_diesel_mw,p_wind_mw,p_load_mw,soc,sat_mw,H_v,D_v,alpha
0.002,0.0,0.0,0.0,0.0,0.0,0.06453125010656707,0.425,0.37862863657576173,0.8681598866823288,0.3409728780249555,0.0,3.4704053327441216,21.37541890144348,0.7606090903282166
0.012,-2.8501833032917554e-06,-0.0003180548805399523,-5.650994334180897e-06,-9.369134369779496e-05,0.0,0.06443755876286927,0.4250000000717837,0.37862863657576173,0.8680281678463575,0.340972783447559,0.0,3.4704053327441216,21.37541890144348,0.7606090903282166
0.022000000000000006,-8.971485697170247e-06,-0.000923680550906437,-1.6875928475889536e-05,0.0002948790365230845,0.0,0.06482612914309016,0.4250000007205561,0.3786173773118121,0.8685593300521458,0.3409726886369041,0.0,3.4704053327441216,21.37541890144348,0.7606090903282166
0.032000000000000015,-1.4706048447756189e-05,-0.0005219515849490533,-1.584075732004317e-05,0.0002548449202415257,0.0,0.0647860950268086,0.4250000030387153,0.3786047598070711,0.8685008047640261,0.3409725943157886,0.0,3.4704053327441216,21.37541890144348,0.7606090903282166
0.04200000000000002,-2.3778655132569415e-05,-0.0011145453803965426,-2.8956031425717346e-05,0.00020410172395362815,0.0,0.0647353518305207,0.42500000813593153,0.3785828162851803,0.8683911443874501,0.34097249941318525,0.0,3.4704053327441216,21.37541890144348,0.7606090903282166
0.05200000000000003,-3.954778256882298e-05,-0.0018017104338376151,-4.7157862129083316e-05,0.000581652741271137,0.0,0.06511290284783822,0.42500001762795286,0.3785837253890118,0.8689142644690683,0.340972404245348,0.0,4.6610196232795715,17.72037774324417,0.9089209794998168
0.06200000000000004,-5.7918824512627725e-05,-0.001935845130528686,-5.915849972268211e-05,0.00075136552466344,0.0,0.06528261563123051,0.42500003420646554,0.3785831082716961,0.8691417143591929,0.3409723091938968,0.0,4.6610196232795715,17.72037774324417,0.9089209794998168
0.07200000000000005,-7.73861063135128e-05,-0.0018105782606977132,-6.949729168396035e-05,0.00027726968942107987,0.0,0.06480851979598816,0.4250000609651681,0.3785840115823287,0.8684661587204323,0.3409722142197821,0.0,4.6610196232795715,17.72037774324417,0.9089209794998168
0.08200000000000006,-9.871110161083442e-05,-0.002221802437572612,-8.67695649570576e-05,0.0004724732994503623,0.0,0.06500372340601744,0.42500010097949786,0.3785848969707013,0.8687246671003327,0.34097211885453543,0.0,4.6610196232795715,17.72037774324417,0.9089209794998168
0.09200000000000007,-0.00011960155015248185,-0.0017784084116047667,-9.57338889773111e-05,0.00015615020721652627,0.0,0.0646874003137836,0.42500015743012076,0.37858576479240313,0.8682637726863427,0.3409720239266592,0.0,4.6610196232795715,17.72037774324417,0.9089209794998168
0.10200000000000008,-0.00013821348221435085,-0.002022977764575074,-0.00011114731100211665,0.0008106155544518885,0.0,0.06534186566101896,0.42500023317422236,0.3785866153959681,0.8691606534717774,0.3409719286434403,0.0,4.654594540596008,13.446934223175049,0.8108924925327301
0.11200000000000009,-0.00015766437593587367,-0.0017525386348518498,-0.00012281922815097246,0.000501182767388301,0.0,0.06503243287395537,0.42500033055001674,0.37858744912301506,0.8687055623412497,0.340971833572209,0.0,4.654594540596008,13.446934223175049,0.8108924925327301
0.1220000000000001,-0.00017584739812207678,-0.001819790984046645,-0.00013804682235864468,0.00034510636023891875,0.0,0.06487635646680599,0.42500045173290923,0.37858826630838477,0.8684641775588088,0.3409717382978523,0.0,4.654594540596008,13.446934223175049,0.8108924925327301
0.1320000000000001,-0.00019042466561463374,-0.0013921172145990514,-0.00014712435310809742,0.0007003710517980919,0.0,0.06523162115836517,0.425000598463098,0.3785890672802749,0.8689383304633291,0.3409716433491115,0.0,4.654594540596008,13.446934223175049,0.8108924925327301
0.1420000000000001,-0.00020193423722168622,-0.0007098136378636409,-0.0001527727319664425,-0.00017092401252159943,0.0,0.06436032609404548,0.4250007718015743,0.3785898523603711,0.8676957873879633,0.3409715485786345,0.0,4.654594540596008,13.446934223175049,0.8108924925327301
0.1520000000000001,-0.0001972552983611834,0.0012288701443341312,-0.00013743036107929666,-0.0006793424538711552,0.0,0.06385190765269592,0.42500097175192286,0.3785906218639768,0.8669661672361783,0.3409714549510037,0.0,4.609581261873245,14.016157388687134,0.6870368123054504
0.16200000000000012,-0.00017325697539563535,0.0034207663220368507,-0.00010912556593067149,-0.0013784409568085806,0.0,0.06315280914975849,0.4250011954211865,0.37859137610013943,0.8659788229264115,0.3409713620276501,0.0,4.609581261873245,14.016157388687134,0.6870368123054504
0.17200000000000013,-0.00012817451577445054,0.005044114865698862,-7.495321626321723e-05,-0.0012619219373464516,0.0,0.06326932816922062,0.42500143622489633,0.37859211537177484,0.8661468626359802,0.3409712694482657,0.0,4.609581261873245,14.016157388687134,0.6870368123054504
0.18200000000000013,-6.9016243362964e-05,0.0065317874372425345,-3.390695204767894e-05,-0.0016233435652663727,0.0,0.0629079065413007,0.42500168414767403,0.3785928399757888,0.8656599274650635,0.3409711772684941,0.0,4.609581261873245,14.016157388687134,0.6870368123054504
0.19200000000000014,1.979125644100884e-06,0.007532867305242732,9.746093595443934e-06,-0.0018825117255328193,0.0,0.06264873838103426,0.42500192699679046,0.3785935502031963,0.8653318308355735,0.34097108526384506,0.0,4.609581261873245,14.016157388687134,0.6870368123054504
0.20200000000000015,8.678143008063329e-05,0.008988463798960985,6.732991576769215e-05,-0.00211530643700221,0.0,0.06241594366956486,0.4250021509986745,0.37859424633923844,0.8650577728439225,0.34097099404906284,0.0,4.587710082530975,15.068182349205017,0.7063110768795013
0.21200000000000016,0.00018266316461990485,0.009942206615582675,0.00012830014660674134,-0.002362546319035186,0.0,0.062168703787531886,0.42500234077483096,0.3785949286634968,0.8647818270314026,0.3409709030571683,0.0,4.587710082530975,15.068182349205017,0.7063110768795013
0.22200000000000017,0.00027770296956251714,0.009041980821133382,0.00017270191702538232,-0.0016679683128455955,0.0,0.06286328179372147,0.4250024799627356,0.3785955974500061,0.8658406883627652,0.3409708112256038,0.0,4.587710082530975,15.068182349205017,0.7063110768795013
0.23200000000000018,0.00036211144452466065,0.007725188179382598,0.00021027666257561025,-0.0009538673322160534,0.0,0.06357738277435102,0.42500255348517596,0.3785962529673638,0.8669378484194346,0.34097071906530113,0.0,4.587710082530975,15.068182349205017,0.7063110768795013
0.2420000000000002,0.00042442335309894906,0.0054574774652496934,0.00022948320878166784,-0.001016705904672784,0.0,0.06351454420189429,0.42500254955910816,0.3785968954788385,0.8669520433391315,0.3409706259433895,0.0,4.587710082530975,15.068182349205017,0.7063110768795013
0.25200000000000017,0.00046956109193531213,0.004188541671677495,0.0002530488044684662,-0.0015012150977570264,0.0,0.06303003500881005,0.4250024611858253,0.37859752524247514,0.8663762588766183,0.3409705330793705,0.0,4.6653890907764435,14.98150885105133,0.7352985143661499
0.2620000000000002,0.0005093573613308578,0.0036187046128847585,0.00028437413255987833,-0.0010478733712437815,0.0,0.0634833767353233,0.42500228512538063,0.378598142511199,0.867113866734017,0.3409704406785932,0.0,4.6653890907764435,14.98150885105133,0.7352985143661499
0.2720000000000002,0.0005399813857661168,0.0029917784121633855,0.0003137831872455631,-0.001597829081908871,0.0,0.0629334210246582,0.4250020198735609,0.37859874753291717,0.8664442978843352,0.3409703481971343,0.0,4.6653890907764435,14.98150885105133,0.7352985143661499
0.2820000000000002,0.0005684036271505398,0.002583538305086991,0.0003477801378200314,-0.0012849955640238993,0.0,0.06324625454254318,0.42500166554538965,0.37859934055061795,0.8669794995987068,0.34097025599590025,0.0,4.6653890907764435,14.98150885105133,0.7352985143661499
0.2920000000000002,0.000590002664521838,0.0020536493637566973,0.0003801546278040704,-0.0016623735619261052,0.0,0.06286887654464096,0.42500122307532645,0.3785999218024688,0.8665423399796565,0.34097016373353833,0.0,4.6653890907764435,14.98150885105133,0.7352985143661499
0.3020000000000002,0.0006125466106905198,0.00237490640841804,0.00042473026906152394,-0.001977874000166539,0.0,0.06255337610640054,0.42500069444360233,0.37860049152191166,0.8661854477502947,0.34097007217404124,0.0,4.710211932659149,14.748587608337402,0.7312458097934722
0.3120000000000002,0.0006374832332194428,0.002599588280516777,0.00047230534204588636,-0.001995555082973141,0.0,0.06253569502359393,0.4250000815645817,0.3786010499377569,0.8662393258137011,0.34096998083331465,0.0,4.710211932659149,14.748587608337402,0.7312458097934722
0.32200000000000023,0.0006625971149146724,0.0026285961611584585,0.0005205163998800021,-0.0024915048563038155,0.0,0.062039745250263255,0.4249993858755557,0.37860159727427506,0.8656162780772705,0.340969889568222,0.0,4.710211932659149,14.748587608337402,0.7312458097934722
0.33200000000000024,0.0006852582262072645,0.0019856939151525156,0.000562775259974256,-0.001974933040699535,0.0,0.06255631706586753,0.42499860871793604,0.37860213375128715,0.8664020724003186,0.34096979801621535,0.0,4.710211932659149,14.748587608337402,0.7312458097934722
0.34200000000000025,0.0007065012999787929,0.0023706595654031425,0.0006163523332107386,-0.002627972790344517,0.0,0.061903277316222555,0.4249977518880196,0.3786026595842526,0.8655398123990953,0.3409697071266384,0.0,4.710211932659149,14.748587608337402,0.7312458097934722
0.35200000000000026,0.0007317485622558207,0.0024439477195107814,0.0006703790483719694,-0.002135538021034904,0.0,0.06239571208553217,0.42499681731214245,0.37860317498435614,0.8662725170649105,0.3409696163076499,0.0,4.690779328346252,14.698424935340881,0.7215352654457092
0.36200000000000027,0.0007503450057443383,0.0012431626116846705,0.0007089572286109256,-0.001493519391804153,0.0,0.06303773071476292,0.4249958063676367,0.37860368015859247,0.8672032717028288,0.340969524671363,0.0,4.690779328346252,14.698424935340881,0.7215352654457092
0.3720000000000003,0.0007546071404032165,-8.632983833829094e-05,0.000738741594834508,-0.0013880818553843057,0.0,0.06314316825118277,0.42499472167391417,0.37860417530984936,0.867366837178335,0.34096943258139534,0.0,4.690779328346252,14.698424935340881,0.7215352654457092
0.3820000000000003,0.0007441307536090137,-0.00158953137989214,0.0007584114975624696,-0.0011943119315173873,0.0,0.06333693817504969,0.4249935683990869,0.378604660636989,0.8676357123797938,0.3409693399584223,0.0,4.690779328346252,14.698424935340881,0.7215352654457092
0.3920000000000003,0.0007191711439633019,-0.0032692140366065606,0.0007673547163936529,-0.0005140346057330812,0.0,0.06401721550083399,0.424992354231033,0.3786051363349282,0.8685653140696121,0.3409692467617921,0.0,4.690779328346252,14.698424935340881,0.7215352654457092
0.4020000000000003,0.0006725596348431897,-0.005678057136080394,0.0007552188323939577,0.0004997937289815427,0.0,0.06503104383554861,0.4249910894174507,0.37860560259471643,0.8699376372467968,0.3409691524087997,0.0,4.6321249306201935,14.289937615394592,0.7291599392890931
0.4120000000000003,0.0006025164175732546,-0.007824435136162869,0.0007300734133018338,0.0006035595155890697,0.0,0.06513480962215615,0.4249897876676771,0.37860605960361265,0.8700077724059526,0.3409690573259495,0.0,4.6321249306201935,14.289937615394592,0.7291599392890931
0.4220000000000003,0.0005160602623152891,-0.008856794512595561,0.000703321442402415,0.00018835339699034784,0.0,0.06471960350355742,0.4249884662143229,0.37860650754516056,0.869322378941047,0.3409689621327501,0.0,4.6321249306201935,14.289937615394592,0.7291599392890931
0.43200000000000033,0.0004290849717855878,-0.00857799796070124,0.0006848023392676975,0.00029000054612615645,0.0,0.06482125065269323,0.42498714413763145,0.37860694659926203,0.8693355346195044,0.3409688673672608,0.0,4.6321249306201935,14.289937615394592,0.7291599392890931
0.44200000000000034,0.00034654033582344907,-0.008114448644915876,0.00066496265725565,0.00042699771074740866,0.0,0.06495824781731448,0.42498583955964037,0.3786073769422496,0.8693771686136225,0.3409687725147743,0.0,4.6321249306201935,14.289937615394592,0.7291599392890931
0.45200000000000035,0.0002682118343898979,-0.007711217279054484,0.0006404486167496804,0.0005991920307618035,0.0,0.06513044213732888,0.4249845685752688,0.3786077987469575,0.8694499324261012,0.34096867739252246,0.0,4.549723595380783,13.831957578659058,0.7325277149677276
0.46200000000000035,0.00019818417769490977,-0.006547365467937033,0.0006213043715608019,0.00042754963714677127,0.0,0.06495879974371384,0.42498334526795,0.37860821218279056,0.8690269543994961,0.34096858254184664,0.0,4.549723595380783,13.831957578659058,0.7325277149677276
0.47200000000000036,0.0001378722997685432,-0.006003613281047585,0.0005937798219744725,0.0010876497916703935,0.0,0.06561889989823746,0.4249821811253914,0.3786086174157926,0.8697592546530496,0.34096848722888295,0.0,4.549723595380783,13.831957578659058,0.7325277149677276
0.4820000000000004,7.367200116074756e-05,-0.0066592324620709424,0.0005439844647420458,0.0015000196130154709,0.0,0.06603126971958255,0.4249810852384255,0.37860901460871305,0.8701357365408662,0.34096839069994284,0.0,4.549723595380783,13.831957578659058,0.7325277149677276
0.4920000000000004,1.0311913931668143e-05,-0.00602309208390223,0.0004999349610622389,0.001377542172358931,0.0,0.065908792278926,0.42498006641209685,0.3786094039210723,0.8697565366665628,0.3409682944375286,0.0,4.549723595380783,13.831957578659058,0.7325277149677276
0.5020000000000003,-4.572611104150828e-05,-0.005084529829105448,0.00045497938942394057,0.0011726967202927367,0.0,0.06570394682685982,0.42497913265215015,0.3786097855092257,0.8692607726835245,0.3409681980959734,0.0,4.475423276424408,13.628247380256653,0.7319785952568054
0.5120000000000003,-9.092215060603027e-05,-0.004057673071907113,0.00040876905982835854,0.0013226736868785802,0.0,0.06585392379344565,0.4249782899034744,0.37861015952642635,0.869265812049631,0.3409681016807713,0.0,4.475423276424408,13.628247380256653,0.7319785952568054
0.5220000000000004,-0.00012434468133634328,-0.0028047734396624414,0.00036390069027717104,0.0012757593531279004,0.0,0.06580700945969498,0.42497754157482415,0.37861052612288687,0.869003926303315,0.3409680052994303,0.0,4.475423276424408,13.628247380256653,0.7319785952568054
0.5320000000000004,-0.00014842302798177628,-0.0022244569229812735,0.0003101796840305634,0.001900042997823764,0.0,0.06643129310439083,0.42497688851849724,0.3786108854458394,0.8696946820207652,0.34096790841706714,0.0,4.475423276424408,13.628247380256653,0.7319785952568054
0.5420000000000004,-0.00016711456764737724,-0.0015806126939496607,0.000253630201930212,0.0018571193414665325,0.0,0.0663883694480336,0.4249763296690247,0.3786112376395951,0.8694664533694945,0.3409678113421606,0.0,4.475423276424408,13.628247380256653,0.7319785952568054
0.5520000000000004,-0.00017651007554699835,-0.0005865308839681158,0.00020015231762154258,0.002030461864261574,0.0,0.06656171197082865,0.42497586274546223,0.3786115828456017,0.869560180086895,0.34096771438909185,0.0,4.445554345846176,13.814812898635864,0.7295967817306519
0.5620000000000004,-0.0001868341912114447,-0.001347639656765576,0.00012275916112485826,0.002676846737952725,0.0,0.0672080968445198,0.42497548398673357,0.3786119212025007,0.8703368893734217,0.3409676161585235,0.0,4.445554345846176,13.814812898635864,0.7295967817306519
0.5720000000000004,-0.0002027018035849234,-0.0014991302654119418,4.4512361918287674e-05,0.002615432087497237,0.0,0.0671466821940643,0.42497518989545846,0.37861225284618266,0.8701419186682687,0.3409675178189674,0.0,4.445554345846176,13.814812898635864,0.7295967817306519
0.5820000000000004,-0.00021947971506573277,-0.0017685026693145922,-3.8619974505938765e-05,0.0030055240910640537,0.0,0.06753677419763113,0.42497497802632034,0.37861257790984215,0.8706007433163497,0.3409674191618053,0.0,4.445554345846176,13.814812898635864,0.7295967817306519
0.5920000000000004,-0.0018696375496591712,-0.31134192406859107,-0.004280193370365671,0.1884864143293538,0.0,0.2530176644359209,0.4249748670040293,0.378612896524031,1.1299042760098206,0.34096710320884416,0.0,4.445554345846176,13.814812898635864,0.7295967817306519
0.6020000000000004,-0.006500104237295339,-0.5456515661243022,-0.009440011421138822,0.189428056530057,0.0,0.2539593066366241,0.4249751996765226,0.3786132088167109,1.1296519349994685,0.34096673288716967,0.0,4.54658317565918,27.7853262424469,0.3967702284455299
0.6120000000000004,-0.012769552295877284,-0.6706697274501348,-0.01433001584989506,0.19133855635325414,0.0,0.2558698064598212,0.42497682824114064,0.3786135149133045,1.129494947433363,0.3409663599806216,0.0,4.54658317565918,27.7853262424469,0.3967702284455299
0.6220000000000004,-0.01989674031069041,-0.7341561001576804,-0.01914737523999558,0.19418641445019025,0.0,0.2587176645567573,0.4249808730046592,0.3786138149367463,1.1294128727185102,0.34096598304097686,0.0,4.54658317565918,27.7853262424469,0.3967702284455299
0.6320000000000005,-0.02740395853943053,-0.7578601291185096,-0.023893305033963343,0.1976334287288914,0.0,0.26216467883545846,0.4249885471868995,0.3786141090075313,1.1289984610918924,0.3409656021237406,0.0,4.54658317565918,27.7853262424469,0.3967702284455299
0.6420000000000005,-0.034995452193325324,-0.7571113922045168,-0.02860269913030752,0.20121162684068697,0.0,0.26574287694725407,0.42500105540371597,0.378614397243764,1.127690820658299,0.34096521545990305,0.0,4.54658317565918,27.7853262424469,0.3967702284455299
0.6520000000000005,-0.04245212497810109,-0.7298924905019816,-0.0330066438602298,0.20616877655261348,0.0,0.2707000266591806,0.42501953410915666,0.3786146797612057,1.1273564131192568,0.3409648226531787,0.0,6.472096025943756,27.602422833442688,0.21029017567634584
0.6620000000000005,-0.049360312545990624,-0.666270826484559,-0.03632078247046561,0.21187946306630234,0.0,0.2764107131728694,0.42504500639046605,0.378614956673321,1.1271699863807148,0.3409644220253385,0.0,6.472096025943756,27.602422833442688,0.21029017567634584
0.6720000000000005,-0.05568765174516655,-0.6112930760698805,-0.039684120885160185,0.21863680100998872,0.0,0.2831680511165558,0.4250783216684896,0.37861522809132314,1.1276429709491231,0.34096401229514456,0.0,6.472096025943756,27.602422833442688,0.21029017567634584
0.6820000000000005,-0.06149511039529535,-0.5607105511233921,-0.04311084089672394,0.22557371396276546,0.0,0.2901049640693325,0.425120152117776,0.3786154941242187,1.1277333018697027,0.3409635922972503,0.0,6.472096025943756,27.602422833442688,0.21029017567634584
0.6920000000000005,-0.06680186521831791,-0.5105483431577064,-0.046592429287446294,0.2322172733683124,0.0,0.29674852347487946,0.4251710150078187,0.3786157548788517,1.1269627734386776,0.34096316257732523,0.0,6.472096025943756,27.602422833442688,0.21029017567634584
0.7020000000000005,-0.07161154983825761,-0.4619587014806413,-0.050170033664480786,0.2394539698597305,0.0,0.30398521996629757,0.4252312866992289,0.37861601045994614,1.126767791958033,0.3409627222737573,0.0,6.421327173709869,24.311902225017548,0.14801641702651977
0.7120000000000005,-0.07596088040264232,-0.41684454556803924,-0.05394387445432283,0.24731769871019635,0.0,0.3118489488167634,0.42530121351368505,0.3786162609701485,1.127402101557009,0.34096227103639687,0.0,6.421327173709869,24.311902225017548,0.14801641702651977
0.7220000000000005,-0.07984923769866469,-0.3702689301399913,-0.05778714119369131,0.254726698111235,0.0,0.31925794821780207,0.4253809258433778,0.3786165065100684,1.1275537792624508,0.34096180917965163,0.0,6.421327173709869,24.311902225017548,0.14801641702651977
0.7320000000000005,-0.08328258577127828,-0.32549716950644836,-0.061718886112360045,0.26265095394818905,0.0,0.3271822040547561,0.4254704468264728,0.37861674717831945,1.1287706144658545,0.34096133516301613,0.0,6.421327173709869,24.311902225017548,0.14801641702651977
0.7420000000000005,-0.08626956668070407,-0.28105946907043394,-0.06571439400581583,0.2699101670408813,0.0,0.33444141714744835,0.42556970042861336,0.3786169830715587,1.1295792847661774,0.34096085072999927,0.0,6.421327173709869,24.311902225017548,0.14801641702651977
0.7520000000000006,-0.08882593112463952,-0.23954718160617422,-0.06979369425638786,0.27687032432301184,0.0,0.3414015744295789,0.42567852001863576,0.37861721428452544,1.1306635710324722,0.3409603557937343,0.0,6.174448311328888,25.439557433128357,0.06566582322120668
0.7620000000000006,-0.09099685262772557,-0.2020191407252656,-0.07399764837206654,0.28250194696389064,0.0,0.3470331970704577,0.42579665820733215,0.3786174409100792,1.1307429376956302,0.3409598515269353,0.0,6.174448311328888,25.439557433128357,0.06566582322120668
0.7720000000000006,-0.09279326913110905,-0.16495155636354225,-0.07821463822771332,0.2871081388378043,0.0,0.35163938894437136,0.42592379985753076,0.3786176630392373,1.1303883530250933,0.3409593400556268,0.0,6.174448311328888,25.439557433128357,0.06566582322120668
0.7820000000000006,-0.09422989219285381,-0.12987602476562077,-0.08242770653326331,0.2909893865916166,0.0,0.3555206366981837,0.4260595701005899,0.37861788076121095,1.1301457782290454,0.34095882259413013,0.0,6.174448311328888,25.439557433128357,0.06566582322120668
0.7920000000000006,-0.09533933363853837,-0.09872301475413714,-0.0866282254040942,0.2940619168455884,0.0,0.3585931669521555,0.42620354167417746,0.37861809416344155,1.1300003443490927,0.3409582997758147,0.0,6.174448311328888,25.439557433128357,0.06566582322120668
0.8020000000000006,-0.0961686220470001,-0.07470889834935913,-0.09086738013647433,0.2968367881625617,0.0,0.3613680382691288,0.4263552449805067,0.37861830333163565,1.130744671271338,0.3409577728023219,0.0,4.29302904009819,39.60546910762787,0.04447878599166871
0.8120000000000006,-0.09682742865694799,-0.059716349619671344,-0.09525848564081281,0.29805493123904914,0.0,0.3625861813456162,0.4265141819977528,0.3786185083497991,1.130686282893371,0.3409572434200762,0.0,4.29302904009819,39.60546910762787,0.04447878599166871
0.8220000000000006,-0.09732468461959128,-0.0432282520076749,-0.09946072204659626,0.2979339564792588,0.0,0.36246520658582587,0.4266798461614254,0.3786187093002713,1.1301605958527396,0.3409567135210557,0.0,4.29302904009819,39.60546910762787,0.04447878599166871
0.8320000000000006,-0.09767288416417706,-0.029539514631642616,-0.10347327066965624,0.29748112294829315,0.0,0.3620123730548602,0.4268517278317962,0.37861890626375777,1.1305649762714105,0.34095618358522606,0.0,4.29302904009819,39.60546910762787,0.04447878599166871
0.8420000000000006,-0.0979049691412278,-0.019651522790557242,-0.1072741529170528,0.2964285666312449,0.0,0.36095981673781197,0.42702931727627474,0.37861909931936294,1.1314829469760965,0.34095565517981824,0.0,4.29302904009819,39.60546910762787,0.04447878599166871
0.8520000000000006,-0.09805638638157774,-0.010776126849442727,-0.11075780649621408,0.2936832783113667,0.0,0.3582145284179338,0.42721211148422733,0.37861928854462157,1.1313171501117143,0.3409551299577099,0.0,3.8391380310058594,45.34904956817627,0.1221429705619812
0.8620000000000007,-0.09808426540261471,0.0010586094990460305,-0.11365918505059536,0.29106626659919493,0.0,0.355597516705762,0.4273996190500774,0.37861947401553014,1.1324995581035169,0.3409546084743464,0.0,3.8391380310058594,45.34904956817627,0.1221429705619812
0.8720000000000007,-0.09804555358114735,0.004969803951054884,-0.11627360458413838,0.2864183888204283,0.0,0.3509496389269954,0.42759135575812524,0.37861965580657747,1.1318730347475863,0.3409540924756595,0.0,3.8391380310058594,45.34904956817627,0.1221429705619812
0.8820000000000007,-0.09799924859300281,0.0038158586066058472,-0.1185736680514634,0.28101916721254644,0.0,0.3455504173191135,0.4277868528786008,0.3786198339907743,1.1310976471497063,0.34095358398918457,0.0,3.8391380310058594,45.34904956817627,0.1221429705619812
0.8920000000000007,-0.09798927610577958,-0.0015252038558456662,-0.12055184453388862,0.2750342899066144,0.0,0.33956554001318145,0.42798566816964684,0.37862000863968287,1.1302612222342492,0.34095308419998016,0.0,3.8391380310058594,45.34904956817627,0.1221429705619812
0.9020000000000007,-0.09806880865075893,-0.012504872343892855,-0.12223475004658271,0.26926423447318104,0.0,0.3337954845797481,0.4281873935196673,0.3786201798234455,1.1303253151712238,0.34095259235487607,0.0,3.2283340133726597,47.13813662528992,0.11452535390853882
0.9120000000000007,-0.09827826943773402,-0.02691966747951635,-0.12358184169282693,0.26375128317574414,0.0,0.3282825332823112,0.4283916628243744,0.37862034761081287,1.131172723562785,0.34095210863432673,0.0,3.2283340133726597,47.13813662528992,0.11452535390853882
0.9220000000000007,-0.09863766040572679,-0.04215275618823784,-0.12457715895916419,0.25689731166594154,0.0,0.3214285617725086,0.42859815744865487,0.3786205120691718,1.1303813283951087,0.3409516348690269,0.0,3.2283340133726597,47.13813662528992,0.11452535390853882
0.9320000000000007,-0.09916406230787884,-0.05985556174980872,-0.12526064808623086,0.2503938117685776,0.0,0.3149250618751447,0.4288066073829963,0.3786206732645718,1.1301369814776114,0.34095117048503476,0.0,3.2283340133726597,47.13813662528992,0.11452535390853882
0.9420000000000007,-0.09987666959897072,-0.07910430994024294,-0.1256495216271651,0.24413802091365203,0.0,0.3086692710202191,0.4290167916028556,0.3786208312617522,1.130113748874392,0.34095071567267954,0.0,3.2283340133726597,47.13813662528992,0.11452535390853882
0.9520000000000007,-0.10078909519906708,-0.09893427857499723,-0.12574765089905965,0.23828039268772486,0.0,0.30281164279429196,0.4292285386451745,0.3786209861241676,1.1303459865560967,0.3409502698079793,0.0,2.857250362634659,47.91874885559082,0.07467477321624755
0.9620000000000007,-0.10187992755345139,-0.116331612268107,-0.12547817884502166,0.23247988315992466,0.0,0.29701113326649176,0.4294417253657077,0.3786211379140137,1.130176230357328,0.3409498323463945,0.0,2.857250362634659,47.91874885559082,0.07467477321624755
0.9720000000000008,-0.10315234166566327,-0.1345881613344104,-0.12498849297710916,0.22681921998403917,0.0,0.2913504700906062,0.4296562711080612,0.3786212866922523,1.1295561858514402,0.34094940324759415,0.0,2.857250362634659,47.91874885559082,0.07467477321624755
0.9820000000000008,-0.10461350693489646,-0.1538182496721484,-0.12433291428952042,0.22241682903906987,0.0,0.2869480791456369,0.4298721347374493,0.37862143251863567,1.129911548324685,0.3409489812621196,0.0,2.857250362634659,47.91874885559082,0.07467477321624755
0.9920000000000008,-0.10627105614262733,-0.17342266540185158,-0.12356109116213128,0.21833580843752476,0.0,0.28286705854409183,0.4300893135128609,0.3786215754517304,1.1298068838711364,0.3409485651345872,0.0,2.857250362634659,47.91874885559082,0.07467477321624755
1.0020000000000007,-0.10811402153277441,-0.19359221546182917,-0.12277013574586279,0.21456160453558532,0.0,0.2790928546421524,0.4303078414970711,0.3786217155489413,1.1291200471908596,0.34094815517319765,0.0,3.292347352951765,45.9808474779129,0.035932785272598244
1.0120000000000007,-0.11021784859464678,-0.22029532156297343,-0.12228319049841778,0.21164855304610602,0.0,0.2761798031526731,0.4305277875047874,0.37862185286653405,1.1285804015660919,0.34094774996664284,0.0,3.292347352951765,45.9808474779129,0.035932785272598244
1.0220000000000007,-0.1125451139953721,-0.24013117830162864,-0.12176214048476336,0.2102515209194744,0.0,0.2747827710260415,0.4307492625194929,0.3786219874596581,1.1290660800242276,0.34094734742983,0.0,3.292347352951765,45.9808474779129,0.035932785272598244
1.0320000000000007,-0.11502806543923433,-0.25283093247620636,-0.12121363235669685,0.20840477437342925,0.0,0.2729360244799963,0.4309724121142913,0.3786221193823685,1.1277873156326272,0.3409469473823032,0.0,3.292347352951765,45.9808474779129,0.035932785272598244
1.0420000000000007,-0.11759977002682366,-0.25982215480219195,-0.12066623875513001,0.20856529083141653,0.0,0.27309654093798363,0.43119740079313573,0.3786222486876481,1.1281742452382988,0.34094654878292835,0.0,3.292347352951765,45.9808474779129,0.035932785272598244
1.0520000000000007,-0.12023497318367517,-0.268146982298458,-0.12029994426946361,0.20958936067182926,0.0,0.27412061077839633,0.4314243982940073,0.3786223754274283,1.1286361997213497,0.3409461488458059,0.0,3.8325710892677307,42.87111222743988,0.03183692693710327
1.0620000000000007,-0.12301777658684954,-0.2833810279631642,-0.12044582222384384,0.2117667451142869,0.0,0.27629799522085396,0.4316535758957231,0.3786224996526104,1.1296432801446903,0.340945746226218,0.0,3.8325710892677307,42.87111222743988,0.03183692693710327
1.0720000000000007,-0.125885397633047,-0.28777509465650997,-0.12065486484352428,0.21396408694339747,0.0,0.27849533704996454,0.43188511673993185,0.3786226214130855,1.1296785586544966,0.3409453403486862,0.0,3.8325710892677307,42.87111222743988,0.03183692693710327
1.0820000000000007,-0.12874533378827183,-0.2838417123937761,-0.12093811773367573,0.2169375109034474,0.0,0.2814687610100145,0.43211920603689363,0.37862274075775504,1.1298683067998474,0.34094493054845065,0.0,3.8325710892677307,42.87111222743988,0.03183692693710327
1.0920000000000007,-0.13152526369052206,-0.27341195070160607,-0.12130749822954842,0.22049049139222876,0.0,0.28502174149879583,0.43235601303026766,0.37862285773455007,1.1300251506785588,0.3409445160945951,0.0,3.8325710892677307,42.87111222743988,0.03183692693710327
1.1020000000000008,-0.134188250889759,-0.265039842350783,-0.12196083889487946,0.22496939304401178,0.0,0.2895006431505789,0.432595677915699,0.37862297239045073,1.130737532385507,0.34094409541748494,0.0,4.13943837583065,36.87819004058838,0.009488224983215332
1.1120000000000008,-0.1368705482637262,-0.26814745469748547,-0.123379287483293,0.2297206539574697,0.0,0.2942519040640368,0.43283831003644174,0.37862308477150514,1.131259076097262,0.34094366816595706,0.0,4.13943837583065,36.87819004058838,0.009488224983215332
1.1220000000000008,-0.13950486740686247,-0.2589400031492435,-0.12488830125808349,0.23490612713557232,0.0,0.29943737724213937,0.43308400764202504,0.37862319492284763,1.131974043397261,0.3409432333952143,0.0,4.13943837583065,36.87819004058838,0.009488224983215332
1.1320000000000008,-0.1419908935453673,-0.24082406609229282,-0.12647599086450134,0.23985457373915112,0.0,0.3043858238457182,0.4333328504819398,0.37862330288871715,1.1320712628737992,0.340942791492213,0.0,4.13943837583065,36.87819004058838,0.009488224983215332
1.1420000000000008,-0.14426577147536834,-0.21798934667092593,-0.12815576834625741,0.24526681395869743,0.0,0.3097980640652645,0.4335848818149577,0.37862340871247485,1.1326674252500288,0.34094234162714765,0.0,4.13943837583065,36.87819004058838,0.009488224983215332
1.1520000000000008,-0.146280430812307,-0.18852152890284934,-0.12983952535196985,0.2500327836773019,0.0,0.314564033783869,0.43384009826031644,0.37862351243662157,1.1323464034366164,0.34094188468002345,0.0,4.640359610319138,37.87324845790863,0.008910298347473145
1.1620000000000008,-0.14793324429562682,-0.14996369181846744,-0.1313230205608295,0.2541465192760642,0.0,0.31867776938263126,0.43409844191862584,0.37862361410281503,1.1312192801216243,0.34094142094654156,0.0,4.640359610319138,37.87324845790863,0.008910298347473145
1.1720000000000008,-0.14921775945514382,-0.11488110554377104,-0.1328795391098549,0.2600100251637791,0.0,0.32454127527034615,0.43435978760163346,0.37862371375188625,1.132775077545316,0.3409409499092271,0.0,4.640359610319138,37.87324845790863,0.008910298347473145
1.1820000000000008,-0.15016295505945293,-0.08088165909897753,-0.13448591958453335,0.2632783605793191,0.0,0.32780961068588615,0.4346239447104735,0.3786238114238562,1.1310607741589136,0.34094047266012906,0.0,4.640359610319138,37.87324845790863,0.008910298347473145
1.1920000000000008,-0.15077787896351752,-0.04869032594782027,-0.1361350341997488,0.2673379583929894,0.0,0.3318692084995565,0.4348906665726516,0.37862390715795197,1.1309455144880751,0.34093998949663457,0.0,4.640359610319138,37.87324845790863,0.008910298347473145
1.2020000000000008,-0.15107137599366743,-0.013808918047678812,-0.13768840982103497,0.27085505328435633,0.0,0.3353863033909234,0.4351596567897111,0.3786240009926221,1.1306777779475752,0.34093950117210314,0.0,4.326556205749512,42.516334652900696,0.01677326560020448
1.2120000000000009,-0.1509418590549856,0.029280145681391447,-0.1387930964227091,0.2742000320215758,0.0,0.33873128212814285,0.4354305718482522,0.37862409296555244,1.1308395368772084,0.3409390074969074,0.0,4.326556205749512,42.516334652900696,0.01677326560020448
1.2220000000000009,-0.15044001476074476,0.0631867373119448,-0.13992255444448765,0.276855188973529,0.0,0.3413864390800961,0.43570301101311104,0.37862418311368107,1.1307695482946876,0.3409385097912541,0.0,4.326556205749512,42.516334652900696,0.01677326560020448
1.2320000000000009,-0.14964302977950006,0.09003142166613926,-0.14106573932037914,0.2788899185022587,0.0,0.34342116860882577,0.43597652673289333,0.37862427147321326,1.1306413123501855,0.3409380085662521,0.0,4.326556205749512,42.516334652900696,0.01677326560020448
1.2420000000000009,-0.14860304775493396,0.11263770879757669,-0.1421873960889314,0.27990905928057985,0.0,0.3444403093871469,0.4362506429604934,0.3786243580796359,1.1299615084378247,0.34093750560721997,0.0,4.326556205749512,42.516334652900696,0.01677326560020448
1.252000000000001,-0.1473651813859316,0.13254763735758968,-0.14321645157143123,0.28088568564387656,0.0,0.34541693575044363,0.43652486813859426,0.37862444296773184,1.1301348051384803,0.3409370007432811,0.0,4.31746232509613,44.804790019989014,0.11466856598854064
1.262000000000001,-0.1458892804028675,0.15638655079119748,-0.14389608663159628,0.28052026930602414,0.0,0.3450515194125912,0.43679870344548366,0.3786245261715937,1.1293414847266843,0.34093649610802346,0.0,4.31746232509613,44.804790019989014,0.11466856598854064
1.272000000000001,-0.14422638838845064,0.17184845926216177,-0.14452847063576876,0.27987282853187895,0.0,0.344404078638446,0.4370716400710416,0.37862460772463785,1.1290593627199308,0.34093599212688547,0.0,4.31746232509613,44.804790019989014,0.11466856598854064
1.282000000000001,-0.14245020863509697,0.18078550936810753,-0.14510091463111768,0.2786710425044997,0.0,0.3432022926110668,0.437343168174879,0.37862468765961743,1.1288966270532597,0.34093548957237213,0.0,4.31746232509613,44.804790019989014,0.11466856598854064
1.292000000000001,-0.14061224849789936,0.18525045675546492,-0.145587191943084,0.2764229118362262,0.0,0.34095416194279327,0.4376127913594784,0.378624766008636,1.1281372460786638,0.3409349899554838,0.0,4.31746232509613,44.804790019989014,0.11466856598854064
1.302000000000001,-0.13875932486536857,0.18605605105086143,-0.1459420742344145,0.27431051608357293,0.0,0.33884176619014,0.43788003658401614,0.37862484280316,1.1283916879744242,0.34093449304539736,0.0,3.8137698471546173,46.47628724575043,0.13189539313316345
1.312000000000001,-0.13687967316757765,0.18815872294509128,-0.1459830208083562,0.27157187784863285,0.0,0.3361031279551999,0.4381444608279938,0.37862491807403165,1.1285127934425414,0.34093400015255926,0.0,3.8137698471546173,46.47628724575043,0.13189539313316345
1.322000000000001,-0.13501956447824454,0.18376997476422058,-0.1459199859618938,0.26830418137928413,0.0,0.3328354314858512,0.4384056499846922,0.3786249918514811,1.1285495714632825,0.34093351189759546,0.0,3.8137698471546173,46.47628724575043,0.13189539313316345
1.332000000000001,-0.13323182064382283,0.17492411353656678,-0.14574004615159813,0.2639906658451514,0.0,0.3285219159517185,0.43866322467098495,0.37862506416513875,1.127690533696757,0.34093302915180507,0.0,3.8137698471546173,46.47628724575043,0.13189539313316345
1.342000000000001,-0.13155683282570224,0.1621595964053878,-0.1454440568596364,0.25998352052911766,0.0,0.32451477063568474,0.4389168484866493,0.37862513504404727,1.1277304663114927,0.3409325521969253,0.0,3.8137698471546173,46.47628724575043,0.13189539313316345
1.352000000000001,-0.13002710638582354,0.14753992605361566,-0.1449884228243138,0.25614446807369173,0.0,0.3206757181802588,0.4391662333968645,0.378625204516673,1.1283677238153802,0.3409320811108202,0.0,3.19300390034914,47.16931462287903,0.10373625755310059
1.362000000000001,-0.1286260442262113,0.13465533366530677,-0.14423210126762134,0.2516891594577787,0.0,0.3162204095643458,0.4394111420787159,0.37862527261091744,1.1283717833287623,0.3409316158751048,0.0,3.19300390034914,47.16931462287903,0.10373625755310059
1.372000000000001,-0.12737750189494293,0.1179511282351376,-0.14335708342642342,0.24729199437922025,0.0,0.31182324448578735,0.43965138355816846,0.37862533935412857,1.1285573069898351,0.34093115729252516,0.0,3.19300390034914,47.16931462287903,0.10373625755310059
1.382000000000001,-0.12630807434217206,0.09949368676969686,-0.1423597733930115,0.24209982347417452,0.0,0.3066310735807416,0.4398868137484579,0.37862540477311174,1.1276113013167635,0.34093070582439283,0.0,3.19300390034914,47.16931462287903,0.10373625755310059
1.392000000000001,-0.12542487227594087,0.08086595341496726,-0.1412351017499201,0.23693695574549792,0.0,0.301468205852065,0.44011733743630255,0.3786254688941405,1.1265729680464531,0.3409302620046494,0.0,3.19300390034914,47.16931462287903,0.10373625755310059
1.402000000000001,-0.12473292581074205,0.06191875754880407,-0.13998853935968658,0.23266464748522922,0.0,0.2971958975917963,0.4403429067593515,0.3786255317429671,1.1265379556695307,0.34092982485775414,0.0,3.053742118179798,47.558175921440125,0.07047557830810547
1.412000000000001,-0.12421459020705572,0.04451729562338211,-0.13856235300029612,0.22895770722212766,0.0,0.29348895732869473,0.44056351844875,0.3786255933448328,1.12693491490917,0.3409293936988979,0.0,3.053742118179798,47.558175921440125,0.07047557830810547
1.422000000000001,-0.12389063663648256,0.02425718115225506,-0.13711072058230814,0.22544359821724957,0.0,0.28997484832381665,0.44077920893605205,0.3786256537244782,1.127136177135333,0.3409289674419205,0.0,3.053742118179798,47.558175921440125,0.07047557830810547
1.432000000000001,-0.12377026528829654,0.0035673575952391203,-0.1356372171088852,0.22282969595863314,0.0,0.28736094606520024,0.4409900542946235,0.3786257129061529,1.1280428141163017,0.3409285460408136,0.0,3.053742118179798,47.558175921440125,0.07047557830810547
1.442000000000001,-0.12386326713942267,-0.017659925595828446,-0.1341811487571709,0.22050515984440092,0.0,0.285036409950968,0.44119616990378085,0.3786257709136253,1.1287206504861924,0.3409281280912847,0.0,3.053742118179798,47.558175921440125,0.07047557830810547
1.452000000000001,-0.12416750283482968,-0.04051873398368852,-0.1328292791744948,0.2183199668303308,0.0,0.28285121693689785,0.4413977090097342,0.3786258277701925,1.1288939361688661,0.34092771337023464,0.0,3.6786397844552994,46.63174271583557,0.041997617483139016
1.462000000000001,-0.12474906792709273,-0.06889936272557146,-0.13182428283592745,0.2171080447437735,0.0,0.28163929485034056,0.4415948616322318,0.378625883498689,1.129705468534298,0.34092730114234526,0.0,3.6786397844552994,46.63174271583557,0.041997617483139016
1.472000000000001,-0.12557087691697166,-0.09002329228488039,-0.1308435494299713,0.21584198227649254,0.0,0.2803732323830596,0.44178786080513754,0.37862593812149653,1.1296939423853727,0.3409268905819554,0.0,3.6786397844552994,46.63174271583557,0.041997617483139016
1.482000000000001,-0.1265681261340596,-0.10542064612153947,-0.12989741673162936,0.21524101600042272,0.0,0.2797722661069898,0.4419769744059993,0.37862599166055266,1.129842261777584,0.3409264811739908,0.0,3.6786397844552994,46.63174271583557,0.041997617483139016
1.492000000000001,-0.12769189947567722,-0.11635967135005836,-0.12900337711085932,0.2152477091008181,0.0,0.27977895920738516,0.44216249033260546,0.37862604413735973,1.1300619272250927,0.34092607205156517,0.0,3.6786397844552994,46.63174271583557,0.041997617483139016
1.5020000000000011,-0.12890377581512766,-0.12561658093726016,-0.1282389063379874,0.21593500036314842,0.0,0.2804662504697155,0.4423447051870808,0.3786260955729934,1.1304631583586868,0.3409256626299204,0.0,3.9107931703329086,44.86674904823303,0.04935073256492617
1.5120000000000011,-0.1302367063583998,-0.13693691264287192,-0.12780153445599562,0.2162848385710883,0.0,0.2808160886776554,0.44252391756506704,0.37862614598811134,1.1296648495821517,0.3409252522845909,0.0,3.9107931703329086,44.86674904823303,0.04935073256492617
1.5220000000000011,-0.13163603917509184,-0.14135270197976596,-0.12743005525378273,0.21847069244125517,0.0,0.28300194254782224,0.44270043019296523,0.37862619540296116,1.1307610420712706,0.34092484001731604,0.0,3.9107931703329086,44.86674904823303,0.04935073256492617
1.5320000000000011,-0.13304865056441467,-0.14035142777584808,-0.1271340681676555,0.2197289155069019,0.0,0.284260165613469,0.4428745413739467,0.37862624383738874,1.1299287250728427,0.34092442518560534,0.0,3.9107931703329086,44.86674904823303,0.04935073256492617
1.5420000000000011,-0.13442530966657074,-0.1355923761308818,-0.12692507744134987,0.22261124752709738,0.0,0.28714249763366445,0.4430465341122136,0.37862629131084635,1.1308014979834045,0.3409240070702303,0.0,3.9107931703329086,44.86674904823303,0.04935073256492617
1.5520000000000012,-0.1357445473439417,-0.1315840019195996,-0.1269227286891847,0.22490524178712237,0.0,0.2894364918936895,0.4432166678211227,0.37862633784240024,1.130351204712042,0.3409235851078386,0.0,3.9298524260520935,41.37315571308136,0.010998469591140758
1.5620000000000012,-0.13708549419183821,-0.13421733574494882,-0.12743604103567138,0.22733905493607878,0.0,0.2918703050426459,0.44338517735396576,0.37862638345073835,1.1297141858425204,0.3409231595971604,0.0,3.9298524260520935,41.37315571308136,0.010998469591140758
1.5720000000000012,-0.13839414498948244,-0.12768201987925543,-0.12800813293407776,0.23043551694707157,0.0,0.29496676705363867,0.4435522844312789,0.3786264281541779,1.1297324489236469,0.3409227300869027,0.0,3.9298524260520935,41.37315571308136,0.010998469591140758
1.5820000000000012,-0.13960309407148258,-0.1158322339368681,-0.12864741713465414,0.23362464610777686,0.0,0.2981558962143439,0.44371819121512296,0.37862647197067273,1.129697998465247,0.34092229604074104,0.0,3.9298524260520935,41.37315571308136,0.010998469591140758
1.5920000000000012,-0.1406715652911601,-0.10057523626124722,-0.1293528302720365,0.2369613561806314,0.0,0.3014926062871985,0.44388306840774777,0.3786265149178203,1.129780154364763,0.3409218573447633,0.0,3.9298524260520935,41.37315571308136,0.010998469591140758
1.6020000000000012,-0.14156594504084588,-0.08099457197657572,-0.1300761023893656,0.23936703436351134,0.0,0.3038982844700784,0.4440470490601976,0.37862655701286896,1.1285636662152303,0.3409214147396554,0.0,4.064287647604942,42.11879372596741,0.006546914577484131
1.6120000000000012,-0.14224543031678466,-0.05963118876107197,-0.13076807983852162,0.2437235528539885,0.0,0.3082548029605556,0.4442102239627977,0.37862659827272505,1.1301686106462623,0.3409209664483191,0.0,4.064287647604942,42.11879372596741,0.006546914577484131
1.6220000000000012,-0.14271999329547896,-0.039220533886978215,-0.13152232882343262,0.24628522515775597,0.0,0.31081647526432304,0.4443726379259993,0.37862663871395924,1.1294316882818247,0.3409205134216733,0.0,4.064287647604942,42.11879372596741,0.006546914577484131
1.6320000000000012,-0.1429849156748594,-0.018188854542598287,-0.1323069307614142,0.2488444932040932,0.0,0.31337574331066026,0.4445342932203754,0.37862667835281344,1.1289515770550032,0.3409200570661524,0.0,4.064287647604942,42.11879372596741,0.006546914577484131
1.6420000000000012,-0.14305195881424868,0.0006331313485009697,-0.13314466816278867,0.25196340643201914,0.0,0.3164946565385862,0.44469515233275747,0.37862671720520746,1.129598194758506,0.3409195962014892,0.0,4.064287647604942,42.11879372596741,0.006546914577484131
1.6520000000000012,-0.14293978610897473,0.019593774021579725,-0.13396859204797779,0.25456917657416667,0.0,0.31910042668073374,0.44485514279081273,0.37862675528674516,1.1299401539366258,0.34091913105209765,0.0,4.145593672990799,43.852505683898926,0.023244917392730713
1.6620000000000013,-0.1425952221180527,0.043756871351011355,-0.13457394059077593,0.2561208181705772,0.0,0.32065206827714426,0.44501416145717587,0.3786267926127209,1.1292650394620471,0.3409186631795395,0.0,4.145593672990799,43.852505683898926,0.023244917392730713
1.6720000000000013,-0.14203873451150056,0.06301193225738042,-0.13519937352608474,0.25785528293745624,0.0,0.3223865330440233,0.4451720696437856,0.3786268291981254,1.1293506614119495,0.34091819276086555,0.0,4.145593672990799,43.852505683898926,0.023244917392730713
1.6820000000000013,-0.14131310400724675,0.0783550042168324,-0.13583592620216461,0.2591278713593497,0.0,0.3236591214659168,0.4453286980013784,0.37862686505765214,1.1293410175351863,0.34091772018773375,0.0,4.145593672990799,43.852505683898926,0.023244917392730713
1.6920000000000013,-0.14045254421013242,0.0907395280320771,-0.13646865146772985,0.25994158920000854,0.0,0.3244728393065756,0.4454838568864469,0.37862690020570294,1.1292747829115086,0.34091724616783925,0.0,4.145593672990799,43.852505683898926,0.023244917392730713
1.7020000000000013,-0.13948161528877723,0.10223455371808471,-0.13703856753830848,0.2600908765447405,0.0,0.3246221266513076,0.44563734459464427,0.378626934656394,1.1288870364491403,0.34091677141439874,0.0,4.069454774260521,45.247204303741455,0.0947372317314148
1.7120000000000013,-0.13837077493586591,0.11620064174274781,-0.13739313472632722,0.25980737818100935,0.0,0.3243386282875764,0.44578895196073054,0.3786269684235613,1.1285009170592808,0.3409162972040396,0.0,4.069454774260521,45.247204303741455,0.0947372317314148
1.7220000000000013,-0.13715940341948032,0.12376622602643735,-0.13773155070193843,0.259733081733676,0.0,0.32426433184024306,0.44593846009063737,0.37862700152076645,1.1290066968764396,0.34091582284209876,0.0,4.069454774260521,45.247204303741455,0.0947372317314148
1.7320000000000013,-0.1358904575740923,0.12863882731603526,-0.13801448471606662,0.258209733453313,0.0,0.32274098355988007,0.44608564718044424,0.3786270339613019,1.1280698421775928,0.34091535027642245,0.0,4.069454774260521,45.247204303741455,0.0947372317314148
1.7420000000000013,-0.1345910129026827,0.13056967612880124,-0.13823800184658117,0.2565561810802546,0.0,0.32108743118682165,0.44623029720654234,0.3786270657581963,1.127516266782448,0.34091487985031077,0.0,4.069454774260521,45.247204303741455,0.0947372317314148
1.7520000000000013,-0.13329032800657525,0.13042825130676244,-0.1383617024485532,0.2550675465157659,0.0,0.319598796622333,0.4463722052555296,0.3786270969242201,1.127725709436207,0.3409144113818275,0.0,3.6339803338050842,46.584110260009766,0.11548417210578918
1.7620000000000013,-0.1319730292042811,0.1317954784601117,-0.13823963613655166,0.2533331620398581,0.0,0.3178644121464252,0.44651118162716386,0.3786271274718901,1.1280614171702372,0.34091394541931974,0.0,3.6339803338050842,46.584110260009766,0.11548417210578918
1.7720000000000014,-0.1306697960662373,0.12890074698992537,-0.1380448485603991,0.250600642854731,0.0,0.31513189296129807,0.4466470501890565,0.3786271574134748,1.1274063866686719,0.34091348295468,0.0,3.6339803338050842,46.584110260009766,0.11548417210578918
1.7820000000000014,-0.1294149706246532,0.12287923776722583,-0.13777206484470267,0.24798085016276547,0.0,0.3125121002693325,0.44677965224365235,0.3786271867609993,1.1272563606929347,0.34091302441976584,0.0,3.6339803338050842,46.584110260009766,0.11548417210578918
1.7920000000000014,-0.12823769720089825,0.1139270515137993,-0.13742662657712904,0.24543380250695676,0.0,0.3099650526135238,0.4469088522489713,0.3786272155262502,1.1274888827252143,0.3409125697979946,0.0,3.6339803338050842,46.584110260009766,0.11548417210578918
1.8020000000000014,-0.1271512262461024,0.10593102311840029,-0.13694407761781366,0.24145253921585866,0.0,0.30598378932242576,0.44703454194140013,0.37862724372078016,1.1259227129440292,0.3409121204745631,0.0,3.338332951068878,47.27796912193298,0.09379720687866211
1.8120000000000014,-0.12612802095995526,0.09928529763445328,-0.1362409725116158,0.23831769085580395,0.0,0.302848940962371,0.4471566404145481,0.3786272713559127,1.1256670087884237,0.34091167572469505,0.0,3.338332951068878,47.27796912193298,0.09379720687866211
1.8220000000000014,-0.12518735582312596,0.09026980949881197,-0.1354529156379848,0.2345725578320448,0.0,0.2991038079386119,0.44727508905149127,0.3786272984427465,1.1245989623311647,0.34091123632669523,0.0,3.338332951068878,47.27796912193298,0.09379720687866211
1.8320000000000014,-0.12434775121285037,0.0795208177093896,-0.1345882382282826,0.23087315217938956,0.0,0.29540440228595666,0.4473898525367793,0.37862732499216023,1.1235637439424282,0.3409108021859835,0.0,3.338332951068878,47.27796912193298,0.09379720687866211
1.8420000000000014,-0.12362783787082529,0.06687193695895381,-0.13366812116284155,0.22791161085303943,0.0,0.2924428609596065,0.44750092113025375,0.3786273510148166,1.1234569532709529,0.3409103726634816,0.0,3.338332951068878,47.27796912193298,0.09379720687866211
1.8520000000000014,-0.12303773948686787,0.05325588392153611,-0.13270287694573243,0.22503283597868415,0.0,0.2895640860852512,0.4476083123554449,0.37862737652116685,1.1232901768824015,0.34090994790561713,0.0,3.4148591682314873,47.13412582874298,0.06846032738685609
1.8620000000000014,-0.12260098620622535,0.03740999419667049,-0.13175067961588793,0.222324193629759,0.0,0.2868554437363261,0.44771207166139404,0.3786274015214548,1.1231203447192666,0.340909526854353,0.0,3.4148591682314873,47.13412582874298,0.06846032738685609
1.8720000000000014,-0.12232562091902273,0.020977351075571325,-0.13079010194289048,0.22054271352919955,0.0,0.28507396363576665,0.4478122743020984,0.3786274260257211,1.1239439704906302,0.34090910877814945,0.0,3.4148591682314873,47.13412582874298,0.06846032738685609
1.8820000000000014,-0.12221040230683189,0.005255077892236731,-0.12982162724065635,0.21878552833460135,0.0,0.2833167784411684,0.44790902515052056,0.37862745004380705,1.1244367737237546,0.34090869367630816,0.0,3.4148591682314873,47.13412582874298,0.06846032738685609
1.8920000000000015,-0.12224850515104518,-0.009671758294515229,-0.1288589892620144,0.2170253475338853,0.0,0.2815565976404524,0.44800245637888503,0.3786274735853589,1.1245086972505054,0.3409082810047037,0.0,3.4148591682314873,47.13412582874298,0.06846032738685609
1.9020000000000015,-0.12243074826741222,-0.025186981822231547,-0.12796605960403726,0.2155983904670461,0.0,0.28012964057361317,0.4480927240707645,0.3786274966598313,1.1245877149280505,0.3409078706536186,0.0,3.767723321914673,45.846205949783325,0.04895001053810122
1.9120000000000015,-0.12280225054387063,-0.04430008053907513,-0.12732117768700246,0.2143142246227323,0.0,0.2788454747292994,0.44818000611895853,0.37862751927649146,1.124394283738669,0.3409074623350306,0.0,3.767723321914673,45.846205949783325,0.04895001053810122
1.9220000000000015,-0.1233329743403548,-0.05862316226642561,-0.12669172094989004,0.21417781084794177,0.0,0.27870906095450887,0.4482645062891991,0.3786275414444226,1.1253235142688323,0.34090705505741786,0.0,3.767723321914673,45.846205949783325,0.04895001053810122
1.9320000000000015,-0.12398871953165655,-0.06948683874107085,-0.12609285558757258,0.21345987811882247,0.0,0.2779911282253895,0.4483464485217033,0.3786275631725278,1.1249358644614242,0.34090664807834886,0.0,3.767723321914673,45.846205949783325,0.04895001053810122
1.9420000000000015,-0.12472669534226326,-0.0763265024758921,-0.12551327886411598,0.21345240191224335,0.0,0.2779836520188104,0.44842606809798874,0.37862758446953354,1.1250350052042863,0.3409062418407474,0.0,3.767723321914673,45.846205949783325,0.04895001053810122
1.9520000000000015,-0.12552268099316857,-0.08234003721799212,-0.1250132107784832,0.21397261939338633,0.0,0.2785038694999534,0.44850360294647557,0.37862760534399315,1.1253703372957058,0.3409058349999278,0.0,3.8402808755636215,44.935075640678406,0.05522995591163635
1.9620000000000015,-0.12638693765806155,-0.08815600703167563,-0.12467516544176097,0.214027213514161,0.0,0.2785584636207281,0.44857928904290345,0.37862762580429005,1.1245743267950217,0.3409054276885329,0.0,3.8402808755636215,44.935075640678406,0.05522995591163635
1.9720000000000015,-0.12727518923080866,-0.08882096108704207,-0.12436278751495579,0.21464539773768604,0.0,0.2791766478442531,0.44865336020352553,0.37862764585864167,1.1241210961561243,0.34090502009310875,0.0,3.8402808755636215,44.935075640678406,0.05522995591163635
1.9820000000000015,-0.12815455844565687,-0.0871313036162778,-0.12410465118693874,0.21611591289151377,0.0,0.28064716299808085,0.44872604106716013,0.37862766551510213,1.1244488838366555,0.3409046108299665,0.0,3.8402808755636215,44.935075640678406,0.05522995591163635
1.9920000000000015,-0.12901208853316165,-0.08460181917769759,-0.12392481345546305,0.2179812940000142,0.0,0.2825125441065813,0.44879754103230474,0.3786276847815659,1.1249553398047853,0.34090419864777527,0.0,3.8402808755636215,44.935075640678406,0.05522995591163635
2.002000000000001,-0.12983156468192736,-0.08189753676468049,-0.1238788266330232,0.21945290960208128,0.0,0.2839841597086483,0.4488680520866563,0.37862770366577064,1.124581528964948,0.34090378455129816,0.0,3.8371220529079437,42.394530177116394,0.024379223585128784
2.012,-0.13068012805822263,-0.08564753609270441,-0.12422219692892679,0.22141590456850294,0.0,0.28594715467507004,0.44893774878997805,0.3786277221753007,1.1246458956787246,0.34090336734177024,0.0,3.8371220529079437,42.394530177116394,0.024379223585128784
2.021999999999999,-0.1315239633886654,-0.0827562046646648,-0.12460690727864902,0.223490831630534,0.0,0.2880220817371011,0.4490067979621698,0.3786277403175899,1.1246886225123027,0.3409029473844472,0.0,3.8371220529079437,42.394530177116394,0.024379223585128784
2.031999999999998,-0.13231260035652997,-0.07597187630843834,-0.1250370886337406,0.22577312382697115,0.0,0.29030437393353825,0.4490753549719499,0.3786277580999245,1.1249018718844837,0.34090252439219054,0.0,3.8371220529079437,42.394530177116394,0.024379223585128784
2.0419999999999967,-0.1330224813494992,-0.06734994861418067,-0.12552293418293428,0.22807126746584272,0.0,0.2926025175724098,0.44914355491078195,0.37862777552944615,1.1250762013604234,0.34090209777756547,0.0,3.8371220529079437,42.394530177116394,0.024379223585128784
2.0519999999999956,-0.13362926252819113,-0.05531320693844444,-0.12602019652507118,0.22959203456529895,0.0,0.294123284671866,0.44921150878372834,0.378627792613155,1.124161354607297,0.3409016685672846,0.0,3.9390781819820404,42.89694905281067,0.017578786611556985
2.0619999999999945,-0.13409052426321957,-0.04027671479401576,-0.12647432903191083,0.23182593326361547,0.0,0.2963571833701826,0.449279299821163,0.3786278093579122,1.124302213874982,0.3409012367222615,0.0,3.9390781819820404,42.89694905281067,0.017578786611556985
2.0719999999999934,-0.13440639556575582,-0.025966019480176898,-0.12696413939757134,0.23366988583579837,0.0,0.2982011359423654,0.44934697842763655,0.3786278257704427,1.124011086605369,0.34090080205620615,0.0,3.9390781819820404,42.89694905281067,0.017578786611556985
2.0819999999999923,-0.13458287363577068,-0.012061358656438375,-0.1274816892877452,0.23510065752274847,0.0,0.2996319076293156,0.4494145634799551,0.3786278418573381,1.1233133767492984,0.3409003648504158,0.0,3.9390781819820404,42.89694905281067,0.017578786611556985
2.091999999999991,-0.1346243462737213,0.0009265626936820655,-0.12802513825542539,0.23676572812879618,0.0,0.3012969782353633,0.44948204548859144,0.3786278576250593,1.1231705281303865,0.34089992513057227,0.0,3.9390781819820404,42.89694905281067,0.017578786611556985
2.10199999999999,-0.1345409560276645,0.014071884742701893,-0.12855390744551393,0.23858434989810343,0.0,0.3031156000046705,0.44954938967851454,0.3786278730799387,1.123517320810679,0.3408994828531225,0.0,3.969478189945221,44.105767011642456,0.04240542054176333
2.111999999999989,-0.13430463728690398,0.029696647221656755,-0.12894709000412014,0.2397449308321317,0.0,0.3042761809386988,0.44961653862687795,0.3786278882281835,1.1232461186030238,0.34089903827280116,0.0,3.969478189945221,44.105767011642456,0.04240542054176333
2.121999999999988,-0.13392533642526896,0.043051439301820295,-0.12934055245119197,0.24070387569538737,0.0,0.30523512580195444,0.44968341016601593,0.3786279030758774,1.1230256593597792,0.3408985926655376,0.0,3.969478189945221,44.105767011642456,0.04240542054176333
2.131999999999987,-0.13343112323320666,0.0534163895355615,-0.12974357730040242,0.2416217505720629,0.0,0.30615300067862994,0.4497499003254795,0.3786279176289837,1.1231126518381926,0.3408981455878687,0.0,3.969478189945221,44.105767011642456,0.04240542054176333
2.1419999999999857,-0.13284043655479072,0.06273178791186824,-0.13012904386762233,0.24163231915619562,0.0,0.30616356926276267,0.44981589000471284,0.378627931893347,1.1223178438130312,0.3408976982989434,0.0,3.969478189945221,44.105767011642456,0.04240542054176333
2.1519999999999846,-0.1321672915065621,0.07088422546891829,-0.13047136362318087,0.24177475952165883,0.0,0.3063060096282259,0.44988124980830263,0.37862794587469617,1.1221135736306187,0.3408972505200827,0.0,3.811169520020485,45.14673948287964,0.08174232244491578
2.1619999999999835,-0.13140166180142063,0.07961779222163262,-0.13067563156104037,0.24231347387541027,0.0,0.3068447239819774,0.44994584303972535,0.3786279595786465,1.1228660495260123,0.340896802390182,0.0,3.811169520020485,45.14673948287964,0.08174232244491578
2.1719999999999824,-0.13057469449452253,0.08452544024618587,-0.13086725788760328,0.24140514824995535,0.0,0.3059363983565224,0.4500095259925812,0.3786279730107016,1.1219853819698447,0.3408963542899711,0.0,3.811169520020485,45.14673948287964,0.08174232244491578
2.1819999999999813,-0.12971060206308152,0.08752672506517814,-0.13102298410970964,0.24057637964220682,0.0,0.3051076297487739,0.4500721532844699,0.37862798617625626,1.1216007239274532,0.340895907319373,0.0,3.811169520020485,45.14673948287964,0.08174232244491578
2.19199999999998,-0.12882257799249752,0.08932865798590714,-0.13112755116737573,0.2394064284290073,0.0,0.3039376785355744,0.45013358296367495,0.3786279990805979,1.1211097421151595,0.34089546227404766,0.0,3.811169520020485,45.14673948287964,0.08174232244491578
2.201999999999979,-0.12792849439350873,0.09007534410617542,-0.13115749480317904,0.23818100346848464,0.0,0.3027122535750517,0.4501936793148516,0.37862801172890914,1.1208910808598629,0.34089501882248663,0.0,3.5442412570118904,46.071359515190125,0.08876042962074279
2.211999999999978,-0.12701221734908524,0.09204322077975037,-0.13101079102517452,0.23684006736307622,0.0,0.3013713174696433,0.45025231504509056,0.37862802412626984,1.120820832181543,0.3408945773416928,0.0,3.5442412570118904,46.071359515190125,0.08876042962074279
2.221999999999977,-0.12610232200288235,0.08993939785919983,-0.13082971861681628,0.23550419439475745,0.0,0.3000354445013245,0.4503093695890163,0.37862803627765895,1.1210251571747547,0.3408941377157017,0.0,3.5442412570118904,46.071359515190125,0.08876042962074279
2.231999999999976,-0.12522996721467589,0.08486606604288324,-0.13061185407715525,0.23466344023481073,0.0,0.2991946903413778,0.4503647330996053,0.37862804818795676,1.1221491452653962,0.3408937001488051,0.0,3.5442412570118904,46.071359515190125,0.08876042962074279
2.2419999999999747,-0.12443438597845662,0.07575768940433253,-0.1303872765103779,0.23369716414798045,0.0,0.2982284142545475,0.4504183122771716,0.3786280598619466,1.1232749808494873,0.3408932634525764,0.0,3.5442412570118904,46.071359515190125,0.08876042962074279
2.2519999999999736,-0.12373677687542732,0.06621788895690583,-0.13011384486629757,0.23186498823022625,0.0,0.2963962383367933,0.4504700364165564,0.3786280713043171,1.1233119783570784,0.340892828823787,0.0,3.49472089856863,46.43375098705292,0.07530271410942077
2.2619999999999725,-0.1231198203549213,0.05846367118990804,-0.1297302612725344,0.23008885808386056,0.0,0.2946201081904276,0.4505198596694724,0.3786280825196636,1.1234949924651954,0.3408923972519792,0.0,3.49472089856863,46.43375098705292,0.07530271410942077
2.2719999999999714,-0.12258979508919751,0.04932010634368521,-0.12930977103951452,0.2279606719204017,0.0,0.2924919220269688,0.45056775732433957,0.37862809351249055,1.1231985263596087,0.34089196826933443,0.0,3.49472089856863,46.43375098705292,0.07530271410942077
2.2819999999999703,-0.12214606703307394,0.040872457365209246,-0.12882993259631653,0.2258609020907388,0.0,0.29039215219730585,0.4506137248084768,0.3786281042872127,1.122905267167359,0.34089154292171703,0.0,3.49472089856863,46.43375098705292,0.07530271410942077
2.291999999999969,-0.12179435897683019,0.031594124598607276,-0.12831766349198842,0.22349385857902812,0.0,0.28802510868559517,0.4506577766920373,0.3786281148481575,1.122152929183716,0.34089112023182344,0.0,3.49472089856863,46.43375098705292,0.07530271410942077
2.301999999999968,-0.12153509814605847,0.021806141143803977,-0.12778430267057572,0.22179835258921213,0.0,0.28632960269577923,0.45069994603550334,0.3786281251995664,1.122209253975333,0.34089070045070324,0.0,3.622062385082245,46.122684478759766,0.06048924922943116
2.311999999999967,-0.12138834552168604,0.010018584524268057,-0.1272915655222302,0.2204975409447168,0.0,0.28502879105128387,0.45074028390823245,0.37862813534559675,1.1226469542008566,0.34089028284481254,0.0,3.622062385082245,46.122684478759766,0.06048924922943116
2.321999999999966,-0.12134953332345313,-0.0002843774987780316,-0.12677294789281562,0.21906276108808062,0.0,0.28359401119464767,0.4507788609910389,0.3786281452903234,1.1226873340533166,0.34088986769591656,0.0,3.622062385082245,46.122684478759766,0.06048924922943116
2.3319999999999648,-0.1214138772361826,-0.010455207425736019,-0.12625264496477728,0.21808490846139217,0.0,0.28261615856795924,0.45081576599727374,0.3786281550377403,1.1231201406490472,0.34088945401834586,0.0,3.622062385082245,46.122684478759766,0.06048924922943116
2.3419999999999637,-0.12157827056757321,-0.020391974092329613,-0.1257400742874525,0.21759885183525884,0.0,0.2821301019418259,0.45085110327829186,0.3786281645917622,1.1239603340564521,0.34088904141149906,0.0,3.622062385082245,46.122684478759766,0.06048924922943116
2.3519999999999626,-0.12184274273738917,-0.030669589880865603,-0.12526568370974658,0.21701743618686384,0.0,0.2815486862934309,0.4508849911511033,0.3786281739562261,1.1243565436298368,0.3408886293480569,0.0,3.7404254376888275,45.65120577812195,0.056276965141296376
2.3619999999999615,-0.12222129739460166,-0.04243634915403909,-0.12489433317640919,0.21749397043918303,0.0,0.2820252205457501,0.4509175610665015,0.3786281831348932,1.1259061841740934,0.3408882172367111,0.0,3.7404254376888275,45.65120577812195,0.056276965141296376
2.3719999999999604,-0.12270496135214515,-0.05156191835777816,-0.12454475739487078,0.21675858597351352,0.0,0.2812898360800806,0.4509489586286516,0.3786281921314497,1.1254161491384147,0.34088780512989486,0.0,3.7404254376888275,45.65120577812195,0.056276965141296376
2.3819999999999593,-0.12325182866797674,-0.05644303419554851,-0.12418763481995547,0.216363546019284,0.0,0.2808947961258511,0.4509793405867285,0.3786282009495088,1.1250533797752404,0.3408873943004298,0.0,3.7404254376888275,45.65120577812195,0.056276965141296376
2.391999999999958,-0.12383013585059556,-0.058622390730206364,-0.12383624758091005,0.21614186996790574,0.0,0.2806731200744728,0.45100886660780826,0.37862820959261184,1.1245877581722987,0.3408869841706407,0.0,3.7404254376888275,45.65120577812195,0.056276965141296376
2.401999999999957,-0.12442020082765828,-0.05979760114879925,-0.1235315133651207,0.2157270492301395,0.0,0.28025829933670654,0.4510376926702804,0.37862821806423025,1.1235162319526222,0.34088657444365256,0.0,3.7821930199861526,44.60910141468048,0.05576523542404174
2.411999999999956,-0.1250425925265102,-0.06328087351656071,-0.12339160388561701,0.21603452958774125,0.0,0.2805657796943083,0.45106596800805354,0.3786282263677663,1.1231480957655258,0.34088616417899215,0.0,3.7821930199861526,44.60910141468048,0.05576523542404174
2.421999999999955,-0.12567747625640416,-0.06342340589930175,-0.12327322049165639,0.216910764492713,0.0,0.2814420145992801,0.45109383761083405,0.3786282345065549,1.1232958737000927,0.3408857533097444,0.0,3.7821930199861526,44.60910141468048,0.05576523542404174
2.4319999999999538,-0.12630733356950213,-0.062440706173196935,-0.12320130677993596,0.2179741805709123,0.0,0.28250543067747935,0.45112143978282854,0.3786282424838648,1.1234493594602462,0.340885340644988,0.0,3.7821930199861526,44.60910141468048,0.05576523542404174
2.4419999999999527,-0.1269198644947491,-0.06016997220763612,-0.1231754029096378,0.21950081663331839,0.0,0.28403206673988546,0.4511489028350855,0.37862825030289976,1.124022118909997,0.34088492608359755,0.0,3.7821930199861526,44.60910141468048,0.05576523542404174
2.4519999999999516,-0.12750097586011067,-0.05778617080487631,-0.12323209435627025,0.22090914814682217,0.0,0.28544039825338924,0.4511763430653961,0.3786282579668001,1.1242330595860013,0.34088450985377267,0.0,3.808931514620781,43.24231028556824,0.044236278533935525
2.4619999999999505,-0.1280909449347578,-0.05934424769898049,-0.12351721429200203,0.2226999464500126,0.0,0.2872311965565797,0.45120386407208013,0.37862826547864376,1.1248327201612522,0.34088409090146166,0.0,3.808931514620781,43.24231028556824,0.044236278533935525
2.4719999999999493,-0.12867370914093912,-0.05710687017658608,-0.12383653615468851,0.22414874908026255,0.0,0.28867999918682963,0.4512315628101181,0.37862827284144757,1.1248514195684138,0.34088366966562234,0.0,3.808931514620781,43.24231028556824,0.044236278533935525
2.4819999999999482,-0.12922144751187808,-0.05311146443517825,-0.12419789197550708,0.22614384005806845,0.0,0.29067509016463555,0.4512595281047805,0.3786282800581687,1.125571473278804,0.3408832457117809,0.0,3.808931514620781,43.24231028556824,0.044236278533935525
2.491999999999947,-0.12971553361331595,-0.046455188417050125,-0.12457960920664822,0.22710936399597115,0.0,0.2916406141025382,0.4512878359502625,0.3786282871317055,1.1248253183885142,0.34088281990589,0.0,3.808931514620781,43.24231028556824,0.044236278533935525
2.501999999999946,-0.1301311027120742,-0.03808501567276429,-0.1249722978412373,0.22843505555111948,0.0,0.29296630565768655,0.4513165462657876,0.3786282940648988,1.1246024777523878,0.3408823923358403,0.0,3.794229209423065,43.45515787601471,0.04032719135284424
2.511999999999945,-0.13045221633682297,-0.028212179979535297,-0.12535500998971025,0.22967540558451074,0.0,0.29420665569107785,0.45134569941186076,0.3786283008605332,1.1243190424503613,0.34088196304009916,0.0,3.794229209423065,43.45515787601471,0.04032719135284424
2.521999999999944,-0.1306836083340389,-0.01977333027601926,-0.12577447018550258,0.23151755788253203,0.0,0.2960488079890991,0.4513753146800159,0.3786283075213377,1.1249751003915427,0.34088153110296276,0.0,3.794229209423065,43.45515787601471,0.04032719135284424
2.5319999999999427,-0.13082773170419712,-0.010774187853738277,-0.12620305664114656,0.23213284599961928,0.0,0.2966640961061864,0.4514053920425127,0.37862831404998765,1.1240467023451135,0.34088109768232594,0.0,3.794229209423065,43.45515787601471,0.04032719135284424
2.5419999999999416,-0.1308891237570346,-0.0034061676163019833,-0.1266609186006776,0.2343810465711049,0.0,0.29891229667767194,0.45143591411411255,0.37862832044910505,1.1255726346300918,0.34088066185156235,0.0,3.794229209423065,43.45515787601471,0.04032719135284424
2.5519999999999405,-0.1308831123819461,0.004189952516177407,-0.1271091609205333,0.2350667922395526,0.0,0.29959804234611964,0.4514668484894289,0.3786283267212598,1.1251058079867735,0.340880223808683,0.0,3.7961542904376984,44.424928426742554,0.057605069875717174
2.5619999999999394,-0.13077512088340834,0.015064806350322847,-0.12743087193666777,0.23583541114661935,0.0,0.30036666125318645,0.4514981503690027,0.378628332868971,1.124964921928406,0.34087978462108304,0.0,3.7961542904376984,44.424928426742554,0.057605069875717174
2.5719999999999383,-0.13056811443506952,0.024181271268212394,-0.1277484491711809,0.23662260642780072,0.0,0.30115385653436777,0.4515297587178407,0.37862833889470776,1.1250778773534773,0.3408793447878821,0.0,3.7961542904376984,44.424928426742554,0.057605069875717174
2.5819999999999372,-0.1302849473200332,0.0309548124155241,-0.12807192379534468,0.23707985137267912,0.0,0.3016111014792462,0.45156159727766537,0.37862834480089,1.1249757881019802,0.34087890385962083,0.0,3.7961542904376984,44.424928426742554,0.057605069875717174
2.591999999999936,-0.1299438647235173,0.03587495391092505,-0.12839558597658804,0.23800889057702332,0.0,0.30254014068359036,0.4515935797807529,0.37862835058988986,1.1257938116592863,0.3408784620864208,0.0,3.7961542904376984,44.424928426742554,0.057605069875717174
2.601999999999935,-0.1295503120713215,0.0422995955399086,-0.128658813518732,0.23703394511076317,0.0,0.3015651952173303,0.45162561430688986,0.37862835626403224,1.1242138987021546,0.34087802104045833,0.0,3.660477876663208,45.215264558792114,0.07739489078521727
2.611999999999934,-0.1290791136207358,0.049869779650071624,-0.12879863920117393,0.23687990455778052,0.0,0.3014111546643476,0.4516576041589696,0.37862836182559595,1.1240498770367435,0.34087758036364313,0.0,3.660477876663208,45.215264558792114,0.07739489078521727
2.621999999999933,-0.12854879390242566,0.054671176239894266,-0.12891787770919094,0.23655462915660622,0.0,0.3010858792631733,0.45168944503438613,0.37862836727681476,1.1239069523844278,0.3408771402217173,0.0,3.660477876663208,45.215264558792114,0.07739489078521727
2.6319999999999317,-0.12798869665444373,0.05677383101470841,-0.1290232991570125,0.23594339990638735,0.0,0.3004746500129544,0.45172102842842243,0.37862837261987786,1.1236175665057773,0.3408767003654971,0.0,3.660477876663208,45.215264558792114,0.07739489078521727
2.6419999999999306,-0.12741231690251695,0.05795788396465687,-0.12909245101442376,0.2351282498701438,0.0,0.2996594999767109,0.45175224727464935,0.3786283778569312,1.1232852801085942,0.3408762618234237,0.0,3.660477876663208,45.215264558792114,0.07739489078521727
2.6519999999999295,-0.12683024972984638,0.058518681771717235,-0.12910824413460614,0.23443395150682947,0.0,0.29896520161339657,0.4517829989691594,0.378628382990078,1.1233497115728595,0.34087582455020876,0.0,3.523192211985588,45.775567293167114,0.07600241303443908
2.6619999999999284,-0.12623887697522176,0.0591511514999349,-0.12902043955638365,0.23358771431907543,0.0,0.2981189644256425,0.4518131868166685,0.3786283880213799,1.1234014385798574,0.34087538829922925,0.0,3.523192211985588,45.775567293167114,0.07600241303443908
2.6719999999999273,-0.12565913215203492,0.0569479069733171,-0.12891391857953882,0.23283100673110502,0.0,0.2973622568376721,0.4518427199116219,0.3786283929528576,1.1237486115875246,0.34087495307402366,0.0,3.523192211985588,45.775567293167114,0.07600241303443908
2.681999999999926,-0.12510846624755895,0.054072812124638214,-0.12876832805051977,0.2308478311433385,0.0,0.2953790812499056,0.45187151626284644,0.3786283977864916,1.1225199896849478,0.34087451977547,0.0,3.523192211985588,45.775567293167114,0.07600241303443908
2.691999999999925,-0.124586686695892,0.05064012238535426,-0.12857818211192482,0.22980728406557788,0.0,0.29433853417214495,0.45189950536501633,0.3786284025242232,1.1227249841099132,0.34087408876119457,0.0,3.523192211985588,45.775567293167114,0.07600241303443908
2.701999999999924,-0.12410764174321023,0.04615217096701424,-0.12835369045161366,0.2283100729777597,0.0,0.29284132308432675,0.4519266282089996,0.3786284071679552,1.1223727172391027,0.3408736595696527,0.0,3.5529799684882164,45.87446749210358,0.0664258360862732
2.711999999999923,-0.12366816551917889,0.04241629276059418,-0.1280654946429513,0.22655691586708757,0.0,0.2910881659736546,0.451952838531455,0.3786284117195526,1.1217111887684816,0.34087323316490054,0.0,3.5529799684882164,45.87446749210358,0.0664258360862732
2.721999999999922,-0.12327528193144151,0.03706356828703,-0.12775343561891922,0.22534063609090163,0.0,0.28987188619746873,0.4519781019634398,0.37862841618084336,1.1218178626175854,0.3408728085546633,0.0,3.5529799684882164,45.87446749210358,0.0664258360862732
2.7319999999999207,-0.12293977710802757,0.03131003386478781,-0.12741147354673352,0.22376536287285692,0.0,0.288296612979424,0.45200239645482226,0.37862842055361934,1.1214038017832348,0.34087238605242326,0.0,3.5529799684882164,45.87446749210358,0.0664258360862732
2.7419999999999196,-0.1226686462261614,0.023891995550578016,-0.12706203167917085,0.22345231715413558,0.0,0.2879835672607026,0.4520257133829385,0.3786284248396367,1.1227056878241326,0.34087196480015886,0.0,3.5529799684882164,45.87446749210358,0.0664258360862732
2.7519999999999185,-0.1224781573138121,0.01593558314915821,-0.12670721810115496,0.22224264725890172,0.0,0.28677389736546877,0.45204805844232115,0.37862842904061667,1.1226646758047787,0.34087154479254705,0.0,3.63806414604187,45.863919258117676,0.06055900454521179
2.7619999999999174,-0.12237052648949617,0.0071315733995123975,-0.1263607507757964,0.22192859664420572,0.0,0.2864598467507728,0.4520694532005696,0.37862843315824646,1.1237586170573008,0.34087112572501815,0.0,3.63806414604187,45.863919258117676,0.06055900454521179
2.7719999999999163,-0.12235081348791373,-0.0014216290178978123,-0.1260150396505749,0.2214582283919834,0.0,0.2859894784985505,0.45208993492127353,0.37862843719417993,1.1244832296830274,0.34087070754998566,0.0,3.63806414604187,45.863919258117676,0.06055900454521179
2.781999999999915,-0.12241772680487624,-0.009903181400475929,-0.12567914584464523,0.22069733291396484,0.0,0.2852285830205319,0.45210955620882,0.3786284411500378,1.1246225392824294,0.3408702898709309,0.0,3.63806414604187,45.863919258117676,0.06055900454521179
2.791999999999914,-0.12255706092705551,-0.016586303186464292,-0.12533290642083716,0.22004103700397573,0.0,0.28457228711054283,0.45212838346937795,0.378628445027409,1.1247069807006036,0.34086987354894915,0.0,3.63806414604187,45.863919258117676,0.06055900454521179
2.801999999999913,-0.12275975974459119,-0.023087579006544727,-0.1250074845129881,0.2197168199936757,0.0,0.2842480701002428,0.4521464936191927,0.3786284488278506,1.1250378058036994,0.3408694579129583,0.0,3.7132403552532196,45.45230209827423,0.05803581476211547
2.811999999999912,-0.12303884450869203,-0.030705529749728688,-0.12475936045354771,0.21960811284718795,0.0,0.284139362953755,0.45216397187395074,0.37862845255288907,1.1254418972859228,0.34086904233446685,0.0,3.7132403552532196,45.45230209827423,0.05803581476211547
2.821999999999911,-0.12338386456366139,-0.03701591367458634,-0.1245300435404219,0.22008620254777303,0.0,0.28461745265434013,0.45218091253082293,0.37862845620402036,1.1264317907569943,0.3408686265870676,0.0,3.7132403552532196,45.45230209827423,0.05803581476211547
2.8319999999999097,-0.12378441381007961,-0.0420157969622571,-0.1243231152704571,0.2203745216683322,0.0,0.2849057717748993,0.4521974169941593,0.3786284597827109,1.1269131189639139,0.3408682104525152,0.0,3.7132403552532196,45.45230209827423,0.05803581476211547
2.8419999999999086,-0.12422888009795152,-0.0461097500276239,-0.1241461968010526,0.22100860742821735,0.0,0.2855398575347844,0.4522135910003112,0.37862846329039795,1.127634019876516,0.34086779353584973,0.0,3.7132403552532196,45.45230209827423,0.05803581476211547
2.8519999999999075,-0.12471054020005924,-0.049775649988730755,-0.12402257634834574,0.22143728323659242,0.0,0.2859685333431595,0.45222954211394545,0.3786284667284902,1.12782500489807,0.34086737570149755,0.0,3.74356809258461,44.78769540786743,0.05744848251342774
2.8619999999999064,-0.12524077217228724,-0.054919920087118754,-0.12402503965177483,0.22260288922447033,0.0,0.2871341393310374,0.45224537844795515,0.3786284700983686,1.1288204912076978,0.34086695642051307,0.0,3.74356809258461,44.78769540786743,0.05744848251342774
2.8719999999999053,-0.12581137392029518,-0.058251723501789344,-0.1240691576877256,0.22419671192495721,0.0,0.2887279620315243,0.45226120993563174,0.37862847340138645,1.1302023359388147,0.3408665352651967,0.0,3.74356809258461,44.78769540786743,0.05744848251342774
2.881999999999904,-0.12640395571097804,-0.05961033280693813,-0.12414933996499565,0.22521034420606884,0.0,0.2897415943126359,0.4522771468975131,0.3786284766388702,1.1305724558550476,0.3408661123748858,0.0,3.74356809258461,44.78769540786743,0.05744848251342774
2.891999999999903,-0.1270002189385847,-0.05938044531804279,-0.12426566902621031,0.22630060001204724,0.0,0.29083185011861434,0.45229329633871035,0.37862847981212033,1.1308694202829699,0.3408656876547405,0.0,3.74356809258461,44.78769540786743,0.05744848251342774
2.901999999999902,-0.12758407814484524,-0.05814612638846482,-0.12443520765192942,0.22736130918231426,0.0,0.29189255928888136,0.4523097585557916,0.3786284829224111,1.130967879521526,0.34086526141506385,0.0,3.813279002904892,43.97005617618561,0.052717405557632435
2.911999999999901,-0.1281698441495386,-0.0585977245591931,-0.1247429855556222,0.22908093848773592,0.0,0.293612188594303,0.4523266250633925,0.37862848597099175,1.1318669777413797,0.34086483306969145,0.0,3.813279002904892,43.97005617618561,0.052717405557632435
2.9219999999999,-0.12874179744185643,-0.05603287549414259,-0.1250700257788309,0.23031032229771176,0.0,0.29484157240427883,0.45234398049942687,0.3786284889590866,1.1319908605613938,0.3408644030512313,0.0,3.813279002904892,43.97005617618561,0.052717405557632435
2.9319999999998987,-0.12928017738399075,-0.051962840266275845,-0.12542329042232522,0.2312410165168692,0.0,0.29577226662343625,0.45236190073002996,0.37862849188789566,1.131637891380228,0.3408639709903476,0.0,3.813279002904892,43.97005617618561,0.052717405557632435
2.9419999999998976,-0.12976293040162076,-0.045623348233008676,-0.12578127689800042,0.2321560135410858,0.0,0.29668726364765285,0.45238044930530436,0.37862849475859534,1.1312370061281023,0.3408635378067801,0.0,3.813279002904892,43.97005617618561,0.052717405557632435
2.9519999999998965,-0.1301778754699837,-0.03880779434358686,-0.12615289382868095,0.23372213481676024,0.0,0.2982533849233273,0.452399674252663,0.3786284975723385,1.131756338730347,0.3408631027991149,0.0,3.831702798604965,44.15093719959259,0.05316631793975829
2.9619999999998954,-0.1305193670506933,-0.030837512573421128,-0.12651482659327568,0.2343203208156555,0.0,0.2988515709222226,0.4524196066905357,0.37862850033025514,1.1309581666219848,0.34086266614259986,0.0,3.831702798604965,44.15093719959259,0.05316631793975829
2.9719999999998943,-0.1307719181225495,-0.021495545391649225,-0.12686633265953182,0.2345995496240935,0.0,0.2991307997306606,0.4524402604759465,0.37862850303345297,1.1297843620419112,0.3408622290303839,0.0,3.831702798604965,44.15093719959259,0.05316631793975829
2.981999999999893,-0.13093500654966145,-0.01294877955964756,-0.1272273387734184,0.23570657910051998,0.0,0.3002378292070871,0.45246163082285046,0.3786285056830177,1.1298742331058458,0.34086179057750515,0.0,3.831702798604965,44.15093719959259,0.05316631793975829
2.991999999999892,-0.13101555008484617,-0.004976618162454887,-0.12759371993102878,0.23652804115144113,0.0,0.30105929125800823,0.4524836953044382,0.3786285082800134,1.1296979111468493,0.34086135094705655,0.0,3.831702798604965,44.15093719959259,0.05316631793975829
3.001999999999891,-0.13102235654072092,0.0026791102622741435,-0.12795042382252791,0.23738016315125773,0.0,0.3019114132578248,0.45250641641500444,0.37862851082548293,1.1297232418440935,0.34086090993638846,0.0,3.777127891778946,44.74553465843201,0.06592352986335753
3.01199999999989,-0.13093655079720554,0.012089962215573345,-0.12822459733093544,0.23781894334802456,0.0,0.30235019345459163,0.45252974355577225,0.3786285133204488,1.1293456338521553,0.34086046838866313,0.0,3.777127891778946,44.74553465843201,0.06592352986335753
3.0219999999998888,-0.1307688418651495,0.019718394819197682,-0.1284977591732669,0.23795737456706476,0.0,0.3024886246736318,0.45255361168969316,0.3786285157659129,1.1287392609016842,0.34086002616507316,0.0,3.777127891778946,44.74553465843201,0.06592352986335753
3.0319999999998877,-0.13053237485409985,0.026052273047492754,-0.12876357301738706,0.2384101997268371,0.0,0.3029414498334042,0.4525779436541524,0.3786285181628574,1.1287810429014753,0.34085958355935025,0.0,3.777127891778946,44.74553465843201,0.06592352986335753
3.0419999999998866,-0.1302444327193401,0.030510289983989598,-0.12902990516009974,0.23879493625541087,0.0,0.30332618636197795,0.4526026538016875,0.37862852051224505,1.1289462794194502,0.34085914023307595,0.0,3.777127891778946,44.74553465843201,0.06592352986335753
3.0519999999998855,-0.12991172581292762,0.03559724948067923,-0.12925101101923678,0.2383527319029744,0.0,0.3028839820095415,0.4526276517230651,0.3786285228150194,1.128178816189937,0.34085869729641777,0.0,3.605759434401989,45.39678931236267,0.07834968566894532
3.0619999999998844,-0.12952382178164565,0.04052573357188273,-0.12938722670124764,0.23871990739745882,0.0,0.30325115750402587,0.4526528437050297,0.37862852507210515,1.1287658777164058,0.34085825392894864,0.0,3.605759434401989,45.39678931236267,0.07834968566894532
3.0719999999998833,-0.12910193181245683,0.042974492605062954,-0.12951597028965153,0.23878118856311856,0.0,0.3033124386696856,0.45267813214842,0.3786285272844089,1.129137490943119,0.34085781052272973,0.0,3.605759434401989,45.39678931236267,0.07834968566894532
3.081999999999882,-0.12866136359574398,0.04481191430346699,-0.12961610634143864,0.2376695751622149,0.0,0.302200825268782,0.4527034191973707,0.37862852945281916,1.1280728179972477,0.34085736800355837,0.0,3.605759434401989,45.39678931236267,0.07834968566894532
3.091999999999881,-0.128205863785794,0.04592997274326582,-0.1296831859155449,0.23704039849379469,0.0,0.3015716486003618,0.45272860973670553,0.37862853157820675,1.1278812826425448,0.34085692664986217,0.0,3.605759434401989,45.39678931236267,0.07834968566894532
3.10199999999988,-0.12774642121378957,0.046006463124635126,-0.12971202359280404,0.23669342381338965,0.0,0.3012246739199567,0.4527536123864484,0.3786285336614253,1.1282695114017423,0.3408564861032251,0.0,3.495861880481243,45.82299053668976,0.07422680854797364
3.111999999999879,-0.12728772801368793,0.04550104423375087,-0.12966949443554177,0.23629748024547254,0.0,0.3008287303520396,0.45277834119223914,0.3786285357033114,1.1287492864470665,0.3408560459495914,0.0,3.495861880481243,45.82299053668976,0.07422680854797364
3.1219999999998778,-0.12684938015851172,0.042612138011254366,-0.1296175617296635,0.2356910719968566,0.0,0.3002223221034237,0.45280271675388845,0.37862853770468524,1.1290678649465775,0.3408556063034995,0.0,3.495861880481243,45.82299053668976,0.07422680854797364
3.1319999999998767,-0.12643882384791313,0.039902814114749004,-0.12952596891562423,0.23452726092408724,0.0,0.2990585110306543,0.45282666903614305,0.3786285396663505,1.128715266336282,0.3408551684595189,0.0,3.495861880481243,45.82299053668976,0.07422680854797364
3.1419999999998756,-0.12605763788217192,0.03692484445060582,-0.1293980653491797,0.23312978202448753,0.0,0.2976610321310546,0.45285013850804196,0.37862854158909515,1.1281211229184354,0.34085473238211594,0.0,3.495861880481243,45.82299053668976,0.07422680854797364
3.1519999999998745,-0.1257088328204093,0.03336936440445203,-0.1292366987040717,0.23228440254740157,0.0,0.29681565265396864,0.45287307578701563,0.37862854347369135,1.1283604098615392,0.34085429798186667,0.0,3.5416840314865112,45.883116722106934,0.06607317924499512
3.1619999999998734,-0.12540757073546205,0.027896523274259122,-0.1290640212866416,0.23170618497110082,0.0,0.29623743507766787,0.45289544185367103,0.37862854532089585,1.1290047444404978,0.34085386420122965,0.0,3.5416840314865112,45.883116722106934,0.06607317924499512
3.1719999999998723,-0.12516648601550903,0.02135669533459713,-0.12888214373829315,0.23148097360533076,0.0,0.29601222371189784,0.4529172100274514,0.37862854713145067,1.1301426911315997,0.3408534312795341,0.0,3.5416840314865112,45.883116722106934,0.06607317924499512
3.181999999999871,-0.12498637491878438,0.01577741361016632,-0.12866923095554722,0.23018014884131593,0.0,0.294711398947883,0.45293836756182015,0.37862854890608294,1.1297442785364789,0.3408530001593606,0.0,3.5416840314865112,45.883116722106934,0.06607317924499512
3.19199999999987,-0.12487081904395407,0.008589344601743444,-0.1284610976825419,0.22993177628607017,0.0,0.2944630263926372,0.4529589150274652,0.3786285506455054,1.1307612975507304,0.34085256941356423,0.0,3.5416840314865112,45.883116722106934,0.06607317924499512
3.201999999999869,-0.12482804381796733,0.0016535665509564371,-0.12824549076525293,0.22898421728345103,0.0,0.2935154673900181,0.45297886619726857,0.3786285523504166,1.1307111452730376,0.34085213958996075,0.0,3.634274110198021,45.87976932525635,0.0626396656036377
3.211999999999868,-0.12485128198685491,-0.004990400316593532,-0.12802493673832993,0.2286081173000189,0.0,0.29313936740658597,0.45299824832498375,0.37862855402150125,1.1313484859478586,0.34085171077153087,0.0,3.634274110198021,45.87976932525635,0.0626396656036377
3.2219999999998667,-0.12493882207678807,-0.010969158998655167,-0.12779746135285036,0.22782763183054033,0.0,0.2923588819371074,0.4530171003621683,0.3786285556594305,1.1312839265622445,0.3408512828407614,0.0,3.634274110198021,45.87976932525635,0.0626396656036377
3.2319999999998656,-0.12507954651574885,-0.016426119518201047,-0.12756492559219257,0.22780101069495784,0.0,0.2923322608015249,0.4530354713592305,0.37862855726486216,1.1321207009308214,0.3408508557534023,0.0,3.634274110198021,45.87976932525635,0.0626396656036377
3.2419999999998645,-0.12528222220135857,-0.022648455644786555,-0.1273553392330134,0.2278415016706439,0.0,0.292372751777211,0.4530534183590986,0.3786285588384411,1.1328783480773876,0.3408504282830287,0.0,3.634274110198021,45.87976932525635,0.0626396656036377
3.2519999999998634,-0.12552973090156466,-0.026097310477694,-0.12713237925062099,0.22621337452175144,0.0,0.2907446246283185,0.45307100646108395,0.3786285603807992,1.131113716200383,0.3408500025632848,0.0,3.701216235756874,45.49687147140503,0.061723530292510986
3.2619999999998623,-0.12581967330941005,-0.030520271339971136,-0.1269685301621112,0.2260992147593239,0.0,0.29063046486589095,0.4530883057769864,0.37862856189255595,1.1312823736951176,0.34084957723047854,0.0,3.701216235756874,45.49687147140503,0.061723530292510986
3.2719999999998612,-0.12613927970264713,-0.03253703797565736,-0.1267938797549467,0.22540398866728284,0.0,0.2899352387738499,0.4531053898948066,0.3786285633743184,1.1304503880651122,0.34084915281169204,0.0,3.701216235756874,45.49687147140503,0.061723530292510986
3.28199999999986,-0.12646669010275205,-0.03291464719849834,-0.1266121783058017,0.22538718226080953,0.0,0.2899184323673766,0.4531223333091414,0.3786285648266818,1.130383945086713,0.3408487291779919,0.0,3.701216235756874,45.49687147140503,0.061723530292510986
3.291999999999859,-0.12680427414505127,-0.034370999683563074,-0.1264642418317404,0.22612330653658358,0.0,0.29065455664315065,0.45313920758082454,0.37862856625022934,1.1311907540175352,0.3408483045336726,0.0,3.701216235756874,45.49687147140503,0.061723530292510986
3.301999999999858,-0.1271532679363311,-0.03561284851250567,-0.12635483109170276,0.226341430464202,0.0,0.2908726805707691,0.45315608143137726,0.3786285676455329,1.1310953793432754,0.3408478795273815,0.0,3.73564276099205,44.86553490161896,0.060819536447525024
3.311999999999857,-0.12752424363826684,-0.03786686880375583,-0.12634493002399313,0.22674155190874404,0.0,0.29127280201531114,0.4531730214560137,0.3786285690131526,1.131095204507307,0.3408474541120439,0.0,3.73564276099205,44.86553490161896,0.060819536447525024
3.3219999999998557,-0.12790478861530213,-0.037978245205988685,-0.12634813746874352,0.22708988321632684,0.0,0.2916211333228939,0.4531900934214867,0.37862857035363795,1.1308800496106781,0.34084702813500306,0.0,3.73564276099205,44.86553490161896,0.060819536447525024
3.3319999999998546,-0.1282813228414495,-0.03740069920273145,-0.1263779243900437,0.22795638720940228,0.0,0.2924876373159694,0.4532073604524731,0.3786285716675272,1.1312629176613056,0.34084660096378283,0.0,3.73564276099205,44.86553490161896,0.060819536447525024
3.3419999999998535,-0.12864224357858042,-0.03487378346649951,-0.126416910615185,0.2280781579787459,0.0,0.292609408085313,0.4532248805333843,0.3786285729553481,1.1304922419521881,0.3408461732949695,0.0,3.73564276099205,44.86553490161896,0.060819536447525024
3.3519999999998524,-0.12896968579065876,-0.031910138331713064,-0.1264831685050561,0.2289395523896384,0.0,0.2934708024962055,0.45324270423798013,0.3786285742176178,1.1306689405779011,0.3408457449664365,0.0,3.7727794349193573,44.42684888839722,0.059842604398727406
3.3619999999998513,-0.12928510418771647,-0.031171326578764008,-0.1266454758396838,0.23020315673665329,0.0,0.2947344068432204,0.45326087277450544,0.37862857545484324,1.131345265178409,0.340845314687173,0.0,3.7727794349193573,44.42684888839722,0.059842604398727406
3.3719999999998502,-0.12957653305314185,-0.0273626414671864,-0.12680422114748124,0.22993079215177825,0.0,0.2944620422583453,0.4532794212171244,0.37862857666752125,1.1298315625640285,0.3408448841374958,0.0,3.7727794349193573,44.42684888839722,0.059842604398727406
3.381999999999849,-0.12982418073168078,-0.022983743773983017,-0.12697637898938385,0.23077664116587726,0.0,0.29530789127244433,0.4532983771364467,0.37862857785613896,1.1298700749635713,0.34084445257628404,0.0,3.7727794349193573,44.42684888839722,0.059842604398727406
3.391999999999848,-0.1300263913767483,-0.018275799789056486,-0.12716291883887806,0.23141964077066418,0.0,0.29595089087723125,0.4533177576612286,0.3786285790211738,1.1296341668486933,0.3408440199165438,0.0,3.7727794349193573,44.42684888839722,0.059842604398727406
3.401999999999847,-0.13017395656039388,-0.012338271535613631,-0.1273459019612519,0.23161718115300553,0.0,0.2961484312595726,0.45333756939994874,0.3786285801630936,1.1288083251653682,0.3408435869044412,0.0,3.7578519731760025,44.44877326488495,0.06342349648475648
3.411999999999846,-0.13026504203608236,-0.007309198269805353,-0.12754524852662627,0.23323062224223537,0.0,0.29776187234880247,0.45335780759959504,0.3786285812823569,1.1300224902175975,0.34084315258449,0.0,3.7578519731760025,44.44877326488495,0.06342349648475648
3.4219999999998447,-0.1303206544136655,-0.004399532274737073,-0.12778522757801844,0.234428384664432,0.0,0.29895963477099907,0.4533784568931545,0.3786285823794133,1.1307291587010928,0.34084271591358434,0.0,3.7578519731760025,44.44877326488495,0.06342349648475648
3.4319999999998436,-0.13034860961912123,-0.0017637344210954479,-0.12804484049310688,0.2356568458590499,0.0,0.30018809596561696,0.4533994953661309,0.37862858345470346,1.131567779179834,0.34084227773540055,0.0,3.7578519731760025,44.44877326488495,0.06342349648475648
3.4419999999998425,-0.13035065658895292,0.0010419367800105703,-0.12831500775205598,0.23602123315716786,0.0,0.30055248326373496,0.45342089682057296,0.37862858450865927,1.1312997943189287,0.3408418384016352,0.0,3.7578519731760025,44.44877326488495,0.06342349648475648
3.4519999999998414,-0.13031982774906226,0.0046794416846528825,-0.12857155993516528,0.23670927248413684,0.0,0.3012405225907039,0.45344263124766593,0.37862858554170387,1.1316023254758205,0.3408413984111894,0.0,3.6900441646575928,44.84152555465698,0.07156206965446471
3.4619999999998403,-0.13024336686780158,0.009363970743577615,-0.128778656456563,0.23718835448115408,0.0,0.3017196045877212,0.45346466381141537,0.37862858655425213,1.1317375615961578,0.3408409577597154,0.0,3.6900441646575928,44.84152555465698,0.07156206965446471
3.471999999999839,-0.13013012690926007,0.01254614637934419,-0.1289935989244889,0.23780509214563061,0.0,0.3023363422521977,0.45348695336623485,0.37862858754671086,1.1321968104321534,0.3408405162155138,0.0,3.6900441646575928,44.84152555465698,0.07156206965446471
3.481999999999838,-0.12998758556362888,0.01547305869502324,-0.1292004665874162,0.23752081029973748,0.0,0.30205206040630456,0.45350945404563664,0.37862858851947856,1.1315320556975323,0.3408400744606265,0.0,3.6900441646575928,44.84152555465698,0.07156206965446471
3.491999999999837,-0.12981859200103793,0.017796418369066865,-0.129398964107772,0.2375798531073435,0.0,0.30211110321391055,0.45353211707525476,0.3786285894729459,1.1314904146102274,0.3408396325355142,0.0,3.6900441646575928,44.84152555465698,0.07156206965446471
3.501999999999836,-0.12962412670504275,0.020752570509925076,-0.12955952288282718,0.23773534415786396,0.0,0.30226659426443103,0.45355489168186336,0.3786285904074959,1.131728355980354,0.340839190975579,0.0,3.5532827228307724,45.37217199802399,0.07409929633140563
3.511999999999835,-0.12939984749061034,0.023130663233570607,-0.12965990780066852,0.23821206612180065,0.0,0.3027433162283677,0.4535777253028851,0.37862859132350374,1.1325530468047835,0.34083874858990426,0.0,3.5532827228307724,45.37217199802399,0.07409929633140563
3.5219999999998337,-0.12916443492806726,0.023616267977010767,-0.12976097801065598,0.23810716456356273,0.0,0.3026384146701298,0.4536005635582961,0.3786285922213375,1.1326894332748152,0.3408383059058964,0.0,3.5532827228307724,45.37217199802399,0.07409929633140563
3.5319999999998326,-0.12892864820208966,0.023763135201000783,-0.12984596570010906,0.2374545272852816,0.0,0.3019857773918487,0.4536233534184939,0.3786285931013576,1.1321769759184477,0.34083786363039487,0.0,3.5532827228307724,45.37217199802399,0.07409929633140563
3.5419999999998315,-0.12868911630446858,0.02395679151889437,-0.12990371342755488,0.23726092266282867,0.0,0.30179217276939574,0.45364604511959494,0.3786285939639175,1.132418264728806,0.34083742229582015,0.0,3.5532827228307724,45.37217199802399,0.07409929633140563
3.5519999999998304,-0.1284550995551445,0.023435075627220234,-0.12993965669095847,0.23656283165496833,0.0,0.3010940817615354,0.4536685919172403,0.3786285948093637,1.1320537637012187,0.3408369813046177,0.0,3.513584055006504,45.64518332481384,0.06965505480766296
3.5619999999998293,-0.12821482121345268,0.02428773279157352,-0.1299029534812888,0.23578210717500395,0.0,0.30031335728157105,0.45369095090966555,0.37862859563803575,1.1316592127124174,0.34083654165403443,0.0,3.513584055006504,45.64518332481384,0.06965505480766296
3.571999999999828,-0.12796724155242786,0.024834992710452523,-0.12983220830061767,0.2350308582696947,0.0,0.29956210837626174,0.4537130813851899,0.37862859645026636,1.1313784826796591,0.34083610353838756,0.0,3.513584055006504,45.64518332481384,0.06965505480766296
3.581999999999827,-0.1277276729119057,0.023084854122466587,-0.12975893316443504,0.234854824008585,0.0,0.29938607411515206,0.45373494439686457,0.3786285972463818,1.1319618717729045,0.3408356657222024,0.0,3.513584055006504,45.64518332481384,0.06965505480766296
3.591999999999826,-0.12751471816186444,0.019790439360526477,-0.12968438091860957,0.23483627184374406,0.0,0.29936752195031113,0.45375650546070323,0.37862859802670185,1.1328059552005132,0.34083522815772316,0.0,3.513584055006504,45.64518332481384,0.06965505480766296
3.601999999999825,-0.12733630601095097,0.016751668326424544,-0.1295899750111071,0.23366196646556428,0.0,0.2981932165721314,0.4537777377858435,0.3786285987915398,1.1320528857589442,0.3408347915115115,0.0,3.564497597515583,45.724167227745056,0.06561505794525146
3.611999999999824,-0.12717631961865788,0.015265420778301725,-0.1294467490450791,0.2326722047980537,0.0,0.29720345490462075,0.4537986229073117,0.378628599541203,1.1315635352773286,0.34083435677657076,0.0,3.564497597515583,45.724167227745056,0.06561505794525146
3.6219999999998227,-0.1270365389395075,0.013239127151324368,-0.1292873989819151,0.2316499877002926,0.0,0.2961812378068597,0.45381914796745076,0.3786286002759923,1.1310186112113065,0.3408339231080024,0.0,3.564497597515583,45.724167227745056,0.06561505794525146
3.6319999999998216,-0.12692033609743153,0.010416777688571164,-0.1291187734723031,0.23129630645230612,0.0,0.29582755655887316,0.45383930512701043,0.37862860099620294,1.1313840399527098,0.34083349026868376,0.0,3.564497597515583,45.724167227745056,0.06561505794525146
3.6419999999998205,-0.12683976285946358,0.006193336086542534,-0.12895774908860289,0.23158012956930335,0.0,0.2961113796758704,0.45385909219163606,0.37862860170212403,1.1325990255998613,0.34083305756078774,0.0,3.564497597515583,45.724167227745056,0.06561505794525146
3.6519999999998194,-0.12680636329167014,0.0015225864430704322,-0.12880492192571277,0.23102741810419694,0.0,0.29555866821076404,0.4538785144565708,0.3786286023940392,1.132581146655275,0.3408326250845805,0.0,3.6310293078422546,45.63547730445862,0.06426331400871277
3.6619999999998183,-0.1268244667302069,-0.003864159617792415,-0.12867510344172475,0.23094873916208175,0.0,0.2954799892686488,0.4538975862068942,0.37862860307222646,1.1331505394482573,0.34083219264435693,0.0,3.6310293078422546,45.63547730445862,0.06426331400871277
3.671999999999817,-0.12689476836895802,-0.008860636840185262,-0.12855137118435575,0.23075322360444617,0.0,0.29528447371101324,0.4539163310545861,0.37862860373695795,1.1334653019660346,0.3408317602837702,0.0,3.6310293078422546,45.63547730445862,0.06426331400871277
3.681999999999816,-0.12700317100418085,-0.01198069529912641,-0.12841203147153402,0.2302446056950438,0.0,0.29477585580161086,0.45393478123976416,0.37862860438850077,1.133239516052957,0.34083132893324314,0.0,3.6310293078422546,45.63547730445862,0.06426331400871277
3.691999999999815,-0.1271397744137512,-0.01463866641118511,-0.12827247559166224,0.22994648746774968,0.0,0.2944777375743167,0.45395297461617745,0.3786286050271166,1.1331990477472231,0.3408308979653239,0.0,3.6310293078422546,45.63547730445862,0.06426331400871277
3.701999999999814,-0.12729385084809655,-0.016350402235669297,-0.1281313618142257,0.22963747788916158,0.0,0.2941687279957287,0.45397095211324756,0.37862860565306183,1.1330290913574195,0.34083046791056404,0.0,3.662027597427368,45.33582806587219,0.06384719610214235
3.711999999999813,-0.12747387836245766,-0.01908566567070287,-0.1280387141760062,0.22971715023675535,0.0,0.29424840034332245,0.4539887559815305,0.3786286062665879,1.1332897674142037,0.340830037931812,0.0,3.662027597427368,45.33582806587219,0.06384719610214235
3.7219999999998117,-0.12767814638404554,-0.02117025540744589,-0.1279550708162333,0.2296462636720463,0.0,0.29417751377861334,0.45400643053578693,0.37862860686794125,1.1332259650861727,0.34082960780124266,0.0,3.662027597427368,45.33582806587219,0.06384719610214235
3.7319999999998106,-0.12789839112020843,-0.02240573554433689,-0.12787781294526407,0.22965603572694895,0.0,0.29418728583351605,0.4540240218654635,0.3786286074573634,1.1331614048481082,0.3408291776113065,0.0,3.662027597427368,45.33582806587219,0.06384719610214235
3.7419999999998095,-0.1281194972384632,-0.021389084056892653,-0.1277860129448204,0.22852756980753067,0.0,0.29305881991409777,0.45404157605618123,0.378628608035091,1.1313935831212754,0.340828748255955,0.0,3.662027597427368,45.33582806587219,0.06384719610214235
3.7519999999998084,-0.12831544180091792,-0.018500612775387795,-0.1276821365703609,0.22769375280682463,0.0,0.2922250029133917,0.4540591360250831,0.37862860860135616,1.1299400220964428,0.3408283204356084,0.0,3.696744993329048,44.841856360435486,0.06190811991691589
3.7619999999998073,-0.12849248902420762,-0.017123644160945903,-0.1276403653933186,0.22784982830832065,0.0,0.2923810784148877,0.4540767375258367,0.3786286091563862,1.1297935569696738,0.3408278931179952,0.0,3.696744993329048,44.841856360435486,0.06190811991691589
3.771999999999806,-0.12865806275327588,-0.016251084512375724,-0.12761812829395952,0.2284938410152682,0.0,0.2930250911218353,0.4540944100710702,0.37862860970040413,1.1302649726566427,0.3408274650484522,0.0,3.696744993329048,44.841856360435486,0.06190811991691589
3.781999999999805,-0.12881642319394243,-0.01571268430867719,-0.12761821499656273,0.2294023070639477,0.0,0.2939335571705148,0.45411217890376027,0.3786286102336284,1.1310493301823947,0.34082703605088777,0.0,3.696744993329048,44.841856360435486,0.06190811991691589
3.791999999999804,-0.12897210843615617,-0.015417729622438847,-0.1276439903469516,0.23001038663264198,0.0,0.2945416367392091,0.4541300661303376,0.3786286107562732,1.131363872860794,0.34082660591202024,0.0,3.696744993329048,44.841856360435486,0.06190811991691589
3.801999999999803,-0.1291231455490904,-0.01483339233328317,-0.12769265013535488,0.23028205755414102,0.0,0.2948133076607081,0.45414809158816233,0.37862861126854835,1.1311675980775964,0.34082617496573425,0.0,3.715561881661415,44.65865433216095,0.06338194012641907
3.8119999999998018,-0.12926926165841163,-0.014628140000608582,-0.12778222695384892,0.23150268157728937,0.0,0.29603393168385644,0.45416627276684135,0.3786286117706596,1.1322737791150796,0.3408257431593405,0.0,3.715561881661415,44.65865433216095,0.06338194012641907
3.8219999999998007,-0.12941168347390716,-0.013457723558987821,-0.12788409330922887,0.2311810591338085,0.0,0.29571230924037556,0.45418462500414647,0.37862861226280864,1.131205786880678,0.34082531055760934,0.0,3.715561881661415,44.65865433216095,0.06338194012641907
3.8319999999997996,-0.12952826009631724,-0.010769090049175898,-0.12797812472081369,0.231786281058768,0.0,0.2963175311653351,0.45420316112173453,0.37862861274519316,1.1314355720737366,0.3408248780526929,0.0,3.715561881661415,44.65865433216095,0.06338194012641907
3.8419999999997985,-0.1296238382808906,-0.00864056814524599,-0.12809053251945757,0.23210386512243428,0.0,0.2966351152290013,0.45422188853366136,0.3786286132180069,1.1312749879328718,0.3408244444768837,0.0,3.715561881661415,44.65865433216095,0.06338194012641907
3.8519999999997974,-0.12969586614171202,-0.006319174170417094,-0.12820883644548148,0.23282253960516472,0.0,0.29735378971173176,0.45424080964560015,0.3786286136814397,1.1316999742448055,0.34082401027491016,0.0,3.700940117239952,44.70956265926361,0.06634147167205812
3.8619999999997963,-0.12974002453506628,-0.003144012074208667,-0.12831839386628738,0.23275070277890936,0.0,0.29728195288547643,0.45425992196275267,0.3786286141356776,1.1310533414822221,0.3408235758602776,0.0,3.700940117239952,44.70956265926361,0.06634147167205812
3.871999999999795,-0.1297562637766548,-0.0005511975543050565,-0.12843740976734347,0.2333957732990437,0.0,0.2979270234056108,0.4542792176576186,0.37862861458090324,1.1314568112338939,0.3408231407388359,0.0,3.700940117239952,44.70956265926361,0.06634147167205812
3.881999999999794,-0.12974973048851174,0.001515565018376597,-0.12856578807845317,0.23361421557703288,0.0,0.29814546568359995,0.4542986838615045,0.37862861501729533,1.1313185224293938,0.34082270489152666,0.0,3.700940117239952,44.70956265926361,0.06634147167205812
3.891999999999793,-0.1297211077951979,0.0036812658551533834,-0.12869376837533084,0.23387516553048557,0.0,0.2984064156370526,0.45431830387563826,0.378628615445029,1.1313035105617786,0.34082226872820426,0.0,3.700940117239952,44.70956265926361,0.06634147167205812
3.901999999999792,-0.12967077843417904,0.006403424338834347,-0.12880925262237577,0.23356867924099797,0.0,0.298099929347565,0.4543380578016186,0.3786286158642762,1.1305650402966796,0.34082183246223674,0.0,3.646156892180443,44.919050335884094,0.0690052628517151
3.9119999999997908,-0.12958832624471125,0.009142144663388651,-0.12889796185866143,0.23437030901330466,0.0,0.2989015591198717,0.454357922394784,0.3786286162752053,1.131454412394858,0.34082139588449645,0.0,3.646156892180443,44.919050335884094,0.0690052628517151
3.9219999999997897,-0.1294905201657493,0.00995413826067543,-0.12900492392238813,0.2351606984141972,0.0,0.2996919485207643,0.45437787021534654,0.37862861667798126,1.1324053299944667,0.3408209582763565,0.0,3.646156892180443,44.919050335884094,0.0690052628517151
3.9319999999997886,-0.1293935552273521,0.009737076652702745,-0.12912597110854399,0.23525186541428908,0.0,0.2997831155208561,0.4543978726049806,0.3786286170727659,1.1324533251039681,0.34082051976336586,0.0,3.646156892180443,44.919050335884094,0.0690052628517151
3.9419999999997875,-0.12929364111334102,0.010000463543713206,-0.1292376256658376,0.23548150465480597,0.0,0.300012754761373,0.4544179025160224,0.3786286174597178,1.132771358611378,0.3408200813486984,0.0,3.646156892180443,44.919050335884094,0.0690052628517151
3.9519999999997864,-0.12919024031159196,0.010951837825108049,-0.1293280573060622,0.2351776999252752,0.0,0.2997089500318423,0.45443793433429136,0.3786286178389924,1.1324179441608835,0.3408196430956609,0.0,3.574011914432049,45.22422671318054,0.06951465010643004
3.9619999999997852,-0.12906526361370618,0.01350609142627187,-0.12935579914420658,0.23469442048163847,0.0,0.29922567058820554,0.45445794306545734,0.3786286182107419,1.1318850702229342,0.3408192055249613,0.0,3.574011914432049,45.22422671318054,0.06951465010643004
3.971999999999784,-0.128921801705063,0.014857058640287569,-0.12937653314661954,0.2344567545797165,0.0,0.29898800468628356,0.4544779016533362,0.37862861857511565,1.1317644267170766,0.3408187681830339,0.0,3.574011914432049,45.22422671318054,0.06951465010643004
3.981999999999783,-0.1287654764383479,0.016232425390136883,-0.12937677097164738,0.23381455184356867,0.0,0.2983458019501357,0.4544977813119668,0.3786286189322599,1.1311424018989287,0.34081833166151876,0.0,3.574011914432049,45.22422671318054,0.06951465010643004
3.991999999999782,-0.12859545882548024,0.017404423084639097,-0.129356468346329,0.23329600088488342,0.0,0.29782725099145047,0.4545175526475816,0.3786286192823182,1.1307559204483961,0.34081789602343726,0.0,3.574011914432049,45.22422671318054,0.06951465010643004
4.001999999999781,-0.12841737929574099,0.018244864634808136,-0.12931680673712925,0.2326846994377198,0.0,0.2972159495442869,0.4545371858544943,0.37862861962543115,1.1302970631599791,0.3408174611223481,0.0,3.5534272640943527,45.314223766326904,0.06679267287254334
4.01199999999978,-0.1282266654768998,0.01919466153634864,-0.12924287514100916,0.23252599097634724,0.0,0.2970572410829143,0.45455665141817153,0.3786286199617365,1.1305234601202032,0.340817027248889,0.0,3.5534272640943527,45.314223766326904,0.06679267287254334
4.021999999999779,-0.1280399254161304,0.01830539553866837,-0.12917385003077012,0.23213563929616096,0.0,0.296666889402728,0.4545759200309035,0.37862862029136946,1.1304678177543712,0.3408165933563093,0.0,3.5534272640943527,45.314223766326904,0.06679267287254334
4.031999999999778,-0.12787448007709712,0.01534121617987683,-0.12912205899785378,0.23225257818768866,0.0,0.29678382829425576,0.45459496520276366,0.3786286206144622,1.1311529428908518,0.3408161589152665,0.0,3.5534272640943527,45.314223766326904,0.06679267287254334
4.041999999999777,-0.12773602956981364,0.012737412058330243,-0.12906130837429158,0.23224741463439463,0.0,0.2967786647409617,0.45461376640520845,0.3786286209311445,1.1316847364280145,0.3408157249940332,0.0,3.5534272640943527,45.314223766326904,0.06679267287254334
4.051999999999776,-0.127624426862528,0.01017733378582005,-0.12899376812525254,0.23175413846806542,0.0,0.2962853885746325,0.45463230996560405,0.3786286212415437,1.131539804053424,0.34081529142217076,0.0,3.5765223130583763,45.3810715675354,0.0650623083114624
4.061999999999775,-0.12753744241052942,0.007564886588579296,-0.12891590932315208,0.23195392428547704,0.0,0.29648517439204414,0.4546505885125798,0.37862862154578436,1.132359903005748,0.3408148580877301,0.0,3.5765223130583763,45.3810715675354,0.0650623083114624
4.071999999999774,-0.1274738031457862,0.005731782396780315,-0.12882302045588198,0.23106799504826725,0.0,0.2955992451548343,0.4546686002908808,0.3786286218439887,1.1316431169758807,0.34081442559751607,0.0,3.5765223130583763,45.3810715675354,0.0650623083114624
4.0819999999997725,-0.12742296739681305,0.004315922635020862,-0.12871425504269507,0.23104254219343467,0.0,0.29557379230000175,0.4546863481984314,0.3786286221362765,1.1321069462849036,0.34081399404439505,0.0,3.5765223130583763,45.3810715675354,0.0650623083114624
4.091999999999771,-0.12739118002024452,0.002462033555931855,-0.12860529215636032,0.23025306932413428,0.0,0.2947843194307014,0.45470383805403525,0.3786286224227652,1.1314677870835634,0.34081356278211833,0.0,3.5765223130583763,45.3810715675354,0.0650623083114624
4.10199999999977,-0.1273722140174157,0.0014717985585626595,-0.1284810223803132,0.22956791455251818,0.0,0.29409916465908525,0.4547210789386417,0.37862862270356973,1.1309339122185453,0.34081313263223145,0.0,3.6062595173716545,45.277302265167236,0.06341348290443422
4.111999999999769,-0.12736560435990746,0.00021978563195107492,-0.12836283303643584,0.22902149540670247,0.0,0.29355274551326954,0.45473808220311485,0.3786286229788029,1.1305496841851927,0.34081270320411605,0.0,3.6062595173716545,45.277302265167236,0.06341348290443422
4.121999999999768,-0.12736903149416942,-0.0006922002874685217,-0.12823607042314852,0.2285948253276584,0.0,0.2931260754342255,0.4547548609561965,0.37862862324857527,1.130284347116386,0.34081227446125556,0.0,3.6062595173716545,45.277302265167236,0.06341348290443422
4.131999999999767,-0.12738035890455082,-0.001470373393151628,-0.12810440512901713,0.22832352301046835,0.0,0.29285477311703545,0.45477142962742767,0.3786286235129952,1.1301836191156691,0.3408118462676583,0.0,3.6062595173716545,45.277302265167236,0.06341348290443422
4.141999999999766,-0.12740200316201722,-0.002724860515092081,-0.1279791509376454,0.22832141128904201,0.0,0.29285266139560906,0.4547878034730526,0.37862862377216877,1.130402987639766,0.34081141814788074,0.0,3.6062595173716545,45.277302265167236,0.06341348290443422
4.151999999999765,-0.12744331750170104,-0.005427272490946813,-0.12788377984595703,0.22913153574677397,0.0,0.29366278585334105,0.4548039990212523,0.37862862402620023,1.1316978283176706,0.340810989365676,0.0,3.6228862702846527,45.08692264556885,0.06220403909683228
4.161999999999764,-0.12752041006946077,-0.009203953617459033,-0.12783680965521274,0.22951050353620858,0.0,0.2940417536427756,0.4548200358636709,0.3786286242751915,1.1323235382811918,0.3408105598795971,0.0,3.6228862702846527,45.08692264556885,0.06220403909683228
4.171999999999763,-0.1276339894183025,-0.01289327917535269,-0.12781253096086878,0.23007911513792434,0.0,0.2946103652444914,0.4548359390398899,0.3786286245192427,1.1331462015366283,0.34081012953491213,0.0,3.6228862702846527,45.08692264556885,0.06220403909683228
4.1819999999997615,-0.1277823434374132,-0.015854064646128554,-0.12780488260435133,0.23009853506261163,0.0,0.2946297851691787,0.45485173917992405,0.37862862475845177,1.1331273684324534,0.3408096985243175,0.0,3.6228862702846527,45.08692264556885,0.06220403909683228
4.19199999999976,-0.12795306089179212,-0.017620917412150897,-0.12780345609958857,0.23049361625235157,0.0,0.29502486635891867,0.45486747150954326,0.3786286249929147,1.1335617865773675,0.3408092672626692,0.0,3.6228862702846527,45.08692264556885,0.06220403909683228
4.201999999999759,-0.12813351637466572,-0.018373359513590468,-0.12780964325208452,0.2303329584133215,0.0,0.2948642085198886,0.45488317323635696,0.37862862522272583,1.133148539249322,0.3408088360227967,0.0,3.671817660331726,44.857688546180725,0.0612187385559082
4.211999999999758,-0.1283254774246253,-0.020049009728404996,-0.12786207704401858,0.23147810479703376,0.0,0.2960093549036008,0.4548988812314488,0.3786286254479773,1.1345010960735618,0.34080840410515184,0.0,3.671817660331726,44.857688546180725,0.0612187385559082
4.221999999999757,-0.12853338318197935,-0.02113200250060442,-0.12793027380714422,0.23164812802261187,0.0,0.29617937812917894,0.45491463221756073,0.37862862566875966,1.1344297696771637,0.34080797134720514,0.0,3.671817660331726,44.857688546180725,0.0612187385559082
4.231999999999756,-0.12874523857905443,-0.021087746001259178,-0.12800259638265687,0.2317285299854444,0.0,0.2962597800920115,0.4549304631781529,0.37862862588516155,1.1341798081196974,0.3408075382282961,0.0,3.671817660331726,44.857688546180725,0.0612187385559082
4.241999999999755,-0.1289488515418101,-0.019356666355908055,-0.1280668209744764,0.2312237285477807,0.0,0.29575497865434774,0.45494640935340425,0.37862862609726994,1.133065165453183,0.3408071052665472,0.0,3.671817660331726,44.857688546180725,0.0612187385559082
4.251999999999754,-0.12912606655124537,-0.016830686249835615,-0.1281257205775114,0.2315688893777253,0.0,0.29610013948429237,0.4549625016559738,0.3786286263051699,1.1331075693280752,0.3408066725386736,0.0,3.705411285161972,44.751707315444946,0.06282151937484742
4.261999999999753,-0.12928545528924923,-0.01518901132609011,-0.12821059640672047,0.23190750692193382,0.0,0.29643875702850087,0.4549787642344559,0.378628626508945,1.133118616698058,0.3408062391138783,0.0,3.705411285161972,44.751707315444946,0.06282151937484742
4.2719999999997516,-0.12942891478785415,-0.01373267566888393,-0.12830701141497222,0.23257362055847888,0.0,0.297104870665046,0.45499521576223684,0.37862862670867714,1.1335756245224673,0.34080580495714535,0.0,3.705411285161972,44.751707315444946,0.06282151937484742
4.2819999999997505,-0.12956037063073486,-0.012743162476083975,-0.12842055634447655,0.23326483214318428,0.0,0.29779608224975135,0.45501187045199804,0.3786286269044463,1.1340632523634557,0.3408053697891098,0.0,3.705411285161972,44.751707315444946,0.06282151937484742
4.291999999999749,-0.12967682060416671,-0.010751325823072332,-0.12853192668169053,0.2332277051789579,0.0,0.297758955285525,0.45502873893550627,0.3786286270963314,1.133534971693353,0.3408049344160634,0.0,3.705411285161972,44.751707315444946,0.06282151937484742
4.301999999999748,-0.12976773849958456,-0.007965791234291813,-0.12863520731681016,0.23338228952875859,0.0,0.29791353963532563,0.4550458278632319,0.3786286272844093,1.1332902839306151,0.34080449901328924,0.0,3.699763521552086,44.81745362281799,0.06602312922477721
4.311999999999747,-0.12983684380932414,-0.006485682423136747,-0.12875238912204903,0.23467525099116404,0.0,0.2992065010977311,0.45506313850456115,0.37862862746875564,1.1346630279351886,0.34080406234213423,0.0,3.699763521552086,44.81745362281799,0.06602312922477721
4.321999999999746,-0.129892787485643,-0.004665788150936927,-0.12887309600790858,0.23435386353766804,0.0,0.2988851136442351,0.4550806677535331,0.3786286276494445,1.133804092024519,0.3408036251950118,0.0,3.699763521552086,44.81745362281799,0.06602312922477721
4.331999999999745,-0.12992461189612695,-0.0023347928850155596,-0.12898697533724165,0.23468267488692127,0.0,0.2992139249934883,0.4550984094833109,0.3786286278265483,1.1338937639625013,0.3408031880423735,0.0,3.699763521552086,44.81745362281799,0.06602312922477721
4.341999999999744,-0.12994121808425363,-0.0012400318787086657,-0.1291176900989809,0.23525641782901566,0.0,0.29978766793558276,0.45511635351599583,0.37862862800013825,1.1343710961941813,0.3408027498441862,0.0,3.699763521552086,44.81745362281799,0.06602312922477721
4.351999999999743,-0.12994205882385051,0.000743128522459266,-0.12923450650999452,0.23554590857880112,0.0,0.3000771586853682,0.45513448702368464,0.3786286281702841,1.134500143352846,0.34080231163790137,0.0,3.656643882393837,45.005735754966736,0.06868166327476502
4.361999999999742,-0.12992153704184675,0.0027899972034105616,-0.12933129124163456,0.23582861705320846,0.0,0.30035986715977553,0.45515279472524434,0.37862862833705413,1.134672868162152,0.3408018729199405,0.0,3.656643882393837,45.005735754966736,0.06868166327476502
4.3719999999997405,-0.12988343029831603,0.004302529043416145,-0.12942894967889743,0.2359514208468843,0.0,0.3004826709534514,0.4551712582012597,0.3786286285005154,1.1346771022070326,0.3408014339103337,0.0,3.656643882393837,45.005735754966736,0.06868166327476502
4.381999999999739,-0.12983644412684253,0.0049605893182470134,-0.1295340156689456,0.23619354225385325,0.0,0.3007247923604203,0.4551898568133455,0.3786286286607334,1.1349055787047084,0.3408009943160486,0.0,3.656643882393837,45.005735754966736,0.06868166327476502
4.391999999999738,-0.1297800385816121,0.006356097998618882,-0.12962498155990917,0.23566688586732348,0.0,0.30019813597389056,0.4552085693268893,0.3786286288177726,1.1341161043080286,0.3408005550562845,0.0,3.656643882393837,45.005735754966736,0.06868166327476502
4.401999999999737,-0.12971072295708927,0.007310495103271704,-0.12970659711453175,0.23618376352156045,0.0,0.3007150136281275,0.4552273738795965,0.3786286289716961,1.134848565634893,0.3408001156194181,0.0,3.596497692167759,45.240230560302734,0.06921388506889342
4.411999999999736,-0.129626607738192,0.009038958731625614,-0.12974833438806804,0.23601862619452227,0.0,0.3005498763010893,0.45524624753656917,0.3786286291225656,1.1346830038403677,0.3407996763190107,0.0,3.596497692167759,45.240230560302734,0.06921388506889342
4.421999999999735,-0.1295332236691466,0.009410169903092958,-0.1297943881874795,0.2361845117356939,0.0,0.300715761842261,0.4552651661426195,0.3786286292704417,1.1350346164512715,0.3407992367239197,0.0,3.596497692167759,45.240230560302734,0.06921388506889342
4.431999999999734,-0.12944091616775558,0.009068704739580592,-0.12984144049455965,0.2363241862492019,0.0,0.30085543635576895,0.45528410537000463,0.37862862941538394,1.135399130971039,0.3407987969626392,0.0,3.596497692167759,45.240230560302734,0.06921388506889342
4.441999999999733,-0.1293534913742091,0.00865303734820023,-0.12988237457968127,0.23597488740337466,0.0,0.3005061375099417,0.455303042633094,0.37862862955745047,1.1351241311777893,0.3407983573371631,0.0,3.596497692167759,45.240230560302734,0.06921388506889342
4.451999999999732,-0.1292685189418768,0.008521328842183568,-0.12990755511821586,0.2355698046527308,0.0,0.3001010547592979,0.4553219576739351,0.37862862969669825,1.1348121373423325,0.3407979181032502,0.0,3.562219023704529,45.356377363204956,0.06757954359054566
4.461999999999731,-0.12917595985727662,0.009737619730569493,-0.12989038629820177,0.23506204985106363,0.0,0.29959329995763073,0.45534083200145437,0.37862862983318324,1.1343924640828493,0.34079747991910514,0.0,3.562219023704529,45.356377363204956,0.06757954359054566
4.4719999999997295,-0.1290839970226698,0.008711068740082858,-0.12988658516850654,0.23549793719281653,0.0,0.3000291872993836,0.45535964727962447,0.37862862996696034,1.1353246131480836,0.34079704121463633,0.0,3.562219023704529,45.356377363204956,0.06757954359054566
4.481999999999728,-0.12899550192732195,0.008778467380612161,-0.12985757209195148,0.23489729736785117,0.0,0.29942854747441827,0.4553783864008029,0.3786286300980831,1.1348289156478404,0.3407966035964545,0.0,3.562219023704529,45.356377363204956,0.06757954359054566
4.491999999999727,-0.12890808587137542,0.008873125827299705,-0.12981403918647924,0.23404491009516695,0.0,0.29857616020173405,0.4553970342001441,0.37862863022660437,1.133999582298891,0.3407961666690666,0.0,3.562219023704529,45.356377363204956,0.06757954359054566
4.501999999999726,-0.12881498813555106,0.009289274244519887,-0.12974891382440987,0.2336955674500155,0.0,0.29822681755658254,0.4554155766027986,0.3786286303525757,1.1338895501369564,0.3407957308492425,0.0,3.57053629308939,45.31764626502991,0.06539880037307738
4.511999999999725,-0.12873585435119267,0.00697527061293288,-0.12971265672698587,0.23398680133321417,0.0,0.2985180514397813,0.4554340000546881,0.3786286304760477,1.1346841518120518,0.34079529420345944,0.0,3.57053629308939,45.31764626502991,0.06539880037307738
4.521999999999724,-0.12867654772774692,0.0054146709272133355,-0.12966461071936874,0.2334749902009979,0.0,0.29800624030756495,0.45545229442870694,0.3786286305970699,1.134352375392325,0.34079485815356986,0.0,3.57053629308939,45.31764626502991,0.06539880037307738
4.531999999999723,-0.12862964501358418,0.0042439458957288425,-0.12960500270767703,0.23313387765725344,0.0,0.2976651277638205,0.45547045407377884,0.378628630715691,1.1342516356516903,0.3407944227285828,0.0,3.57053629308939,45.31764626502991,0.06539880037307738
4.541999999999722,-0.12858881868086872,0.004233073902272511,-0.12952166405188595,0.23210858746490395,0.0,0.29663983757147105,0.45548847630587463,0.3786286308319586,1.1331795845941066,0.3407939884719663,0.0,3.57053629308939,45.31764626502991,0.06539880037307738
4.551999999999721,-0.1285498730515241,0.00342093303620436,-0.1294378963939632,0.2323199228124478,0.0,0.29685117291901486,0.4555063598928822,0.3786286309459193,1.133821970408373,0.340793554586303,0.0,3.5922816321253777,45.24147152900696,0.06425020694732667
4.56199999999972,-0.1285313508920241,0.00067855380983463,-0.12938404505642637,0.2327794122737501,0.0,0.29731066238031717,0.45552410461610304,0.37862863105761896,1.1347878359535706,0.34079312011189333,0.0,3.5922816321253777,45.24147152900696,0.06425020694732667
4.5719999999997185,-0.12854201106108576,-0.0022409270381180697,-0.12933984926197203,0.23269020702327678,0.0,0.2972214571298438,0.45554171418246986,0.37862863116710244,1.1349528603656214,0.34079268536239593,0.0,3.5922816321253777,45.24147152900696,0.06425020694732667
4.581999999999717,-0.12857650464178,-0.004222545504974648,-0.1292904057662125,0.23254007840850446,0.0,0.29707132851507156,0.45555919764393427,0.3786286312744137,1.1349933124566967,0.34079225095406596,0.0,3.5922816321253777,45.24147152900696,0.06425020694732667
4.591999999999716,-0.12862894343345557,-0.005725302550346582,-0.1292393564618398,0.23210762473881272,0.0,0.29663887484537976,0.45557656822589815,0.3786286313795958,1.134594884842762,0.34079181674232895,0.0,3.5922816321253777,45.24147152900696,0.06425020694732667
4.601999999999715,-0.12868451895299207,-0.0051944560607963645,-0.1291641009613461,0.23098880591308693,0.0,0.29552005601965403,0.45559384168867945,0.37862863148269105,1.1331902662352773,0.340791383924653,0.0,3.622411109507084,45.10112762451172,0.06299625635147094
4.611999999999714,-0.1287275789804829,-0.0035800784263604474,-0.129076509053379,0.23012566207093443,0.0,0.2946569121775015,0.4556110334031915,0.37862863158374077,1.1321039110820825,0.3407909527096205,0.0,3.622411109507084,45.10112762451172,0.06299625635147094
4.621999999999713,-0.1287539803689286,-0.0022402876769889255,-0.12898083653009146,0.23013293881372446,0.0,0.29466418892029156,0.4556281554741949,0.37862863168278565,1.132201095077479,0.3407905220843599,0.0,3.622411109507084,45.10112762451172,0.06299625635147094
4.631999999999712,-0.12877465640725833,-0.002138931158900473,-0.12889694712263966,0.23034633173380778,0.0,0.2948775818403748,0.45564521632026106,0.37862863177986544,1.1325515869859226,0.34079009120093656,0.0,3.622411109507084,45.10112762451172,0.06299625635147094
4.641999999999711,-0.12879222007851363,-0.0013174974759788422,-0.12880508842021313,0.2296403685058365,0.0,0.2941716186124036,0.4556622226188166,0.3786286318750191,1.1315792886552374,0.3407896608768707,0.0,3.622411109507084,45.10112762451172,0.06299625635147094
4.65199999999971,-0.1287998623117072,-0.0004179832207369845,-0.12871334054864353,0.22929048023488788,0.0,0.293821730341455,0.45567917985144707,0.37862863196828483,1.1310734282884611,0.34078923104429765,0.0,3.6436730176210403,44.939756989479065,0.06254112124443054
4.661999999999709,-0.1288022664131878,-0.00027382880741643086,-0.12864472349612474,0.22945304375714112,0.0,0.29398429386370817,0.4556960914258274,0.37862863205970015,1.1312583963657217,0.3407888014347339,0.0,3.6436730176210403,44.939756989479065,0.06254112124443054
4.6719999999997075,-0.12880251123099187,0.0004268807422944023,-0.1285739879817552,0.2287034085783388,0.0,0.29323465868490584,0.45571295956001195,0.3786286321493017,1.1301429146789894,0.34078837208910756,0.0,3.6436730176210403,44.939756989479065,0.06254112124443054
4.681999999999706,-0.12878701999408257,0.002556741390579483,-0.12848350750973792,0.22779777070606674,0.0,0.2923290208126338,0.4557297856221706,0.37862863223712545,1.1287911878207508,0.34078794379051414,0.0,3.6436730176210403,44.939756989479065,0.06254112124443054
4.691999999999705,-0.1287439289416449,0.005226347072058261,-0.12837722368859028,0.22786736607178573,0.0,0.29239861617835283,0.45574656787347556,0.3786286323232068,1.128795076325692,0.3407875164288815,0.0,3.6436730176210403,44.939756989479065,0.06254112124443054
4.701999999999704,-0.12867991971545187,0.007207967450373028,-0.1282762533797142,0.2273765409766724,0.0,0.2919077910832395,0.4557632997687725,0.37862863240758016,1.1280099823182566,0.34078708928544593,0.0,3.6432899832725525,44.82440233230591,0.06249709725379943
4.711999999999703,-0.12860393744171245,0.0078051386443811835,-0.128200617617726,0.22777709755487238,0.0,0.2923083476614394,0.4557799711421145,0.3786286324902795,1.1284744442187133,0.340786661993777,0.0,3.6432899832725525,44.82440233230591,0.06249709725379943
4.721999999999702,-0.1285248448801574,0.008147718131565947,-0.1281332828677638,0.2275074418421908,0.0,0.29203869194875787,0.4557965702614183,0.37862863257133805,1.1280051450745092,0.3407862345339664,0.0,3.6432899832725525,44.82440233230591,0.06249709725379943
4.731999999999701,-0.1284373010042266,0.00918847569906546,-0.1280593686586893,0.22744825384425615,0.0,0.2919795039508232,0.4558130853829578,0.37862863265078833,1.1278388443807352,0.3407858075395432,0.0,3.6432899832725525,44.82440233230591,0.06249709725379943
4.7419999999997,-0.12833968613224198,0.01029480518536575,-0.12798472906481725,0.22703824115290194,0.0,0.291569491259469,0.45582950410088346,0.3786286327286623,1.1271939414562044,0.34078538076816434,0.0,3.6432899832725525,44.82440233230591,0.06249709725379943
4.751999999999699,-0.12823042677346566,0.011011960139194936,-0.12791269152768298,0.22761436620643938,0.0,0.29214561631300645,0.45584581290198095,0.3786286328049912,1.1279463054857835,0.3407849540610268,0.0,3.6255897134542465,44.840694069862366,0.06290908455848693
4.761999999999698,-0.12812127972648873,0.010675065936817125,-0.1278563805594048,0.22805796237042641,0.0,0.2925892124769935,0.4558619973424204,0.3786286328798057,1.128530117136212,0.3407845267479223,0.0,3.6255897134542465,44.840694069862366,0.06290908455848693
4.7719999999996965,-0.1280166954466617,0.010327751436474972,-0.12780669800239172,0.22793011827662188,0.0,0.2924613683831889,0.4558780439422273,0.3786286329531358,1.1283304776857555,0.34078409929059594,0.0,3.6255897134542465,44.840694069862366,0.06290908455848693
4.781999999999695,-0.12791644445484446,0.009678869186750512,-0.1277659336737796,0.22816098359520962,0.0,0.29269223370177666,0.45589394102484004,0.3786286330250111,1.1286503958127923,0.3407836715794819,0.0,3.6255897134542465,44.840694069862366,0.06290908455848693
4.791999999999694,-0.12782791158965165,0.008043656489801435,-0.12774564221137208,0.22885437176322118,0.0,0.2933856218697882,0.45590967883635686,0.3786286330954603,1.1296338604870835,0.3407832430888526,0.0,3.6255897134542465,44.840694069862366,0.06290908455848693
4.801999999999693,-0.12776512695103948,0.005014241758490414,-0.12775660208342615,0.2299331485200544,0.0,0.29446439862662144,0.4559252508536165,0.37862863316451173,1.131168333437043,0.34078281316577363,0.0,3.6135761737823486,44.92415010929108,0.06297701597213745
4.811999999999692,-0.12773198208999,0.0020694979111532223,-0.12777839175192546,0.2306416277405613,0.0,0.29517287784712837,0.4559406559620386,0.3786286332321931,1.1321890368446401,0.34078238224899654,0.0,3.6135761737823486,44.92415010929108,0.06297701597213745
4.821999999999691,-0.1277283440945996,-0.00032050903369697237,-0.12781120669934568,0.2302520047491473,0.0,0.2947832548557144,0.4559558990780884,0.3786286332985317,1.1316715812133218,0.3407819507856508,0.0,3.6135761737823486,44.92415010929108,0.06297701597213745
4.83199999999969,-0.12773155712612727,-0.0003192881924032453,-0.1278192593349642,0.22985906692309752,0.0,0.29439031702966456,0.4559709901362637,0.37862863336355407,1.1311493581331273,0.3407815203143603,0.0,3.6135761737823486,44.92415010929108,0.06297701597213745
4.841999999999689,-0.127739218529548,-0.0013442066787439089,-0.1278411891460184,0.2307253482509329,0.0,0.29525659835749996,0.4559859403098255,0.3786286334272863,1.1323910207438328,0.34078108922752304,0.0,3.6135761737823486,44.92415010929108,0.06297701597213745
4.851999999999688,-0.12775988124870163,-0.0024268175400797218,-0.12787031001262447,0.23055821894797912,0.0,0.2950894690545462,0.4560007612014742,0.37862863348975406,1.1321832199662847,0.3407806577288718,0.0,3.621471591293812,44.947031140327454,0.062374502420425415
4.861999999999687,-0.12778856955950288,-0.003173032537598895,-0.12789766276943912,0.23070744091249767,0.0,0.29523869101906475,0.45601546599229803,0.3786286335509825,1.13241413861266,0.34078022609395664,0.0,3.621471591293812,44.947031140327454,0.062374502420425415
4.8719999999996855,-0.12782626640225703,-0.004438885648469547,-0.12793581589907016,0.23144149154411361,0.0,0.29597274165068066,0.4560300687621302,0.37862863361099597,1.1334581080864803,0.34077979392404156,0.0,3.621471591293812,44.947031140327454,0.062374502420425415
4.881999999999684,-0.1278848440865153,-0.006703815017669503,-0.12799779212306325,0.23186823870915477,0.0,0.29639948881572187,0.4560445847423849,0.3786286336698188,1.1340617974864702,0.3407793606138703,0.0,3.621471591293812,44.947031140327454,0.062374502420425415
4.891999999999683,-0.12796084118710482,-0.00821226639094886,-0.1280610536636803,0.23219897673175208,0.0,0.2967302268383192,0.4560590319378384,0.3786286337274746,1.1345179661366116,0.340778927086293,0.0,3.621471591293812,44.947031140327454,0.062374502420425415
4.901999999999682,-0.12804659742138097,-0.008731809611358093,-0.12811793724051065,0.2319779696716415,0.0,0.29650921977820854,0.4560734305913806,0.3786286337839865,1.1341879153631693,0.34077849361654017,0.0,3.640033408999443,44.978176951408386,0.06260252594947815
4.911999999999681,-0.12813266342348958,-0.008221208370818092,-0.12816092411277183,0.23136460640891018,0.0,0.29589585651547723,0.4560878014889849,0.37862863383937706,1.1332952512360728,0.34077806040204145,0.0,3.640033408999443,44.978176951408386,0.06260252594947815
4.92199999999968,-0.12820457133913105,-0.006562051106162375,-0.1281829573838352,0.23116096532468197,0.0,0.295692215431249,0.4561021639283816,0.3786286338936687,1.1329663880732541,0.3407776279942943,0.0,3.640033408999443,44.978176951408386,0.06260252594947815
4.931999999999679,-0.12826426303829155,-0.005639354630049926,-0.12820788515636497,0.23143262882949808,0.0,0.29596387893606513,0.45611653351140574,0.37862863394688306,1.1332960036405781,0.3407771954034198,0.0,3.640033408999443,44.978176951408386,0.06260252594947815
4.941999999999678,-0.12831297858171622,-0.0043297235569766685,-0.12822372303439566,0.23103139822641003,0.0,0.2955626483329771,0.45613092236585523,0.37862863399904173,1.132678055664532,0.34077676314119637,0.0,3.640033408999443,44.978176951408386,0.06260252594947815
4.951999999999677,-0.12835118678860843,-0.003745839078800892,-0.12824427788944354,0.23156213869341827,0.0,0.29609338879998537,0.45614533959988246,0.3786286340501655,1.1333621594324765,0.34077633065205426,0.0,3.648234337568283,44.96874272823334,0.06325142383575438
4.961999999999676,-0.12839418047269627,-0.005159066833106563,-0.12829437665128343,0.23279097039127022,0.0,0.2973222204978373,0.4561597918988878,0.37862863410027486,1.1350200812173297,0.34077589687914456,0.0,3.648234337568283,44.96874272823334,0.06325142383575438
4.9719999999996745,-0.12845688731836213,-0.007094555481383788,-0.128365098466457,0.23322132248288444,0.0,0.29775257258945154,0.45617428645232216,0.37862863414939013,1.1355522920324486,0.34077546206553233,0.0,3.648234337568283,44.96874272823334,0.06325142383575438
4.981999999999673,-0.1285373968476844,-0.008569890384714897,-0.1284437575393116,0.2333606867022359,0.0,0.297891936808803,0.4561888334772676,0.37862863419753096,1.135667446777922,0.3407750267143996,0.0,3.648234337568283,44.96874272823334,0.06325142383575438
4.991999999999672,-0.128627780060132,-0.00902143886710922,-0.12851901588277592,0.23333813330407546,0.0,0.2978693834106425,0.45620344584795663,0.37862863424471654,1.1355464143028065,0.34077459129942794,0.0,3.648234337568283,44.96874272823334,0.06325142383575438
5.001999999999671,-0.12871932481596662,-0.00927088976100535,-0.1285946215208258,0.23367056098820382,0.0,0.2982018110947709,0.4562181373259654,0.378628634290966,1.1359152048962606,0.3407741556178066,0.0,3.6574242562055588,45.00741481781006,0.06427642107009887
5.01199999999967,-0.12881978912294575,-0.010532229585266326,-0.1286874767525973,0.2343296028861066,0.0,0.2988608529926737,0.45623292119924824,0.37862863433629773,1.136732727463424,0.34077371874327383,0.0,3.6574242562055588,45.00741481781006,0.06427642107009887
5.021999999999669,-0.12893358157415596,-0.011993390683344039,-0.12879398831543512,0.23505374468848547,0.0,0.2995849947950525,0.45624781143883814,0.37862863438073013,1.1376306134678067,0.3407732810275657,0.0,3.6574242562055588,45.00741481781006,0.06427642107009887
5.031999999999668,-0.12906241217579625,-0.013584140331262748,-0.12891453214139148,0.2357469771108116,0.0,0.3002782272173787,0.45626282354966124,0.37862863442428096,1.1384732894408058,0.34077284241782396,0.0,3.6574242562055588,45.00741481781006,0.06427642107009887
5.041999999999667,-0.1292083358315342,-0.015088916362269826,-0.1290480124205906,0.2361837556508972,0.0,0.30071500575746424,0.4562779748647801,0.37862863446696776,1.1389434426530518,0.3407724029180823,0.0,3.6574242562055588,45.00741481781006,0.06427642107009887
5.051999999999666,-0.12936688064627452,-0.016291522840071893,-0.1291877308718219,0.23689040466001166,0.0,0.30142165476657873,0.4562932845781587,0.37862863450880757,1.1397779461549618,0.3407719626603267,0.0,3.6676364690065384,45.09347438812256,0.06557731032371522
5.0619999999996645,-0.12953190463750863,-0.01657014606186555,-0.1293181404666678,0.23701187359284231,0.0,0.3015431236994094,0.45630877287153493,0.3786286345498173,1.1397788648353209,0.3407715219107805,0.0,3.6676364690065384,45.09347438812256,0.06557731032371522
5.0719999999996634,-0.12969476705764257,-0.01596842858313393,-0.1294417583266214,0.23673972600846474,0.0,0.30127097611503184,0.4563244596181997,0.3786286345900134,1.1392161803652892,0.34077108111396437,0.0,3.6676364690065384,45.09347438812256,0.06557731032371522
5.081999999999662,-0.12984430610319653,-0.01419216852120036,-0.12954878232410558,0.23661437528956986,0.0,0.30114562539613693,0.456340362712304,0.37862863462941193,1.1388512275041462,0.3407706407195322,0.0,3.6676364690065384,45.09347438812256,0.06557731032371522
5.091999999999661,-0.12997266732559698,-0.011706738386085998,-0.1296401996144896,0.2360668070818394,0.0,0.3005980571884065,0.45635649611714296,0.37862863466802876,1.1378934263773732,0.34077020072536995,0.0,3.6676364690065384,45.09347438812256,0.06557731032371522
5.10199999999966,-0.13007032158574716,-0.008248458409461845,-0.12970772105394537,0.23544152893312467,0.0,0.2999727790396918,0.45637286844715125,0.3785569072535925,1.1368308220247232,0.3407697615723255,0.0,3.669795796275139,45.07171452045441,0.06625240445137023
5.111999999999659,-0.1301341646276482,-0.005603312762253454,-0.12977143344871178,0.23637362261978936,0.0,0.30090487272635646,0.45638948158917714,0.3782185713085469,1.137590299090121,0.3407693225530556,0.0,3.669795796275139,45.07171452045441,0.06625240445137023
5.121999999999658,-0.13019050567363213,-0.005521827656083294,-0.1298656030478891,0.23650657859100027,0.0,0.30103782869756734,0.4564063311170592,0.37797574016573393,1.1373507344349,0.34076888201857364,0.0,3.669795796275139,45.07171452045441,0.06625240445137023
5.131999999999657,-0.1302373233136046,-0.004267758466093823,-0.12994467991624695,0.2366748447481665,0.0,0.3012060948547336,0.45642341060108377,0.37781044844327294,1.1373007600134288,0.34076844190303196,0.0,3.669795796275139,45.07171452045441,0.06625240445137023
5.141999999999656,-0.13028001596123565,-0.004529427670776909,-0.13004249575864346,0.2375437055495518,0.0,0.30207495565611886,0.4564407122415456,0.3776776032164184,1.1382368251859254,0.34076800075898267,0.0,3.669795796275139,45.07171452045441,0.06625240445137023
5.151999999999655,-0.13032416726721613,-0.004333918815156148,-0.13013565212960324,0.2374819583070765,0.0,0.30201320841364354,0.45645822771237426,0.37763056450846705,1.1380153913254794,0.340767559328207,0.0,3.64441055059433,45.22247076034546,0.06787980794906617
5.1619999999996535,-0.13036376825302862,-0.0040393832828752255,-0.130215630783205,0.2381920225154393,0.0,0.3027232726220064,0.45647594912310957,0.37754903305713533,1.1388196710443137,0.3407671173417734,0.0,3.64441055059433,45.22247076034546,0.06787980794906617
5.171999999999652,-0.1304093789409144,-0.004749207856005267,-0.1303125009096838,0.23849572757945187,0.0,0.30302697768601894,0.4564938684506689,0.37757045308051035,1.1391927643535944,0.34076667439740455,0.0,3.64441055059433,45.22247076034546,0.06787980794906617
5.181999999999651,-0.13044902103275816,-0.0030313908833188956,-0.13037801859494402,0.23715896472243395,0.0,0.30169021482900105,0.45651197871208976,0.3775914481169401,1.1372861698007077,0.340766232558313,0.0,3.64441055059433,45.22247076034546,0.06787980794906617
5.19199999999965,-0.1304646415980866,-0.0007340536565842316,-0.13042221018555064,0.23712766658199239,0.0,0.3016589166885595,0.4565302718990975,0.37761202659843723,1.1372289990142508,0.34076579148776587,0.0,3.64441055059433,45.22247076034546,0.06787980794906617
5.201999999999649,-0.1304590525923909,0.001312207933539802,-0.1304550465181769,0.23687759804268974,0.0,0.30140884814925684,0.4565487361150002,0.37761567248364575,1.1368757067667152,0.34076535073186787,0.0,3.6225159764289856,45.26451885700226,0.06761646866798401
5.211999999999648,-0.1304348866931943,0.0033172063512167897,-0.13047256980591548,0.2365230446097265,0.0,0.3010542947162936,0.45656735599433335,0.3776042329367664,1.1363828456271805,0.34076491029991113,0.0,3.6225159764289856,45.26451885700226,0.06761646866798401
5.221999999999647,-0.1303931028521425,0.004634536636742527,-0.13048535153404014,0.2366976608027865,0.0,0.30122891090935355,0.4565861133501132,0.37728916700177456,1.1364475766263813,0.3407644700338275,0.0,3.6225159764289856,45.26451885700226,0.06761646866798401
5.231999999999646,-0.13034710355308216,0.00442392474246699,-0.13051052279591624,0.23716964749511057,0.0,0.3017008976016776,0.4566049879123447,0.3768692621048402,1.1367834465664897,0.3407640291982893,0.0,3.6225159764289856,45.26451885700226,0.06761646866798401
5.241999999999645,-0.13031004314164607,0.0030745620008504164,-0.13055054379708333,0.23773140421198302,0.0,0.3022626543185501,0.4566239598349229,0.3763369671876261,1.1371478383018876,0.3407635876525597,0.0,3.6225159764289856,45.26451885700226,0.06761646866798401
5.251999999999644,-0.13028364603855633,0.0022417720819956077,-0.13058474054827945,0.23763022087155267,0.0,0.30216147097811974,0.45664301207887487,0.3757778596624591,1.136511005202291,0.3407631461447159,0.0,3.6013233959674835,45.33486604690552,0.06737836003303527
5.2619999999996425,-0.13026285690866285,0.0019043013187679519,-0.13060565293420978,0.23745217332760335,0.0,0.3019834234341704,0.4566621306799344,0.37525846371657,1.1359069713276544,0.34076270469693465,0.0,3.6013233959674835,45.33486604690552,0.06737836003303527
5.271999999999641,-0.13024521319545762,0.001625558461440177,-0.1306219278436859,0.2374419320983975,0.0,0.3019731822049646,0.4566813036891141,0.37465307462461755,1.1354028196372432,0.34076226339329624,0.0,3.6013233959674835,45.33486604690552,0.06737836003303527
5.28199999999964,-0.13022979551851022,0.001523161705850552,-0.1306313085969963,0.23699513852742027,0.0,0.30152638863398734,0.4567005205169176,0.3743750664102431,1.1346068726988296,0.34076182234261526,0.0,3.6013233959674835,45.33486604690552,0.06737836003303527
5.291999999999639,-0.1302171950274292,0.0010492750762551052,-0.1306404337825186,0.23718929156572258,0.0,0.3017205416722897,0.45671977170714007,0.3741093280069527,1.134751802920325,0.34076138127984856,0.0,3.6013233959674835,45.33486604690552,0.06737836003303527
5.301999999999638,-0.13021611453092252,-0.00033714925932993266,-0.13066124994892933,0.23723076942077284,0.0,0.30176201952733994,0.4567390491353966,0.3737095996765674,1.1345852271812458,0.34076093971099897,0.0,3.5973007529973984,45.318171977996826,0.06646435260772704
5.311999999999637,-0.13022334192416218,-0.001072448723843638,-0.13067433486790578,0.23748724160953172,0.0,0.3020184917160988,0.4567583471691584,0.37317800227530395,1.1346133420623663,0.3407604985273637,0.0,3.5973007529973984,45.318171977996826,0.06646435260772704
5.321999999999636,-0.13024290253447038,-0.0024544079620407097,-0.1306963223485123,0.2373824587623648,0.0,0.3019137088689319,0.4567776623603397,0.3723730332486014,1.1338612938031354,0.3407600569225956,0.0,3.5973007529973984,45.318171977996826,0.06646435260772704
5.331999999999635,-0.1302800566839859,-0.004887106046368595,-0.13073551542975237,0.2384641804738725,0.0,0.30299543058043954,0.4567969937885002,0.3715539197734809,1.1346812860836812,0.34075961452723086,0.0,3.5973007529973984,45.318171977996826,0.06646435260772704
5.341999999999634,-0.13034791284412434,-0.007985266583356368,-0.13079582619764737,0.23894002513110194,0.0,0.30347127523766904,0.4568163442734654,0.37090343857177377,1.134789796364731,0.3407591711101049,0.0,3.5973007529973984,45.318171977996826,0.06646435260772704
5.351999999999633,-0.1304471316447064,-0.011212307977578363,-0.13087235139582212,0.2396176422308727,0.0,0.3041488923374398,0.4568357221452443,0.37035269331741816,1.1352547117891052,0.3407587268674957,0.0,3.611177682876587,45.295512676239014,0.06618747711181641
5.3619999999996315,-0.13057581464682547,-0.013701725463777887,-0.1309557480982672,0.239410979673391,0.0,0.3039422297799581,0.45685514123969045,0.3698277463819868,1.1345448476593603,0.34075828224738974,0.0,3.611177682876587,45.295512676239014,0.06618747711181641
5.37199999999963,-0.13072305713067373,-0.015545997989730408,-0.13103988201643835,0.24002726923309112,0.0,0.30455851933965816,0.45687461990493605,0.3691861183896192,1.1348210820478406,0.3407578373821223,0.0,3.611177682876587,45.295512676239014,0.06618747711181641
5.381999999999629,-0.13088830851145325,-0.016951672641488374,-0.13112814574057707,0.24009577423083994,0.0,0.304627024337407,0.45689417912594343,0.3684765877568237,1.1342124126663506,0.340757392107397,0.0,3.611177682876587,45.295512676239014,0.06618747711181641
5.391999999999628,-0.13106959952867384,-0.0191037739296707,-0.13123470076541718,0.241182713389765,0.0,0.30571396349633206,0.4569138417532736,0.36768999149505377,1.13490336117645,0.3407569458166306,0.0,3.611177682876587,45.295512676239014,0.06618747711181641
5.401999999999627,-0.13127516604386746,-0.02151605713963077,-0.13136089277000498,0.24167240154928163,0.0,0.30620365165584873,0.45693363236023127,0.36725730745021745,1.1350275909096565,0.34075649843741873,0.0,3.6435488909482956,45.25849103927612,0.06689835190773011
5.411999999999626,-0.13150191849029322,-0.023263637087691344,-0.13149712955661064,0.24186856777838853,0.0,0.3063998178849556,0.45695357827544697,0.3667756409622151,1.1347047513126984,0.34075605047073043,0.0,3.6435488909482956,45.25849103927612,0.06689835190773011
5.421999999999625,-0.1317438835207595,-0.024928261065143478,-0.13164567696864826,0.24297870440176902,0.0,0.30750995450833607,0.4569737088951488,0.3665920429274383,1.1358484820686807,0.3407556016115616,0.0,3.6435488909482956,45.25849103927612,0.06689835190773011
5.431999999999624,-0.13200009061158208,-0.025798487849193606,-0.13179914584922314,0.24291772196320527,0.0,0.30744897206977234,0.45699405457592757,0.3665633760668771,1.1355171094980863,0.34075515213594776,0.0,3.6435488909482956,45.25849103927612,0.06689835190773011
5.441999999999623,-0.13226009467795133,-0.026049147426010194,-0.13195475399875922,0.24331560182249415,0.0,0.30784685192906125,0.4570146459495585,0.3665265115240644,1.1357709622948935,0.34075470216427506,0.0,3.6435488909482956,45.25849103927612,0.06689835190773011
5.451999999999622,-0.13251452413513085,-0.024948788131811013,-0.13210107013605313,0.24329889984718464,0.0,0.3078301499537517,0.45703551215188887,0.3665730874335087,1.1355087388215965,0.34075425229495365,0.0,3.6706303358078003,45.1816725730896,0.06841238737106323
5.4619999999996205,-0.13275924109916737,-0.02402214542347194,-0.13225871117623017,0.2435641663635794,0.0,0.3080954164701465,0.45705667912671566,0.3667494610647186,1.1357097332714878,0.34075380197712424,0.0,3.6706303358078003,45.1816725730896,0.06841238737106323
5.471999999999619,-0.132988924595384,-0.022059947608158444,-0.13240573059078262,0.24346261034357422,0.0,0.3079938604501413,0.45707816883588814,0.36685393397748955,1.1353943956277603,0.3407533517073405,0.0,3.6706303358078003,45.1816725730896,0.06841238737106323
5.481999999999618,-0.1331963816522029,-0.020053563019024976,-0.13255008909084143,0.2440114440895931,0.0,0.3085426941961602,0.4570999984733608,0.36664956597803017,1.1356308504022845,0.3407529011738807,0.0,3.6706303358078003,45.1816725730896,0.06841238737106323
5.491999999999617,-0.13338788463228657,-0.018349115922798892,-0.1327000561888959,0.2439373868762198,0.0,0.30846863698278687,0.4571221797415528,0.36639761626900685,1.134922953138624,0.34075245000538956,0.0,3.6706303358078003,45.1816725730896,0.06841238737106323
5.501999999999616,-0.1335586491309072,-0.01624168705800181,-0.1328436152938148,0.24438753923747852,0.0,0.3089187893440456,0.45714471985723854,0.36639107863577675,1.1351730667968862,0.3407519986460317,0.0,3.6583794206380844,45.23508608341217,0.06925429701805114
5.511999999999615,-0.13370653384039144,-0.013990606529024237,-0.13297944721820815,0.24480182418866697,0.0,0.30933307429523405,0.45716762126546695,0.36615591021607097,1.1352469291270921,0.34075154693441584,0.0,3.6583794206380844,45.23508608341217,0.06925429701805114
5.521999999999614,-0.13383894896247997,-0.012747899200848565,-0.13312911320447146,0.24527811158456087,0.0,0.30980936169112794,0.45719088165546007,0.36572274459393955,1.135179152911542,0.3407510942549964,0.0,3.6583794206380844,45.23508608341217,0.06925429701805114
5.531999999999613,-0.13395592699057343,-0.011047085174782298,-0.13327473235521065,0.24529359198261105,0.0,0.30982484208917815,0.4572144953437383,0.365062445834398,1.1342244797187355,0.34075064135726085,0.0,3.6583794206380844,45.23508608341217,0.06925429701805114
5.541999999999612,-0.13406329934967576,-0.010715040024589662,-0.1334401923872565,0.24647042639216055,0.0,0.3110016764987276,0.45723845383588063,0.3645029606068785,1.1350139765240348,0.34075018720855643,0.0,3.6583794206380844,45.23508608341217,0.06925429701805114
5.551999999999611,-0.13417184294807816,-0.010735881338378361,-0.13361630104880237,0.24703408277753938,0.0,0.3115653328841065,0.45726274715151743,0.3639312106087406,1.1349286851661502,0.3407497319387929,0.0,3.6263794749975204,45.374611020088196,0.0704301416873932
5.5619999999996095,-0.13428300830844178,-0.011573739449837047,-0.1338006063484522,0.24849818423563438,0.0,0.31302943434220143,0.45728736566989486,0.3634433774325191,1.136266787287099,0.3407492750397834,0.0,3.6263794749975204,45.374611020088196,0.0704301416873932
5.571999999999608,-0.13440310995031796,-0.012333071871363033,-0.13399564754175253,0.2489344455981071,0.0,0.3134656957046742,0.4573123007945725,0.36265065103259025,1.1359011921798357,0.34074881718112054,0.0,3.6263794749975204,45.374611020088196,0.0704301416873932
5.581999999999607,-0.13453033393127709,-0.013110209092571153,-0.134200110911944,0.24960638648613231,0.0,0.3141376365926994,0.45733754578359326,0.3618420922737042,1.1358176668669455,0.34074835839698997,0.0,3.6263794749975204,45.374611020088196,0.0704301416873932
5.591999999999606,-0.13466515554837716,-0.013884429142212032,-0.1344127244302033,0.250240370882516,0.0,0.31477162098908307,0.4573630954924658,0.360960987757197,1.1356608501777248,0.3407478987162824,0.0,3.6263794749975204,45.374611020088196,0.0704301416873932
5.601999999999605,-0.13480435214910796,-0.013702968771349584,-0.134616561446898,0.2500725972531992,0.0,0.31460384735976626,0.4573889463094413,0.3601855133105525,1.1344391902736721,0.3407474386442191,0.0,3.5914168432354927,45.508902072906494,0.07076672315597535
5.611999999999604,-0.13493503031321044,-0.013021763074396852,-0.13480080596261046,0.251119081849765,0.0,0.3156503319563321,0.4574150951902459,0.35944579427684803,1.135023638220209,0.3407469781111709,0.0,3.5914168432354927,45.508902072906494,0.07076672315597535
5.621999999999603,-0.135077416857134,-0.01513393193934955,-0.13502576879153855,0.25241369970022826,0.0,0.31694494980679533,0.4574415380452903,0.3587630614534492,1.1360050665325816,0.34074651533190586,0.0,3.5914168432354927,45.508902072906494,0.07076672315597535
5.631999999999602,-0.13523711643930386,-0.016324942190135874,-0.13524994736595547,0.2525352732909821,0.0,0.31706652339754915,0.45746827273522894,0.3580554683804988,1.1353927882308161,0.34074605198044167,0.0,3.5914168432354927,45.508902072906494,0.07076672315597535
5.641999999999601,-0.13541034421908885,-0.01823914001552367,-0.13548951363610065,0.253740563097319,0.0,0.3182718132038861,0.4574953001843352,0.3570733320845302,1.1360623479273029,0.3407455873796641,0.0,3.5914168432354927,45.508902072906494,0.07076672315597535
5.6519999999996,-0.13560691915042353,-0.02030879166683118,-0.1357411883060639,0.2542531717436228,0.0,0.31878442185018985,0.45752262394578347,0.3559446682577443,1.1356102106271253,0.3407451214670182,0.0,3.56594617664814,45.606064200401306,0.0702815294265747
5.6619999999995985,-0.13582237149469217,-0.022533354251715997,-0.1359965345658119,0.2555693100584887,0.0,0.3201005601650558,0.4575502512661566,0.35461813307417933,1.1360630244190286,0.34074465418190125,0.0,3.56594617664814,45.606064200401306,0.0702815294265747
5.671999999999597,-0.13606000535577703,-0.024686281481733865,-0.13626180244334052,0.25634077895963303,0.0,0.3208720290662001,0.45757819250537457,0.35323546560835617,1.1357116154429905,0.3407441857899755,0.0,3.56594617664814,45.606064200401306,0.0702815294265747
5.681999999999596,-0.13632805726475428,-0.028414303163762367,-0.13656141945400646,0.25800916704212223,0.0,0.3225404171486893,0.45760646142704836,0.35159488007986933,1.1363726764692232,0.34074371522529484,0.0,3.56594617664814,45.606064200401306,0.0702815294265747
5.691999999999595,-0.13663903776651753,-0.032923543903947514,-0.13689365327761666,0.25927622746519796,0.0,0.32380747757176503,0.4576350765543449,0.34980714936405344,1.1363005793340184,0.3407432424643675,0.0,3.56594617664814,45.606064200401306,0.0702815294265747
5.701999999999594,-0.13699483532574117,-0.03727910325206627,-0.13724821940215512,0.26057283891620575,0.0,0.3251040890227728,0.4576640630293247,0.347903911954785,1.1360709276025882,0.3407427678137861,0.0,3.5546244606375694,45.64029633998871,0.06683732271194459
5.711999999999593,-0.13739404934020927,-0.041656468903857526,-0.13762522962115245,0.2619526317768525,0.0,0.3264838818834196,0.457693452639114,0.3462355974253874,1.1361244543283064,0.34074229107958687,0.0,3.5546244606375694,45.64029633998871,0.06683732271194459
5.721999999999592,-0.1378328798856952,-0.04504907349130735,-0.13801364061052027,0.2626431169401408,0.0,0.3271743670467079,0.45772328309219174,0.3445963785987014,1.1353189599516234,0.3407418128461299,0.0,3.5546244606375694,45.64029633998871,0.06683732271194459
5.731999999999591,-0.13829934186286424,-0.04784505626967569,-0.13841187032435495,0.26417489879184813,0.0,0.3287061488984152,0.45775359665095394,0.3428548025634268,1.1354848282563146,0.3407413331657279,0.0,3.5546244606375694,45.64029633998871,0.06683732271194459
5.74199999999959,-0.13879948933464595,-0.051418119582935254,-0.13884133618682504,0.2657176886062448,0.0,0.33024893871281186,0.457784438057648,0.3413519391257776,1.1357728862277299,0.3407408510881899,0.0,3.5546244606375694,45.64029633998871,0.06683732271194459
5.7519999999995886,-0.13933299108298997,-0.05454939744258761,-0.13928843046555564,0.2670913229096362,0.0,0.3316225730162033,0.45781585494305216,0.34012254558977795,1.136132193549026,0.3407403670790332,0.0,3.571730211377144,45.648841857910156,0.06139238476753234
5.7619999999995875,-0.1398930811696806,-0.057013337556006224,-0.13974673463624235,0.26834468880047724,0.0,0.3328759389070443,0.4578478975719542,0.3389747567896711,1.1363365335050686,0.34073988127161525,0.0,3.571730211377144,45.648841857910156,0.06139238476753234
5.771999999999586,-0.14047035362414764,-0.05806046720388861,-0.14020499810806883,0.26885580274630727,0.0,0.33338705285287434,0.45788061740786345,0.3380364027565364,1.1356367434656034,0.34073939423757327,0.0,3.571730211377144,45.648841857910156,0.06139238476753234
5.781999999999585,-0.14104485199452735,-0.05673549271944644,-0.1406414783127004,0.2688750215447374,0.0,0.3334062716513045,0.4579140649989632,0.3372387726212292,1.1344090049405147,0.34073890690724135,0.0,3.571730211377144,45.648841857910156,0.06139238476753234
5.791999999999584,-0.1416005774776962,-0.05487761425438417,-0.1410699414023193,0.26976918727383026,0.0,0.33430043738039733,0.45794828627870393,0.3362744820218322,1.1342301914807005,0.34073841876270156,0.0,3.571730211377144,45.648841857910156,0.06139238476753234
5.801999999999583,-0.1421471049561158,-0.0544787149383435,-0.14152086194813565,0.271297264274209,0.0,0.3358285143807761,0.45798332018983123,0.335248159309573,1.134758141257786,0.340737928469893,0.0,3.6070496886968613,45.65163314342499,0.05801961421966553
5.811999999999582,-0.14268621186805072,-0.05360891642017533,-0.14197210989447645,0.27241845282633426,0.0,0.33694970293290133,0.45801920033172766,0.3344647836048349,1.1349689166525176,0.3407374367936981,0.0,3.6070496886968613,45.65163314342499,0.05801961421966553
5.821999999999581,-0.14321521363655346,-0.05248686098387103,-0.14242770059404591,0.2732184639717811,0.0,0.3377497140783482,0.4580559557886577,0.33359483646401056,1.1346573760563037,0.3407369437245575,0.0,3.6070496886968613,45.65163314342499,0.05801961421966553
5.83199999999958,-0.14373838866418537,-0.05209623596707743,-0.14290244801292565,0.2745399074781734,0.0,0.3390711575847405,0.4580936110409613,0.3326423475296805,1.1349691643121629,0.3407364486082989,0.0,3.6070496886968613,45.65163314342499,0.05801961421966553
5.841999999999579,-0.1442559041678903,-0.0516743394074308,-0.14338776615105875,0.2757971902349532,0.0,0.34032844034152027,0.45813218681197515,0.33161708195084927,1.1350676284573302,0.340735951772715,0.0,3.6070496886968613,45.65163314342499,0.05801961421966553
5.8519999999995775,-0.14476825946618588,-0.050769752411160704,-0.1438767810437721,0.2769316832201276,0.0,0.3414629333266947,0.4581717005965257,0.33067865052554696,1.135096716296708,0.34073545332467764,0.0,3.6188324093818665,45.73152005672455,0.05761885643005371
5.861999999999576,-0.14526998495518176,-0.049655811782887666,-0.14436373499136249,0.2779600444124195,0.0,0.3424912945189866,0.45821216670642395,0.3297559252900995,1.1349796051928234,0.3407349530705376,0.0,3.6188324093818665,45.73152005672455,0.05761885643005371
5.871999999999575,-0.145756858497908,-0.04833765835094436,-0.1448533910798461,0.2794232717109993,0.0,0.34395452181756636,0.45825359551809075,0.3285972564664249,1.1353081985217486,0.34073445140454406,0.0,3.6188324093818665,45.73152005672455,0.05761885643005371
5.881999999999574,-0.14624184257287415,-0.048507484752685626,-0.14537290647936388,0.2807307436745515,0.0,0.34526199378111855,0.45829599332334026,0.32752772046555306,1.135390761137082,0.3407339471275141,0.0,3.6188324093818665,45.73152005672455,0.05761885643005371
5.891999999999573,-0.14671729183817206,-0.046904824850560425,-0.1458783465801655,0.28134685295693596,0.0,0.34587810306350303,0.4583393642768168,0.32665704085051844,1.1347546191959248,0.3407334420712028,0.0,3.6188324093818665,45.73152005672455,0.05761885643005371
5.901999999999572,-0.1471769216171125,-0.04510996208368832,-0.14638207845405832,0.2819898498634774,0.0,0.3465210999700445,0.4583837096409611,0.32611304497169186,1.1344957586942086,0.34073293562787305,0.0,3.6060678884387016,45.80029547214508,0.05783811807632447
5.911999999999571,-0.147608264765328,-0.04211149567420573,-0.14685957027070196,0.2828997209009845,0.0,0.34743097100755155,0.4584290263762439,0.32561940541008066,1.1347089847806586,0.34073242857082553,0.0,3.6060678884387016,45.80029547214508,0.05783811807632447
5.92199999999957,-0.14801513602243055,-0.039746506038959656,-0.1473387020067763,0.2834454952172838,0.0,0.34797674532385087,0.45847530567366346,0.3251736578457652,1.1345332223299844,0.34073192015882287,0.0,3.6060678884387016,45.80029547214508,0.05783811807632447
5.931999999999569,-0.14840184070021584,-0.037955653644938414,-0.14781973405437626,0.2843425832433778,0.0,0.3488738333499449,0.4585225335885294,0.32459414594461505,1.1347397282451634,0.34073141038170646,0.0,3.6060678884387016,45.80029547214508,0.05783811807632447
5.941999999999568,-0.14876509511664396,-0.03547149834191615,-0.14828384456618154,0.2850442154686165,0.0,0.3495754655751836,0.45857069218775137,0.3241064283909116,1.134844876178216,0.3407309000510635,0.0,3.6060678884387016,45.80029547214508,0.05783811807632447
5.9519999999995665,-0.14910830686119525,-0.033662498572241926,-0.14874609395405267,0.28586366595424184,0.0,0.3503949160608089,0.45861975952736905,0.32359815879738635,1.1350876378079904,0.3407303884669765,0.0,3.576763302087784,45.868781208992004,0.06053146719932556
5.961999999999565,-0.14943076763019883,-0.03135553429414631,-0.14918677303275105,0.2861129728704067,0.0,0.3506442229769738,0.4586697102938876,0.3231946264718517,1.1347373083332424,0.3407298762188438,0.0,3.576763302087784,45.868781208992004,0.06053146719932556
5.971999999999564,-0.14973454810864276,-0.029592953880754058,-0.14962184383822014,0.2864510714891719,0.0,0.350982321595739,0.45872051612417153,0.32270419545681417,1.134418287311934,0.3407293630258708,0.0,3.576763302087784,45.868781208992004,0.06053146719932556
5.981999999999563,-0.1500198565352752,-0.027768549371367253,-0.15004204380959668,0.2870370257125671,0.0,0.3515682758191342,0.4587721460611166,0.3225236646736597,1.1347970122746533,0.3407288493048875,0.0,3.576763302087784,45.868781208992004,0.06053146719932556
5.991999999999562,-0.1502875051684507,-0.025818881145631002,-0.1504449097598309,0.2870291643788984,0.0,0.3515604144854655,0.45882456697044754,0.3224517190086305,1.1346074709640404,0.34072833519530793,0.0,3.576763302087784,45.868781208992004,0.06053146719932556
6.001999999999561,-0.150537417604401,-0.024786010209608498,-0.15083931363325537,0.2880280109572009,0.0,0.35255926106376795,0.45887774363796835,0.32218353673066163,1.1356921410116334,0.34072782028216547,0.0,3.5300044640898705,45.94857156276703,0.06368955373764038
6.01199999999956,-0.15078063411175718,-0.024124011764314064,-0.15121977865661704,0.28857564826375776,0.0,0.35310689837032483,0.45893163940776915,0.3216857671721752,1.1359871124833723,0.3407273045073233,0.0,3.5300044640898705,45.94857156276703,0.06368955373764038
6.021999999999559,-0.15101670747933044,-0.023226420678449863,-0.15158195681476405,0.288472098446836,0.0,0.3530033485534031,0.45898621793958627,0.321299990457209,1.1354247263209292,0.3407267884812598,0.0,3.5300044640898705,45.94857156276703,0.06368955373764038
6.031999999999558,-0.15124761757881322,-0.022776787119890278,-0.15193349342128398,0.28864117737540235,0.0,0.3531724274819694,0.45904144338779074,0.3209097059317337,1.1353337535958465,0.34072627192920096,0.0,3.5300044640898705,45.94857156276703,0.06368955373764038
6.041999999999557,-0.15146980032946192,-0.02189655383551671,-0.152260227115757,0.2886648040048313,0.0,0.35319605411139837,0.45909728055091,0.3206774888257314,1.1352262435629943,0.34072575548811934,0.0,3.5300044640898705,45.94857156276703,0.06368955373764038
6.0519999999995555,-0.15167090458129528,-0.018530849052024543,-0.1525285578339496,0.287002002541297,0.0,0.35153325264786406,0.45915369431008374,0.3207465888307404,1.1330666388471777,0.3407252406085264,0.0,3.4926633089780807,45.972328782081604,0.06605479717254639
6.061999999999554,-0.15182810658525703,-0.014034878737572082,-0.1527387362863361,0.2863960352867851,0.0,0.35092728539335216,0.45921064701971487,0.3211122090066336,1.1327427263341003,0.3407247273830403,0.0,3.4926633089780807,45.972328782081604,0.06605479717254639
6.071999999999553,-0.1519473914905856,-0.010637155679026067,-0.15292146628585507,0.2858560201254734,0.0,0.35038727023204047,0.45926809508458116,0.3213469655812106,1.1325015057967667,0.34072421474326225,0.0,3.4926633089780807,45.972328782081604,0.06605479717254639
6.081999999999552,-0.15203751306338706,-0.007932030914222779,-0.15307662598433003,0.2853573779678295,0.0,0.3498886280743966,0.45932599004326863,0.32150787759975064,1.1322698731720546,0.3407237027665942,0.0,3.4926633089780807,45.972328782081604,0.06605479717254639
6.091999999999551,-0.1521039771372279,-0.005956681353424522,-0.15320744122088195,0.2853399964046047,0.0,0.3498712465111718,0.45938428057766284,0.321850511846004,1.132927745502951,0.3407231913973888,0.0,3.4926633089780807,45.972328782081604,0.06605479717254639
6.10199999999955,-0.15215684936748675,-0.004805736161893467,-0.15332099855448622,0.28479324232893694,0.0,0.349324492435504,0.4594429139937429,0.3221903555215057,1.1328223843611411,0.3407226804158812,0.0,3.4627294465899467,45.96611142158508,0.06855568885803223
6.111999999999549,-0.15219376596670786,-0.0030005107422867525,-0.1533983072024786,0.2838596531485646,0.0,0.34839090325513167,0.45950183794446675,0.3224996433646594,1.132231287182166,0.34072217071359423,0.0,3.4627294465899467,45.96611142158508,0.06855568885803223
6.121999999999548,-0.15221744074613924,-0.001778334538694729,-0.15345481319270698,0.2831866278508567,0.0,0.34771787795742376,0.4595610004114503,0.32280915629612655,1.1320120437081083,0.3407216616648274,0.0,3.4627294465899467,45.96611142158508,0.06855568885803223
6.131999999999547,-0.1522243573825251,-0.00015181224227158938,-0.15347653389769733,0.2829219643188539,0.0,0.347453214425421,0.45962034991663514,0.32303068151759856,1.1322947728352446,0.34072115391674873,0.0,3.4627294465899467,45.96611142158508,0.06855568885803223
6.141999999999546,-0.15222572125009923,-3.899426436805055e-05,-0.15349385340899202,0.2823576468256107,0.0,0.3468888969321778,0.4596798353934121,0.32349877600476645,1.1323749387769286,0.3407206462900886,0.0,3.4627294465899467,45.96611142158508,0.06855568885803223
6.1519999999995445,-0.15222714307569762,9.584404787833442e-06,-0.15349295212300432,0.2816526132415548,0.0,0.34618386334812185,0.459739407851991,0.32384567407137804,1.132225510979111,0.3407201393468126,0.0,3.4438019543886185,45.97935616970062,0.06944705843925475
6.161999999999543,-0.15221863873397576,0.001444790634646696,-0.15344990309135637,0.28055926626540895,0.0,0.345090516371976,0.4597990212782136,0.3241000113224564,1.1313922096520572,0.3407196340572639,0.0,3.4438019543886185,45.97935616970062,0.06944705843925475
6.171999999999542,-0.1521955149980202,0.002505262078085881,-0.15338536664540908,0.28050697893959625,0.0,0.3450382290461633,0.4598586309285236,0.32437215718945994,1.1320063395130968,0.34071912978119856,0.0,3.4438019543886185,45.97935616970062,0.06944705843925475
6.181999999999541,-0.1521731711922586,0.0021971288165754683,-0.1533221648630798,0.279777686781064,0.0,0.3443089368876311,0.45991819268409345,0.32487507529310755,1.1318929844955457,0.34071862561491406,0.0,3.4438019543886185,45.97935616970062,0.06944705843925475
6.19199999999954,-0.15214471868095833,0.003226717536679649,-0.1532246278869995,0.2789907973681536,0.0,0.34352204747472065,0.4599776651121342,0.32546357413840515,1.1317669663853005,0.34071812304071625,0.0,3.4438019543886185,45.97935616970062,0.06944705843925475
6.201999999999539,-0.15211122643117708,0.0033165156677818653,-0.1531231898453221,0.2786809623007689,0.0,0.34321221240733596,0.4600370087019322,0.32609419106628873,1.1323648150398598,0.3407176209503776,0.0,3.446678251028061,45.9482604265213,0.0677942454814911
6.211999999999538,-0.15207089301006416,0.004820249683925876,-0.15299204474605413,0.27705348931567814,0.0,0.3415847394222452,0.4600961857226476,0.3264161257234283,1.1308495069647493,0.34071712057655884,0.0,3.446678251028061,45.9482604265213,0.0677942454814911
6.221999999999537,-0.15200687127461396,0.007206355235834724,-0.15282584560787477,0.27632596676966587,0.0,0.34085721687623294,0.46015515948697844,0.326769678118348,1.1305008764179574,0.34071662201660463,0.0,3.446678251028061,45.9482604265213,0.0677942454814911
6.231999999999536,-0.1519270057896459,0.00852814440547309,-0.15265477199989097,0.2757354295174856,0.0,0.34026667962405266,0.46021389191556306,0.3269534901528288,1.1302359130708135,0.34071612410113583,0.0,3.446678251028061,45.9482604265213,0.0677942454814911
6.241999999999535,-0.1518354344310143,0.009327692386469936,-0.15247653739007655,0.2755432646700335,0.0,0.34007451477660056,0.46027234448921084,0.32690960797546625,1.130286756370229,0.34071562694823065,0.0,3.446678251028061,45.9482604265213,0.0677942454814911
6.2519999999995335,-0.15174236318309117,0.0092693452557861,-0.1523049950596897,0.27505792424486736,0.0,0.33958917435143443,0.46033047948014993,0.3268259837815631,1.1297932776964086,0.3407151301387819,0.0,3.4662979021668434,45.87230741977692,0.06614332795143127
6.261999999999532,-0.15165884683302938,0.007746625659016014,-0.15216110586488582,0.2752392842196432,0.0,0.3397705343262103,0.46038826170246344,0.32675676567916023,1.130192323470465,0.34071463321210066,0.0,3.4662979021668434,45.87230741977692,0.06614332795143127
6.271999999999531,-0.15159234363769414,0.005782823687539148,-0.15203090389328355,0.27548634557687335,0.0,0.3400175956834404,0.46044566045417185,0.32679119101696696,1.1307607677494118,0.3407141361056967,0.0,3.4662979021668434,45.87230741977692,0.06614332795143127
6.28199999999953,-0.15154171106174877,0.004649386399390365,-0.15189968903969445,0.2750007788761033,0.0,0.3395320289826704,0.46050265072967766,0.32714567641501036,1.1305126714571665,0.3407136393856414,0.0,3.4662979021668434,45.87230741977692,0.06614332795143127
6.291999999999529,-0.151498227940373,0.004392712472906608,-0.15176289301071433,0.27452286382114227,0.0,0.33905411392770934,0.46055921258221005,0.3277867497903392,1.1306064315498787,0.34071314324527036,0.0,3.4662979021668434,45.87230741977692,0.06614332795143127
6.301999999999528,-0.15144716281814458,0.005675071469986954,-0.15160669428260518,0.27363464765414774,0.0,0.3381658977607148,0.46061532907109515,0.3284020933649555,1.1301258101218554,0.34071264842186477,0.0,3.4937997087836266,45.799092054367065,0.06411800980567933
6.311999999999527,-0.15139005189331817,0.005619643308064481,-0.15147328077608274,0.2738036757613945,0.0,0.3383349258679616,0.4606709836184517,0.32873479834505664,1.1307857870525746,0.34071215362632756,0.0,3.4937997087836266,45.799092054367065,0.06411800980567933
6.321999999999526,-0.1513351602142938,0.005582869585675889,-0.1513453125409144,0.273443176774462,0.0,0.3379744268810291,0.46072616015763596,0.3292048378048027,1.1307551409330063,0.34071165895395883,0.0,3.4937997087836266,45.799092054367065,0.06411800980567933
6.331999999999525,-0.15126871778287657,0.0075656034333074045,-0.15119130677550957,0.27242037001412256,0.0,0.33695162012068963,0.46078084423364435,0.3298751687187736,1.13003543349878,0.3407111657128898,0.0,3.4937997087836266,45.799092054367065,0.06411800980567933
6.341999999999524,-0.15118243527759,0.009128330944517624,-0.15103633736797162,0.27251100008740003,0.0,0.3370422501939671,0.4608350206693544,0.33047121662644996,1.1307505367711501,0.3407106729340567,0.0,3.4937997087836266,45.799092054367065,0.06411800980567933
6.3519999999995225,-0.15108637257769006,0.009851068155725595,-0.1508932973809477,0.2727697070179443,0.0,0.33730095712451136,0.460888672308701,0.3310884641069984,1.1317523287303075,0.3407101801375605,0.0,3.514925569295883,45.76375663280487,0.06311028599739074
6.361999999999521,-0.1509939120459677,0.008801065243148462,-0.15078458226480382,0.273087234740844,0.0,0.3376184848474111,0.46094178176299516,0.3317448043416152,1.1328051493485574,0.3407096865561233,0.0,3.514925569295883,45.76375663280487,0.06311028599739074
6.37199999999952,-0.15091261357580904,0.007724099662921547,-0.1506904746427406,0.27322746206172227,0.0,0.33775871216828934,0.4609943339155167,0.3322508767666023,1.1335259676410638,0.340709192647927,0.0,3.514925569295883,45.76375663280487,0.06311028599739074
6.381999999999519,-0.15083500120659904,0.008147652640336971,-0.1505881309791457,0.2725344042105463,0.0,0.3370656543171134,0.4610463172211879,0.3327107884527996,1.1330029039035203,0.34070869933033304,0.0,3.514925569295883,45.76375663280487,0.06311028599739074
6.391999999999518,-0.15074425041740275,0.009776710498333096,-0.15047071208487753,0.27200624190059025,0.0,0.3365374920071573,0.4610977219592618,0.3329238566085021,1.132502329521412,0.3407082069265911,0.0,3.514925569295883,45.76375663280487,0.06311028599739074
6.401999999999517,-0.1506449648465899,0.009858992653242115,-0.15037382446397282,0.27264027064719076,0.0,0.33717152075375784,0.4611485374168655,0.33276744648935064,1.133241094116615,0.34070771397319916,0.0,3.5234088748693466,45.767738819122314,0.06257967352867128
6.411999999999516,-0.1505429585463349,0.010343655493048193,-0.1502773012745115,0.2726181260547228,0.0,0.33714937616128987,0.46119875254570847,0.3326826510119649,1.1330778231926497,0.3407072212407934,0.0,3.5234088748693466,45.767738819122314,0.06257967352867128
6.421999999999515,-0.15043233981215,0.011951278967016433,-0.1501687481859829,0.27140554697785646,0.0,0.33593679708442353,0.4612483569725328,0.332830984516055,1.1314741697914688,0.340706729263835,0.0,3.5234088748693466,45.767738819122314,0.06257967352867128
6.431999999999514,-0.15029667197622293,0.01483023288212761,-0.15003576261495982,0.27068909990485485,0.0,0.3352203500114219,0.4612973396449234,0.3332453652605679,1.1307812145761922,0.34070623861313715,0.0,3.5234088748693466,45.767738819122314,0.06257967352867128
6.441999999999513,-0.15013609557325255,0.016739951820878833,-0.1499045650041002,0.2707947334183932,0.0,0.3353259835249603,0.46134568626017036,0.33386593555873756,1.1315583185284979,0.3407057482505336,0.0,3.5234088748693466,45.767738819122314,0.06257967352867128
6.4519999999995115,-0.14995709618023273,0.018888460739050754,-0.14976346464147253,0.2699720337935238,0.0,0.3345032839000909,0.46139337939643044,0.33460029416017323,1.131107977912492,0.34070525861619316,0.0,3.5235176533460617,45.78683078289032,0.06411672234535218
6.46199999999951,-0.14974834085923922,0.02254544316858116,-0.1495880578759636,0.2684894154444615,0.0,0.33302066555102855,0.4614403995222561,0.3354738445955265,1.129970375011017,0.3407047706721825,0.0,3.5235176533460617,45.78683078289032,0.06411672234535218
6.471999999999509,-0.14950165751750438,0.02604361081537084,-0.14939384547349072,0.26793951119778975,0.0,0.3324707613043568,0.46148672328348,0.33633006323228726,1.1301582752286046,0.34070428400082,0.0,3.5235176533460617,45.78683078289032,0.06411672234535218
6.481999999999508,-0.14921907597050313,0.029515843079300087,-0.14917920670665233,0.267199218993983,0.0,0.3317304691005501,0.461532322366397,0.33716929394440986,1.1301049578073128,0.34070379871635664,0.0,3.5235176533460617,45.78683078289032,0.06411672234535218
6.491999999999507,-0.14890971308421685,0.031525958177847306,-0.1489653818713775,0.2672260283966321,0.0,0.3317572785031992,0.4615771642235389,0.3379918737831697,1.131154806895612,0.3407033139764239,0.0,3.5235176533460617,45.78683078289032,0.06411672234535218
6.501999999999506,-0.1485875039378344,0.03278828296940156,-0.1487487576409185,0.2664608729213918,0.0,0.3309921230279589,0.46162121412796725,0.33879813311252943,1.1311249299278352,0.3407028297650795,0.0,3.5004067718982697,45.86676061153412,0.06781405806541443
6.511999999999505,-0.14825124291823566,0.03398201738326182,-0.1485130590095278,0.2659350025707628,0.0,0.3304662526773299,0.46166443759272086,0.33958839574181987,1.1314582039586893,0.34070234634157864,0.0,3.5004067718982697,45.86676061153412,0.06781405806541443
6.521999999999504,-0.147908228913026,0.03460373639968084,-0.14827507384816185,0.26516777346120557,0.0,0.32969902356777264,0.4617068007654449,0.34036297905578794,1.1314795303556888,0.34070186364079974,0.0,3.5004067718982697,45.86676061153412,0.06781405806541443
6.531999999999503,-0.14755298834068598,0.0362240440911015,-0.14801099293533104,0.2640860478758218,0.0,0.32861729798238887,0.4617482713152535,0.3410984942146947,1.131086346693127,0.34070138267290095,0.0,3.5004067718982697,45.86676061153412,0.06781405806541443
6.5419999999995015,-0.14718122599376865,0.03764021491780645,-0.14773109052048938,0.26346530888798064,0.0,0.3279965589945477,0.46178881757953566,0.3417825690406199,1.13128133337134,0.3407009030831348,0.0,3.5004067718982697,45.86676061153412,0.06781405806541443
6.5519999999995004,-0.14679915579664843,0.03871223012907746,-0.14743754389233932,0.2624138648843233,0.0,0.32694511499089035,0.46182840789195,0.34251361855487505,1.1309840140806497,0.3407004246566247,0.0,3.4671435430645943,45.941370725631714,0.0707905411720276
6.561999999999499,-0.14640550912078476,0.03964409153002133,-0.14712016708337544,0.2617080318771507,0.0,0.32623928198371777,0.4618670114177515,0.34323016357983077,1.1311917702407763,0.3406999474131705,0.0,3.4671435430645943,45.941370725631714,0.0707905411720276
6.571999999999498,-0.14601515849714675,0.03855046343479167,-0.14681786914230957,0.26156595518395975,0.0,0.3260972052905268,0.46190459841775233,0.34393249189381897,1.1322039163375655,0.34069947039580173,0.0,3.4671435430645943,45.941370725631714,0.0707905411720276
6.581999999999497,-0.1456359253667364,0.03773051444728352,-0.1465069229708137,0.2604872815558913,0.0,0.32501853166245837,0.461941142631366,0.34462088556546583,1.1319125837283208,0.34069899454372987,0.0,3.4671435430645943,45.941370725631714,0.0707905411720276
6.591999999999496,-0.1452587150980838,0.037460894025810425,-0.1461776936128265,0.2597643650647037,0.0,0.32429561517127076,0.4619766223693604,0.345243372234401,1.132108701771764,0.34069852029706726,0.0,3.4671435430645943,45.941370725631714,0.0707905411720276
6.601999999999495,-0.1448863110987102,0.03699675302742782,-0.1458397253919522,0.2589273278525622,0.0,0.32345857795912925,0.46201101909204073,0.34548787535420983,1.1317919269075096,0.34069804723238317,0.0,3.440634787082672,45.96560180187225,0.07142701148986816
6.611999999999494,-0.14452184324440057,0.03615254265957246,-0.14549475022489436,0.2580566751762822,0.0,0.3225879252828493,0.46204431745165314,0.3457679262695753,1.1313765758824477,0.34069757511432097,0.0,3.440634787082672,45.96560180187225,0.07142701148986816
6.621999999999493,-0.1441680417802154,0.034994066366551356,-0.14514717085896248,0.25728905581461275,0.0,0.32182030592117983,0.46207650568907477,0.3460657860720558,1.1312350353535887,0.340697104030508,0.0,3.440634787082672,45.96560180187225,0.07142701148986816
6.631999999999492,-0.14383157044915165,0.0327067409447478,-0.14481141589455024,0.25720791476272387,0.0,0.32173916486929094,0.46210757599790175,0.3458910640327018,1.131593813898011,0.34069663339767287,0.0,3.440634787082672,45.96560180187225,0.07142701148986816
6.6419999999994905,-0.14352674151616743,0.02870133750911691,-0.1445041705381633,0.25770136112155945,0.0,0.3222326112281265,0.46213752563033755,0.3454789566257368,1.132395392687397,0.340696162497339,0.0,3.440634787082672,45.96560180187225,0.07142701148986816
6.651999999999489,-0.14326243570289082,0.024833982719780698,-0.14421012722775692,0.25715629598373396,0.0,0.32168754609030104,0.46216635919981697,0.34539333083816537,1.1319771920767718,0.34069569192940774,0.0,3.44709749519825,45.935203433036804,0.06855754852294921
6.661999999999488,-0.14303335377663387,0.0217872778531707,-0.1439210083978953,0.25649204840100487,0.0,0.32102329850757194,0.46219408973960924,0.3452719123645227,1.1314621040054307,0.34069522216410225,0.0,3.44709749519825,45.935203433036804,0.06855754852294921
6.671999999999487,-0.1428350993296044,0.018283891246833727,-0.1436480869293242,0.2569099966225394,0.0,0.32144124672910646,0.4622207372426064,0.34478414975798716,1.1320289234326817,0.34069475251410497,0.0,3.44709749519825,45.935203433036804,0.06855754852294921
6.681999999999486,-0.1426695040285909,0.015237388742529246,-0.14338332358395,0.25668073654886875,0.0,0.3212119866554358,0.46224632752349,0.34426668097754154,1.1315740470172773,0.3406942832578413,0.0,3.44709749519825,45.935203433036804,0.06855754852294921
6.691999999999485,-0.14253940554413977,0.011525004161665447,-0.1431441219890375,0.25676167371091796,0.0,0.32129292381748503,0.46227089203371174,0.34375198978728005,1.1315066806805676,0.3406938136527769,0.0,3.44709749519825,45.935203433036804,0.06855754852294921
6.701999999999484,-0.14244792798419728,0.007298305984036269,-0.1429364612596959,0.2572534014661458,0.0,0.32178465157271285,0.4622944679133084,0.3433424686076443,1.1320247979876612,0.3406933436714311,0.0,3.502895303070545,45.78258395195007,0.06335899829864503
6.711999999999483,-0.14240800902438333,0.0019965398845712794,-0.14278776129705112,0.25769333870810646,0.0,0.32222458881467353,0.4623170985119797,0.34292138800139854,1.1323871955965945,0.34069287289154204,0.0,3.502895303070545,45.78258395195007,0.06335899829864503
6.721999999999482,-0.14241459914906565,-0.0022145965817535647,-0.14265634949401168,0.2578766337833994,0.0,0.3224078838899665,0.4623388347757141,0.3427089529071059,1.132549217594274,0.34069240178190957,0.0,3.502895303070545,45.78258395195007,0.06335899829864503
6.731999999999481,-0.14246076724644272,-0.00588173496008401,-0.14254699647759092,0.2581178755166047,0.0,0.3226491256231718,0.46235973413400977,0.3425492918700712,1.1327219953820649,0.3406919300941725,0.0,3.502895303070545,45.78258395195007,0.06335899829864503
6.7419999999994795,-0.14252880856093555,-0.0072722628940914864,-0.14243071038893054,0.25772353942985254,0.0,0.3222547895364196,0.4623798583746877,0.34262738217414934,1.1321565681662553,0.34069145899209935,0.0,3.502895303070545,45.78258395195007,0.06335899829864503
6.751999999999478,-0.142601449355878,-0.007148019202093481,-0.14231368057365815,0.25683256465737003,0.0,0.3213638147639371,0.4623992701617716,0.34267138221585475,1.1308733174811634,0.3406909886205741,0.0,3.582205317914486,45.56223690509796,0.05868017077445983
6.761999999999477,-0.14267578949171456,-0.007621165932093343,-0.1422361625170766,0.2570878681291365,0.0,0.32161911823570355,0.46241802969922713,0.34255825474745627,1.1309578411412935,0.340690518421446,0.0,3.582205317914486,45.56223690509796,0.05868017077445983
6.771999999999476,-0.1427570376716932,-0.00841058178068497,-0.14217988443459112,0.2575824594094352,0.0,0.32211370951600227,0.4624361941956293,0.3426171377812964,1.131467670042466,0.3406900475161955,0.0,3.582205317914486,45.56223690509796,0.05868017077445983
6.781999999999475,-0.14284000454885948,-0.007942796630531655,-0.1421248732198681,0.25726511288485815,0.0,0.3217963629914252,0.4624538187665185,0.3425238427533013,1.1307107719223595,0.340689576700622,0.0,3.582205317914486,45.56223690509796,0.05868017077445983
6.791999999999474,-0.1429144323849075,-0.006857952925427022,-0.1420739998148176,0.2572566057214327,0.0,0.3217878558279998,0.46247095555732076,0.34219692636038856,1.1300962859809944,0.3406891058539245,0.0,3.582205317914486,45.56223690509796,0.05868017077445983
6.801999999999473,-0.14297339315034902,-0.005531377721232789,-0.14203068528674398,0.25790254013734637,0.0,0.32243379024391344,0.4624876519887427,0.3416922606619151,1.1301946020725664,0.3406886349817083,0.0,3.6273597478866577,45.47202169895172,0.05580224990844726
6.811999999999472,-0.14303676649118846,-0.007373502789040842,-0.14205359745790827,0.2597453238399589,0.0,0.324276573946526,0.462503950181483,0.3411386890796707,1.1317944748058786,0.34068816197218,0.0,3.6273597478866577,45.47202169895172,0.05580224990844726
6.821999999999471,-0.143126071182043,-0.00963950498478086,-0.1421158367844043,0.26018230665182585,0.0,0.3247135567583929,0.46251989074091326,0.34087542221944295,1.1316755978506503,0.3406876871756264,0.0,3.6273597478866577,45.47202169895172,0.05580224990844726
6.83199999999947,-0.1432306078178983,-0.010724920550958528,-0.14219201708262824,0.2606878791859442,0.0,0.3252191292925113,0.4625355163195354,0.34073108376589023,1.1318317434191743,0.3406872116068493,0.0,3.6273597478866577,45.47202169895172,0.05580224990844726
6.8419999999994685,-0.14333856914649437,-0.010947377988262518,-0.1422785542643794,0.2616576538090218,0.0,0.32618890391558886,0.4625508699334308,0.3405029220568964,1.1325699940013767,0.34068673539115346,0.0,3.6273597478866577,45.47202169895172,0.05580224990844726
6.851999999999467,-0.1434449219575474,-0.010283717264374234,-0.1423704192453995,0.2617284532054272,0.0,0.3262597033119943,0.462565992790268,0.34014668034240386,1.1318738413969585,0.34068625859619467,0.0,3.650293678045273,45.5353844165802,0.05720799565315246
6.861999999999466,-0.14353985508705813,-0.009013118070957515,-0.14246036627591005,0.26238414468816756,0.0,0.32691539479473464,0.4625809230849883,0.3397300494357022,1.1319407311380352,0.3406857812026792,0.0,3.650293678045273,45.5353844165802,0.05720799565315246
6.871999999999465,-0.1436218654209891,-0.007396581372979497,-0.14255552147918982,0.26214920532726754,0.0,0.3266804554338346,0.4625956945890095,0.3392110020232742,1.1306953374568216,0.34068530333518693,0.0,3.650293678045273,45.5353844165802,0.05720799565315246
6.881999999999464,-0.14368689133345866,-0.006110901000417647,-0.14266034597850602,0.26320844147547967,0.0,0.32773969158204674,0.46261033627565135,0.338749619734455,1.1312681628318306,0.34068482480050466,0.0,3.650293678045273,45.5353844165802,0.05720799565315246
6.891999999999463,-0.14374638821846308,-0.005686576073967581,-0.1427866781578717,0.2636425256870005,0.0,0.32817377579356755,0.4626248723509108,0.3382656406141183,1.1310304753741283,0.3406843450393975,0.0,3.650293678045273,45.5353844165802,0.05720799565315246
6.901999999999462,-0.14379645524336446,-0.0044333587271303335,-0.1429079753791627,0.26390226914406123,0.0,0.3284335192506283,0.4626393240655684,0.3376070393955989,1.130429389583272,0.34068386493891006,0.0,3.6255100667476654,45.67032992839813,0.0597933053970337
6.911999999999461,-0.14383075352105262,-0.0027430968295319522,-0.14301525014350372,0.26442875898651963,0.0,0.3289600090930867,0.4626537095002522,0.33682873690073856,1.1300528871341233,0.3406833842555885,0.0,3.6255100667476654,45.67032992839813,0.0597933053970337
6.92199999999946,-0.14385632007101756,-0.002639155727627001,-0.14314601136418006,0.26555897576591914,0.0,0.3300902258724862,0.4626680427242548,0.33592095507752723,1.130475436783765,0.34068290227096404,0.0,3.6255100667476654,45.67032992839813,0.0597933053970337
6.931999999999459,-0.14388398622866322,-0.002666835716886879,-0.14328774367584673,0.265646116583814,0.0,0.33017736669038106,0.46268233530088987,0.3348090459656658,1.1292852696803173,0.3406824194520935,0.0,3.6255100667476654,45.67032992839813,0.0597933053970337
6.9419999999994575,-0.14390999426690448,-0.0028020856852504442,-0.1434357534241716,0.2664710410767755,0.0,0.33100229118334257,0.4626965981227456,0.3336721620958215,1.1290449021453834,0.3406819359901623,0.0,3.6255100667476654,45.67032992839813,0.0597933053970337
6.951999999999456,-0.14393751851122422,-0.002378821489685016,-0.14358045727135563,0.2661444784837049,0.0,0.330675728590272,0.4627108413071905,0.3330307773045547,1.1276671698274847,0.3406814521400966,0.0,3.5810437723994255,45.75050115585327,0.061619764566421514
6.961999999999455,-0.14395143097459076,-0.0008642385647015735,-0.14369983777694514,0.2663184864882187,0.0,0.3308497365947858,0.4627250741695254,0.33257317627375144,1.1273635184495836,0.34068096852431606,0.0,3.5810437723994255,45.75050115585327,0.061619764566421514
6.971999999999454,-0.14396284332862946,-0.0014594952672114525,-0.14384276961713705,0.26723876106740957,0.0,0.33177001117397664,0.462739303281678,0.3321306484582782,1.1281192338912014,0.3406804835801404,0.0,3.5810437723994255,45.75050115585327,0.061619764566421514
6.981999999999453,-0.14397987477178154,-0.0019388081343792336,-0.14398588490782954,0.2675483765031827,0.0,0.33207962660974977,0.46275353417795423,0.33167495291307464,1.1280769053994173,0.3406799982437903,0.0,3.5810437723994255,45.75050115585327,0.061619764566421514
6.991999999999452,-0.1440065320120497,-0.003326156083942539,-0.14414181263507347,0.2682552094987335,0.0,0.33278645960530057,0.462767773087008,0.3312793470472528,1.1286502769857383,0.3406795119770601,0.0,3.5810437723994255,45.75050115585327,0.061619764566421514
7.001999999999451,-0.14404803579806183,-0.004583721956235524,-0.14429849195682148,0.26841462507381486,0.0,0.33294587518038193,0.4627820277233938,0.33100615949064394,1.1285779688453013,0.34067902515981047,0.0,3.541270077228546,45.8137172460556,0.0634933054447174
7.01199999999945,-0.14409310032803227,-0.004466042640393882,-0.1444292370697999,0.2682709940683642,0.0,0.33280224417493126,0.46279630784571885,0.33085506394291614,1.128303108431194,0.34067853865946907,0.0,3.541270077228546,45.8137172460556,0.0634933054447174
7.021999999999449,-0.1441416560165825,-0.005343053957769777,-0.14456579985396395,0.26891909586804486,0.0,0.33345034597461193,0.46281062342893253,0.3302373055003422,1.128830209573085,0.3406780515671575,0.0,3.541270077228546,45.8137172460556,0.0634933054447174
7.031999999999448,-0.1442083727044147,-0.007606510676078527,-0.14472084062123608,0.2695580278743891,0.0,0.33408927798095617,0.46282498467085137,0.3295416863752292,1.1291241465300597,0.34067756332193716,0.0,3.541270077228546,45.8137172460556,0.0634933054447174
7.0419999999994465,-0.14430032417986385,-0.010175061455845041,-0.14488498540970282,0.2700059974693082,0.0,0.3345372475758753,0.4628394044384484,0.3287394569339351,1.1291542554350644,0.3406770742721085,0.0,3.541270077228546,45.8137172460556,0.0634933054447174
7.051999999999445,-0.14441528136287812,-0.01221315555872157,-0.14504648648598464,0.2702101816550487,0.0,0.33474143176161575,0.46285389944991007,0.3277048211504165,1.1285022266774822,0.34067658490206093,0.0,3.5190882086753845,45.8128821849823,0.06318100690841674
7.061999999999444,-0.14454811162865,-0.013958761129847412,-0.1452051825444827,0.27043815921815917,0.0,0.33496940932472624,0.46286848963107147,0.3269418246069672,1.1281789590043254,0.3406760952591728,0.0,3.5190882086753845,45.8128821849823,0.06318100690841674
7.071999999999443,-0.14470287943439006,-0.016496348404314687,-0.14537614393079282,0.2711057097081614,0.0,0.33563695981472846,0.4628831970992234,0.3264155582650631,1.1287123274106188,0.3406756046754143,0.0,3.5190882086753845,45.8128821849823,0.06318100690841674
7.081999999999442,-0.14488115104667465,-0.018550414201317984,-0.1455455023584099,0.27127940310971543,0.0,0.3358106532162825,0.46289804661820977,0.32580293044209385,1.1284888567634748,0.3406751136972003,0.0,3.5190882086753845,45.8128821849823,0.06318100690841674
7.091999999999441,-0.14507332169640422,-0.019570022714771908,-0.14570146035055098,0.2712421169733252,0.0,0.33577336707989225,0.4629130655409868,0.32520408753481955,1.1279249812607737,0.34067462283126937,0.0,3.5190882086753845,45.8128821849823,0.06318100690841674
7.10199999999944,-0.14528198067680542,-0.021787920136171576,-0.14587451591944273,0.2721435053864512,0.0,0.3366747554930183,0.46292828212521825,0.3246035786472168,1.1287168821510825,0.3406741309279121,0.0,3.5246222019195557,45.75505197048187,0.06115089654922484
7.111999999999439,-0.14551208837174653,-0.02379346733656488,-0.14605562132648775,0.27234191861793416,0.0,0.33687316872450124,0.46294372576400744,0.32406066553335916,1.128458220959562,0.3406736386034151,0.0,3.5246222019195557,45.75505197048187,0.06115089654922484
7.121999999999438,-0.14576409498392673,-0.026228188561879105,-0.1462489261757232,0.2731642499322671,0.0,0.3376955000388342,0.46295942775093935,0.3239677324567461,1.1294514365268902,0.34067314528179854,0.0,3.5246222019195557,45.75505197048187,0.06115089654922484
7.131999999999437,-0.14603313406680515,-0.02712383255598573,-0.14642940483062603,0.2729257203342996,0.0,0.3374569704408667,0.4629754212641712,0.3238365490589912,1.1290220714730679,0.34067265197693736,0.0,3.5246222019195557,45.75505197048187,0.06115089654922484
7.1419999999994355,-0.14631008525526656,-0.027876740188389777,-0.1466097528089314,0.27306331217621954,0.0,0.3375945622827866,0.4629917401854227,0.32373012312088123,1.129054945115506,0.34067215819578295,0.0,3.5246222019195557,45.75505197048187,0.06115089654922484
7.151999999999434,-0.1465908336343397,-0.028146885858456414,-0.14678617094707805,0.27333700704472147,0.0,0.33786825715128854,0.4630084173786055,0.32385764278906115,1.1294172449829785,0.3406716641808785,0.0,3.5496978387236595,45.70294380187988,0.05873313546180725
7.161999999999433,-0.14687346977308263,-0.028196055660435326,-0.14696532202508786,0.2735130792214478,0.0,0.33804432932801487,0.46302548399823623,0.3240034319242151,1.129726955249199,0.34067116989144464,0.0,3.5496978387236595,45.70294380187988,0.05873313546180725
7.171999999999432,-0.14715128342266734,-0.02751064120349602,-0.1471345572061156,0.2736169696543888,0.0,0.3381482197609559,0.46304296895716346,0.3241637763129836,1.129833051319153,0.3406706755480429,0.0,3.5496978387236595,45.70294380187988,0.05873313546180725
7.181999999999431,-0.14742076069652243,-0.026729006177415207,-0.14730094066894522,0.27401184252863303,0.0,0.3385430926352001,0.46306089796244043,0.3243956414945459,1.1304308175267097,0.3406701808769846,0.0,3.5496978387236595,45.70294380187988,0.05873313546180725
7.19199999999943,-0.14768141519236325,-0.025625292953339145,-0.14746298990310025,0.274119620482903,0.0,0.3386508705894701,0.4630792930370076,0.32471163531054903,1.1306137538232799,0.3406696859425435,0.0,3.5496978387236595,45.70294380187988,0.05873313546180725
7.201999999999429,-0.14793007353915846,-0.024593324567153806,-0.14762522332698866,0.2746887612314311,0.0,0.3392200113379982,0.46309817248648427,0.325445863924994,1.1318825238141863,0.3406691906086709,0.0,3.5766603723168373,45.67557454109192,0.057217276096344
7.211999999999428,-0.1481688951056703,-0.023120823917385878,-0.14778539409219774,0.2741984474214189,0.0,0.338729697527986,0.46311755076943256,0.32596526153269606,1.1314601134587292,0.3406686950675167,0.0,3.5766603723168373,45.67557454109192,0.057217276096344
7.221999999999427,-0.14838107965812672,-0.019947786098878893,-0.14791725005265413,0.2739191628377714,0.0,0.3384504129443385,0.4631374385481498,0.3265198027258918,1.1313709983582945,0.3406682003168901,0.0,3.5766603723168373,45.67557454109192,0.057217276096344
7.2319999999994256,-0.14855787339201745,-0.015926276855940606,-0.14802621168920663,0.27304403504076297,0.0,0.33757528514733004,0.4631578403478482,0.3270866027189746,1.1304240783272863,0.3406677061905082,0.0,3.5766603723168373,45.67557454109192,0.057217276096344
7.2419999999994245,-0.14869086231709996,-0.011736201323520826,-0.14811556885958332,0.2731176899694883,0.0,0.3376489400760554,0.4631787528997315,0.3277703944452191,1.1308736345157886,0.3406672126227018,0.0,3.5766603723168373,45.67557454109192,0.057217276096344
7.251999999999423,-0.14878718200899643,-0.00807264035352956,-0.14819810821746604,0.2727607029794839,0.0,0.337291953086051,0.46320016453734575,0.32822795532289584,1.1306727414799647,0.3406667191171909,0.0,3.5903641134500504,45.66578805446625,0.05844275951385497
7.261999999999422,-0.1488443212418143,-0.004100035631979726,-0.14826253366415637,0.27235798364881353,0.0,0.3368892337553806,0.4632220565317147,0.3286008296666366,1.1301821195130581,0.34066622622985154,0.0,3.5903641134500504,45.66578805446625,0.05844275951385497
7.271999999999421,-0.14886341533933714,-0.0005901983261965768,-0.14831712548460363,0.2724176129033963,0.0,0.33694886300996335,0.4632444034348846,0.3290677393095336,1.1305435759132396,0.3406657335978211,0.0,3.5903641134500504,45.66578805446625,0.05844275951385497
7.28199999999942,-0.1488545382258648,0.001854876135508679,-0.14837399284238012,0.27259476429419244,0.0,0.3371260144007595,0.4632671738755488,0.3293274602308652,1.1309202033410384,0.34066524072063886,0.0,3.5903641134500504,45.66578805446625,0.05844275951385497
7.291999999999419,-0.1488193893900995,0.004732053279557762,-0.14841500831857501,0.27203502481816755,0.0,0.3365662749247346,0.4632903326024396,0.3293433402250408,1.1300138849309609,0.3406647483706822,0.0,3.5903641134500504,45.66578805446625,0.05844275951385497
7.301999999999418,-0.1487532252076111,0.007885931613070118,-0.14843577154073118,0.2717141284967639,0.0,0.336245378603331,0.4633138411449744,0.32927166604415337,1.1294135612654912,0.34066425665323485,0.0,3.563988871872425,45.74061095714569,0.06171138882637023
7.311999999999417,-0.14866376274609544,0.009522209386348193,-0.14845565768587154,0.2720006128015929,0.0,0.33653186290815995,0.4633376574700074,0.3294044568148684,1.129878376047476,0.3406637644108202,0.0,3.563988871872425,45.74061095714569,0.06171138882637023
7.321999999999416,-0.14856535349695912,0.009954283269873222,-0.14848447925359576,0.2724363777516117,0.0,0.3369676278581788,0.46336173769460637,0.3292880780800133,1.1304707790685184,0.3406632717334983,0.0,3.563988871872425,45.74061095714569,0.06171138882637023
7.3319999999994145,-0.14846689004037547,0.00978057108548579,-0.14851853004428714,0.272756570677723,0.0,0.3372878207842901,0.46338603885231827,0.3293014898021744,1.130914209393445,0.34066277875358036,0.0,3.563988871872425,45.74061095714569,0.06171138882637023
7.341999999999413,-0.14837344077615208,0.009066956513950576,-0.1485580982988692,0.27291679269162483,0.0,0.3374480427981919,0.4634105205910577,0.3292990280544203,1.1312093281897992,0.3406622854468161,0.0,3.563988871872425,45.74061095714569,0.06171138882637023
7.351999999999412,-0.14828925992981926,0.008108680481438502,-0.14859835412902028,0.2730720980449399,0.0,0.337603348151507,0.46343514606069636,0.3296914848468308,1.1318913906995234,0.340661791842835,0.0,3.5210084095597267,45.83272874355316,0.06361035704612733
7.361999999999411,-0.14821340889425993,0.007332111432123379,-0.14862617477981502,0.2727370103379176,0.0,0.33726826044448466,0.46345988244517916,0.3303520862214864,1.132151049999821,0.34066129803656053,0.0,3.5210084095597267,45.83272874355316,0.06361035704612733
7.37199999999941,-0.1481402303380283,0.007624250155077771,-0.14863427872112417,0.27196355987545395,0.0,0.336494809982021,0.4634847006390828,0.33130489316686107,1.1322259996735018,0.3406608049825952,0.0,3.5210084095597267,45.83272874355316,0.06361035704612733
7.381999999999409,-0.1480504869832764,0.009955659113560248,-0.14859816009917265,0.27100915040500073,0.0,0.3355404005115678,0.4635095736779473,0.33224382646276357,1.1320665642025909,0.3406603137770955,0.0,3.5210084095597267,45.83272874355316,0.06361035704612733
7.391999999999408,-0.14793332769185139,0.01282888435225147,-0.14852821661575616,0.2701389722362672,0.0,0.3346702223428343,0.46353447332169073,0.3331641307223589,1.1320401335101828,0.3406598240994097,0.0,3.5210084095597267,45.83272874355316,0.06361035704612733
7.401999999999407,-0.1477878538749546,0.01581799547758795,-0.14842736008220234,0.2689064664414673,0.0,0.3334377165480344,0.46355936802840125,0.33406617555762613,1.1315222599748562,0.3406593358364265,0.0,3.501091107726097,45.872021317481995,0.06516126394271851
7.411999999999406,-0.14760851391759283,0.019295639541300463,-0.14828431146561863,0.2678090798458005,0.0,0.33234032995236756,0.4635842227354992,0.33495032324720664,1.1312097645913934,0.34065884932999485,0.0,3.501091107726097,45.872021317481995,0.06516126394271851
7.421999999999405,-0.14739570635232055,0.02258984062634213,-0.14811067388752144,0.26657571587289397,0.0,0.33110696597946104,0.46360899833565933,0.3358169288819021,1.1307234281377112,0.34065836449218995,0.0,3.501091107726097,45.872021317481995,0.06516126394271851
7.4319999999994035,-0.14715470942866815,0.024693405057225285,-0.1479212593939635,0.26638502045069773,0.0,0.3309162705572648,0.46363365194447154,0.33666634050728605,1.131713086248856,0.34065788079262116,0.0,3.501091107726097,45.872021317481995,0.06516126394271851
7.441999999999402,-0.146899151520047,0.026030934815581084,-0.14771887338251952,0.265532477594977,0.0,0.3300637277015441,0.46365813844013803,0.33749889926348536,1.1317883711903551,0.3406573981405979,0.0,3.501091107726097,45.872021317481995,0.06516126394271851
7.451999999999401,-0.14663438795971068,0.027040681841091492,-0.1474998637469793,0.26424732521136285,0.0,0.3287785753179299,0.4636824129152147,0.33831493952218883,1.1312662925098016,0.3406569166288427,0.0,3.483393669128418,45.92011332511902,0.06758948564529418
7.4619999999994,-0.14635078119551564,0.029172461625943905,-0.147237057279611,0.2629634240607418,0.0,0.3274946741673089,0.4637064315440511,0.3391147890209376,1.1307514111711798,0.3406564371757189,0.0,3.483393669128418,45.92011332511902,0.06758948564529418
7.471999999999399,-0.14604357225800196,0.03164611753037169,-0.14694164413652544,0.2615507063437501,0.0,0.3260819564503172,0.46373015019466246,0.3398987689947505,1.1300602890377802,0.34065595979212737,0.0,3.483393669128418,45.92011332511902,0.06758948564529418
7.481999999999398,-0.145711269805969,0.03439953352831729,-0.1466135075615247,0.25989613790367294,0.0,0.32442738801024,0.46375352347651855,0.3406671943051384,1.1290336427965724,0.34065548456519734,0.0,3.483393669128418,45.92011332511902,0.06758948564529418
7.491999999999397,-0.14534991673081613,0.03743241600984832,-0.14625035008194162,0.25816144198521485,0.0,0.3226926920917819,0.46377650440669654,0.34142037356655885,1.1278977303787547,0.34065501168315626,0.0,3.483393669128418,45.92011332511902,0.06758948564529418
7.501999999999396,-0.14496447506627524,0.039224207798534055,-0.145873776742532,0.2573067650068948,0.0,0.3218380151134619,0.4637990440034591,0.3421586092703613,1.1279957140867172,0.3406545403483409,0.0,3.458456315100193,45.90400576591492,0.06936952471733093
7.511999999999395,-0.14455929815837726,0.04160481133867245,-0.1454648262502995,0.2553766598075002,0.0,0.31990790991406726,0.46382109235223895,0.3428821979062736,1.126586800326833,0.34065407138483617,0.0,3.458456315100193,45.90400576591492,0.06936952471733093
7.521999999999394,-0.144136703855361,0.042170784040953264,-0.14505387027312122,0.2556119624315209,0.0,0.320143212538088,0.4638425994173741,0.34359143008147824,1.1282071725258405,0.34065360362004254,0.0,3.458456315100193,45.90400576591492,0.06936952471733093
7.5319999999993925,-0.1437278454953883,0.039829383001727246,-0.14467372882989957,0.2555171162650217,0.0,0.3200483663715888,0.46386351624549954,0.34428659063732525,1.12935394254824,0.3406531356763291,0.0,3.458456315100193,45.90400576591492,0.06936952471733093
7.541999999999391,-0.14334171577007837,0.03797789241609503,-0.1442893187459782,0.254223779104939,0.0,0.31875502921150606,0.4638838000032599,0.3449679587637306,1.1288015364299393,0.3406526689220236,0.0,3.458456315100193,45.90400576591492,0.06936952471733093
7.55199999999939,-0.1429699736690593,0.03647804381802663,-0.14389863742670886,0.25357353522461795,0.0,0.318104785331185,0.46390341542925995,0.34563580811130395,1.129123273890678,0.3406522035428383,0.0,3.445791184902191,45.852718353271484,0.06901583075523376
7.561999999999389,-0.14261621243056882,0.03456120203084345,-0.1435168352979842,0.2531244900927995,0.0,0.3176557401993666,0.46392233333884647,0.34629040690125196,1.1296952229343145,0.3406517391410721,0.0,3.445791184902191,45.852718353271484,0.06901583075523376
7.571999999999388,-0.14228626582891316,0.03204585753795977,-0.1431468011657888,0.25239771676816625,0.0,0.3169289668747333,0.46394053068403407,0.34693201803310136,1.1298403002990383,0.3406512752738452,0.0,3.445791184902191,45.852718353271484,0.06901583075523376
7.581999999999387,-0.141978117032291,0.030103335263746093,-0.1427743850313364,0.2516762185179822,0.0,0.3162074686245493,0.46395799111198466,0.34756089919028443,1.1299482656638604,0.34065081249654106,0.0,3.445791184902191,45.852718353271484,0.06901583075523376
7.591999999999386,-0.14168558988783578,0.029032937371809096,-0.1423936439617389,0.25049034094177697,0.0,0.31502159104834404,0.46397470428208737,0.34817730294362936,1.1293573407417958,0.3406503510566029,0.0,3.445791184902191,45.852718353271484,0.06901583075523376
7.601999999999385,-0.14139301876615196,0.029194143668446464,-0.1419963439430359,0.2494054756834758,0.0,0.31393672579004284,0.46399066402803324,0.3487814768527979,1.1288585356887841,0.3406498916520269,0.0,3.47639898955822,45.678911209106445,0.06614407896995544
7.611999999999384,-0.14110248576009807,0.028892902529678792,-0.14161794705727077,0.2484036082486939,0.0,0.31293485835526097,0.4640058656794477,0.34937366356571004,1.128429709821131,0.34064943378653306,0.0,3.47639898955822,45.678911209106445,0.06614407896995544
7.621999999999383,-0.14081763082017548,0.028109609556065465,-0.14124578746615715,0.24794153633413998,0.0,0.3124727864407071,0.464020305917861,0.3499541009159958,1.1287109923402825,0.3406489766735486,0.0,3.47639898955822,45.678911209106445,0.06614407896995544
7.6319999999993815,-0.14054543718568227,0.026540541917538865,-0.14088943692901335,0.2479041340791535,0.0,0.3124353841857206,0.4640339835713825,0.3505230220185143,1.129538212011439,0.34064851989580647,0.0,3.47639898955822,45.678911209106445,0.06614407896995544
7.64199999999938,-0.14028807731479956,0.02531600147591298,-0.1405382313923645,0.24721608520040186,0.0,0.31174733530696896,0.46404690066319887,0.351080655362977,1.1294030624871703,0.3406480638509707,0.0,3.47639898955822,45.678911209106445,0.06614407896995544
7.651999999999379,-0.1400458985460043,0.023265322851591774,-0.14021224186524808,0.24725010091667007,0.0,0.3117813510232371,0.4640590625921225,0.3516272249057134,1.130226373355535,0.3406476080288508,0.0,3.521717220544815,45.499807596206665,0.06298388242721559
7.661999999999378,-0.139825716557479,0.021458981967421895,-0.13991649406985696,0.246246345874815,0.0,0.3107775959813821,0.464070478219126,0.35216295015961646,1.1295455210630823,0.3406471531012695,0.0,3.521717220544815,45.499807596206665,0.06298388242721559
7.671999999999377,-0.13961807522613806,0.020277787135664343,-0.13962461241997162,0.2460793421742426,0.0,0.31061059228080967,0.46408116040713804,0.35268804628230316,1.1299883265053303,0.34064669880270876,0.0,3.521717220544815,45.499807596206665,0.06298388242721559
7.681999999999376,-0.13941998393846522,0.01956059899533582,-0.13933798957924962,0.24570330071217936,0.0,0.3102345508187464,0.4640911244769156,0.35320272416252574,1.1300914264145945,0.3406462450562741,0.0,3.521717220544815,45.499807596206665,0.06298388242721559
7.691999999999375,-0.13922887064883652,0.018879437681001324,-0.13906142902595345,0.2455127755633457,0.0,0.31004402566991274,0.46410038722497216,0.35370719050486915,1.1304089083251099,0.34064579164747255,0.0,3.521717220544815,45.499807596206665,0.06298388242721559
7.701999999999374,-0.13904077555816535,0.018697391133257104,-0.13879156855902422,0.24492364762713764,0.0,0.3094548977337047,0.4641089662669572,0.35420164791276715,1.1301253781135996,0.34064533896175725,0.0,3.5687548965215683,45.353400111198425,0.0602764070034027
7.711999999999373,-0.1388520293405572,0.019241010896924343,-0.13853438156665904,0.24384018910019498,0.0,0.308371439206762,0.46411687930584383,0.35468629496987214,1.1291137182574267,0.34064488751236144,0.0,3.5687548965215683,45.353400111198425,0.0602764070034027
7.721999999999372,-0.13865035783351082,0.020702672019273175,-0.1382668439936078,0.24338813326549694,0.0,0.30791938337206404,0.4641241430980753,0.35516132631980996,1.1289585650015064,0.3406444371936363,0.0,3.5687548965215683,45.353400111198425,0.0602764070034027
7.7319999999993705,-0.13843954779806253,0.021409442003776907,-0.13801167168444609,0.24322878754930413,0.0,0.30776003765587123,0.4641307717261434,0.3556269327443524,1.1291905981581776,0.3406439870530979,0.0,3.5687548965215683,45.353400111198425,0.0602764070034027
7.741999999999369,-0.13821963447133967,0.022376752891988937,-0.13775717295042533,0.24283968745143097,0.0,0.30737093755799805,0.4641367769954273,0.35608330124003934,1.1290825289426154,0.3406435375617748,0.0,3.5687548965215683,45.353400111198425,0.0602764070034027
7.751999999999368,-0.13798953418919804,0.023239094873599195,-0.13750876589727998,0.24266663733888283,0.0,0.3071978874454499,0.464142168724091,0.3565306150932797,1.1292636643660314,0.3406430886194117,0.0,3.589352585375309,45.27980923652649,0.059880888462066656
7.761999999999367,-0.13776231289371485,0.022465708766166142,-0.13729716133225278,0.24271562082702883,0.0,0.30724687093359593,0.4641469549327823,0.35696905395396306,1.129746448969689,0.3406426392688361,0.0,3.589352585375309,45.27980923652649,0.059880888462066656
7.771999999999366,-0.1375366537372499,0.022469591152669353,-0.13708580174990684,0.24249820306966574,0.0,0.3070294531762328,0.4641511438599586,0.3573987939076103,1.1298502549370713,0.34064219047190997,0.0,3.589352585375309,45.27980923652649,0.059880888462066656
7.781999999999365,-0.1373118894589177,0.02240702405276662,-0.13688367154975592,0.242334066150885,0.0,0.30686531625745206,0.4641547441757709,0.3578200075460933,1.1300260635292063,0.3406417418355587,0.0,3.589352585375309,45.27980923652649,0.059880888462066656
7.791999999999364,-0.13708582250338863,0.02270929556960231,-0.1366836668893813,0.2420879853432996,0.0,0.3066192354498667,0.46415776463575326,0.35823286403695076,1.1300876316338346,0.3406412936413238,0.0,3.589352585375309,45.27980923652649,0.059880888462066656
7.801999999999363,-0.13685041393928368,0.024175887854185334,-0.13647108624109125,0.24107876562242203,0.0,0.3056100157289891,0.46416021358946,0.3586375291913296,1.129085722383934,0.3406408465454182,0.0,3.593719817698002,45.2618008852005,0.06193683743476869
7.811999999999362,-0.1366051969850871,0.024726867015766776,-0.13627052946402132,0.2409748510251937,0.0,0.3055061011317608,0.4641620976301691,0.35903416553057727,1.1293614006878598,0.3406403996207747,0.0,3.593719817698002,45.2618008852005,0.06193683743476869
7.821999999999361,-0.13635702951829945,0.024943845853049207,-0.13607674999061228,0.2406202466025858,0.0,0.30515149670915287,0.4641634216145329,0.35942293235151435,1.1292978340216002,0.34063995293357674,0.0,3.593719817698002,45.2618008852005,0.06193683743476869
7.8319999999993595,-0.13610014857579428,0.02594524030024312,-0.1358719486399819,0.24045356777771243,0.0,0.3049848178842795,0.4641641898069573,0.35980398579041045,1.1295119972988865,0.34063950723853176,0.0,3.593719817698002,45.2618008852005,0.06193683743476869
7.841999999999358,-0.13584390535234442,0.02575532366865213,-0.13568405315561402,0.23991194381467496,0.0,0.30444319392124203,0.4641644053792693,0.36017747888569207,1.129216932570496,0.3406390613471889,0.0,3.593719817698002,45.2618008852005,0.06193683743476869
7.851999999999357,-0.13557956192487336,0.026710518621820722,-0.13547871048956847,0.23981295301400538,0.0,0.3043442031205724,0.46416407143113775,0.3605435616394054,1.1295590781162335,0.3406386166924141,0.0,3.5742494016885757,45.26909291744232,0.06444523930549623
7.861999999999356,-0.13530673166607118,0.027743574769300942,-0.13526635893036276,0.238829812580239,0.0,0.30336106268680607,0.4641631900688687,0.36090238107746025,1.1286828366839847,0.3406381727925887,0.0,3.5742494016885757,45.26909291744232,0.06444523930549623
7.871999999999355,-0.1350259803137376,0.02815576895890521,-0.13505558395395845,0.23860014596431062,0.0,0.3031313960708777,0.46416176200970466,0.3612540813086786,1.1288821564206466,0.3406377293924391,0.0,3.5742494016885757,45.26909291744232,0.06444523930549623
7.881999999999354,-0.13475018048909104,0.02687826620882119,-0.13486577896645624,0.23925615227934494,0.0,0.303787402385912,0.46415978711706063,0.36159880358267127,1.1303401005061182,0.3406372856568018,0.0,3.5742494016885757,45.26909291744232,0.06444523930549623
7.891999999999353,-0.13449108047067013,0.025157602727651253,-0.13468821993737204,0.23907868708906144,0.0,0.3036099371956285,0.4641572667536159,0.3619366863465665,1.1306447935550934,0.340636841894841,0.0,3.5742494016885757,45.26909291744232,0.06444523930549623
7.901999999999352,-0.1342533065811041,0.023063643263739615,-0.1345231854202406,0.23874264457958366,0.0,0.30327389468615074,0.46415420583583805,0.3622678653006133,1.1307364591202007,0.34063639800747375,0.0,3.5494723096489906,45.29570758342743,0.06434719562530516
7.911999999999351,-0.13403191243527782,0.02146933670238199,-0.13435458026607067,0.2388455016702976,0.0,0.3033767517768647,0.46415061336381125,0.3625924734526808,1.131447291537371,0.34063595450905976,0.0,3.5494723096489906,45.29570758342743,0.06434719562530516
7.92199999999935,-0.13382538677220696,0.02012270807007048,-0.1341865919044783,0.238476957082248,0.0,0.30300820718881505,0.4641465015324211,0.36291064117167726,1.1314989493709222,0.34063551142919196,0.0,3.5494723096489906,45.29570758342743,0.06434719562530516
7.9319999999993485,-0.13363192503483018,0.019025291533075663,-0.13401776159089376,0.23796698167104496,0.0,0.30249823177761204,0.46414188508087156,0.36322249623990843,1.1313499249971313,0.3406350688260295,0.0,3.5494723096489906,45.29570758342743,0.06434719562530516
7.941999999999347,-0.13344822352351132,0.01797700636783938,-0.13384831817314966,0.2376877563504219,0.0,0.30221900645698896,0.46413678065952757,0.36352816390439746,1.1315185158696763,0.3406346266993954,0.0,3.5494723096489906,45.29570758342743,0.06434719562530516
7.951999999999346,-0.1332791303009801,0.01640520277372093,-0.13368978012006585,0.23753936533308442,0.0,0.3020706154396515,0.46413120633939725,0.36382776692718666,1.1318605255318857,0.34063418468701173,0.0,3.5586789920926094,45.214223861694336,0.06208316087722779
7.961999999999345,-0.1331222625378849,0.015160209876792768,-0.13353559571992263,0.23726489993606473,0.0,0.30179615004263183,0.46412518204423087,0.364121425634641,1.132014332970142,0.34063374343490116,0.0,3.5586789920926094,45.214223861694336,0.06208316087722779
7.971999999999344,-0.13297397186233068,0.014855814411869357,-0.13336970383572672,0.23631803980510577,0.0,0.3008492899116728,0.4641187292085947,0.36440925796577345,1.1312131722511225,0.3406333030829672,0.0,3.5586789920926094,45.214223861694336,0.06208316087722779
7.981999999999343,-0.13282780105973063,0.014534303760914283,-0.1331999676266026,0.2362199130154668,0.0,0.30075116312203387,0.4641118697869853,0.3646913795196117,1.1315857510149216,0.34063286333717746,0.0,3.5586789920926094,45.214223861694336,0.06208316087722779
7.991999999999342,-0.1326902530772372,0.013104930485926484,-0.13304391248508202,0.2362246881831668,0.0,0.3007559382897339,0.46410462520010665,0.3649679036016248,1.1320848880885457,0.34063242346241746,0.0,3.5586789920926094,45.214223861694336,0.06208316087722779
8.001999999999342,-0.1325637130250144,0.012248740589020524,-0.1328856950430483,0.2358741807631515,0.0,0.3004054308697186,0.4640970174167358,0.36523894126922896,1.1320649317355955,0.340631984250223,0.0,3.585823766887188,45.11889100074768,0.06065021753311156
8.011999999999345,-0.132453714186817,0.010171275214667687,-0.1327564595966185,0.23602901639466006,0.0,0.30056026650122714,0.46408906950231166,0.36550460137639046,1.1327296660910862,0.34063154484153413,0.0,3.585823766887188,45.11889100074768,0.06065021753311156
8.021999999999348,-0.132358964595284,0.009107412789887293,-0.1326214531349449,0.23551036525508046,0.0,0.30004161536164753,0.4640808063174438,0.36576499061734324,1.1324259414725764,0.34063110601887625,0.0,3.585823766887188,45.11889100074768,0.06065021753311156
8.031999999999352,-0.13227597931303497,0.007519961024035843,-0.13249752555063082,0.23591220345037095,0.0,0.300443453556938,0.46407225425194515,0.36602021356943937,1.1333840847492738,0.34063066708370854,0.0,3.585823766887188,45.11889100074768,0.06065021753311156
8.041999999999355,-0.13220944264160991,0.0063768854904455025,-0.13237701321106315,0.2352725229011134,0.0,0.29980377300768046,0.4640634406827426,0.3662703727351496,1.1328533217370889,0.3406302283176307,0.0,3.585823766887188,45.11889100074768,0.06065021753311156
8.051999999999358,-0.132149304382745,0.005477692838622454,-0.13225857065566365,0.23548214916550245,0.0,0.3000133992720695,0.4640543941930443,0.36651556858323026,1.1334810686705339,0.340629789906911,0.0,3.6182613223791122,45.05060017108917,0.060272830724716175
8.061999999999362,-0.13210457297601783,0.0041280357130030285,-0.1321611058656551,0.23514396029428516,0.0,0.2996752104008522,0.46404514337977615,0.36675589958907334,1.1333100408077466,0.34062935134555744,0.0,3.6182613223791122,45.05060017108917,0.060272830724716175
8.071999999999365,-0.1320659661163128,0.0037896938880955557,-0.13205679706835224,0.23479344326683624,0.0,0.2993246933734033,0.4640357176257634,0.36699146227425594,1.133090917250606,0.3406289133411073,0.0,3.6182613223791122,45.05060017108917,0.060272830724716175
8.081999999999368,-0.13202950008130868,0.0033117383091212874,-0.1319577676680876,0.23520405162953872,0.0,0.2997353017361058,0.46402614578287615,0.36722235124530567,1.1339080103318784,0.3406284753896735,0.0,3.6182613223791122,45.05060017108917,0.060272830724716175
8.091999999999372,-0.13200764260578973,0.0014981884448946221,-0.13188664657265245,0.23575818353335382,0.0,0.3002894336399209,0.4640164556642373,0.3674486592316962,1.1348947833678984,0.34062803648459483,0.0,3.6182613223791122,45.05060017108917,0.060272830724716175
8.101999999999375,-0.1319971261966107,0.0006748481510751841,-0.13181625900896782,0.23567746756701197,0.0,0.30020871767357904,0.46400667579698346,0.3676704771230891,1.1349605584701394,0.340627597839411,0.0,3.647898241877556,44.98717486858368,0.06057318449020385
8.111999999999378,-0.131993032406664,0.00048412841588277647,-0.13175244528995972,0.23504218781763045,0.0,0.29957343792419755,0.46399683511657336,0.367887894005837,1.1342206518521243,0.3406271594957654,0.0,3.647898241877556,44.98717486858368,0.06057318449020385
8.121999999999382,-0.13198310784132908,0.0010855903089857823,-0.13168139478510107,0.23543891108789708,0.0,0.2999701611944642,0.46398696166955605,0.3681009971987624,1.1349013010265478,0.34062672164491675,0.0,3.647898241877556,44.98717486858368,0.06057318449020385
8.131999999999385,-0.13197800407657023,-8.998901656286605e-05,-0.13164036151745653,0.2361957993963536,0.0,0.3007270495029207,0.4639770809741212,0.3683098722882267,1.1360634526033677,0.34062628267065337,0.0,3.647898241877556,44.98717486858368,0.06057318449020385
8.141999999999388,-0.13198639912151483,-0.001175811898661977,-0.13161327043813267,0.2359615228883908,0.0,0.3004927729949579,0.4639672176925553,0.368514603162503,1.1358137044527004,0.34062584318753525,0.0,3.647898241877556,44.98717486858368,0.06057318449020385
8.151999999999392,-0.1319992034862083,-0.001120678194473524,-0.13158298188667453,0.2358442758535615,0.0,0.30037552596012856,0.46395739712766315,0.36871527204546783,1.1357060072615262,0.3406254039334104,0.0,3.6647291779518127,44.97461676597595,0.06143710613250733
8.161999999999395,-0.13200775994211483,-0.0009282090711315843,-0.13155713534861008,0.23625726548033446,0.0,0.30078851558690156,0.4639476436326121,0.3689119595296232,1.1363240381249056,0.3406249646550638,0.0,3.6647291779518127,44.97461676597595,0.06143710613250733
8.171999999999398,-0.1320239917573464,-0.002159515463781743,-0.13156040265072297,0.2370374885627906,0.0,0.3015687386693577,0.4639379794426243,0.36910474460846443,1.1374407863371236,0.3406245241645786,0.0,3.6647291779518127,44.97461676597595,0.06143710613250733
8.181999999999402,-0.13204900840470343,-0.002463944164854447,-0.13156609717207696,0.23675424759721156,0.0,0.30128549770377866,0.4639284264996369,0.3692937047082056,1.1370535283544845,0.34062408355105905,0.0,3.6647291779518127,44.97461676597595,0.06143710613250733
8.191999999999405,-0.13206923939712012,-0.001672709590917797,-0.13156406885131663,0.23659783949675675,0.0,0.30112908960332385,0.46391900656338464,0.3694789157188752,1.1368338466605772,0.3406236432644862,0.0,3.6647291779518127,44.97461676597595,0.06143710613250733
8.201999999999408,-0.13208293815169966,-0.0011523663806739873,-0.13156820533029798,0.23695577310689336,0.0,0.30148702321346044,0.4639097390816196,0.3696372312435468,1.1373289496398453,0.3406232026336418,0.0,3.6651514768600464,45.025986433029175,0.06251914501190187
8.211999999999412,-0.13208426260453004,0.0005442949295778304,-0.13155504001057428,0.2366763952142033,0.0,0.3012076453207704,0.46390064068039755,0.369795696144062,1.1368871197248156,0.3406227624352992,0.0,3.6651514768600464,45.025986433029175,0.06251914501190187
8.221999999999415,-0.13207472337470624,0.0012032724213350242,-0.13155514593467768,0.23699857503349223,0.0,0.3015298251400593,0.4638917244429838,0.3699519966432928,1.1373149667524038,0.34062232169051715,0.0,3.6651514768600464,45.025986433029175,0.06251914501190187
8.231999999999418,-0.1320555234440991,0.0023840474427906048,-0.13155059118663812,0.23679647832058442,0.0,0.3013277284271515,0.4638830002107573,0.37012414672150534,1.137034127148458,0.34062188114918895,0.0,3.6651514768600464,45.025986433029175,0.06251914501190187
8.241999999999422,-0.13202647438843187,0.0031918621538245054,-0.13155109846299445,0.23695517826075066,0.0,0.30148642836731776,0.4638744751001677,0.37029288123221027,1.1372687050415937,0.34062144039880354,0.0,3.6651514768600464,45.025986433029175,0.06251914501190187
8.251999999999425,-0.1319887580071886,0.0042010505833215035,-0.13154886008480582,0.2369946517553802,0.0,0.3015259018619473,0.46386615366527767,0.3703824406859338,1.137292832255185,0.340620999680375,0.0,3.647152215242386,45.080134868621826,0.06306649446487428
8.261999999999428,-0.13194150723736778,0.004742768497366942,-0.1315472653907157,0.2376639361841387,0.0,0.30219518629070574,0.46385803818758636,0.37039573362419287,1.1381639539659787,0.34062055861505985,0.0,3.647152215242386,45.080134868621826,0.06306649446487428
8.271999999999432,-0.13189551994964652,0.004355125672293476,-0.13156161701514754,0.23807381705962885,0.0,0.30260506716619595,0.4638501290020379,0.3701668040195493,1.1384478902256414,0.34062011685420984,0.0,3.647152215242386,45.080134868621826,0.06306649446487428
8.281999999999435,-0.13186307397216032,0.002091272243608588,-0.1316093945312885,0.23935158323776193,0.0,0.303882833344329,0.4638424264112092,0.3699636533156402,1.1399046739218073,0.34061967360197676,0.0,3.647152215242386,45.080134868621826,0.06306649446487428
8.291999999999438,-0.1318532433859098,0.0006121801415662556,-0.13166384053276342,0.2387567225331437,0.0,0.30328797263971075,0.4638349331861915,0.36991417526454823,1.1389236158680562,0.34061922991582344,0.0,3.647152215242386,45.080134868621826,0.06306649446487428
8.301999999999442,-0.13185142851595416,-0.0002893565649532328,-0.13171464568900357,0.239512392385973,0.0,0.30404364249254007,0.4638276555659803,0.3697250994626066,1.1397656944573493,0.34061878602376394,0.0,3.630638375878334,45.229541063308716,0.06344148516654968
8.311999999999445,-0.13186250480578346,-0.001801700033846488,-0.13176959629341792,0.24019618675477378,0.0,0.30472743686134085,0.46382060113133294,0.36960910019275495,1.1405557905755612,0.3406183409078223,0.0,3.630638375878334,45.229541063308716,0.06344148516654968
8.321999999999449,-0.1318885684277639,-0.0029360443612230693,-0.13182953257506144,0.2402327054793514,0.0,0.3047639555859185,0.4638137792408963,0.3693201299383844,1.1403090241279732,0.34061789542164966,0.0,3.630638375878334,45.229541063308716,0.06344148516654968
8.331999999999452,-0.13191257530310985,-0.001764233647445811,-0.13186101687516835,0.23920096399684773,0.0,0.3037322141034148,0.4638072009284977,0.36928917916107856,1.138735497446251,0.34061745101081825,0.0,3.630638375878334,45.229541063308716,0.06344148516654968
8.341999999999455,-0.13192595001193574,-0.001064051208304797,-0.1318911558866246,0.23931313502900717,0.0,0.3038443851355742,0.4638008759485668,0.3692404520784621,1.138854552902731,0.3406170065818256,0.0,3.630638375878334,45.229541063308716,0.06344148516654968
8.351999999999459,-0.13193738009415415,-0.0013715022686771813,-0.1319304786089357,0.24015902458935587,0.0,0.3046902746959229,0.4637948113654781,0.36882249374749687,1.1396728463942702,0.34061656161748666,0.0,3.628328025341034,45.26822566986084,0.06310055851936341
8.361999999999462,-0.13195603636484737,-0.002190177280546801,-0.1319762126532454,0.2403216039743147,0.0,0.3048528540808818,0.463789013194569,0.36836742620055984,1.139416560188042,0.3406161160301269,0.0,3.628328025341034,45.26822566986084,0.06310055851936341
8.371999999999465,-0.13197844472966402,-0.0023902398728348206,-0.13201574271277366,0.240244872248677,0.0,0.3047761223552441,0.4637834879264709,0.3679982477341612,1.138938658946925,0.3406156705931295,0.0,3.628328025341034,45.26822566986084,0.06310055851936341
8.381999999999469,-0.13199858999335806,-0.001502922760984824,-0.13203969606289523,0.23956277662214592,0.0,0.304094026728713,0.46377824213141655,0.36777540877776566,1.1377124319913183,0.3406152257199535,0.0,3.628328025341034,45.26822566986084,0.06310055851936341
8.391999999999472,-0.13200829652909762,-0.0010128757998420414,-0.13206041008752337,0.24005858241896483,0.0,0.3045898325255319,0.463773281046202,0.36762782185971193,1.1382517722797665,0.34061478093788644,0.0,3.628328025341034,45.26822566986084,0.06310055851936341
8.401999999999475,-0.1320193601662208,-0.0011014021376941178,-0.13208667038620098,0.23989522257044735,0.0,0.3044264726770144,0.4637686077043425,0.36757227598543707,1.1379433625752702,0.340614335820153,0.0,3.6275574862957,45.28818130493164,0.06316773891448973
8.411999999999479,-0.13202793347474698,-0.0008630205099060921,-0.13210421755919408,0.23993649582447715,0.0,0.3044677459310442,0.463764224566365,0.36775549084337356,1.1382152692643979,0.34061389089320804,0.0,3.6275574862957,45.28818130493164,0.06316773891448973
8.421999999999482,-0.13203464399004378,-0.0006422883650554923,-0.13211897357199429,0.23979487566542906,0.0,0.30432612577199614,0.46376013329129445,0.3679398471072799,1.1381938220849586,0.34061344603989585,0.0,3.6275574862957,45.28818130493164,0.06316773891448973
8.431999999999485,-0.13204557684305446,-0.001677199920474548,-0.13214909766422056,0.2406381664809434,0.0,0.3051694165875105,0.4637563348474519,0.3681519195174892,1.1396137551712753,0.3406130004843229,0.0,3.6275574862957,45.28818130493164,0.06316773891448973
8.441999999999489,-0.13206684541357927,-0.0022313582478429572,-0.13217783372681374,0.23998920056720446,0.0,0.30452045067377154,0.46375283072685836,0.36835978427562477,1.1389395549732848,0.3406125548994314,0.0,3.6275574862957,45.28818130493164,0.06316773891448973
8.451999999999492,-0.13208463431840228,-0.0014811542250483221,-0.13218688382220808,0.23979505170404347,0.0,0.30432630181061054,0.46374962365721434,0.3685635248641914,1.1388982255854718,0.3406121100791247,0.0,3.629807487130165,45.29923737049103,0.06306298971176147
8.461999999999495,-0.1320903831217963,0.00013129415711425098,-0.13217574443260569,0.23894875370883434,0.0,0.3034800038154014,0.46374671535149853,0.36876322310934745,1.1379420935728275,0.3406116660420033,0.0,3.629807487130165,45.29923737049103,0.06306298971176147
8.471999999999499,-0.13207439721178083,0.00248215627997447,-0.13214102827940685,0.2383241698325074,0.0,0.3028554199390745,0.46374410467484123,0.36895471524560597,1.1372938554833123,0.34061122306340147,0.0,3.629807487130165,45.29923737049103,0.06306298971176147
8.481999999999502,-0.13203731143079467,0.004442979320355396,-0.13209649809582485,0.23803488765166336,0.0,0.30256613775823044,0.46374178627362617,0.36914665202373315,1.1371240232933788,0.3406107806040225,0.0,3.629807487130165,45.29923737049103,0.06306298971176147
8.491999999999505,-0.13198683820362883,0.005276318875214233,-0.13205550304844038,0.23829448459916586,0.0,0.30282573470573293,0.463739750871505,0.36933091024757475,1.1377242110452843,0.3406103381119014,0.0,3.629807487130165,45.29923737049103,0.06306298971176147
8.501999999999509,-0.13193294168544373,0.0056361282393957175,-0.1320170097556013,0.23789377218964103,0.0,0.3024250222962081,0.46373798702156127,0.36950917644213527,1.1374015860323676,0.34060989567092687,0.0,3.6230006739497185,45.26197075843811,0.06277381181716918
8.511999999999512,-0.13187724165040163,0.0052723557493429205,-0.13198681732584744,0.2383792666453208,0.0,0.30291051675188785,0.4637364828798776,0.3696901123559773,1.1383303601326729,0.340609453207634,0.0,3.6230006739497185,45.26197075843811,0.06277381181716918
8.521999999999515,-0.13183235195736207,0.004022433027924509,-0.13197131804806567,0.23844893671113723,0.0,0.30298018681770433,0.46373522708206105,0.36986745838572116,1.1386781834345532,0.34060901018117357,0.0,3.6230006739497185,45.26197075843811,0.06277381181716918
8.531999999999519,-0.13180413887032547,0.002141340061192522,-0.13197083491534795,0.2389094966937818,0.0,0.3034407468003489,0.4637342107544975,0.3700412857569603,1.1395705587918443,0.34060856654297467,0.0,3.6230006739497185,45.26197075843811,0.06277381181716918
8.541999999999522,-0.13178859461649436,0.0013571275940993562,-0.1319624818862579,0.2383927194113155,0.0,0.3029239695178826,0.46373342846329657,0.3702116642821269,1.139088972019485,0.3406081232450645,0.0,3.6230006739497185,45.26197075843811,0.06277381181716918
8.551999999999525,-0.13176940952434918,0.0025511685512193648,-0.13192654355252592,0.237515037256743,0.0,0.3020462873633101,0.463732877189905,0.37037866238852973,1.1380975349517979,0.34060768120547125,0.0,3.6272856891155243,45.235357880592346,0.06205074191093446
8.561999999999529,-0.13173556715861287,0.003961724471847339,-0.13187874255734003,0.23717471602403536,0.0,0.3017059661306024,0.46373255325650997,0.3705423471458364,1.1378578184194383,0.34060723994629244,0.0,3.6272856891155243,45.235357880592346,0.06205074191093446
8.571999999999532,-0.13168801756069173,0.005308516758611255,-0.13182100574149078,0.23677703809154585,0.0,0.30130828819811295,0.46373245033795224,0.3706828252812184,1.137521890841519,0.3406067992457374,0.0,3.6272856891155243,45.235357880592346,0.06205074191093446
8.581999999999535,-0.13163053001150848,0.005805767007005655,-0.1317649776746046,0.23704897777448955,0.0,0.30158022788105665,0.46373255967978605,0.37078683612778773,1.1381331715168757,0.34060635862977984,0.0,3.6272856891155243,45.235357880592346,0.06205074191093446
8.591999999999539,-0.13157470709352342,0.005421588364776849,-0.13171813433754442,0.23705297295463257,0.0,0.30158422306119964,0.4637328711653158,0.37070165816986517,1.138109213322434,0.3406059177593827,0.0,3.6272856891155243,45.235357880592346,0.06205074191093446
8.601999999999542,-0.13152010717421037,0.0057817013970982295,-0.13166134889937944,0.23604805834670445,0.0,0.3005793084532715,0.4637333752663757,0.3708588605238108,1.1369236125706048,0.34060547745738684,0.0,3.62663771212101,45.22313594818115,0.06185431480407716
8.611999999999545,-0.1314498753006601,0.007666051582743208,-0.1315759553709179,0.23564155772854206,0.0,0.30017280783510913,0.46373406280523916,0.3710130178434008,1.1365971884770634,0.34060503863126246,0.0,3.62663771212101,45.22313594818115,0.06185431480407716
8.621999999999549,-0.13137056294101054,0.008001050987723694,-0.13150118707266747,0.23579737065704032,0.0,0.3003286207636074,0.46373492249226816,0.3711641165833066,1.137060247977713,0.34060459956975425,0.0,3.62663771212101,45.22313594818115,0.06185431480407716
8.631999999999552,-0.1312893812940251,0.008307363565482773,-0.1314235807043164,0.23553119224394733,0.0,0.3000624423505144,0.463735941845702,0.3713122174277028,1.1369326574231522,0.3406041608247906,0.0,3.62663771212101,45.22313594818115,0.06185431480407716
8.641999999999555,-0.13120303921676782,0.008830610921217296,-0.1313382383537288,0.2351922975358363,0.0,0.2997235476424034,0.46373710849920974,0.37145737985675104,1.1367037886931015,0.3406037226238225,0.0,3.62663771212101,45.22313594818115,0.06185431480407716
8.651999999999559,-0.13112106678849675,0.007747561463648583,-0.13127283564056394,0.23551929232864502,0.0,0.3000505424352121,0.4637384099984462,0.3715996621704886,1.1374062208422075,0.34060328382110866,0.0,3.6232384964823723,45.19901394844055,0.06140170097351075
8.661999999999562,-0.13104789824761334,0.006879969202269005,-0.13120997218892644,0.2357764841380058,0.0,0.3003077342445729,0.46373983533251956,0.3717391215122429,1.1380070817973387,0.34060284522839634,0.0,3.6232384964823723,45.19901394844055,0.06140170097351075
8.671999999999565,-0.13099181710608737,0.004836324232035567,-0.13116915304903695,0.2359893727438073,0.0,0.3005206228503744,0.4637413759720291,0.37187581389158125,1.13853907444475,0.3406024058416534,0.0,3.6232384964823723,45.19901394844055,0.06140170097351075
8.681999999999569,-0.13094947985617328,0.0040322155708068155,-0.13112002261077868,0.23546150978613756,0.0,0.29999275989270463,0.4637430268968345,0.3720097942068052,1.1380237327087475,0.3406019669199239,0.0,3.6232384964823723,45.19901394844055,0.06140170097351075
8.691999999999572,-0.13090824882879792,0.004185577670231828,-0.1310584367447128,0.23502068197887346,0.0,0.2995519320854405,0.4637447858560003,0.3721411162669991,1.1376208140382134,0.34060152867169297,0.0,3.6232384964823723,45.19901394844055,0.06140170097351075
8.701999999999575,-0.13086423765025362,0.004406055402870644,-0.13099397993506806,0.23491206298337233,0.0,0.29944331308993943,0.46374665100302986,0.3722698328136406,1.137674311103022,0.3406010908033599,0.0,3.6340938061475754,45.14218866825104,0.0605493664741516
8.711999999999579,-0.13082022600650822,0.004182212510299432,-0.13093795607095218,0.23500013895744093,0.0,0.299531389064008,0.4637486200720644,0.3723959955417828,1.1379951805401767,0.34060065309390164,0.0,3.6340938061475754,45.14218866825104,0.0605493664741516
8.721999999999582,-0.13077753209031445,0.004368720089128119,-0.13087685486156056,0.2345632960336709,0.0,0.299094546140238,0.4637506908535491,0.3725196551208158,1.137572759299041,0.34060021574791544,0.0,3.6340938061475754,45.14218866825104,0.0605493664741516
8.731999999999585,-0.1307323648820581,0.004843000473194869,-0.13081010711686075,0.2341912884243945,0.0,0.29872253853096153,0.4637528613683856,0.37264086121481677,1.1372332832189187,0.3405997788051051,0.0,3.6340938061475754,45.14218866825104,0.0605493664741516
8.741999999999589,-0.1306838515995439,0.004729061773945742,-0.13074777570863055,0.2345370645943757,0.0,0.29906831470094275,0.46375512915533695,0.3727596625024959,1.1378917875932806,0.3405993418539807,0.0,3.6340938061475754,45.14218866825104,0.0605493664741516
8.751999999999592,-0.1306371938878651,0.004651588602482557,-0.13068678034920997,0.23418549548826892,0.0,0.29871674559483596,0.4637574913211793,0.3728761066967467,1.1375657648517798,0.34059890507063606,0.0,3.643640458583832,45.10135114192963,0.06030571460723877
8.761999999999595,-0.13059163792397127,0.004512194614418033,-0.1306303831088819,0.23413500505662088,0.0,0.29866625516318795,0.4637599453226233,0.37299024056380814,1.137653879835006,0.3405984685021234,0.0,3.643640458583832,45.10135114192963,0.06030571460723877
8.771999999999599,-0.13054721114547785,0.004542611974016992,-0.1305728030874595,0.23373209116621596,0.0,0.29826334127278303,0.46376248893584154,0.3731021099420474,1.1372415622580547,0.3405980321314133,0.0,3.643640458583832,45.10135114192963,0.06030571460723877
8.781999999999602,-0.13049911127533403,0.005178304616968148,-0.13050622422762548,0.23326987677828442,0.0,0.2978011268848515,0.46376512010723614,0.373211759760369,1.136740178238786,0.34059759630410646,0.0,3.643640458583832,45.10135114192963,0.06030571460723877
8.791999999999605,-0.13043911603842062,0.0065270197866266425,-0.13042460539918682,0.23290940791746612,0.0,0.2974406580240332,0.46376783604337996,0.37331923405625955,1.1363779664062426,0.34059716131238077,0.0,3.643640458583832,45.10135114192963,0.06030571460723877
8.801999999999609,-0.13036061350162578,0.0088012794353335,-0.1303233749451258,0.2319217923739258,0.0,0.29645304248049287,0.46377063182462847,0.3734245759934735,1.1351379400668504,0.3405967275288,0.0,3.646677166223526,45.011425614356995,0.059845179319381714
8.811999999999612,-0.1302566024103085,0.011710993997259781,-0.13020680652768601,0.23064019403290517,0.0,0.29517144413947227,0.46377349915249094,0.37352782787936895,1.133493223897313,0.34059629522763996,0.0,3.646677166223526,45.011425614356995,0.059845179319381714
8.821999999999615,-0.13012047772190963,0.014747205323203385,-0.1300696522517224,0.23014138342602453,0.0,0.2946726335325916,0.4637764251634229,0.37362903118189916,1.1329582819053892,0.34059586414019366,0.0,3.646677166223526,45.011425614356995,0.059845179319381714
8.831999999999619,-0.12995854296348866,0.01690183347319795,-0.1299272557801257,0.22996299447920693,0.0,0.294494244585774,0.4637793918166246,0.3737282265462665,1.132889245124432,0.34059543364629413,0.0,3.646677166223526,45.011425614356995,0.059845179319381714
8.841999999999622,-0.1297840515040757,0.017841314089618455,-0.12979105941856667,0.22974256496050396,0.0,0.29427381506707107,0.4637823773938252,0.37382545381124666,1.1327789383786644,0.3405950032520312,0.0,3.646677166223526,45.011425614356995,0.059845179319381714
8.851999999999626,-0.12960156101321474,0.0184035945382285,-0.12965398471456718,0.2294690162657253,0.0,0.2940002663722924,0.46378535895312223,0.37391333814078076,1.1326083024354068,0.3405945733088311,0.0,3.6250756233930588,44.97388005256653,0.05947283506393433
8.861999999999629,-0.12942017665168803,0.0181464344191785,-0.12952784945009774,0.22909304212538706,0.0,0.29362429223195413,0.46378831368283874,0.3739982224005963,1.1323107670523878,0.34059414344524647,0.0,3.6250756233930588,44.97388005256653,0.05947283506393433
8.871999999999632,-0.12923093543250275,0.019647823487936283,-0.1293735635065606,0.22813526900479494,0.0,0.292666519111362,0.4637912201958751,0.37406594488631023,1.1311870994702018,0.3405937151335032,0.0,3.6250756233930588,44.97388005256653,0.05947283506393433
8.881999999999636,-0.12902974150543553,0.020314147077518576,-0.12921843735351485,0.22792435310427608,0.0,0.2924556032108432,0.46379405713951943,0.37415647160371607,1.1311622444008864,0.3405932872716206,0.0,3.6250756233930588,44.97388005256653,0.05947283506393433
8.891999999999639,-0.12882540196463962,0.02035698407036905,-0.12906468759204615,0.22796341518198485,0.0,0.29249466528855195,0.4637968025428564,0.3740298014244234,1.1313638911975774,0.3405928597591288,0.0,3.6250756233930588,44.97388005256653,0.05947283506393433
8.901999999999642,-0.12863319611340118,0.018331977749800082,-0.12893829540606422,0.22838635688372508,0.0,0.2929176069902921,0.46379943552088493,0.3737951794338329,1.1319277277717086,0.34059243149517265,0.0,3.6095869094133377,44.950902462005615,0.058183944225311285
8.911999999999646,-0.12845940224475622,0.01673613406976684,-0.12881420754392517,0.22813288534946266,0.0,0.29266413545602976,0.46380193888943466,0.3734330156892959,1.131473285015669,0.34059200358024344,0.0,3.6095869094133377,44.950902462005615,0.058183944225311285
8.921999999999649,-0.12830724138000493,0.014031009525017563,-0.12871047397734606,0.22866437775343443,0.0,0.29319562786000153,0.46380430028706626,0.37323779375890265,1.132179678633987,0.34059157511543775,0.0,3.6095869094133377,44.950902462005615,0.058183944225311285
8.931999999999652,-0.12818147327052817,0.011557548121136083,-0.12861393419265502,0.2286505397725807,0.0,0.2931817898791478,0.46380651254791516,0.37287786937406986,1.132134024385023,0.3405911466092248,0.0,3.6095869094133377,44.950902462005615,0.058183944225311285
8.941999999999656,-0.12807583174376125,0.009932823209920193,-0.128513476396798,0.2283063018225711,0.0,0.2928375519291382,0.4638085740907756,0.3723599471801874,1.1313474663195744,0.3405907185235794,0.0,3.6095869094133377,44.950902462005615,0.058183944225311285
8.951999999999659,-0.12798541479049785,0.008308455479152715,-0.12841805022448344,0.22826051393435498,0.0,0.29279176404092205,0.46381048748140147,0.37175306538159353,1.1309179935894291,0.34059029062247786,0.0,3.6244300678372383,44.86414194107056,0.056624615192413325
8.961999999999662,-0.12791931708648907,0.005374027464289787,-0.128353919431595,0.2287043213217778,0.0,0.2932355714283449,0.4638122584535943,0.3708459856649632,1.130856923785223,0.3405898621470387,0.0,3.6244300678372383,44.86414194107056,0.056624615192413325
8.971999999999666,-0.12788152029888347,0.0027571612521131578,-0.12829798187824926,0.22883411855738495,0.0,0.293365368663952,0.4638138971111156,0.36983303577389176,1.1302411512201838,0.34058943348078113,0.0,3.6244300678372383,44.86414194107056,0.056624615192413325
8.981999999999669,-0.12787579969548904,-0.0010391310709622313,-0.12827083333867673,0.22978057448035535,0.0,0.2943118245869224,0.4638154185008211,0.3686346154133472,1.1305422940444583,0.3405890037162217,0.0,3.6244300678372383,44.86414194107056,0.056624615192413325
8.991999999999672,-0.12791078211864737,-0.005080056025166899,-0.12826765531060494,0.2302580747236504,0.0,0.29478932483021747,0.4638168430931819,0.3675622427412777,1.130239224592685,0.3405885729780882,0.0,3.6244300678372383,44.86414194107056,0.056624615192413325
9.001999999999676,-0.12798743651536149,-0.009426682285553671,-0.12829064795452694,0.2312486055369499,0.0,0.29577985564351694,0.46381819784983025,0.36634752517459834,1.1305280204299644,0.3405881410946858,0.0,3.6600546091794968,44.87487077713013,0.05709017515182496
9.011999999999679,-0.1281096484059216,-0.01417826661916739,-0.12834393593283494,0.23237607913055094,0.0,0.29690732923711805,0.4638195161356824,0.3650467014148266,1.1308157965759862,0.3405877077532773,0.0,3.6600546091794968,44.87487077713013,0.05709017515182496
9.021999999999682,-0.12827817988287954,-0.018477817113045445,-0.12842050055636267,0.23278803517521632,0.0,0.2973192852817834,0.46382083792624484,0.36389471133991286,1.1302062278747034,0.3405872732462112,0.0,3.6600546091794968,44.87487077713013,0.05709017515182496
9.031999999999686,-0.12848294876953548,-0.021730281994629008,-0.12850913926375415,0.23337567315595484,0.0,0.2979069232625219,0.4638222092989877,0.3627215105148624,1.1297780448008834,0.34058683800917217,0.0,3.6600546091794968,44.87487077713013,0.05709017515182496
9.041999999999689,-0.12871794655202923,-0.02466738629332082,-0.12861683592199566,0.23441619855004192,0.0,0.298947448656609,0.4638236803218969,0.3615467097953181,1.1298929750205824,0.3405864017048232,0.0,3.6600546091794968,44.87487077713013,0.05709017515182496
9.051999999999692,-0.1289833147384362,-0.02774258605867932,-0.12875114536733812,0.23530651016705878,0.0,0.29983776027362585,0.46382530355187956,0.3604994580469877,1.129876688185997,0.34058596395105395,0.0,3.7145512104034424,44.8624986410141,0.0589141845703125
9.061999999999696,-0.12928001181055843,-0.03106619824358079,-0.12891596205212077,0.23658376602634917,0.0,0.30111501613291625,0.4638271337308115,0.35929322505420336,1.130213721003085,0.34058552449865753,0.0,3.7145512104034424,44.8624986410141,0.0589141845703125
9.071999999999699,-0.12960541479903645,-0.03339562461069788,-0.1290973546573515,0.2371297941762132,0.0,0.3016610442827803,0.4638292278071441,0.3581518032523083,1.1294305178406092,0.34058508387084707,0.0,3.7145512104034424,44.8624986410141,0.0589141845703125
9.081999999999702,-0.12994715101135998,-0.03456713944991548,-0.12928810519833694,0.237846235912205,0.0,0.30237748601877207,0.4638316440509567,0.3572612289506609,1.1291228937060431,0.3405846423496857,0.0,3.7145512104034424,44.8624986410141,0.0589141845703125
9.091999999999706,-0.1303021209773026,-0.03609468992537526,-0.12950594374726218,0.2391290235404259,0.0,0.303660273646993,0.46383443982026784,0.3562235511503087,1.1294509018692493,0.3405841991257371,0.0,3.7145512104034424,44.8624986410141,0.0589141845703125
9.101999999999709,-0.13066643308942302,-0.036385044884837923,-0.12973185647730295,0.23943929948153742,0.0,0.3039705495881045,0.46383767081512134,0.35524882190606155,1.128349435420358,0.34058375496142024,0.0,3.738529786467552,44.856476187705994,0.05791550874710083
9.111999999999712,-0.13102699322945147,-0.03577197073739106,-0.12996331310256298,0.24017683309176913,0.0,0.3047080831983362,0.46384139019555626,0.35418588706693505,1.1277761520344305,0.34058330994527136,0.0,3.738529786467552,44.856476187705994,0.05791550874710083
9.121999999999716,-0.13138103619523406,-0.03523938497389896,-0.1302115495444084,0.24132609303748306,0.0,0.3058573431440501,0.4638456465289437,0.3530849875858411,1.127680606319771,0.3405828635737496,0.0,3.738529786467552,44.856476187705994,0.05791550874710083
9.131999999999719,-0.13173618522020028,-0.035623467252024,-0.1304917571785773,0.24256499345004545,0.0,0.3070962435566125,0.4638504835342612,0.3519521754036053,1.1276560756584226,0.3405824151179983,0.0,3.738529786467552,44.856476187705994,0.05791550874710083
9.141999999999722,-0.132095142001786,-0.03629707553616936,-0.13079886285519826,0.24431469659656893,0.0,0.30884594670313603,0.4638559414945765,0.35092866447017135,1.1283475271982948,0.34058196472894703,0.0,3.738529786467552,44.856476187705994,0.05791550874710083
9.151999999999726,-0.13246438584609713,-0.03705815917347797,-0.1311321001513661,0.24538140464120578,0.0,0.30991265474777285,0.463862058326386,0.3502802316669708,1.1284467173760728,0.34058151215049326,0.0,3.7308944314718246,44.991756081581116,0.054994404315948486
9.161999999999729,-0.13283222713457635,-0.03674406447534652,-0.1314636912915135,0.24681377488815304,0.0,0.3113450249947201,0.4638688703389341,0.349762857788799,1.12923260347079,0.34058105797389016,0.0,3.7308944314718246,44.991756081581116,0.054994404315948486
9.171999999999732,-0.1331947685556034,-0.035862380364267,-0.13180716975516032,0.24734752386291392,0.0,0.311878773969481,0.46387641071719,0.34917320580931943,1.1286997982961062,0.34058060238887267,0.0,3.7308944314718246,44.991756081581116,0.054994404315948486
9.181999999999736,-0.13355478312389973,-0.03615476197924732,-0.1321838108752631,0.24920519553037584,0.0,0.3137364456369429,0.46388470874372234,0.3486988905421457,1.1300838478541997,0.3405801444219673,0.0,3.7308944314718246,44.991756081581116,0.054994404315948486
9.191999999999739,-0.1339109467033737,-0.03494624258450316,-0.13256099564904553,0.24949939129511625,0.0,0.31403064140168335,0.4638937904921707,0.34834104037687963,1.1294138724239646,0.34057968543040396,0.0,3.7308944314718246,44.991756081581116,0.054994404315948486
9.201999999999742,-0.134244853700165,-0.03181424568763713,-0.1329175786593555,0.24959413494301214,0.0,0.3141253850495792,0.46390367851387837,0.3481671194003622,1.1286281641239992,0.34057922603076185,0.0,3.727251246571541,45.20272433757782,0.054425901174545294
9.211999999999746,-0.13452733473791983,-0.025945075119862895,-0.13321356029335024,0.2494301109597063,0.0,0.31396136106627337,0.46391438845788985,0.34801142422565096,1.1276336024130673,0.3405787671098012,0.0,3.727251246571541,45.20272433757782,0.054425901174545294
9.221999999999749,-0.1347521523950537,-0.02012996418633496,-0.13349249767180751,0.24942612778390186,0.0,0.31395737789046896,0.4639259246564722,0.34793313018774824,1.1269400745753737,0.34057830816486045,0.0,3.727251246571541,45.20272433757782,0.054425901174545294
9.231999999999752,-0.13492302231196948,-0.015219477772233361,-0.13376447599692085,0.24992972014902357,0.0,0.3144609702555906,0.46393827922656017,0.3476573316415241,1.1268387349540934,0.3405778487978505,0.0,3.727251246571541,45.20272433757782,0.054425901174545294
9.241999999999756,-0.13505915452731776,-0.012685815790269232,-0.13405551266737623,0.2511355078596662,0.0,0.3156667579662333,0.4639514338404513,0.3472664829713571,1.127719731114548,0.3405773878630539,0.0,3.727251246571541,45.20272433757782,0.054425901174545294
9.251999999999759,-0.13516794563472342,-0.009363672597778117,-0.13432410709254605,0.2510798931032808,0.0,0.3156111432098479,0.463965363698546,0.3468046740197843,1.1267574222791317,0.3405769266406644,0.0,3.681111365556717,45.53846895694733,0.05809927582740784
9.261999999999762,-0.13523635831293848,-0.005337292276504221,-0.13454203514419008,0.2513491891827203,0.0,0.3158804392892874,0.4639800392390308,0.34600428391102295,1.1260932207405776,0.34057646496724564,0.0,3.681111365556717,45.53846895694733,0.05809927582740784
9.271999999999766,-0.1352700448162018,-0.0025371717178785703,-0.13475756439107625,0.252074591325664,0.0,0.3166058414322311,0.463995424719072,0.34495567613625694,1.125863624704796,0.340576002826016,0.0,3.681111365556717,45.53846895694733,0.05809927582740784
9.281999999999769,-0.13528945611653817,-0.00190196115557777,-0.13499072558870726,0.25308206508353925,0.0,0.3176133151901063,0.46401147964667433,0.3439708891829185,1.1261062818981191,0.3405755393326385,0.0,3.681111365556717,45.53846895694733,0.05809927582740784
9.291999999999772,-0.13531591363168527,-0.0033847646018620153,-0.13525041474367389,0.25417251141205954,0.0,0.3187037615186266,0.4640281628634575,0.3428883733586336,1.126477476520245,0.3405750740477736,0.0,3.681111365556717,45.53846895694733,0.05809927582740784
9.301999999999776,-0.1353630191200163,-0.005386648632563695,-0.13551784038769574,0.25503555309890913,0.0,0.3195668032054762,0.46404543667909276,0.3419091559199973,1.1266782404199813,0.34057460732081685,0.0,3.6103621423244476,45.81242620944977,0.06492877006530762
9.31199999999978,-0.13542445253122604,-0.006920068643938727,-0.13576031879444286,0.25598536452464443,0.0,0.3205166146312115,0.46406326900344375,0.3409233498722422,1.1270451505885153,0.34057413941902803,0.0,3.6103621423244476,45.81242620944977,0.06492877006530762
9.321999999999782,-0.13550482087461233,-0.00855724506304144,-0.13600498210159065,0.25583836782909525,0.0,0.3203696179356623,0.4640816325117426,0.3400501860858558,1.126039685695198,0.3405736707628929,0.0,3.6103621423244476,45.81242620944977,0.06492877006530762
9.331999999999786,-0.13559703037298046,-0.009571625436576763,-0.13623685691329662,0.25613600930050356,0.0,0.32066725940707064,0.46410050460169305,0.3392703700718213,1.125851104037217,0.3405732020062424,0.0,3.6103621423244476,45.81242620944977,0.06492877006530762
9.34199999999979,-0.13569694221956088,-0.010269398793508883,-0.13645534633216558,0.25640925939871306,0.0,0.32094050950528014,0.4641198661179468,0.33822396068970695,1.1254261591838723,0.3405727332087454,0.0,3.6103621423244476,45.81242620944977,0.06492877006530762
9.351999999999792,-0.13581493861404903,-0.012936215362610191,-0.13669132021230196,0.25750684291246273,0.0,0.3220380930190298,0.4641397004482921,0.3371076742085825,1.1260562864558574,0.3405722629900558,0.0,3.541333258152008,45.888057351112366,0.06461142897605895
9.361999999999796,-0.13596657639739054,-0.016744551548400446,-0.1369405940799576,0.25860295285137624,0.0,0.3231342029579433,0.4641599952578689,0.3358621469313475,1.1266016904160316,0.34057179124422043,0.0,3.541333258152008,45.888057351112366,0.06461142897605895
9.3719999999998,-0.13615862567608802,-0.021017137089589157,-0.1372030124825239,0.25944301803351016,0.0,0.32397426814007724,0.4641807450287595,0.3343845778775093,1.1265959926455933,0.3405713182730519,0.0,3.541333258152008,45.888057351112366,0.06461142897605895
9.381999999999802,-0.13640401378511316,-0.026856651751447747,-0.13749954709431295,0.2609716876022815,0.0,0.3255029377088486,0.46420195221859856,0.33282170782667053,1.1273745034812355,0.34057084314600755,0.0,3.541333258152008,45.888057351112366,0.06461142897605895
9.391999999999806,-0.13670361207780168,-0.03209446713257208,-0.13780533725452299,0.26178976740719373,0.0,0.3263210175137608,0.46422362881558704,0.3315173397590521,1.1274028382698562,0.34057036683111125,0.0,3.541333258152008,45.888057351112366,0.06461142897605895
9.40199999999981,-0.13705393628598164,-0.03675556539233828,-0.1381223220520854,0.26211011577099574,0.0,0.3266413658775628,0.46424579612345684,0.33009976351393977,1.1266379732804146,0.3405698894327552,0.0,3.541383922100067,45.75398802757263,0.0602347433567047
9.411999999999813,-0.1374466148613624,-0.04107020176576711,-0.13845767103021156,0.2630950282519659,0.0,0.327626278358533,0.4642684832411909,0.32858317600121123,1.126638748822474,0.34056941127505863,0.0,3.541383922100067,45.75398802757263,0.0602347433567047
9.421999999999816,-0.1378821639335877,-0.045269443162103275,-0.13880507064575734,0.2640579920416888,0.0,0.32858924214825586,0.4642917252683257,0.3271629551529607,1.1266113607043813,0.3405689317069176,0.0,3.541383922100067,45.75398802757263,0.0602347433567047
9.43199999999982,-0.13835956133984806,-0.049138125687047576,-0.13916364320388233,0.26456953763434293,0.0,0.32910078774091,0.46431556275779706,0.3257959031130905,1.1259666976979579,0.34056845072865205,0.0,3.541383922100067,45.75398802757263,0.0602347433567047
9.441999999999823,-0.1388710983985921,-0.0527463309360932,-0.13953216630087734,0.2662945466525088,0.0,0.33082579675907586,0.4643400409210697,0.3244145454420975,1.126977032038412,0.34056796837820114,0.0,3.541383922100067,45.75398802757263,0.0602347433567047
9.451999999999826,-0.13942996093746832,-0.05811008159790649,-0.1399471153896981,0.26797575398693707,0.0,0.33250700409350414,0.4643652084304542,0.3228628193058505,1.1276860755882363,0.34056748318051333,0.0,3.583345778286457,45.660967230796814,0.05599901676177979
9.46199999999983,-0.140036598309384,-0.06212399333362399,-0.14037901509609418,0.268633554250913,0.0,0.3331648043574801,0.46439111899181,0.32155364151361304,1.127037702192967,0.34056699658321643,0.0,3.583345778286457,45.660967230796814,0.05599901676177979
9.471999999999833,-0.14066774364502654,-0.06346033229637855,-0.14079541727439157,0.2687659267565298,0.0,0.3332971768630969,0.46441783091616146,0.3203491680338004,1.1257301146598793,0.34056650949440515,0.0,3.583345778286457,45.660967230796814,0.05599901676177979
9.481999999999836,-0.14130965917325686,-0.06480450094587258,-0.14122317877198073,0.2703636446069791,0.0,0.33489489471354617,0.4644454027313728,0.31910716988168747,1.1262999216534264,0.34056602081508475,0.0,3.583345778286457,45.660967230796814,0.05599901676177979
9.49199999999984,-0.1419628285420894,-0.0655749216195477,-0.14165919472904154,0.2712546749659995,0.0,0.33578592507256655,0.46447389059193905,0.3180880987997539,1.1260392401195052,0.340565530634512,0.0,3.583345778286457,45.660967230796814,0.05599901676177979
9.501999999999843,-0.14262529820808384,-0.06667216840039979,-0.14211714594318828,0.27260146720887624,0.0,0.3371327173154433,0.464503348144649,0.31715032721221303,1.1264230216801714,0.34056503842314667,0.0,3.6349891424179077,45.58299362659454,0.05104097127914428
9.511999999999846,-0.14329009874552787,-0.06618508224100834,-0.14257600824769723,0.2730150215455887,0.0,0.3375462716521558,0.4645338262478105,0.3164786287701446,1.1256603645297925,0.34056454524330665,0.0,3.6349891424179077,45.58299362659454,0.05104097127914428
9.52199999999985,-0.14393835277326006,-0.06354199670772728,-0.14301653984436222,0.2730648210836342,0.0,0.3375960711902013,0.4645653716693508,0.31602803108420724,1.1245534568356088,0.34056405163275644,0.0,3.6349891424179077,45.58299362659454,0.05104097127914428
9.531999999999853,-0.14455240366951758,-0.05992914632767764,-0.1434443913180706,0.27378931322178734,0.0,0.3383205633283544,0.46459802377110215,0.31555696018407386,1.124350459288816,0.34056355740624195,0.0,3.6349891424179077,45.58299362659454,0.05104097127914428
9.541999999999856,-0.14513246841081281,-0.05658898990225109,-0.14387624797412016,0.2745445242969483,0.0,0.3390757744035154,0.4646318119204881,0.31529531894949475,1.1243649292238804,0.3405630618637856,0.0,3.6349891424179077,45.58299362659454,0.05104097127914428
9.55199999999986,-0.145679176808862,-0.05362564230974084,-0.14431588313403979,0.27596273842802277,0.0,0.34049398853458984,0.4646667557898398,0.31495902605809417,1.1252408555548694,0.3405625649047478,0.0,3.6779783219099045,45.51740109920502,0.04763637185096742
9.561999999999863,-0.14620028096449594,-0.05102683318271642,-0.14477093817236425,0.2767490854329952,0.0,0.3412803355395623,0.46470286636554964,0.3145665350090093,1.1251105298146828,0.340562066356079,0.0,3.6779783219099045,45.51740109920502,0.04763637185096742
9.571999999999866,-0.14669129910083897,-0.04772553225348346,-0.14522289848073622,0.27742924199450386,0.0,0.34196049210107093,0.4647401475754086,0.31430425433465636,1.1250007802796804,0.34056156673126503,0.0,3.6779783219099045,45.51740109920502,0.04763637185096742
9.58199999999987,-0.1471466945903778,-0.04408997856898255,-0.1456722301634965,0.27840814554119236,0.0,0.34293939564775944,0.464778596169003,0.31387866810053044,1.1251806707072973,0.3405610660204165,0.0,3.6779783219099045,45.51740109920502,0.04763637185096742
9.591999999999873,-0.14756659325151805,-0.04044984263326906,-0.14612184253964877,0.2789343398144792,0.0,0.34346558992104625,0.46481820120953654,0.31327297738762916,1.124521013647411,0.3405605640981509,0.0,3.6779783219099045,45.51740109920502,0.04763637185096742
9.601999999999876,-0.14794796273880456,-0.03681794833817857,-0.1465673893786999,0.2801551144220682,0.0,0.34468636452863527,0.4648589444028762,0.31272661452740375,1.1249529424990956,0.34056006107458286,0.0,3.6911426782608032,45.561394691467285,0.05101945996284485
9.61199999999988,-0.14829524354774365,-0.03335869104196956,-0.14700821593015778,0.28081281199493097,0.0,0.34534406210149804,0.4649008003433686,0.3120978551995612,1.1245757491315673,0.3405595567139953,0.0,3.6911426782608032,45.561394691467285,0.05101945996284485
9.621999999999883,-0.1486119110444197,-0.030637652926375103,-0.14745510962153371,0.28193430977760153,0.0,0.3464655598841686,0.46494373763930685,0.3113672398864345,1.124785240593427,0.34055905091221345,0.0,3.6911426782608032,45.561394691467285,0.05101945996284485
9.631999999999886,-0.14890603921665213,-0.028533495387849956,-0.14790870031084768,0.2827393236828171,0.0,0.3472705737893842,0.4649877201628768,0.3106630368581992,1.1246248367356448,0.3405585436205011,0.0,3.6911426782608032,45.561394691467285,0.05101945996284485
9.64199999999989,-0.1491784563786801,-0.026731885237093588,-0.1483626914624931,0.2840488190333224,0.0,0.3485800691398895,0.4650327086741475,0.3098771177842721,1.12518796893998,0.34055803511032734,0.0,3.6911426782608032,45.561394691467285,0.05101945996284485
9.651999999999893,-0.1494386709634367,-0.025219566834516545,-0.1488167683596358,0.28432969070182457,0.0,0.34886094080839164,0.4650786617312706,0.3093211122134127,1.1245419119349505,0.34055752516763693,0.0,3.6284140050411224,45.71394979953766,0.057242327928543085
9.661999999999896,-0.14967464136289363,-0.022450691286179804,-0.14923481462363078,0.2845774468659172,0.0,0.34910869697248426,0.4651255369160654,0.3089964450930668,1.1242227117802668,0.3405570147950231,0.0,3.6284140050411224,45.71394979953766,0.057242327928543085
9.6719999999999,-0.14988600577159542,-0.02053652087493176,-0.14964826485818328,0.28568815444608414,0.0,0.3502194045526512,0.46517328936120805,0.30858000846256867,1.1251016278906643,0.3405565035118136,0.0,3.6284140050411224,45.71394979953766,0.057242327928543085
9.681999999999903,-0.15008831180726384,-0.02011160159062883,-0.15007065543451323,0.2864215639815977,0.0,0.35095281408816476,0.4652218719180053,0.3081931180466038,1.1255501502522112,0.34055599073202886,0.0,3.6284140050411224,45.71394979953766,0.057242327928543085
9.691999999999906,-0.1502832978289375,-0.01890523284106744,-0.1504729905335274,0.2862143941558335,0.0,0.35074564426240057,0.4652712378615624,0.30786218551783306,1.1248409292681467,0.34055547768838207,0.0,3.6284140050411224,45.71394979953766,0.057242327928543085
9.70199999999991,-0.1504619840731238,-0.017099441888011664,-0.15084725758618917,0.28632541875188455,0.0,0.3508566688584516,0.46532134128610464,0.3078028903115738,1.1248537612910114,0.3405549646716877,0.0,3.5455193296074867,45.819458961486816,0.06076573133468627
9.711999999999913,-0.15061587270768526,-0.014003645489934569,-0.15117260023141535,0.2856347399523766,0.0,0.35016599005894367,0.46537213557348733,0.3077629746050496,1.1239344332549885,0.34055445228043063,0.0,3.5455193296074867,45.819458961486816,0.06076573133468627
9.721999999999916,-0.15073723265760025,-0.010962690932512804,-0.1514634767395858,0.28557162643345474,0.0,0.3501028765400218,0.46542357176925775,0.3079105203235055,1.124067505530424,0.340553940489382,0.0,3.5455193296074867,45.819458961486816,0.06076573133468627
9.73199999999992,-0.15083403682182492,-0.008700344893404575,-0.1517309441487345,0.28506067979500405,0.0,0.3495919299015711,0.4654755975969775,0.3083315328716517,1.1239037279372455,0.3405534289114822,0.0,3.5455193296074867,45.819458961486816,0.06076573133468627
9.741999999999923,-0.15090923600037756,-0.006646175489841101,-0.15196772726873478,0.28474061261154815,0.0,0.3492718627181152,0.4655281588679431,0.3089781972486601,1.1243893993095504,0.34055291792266357,0.0,3.5455193296074867,45.819458961486816,0.06076573133468627
9.751999999999926,-0.15096116127628728,-0.003924349501213762,-0.15215968317492712,0.2835175850458449,0.0,0.348048835152412,0.4655812003187595,0.30978708731350657,1.1238016774759862,0.34055240814991683,0.0,3.4862546548247337,45.86015701293945,0.06421142220497131
9.76199999999993,-0.15097836387667707,-8.046270130322893e-05,-0.1522905247245728,0.2822239264953745,0.0,0.34675517660194155,0.46563466524709435,0.310939240922143,1.1234659145820594,0.3405519002426692,0.0,3.4862546548247337,45.86015701293945,0.06421142220497131
9.771999999999933,-0.15095126031587333,0.004363132700193348,-0.15236158296165891,0.28107678436473027,0.0,0.34560803447129734,0.46568849365682574,0.31216811174608233,1.1236076822441203,0.34055139449282934,0.0,3.4862546548247337,45.86015701293945,0.06421142220497131
9.781999999999936,-0.15088405458879756,0.00842696439417017,-0.1523861240244062,0.2795062187147632,0.0,0.3440374688213303,0.46574262096194496,0.31339472362525406,1.1231885653552904,0.34055089049246795,0.0,3.4862546548247337,45.86015701293945,0.06421142220497131
9.79199999999994,-0.1507739124955563,0.012646077178014902,-0.15235506557953346,0.2782956573190374,0.0,0.34282690742560445,0.46579697865184205,0.31435039378965424,1.123068389640486,0.34055038875713506,0.0,3.4862546548247337,45.86015701293945,0.06421142220497131
9.801999999999943,-0.1506344503479086,0.014524843390730652,-0.15230460134394677,0.2779627337386467,0.0,0.3424939838452138,0.4658514945882615,0.31548369840584,1.1244130353986634,0.34054988780724027,0.0,3.4362617805600166,45.920671224594116,0.06769927740097045
9.811999999999946,-0.1504772995657772,0.016705276105649952,-0.15220515247325092,0.2762904571879246,0.0,0.3408217072944917,0.4659060956680704,0.3164935112879348,1.123795100582683,0.34054938855216843,0.0,3.4362617805600166,45.920671224594116,0.06769927740097045
9.82199999999995,-0.1502978078151249,0.01874523010070707,-0.15206503257097467,0.2752144056898672,0.0,0.3397456557964343,0.4659607099164081,0.3171915217998091,1.123750226746194,0.3405488912472153,0.0,3.4362617805600166,45.920671224594116,0.06769927740097045
9.831999999999953,-0.15010398529707625,0.0196685063925462,-0.1519012625994551,0.2743212189088695,0.0,0.3388524690154366,0.4660152660749318,0.3178062572792019,1.1238481183396196,0.3405483952983845,0.0,3.4362617805600166,45.920671224594116,0.06769927740097045
9.841999999999956,-0.14990545833456084,0.019881049270975774,-0.1517154288915056,0.2734226602663204,0.0,0.33795391037288747,0.4660696950021542,0.3181969494244787,1.123867049196321,0.34054790069999064,0.0,3.4362617805600166,45.920671224594116,0.06769927740097045
9.85199999999996,-0.14971397272236658,0.01857772403476756,-0.15152478112006715,0.27309378390679023,0.0,0.3376250340133573,0.4661239315014291,0.31823558178940176,1.1241938479033755,0.3405474067541293,0.0,3.4148508608341217,45.94128668308258,0.06805692315101625
9.861999999999963,-0.14953352594270294,0.01767244249916366,-0.15130800742043013,0.27213688715232,0.0,0.33666813725888706,0.4661779162065151,0.31826081142512047,1.12364270544645,0.3405469142068134,0.0,3.4148508608341217,45.94128668308258,0.06805692315101625
9.871999999999966,-0.1493619652566727,0.016913649446234115,-0.15107086865257746,0.27072974969639535,0.0,0.3352609998029624,0.466231596060175,0.31848457033922917,1.1225417260779156,0.34054642307530547,0.0,3.4148508608341217,45.94128668308258,0.06805692315101625
9.88199999999997,-0.14919717573444027,0.016016812892999867,-0.15081751106742614,0.2704081896880902,0.0,0.3349394397946573,0.4662849235711532,0.31913522612843603,1.1233774729326098,0.3405459332521568,0.0,3.4148508608341217,45.94128668308258,0.06805692315101625
9.891999999999973,-0.149048770576295,0.014339963119264177,-0.15056409009167251,0.2696001640531483,0.0,0.33413141415971537,0.4663378564365404,0.31973847275611167,1.12350696324592,0.34054544410433185,0.0,3.4148508608341217,45.94128668308258,0.06805692315101625
9.901999999999976,-0.14891371600620956,0.01303105362374015,-0.15029956513763804,0.2684845606013231,0.0,0.33301581070789016,0.46639035841580506,0.3204431705263536,1.123229844230666,0.3405449562656534,0.0,3.4370297119021416,45.854713916778564,0.064236581325531
9.91199999999998,-0.14878359368339486,0.013205755620090444,-0.1500143247437419,0.2670320076082336,0.0,0.33156325771480066,0.4664423987077312,0.32143254509927266,1.1226679332288527,0.3405444706491568,0.0,3.4370297119021416,45.854713916778564,0.064236581325531
9.921999999999983,-0.1486515165539592,0.012833879461827003,-0.1497228178103563,0.26709688478487276,0.0,0.33162813489143983,0.466493949961929,0.3222777251058414,1.1241468371765415,0.34054398606943664,0.0,3.4370297119021416,45.854713916778564,0.064236581325531
9.931999999999986,-0.1485291594922666,0.01176940315477477,-0.14943719744535938,0.2663541297153042,0.0,0.3308853798218713,0.46654498714418313,0.32318218612919736,1.1244237633102818,0.34054350202394623,0.0,3.4370297119021416,45.854713916778564,0.064236581325531
9.94199999999999,-0.1484158713317216,0.010796856819316651,-0.1491506608829248,0.2660188651288323,0.0,0.3305501152353994,0.46659548902814063,0.323989640022522,1.1251604494796603,0.3405430187860694,0.0,3.4370297119021416,45.854713916778564,0.064236581325531
9.951999999999993,-0.14831757170935267,0.009037949102012627,-0.1488836776601726,0.265785325050588,0.0,0.33031657515715507,0.46664543828130034,0.3249908866043948,1.1260667245882847,0.34054253574591276,0.0,3.4888664931058884,45.737411975860596,0.059376722574234014
9.961999999999996,-0.14824023231513067,0.007103543239749032,-0.1486443570307152,0.26539071299407707,0.0,0.32992196310064414,0.46669482220921593,0.32599136187391115,1.1267374201188063,0.34054205320189973,0.0,3.4888664931058884,45.737411975860596,0.059376722574234014
9.972,-0.14817200550779763,0.0071068758702801625,-0.14839031547777767,0.2639633174304368,0.0,0.32849456753700385,0.4667436332283273,0.3270357190245299,1.1259467295702028,0.3405415719081417,0.0,3.4888664931058884,45.737411975860596,0.059376722574234014
9.982000000000003,-0.14808754938385474,0.009185911408516895,-0.14810705497811597,0.2633854636129702,0.0,0.3279167137195373,0.46679186631224323,0.32805016403341003,1.126253733175556,0.34054109252752557,0.0,3.4888664931058884,45.737411975860596,0.059376722574234014
9.992000000000006,-0.1479928427271444,0.009833414130102497,-0.14784311888612708,0.2628871383290688,0.0,0.32741838843563587,0.46683951481274677,0.329035890021591,1.126592072222344,0.34054061309173056,0.0,3.4888664931058884,45.737411975860596,0.059376722574234014
