t,df_hz,rocof_hz_s,dfv_hz,p_vsg_mw,p_pv_support_mw,p_bess_mw,p_diesel_mw,p_wind_mw,p_load_mw,soc,sat_mw,H_v,D_v,alpha
0.002,0.0,0.0,0.0,0.0,0.0,0.0,0.3791396131179086,0.40822226345629126,0.7873618765741999,0.5768618512137283,0.0,4.407781690359116,39.98342454433441,0.5299119919538497
0.012,1.35274075532179e-06,0.0003007942039645004,3.910276681652069e-06,-0.00029246871859986716,0.0,-0.00029246871859986716,0.37913961310077077,0.408045467509031,0.7868120744366878,0.5768618513976398,0.0,4.407781690359116,39.98342454433441,0.5299119919538497
0.022000000000000006,1.635868570818948e-06,-0.00035029567275295787,-2.7703404985296507e-06,0.00044700378548365443,0.0,0.00044700378548365443,0.37913961281165076,0.4078108882386417,0.7876261957195382,0.5768618510551279,0.0,4.407781690359116,39.98342454433441,0.5299119919538497
0.032000000000000015,-1.3256626143944037e-06,-0.0002904379083442482,-3.7659739976942782e-06,0.0001476230389212391,0.0,0.0001476230389212391,0.3791396122714362,0.40738084485272014,0.7868422640885082,0.576861850990168,0.0,4.407781690359116,39.98342454433441,0.5299119919538497
0.04200000000000002,-8.872024043127158e-06,-0.0011594255550042647,-1.7064037963854223e-05,0.0007245077229892433,0.0,0.0007245077229892433,0.3791396121150904,0.40698152087288386,0.7871863136177917,0.5768618502857044,0.0,4.407781690359116,39.98342454433441,0.5299119919538497
0.05200000000000003,-3.0610539191430735e-05,-0.002960606285424254,-4.882588082086485e-05,0.0013635060645389423,0.0,0.0013635060645389423,0.379139613930687,0.40679454206428195,0.7878924315103959,0.5768618486508572,0.0,3.7402803748846054,39.9492084980011,0.6118670135736466
0.06200000000000004,-6.95719227967864e-05,-0.004479342687233082,-9.010632558506308e-05,0.0014742270303999458,0.0,0.0014742270303999458,0.37913962188406575,0.40631460902471744,0.7876011446272958,0.5768618466933709,0.0,3.7402803748846054,39.9492084980011,0.6118670135736466
0.07200000000000005,-0.00012221315301809478,-0.005959828144859019,-0.00013943981013487305,0.001999025276088165,0.0,0.001999025276088165,0.3791396430718147,0.40557209988464277,0.7876211449221352,0.576861844283242,0.0,3.7402803748846054,39.9492084980011,0.6118670135736466
0.08200000000000006,-0.00019114568485177069,-0.007302871736554422,-0.00019748716544331445,0.0017969035241085576,0.0,0.0017969035241085576,0.3791396869222408,0.40473641744035443,0.7864938324000399,0.576861841362015,0.0,3.7402803748846054,39.9492084980011,0.6118670135736466
0.09200000000000007,-0.0002715671530506407,-0.008684045198659188,-0.0002636803085494037,0.0026319323048613137,0.0,0.0026319323048613137,0.3791397651583635,0.4037621817407067,0.7866651634288218,0.57686183794744,0.0,3.7402803748846054,39.9492084980011,0.6118670135736466
0.10200000000000008,-0.00036991403913780925,-0.010671034984041494,-0.00034918109761968263,0.003285839354180331,0.0,0.003285839354180331,0.37913989118331415,0.40288430707715633,0.7865986383475545,0.5768618335430417,0.0,3.6250397115945816,39.409961104393005,0.6092933565378189
0.11200000000000009,-0.0004906473132716176,-0.013114387673832497,-0.0004566042192933241,0.0040126585968126086,0.0,0.0040126585968126086,0.37914008087832884,0.40201539035942857,0.786696681243001,0.5768618280896848,0.0,3.6250397115945816,39.409961104393005,0.6092933565378189
0.1220000000000001,-0.0006413246047235993,-0.016458185411760282,-0.000595030198791783,0.005218886177218596,0.0,0.005218886177218596,0.3791403534188736,0.40098031618550134,0.7872673772327257,0.5768618210465227,0.0,3.6250397115945816,39.409961104393005,0.6092933565378189
0.1320000000000001,-0.0008260110747477465,-0.01982792186464502,-0.000757252858656232,0.00607811348226256,0.0,0.00607811348226256,0.37914073238171814,0.40002481067877377,0.7873563861338599,0.5768618126523964,0.0,3.6250397115945816,39.409961104393005,0.6092933565378189
0.1420000000000001,-0.001046525683978625,-0.02339660472244327,-0.0009471105120798014,0.0070633087345368375,0.0,0.0070633087345368375,0.3791412462645992,0.3990108887428868,0.7875834875072563,0.5768618026849482,0.0,3.6250397115945816,39.409961104393005,0.6092933565378189
0.1520000000000001,-0.0012976498190312615,-0.02623433338658244,-0.0011517509895399081,0.007873091832532566,0.0,0.007873091832532566,0.3791419283288493,0.3980648142584035,0.7875219470254431,0.5768617916754477,0.0,3.5668579787015915,39.029162526130676,0.6068146407604218
0.16200000000000012,-0.0015749255941438969,-0.028497939712693675,-0.0013725794775879317,0.008283216411926583,0.0,0.008283216411926583,0.37914281545955375,0.3973985896053782,0.7871599981791145,0.5768617796324261,0.0,3.5668579787015915,39.029162526130676,0.6068146407604218
0.17200000000000013,-0.0018681826933440913,-0.02993025523288218,-0.0015996225264165436,0.009180893274768048,0.0,0.009180893274768048,0.3791439467810865,0.3971955392572205,0.7878726422748396,0.576861766824402,0.0,3.5668579787015915,39.029162526130676,0.6068146407604218
0.18200000000000013,-0.0021681916845622757,-0.029906577497443108,-0.0018208325728101497,0.009088581758882395,0.0,0.009088581758882395,0.3791453617569769,0.39722477474363566,0.7874856950520004,0.5768617537419253,0.0,3.5668579787015915,39.029162526130676,0.6068146407604218
0.19200000000000014,-0.0024627523692208235,-0.029194632829127383,-0.0020387720519066243,0.009377261540756295,0.0,0.009377261540756295,0.37914709811964153,0.39692895913828324,0.787321770336067,0.5768617402966402,0.0,3.5668579787015915,39.029162526130676,0.6068146407604218
0.20200000000000015,-0.0027465428623993965,-0.027526771800084237,-0.0022481466593638325,0.009093345982743856,0.0,0.009093345982743856,0.37914918987182344,0.39653069727816737,0.7862134512476432,0.5768617267331595,0.0,3.5381566658616066,38.74337315559387,0.6040330559015274
0.21200000000000016,-0.0030051189109711676,-0.024631816326788358,-0.002438261524820058,0.008904787558448913,0.0,0.008904787558448913,0.379151666068739,0.396146825403375,0.7851688214658733,0.5768617135965667,0.0,3.5381566658616066,38.74337315559387,0.6040330559015274
0.22200000000000017,-0.003232321093097894,-0.021456849605306985,-0.0026158874828565814,0.008937575713702886,0.0,0.008937575713702886,0.3791545486966117,0.3961774632827458,0.7848097896974927,0.5768617005592246,0.0,3.5381566658616066,38.74337315559387,0.6040330559015274
0.23200000000000018,-0.0034363500641119227,-0.019771125943942047,-0.002807265984987163,0.009829063035147639,0.0,0.009829063035147639,0.3791578520297434,0.39627823437930093,0.785839057148108,0.5768616865405297,0.0,3.5381566658616066,38.74337315559387,0.6040330559015274
0.2420000000000002,-0.003623119599121069,-0.017667414580016583,-0.0029931280836376453,0.009449920811405967,0.0,0.009449920811405967,0.37916158445173676,0.39640052953750543,0.7850516155914349,0.5768616723150622,0.0,3.5381566658616066,38.74337315559387,0.6040330559015274
0.25200000000000017,-0.003780587252093021,-0.014575887254551521,-0.003158622783285115,0.009676123876131244,0.0,0.009676123876131244,0.3791657496664986,0.3966350802892441,0.7852750617989674,0.5768616585328278,0.0,3.5547182634472847,38.62223029136658,0.6014908164739609
0.2620000000000002,-0.0039094177916990346,-0.01128279291828695,-0.0033126786482192442,0.008801384574844187,0.0,0.008801384574844187,0.3791703453721191,0.3968122447054659,0.7839505793031593,0.5768616448444818,0.0,3.5547182634472847,38.62223029136658,0.6014908164739609
0.2720000000000002,-0.003998420106671258,-0.007812383902816003,-0.0034476531759279295,0.009435928544644003,0.0,0.009435928544644003,0.3791753630205029,0.39667877565490073,0.7845392690700913,0.5768616316347441,0.0,3.5547182634472847,38.62223029136658,0.6014908164739609
0.2820000000000002,-0.004067279818093914,-0.0065071391597246,-0.0036021674532835247,0.010191221374353184,0.0,0.010191221374353184,0.37918078722873777,0.39600660944595123,0.7847955152188993,0.5768616172877523,0.0,3.5547182634472847,38.62223029136658,0.6014908164739609
0.2920000000000002,-0.004135115491972463,-0.0072001651975774315,-0.0037844118271580644,0.011347087759387772,0.0,0.011347087759387772,0.37918659926825454,0.3952050743049639,0.7853922913721274,0.5768616014156738,0.0,3.5547182634472847,38.62223029136658,0.6014908164739609
0.3020000000000002,-0.004210891366621763,-0.007842949012363801,-0.003973535570654499,0.011646262355580958,0.0,0.011646262355580958,0.3791927809799657,0.39461618946269045,0.7850742028585813,0.5768615848146055,0.0,3.5921154469251633,38.70550751686096,0.6024721682071685
0.3120000000000002,-0.004294562570051688,-0.00869643704758392,-0.004169971774693941,0.012097388335048673,0.0,0.012097388335048673,0.3791993164975582,0.39377658387508313,0.7847549890712842,0.5768615673904404,0.0,3.5921154469251633,38.70550751686096,0.6024721682071685
0.32200000000000023,-0.00438220666190238,-0.008934973871919596,-0.004360880681030284,0.012491168034569863,0.0,0.012491168034569863,0.3792061921399456,0.3928506216813412,0.784351103463219,0.5768615497601984,0.0,3.5921154469251633,38.70550751686096,0.6024721682071685
0.33200000000000024,-0.004481679223313087,-0.010835056960869066,-0.004576346996093697,0.013538843406626427,0.0,0.013538843406626427,0.37921339583395625,0.3916047902157079,0.7845921026031919,0.5768615306470816,0.0,3.5921154469251633,38.70550751686096,0.6024721682071685
0.34200000000000025,-0.00460670936708101,-0.013943635856457288,-0.0048179883482095025,0.014968466334810252,0.0,0.014968466334810252,0.3792209183737874,0.39002784196341606,0.7850300214481453,0.5768615099258797,0.0,3.5921154469251633,38.70550751686096,0.6024721682071685
0.35200000000000026,-0.004770816795793462,-0.018215713073732508,-0.005092045587478651,0.01609436456005137,0.0,0.01609436456005137,0.3792287559152198,0.38827294981970273,0.7849117554517822,0.5768614872459251,0.0,3.6075572222471237,38.84659707546234,0.606858491897583
0.36200000000000027,-0.004982059232056345,-0.023083075442544967,-0.00539499366758451,0.017448959458386756,0.0,0.017448959458386756,0.3792369121033753,0.3863591181191417,0.7849217324526838,0.576861462624836,0.0,3.6075572222471237,38.84659707546234,0.606858491897583
0.3720000000000003,-0.005247276871084904,-0.02882755405723272,-0.005734620326687548,0.018961103910121516,0.0,0.018961103910121516,0.37924539918915995,0.38454761430624806,0.7851377330434943,0.5768614357355154,0.0,3.6075572222471237,38.84659707546234,0.606858491897583
0.3820000000000003,-0.005568347339674926,-0.034073933842599505,-0.006095658710524462,0.019857396503491002,0.0,0.019857396503491002,0.37925423872134945,0.3828730443745901,0.7847432376850076,0.5768614071473124,0.0,3.6075572222471237,38.84659707546234,0.606858491897583
0.3920000000000003,-0.005939963672893144,-0.03927875639203105,-0.006480435657683983,0.02139335213170426,0.0,0.02139335213170426,0.37926346119461024,0.38118666241480503,0.7851261872512508,0.5768613767204106,0.0,3.6075572222471237,38.84659707546234,0.606858491897583
0.4020000000000003,-0.0063564637313049425,-0.043157720941314565,-0.006871504307631109,0.021879589370573382,0.0,0.021879589370573382,0.379273104556705,0.37977559558306434,0.7843057808404084,0.5768613451827336,0.0,3.564630441367626,38.87453317642212,0.61237733066082
0.4120000000000003,-0.006812132839961819,-0.04708922214043997,-0.007284111573696662,0.023081011119474453,0.0,0.023081011119474453,0.37928321255118536,0.37842260765604135,0.784511797793583,0.5768613119859701,0.0,3.564630441367626,38.87453317642212,0.61237733066082
0.4220000000000003,-0.00730237010560768,-0.05017343437060613,-0.007704205307712016,0.023902643382498544,0.0,0.023902643382498544,0.379293833154817,0.3769832218852693,0.7840867436338189,0.5768612775306305,0.0,3.564630441367626,38.87453317642212,0.61237733066082
0.43200000000000033,-0.00782186000488214,-0.052894504739592306,-0.008135867851127737,0.02476873946955636,0.0,0.02476873946955636,0.3793050173721862,0.3759303970353705,0.7839678475596785,0.576861241625707,0.0,3.564630441367626,38.87453317642212,0.61237733066082
0.44200000000000034,-0.008364303695767638,-0.055122578340576496,-0.008575505330851189,0.025925593043536876,0.0,0.025925593043536876,0.3793168178835682,0.3752687352011777,0.784611080553616,0.5768612044030711,0.0,3.564630441367626,38.87453317642212,0.61237733066082
0.45200000000000035,-0.008925034841851807,-0.05670861045711712,-0.009021680546367532,0.02652097505071287,0.0,0.02652097505071287,0.37932928775233987,0.3746341017348385,0.7845681972370598,0.5768611660005558,0.0,3.4849224910140038,38.759777545928955,0.614712831377983
0.46200000000000035,-0.009496616612698143,-0.057337166305618595,-0.009471627911469462,0.026977529997474797,0.0,0.026977529997474797,0.3793424793708401,0.37387596620213626,0.784084661083832,0.5768611268035746,0.0,3.4849224910140038,38.759777545928955,0.614712831377983
0.47200000000000036,-0.010068879531681566,-0.057107181376096654,-0.009917175876471476,0.02767621151478682,0.0,0.02767621151478682,0.37935644299556653,0.373374196749063,0.7841720261889763,0.5768610867705612,0.0,3.4849224910140038,38.759777545928955,0.614712831377983
0.4820000000000004,-0.010632193097094959,-0.05569211888987232,-0.010350279389422562,0.027858112710916788,0.0,0.027858112710916788,0.379371224933313,0.37306627146457416,0.7836435517019579,0.576861046243827,0.0,3.4849224910140038,38.759777545928955,0.614712831377983
0.4920000000000004,-0.011175031457852279,-0.05310707652294965,-0.010765640044992222,0.027923866668233988,0.0,0.027923866668233988,0.3793868658475951,0.37294859403782493,0.7831492882801206,0.5768610054715242,0.0,3.4849224910140038,38.759777545928955,0.614712831377983
0.5020000000000003,-0.011687599751486989,-0.04997853468938825,-0.011167277155453986,0.028365286534167304,0.0,0.028365286534167304,0.3794033988690725,0.3727388906766279,0.7831007826976352,0.5768609644221552,0.0,3.4221515357494354,38.54227006435394,0.6114125221967697
0.5120000000000003,-0.01218020052585218,-0.04878315563611045,-0.01159598882741514,0.029521455383055832,0.0,0.029521455383055832,0.37942084853241675,0.3724967048069855,0.7839867711659109,0.576860921706938,0.0,3.4221515357494354,38.54227006435394,0.6114125221967697
0.5220000000000004,-0.012666689435754028,-0.0487540210320655,-0.01204731437781099,0.03101898197595252,0.0,0.03101898197595252,0.3794392329777589,0.37222682525091727,0.7852445212010198,0.5768608771047691,0.0,3.4221515357494354,38.54227006435394,0.6114125221967697
0.5320000000000004,-0.01315523542261521,-0.0486455962992984,-0.012511613270863297,0.031728523536228154,0.0,0.031728523536228154,0.3794585671193825,0.3719474558045953,0.7854861521771519,0.5768608309459881,0.0,3.4221515357494354,38.54227006435394,0.6114125221967697
0.5420000000000004,-0.013631802401584524,-0.04684165860164576,-0.01296047730813299,0.03202352453297509,0.0,0.03202352453297509,0.37947886394170793,0.3716146472487435,0.785064298300488,0.5768607843725649,0.0,3.4221515357494354,38.54227006435394,0.6114125221967697
0.5520000000000004,-0.014091926919536398,-0.04579788689694118,-0.013421315820750533,0.03373467401821894,0.0,0.03373467401821894,0.37950013250308695,0.3712105257689037,0.7865436668829859,0.5768607363583375,0.0,3.383358709514141,38.49771320819855,0.6101570278406143
0.5620000000000004,-0.014552852164666726,-0.0458562777290084,-0.013910669554873453,0.034155986148031836,0.0,0.034155986148031836,0.37952237762459556,0.37057098272939576,0.7860223285834727,0.5768606863321466,0.0,3.383358709514141,38.49771320819855,0.6101570278406143
0.5720000000000004,-0.014998024361515023,-0.04370363625307166,-0.014374327038622887,0.03465000688156177,0.0,0.03465000688156177,0.3795456022935953,0.3698697349917548,0.785474582671411,0.5768606362502539,0.0,3.383358709514141,38.49771320819855,0.6101570278406143
0.5820000000000004,-0.015427018532888043,-0.042378204709198355,-0.014848084048697073,0.0355984477544877,0.0,0.0355984477544877,0.3795698057618188,0.3697569854140488,0.7861478693157873,0.5768605847155812,0.0,3.383358709514141,38.49771320819855,0.6101570278406143
0.5920000000000004,-0.015840500258247313,-0.04043047360636776,-0.015313547807022368,0.035740460251594934,0.0,0.035740460251594934,0.37959498325654,0.3698014825005136,0.7858984087435671,0.57686053244474,0.0,3.383358709514141,38.49771320819855,0.6101570278406143
0.6020000000000004,-0.01623073838662071,-0.038021307464328476,-0.015766526021868663,0.03618646219642231,0.0,0.03618646219642231,0.3796211262388844,0.3697405339282799,0.7860505735051041,0.5768604796439426,0.0,3.362563468515873,38.559715151786804,0.6079697281122207
0.6120000000000004,-0.016592975364778363,-0.034838653551125524,-0.016198985923354333,0.036132411646797105,0.0,0.036132411646797105,0.37964822142553584,0.3696520646744591,0.7854625101520898,0.5768604266873018,0.0,3.362563468515873,38.559715151786804,0.6079697281122207
0.6220000000000004,-0.016920328720955682,-0.031179582143261407,-0.016607845445754582,0.03603625733265813,0.0,0.03603625733265813,0.37967625004971617,0.3698548743764769,0.7851891900074378,0.5768603737046769,0.0,3.362563468515873,38.559715151786804,0.6079697281122207
0.6320000000000005,-0.0172040347566824,-0.026309859103145632,-0.016976632382594503,0.035598347000407295,0.0,0.035598347000407295,0.37970518694009975,0.3701420399993724,0.7845666279609692,0.5768603214096454,0.0,3.362563468515873,38.559715151786804,0.6079697281122207
0.6420000000000005,-0.017438617587363155,-0.021566595329430817,-0.0173160981589376,0.03533510309925532,0.0,0.03533510309925532,0.37973499932122734,0.3704232646050263,0.7842562811413388,0.5768602694660093,0.0,3.362563468515873,38.559715151786804,0.6079697281122207
0.6520000000000005,-0.017627816416626824,-0.017437234572819694,-0.017631693907310998,0.03558238747479765,0.0,0.03558238747479765,0.3797656463956621,0.3704038520763165,0.7845013288330258,0.5768602176770415,0.0,3.3823135048151016,38.70676100254059,0.602910366654396
0.6620000000000005,-0.017781868964266728,-0.014075038274615712,-0.017927641761097547,0.0353067235277456,0.0,0.0353067235277456,0.3797970806910545,0.3705427367593351,0.7841002319480882,0.5768601657870194,0.0,3.3823135048151016,38.70676100254059,0.602910366654396
0.6720000000000005,-0.017892685736180768,-0.009049618034918612,-0.018168994622139445,0.034309287172763804,0.0,0.034309287172763804,0.3798292500519809,0.3710118535349199,0.7831439376495726,0.5768601154324686,0.0,3.3823135048151016,38.70676100254059,0.602910366654396
0.6820000000000005,-0.01795359137322632,-0.004299077910301644,-0.018372527770990847,0.03374582284956872,0.0,0.03374582284956872,0.37986209678790783,0.3712803979934387,0.7827596276748037,0.5768600660656933,0.0,3.3823135048151016,38.70676100254059,0.602910366654396
0.6920000000000005,-0.017973515681126543,-0.0004715091143472406,-0.018549193166378562,0.03317035622070877,0.0,0.03317035622070877,0.37989555703816275,0.37157785720764175,0.7823531623772627,0.5768600173230997,0.0,3.3823135048151016,38.70676100254059,0.602910366654396
0.7020000000000005,-0.017965027332739372,0.001387767509474343,-0.01871623404819909,0.03363255158124497,0.0,0.03363255158124497,0.37992956271077644,0.37204703785009896,0.7836781856508173,0.5768599685145175,0.0,3.4187947884202003,38.92727792263031,0.5972205460071563
0.7120000000000005,-0.017950147753680538,0.0012327283662659462,-0.018883209368382687,0.03403591875669399,0.0,0.03403591875669399,0.37996404447884324,0.3726319083783336,0.7851011500760572,0.5768599190817638,0.0,3.4187947884202003,38.92727792263031,0.5972205460071563
0.7220000000000005,-0.01794275832955281,0.0005725843727790152,-0.019041537021276304,0.033628301114497404,0.0,0.033628301114497404,0.3799989359588853,0.37316533293365217,0.7854664809772499,0.576859869614231,0.0,3.4187947884202003,38.92727792263031,0.5972205460071563
0.7320000000000005,-0.01793878159149606,0.00024071220237523823,-0.01917651786464758,0.03329536763951824,0.0,0.03329536763951824,0.3800341759652223,0.3733789163085092,0.7856408238245193,0.5768598207439383,0.0,3.4187947884202003,38.92727792263031,0.5972205460071563
0.7420000000000005,-0.017934327581299606,0.0007620967318054173,-0.019277773105054595,0.032263342480614625,0.0,0.032263342480614625,0.3800697078628052,0.3738065225481634,0.7850405845511983,0.5768597729405129,0.0,3.4187947884202003,38.92727792263031,0.5972205460071563
0.7520000000000006,-0.017926375849840023,0.0009141469400997617,-0.019356503806544478,0.03190293762897992,0.0,0.03190293762897992,0.38010547845804865,0.3740503317064128,0.7853338628928305,0.5768597257836624,0.0,3.421121194958687,39.126558899879456,0.5937946081161498
0.7620000000000006,-0.01791361777742344,0.0014529603878333727,-0.019400345923730328,0.03128543555604337,0.0,0.03128543555604337,0.3801414372566435,0.3744220670329873,0.7853150419138161,0.5768596796955594,0.0,3.421121194958687,39.126558899879456,0.5937946081161498
0.7720000000000006,-0.017898118497043508,0.0016325649296597747,-0.019421832581135102,0.03051084334908839,0.0,0.03051084334908839,0.3801775361795232,0.37490077334096,0.7851958089664337,0.5768596344211749,0.0,3.421121194958687,39.126558899879456,0.5937946081161498
0.7820000000000006,-0.01788176726389932,0.0015765758491762178,-0.019420833154187335,0.030137887466276988,0.0,0.030137887466276988,0.38021372970251205,0.37529449449865193,0.7856660355266227,0.5768595900195694,0.0,3.421121194958687,39.126558899879456,0.5937946081161498
0.7920000000000006,-0.017870019180952438,0.0006330342108036428,-0.01940924008399524,0.03006774228015826,0.0,0.03006774228015826,0.38024997518255016,0.37563379322816015,0.7864523680556245,0.5768595460588435,0.0,3.421121194958687,39.126558899879456,0.5937946081161498
0.8020000000000006,-0.017872406871184358,-0.0006523917452986553,-0.019387187964334907,0.029433813236026993,0.0,0.029433813236026993,0.3802862338664183,0.3760371169390414,0.7864920538724047,0.5768595025304296,0.0,3.394994206726551,39.18260991573334,0.5905722171068191
0.8120000000000006,-0.01788857861084252,-0.0019840458062975437,-0.019351608393182226,0.02875075150399896,0.0,0.02875075150399896,0.38032247215188275,0.3765177174869772,0.7865406081886167,0.5768594595454084,0.0,3.394994206726551,39.18260991573334,0.5905722171068191
0.8220000000000006,-0.01791078178238265,-0.002241803313492082,-0.019286436951671582,0.02802847963645326,0.0,0.02802847963645326,0.38035866127218154,0.3771285788946723,0.7866046351963483,0.576859417845478,0.0,3.394994206726551,39.18260991573334,0.5905722171068191
0.8320000000000006,-0.01793497203999093,-0.0027039245743102377,-0.0192067571169441,0.02774865443039158,0.0,0.02774865443039158,0.3803947756998106,0.3777454974565649,0.7872874561711392,0.5768593768903729,0.0,3.394994206726551,39.18260991573334,0.5905722171068191
0.8420000000000006,-0.01796429439498903,-0.0031210922507784135,-0.019113910729285734,0.027402241480889298,0.0,0.027402241480889298,0.38043079226191895,0.37835017596015064,0.787822649738057,0.5768593366506488,0.0,3.394994206726551,39.18260991573334,0.5905722171068191
0.8520000000000006,-0.01799496119959234,-0.0029094867515462638,-0.01900106758521841,0.0265315572197962,0.0,0.0265315572197962,0.38046669035394803,0.3789428572560044,0.7875644508299603,0.5768592974395371,0.0,3.342279002070427,39.08650994300842,0.5877322614192962
0.8620000000000007,-0.01801948635779483,-0.002127183865313913,-0.018867081883633886,0.02572696213204378,0.0,0.02572696213204378,0.38050245102718966,0.3795237793763904,0.7873370963156907,0.5768592593648979,0.0,3.342279002070427,39.08650994300842,0.5877322614192962
0.8720000000000007,-0.018036816005643417,-0.0017419971336408025,-0.01872560813991121,0.025775613731996154,0.0,0.025775613731996154,0.3805380556643455,0.38009317563086076,0.7882410446543542,0.5768592219020791,0.0,3.342279002070427,39.08650994300842,0.5877322614192962
0.8820000000000007,-0.01805419357134528,-0.001563964159711649,-0.01858182379153359,0.025093170275701036,0.0,0.025093170275701036,0.3805734858866956,0.3806512746999571,0.7880551896661183,0.5768591848480185,0.0,3.342279002070427,39.08650994300842,0.5877322614192962
0.8920000000000007,-0.018065021095205903,-0.0007011545273593114,-0.01842340415367464,0.02444539674099166,0.0,0.02444539674099166,0.38060872441256,0.3811983007270529,0.7878516975460871,0.576859148709911,0.0,3.342279002070427,39.08650994300842,0.5877322614192962
0.9020000000000007,-0.018066496082183577,0.0002590256635046182,-0.01825886832891797,0.02405700396522723,0.0,0.02405700396522723,0.3806437541590311,0.38173447340837413,0.7879467983813607,0.5768591132051368,0.0,3.2883729338645935,38.86883616447449,0.5846092343330382
0.9120000000000007,-0.01805961258284209,0.0010251126038928284,-0.018096048843187405,0.023719697833676084,0.0,0.023719697833676084,0.38067855762240566,0.3822600080812333,0.7880512052738355,0.5768590781115932,0.0,3.2883729338645935,38.86883616447449,0.5846092343330382
0.9220000000000007,-0.0180442767007267,0.00186301346148638,-0.01793261581667212,0.023557016621129204,0.0,0.023557016621129204,0.38071311706128674,0.3827751158105127,0.7883407526062148,0.5768590434136066,0.0,3.2883729338645935,38.86883616447449,0.5846092343330382
0.9320000000000007,-0.018021368824000066,0.0025107314198486797,-0.017774578198643372,0.023753174605396114,0.0,0.023753174605396114,0.3807474145893473,0.3832800034734332,0.7890768349685379,0.5768590088759827,0.0,3.2883729338645935,38.86883616447449,0.5846092343330382
0.9420000000000007,-0.017994841749398298,0.0028103271300177445,-0.017628378461218983,0.023590260505545108,0.0,0.023590260505545108,0.3807814323553211,0.3837748738426389,0.7892577821872037,0.5768589742302269,0.0,3.2883729338645935,38.86883616447449,0.5846092343330382
0.9520000000000007,-0.017963324910221345,0.003300963625689035,-0.017488703287654093,0.0236236384570279,0.0,0.0236236384570279,0.3808151531567569,0.3842599256676355,0.7896655276638032,0.5768589397059157,0.0,3.277473386377096,38.64237189292908,0.5818504720926285
0.9620000000000007,-0.017929082042209422,0.0035856305304270654,-0.017364959138122797,0.023581372810823224,0.0,0.023581372810823224,0.38084856038073833,0.38473535375461143,0.7899247015554351,0.5768589050413359,0.0,3.277473386377096,38.64237189292908,0.5818504720926285
0.9720000000000008,-0.017885609793640542,0.0049433420329201986,-0.017235843926319508,0.02326325304524717,0.0,0.02326325304524717,0.3808816381422342,0.38520134904467573,0.7897615093155389,0.5768588708657002,0.0,3.277473386377096,38.64237189292908,0.5818504720926285
0.9820000000000008,-0.017825578791590815,0.006586565473019911,-0.01710717166182654,0.02309199685547673,0.0,0.02309199685547673,0.38091437011600526,0.38565809869054424,0.7897762164709999,0.5768588369682579,0.0,3.277473386377096,38.64237189292908,0.5818504720926285
0.9920000000000008,-0.017754268222779406,0.007527433763316238,-0.016995043996849545,0.023247481580787453,0.0,0.023247481580787453,0.3809467384460174,0.3861057861317031,0.7902273197322771,0.576858802710537,0.0,3.277473386377096,38.64237189292908,0.5818504720926285
1.0020000000000007,-0.01766915818727709,0.009034861504078276,-0.01688263640348418,0.023489348759190783,0.0,0.023489348759190783,0.38097872448915177,0.386544591168082,0.7907852334647343,0.5768587687508157,0.0,3.30647374689579,38.516356348991394,0.5806191772222519
1.0120000000000007,-0.01756878726065199,0.011034960556104806,-0.016770962470076742,0.022690479696078538,0.0,0.022690479696078538,0.381010308653233,0.3869746900322651,0.7898800357640889,0.576858735137754,0.0,3.30647374689579,38.516356348991394,0.5806191772222519
1.0220000000000007,-0.017444653980400026,0.013456837247720522,-0.016653079271824033,0.022381931495947024,0.0,0.022381931495947024,0.38104146982819753,0.3873962554602696,0.7896648483431282,0.5768587020251696,0.0,3.30647374689579,38.516356348991394,0.5806191772222519
1.0320000000000007,-0.017288291654425067,0.017087754982894096,-0.01651296681889765,0.02164879141361216,0.0,0.02164879141361216,0.3810721841414669,0.3878094567609199,0.7888684299353483,0.5768586700582738,0.0,3.30647374689579,38.516356348991394,0.5806191772222519
1.0420000000000007,-0.01709865678684809,0.020203232336289744,-0.01637000443518686,0.02128099563624944,0.0,0.02128099563624944,0.3811024236491835,0.38821445988384484,0.7886065237126029,0.5768586385203702,0.0,3.30647374689579,38.516356348991394,0.5806191772222519
1.0520000000000007,-0.016877843009914694,0.023420393794110265,-0.016216754108418285,0.020695971574513784,0.0,0.020695971574513784,0.3811321562950756,0.388611427486127,0.7880711579034968,0.5768586077389234,0.0,3.3763996437191963,38.50129306316376,0.5790605008602142
1.0620000000000007,-0.016629383927188546,0.02569684766070529,-0.01606742581366183,0.02076150162805896,0.0,0.02076150162805896,0.38116134662764545,0.3890005189976282,0.78848484734191,0.5768585772583196,0.0,3.3763996437191963,38.50129306316376,0.5790605008602142
1.0720000000000007,-0.016360635591694695,0.027360690986393085,-0.015919026239790916,0.020887628627614,0.0,0.020887628627614,0.3811899567883353,0.3893818906850204,0.7890263886493216,0.5768585470799962,0.0,3.3763996437191963,38.50129306316376,0.5790605008602142
1.0820000000000007,-0.01608001272905549,0.028629302492630106,-0.015771841165368367,0.02029442416755213,0.0,0.02029442416755213,0.3812179481747109,0.38975569571454455,0.7886063863650866,0.5768585171798541,0.0,3.3763996437191963,38.50129306316376,0.5790605008602142
1.0920000000000007,-0.015783123801188792,0.030359610818623962,-0.015610093434760376,0.019746306833502782,0.0,0.019746306833502782,0.3812452827707275,0.3901220842135259,0.7882984118989441,0.5768584882006278,0.0,3.3763996437191963,38.50129306316376,0.5790605008602142
1.1020000000000008,-0.0154782668494527,0.030478297868638544,-0.015461643649126859,0.0198164296318087,0.0,0.0198164296318087,0.38127192283126576,0.39048120333066744,0.7889062620522451,0.576858459040721,0.0,3.429311729967594,38.660385608673096,0.5802301287651062
1.1120000000000008,-0.015166762917025999,0.031654557362480705,-0.015292003653899228,0.018764272001412886,0.0,0.018764272001412886,0.3812978321286737,0.3908331972951479,0.7879918502152432,0.5768584310386667,0.0,3.429311729967594,38.660385608673096,0.5802301287651062
1.1220000000000008,-0.014843055623644139,0.0328147576539557,-0.015108764969279143,0.018291126276213664,0.0,0.018291126276213664,0.3813229761857993,0.3911782074745472,0.787938169412296,0.5768584039790385,0.0,3.429311729967594,38.660385608673096,0.5802301287651062
1.1320000000000008,-0.014510431494910514,0.033308817671783675,-0.014919552769511658,0.018040827343243183,0.0,0.018040827343243183,0.3813473213199924,0.3915163724316218,0.7882453611475494,0.5768583775827927,0.0,3.429311729967594,38.660385608673096,0.5802301287651062
1.1420000000000008,-0.01417864093993397,0.03333476157982242,-0.014725944631016811,0.017084693221253094,0.0,0.017084693221253094,0.3813708353226981,0.3918478279799551,0.7876087746312169,0.5768583517863317,0.0,3.429311729967594,38.660385608673096,0.5802301287651062
1.1520000000000008,-0.013841014521380817,0.033763904104543475,-0.014510988813625116,0.01692104855074529,0.0,0.01692104855074529,0.38139348871045564,0.3921727072385018,0.7881233318308837,0.576858327295021,0.0,3.4595396667718887,38.83961617946625,0.5804866015911102
1.1620000000000008,-0.013505352991792913,0.03341878226605487,-0.014291601680762513,0.016091929158924465,0.0,0.016091929158924465,0.3814152540385719,0.3924911406850517,0.787742523499547,0.5768583034100527,0.0,3.4595396667718887,38.83961617946625,0.5804866015911102
1.1720000000000008,-0.013179603229969498,0.03199433028545375,-0.014075796713811433,0.01582201478537905,0.0,0.01582201478537905,0.38143610685577267,0.39280325620863193,0.7881736468869338,0.5768582798763485,0.0,3.4595396667718887,38.83961617946625,0.5804866015911102
1.1820000000000008,-0.014578333541099095,-0.3819483425056538,-0.01989052172435157,0.2973544921727511,0.0,0.2973544921727511,0.38145603900501557,0.3931091791608696,1.1829456661824151,0.5768580100709131,0.0,3.4595396667718887,38.83961617946625,0.5804866015911102
1.1920000000000008,-0.021250087879867655,-0.8233020750182091,-0.029324472520932746,0.29834613824217526,0.0,0.29834613824217526,0.3814754460964935,0.3934090324063354,1.1834481876187062,0.5768575745107469,0.0,3.4595396667718887,38.83961617946625,0.5804866015911102
1.2020000000000008,-0.031076264230659227,-1.077231731903647,-0.038658124434644885,0.30046049667646485,0.0,0.30046049667646485,0.3814956108889242,0.39370293637188863,1.1837475165787998,0.5768571368096573,0.0,2.7601922124624254,44.932536482810974,0.6714469611644744
1.2120000000000009,-0.04292562017130943,-1.2399086559742745,-0.04885621456891525,0.30334244880798983,0.0,0.30334244880798983,0.38151836382347365,0.39399100909504264,1.18345116866998,0.5768566951409605,0.0,2.7601922124624254,44.932536482810974,0.6714469611644744
1.2220000000000009,-0.05576926713935598,-1.3040665687510407,-0.05841525689785019,0.30754608582964066,0.0,0.30754608582964066,0.3815457997140414,0.39427336627137116,1.1834235272934412,0.5768562480006332,0.0,2.7601922124624254,44.932536482810974,0.6714469611644744
1.2320000000000009,-0.0688773271461636,-1.3095925537395126,-0.06743191044332227,0.3130456736668267,0.0,0.3130456736668267,0.38158006685401497,0.39455012130097383,1.1836807989399467,0.5768557938468349,0.0,2.7601922124624254,44.932536482810974,0.6714469611644744
1.2420000000000009,-0.08182346145714561,-1.2809951608248578,-0.07601389623820504,0.3195589972039259,0.0,0.3195589972039259,0.38162321815132205,0.39482138533402,1.183920865241856,0.5768553305019289,0.0,2.7601922124624254,44.932536482810974,0.6714469611644744
1.252000000000001,-0.09436364783614402,-1.2412855131542766,-0.0845214397926263,0.3265105343427334,0.0,0.3265105343427334,0.38167713052399554,0.39508726731538846,1.1834683533459103,0.576854857519472,0.0,2.3740949869155883,43.48943650722504,0.6109649568796158
1.262000000000001,-0.10664997071359078,-1.2156315810749183,-0.09387171061944641,0.33460530165315683,0.0,0.33460530165315683,0.38174347379676243,0.3953478740284222,1.183570113836182,0.576854373333825,0.0,2.3740949869155883,43.48943650722504,0.6109649568796158
1.272000000000001,-0.1185080113613597,-1.1630676235138964,-0.10283511270400951,0.3431157109927357,0.0,0.3431157109927357,0.3818237361856912,0.39560331013781436,1.18344430055139,0.5768538765123864,0.0,2.3740949869155883,43.48943650722504,0.6109649568796158
1.282000000000001,-0.12973351100237335,-1.0939270103194272,-0.1114499791203554,0.3521995188849149,0.0,0.3521995188849149,0.3819192102245922,0.39585367823164375,1.1835018365692047,0.5768533669382625,0.0,2.3740949869155883,43.48943650722504,0.6109649568796158
1.292000000000001,-0.14020469442317587,-1.0150280720912046,-0.11975659979892656,0.36113311531965075,0.0,0.36113311531965075,0.3820309653759071,0.39609907886257617,1.1829384684920192,0.5768528443349129,0.0,2.3740949869155883,43.48943650722504,0.6109649568796158
1.302000000000001,-0.14985520628775983,-0.9299805438085698,-0.12775668983901792,0.3704506820473431,0.0,0.3704506820473431,0.3821598380698467,0.39633961058824835,1.1827227287939528,0.5768523079340612,0.0,2.4222035646438598,43.884323835372925,0.47215874046087264
1.312000000000001,-0.1585959551310345,-0.8374026554937037,-0.135309420241468,0.3799072037129802,0.0,0.3799072037129802,0.3823064320410996,0.3965753700108505,1.1827225764898044,0.5768517583078311,0.0,2.4222035646438598,43.884323835372925,0.47215874046087264
1.322000000000001,-0.16643703537121807,-0.7489588412975298,-0.14268131908144996,0.389280933839638,0.0,0.389280933839638,0.38247111912657017,0.39680645181592383,1.1828468707709072,0.5768511946069715,0.0,2.4222035646438598,43.884323835372925,0.47215874046087264
1.332000000000001,-0.17341057368103024,-0.6632775405759915,-0.14986254199338322,0.39822841338685944,0.0,0.39822841338685944,0.38265405436345823,0.39703294881038764,1.182840131637464,0.5768506175837288,0.0,2.4222035646438598,43.884323835372925,0.47215874046087264
1.342000000000001,-0.17954352155145006,-0.580427658206633,-0.15684764137006751,0.40669146133422185,0.0,0.40669146133422185,0.38285519662608214,0.39725495195981286,1.182837842545061,0.5768500278893106,0.0,2.4222035646438598,43.884323835372925,0.47215874046087264
1.352000000000001,-0.1848525977389208,-0.4952291065659665,-0.16348470771341433,0.4138767017341958,0.0,0.4138767017341958,0.38307432722573165,0.39747255042495544,1.181932761992696,0.5768494269358384,0.0,2.4784398317337035,45.26364803314209,0.3673698976635933
1.362000000000001,-0.1892405351382331,-0.4032004833740086,-0.16943883376832528,0.42124605933014403,0.0,0.42124605933014403,0.38331106256456327,0.3976858315975648,1.1823215159611427,0.5768488152574142,0.0,2.4784398317337035,45.26364803314209,0.3673698976635933
1.372000000000001,-0.19278368117436828,-0.32303881166068515,-0.17519707093662296,0.4275538056519997,0.0,0.4275538056519997,0.38356485341938745,0.3978948811354824,1.182403079442032,0.5768481936940419,0.0,2.4784398317337035,45.26364803314209,0.3673698976635933
1.382000000000001,-0.19557303457283132,-0.25057370998044554,-0.18070873781674163,0.43261553140765585,0.0,0.43261553140765585,0.38383500715359264,0.3980997829970434,1.1820649972604844,0.5768475642891715,0.0,2.4784398317337035,45.26364803314209,0.3673698976635933
1.392000000000001,-0.19769001018317997,-0.18698027457440553,-0.1859849665189518,0.4376149958089518,0.0,0.4376149958089518,0.3841207159621647,0.39830061947479595,1.183083376304838,0.5768469273723141,0.0,2.4784398317337035,45.26364803314209,0.3673698976635933
1.402000000000001,-0.1992034456056134,-0.12345231655446322,-0.190791615323344,0.4409449279143147,0.0,0.4409449279143147,0.3844210814548146,0.3984974712285514,1.1832942573983691,0.5768462844887325,0.0,2.283536505699158,48.703638315200806,0.4801352769136429
1.412000000000001,-0.19996340034335616,-0.04708682455900137,-0.19449870151253898,0.44314427052882327,0.0,0.44314427052882327,0.38473512993912984,0.39869041731777904,1.1834457335750677,0.5768456377833219,0.0,2.283536505699158,48.703638315200806,0.4801352769136429
1.422000000000001,-0.20007256528802092,0.011174248611229773,-0.1979154227210223,0.4444136789625875,0.0,0.4444136789625875,0.38506180007289564,0.3988795352333576,1.1838086773427798,0.5768449886033493,0.0,2.283536505699158,48.703638315200806,0.4801352769136429
1.432000000000001,-0.1996804723368386,0.056422354905206765,-0.20101437214694942,0.4444314639646986,0.0,0.4444314639646986,0.38539996369908774,0.39906490092869756,1.1839352773363045,0.5768443385343169,0.0,2.283536505699158,48.703638315200806,0.4801352769136429
1.442000000000001,-0.19889628707901738,0.09170232550606561,-0.2037679074246021,0.4436450562905719,0.0,0.4436450562905719,0.38574846007186586,0.39924658885024494,1.184424496891445,0.5768436892576383,0.0,2.283536505699158,48.703638315200806,0.4801352769136429
1.452000000000001,-0.1978067183849787,0.12014169059867312,-0.2061230820848977,0.44145929288540364,0.0,0.44145929288540364,0.3861061207637083,0.39942467196738096,1.184386538756894,0.576843042573873,0.0,1.873454773426056,49.802836179733276,0.6258016616106032
1.462000000000001,-0.1964537285622006,0.14461941398496708,-0.20796253366327436,0.43825103284960654,0.0,0.43825103284960654,0.3864717874180528,0.3995992218017276,1.1842576116998804,0.576842399693532,0.0,1.873454773426056,49.802836179733276,0.6258016616106032
1.472000000000001,-0.19488586352860174,0.164100894159896,-0.2093130383079875,0.43384135860062656,0.0,0.43384135860062656,0.38684432144943715,0.39977030845587214,1.183668364764231,0.5768417627380593,0.0,1.873454773426056,49.802836179733276,0.6258016616106032
1.482000000000001,-0.19316171105812838,0.17721980475321214,-0.21020107961126078,0.42898377078568156,0.0,0.42898377078568156,0.3872226131416884,0.3999380006415218,1.18353838749287,0.5768411325226735,0.0,1.873454773426056,49.802836179733276,0.6258016616106032
1.492000000000001,-0.19134692380014606,0.1836622964545469,-0.21065080004783518,0.42342732327404586,0.0,0.42342732327404586,0.3876055920793342,0.4001023657070996,1.183362543679278,0.5768405098393896,0.0,1.873454773426056,49.802836179733276,0.6258016616106032
1.5020000000000011,-0.18949693605326237,0.18526598516042328,-0.21064991308611283,0.41732589576987045,0.0,0.41732589576987045,0.38799223796922244,0.400263469664793,1.1831878804400628,0.5768398960500233,0.0,1.6983813405036927,49.847931265830994,0.6840694129467011
1.5120000000000011,-0.18765978532450336,0.18188800759798024,-0.2102074804622581,0.4112829107070853,0.0,0.4112829107070853,0.3883815891254306,0.40042137721706517,1.18367656155003,0.5768392911989211,0.0,1.6983813405036927,49.847931265830994,0.6840694129467011
1.5220000000000011,-0.1858907298150464,0.17300785398695123,-0.20938154522487668,0.404715272673828,0.0,0.404715272673828,0.38877274903338954,0.40057615178264144,1.1838204554982474,0.5768386957070135,0.0,1.6983813405036927,49.847931265830994,0.6840694129467011
1.5320000000000011,-0.1842373666214551,0.15976780820180117,-0.20819995380238895,0.3978265851320452,0.0,0.3978265851320452,0.3891648931679641,0.400727855521979,1.183711522194129,0.5768381101099636,0.0,1.6983813405036927,49.847931265830994,0.6840694129467011
1.5420000000000011,-0.18274134674910086,0.14211633929924156,-0.20671533605107975,0.39120600820306994,0.0,0.39120600820306994,0.38955727421988,0.4008765493622316,1.183983123201485,0.57683753435177,0.0,1.6983813405036927,49.847931265830994,0.6840694129467011
1.5520000000000012,-0.18144647334029157,0.12238473118718059,-0.20492973717800142,0.38463622201023334,0.0,0.38463622201023334,0.38994922605157156,0.4010222930217197,1.184143948891628,0.576836967923289,0.0,1.4201168775558473,49.7891891002655,0.6548570036888122
1.5620000000000012,-0.1803057799363414,0.10783046594996519,-0.2026509338875211,0.37776695108869524,0.0,0.37776695108869524,0.3903401651912303,0.4011651450339141,1.183505753892223,0.5768364116936422,0.0,1.4201168775558473,49.7891891002655,0.6548570036888122
1.5720000000000012,-0.1793443795213674,0.08763044646284673,-0.20021680455466462,0.37160077789882073,0.0,0.37160077789882073,0.3907295803557701,0.40130516277094397,1.1832963312861349,0.576835864885045,0.0,1.4201168775558473,49.7891891002655,0.6548570036888122
1.5820000000000012,-0.17859597406033584,0.06589753561586491,-0.19764200254942846,0.36517169930448723,0.0,0.36517169930448723,0.3911170310721159,0.4014424024666389,1.1820178970085145,0.5768353276713081,0.0,1.4201168775558473,49.7891891002655,0.6548570036888122
1.5920000000000012,-0.1780882003027536,0.040221965369486176,-0.19505473828990497,0.36024373049188485,0.0,0.36024373049188485,0.3915021499730155,0.40157691923911343,1.1820144275079796,0.576834798200905,0.0,1.4201168775558473,49.7891891002655,0.6548570036888122
1.6020000000000012,-0.1778554981128379,0.011383306393579354,-0.19254455032612533,0.35576226853984344,0.0,0.35576226853984344,0.39188464374299986,0.40170876711290326,1.1817044806895696,0.5768342753939186,0.0,1.4486065149307252,49.653176069259644,0.6580517947673797
1.6120000000000012,-0.17792917719535484,-0.01960494923280054,-0.19021042371066102,0.35210702478409156,0.0,0.35210702478409156,0.39226429505191596,0.401725275157642,1.181478675306342,0.5768337585845121,0.0,1.4486065149307252,49.653176069259644,0.6580517947673797
1.6220000000000012,-0.17830580860987066,-0.04973720216029632,-0.18802494658306537,0.34994896813670495,0.0,0.34994896813670495,0.39264096290380807,0.4017755192922712,1.1822455620518444,0.5768332458843274,0.0,1.4486065149307252,49.653176069259644,0.6580517947673797
1.6320000000000012,-0.17897904685801666,-0.07868285201480013,-0.18604138976636617,0.3481574193622186,0.0,0.3481574193622186,0.39301457786024924,0.40186922226815036,1.182483412875143,0.5768327358742051,0.0,1.4486065149307252,49.653176069259644,0.6580517947673797
1.6420000000000012,-0.17993190036773632,-0.10594636653948908,-0.18429955311554863,0.34764054096075453,0.0,0.34764054096075453,0.39338513565350314,0.401995270663144,1.1834380508908817,0.5768322272572468,0.0,1.4486065149307252,49.653176069259644,0.6580517947673797
1.6520000000000012,-0.1811450891745791,-0.13076831248310197,-0.18282967019943341,0.34762689576970734,0.0,0.34762689576970734,0.3937526897311726,0.40211881817747125,1.1839841358155814,0.5768317187488002,0.0,1.2593475103378298,49.375810623168945,0.6396841764450073
1.6620000000000013,-0.18257147327071402,-0.14997227952677233,-0.18159796024346325,0.34780339772523755,0.0,0.34780339772523755,0.3941173430167457,0.40223991443020185,1.1837118676215712,0.5768312104602908,0.0,1.2593475103378298,49.375810623168945,0.6396841764450073
1.6720000000000013,-0.18417302843727065,-0.16661181915575332,-0.180685543576321,0.34925769753390323,0.0,0.34925769753390323,0.3944792360572564,0.40235860805593154,1.1841972941944612,0.5768307006718912,0.0,1.2593475103378298,49.375810623168945,0.6396841764450073
1.6820000000000013,-0.1859086437415047,-0.17760748578520696,-0.180048122794776,0.35049938137693054,0.0,0.35049938137693054,0.3948385366849148,0.40245261672635824,1.1834277269470206,0.5768301891400897,0.0,1.2593475103378298,49.375810623168945,0.6396841764450073
1.6920000000000013,-0.18771289034072053,-0.18157376129457967,-0.17964422604255928,0.3518509479452306,0.0,0.3518509479452306,0.395195429703291,0.40233489127722094,1.1817894797633006,0.5768296757290657,0.0,1.2593475103378298,49.375810623168945,0.6396841764450073
1.7020000000000013,-0.18955595694556804,-0.18900223706458277,-0.17970544351922668,0.3557230593815638,0.0,0.3557230593815638,0.3955501035809591,0.40192964480621773,1.1825581520509123,0.5768291579032065,0.0,1.2021073818206789,48.63704800605774,0.5665219753980637
1.7120000000000013,-0.19154741831586172,-0.20360612745146373,-0.18051262112664979,0.35915872262576437,0.0,0.35915872262576437,0.39590274708888523,0.40148144454039764,1.1820774319293679,0.5768286345410426,0.0,1.2021073818206789,48.63704800605774,0.5665219753980637
1.7220000000000013,-0.19360577856198105,-0.2055045511708501,-0.1815093641844672,0.36273436440742896,0.0,0.36273436440742896,0.3962535629161171,0.4013944584996233,1.1816050738210941,0.5768281059934075,0.0,1.2021073818206789,48.63704800605774,0.5665219753980637
1.7320000000000013,-0.19562288475118758,-0.19785309236715906,-0.18266040139724443,0.3662849640793526,0.0,0.3662849640793526,0.3966027550582825,0.4015299265110262,1.1810579615089936,0.5768275722631228,0.0,1.2021073818206789,48.63704800605774,0.5665219753980637
1.7420000000000013,-0.19752228767612157,-0.1840123817076428,-0.18395835488333967,0.37037655773182176,0.0,0.37037655773182176,0.3969505078430562,0.40166270675055654,1.1810755976695961,0.5768270330348343,0.0,1.2021073818206789,48.63704800605774,0.5665219753980637
1.7520000000000013,-0.19925648188982742,-0.16724942327837367,-0.18543615168038322,0.37370071970402874,0.0,0.37370071970402874,0.39729697224220273,0.4017928525453251,1.179942632919725,0.5768264885543095,0.0,1.3238486528396607,47.886483669281006,0.531365379691124
1.7620000000000013,-0.2008508142126798,-0.15318393980133732,-0.1872678195908343,0.37770710499794535,0.0,0.37770710499794535,0.39764225978419604,0.40192041616439855,1.1798425946231466,0.5768259388611895,0.0,1.3238486528396607,47.886483669281006,0.531365379691124
1.7720000000000014,-0.20226323383401262,-0.13277997556427776,-0.18913428169808993,0.3815057352808152,0.0,0.3815057352808152,0.39798644680540024,0.4020454488397921,1.179666199989165,0.5768253834599061,0.0,1.3238486528396607,47.886483669281006,0.531365379691124
1.7820000000000014,-0.20344721830077728,-0.10851322197396673,-0.1910106766828292,0.3851240187035973,0.0,0.3851240187035973,0.3983295705780182,0.4021680007870448,1.179564400595988,0.5768248226587689,0.0,1.3238486528396607,47.886483669281006,0.531365379691124
1.7920000000000014,-0.2043670636277901,-0.08079130621353173,-0.19284076627772195,0.38788379567748255,0.0,0.38788379567748255,0.3986716227161968,0.40228812122538754,1.1786917784552495,0.5768242573613124,0.0,1.3238486528396607,47.886483669281006,0.531365379691124
1.8020000000000014,-0.2050078378422129,-0.0509132763133551,-0.19457269659964901,0.3912508716175111,0.0,0.3912508716175111,0.3990125455954385,0.40240585839751003,1.1791941033031597,0.5768236871013066,0.0,1.329553556442261,48.48165154457092,0.5903596371412276
1.8120000000000014,-0.20529222082209406,-0.014694722888868549,-0.19595092804098804,0.39416584743865773,0.0,0.39416584743865773,0.3993522307803339,0.4025212595889364,1.1796423333440336,0.5768231124616372,0.0,1.329553556442261,48.48165154457092,0.5903596371412276
1.8220000000000014,-0.20525721082150197,0.014887387330053334,-0.19731208846181575,0.39648352501114026,0.0,0.39648352501114026,0.3996905118615801,0.4026343711470158,1.1798880911726202,0.5768225341877214,0.0,1.329553556442261,48.48165154457092,0.5903596371412276
1.8320000000000014,-0.20495188108296758,0.04044999899783337,-0.19861186073512424,0.39811934592007814,0.0,0.39811934592007814,0.40002717277360433,0.4027452384995361,1.179871774712982,0.5768219530701099,0.0,1.329553556442261,48.48165154457092,0.5903596371412276
1.8420000000000014,-0.20441813271684026,0.061626343652687425,-0.19984986228527343,0.3998506535619781,0.0,0.3998506535619781,0.4003619610895037,0.40285201404616283,1.1807236041658056,0.5768213692915155,0.0,1.329553556442261,48.48165154457092,0.5903596371412276
1.8520000000000014,-0.20367645434591378,0.08545959656436125,-0.20083187335957972,0.4006440386209977,0.0,0.4006440386209977,0.40069459867899,0.40287333680554005,1.1809454429666886,0.5768207839754403,0.0,1.4947751283645632,49.32925820350647,0.6824462115764618
1.8620000000000014,-0.20260794908354648,0.11915565458979482,-0.20116834935481873,0.4006087606217276,0.0,0.4006087606217276,0.4010247847144013,0.4029320517203152,1.1807713076532298,0.5768201983429959,0.0,1.4947751283645632,49.32925820350647,0.6824462115764618
1.8720000000000014,-0.20127596720583754,0.14166377645467768,-0.20142806186659187,0.3997669360169879,0.0,0.3997669360169879,0.40135218181393745,0.4030146887526978,1.180177543178249,0.5768196131517912,0.0,1.4947751283645632,49.32925820350647,0.6824462115764618
1.8820000000000014,-0.19976265967384926,0.15713414271861054,-0.20157568785723656,0.39883661949775123,0.0,0.39883661949775123,0.40167642645388374,0.40299158953468833,1.1800431310932826,0.5768190292981711,0.0,1.4947751283645632,49.32925820350647,0.6824462115764618
1.8920000000000015,-0.19813174877350784,0.16639245692699625,-0.201617445890093,0.3975978832199366,0.0,0.3975978832199366,0.4019971472329352,0.40309536944623436,1.1802821540651074,0.5768184469975335,0.0,1.4947751283645632,49.32925820350647,0.6824462115764618
1.9020000000000015,-0.19641378092888367,0.17546335095558518,-0.20143254317893322,0.3951782971373089,0.0,0.3951782971373089,0.40231397787246587,0.4031970902980489,1.179494807001008,0.5768178681758352,0.0,1.7090335369110108,49.655396938323975,0.7043805837631225
1.9120000000000015,-0.1946126874115777,0.18282860644352117,-0.20099539198868555,0.3923645197052685,0.0,0.3923645197052685,0.40262656321346185,0.40329679294319215,1.1787199375830695,0.5768172924542495,0.0,1.7090335369110108,49.655396938323975,0.7043805837631225
1.9220000000000015,-0.19276469562991966,0.1856567635450735,-0.20041107386694762,0.3894614907327627,0.0,0.3894614907327627,0.4029345605885735,0.4033945174241736,1.1783190322647188,0.5768167211209743,0.0,1.7090335369110108,49.655396938323975,0.7043805837631225
1.9320000000000015,-0.19091784398375672,0.18337733746090792,-0.19970986105073257,0.3868363092627325,0.0,0.3868363092627325,0.4032376458709347,0.40349030298903377,1.1787388170525224,0.5768161539686125,0.0,1.7090335369110108,49.655396938323975,0.7043805837631225
1.9420000000000015,-0.18911300979885134,0.17821591963254785,-0.19887381705429538,0.3831142216720985,0.0,0.3831142216720985,0.40353552167513446,0.4035841881071068,1.1779784630173726,0.5768155916971697,0.0,1.7090335369110108,49.655396938323975,0.7043805837631225
1.9520000000000015,-0.18737379044407687,0.17130708714477913,-0.19788692153953177,0.3794345769591628,0.0,0.3794345769591628,0.4038279236104462,0.40367621048447083,1.1775509375121975,0.5768150346599188,0.0,1.627024233341217,49.718579053878784,0.6875882685184478
1.9620000000000015,-0.18570583337249177,0.1632329741875168,-0.19672046999982296,0.3760988000300892,0.0,0.3760988000300892,0.40411462269779286,0.4037664070790913,1.1777862578155043,0.5768144828315168,0.0,1.627024233341217,49.718579053878784,0.6875882685184478
1.9720000000000015,-0.1841505118555115,0.15007172689817674,-0.19549974896830913,0.3728768917430077,0.0,0.3728768917430077,0.40439542550432983,0.4038548141156641,1.1782698612943439,0.5768139354944418,0.0,1.627024233341217,49.718579053878784,0.6875882685184478
1.9820000000000015,-0.1827313516644299,0.13660090292819202,-0.19416913335181368,0.3688162217397467,0.0,0.3688162217397467,0.4046701788331424,0.4039414671001639,1.1775781961144238,0.5768133939135646,0.0,1.627024233341217,49.718579053878784,0.6875882685184478
1.9920000000000015,-0.18145699827274653,0.12087548780835371,-0.1927781584818382,0.3658020022873715,0.0,0.3658020022873715,0.40493877182560467,0.40402640083410407,1.1782632290540223,0.5768128574449441,0.0,1.627024233341217,49.718579053878784,0.6875882685184478
2.002000000000001,-0.18036163175439646,0.10193635828245119,-0.19138370888574302,0.36293893931834287,0.0,0.36293893931834287,0.4052011356389526,0.40410964942851396,1.1789862838775216,0.5768123250000579,0.0,1.5746931791305543,49.679595828056335,0.676620602607727
2.012,-0.17946206749182436,0.08212642804188738,-0.18997356018355172,0.36007662901127,0.0,0.36007662901127,0.4054572465145788,0.4041912463176381,1.1794538469257583,0.5768117965871571,0.0,1.5746931791305543,49.679595828056335,0.676620602607727
2.021999999999999,-0.1787540879239518,0.06345673831375295,-0.18853762052911544,0.35702023065999167,0.0,0.35702023065999167,0.405707126053072,0.4042712242723644,1.179317561211436,0.5768112727772257,0.0,1.5746931791305543,49.679595828056335,0.676620602607727
2.031999999999998,-0.17823097323354523,0.04488379323727893,-0.1871129586463211,0.3546586395944621,0.0,0.3546586395944621,0.40595083756847283,0.40434961541338527,1.1797560566791068,0.5768107529305966,0.0,1.5746931791305543,49.679595828056335,0.676620602607727
2.0419999999999967,-0.1778890417615983,0.027377306531898044,-0.18570780080689864,0.351949203731175,0.0,0.351949203731175,0.4061884820254534,0.40442645122409815,1.179253056442293,0.5768102368362226,0.0,1.5746931791305543,49.679595828056335,0.676620602607727
2.0519999999999956,-0.1777160506477513,0.010769068894309845,-0.18433955509705668,0.35022248585523347,0.0,0.35022248585523347,0.4064201943793659,0.40450176256325,1.179625582978961,0.5768097238308869,0.0,1.4277160167694092,49.58457410335541,0.6674053549766541
2.0619999999999945,-0.17769009238259098,-0.003038269299613554,-0.18297578766867081,0.3485051909675197,0.0,0.3485051909675197,0.40664613887344975,0.4045755796773301,1.1794716857150116,0.5768092136838366,0.0,1.4277160167694092,49.58457410335541,0.6674053549766541
2.0719999999999934,-0.17780590896141385,-0.016806853134751283,-0.18171400066609722,0.3466764683503748,0.0,0.3466764683503748,0.40686650322158135,0.40464793221271833,1.1785978725063109,0.5768087056575156,0.0,1.4277160167694092,49.58457410335541,0.6674053549766541
2.0819999999999923,-0.1780485768372658,-0.029587286114593145,-0.18055752586618373,0.3461740759237085,0.0,0.3461740759237085,0.40708149493729706,0.40471884922759127,1.1790082129929575,0.5768081994408651,0.0,1.4277160167694092,49.58457410335541,0.6674053549766541
2.091999999999991,-0.17843310024248468,-0.044110941598348316,-0.17959843860202798,0.3463012086789509,0.0,0.3463012086789509,0.4072913381247936,0.40478835920359296,1.1797299538564836,0.5768076930438376,0.0,1.4277160167694092,49.58457410335541,0.6674053549766541
2.10199999999999,-0.1789584723606532,-0.05835617254547863,-0.17883665932378148,0.34659245304100844,0.0,0.34659245304100844,0.407496273852839,0.40485649005727337,1.1801243906377257,0.5768071863412466,0.0,1.3004016876220703,49.302759766578674,0.6558320343494415
2.111999999999989,-0.17963456462292074,-0.07305694061814516,-0.17834363770112568,0.3472781747322356,0.0,0.3472781747322356,0.4076965594184378,0.40492326915130006,1.180544739722087,0.5768066788182389,0.0,1.3004016876220703,49.302759766578674,0.6558320343494415
2.121999999999988,-0.18042515935403322,-0.0826948924609913,-0.17798184557222457,0.3479699534129431,0.0,0.3479699534129431,0.4078924675229421,0.4049887233054481,1.1804841636190182,0.5768061705754375,0.0,1.3004016876220703,49.302759766578674,0.6558320343494415
2.131999999999987,-0.18129229389887141,-0.08840446956601805,-0.17775806996413282,0.34868364945265534,0.0,0.34868364945265534,0.4080842791946921,0.40505287880737095,1.1800057074869823,0.5768056610929805,0.0,1.3004016876220703,49.302759766578674,0.6558320343494415
2.1419999999999857,-0.18218182298707436,-0.08878635539677991,-0.17761687917269,0.3493621330128148,0.0,0.3493621330128148,0.40827227484933754,0.40482399473278613,1.1788473675477649,0.576805150912175,0.0,1.3004016876220703,49.302759766578674,0.6558320343494415
2.1519999999999846,-0.18307502135964374,-0.09070049665393562,-0.17769441077542064,0.35127824087638204,0.0,0.35127824087638204,0.40845672456975124,0.4046177316833183,1.179052877181655,0.5768046383595629,0.0,1.2143052577972413,48.984655141830444,0.6282335013151168
2.1619999999999835,-0.18401713604638584,-0.09561829116777674,-0.1781078219860057,0.3530163761066455,0.0,0.3530163761066455,0.4086378856902486,0.4041734855447658,1.1785576657321055,0.5768041230132018,0.0,1.2143052577972413,48.984655141830444,0.6282335013151168
2.1719999999999824,-0.1849737950530253,-0.09573646848408954,-0.17863130354840023,0.35563757446003263,0.0,0.35563757446003263,0.40881600908384225,0.4038891892443116,1.1791274648401484,0.5768036048148707,0.0,1.2143052577972413,48.984655141830444,0.6282335013151168
2.1819999999999813,-0.18591809445255902,-0.09333507934637968,-0.17928195241699416,0.3578750903548411,0.0,0.3578750903548411,0.40899133499908974,0.40374988267859807,1.1792402322994093,0.5768030831508002,0.0,1.2143052577972413,48.984655141830444,0.6282335013151168
2.19199999999998,-0.1868242722750196,-0.0891200885077333,-0.18004577194964644,0.36049681586480575,0.0,0.36049681586480575,0.4091640876134969,0.4034921406049521,1.1797404041208417,0.5768025578989343,0.0,1.2143052577972413,48.984655141830444,0.6282335013151168
2.201999999999979,-0.18768561867237438,-0.08355140662806528,-0.1809244120373421,0.36216541602601543,0.0,0.36216541602601543,0.40933447158268227,0.40349260932786557,1.1791312370338956,0.5768020289954927,0.0,1.184895706176758,48.86069416999817,0.6157311916351318
2.211999999999978,-0.18847717832864008,-0.0761317279183299,-0.1818940518934019,0.36468368881382107,0.0,0.36468368881382107,0.40950267081941033,0.4033063583306642,1.1796489043839928,0.5768014975021072,0.0,1.184895706176758,48.86069416999817,0.6157311916351318
2.221999999999977,-0.1891739441500931,-0.0647402573141062,-0.18285295317273037,0.36605092061507166,0.0,0.36605092061507166,0.4096688455263019,0.403273293253249,1.1787609784549107,0.5768009633692338,0.0,1.184895706176758,48.86069416999817,0.6157311916351318
2.231999999999976,-0.18973792572241063,-0.050967130051995935,-0.18378102038700486,0.36776561179809264,0.0,0.36776561179809264,0.4098331282543326,0.40320980938167333,1.1785742649286766,0.5768004269763496,0.0,1.184895706176758,48.86069416999817,0.6157311916351318
2.2419999999999747,-0.1901664526288705,-0.037031795814998186,-0.18470033046261036,0.3691431401484714,0.0,0.3691431401484714,0.4099956193881065,0.40312754348874147,1.1781017986265128,0.5767998880405126,0.0,1.184895706176758,48.86069416999817,0.6157311916351318
2.2519999999999736,-0.19044298960660858,-0.021071426349754438,-0.1855362246804719,0.37046010293734805,0.0,0.37046010293734805,0.41015638753167355,0.40313423242603447,1.1778883453071545,0.5767993473755523,0.0,1.245521926879883,48.96997272968292,0.6385528296232224
2.2619999999999725,-0.190565144088192,-0.006947465795185612,-0.18631894757538953,0.3723315067054516,0.0,0.3723315067054516,0.4103154689570936,0.40292065350010353,1.178605716845231,0.57679880375818,0.0,1.245521926879883,48.96997272968292,0.6385528296232224
2.2719999999999714,-0.19056730845599654,0.003885617307794421,-0.18711434890283618,0.37402152406146694,0.0,0.37402152406146694,0.4104728699372893,0.4027719856677571,1.1794080188400446,0.5767982576929203,0.0,1.245521926879883,48.96997272968292,0.6385528296232224
2.2819999999999703,-0.19046352451208876,0.014937552389215122,-0.18784865055922628,0.3745861663268549,0.0,0.3745861663268549,0.4106285743103328,0.4026072740307744,1.179036552179898,0.5767977102833803,0.0,1.245521926879883,48.96997272968292,0.6385528296232224
2.291999999999969,-0.1902527569884327,0.025136995060072574,-0.18851794298302793,0.3754540837322732,0.0,0.3754540837322732,0.4107825477291764,0.402264738464089,1.1792459589828896,0.5767971617978453,0.0,1.245521926879883,48.96997272968292,0.6385528296232224
2.301999999999968,-0.18994518334620494,0.03533465248737873,-0.18907801852654094,0.37640669838300056,0.0,0.37640669838300056,0.41093473927881224,0.40168030067426486,1.179724788930926,0.5767966122583444,0.0,1.3851322650909426,49.28274154663086,0.6801924049854278
2.311999999999967,-0.18950937441894303,0.04872318932635676,-0.1893791568538816,0.3761684375007354,0.0,0.3761684375007354,0.4110850834688547,0.4013689017464813,1.179087845983451,0.5767960620812523,0.0,1.3851322650909426,49.28274154663086,0.6801924049854278
2.321999999999966,-0.18896856034652867,0.05717856289247001,-0.1896380928518853,0.3763200149927914,0.0,0.3763200149927914,0.41123349727731745,0.400978496249543,1.1792815055579806,0.5767955117791791,0.0,1.3851322650909426,49.28274154663086,0.6801924049854278
2.3319999999999648,-0.1883595823560813,0.06306657200124051,-0.18982866678994534,0.37582482785726784,0.0,0.37582482785726784,0.41137988480239934,0.4009015840009504,1.1791735197825362,0.576794961912945,0.0,1.3851322650909426,49.28274154663086,0.6801924049854278
2.3419999999999637,-0.18770699717861777,0.06647828307202375,-0.1899548303656537,0.37549143773200777,0.0,0.37549143773200777,0.41152414514853847,0.4009555024171224,1.179797122150196,0.5767944126145546,0.0,1.3851322650909426,49.28274154663086,0.6801924049854278
2.3519999999999626,-0.18702448312674586,0.07023363579899576,-0.18995559513465327,0.37419456372642534,0.0,0.37419456372642534,0.41166617769698466,0.4008158282658877,1.1791952596725812,0.5767938646258509,0.0,1.471832513809204,49.50382351875305,0.6868002414703369
2.3619999999999615,-0.18628632641367598,0.07613404232776332,-0.1897417301048405,0.3727063063522543,0.0,0.3727063063522543,0.41180588409221114,0.4008080280455827,1.1785749284481224,0.5767933186095318,0.0,1.471832513809204,49.50382351875305,0.6868002414703369
2.3719999999999604,-0.18549396741668994,0.0812148168615552,-0.1893968247972843,0.37056927030778075,0.0,0.37056927030778075,0.4119431646818369,0.400948246304758,1.1774880634578326,0.5767927756205318,0.0,1.471832513809204,49.50382351875305,0.6868002414703369
2.3819999999999593,-0.1846595251973554,0.08475724301546234,-0.18893875102400257,0.36849183156063037,0.0,0.36849183156063037,0.4120779183771023,0.40109256745111205,1.1766639480968326,0.5767922357139962,0.0,1.471832513809204,49.50382351875305,0.6868002414703369
2.391999999999958,-0.18380681518161332,0.08551747882388051,-0.18840636104874728,0.3665455550025538,0.0,0.3665455550025538,0.41221004535280076,0.4012340251737415,1.1761603048147025,0.5767916985016457,0.0,1.471832513809204,49.50382351875305,0.6868002414703369
2.401999999999957,-0.1829623271425173,0.08332969770123796,-0.18782264923656605,0.3652452975063641,0.0,0.3652452975063641,0.4123394514632196,0.401372676284802,1.1766603131344766,0.5767911637347259,0.0,1.5165383100509644,49.55657720565796,0.6869329631328582
2.411999999999956,-0.18215888014374465,0.07827438987402491,-0.1872114799854017,0.36371554151903285,0.0,0.36371554151903285,0.4124660533299854,0.40150857646925975,1.1768976940790885,0.5767906309526594,0.0,1.5165383100509644,49.55657720565796,0.6869329631328582
2.421999999999955,-0.1814116191986058,0.07245668898193577,-0.1865551515516179,0.36169995698189583,0.0,0.36169995698189583,0.41258978350628256,0.40164178030725545,1.1764724514482028,0.5767901007921765,0.0,1.5165383100509644,49.55657720565796,0.6869329631328582
2.4319999999999538,-0.18073089013311228,0.06482916261154009,-0.18588384039698033,0.3606746338243153,0.0,0.3606746338243153,0.4127105926873175,0.4017723412960253,1.1774110324664016,0.5767895728341035,0.0,1.5165383100509644,49.55657720565796,0.6869329631328582
2.4419999999999527,-0.18013432180453123,0.056767423421719226,-0.18519412303800242,0.3585459082332697,0.0,0.3585459082332697,0.4128284508992997,0.40190031187138586,1.176742696845452,0.5767890471440184,0.0,1.5165383100509644,49.55657720565796,0.6869329631328582
2.4519999999999516,-0.17959701646918666,0.051792798235170176,-0.184410540204624,0.35633287100246075,0.0,0.35633287100246075,0.41294334845642766,0.4020257434287938,1.17585712797792,0.5767885251682409,0.0,1.4670453548431397,49.544612765312195,0.6804478764533997
2.4619999999999505,-0.1791298288102676,0.04279732660355932,-0.18367147296710762,0.3559027757938371,0.0,0.3559027757938371,0.41305529133228436,0.402148686343987,1.1773340163849475,0.576788004422893,0.0,1.4670453548431397,49.544612765312195,0.6804478764533997
2.4719999999999493,-0.17876396890699142,0.03258850470007042,-0.1829705810995308,0.354710870365461,0.0,0.354710870365461,0.4131643019556854,0.4022691899932165,1.1775785042690745,0.5767874851024682,0.0,1.4670453548431397,49.544612765312195,0.6804478764533997
2.4819999999999482,-0.17848875954213317,0.024517453486503065,-0.1822519895798493,0.3528390360072231,0.0,0.3528390360072231,0.4132704230201206,0.4023873027730771,1.1766773421714913,0.5767869681282387,0.0,1.4670453548431397,49.544612765312195,0.6804478764533997
2.491999999999947,-0.17828412822246545,0.017354560014982763,-0.1815329709614511,0.3520354417654723,0.0,0.3520354417654723,0.4133737144940346,0.4025030721199442,1.17705537951508,0.5767864532696285,0.0,1.4670453548431397,49.544612765312195,0.6804478764533997
2.501999999999946,-0.17816196600574521,0.008377246087570627,-0.18088697523488007,0.3515613209459298,0.0,0.3515613209459298,0.4134742493702347,0.40261654452902507,1.1776607347697943,0.5767859392698502,0.0,1.391384243965149,49.4470751285553,0.6743987977504731
2.511999999999945,-0.178135641102815,-0.0008576634731940775,-0.18031767073848215,0.35069012499406294,0.0,0.35069012499406294,0.4135721144201561,0.40272776557303264,1.1774647038092452,0.5767854261373261,0.0,1.391384243965149,49.4470751285553,0.6743987977504731
2.521999999999944,-0.17819441077378906,-0.009355264859847766,-0.1798046513965885,0.3506273327735498,0.0,0.3506273327735498,0.41366741120294315,0.40283677992048783,1.1781474960000349,0.5767849136867326,0.0,1.391384243965149,49.4470751285553,0.6743987977504731
2.5319999999999427,-0.17834052180841284,-0.018109446670453104,-0.17938077608952058,0.35059976269649434,0.0,0.35059976269649434,0.4137602537611235,0.40294363135365974,1.178623025086827,0.5767844011652293,0.0,1.391384243965149,49.4470751285553,0.6743987977504731
2.5419999999999416,-0.17856640862417494,-0.025539289193479912,-0.1790242503240568,0.3506577681785046,0.0,0.3506577681785046,0.4138507675669079,0.4030483627861492,1.1789627330860661,0.576783888694611,0.0,1.391384243965149,49.4470751285553,0.6743987977504731
2.5519999999999405,-0.17885562618295003,-0.031719683894052865,-0.17873928071809073,0.35094108687198966,0.0,0.35094108687198966,0.41393908721952494,0.4031510162801239,1.1793681290210554,0.5767833762931863,0.0,1.3137641429901123,49.30815637111664,0.6628259360790252
2.5619999999999394,-0.17922499681034385,-0.04023663307570245,-0.17862967796629348,0.35151198798911093,0.0,0.35151198798911093,0.4140253533374074,0.40325163306321127,1.17994204520203,0.5767828627289763,0.0,1.3137641429901123,49.30815637111664,0.6628259360790252
2.5719999999999383,-0.1796622344845682,-0.04562022500395591,-0.17857674164642465,0.35176636372698483,0.0,0.35176636372698483,0.414109713941289,0.40335025354505605,1.17985552686146,0.5767823485319122,0.0,1.3137641429901123,49.30815637111664,0.6628259360790252
2.5819999999999372,-0.18013783014604234,-0.048340056427928754,-0.17857111468775694,0.35225647197274595,0.0,0.35225647197274595,0.41419232193461203,0.4034469173335501,1.1798988755903228,0.5767818336994879,0.0,1.3137641429901123,49.30815637111664,0.6628259360790252
2.591999999999936,-0.18062212073886125,-0.0486776829123378,-0.17859949738719816,0.3530027797369952,0.0,0.3530027797369952,0.41427332892913515,0.40354166325073926,1.1801219678317778,0.5767813183409514,0.0,1.3137641429901123,49.30815637111664,0.6628259360790252
2.601999999999935,-0.18111039088908726,-0.049014827261133945,-0.17871393903768423,0.35343610372680323,0.0,0.35343610372680323,0.4143528800846331,0.4036073814744581,1.1797256822995732,0.5767808018314986,0.0,1.2545797109603882,49.15590703487396,0.651027935743332
2.611999999999934,-0.18160812513085417,-0.0499836397513994,-0.17895433900731747,0.35445219539993233,0.0,0.35445219539993233,0.41443111305783875,0.40367970785845114,1.180053395028378,0.5767802843045615,0.0,1.2545797109603882,49.15590703487396,0.651027935743332
2.621999999999933,-0.18210110150840103,-0.04895337983553674,-0.17923528864215457,0.3555199695039621,0.0,0.3555199695039621,0.41450815886962217,0.40364790932325756,1.1802763611403653,0.5767797654543834,0.0,1.2545797109603882,49.15590703487396,0.651027935743332
2.6319999999999317,-0.18258544153084702,-0.04802512942179006,-0.179591820556777,0.3567629275188074,0.0,0.3567629275188074,0.4145841402601017,0.4037270650299539,1.1807158661635222,0.5767792445950837,0.0,1.2545797109603882,49.15590703487396,0.651027935743332
2.6419999999999306,-0.18304854100004678,-0.04477970744200754,-0.17996709739325276,0.3574981390775052,0.0,0.3574981390775052,0.4146591708539234,0.40381625263791016,1.1804781593438602,0.5767787223981642,0.0,1.2545797109603882,49.15590703487396,0.651027935743332
2.6519999999999295,-0.18347219855234376,-0.04067491792497636,-0.18037193303276808,0.35840367186072325,0.0,0.35840367186072325,0.4147333532803989,0.4039036707067586,1.180477683948782,0.5767781988279572,0.0,1.2371320486068726,49.08771634101868,0.6484737634658813
2.6619999999999284,-0.18385526100734895,-0.036716451442691825,-0.18082860519181085,0.35957776637824834,0.0,0.35957776637824834,0.4148067767026254,0.40398935434528527,1.1808834335411822,0.5767776739227176,0.0,1.2371320486068726,49.08771634101868,0.6484737634658813
2.6719999999999273,-0.1841974378318332,-0.03241939578330251,-0.18130922688371132,0.36065239364255886,0.0,0.36065239364255886,0.4148795171285515,0.40407333796569567,1.1812087227523103,0.5767771473261759,0.0,1.2371320486068726,49.08771634101868,0.6484737634658813
2.681999999999926,-0.1845020158613255,-0.029243296538579912,-0.1818361676092642,0.36215385349570156,0.0,0.36215385349570156,0.4149516381710334,0.40403547277174545,1.1821373083419084,0.5767766186351271,0.0,1.2371320486068726,49.08771634101868,0.6484737634658813
2.691999999999925,-0.1847693195481346,-0.025281494937470395,-0.1823662551194161,0.3632275181704868,0.0,0.3632275181704868,0.4150231923985601,0.4040054384621948,1.1825019938213046,0.5767760883828053,0.0,1.2371320486068726,49.08771634101868,0.6484737634658813
2.701999999999924,-0.18499080203380286,-0.019682705346993304,-0.18286303306832316,0.36380287752356033,0.0,0.36380287752356033,0.4150942221128111,0.4040761479486978,1.1824202699891415,0.5767755568982623,0.0,1.2716572046279908,49.16568994522095,0.6585631966590881
2.711999999999923,-0.18513803678295943,-0.011699390116597444,-0.18326740321609486,0.3643274382645358,0.0,0.3643274382645358,0.415164757883164,0.4041584095285796,1.1824218197551613,0.5767750246533374,0.0,1.2716572046279908,49.16568994522095,0.6585631966590881
2.721999999999922,-0.18521180669568835,-0.004152400641517463,-0.18363968141815767,0.3644588463836732,0.0,0.3644588463836732,0.41523481496507975,0.4042390389861743,1.1820161530643378,0.5767744917383782,0.0,1.2716572046279908,49.16568994522095,0.6585631966590881
2.7319999999999207,-0.18520361581908296,0.0037059473569404054,-0.18395034625350262,0.36482703125064847,0.0,0.36482703125064847,0.41530439334647246,0.40431806870383064,1.1820957893706772,0.576773958762955,0.0,1.2716572046279908,49.16568994522095,0.6585631966590881
2.7419999999999196,-0.185127638383027,0.009858130008144617,-0.18424009785254364,0.36518773997944376,0.0,0.36518773997944376,0.4153734780743805,0.40439553042141074,1.182326803865473,0.5767734252278668,0.0,1.2716572046279908,49.16568994522095,0.6585631966590881
2.7519999999999185,-0.18499825481916887,0.015833588301152404,-0.18447969274527506,0.3649807113874004,0.0,0.3649807113874004,0.4154420425835893,0.4044714552490376,1.1819292621745503,0.5767728913526939,0.0,1.3437781810760498,49.27827477455139,0.6752774894237519
2.7619999999999174,-0.1847917689237628,0.022940189369870852,-0.1846013207271888,0.3653074053806073,0.0,0.3653074053806073,0.41551005122564927,0.40454587367958955,1.182440450946966,0.5767723576856608,0.0,1.3437781810760498,49.27827477455139,0.6752774894237519
2.7719999999999163,-0.18453477320414718,0.02744324975813891,-0.18471021033956747,0.36501330247759955,0.0,0.36501330247759955,0.41557745757262576,0.40461881560094676,1.1822396005040046,0.5767718238598883,0.0,1.3437781810760498,49.27827477455139,0.6752774894237519
2.781999999999915,-0.18423192491392856,0.03191830630525126,-0.18475686177860906,0.3645014951334694,0.0,0.3645014951334694,0.41564420846925354,0.4046903103079946,1.1818868925359824,0.5767712907741376,0.0,1.3437781810760498,49.27827477455139,0.6752774894237519
2.791999999999914,-0.18389387646831049,0.034839174879701264,-0.18477076454707772,0.3642187909440737,0.0,0.3642187909440737,0.4157102462875342,0.40476038651438956,1.182000862730907,0.5767707581063453,0.0,1.3437781810760498,49.27827477455139,0.6752774894237519
2.801999999999913,-0.18352845796609796,0.037717663571983646,-0.18472107173224528,0.36377415976009014,0.0,0.36377415976009014,0.41577551104897215,0.4048290723640905,1.182024193059226,0.5767702262378097,0.0,1.399240565299988,49.38596725463867,0.6828223884105682
2.811999999999912,-0.18313603698540828,0.039591413291355626,-0.18460807517393918,0.36358594227059055,0.0,0.36358594227059055,0.41583994202698166,0.40488992862523954,1.1825209387251332,0.576769694738417,0.0,1.399240565299988,49.38596725463867,0.6828223884105682
2.821999999999911,-0.18274575254133452,0.03813236321930421,-0.184511389069997,0.36350934502175625,0.0,0.36350934502175625,0.4159034787428181,0.40495604427671994,1.183280147849304,0.5767691632808882,0.0,1.399240565299988,49.38596725463867,0.6828223884105682
2.8319999999999097,-0.1823735286172916,0.036369253991193166,-0.18438716940443592,0.36295632468969496,0.0,0.36295632468969496,0.4159660658308483,0.40502084815144546,1.18345977707882,0.5767686325753475,0.0,1.399240565299988,49.38596725463867,0.6828223884105682
2.8419999999999086,-0.18202602846126356,0.03321033726918208,-0.18425711084073285,0.3628371383209497,0.0,0.3628371383209497,0.41602765594216157,0.40506928147428073,1.1843138496297776,0.576768102339725,0.0,1.399240565299988,49.38596725463867,0.6828223884105682
2.8519999999999075,-0.18171616858833273,0.029742294598165877,-0.18410835481606524,0.3621043625322029,0.0,0.3621043625322029,0.4160882108435254,0.4051283217250342,1.1843387666771719,0.5767675726432582,0.0,1.3976742744445803,49.45032238960266,0.6795518279075623
2.8619999999999064,-0.18143384153638625,0.027045412317875436,-0.18390477255904242,0.36154818012841233,0.0,0.36154818012841233,0.41614770266475065,0.4051042068448943,1.184590599055191,0.5767670437950537,0.0,1.3976742744445803,49.45032238960266,0.6795518279075623
2.8719999999999053,-0.18118493067214292,0.023331291126295298,-0.18369476591340844,0.3611125687442033,0.0,0.3611125687442033,0.41620611218219955,0.40488262937518404,1.1848211620817788,0.5767665156483762,0.0,1.3976742744445803,49.45032238960266,0.6795518279075623
2.881999999999904,-0.18098349114673187,0.0181604943708287,-0.18350016108441727,0.3607905705623432,0.0,0.3607905705623432,0.4162634291288649,0.40482459174712093,1.1853315318942472,0.5767659878342882,0.0,1.3976742744445803,49.45032238960266,0.6795518279075623
2.891999999999903,-0.1808355084583073,0.012807513611132887,-0.18330630682410926,0.36036699882732387,0.0,0.36036699882732387,0.41631965401173227,0.4044726410224513,1.1853998959591319,0.5767654605677304,0.0,1.3976742744445803,49.45032238960266,0.6795518279075623
2.901999999999902,-0.18073102248866882,0.009282001556403007,-0.18307312565642847,0.35941507324819394,0.0,0.35941507324819394,0.4163747985180289,0.40415821723165374,1.1846407862385384,0.576764934556345,0.0,1.3661139726638796,49.43532168865204,0.6745516717433929
2.911999999999901,-0.18065300128947767,0.0071310906532887595,-0.1827997161778008,0.35828463273985967,0.0,0.35828463273985967,0.4164288828857957,0.4039724170495225,1.183752248575461,0.5767644099707961,0.0,1.3661139726638796,49.43532168865204,0.6745516717433929
2.9219999999999,-0.18059699577520855,0.004663259819374802,-0.18251770147208446,0.35787378508518797,0.0,0.35787378508518797,0.41648193234252207,0.4037546003112246,1.183685624075119,0.5767638863326351,0.0,1.3661139726638796,49.43532168865204,0.6745516717433929
2.9319999999998987,-0.18056761739242744,0.0012536558915521127,-0.18224943001986266,0.3578917091810065,0.0,0.3578917091810065,0.41653397577252144,0.40339073059965974,1.1840965199419462,0.5767633632978189,0.0,1.3661139726638796,49.43532168865204,0.6745516717433929
2.9419999999998976,-0.18058090441324862,-0.00337404161299148,-0.18202090998117748,0.35786320488242096,0.0,0.35786320488242096,0.41658504654731343,0.40290820171185976,1.1840746693228965,0.5767628403546394,0.0,1.3661139726638796,49.43532168865204,0.6745516717433929
2.9519999999998965,-0.18065166711057964,-0.009702120579081113,-0.18186246719420462,0.35807391772630426,0.0,0.35807391772630426,0.41663518501105157,0.4025617332357837,1.1844265089730575,0.5767623169910475,0.0,1.3341289281845095,49.376100301742554,0.6709609270095824
2.9619999999998954,-0.1807898221555204,-0.01681901516834179,-0.1817791064482035,0.3585582306428037,0.0,0.3585582306428037,0.416684440711712,0.40221732348952743,1.1851371113029892,0.5767617932837941,0.0,1.3341289281845095,49.376100301742554,0.6709609270095824
2.9719999999998943,-0.18099586693965128,-0.022872804411071992,-0.18173474937378747,0.3585372021208782,0.0,0.3585372021208782,0.41673287374655765,0.40180047652721884,1.184914370432089,0.5767612691457779,0.0,1.3341289281845095,49.376100301742554,0.6709609270095824
2.981999999999893,-0.18124779396119173,-0.02663734037651705,-0.18169394955912682,0.35864405968782853,0.0,0.35864405968782853,0.4167805537427483,0.40121818539240955,1.184511435515783,0.5767607450773727,0.0,1.3341289281845095,49.376100301742554,0.6709609270095824
2.991999999999892,-0.18153731282379015,-0.03021704062740804,-0.181693449001296,0.35884345767978043,0.0,0.35884345767978043,0.4168275555330705,0.4008984346039134,1.1843719605464047,0.576760220447518,0.0,1.3341289281845095,49.376100301742554,0.6709609270095824
3.001999999999891,-0.18183834962706322,-0.030042471103448008,-0.18165551285902162,0.35835605752010824,0.0,0.35835605752010824,0.4168739564627137,0.40052941926853214,1.183184525064691,0.5767596965862735,0.0,1.2854737758636476,49.3131148815155,0.6621298253536224
3.01199999999989,-0.18213861534050502,-0.03009027207867684,-0.18165444266301564,0.3584143939690093,0.0,0.3584143939690093,0.4169198317997219,0.4000798376658321,1.1825352861617424,0.5767591727526172,0.0,1.2854737758636476,49.3131148815155,0.6621298253536224
3.0219999999998888,-0.1824480653872546,-0.03150091726826488,-0.18171529989911606,0.3592272202365711,0.0,0.3592272202365711,0.4169652523987023,0.39967817140138234,1.182863262986147,0.5767586479206719,0.0,1.2854737758636476,49.3131148815155,0.6621298253536224
3.0319999999998877,-0.18277238063457163,-0.0322098934855367,-0.18181014805454523,0.3593106281011532,0.0,0.3593106281011532,0.417010286595959,0.39949703576802675,1.1822554015643867,0.5767581223351206,0.0,1.2854737758636476,49.3131148815155,0.6621298253536224
3.0419999999998866,-0.18309439294154942,-0.0327602956584985,-0.1819371240762344,0.3605208347439365,0.0,0.3605208347439365,0.4170550007380856,0.39916615977118797,1.1830943700261418,0.5767575960028755,0.0,1.2854737758636476,49.3131148815155,0.6621298253536224
3.0519999999998855,-0.1834267074037576,-0.034205979736505944,-0.1821322253554238,0.3615166938897184,0.0,0.3615166938897184,0.4170994572852921,0.398772485984035,1.183466864310046,0.5767570683685059,0.0,1.2685903787612915,49.24387812614441,0.6590760171413421
3.0619999999998844,-0.18378261465879434,-0.03627641387457764,-0.18241193956120752,0.3620959920154923,0.0,0.3620959920154923,0.4171437168517349,0.39835772034232636,1.183218950922062,0.5767565394047325,0.0,1.2685903787612915,49.24387812614441,0.6590760171413421
3.0719999999998833,-0.18414696318766807,-0.03641025926446402,-0.1827034613530791,0.3627597845518855,0.0,0.3627597845518855,0.4171878400984228,0.3976244953615886,1.1827398856616285,0.5767560094462324,0.0,1.2685903787612915,49.24387812614441,0.6590760171413421
3.081999999999882,-0.1844997866034335,-0.033900103329158715,-0.1829755728145099,0.36286306722658523,0.0,0.36286306722658523,0.41723188545875567,0.396874071863426,1.1813939806968814,0.5767554789360838,0.0,1.2685903787612915,49.24387812614441,0.6590760171413421
3.091999999999881,-0.1848232309228923,-0.03141288149606188,-0.18326031580711435,0.3639231047637398,0.0,0.3639231047637398,0.41727590513774393,0.3960893283494302,1.1813435330519466,0.5767549474648237,0.0,1.2685903787612915,49.24387812614441,0.6590760171413421
3.10199999999988,-0.18514043446383616,-0.03255418500694679,-0.18364240078584534,0.36586407117047637,0.0,0.36586407117047637,0.417319942816289,0.39528274379456824,1.1825104033063194,0.5767544136386437,0.0,1.2693552494049074,49.24505114555359,0.6588231742382049
3.111999999999879,-0.18547864495645952,-0.03470418535845405,-0.18409488275601277,0.36735381355191404,0.0,0.36735381355191404,0.4173640382239471,0.39457015882812296,1.1831066237602081,0.5767538775539881,0.0,1.2693552494049074,49.24505114555359,0.6588231742382049
3.1219999999998778,-0.1858434178576293,-0.037608724381924405,-0.18461347960359067,0.3689405761051576,0.0,0.3689405761051576,0.41740823209838057,0.39412951185131645,1.1842048715513338,0.5767533391058974,0.0,1.2693552494049074,49.24505114555359,0.6588231742382049
3.1319999999998767,-0.1862230561478288,-0.03786551238197863,-0.18512073649125438,0.36959870165482905,0.0,0.36959870165482905,0.41745256721626084,0.3936285438677065,1.1839900729145454,0.5767527993296712,0.0,1.2693552494049074,49.24505114555359,0.6588231742382049
3.1419999999998756,-0.18658608589618822,-0.03492040525711706,-0.18557400888872977,0.36976053068081766,0.0,0.36976053068081766,0.4174970859040563,0.3931089900165854,1.183033094101865,0.5767522589488686,0.0,1.2693552494049074,49.24505114555359,0.6588231742382049
3.1519999999998745,-0.1869127744076366,-0.031146496837822744,-0.18599318189302036,0.3706431537760098,0.0,0.3706431537760098,0.4175418243896992,0.3927597864427235,1.183392406670309,0.5767517177013707,0.0,1.2709253787994386,49.296247363090515,0.6597367465496062
3.1619999999998734,-0.18718954314056735,-0.025763814601592605,-0.18634298370521193,0.3710450194044482,0.0,0.3710450194044482,0.41758680927413055,0.3921089169451745,1.1828851108438643,0.576751175917629,0.0,1.2709253787994386,49.296247363090515,0.6597367465496062
3.1719999999998723,-0.18743160283139473,-0.023323493335372127,-0.18672587801939095,0.3719709425462388,0.0,0.3719709425462388,0.41763205602732445,0.3914916389021265,1.1831078567771203,0.576750632593241,0.0,1.2709253787994386,49.296247363090515,0.6597367465496062
3.181999999999871,-0.18765654619874506,-0.022106178288145782,-0.1871225929070308,0.3728725596739222,0.0,0.3728725596739222,0.4176775720035455,0.3909299390612227,1.1834232606653028,0.5767500879455404,0.0,1.2709253787994386,49.296247363090515,0.6597367465496062
3.19199999999987,-0.18787079322035194,-0.02117421556526713,-0.18751743583454442,0.3737511608774483,0.0,0.3737511608774483,0.41772336036398755,0.39040411647069984,1.1838726644682367,0.5767495421848776,0.0,1.2709253787994386,49.296247363090515,0.6597367465496062
3.201999999999869,-0.18808754916468015,-0.021815853007935884,-0.18793811410693836,0.37476924470665796,0.0,0.37476924470665796,0.41776942192335675,0.38982668154046746,1.1844817760154396,0.5767489947141895,0.0,1.2904747247695925,49.354088306427,0.6649155199527741
3.211999999999868,-0.18829841286106191,-0.02063848035247884,-0.18830315301857084,0.3753239194985141,0.0,0.3753239194985141,0.41781575721343056,0.38915019969138037,1.1844327123977514,0.5767484463525862,0.0,1.2904747247695925,49.354088306427,0.6649155199527741
3.2219999999998667,-0.18851235053516116,-0.022108089037262222,-0.18870915517784687,0.3767204662063842,0.0,0.3767204662063842,0.4178623657731021,0.3884377659905403,1.185604149370342,0.5767478962818975,0.0,1.2904747247695925,49.354088306427,0.6649155199527741
3.2319999999998656,-0.1887448944591694,-0.02365942518171415,-0.1891196605382315,0.3772540407876058,0.0,0.3772540407876058,0.41790924763242177,0.38724018064290006,1.185176276969858,0.5767473449465547,0.0,1.2904747247695925,49.354088306427,0.6649155199527741
3.2419999999998645,-0.18898677040320053,-0.024835986924689288,-0.1895146464149087,0.3782660572000247,0.0,0.3782660572000247,0.4179564056622863,0.38607926502319395,1.1854568851853944,0.5767467926984625,0.0,1.2904747247695925,49.354088306427,0.6649155199527741
3.2519999999998634,-0.18924620958230648,-0.02679112214250051,-0.1899166710984332,0.3793032106860957,0.0,0.3793032106860957,0.4180038445209244,0.3848049487338653,1.1856861684511129,0.5767462390433231,0.0,1.289672303199768,49.41956102848053,0.6634890019893647
3.2619999999998623,-0.1895380210248831,-0.030529541258519186,-0.19034660944759518,0.38039391936390454,0.0,0.38039391936390454,0.4180515718244726,0.3835930821159779,1.1860519214854977,0.5767456831904347,0.0,1.289672303199768,49.41956102848053,0.6634890019893647
3.2719999999998612,-0.18986070529794424,-0.03340839850075341,-0.19076488018878526,0.38124747690068084,0.0,0.38124747690068084,0.41809960037086563,0.38266632354103075,1.1863747443598074,0.5767451262895321,0.0,1.289672303199768,49.41956102848053,0.6634890019893647
3.28199999999986,-0.1902087024367917,-0.035556114745447474,-0.19116780286598828,0.38177150079262717,0.0,0.38177150079262717,0.41814794787756776,0.38197086622445486,1.1864613780175242,0.5767445684224107,0.0,1.289672303199768,49.41956102848053,0.6634890019893647
3.291999999999859,-0.19057599417837298,-0.0371032361036873,-0.19155233579499287,0.3822025014692983,0.0,0.3822025014692983,0.41819663550071806,0.3816348398029096,1.1867834685833598,0.576744009680384,0.0,1.289672303199768,49.41956102848053,0.6634890019893647
3.301999999999858,-0.19094179759664676,-0.035964738207977257,-0.1918625217375508,0.38210543175109296,0.0,0.38210543175109296,0.41824568606505097,0.38136865288095684,1.1864668083419099,0.5767434509828538,0.0,1.278263831138611,49.44527626037598,0.6600179612636565
3.311999999999857,-0.19129146018972412,-0.03443112189434501,-0.19212655511023494,0.38250837485984346,0.0,0.38250837485984346,0.41829512037594674,0.38125192046055584,1.187004223371533,0.5767428919493742,0.0,1.278263831138611,49.44527626037598,0.6600179612636565
3.3219999999998557,-0.19162616781537267,-0.032611242044238264,-0.1923547633387595,0.3825659070833501,0.0,0.3825659070833501,0.4183449547055612,0.3810488611599577,1.186952109210366,0.5767423327176037,0.0,1.278263831138611,49.44527626037598,0.6600179612636565
3.3319999999998546,-0.191945309586729,-0.03186248850339932,-0.1925748185898067,0.3832034025766476,0.0,0.3832034025766476,0.418395200775077,0.3811331401229868,1.1878748526679062,0.5767417729815534,0.0,1.278263831138611,49.44527626037598,0.6600179612636565
3.3419999999998535,-0.1922564826268182,-0.03022402497213604,-0.19276142324945122,0.3827479634900563,0.0,0.3827479634900563,0.4184458663948124,0.3815226089671648,1.187603022236438,0.5767412131204424,0.0,1.278263831138611,49.44527626037598,0.6600179612636565
3.3519999999998524,-0.1925314288861819,-0.025322816780685334,-0.19285120467358888,0.3816858759160012,0.0,0.3816858759160012,0.4184969562187534,0.3820523471658597,1.1866248851331231,0.5767406543252825,0.0,1.2839550495147707,49.42331254482269,0.6624122500419616
3.3619999999998513,-0.19274963548442967,-0.01936569779790423,-0.19287348355244754,0.3812810085267331,0.0,0.3812810085267331,0.4185484673251636,0.3825715750203375,1.186522449885147,0.5767400965603499,0.0,1.2839550495147707,49.42331254482269,0.6624122500419616
3.3719999999998502,-0.19291212687206147,-0.014793147349474994,-0.19287453145468864,0.38148368961674606,0.0,0.38148368961674606,0.41860038585173964,0.3830805010625408,1.1872293659176043,0.576739539102679,0.0,1.2839550495147707,49.42331254482269,0.6624122500419616
3.381999999999849,-0.19304304527781443,-0.01217380167936274,-0.19289009413730962,0.3816083823599935,0.0,0.3816083823599935,0.41865268817361184,0.3835793296870051,1.187790060817312,0.5767389813983944,0.0,1.2839550495147707,49.42331254482269,0.6624122500419616
3.391999999999848,-0.19315435169487705,-0.010382304510231453,-0.19291300665541578,0.3817513593345581,0.0,0.3817513593345581,0.4187053455525515,0.3840682612329476,1.1883437411478568,0.5767384235231913,0.0,1.2839550495147707,49.42331254482269,0.6624122500419616
3.401999999999847,-0.19325236111194097,-0.009335875835391697,-0.19294968762187242,0.38171425252620184,0.0,0.38171425252620184,0.41875832691913495,0.3845147605714277,1.188597927299032,0.5767378653937334,0.0,1.301015853881836,49.4083833694458,0.6664941608905792
3.411999999999846,-0.19333808313808074,-0.008274202245758507,-0.19299001205996338,0.3820469518586145,0.0,0.3820469518586145,0.4188116003172448,0.3848062377564086,1.1892464017650948,0.5767373072359814,0.0,1.301015853881836,49.4083833694458,0.6664941608905792
3.4219999999998447,-0.19342647041157185,-0.009380068039789536,-0.19308431239685117,0.38269555915732756,0.0,0.38269555915732756,0.4188651336087794,0.3849042153201411,1.1900816619482264,0.5767367480813596,0.0,1.301015853881836,49.4083833694458,0.6664941608905792
3.4319999999998436,-0.193522166716602,-0.009456075144804793,-0.19317844069723247,0.38271679298322697,0.0,0.38271679298322697,0.41891889693489426,0.385037669648851,1.190068637047372,0.576736188641191,0.0,1.301015853881836,49.4083833694458,0.6664941608905792
3.4419999999998425,-0.19361937257438339,-0.009684914915684267,-0.1932877594215166,0.3829786418241732,0.0,0.3829786418241732,0.4189728634970618,0.38509577143797263,1.1903186526801874,0.5767356286818642,0.0,1.301015853881836,49.4083833694458,0.6664941608905792
3.4519999999998414,-0.1937001083490403,-0.007307943880902491,-0.19334525387474977,0.3829625082378594,0.0,0.3829625082378594,0.41902700813247,0.3850946217516672,1.1901239633138987,0.5767350692266949,0.0,1.301967477798462,49.42540466785431,0.6659376978874206
3.4619999999998403,-0.1937599478830587,-0.005247206042555304,-0.19339739284784163,0.38292308646828654,0.0,0.38292308646828654,0.41908130437927865,0.38539235154170176,1.1901173423677807,0.5767345095353069,0.0,1.301967477798462,49.42540466785431,0.6659376978874206
3.471999999999839,-0.1937970487783781,-0.002795726990525169,-0.19343257958033142,0.3827725742245535,0.0,0.3827725742245535,0.4191357233136778,0.3856683253888277,1.1900885085075263,0.5767339499690284,0.0,1.301967477798462,49.42540466785431,0.6659376978874206
3.481999999999838,-0.19382008526870226,-0.0021088425530228078,-0.19349668129955863,0.3833205393447954,0.0,0.3833205393447954,0.41919023366705294,0.3856334597333347,1.1907268718098576,0.5767333898312222,0.0,1.301967477798462,49.42540466785431,0.6659376978874206
3.491999999999837,-0.1938342207854335,-0.0009709807887402482,-0.19355306762052746,0.3831879788455929,0.0,0.3831879788455929,0.4192448033828926,0.385495337428158,1.1902893385734625,0.5767328296296175,0.0,1.301967477798462,49.42540466785431,0.6659376978874206
3.501999999999836,-0.1938401878628467,-0.0004787189497763855,-0.19362015281106384,0.38348257764557686,0.0,0.38348257764557686,0.4192994007161853,0.38563048067808864,1.1906920083939976,0.5767322690717231,0.0,1.3120246171951295,49.434683322906494,0.668466293811798
3.511999999999835,-0.19383591912129391,0.0014192983455564925,-0.19365626925640234,0.383025508750791,0.0,0.383025508750791,0.4193539944857664,0.38577841679297986,1.1901142064982497,0.5767317087203434,0.0,1.3120246171951295,49.434683322906494,0.668466293811798
3.5219999999998337,-0.1937972116742744,0.005766281633803232,-0.19362187095863992,0.3822878704590195,0.0,0.3822878704590195,0.41940855322089826,0.38580963352216324,1.1891620956484492,0.5767311494268228,0.0,1.3120246171951295,49.434683322906494,0.668466293811798
3.5319999999998326,-0.19371934004094946,0.008924108664462842,-0.19357774058797267,0.3823220377639831,0.0,0.3823220377639831,0.41946304120237116,0.3856920705880274,1.1890877410604084,0.5767305904115504,0.0,1.3120246171951295,49.434683322906494,0.668466293811798
3.5419999999998315,-0.1936244270022126,0.009396795433716998,-0.19356941814723883,0.38289719106627707,0.0,0.38289719106627707,0.41951741800287334,0.3852299840795345,1.189482290592559,0.5767300309468246,0.0,1.3120246171951295,49.434683322906494,0.668466293811798
3.5519999999998304,-0.193543317367146,0.0071402226509793484,-0.19362208118016633,0.3835357293942265,0.0,0.3835357293942265,0.4195716429447059,0.3850038593979894,1.1901353968694408,0.5767294704564908,0.0,1.3259613513946533,49.44982886314392,0.6711153864860535
3.5619999999998293,-0.19348061392616356,0.005644054765459924,-0.19367204122293669,0.3837915574611609,0.0,0.3837915574611609,0.41962568050895216,0.38506219278922665,1.1905969863899668,0.576728909710176,0.0,1.3259613513946533,49.44982886314392,0.6711153864860535
3.571999999999828,-0.19342900407518948,0.005004287366599559,-0.19371132208145647,0.3833723189266141,0.0,0.3833723189266141,0.419679501184036,0.38514881768677267,1.190226840938266,0.5767283489888743,0.0,1.3259613513946533,49.44982886314392,0.6711153864860535
3.581999999999827,-0.1933760391378567,0.00572484496784713,-0.19371795239068484,0.3831604055928091,0.0,0.3831604055928091,0.41973307970002727,0.38547544573148157,1.1903069321042383,0.5767277886923053,0.0,1.3259613513946533,49.44982886314392,0.6711153864860535
3.591999999999826,-0.19331085132039438,0.006927092055862387,-0.19369701683356028,0.38299450255123313,0.0,0.38299450255123313,0.41978639247499566,0.38592675712401253,1.1906928375193415,0.5767272288461939,0.0,1.3259613513946533,49.44982886314392,0.6711153864860535
3.601999999999825,-0.19322268681089647,0.010590772670238113,-0.1936027035060906,0.38159848685157566,0.0,0.38159848685157566,0.4198394154611351,0.3863691142102536,1.1893695959782449,0.5767266702344527,0.0,1.3273228645324708,49.46016788482666,0.6709782838821411
3.611999999999824,-0.19309383115213818,0.013986387510483674,-0.19346755933236578,0.3814973501082794,0.0,0.3814973501082794,0.4198921217535788,0.38680269464936085,1.1898700230736032,0.5767261125161595,0.0,1.3273228645324708,49.46016788482666,0.6709782838821411
3.6219999999998227,-0.1929489925785981,0.014385125556198907,-0.19336469891488517,0.3815618278376831,0.0,0.3815618278376831,0.4199444794754014,0.38722767257561924,1.190611924206563,0.57672555465673,0.0,1.3273228645324708,49.46016788482666,0.6709782838821411
3.6319999999998216,-0.19280207191476542,0.015224029456140532,-0.19324446014689234,0.3808949091000041,0.0,0.3808949091000041,0.41999645599691104,0.3876049845721284,1.1902982128011685,0.5767249973585044,0.0,1.3273228645324708,49.46016788482666,0.6709782838821411
3.6419999999998205,-0.19263791354871979,0.01725215239123997,-0.19307986854409162,0.3801642249178529,0.0,0.3801642249178529,0.42004802027987237,0.38796446173220683,1.1898909588815325,0.5767244411551596,0.0,1.3273228645324708,49.46016788482666,0.6709782838821411
3.6519999999998194,-0.19246485884100453,0.016886418767573814,-0.19294296990160592,0.38051993390248834,0.0,0.38051993390248834,0.4200991408203528,0.3881130757209347,1.1908632836933146,0.5767238849997266,0.0,1.3405025720596315,49.45625364780426,0.673719584941864
3.6619999999998183,-0.19230366115845843,0.01575495479021931,-0.19282328276738228,0.3801285677249063,0.0,0.3801285677249063,0.42014978723713564,0.3881116606346212,1.1906162447667188,0.5767233289849286,0.0,1.3405025720596315,49.45625364780426,0.673719584941864
3.671999999999817,-0.19215655527542852,0.01392622710968093,-0.1927198504185784,0.38022333792006635,0.0,0.38022333792006635,0.42019993356907936,0.3882029657723044,1.1911022454623816,0.5767227730515804,0.0,1.3405025720596315,49.45625364780426,0.673719584941864
3.681999999999816,-0.1920275658469488,0.012515297137467895,-0.19261573212009034,0.3797624846302249,0.0,0.3797624846302249,0.4202495589507299,0.3884057369994149,1.1909058243760138,0.5767222174151574,0.0,1.3405025720596315,49.45625364780426,0.673719584941864
3.691999999999815,-0.19190138769967796,0.012529164643243322,-0.1924794127521393,0.37936084103586537,0.0,0.37936084103586537,0.4202986475122858,0.3887705975825318,1.1909675718400372,0.5767216626340558,0.0,1.3405025720596315,49.45625364780426,0.673719584941864
3.701999999999814,-0.19178060406001457,0.012252497453527512,-0.1923441036155631,0.3787449937009187,0.0,0.3787449937009187,0.42034718597042553,0.3891565310576552,1.1907712059605853,0.5767211081974777,0.0,1.3329239606857302,49.46061313152313,0.6715601146221161
3.711999999999813,-0.1916433636795251,0.0146736966316239,-0.19213749822571685,0.3780211498362889,0.0,0.3780211498362889,0.4203951629229812,0.38953480736612833,1.1904078803234064,0.5767205553089786,0.0,1.3329239606857302,49.46061313152313,0.6715601146221161
3.7219999999998117,-0.19150197691484774,0.013388423710755963,-0.19198765972380372,0.3782423358270068,0.0,0.3782423358270068,0.4204425657007176,0.38990557843102824,1.1913501165832485,0.5767200020885817,0.0,1.3329239606857302,49.46061313152313,0.6715601146221161
3.7319999999998106,-0.1913773316537775,0.011894532389900318,-0.1918511852933489,0.37817918734433514,0.0,0.37817918734433514,0.4204893823921752,0.39026899316118124,1.191874996030861,0.5767194490629252,0.0,1.3329239606857302,49.46061313152313,0.6715601146221161
3.7419999999998095,-0.1912497628038455,0.013718666276524641,-0.19164836550488923,0.3770148271147438,0.0,0.3770148271147438,0.42053560511232274,0.39060166474131164,1.1908130518987015,0.5767188975246853,0.0,1.3329239606857302,49.46061313152313,0.6715601146221161
3.7519999999998084,-0.19110638832148305,0.014817913676568517,-0.19144286830544813,0.3763794988123015,0.0,0.3763794988123015,0.42058122653159347,0.39094534876439013,1.190488061334331,0.5767183466838505,0.0,1.334827208518982,49.438016414642334,0.673116934299469
3.7619999999998073,-0.19095376060454236,0.014902828781709074,-0.19125017488131676,0.37660444658204517,0.0,0.37660444658204517,0.42062623750287265,0.39117042515918454,1.1912371638967538,0.5767177964533045,0.0,1.334827208518982,49.438016414642334,0.673116934299469
3.771999999999806,-0.1908148645094883,0.01335922809076644,-0.19109840369513448,0.37627111855273454,0.0,0.37627111855273454,0.42067062879997164,0.39144183865206894,1.1912475378500467,0.5767172460709782,0.0,1.334827208518982,49.438016414642334,0.673116934299469
3.781999999999805,-0.19067602361994876,0.014056647838179507,-0.19090683588173274,0.37571839295993475,0.0,0.37571839295993475,0.4207143942727543,0.3917747729981948,1.1909664454078708,0.576716696800596,0.0,1.334827208518982,49.438016414642334,0.673116934299469
3.791999999999804,-0.19053534804312577,0.013962196120874924,-0.19072902187419521,0.3753998747492406,0.0,0.3753998747492406,0.42075752912374953,0.3921011017142414,1.1910106779066119,0.5767161478535172,0.0,1.334827208518982,49.438016414642334,0.673116934299469
3.801999999999803,-0.19039325989778383,0.014149960598803385,-0.19054754891858453,0.37520587206520495,0.0,0.37520587206520495,0.4208000290934876,0.3924209558601286,1.1912093353729494,0.5767155995137714,0.0,1.3334590196609497,49.42490041255951,0.6731343328952789
3.8119999999998018,-0.19025904426589155,0.013093911742463257,-0.19040006812518379,0.374933369558927,0.0,0.374933369558927,0.4208418907693756,0.3927344638954639,1.1912797648868343,0.5767150512336684,0.0,1.3334590196609497,49.42490041255951,0.6731343328952789
3.8219999999998007,-0.19012616129590446,0.013279229031129504,-0.19023441147420284,0.37453294448829405,0.0,0.37453294448829405,0.42088311269246065,0.3930417517311339,1.191153920984348,0.5767145036914204,0.0,1.3334590196609497,49.42490041255951,0.6731343328952789
3.8319999999997996,-0.19000158725287258,0.011803497946336191,-0.19010899350861307,0.37466807733942953,0.0,0.37466807733942953,0.4209236947017117,0.39333389453050527,1.1917527152393186,0.5767139559566792,0.0,1.3334590196609497,49.42490041255951,0.6731343328952789
3.8419999999997985,-0.18989439165993016,0.00997419872279825,-0.19000826795544556,0.3746695424070944,0.0,0.3746695424070944,0.4209636388626558,0.39362320151928887,1.192152297909855,0.5767134081686771,0.0,1.3334590196609497,49.42490041255951,0.6731343328952789
3.8519999999997974,-0.1897911396053002,0.010946703807562103,-0.18986410073881924,0.37370326762968764,0.0,0.37370326762968764,0.42100295077320876,0.3939128562328468,1.1911884906215064,0.5767128613995545,0.0,1.3259464979171753,49.41513538360596,0.6721852958202361
3.8619999999997963,-0.18968262362134156,0.010448776049666294,-0.18974631945101436,0.3740279517122258,0.0,0.3740279517122258,0.42104163699690234,0.39419676401187914,1.192018748200072,0.5767123147110523,0.0,1.3259464979171753,49.41513538360596,0.6721852958202361
3.871999999999795,-0.1895885356003039,0.008322522134793578,-0.1896736922843929,0.3744728071059029,0.0,0.3744728071059029,0.4210797037405962,0.3944750388792376,1.1930056151962947,0.5767117676151593,0.0,1.3259464979171753,49.41513538360596,0.6721852958202361
3.881999999999794,-0.1895294651044211,0.004328474042930835,-0.18966780441568185,0.3748960637906441,0.0,0.3748960637906441,0.4211171602716952,0.3947477925954878,1.1939510961467918,0.576711219606948,0.0,1.3259464979171753,49.41513538360596,0.6721852958202361
3.891999999999793,-0.18950130108680607,0.0020945946477908713,-0.18965865644245727,0.37471984781393586,0.0,0.37471984781393586,0.4211540221765473,0.395015134703794,1.1940454492797805,0.5767106716575094,0.0,1.3259464979171753,49.41513538360596,0.6721852958202361
3.901999999999792,-0.18948094031296653,0.0020869812744335556,-0.1896167749247514,0.3742666466663911,0.0,0.3742666466663911,0.421190310232602,0.39527717257391437,1.1937393253879174,0.5767101242759188,0.0,1.3105386018753054,49.41698968410492,0.6699956178665161
3.9119999999997908,-0.18945959037719132,0.0023469036178325447,-0.18956944701987283,0.3741646446716797,0.0,0.3741646446716797,0.4212260461735979,0.3955340114453224,1.193912036834635,0.5767095770795253,0.0,1.3105386018753054,49.41698968410492,0.6699956178665161
3.9219999999997897,-0.18942375137428763,0.0044085875072123835,-0.1894782904318401,0.37363898929023853,0.0,0.37363898929023853,0.4212612504406229,0.3957857544694733,1.1934792017706495,0.5767090307445096,0.0,1.3105386018753054,49.41698968410492,0.6699956178665161
3.9319999999997886,-0.18936503449655795,0.006766403858335726,-0.18936413760902107,0.37331263806055387,0.0,0.37331263806055387,0.4212959398995203,0.3960325027512315,1.1933143086292608,0.5767084850542248,0.0,1.3105386018753054,49.41698968410492,0.6699956178665161
3.9419999999997875,-0.18929240350226811,0.007726949339512167,-0.18926646131452657,0.37291995384568355,0.0,0.37291995384568355,0.4213301265888327,0.3962743553894763,1.1930475655091912,0.5767079394191291,0.0,1.3105386018753054,49.41698968410492,0.6699956178665161
3.9519999999997864,-0.1892039330352481,0.009600667721724717,-0.1891437052946382,0.372514800662011,0.0,0.372514800662011,0.4213638192606761,0.396511409516902,1.1927564049153387,0.576707394539868,0.0,1.3184349775314332,49.39211845397949,0.6728836178779602
3.9619999999997852,-0.189095516912754,0.011693465197798588,-0.1890084286816069,0.37205702530966217,0.0,0.37205702530966217,0.4213970235202169,0.3967437603390281,1.1923880877135877,0.5767068504497939,0.0,1.3184349775314332,49.39211845397949,0.6728836178779602
3.971999999999784,-0.1889595988005395,0.014983119545900403,-0.18883238442007227,0.3711193378125516,0.0,0.3711193378125516,0.4214297410723779,0.39697150117243585,1.1913477809514943,0.5767063074207334,0.0,1.3184349775314332,49.39211845397949,0.6728836178779602
3.981999999999783,-0.18879065861098235,0.018050029524581707,-0.18863682534916046,0.3706773182493154,0.0,0.3706773182493154,0.4214619686084458,0.3971947234822459,1.1910044018054626,0.576705765232519,0.0,1.3184349775314332,49.39211845397949,0.6728836178779602
3.991999999999782,-0.18860728462396945,0.01780595693496971,-0.18849384446481943,0.3712814446674197,0.0,0.3712814446674197,0.42149369743523735,0.39741351691885257,1.192132098850175,0.5767052227646099,0.0,1.3184349775314332,49.39211845397949,0.6728836178779602
4.001999999999781,-0.18844217594912968,0.015583115507637312,-0.18840735720300875,0.371502066981689,0.0,0.371502066981689,0.421524917505897,0.397627969353929,1.1927318609838335,0.5767046797624779,0.0,1.3311230182647706,49.38969910144806,0.6749513387680053
4.01199999999978,-0.18828755131978822,0.01595829939658516,-0.1882868694514018,0.3703912110478239,0.0,0.3703912110478239,0.42155562280649767,0.39783816691571827,1.1914773917079775,0.5767041375841109,0.0,1.3311230182647706,49.38969910144806,0.6749513387680053
4.021999999999779,-0.18811717771698697,0.018151820967088686,-0.188121412074524,0.3695986382827167,0.0,0.3695986382827167,0.4215858098958168,0.398044194023624,1.190678985007944,0.5767035965078736,0.0,1.3311230182647706,49.38969910144806,0.6749513387680053
4.031999999999778,-0.18791373032496242,0.021833848921385627,-0.1879014931810336,0.36871536222350315,0.0,0.36871536222350315,0.42161547307192343,0.39824613342211507,1.1897653650609545,0.5767030568295968,0.0,1.3311230182647706,49.38969910144806,0.6749513387680053
4.041999999999777,-0.18767502328612767,0.02493577307038984,-0.1876625126950772,0.3683284951012783,0.0,0.3683284951012783,0.4216446013518283,0.3984440662139571,1.1895604792641052,0.5767025181167572,0.0,1.3311230182647706,49.38969910144806,0.6749513387680053
4.051999999999776,-0.1874117609600015,0.026899886250680415,-0.18742447141305738,0.36791829447294633,0.0,0.36791829447294633,0.4216731783650939,0.3986380718927852,1.1893387824753097,0.5767019801132228,0.0,1.3494572162628176,49.38029170036316,0.6781601071357727
4.061999999999775,-0.1871412980007339,0.027068358777545966,-0.1872152917995905,0.3675313215230217,0.0,0.3675313215230217,0.42170118471814866,0.3988282283750298,1.1891675836592193,0.576701442426446,0.0,1.3494572162628176,49.38029170036316,0.6781601071357727
4.071999999999774,-0.18687213955608326,0.026175545622453063,-0.18702547508218315,0.36792023341043967,0.0,0.36792023341043967,0.42172860122637235,0.3990146120312098,1.190101412372094,0.576700905035079,0.0,1.3494572162628176,49.38029170036316,0.6781601071357727
4.0819999999997725,-0.18662712322116837,0.023564565548751935,-0.18688480752108522,0.36755056122811036,0.0,0.36755056122811036,0.42175541123095883,0.39919729771660395,1.189991352635837,0.5767003673365729,0.0,1.3494572162628176,49.38029170036316,0.6781601071357727
4.091999999999771,-0.18639835957824016,0.022385764821838225,-0.18672792205900393,0.3672456147951696,0.0,0.3672456147951696,0.4217816037870166,0.3993763588013148,1.1899878195676752,0.5766998303219133,0.0,1.3494572162628176,49.38029170036316,0.6781601071357727
4.10199999999977,-0.1861782654635451,0.022100693185467736,-0.18655553683480441,0.3666267470761377,0.0,0.3666267470761377,0.4218071725867493,0.3995518671997348,1.1895581497870589,0.576699293975399,0.0,1.3451587200164796,49.39429461956024,0.6762866914272307
4.111999999999769,-0.18595500484735947,0.022856224819753444,-0.18635200882679603,0.36575112028024376,0.0,0.36575112028024376,0.42183211384790253,0.3997238933994292,1.1887790728211052,0.5766987585213359,0.0,1.3451587200164796,49.39429461956024,0.6762866914272307
4.121999999999768,-0.1857107645823095,0.025408985120774434,-0.18609074461384562,0.3649267951563495,0.0,0.3649267951563495,0.42185642385163696,0.39989250648944497,1.188079171256602,0.5766982246406314,0.0,1.3451587200164796,49.39429461956024,0.6762866914272307
4.131999999999767,-0.1854439938978411,0.02780678587225769,-0.1858059129346579,0.3638247440526414,0.0,0.3638247440526414,0.42188009603252535,0.40005777418805816,1.1869963396815721,0.5766976919021629,0.0,1.3451587200164796,49.39429461956024,0.6762866914272307
4.141999999999766,-0.18514198766949455,0.03186217569863459,-0.18545499746188324,0.36271259520705956,0.0,0.36271259520705956,0.4219031201661229,0.4002197628699708,1.185904177825956,0.5766971611059831,0.0,1.3451587200164796,49.39429461956024,0.6762866914272307
4.151999999999765,-0.18481046498667622,0.03325399902133204,-0.1851228026639608,0.36250949465136867,0.0,0.36250949465136867,0.4219254807542866,0.4003785375929687,1.186089348161082,0.576696631112336,0.0,1.3632679462432862,49.36731159687042,0.680756002664566
4.161999999999764,-0.184480703719089,0.03268971166740298,-0.18482841805611092,0.3618479068298061,0.0,0.3618479068298061,0.4219471587491015,0.40053416212404963,1.1856383821068408,0.576696101704438,0.0,1.3632679462432862,49.36731159687042,0.680756002664566
4.171999999999763,-0.18416859207594682,0.029973531056676696,-0.18458277322348648,0.36217074710010577,0.0,0.36217074710010577,0.4219681370458672,0.40068669896503323,1.18657063630666,0.5766955723218247,0.0,1.3632679462432862,49.36731159687042,0.680756002664566
4.1819999999997615,-0.18388072513204842,0.02846071595127538,-0.1843308472403859,0.36109141581116977,0.0,0.36109141581116977,0.4219884037416952,0.4008362093776633,1.1855421033594946,0.5766950437298513,0.0,1.3632679462432862,49.36731159687042,0.680756002664566
4.19199999999976,-0.1836010342749418,0.02757859404041137,-0.1840680325410604,0.36075497346610763,0.0,0.36075497346610763,0.4220079526000521,0.4009827534082113,1.1855527944702722,0.5766945160673681,0.0,1.3632679462432862,49.36731159687042,0.680756002664566
4.201999999999759,-0.18332959755967657,0.02696132763569726,-0.1838005775568022,0.36012612753276246,0.0,0.36012612753276246,0.42202678045489156,0.4011263899115925,1.1851505476142554,0.5766939892242106,0.0,1.3570456743240358,49.37104523181915,0.6785321116447449
4.211999999999758,-0.1830669100151558,0.025521997203931765,-0.18354777064982503,0.3601282138651769,0.0,0.3601282138651769,0.42204488655409633,0.4012671765750029,1.1856251097637427,0.5766934628707495,0.0,1.3570456743240358,49.37104523181915,0.6785321116447449
4.221999999999757,-0.18282648468746615,0.02342864303625427,-0.18331945922632645,0.3594493506343239,0.0,0.3594493506343239,0.42206227289135484,0.4014051699410879,1.1851368704635317,0.5766929368104304,0.0,1.3570456743240358,49.37104523181915,0.6785321116447449
4.231999999999756,-0.18260119591853313,0.021461603614843616,-0.18309556778773967,0.35952642715813043,0.0,0.35952642715813043,0.42207894575796223,0.4015404254306505,1.1856943077587487,0.5766924113612383,0.0,1.3570456743240358,49.37104523181915,0.6785321116447449
4.241999999999755,-0.1824020847076635,0.018651229961074225,-0.18290325067549412,0.3594302967551325,0.0,0.3594302967551325,0.42209491513845687,0.40167299736490963,1.1859936100634327,0.5766918860146246,0.0,1.3570456743240358,49.37104523181915,0.6785321116447449
4.251999999999754,-0.18223355369972968,0.01552695017096868,-0.18273733748710064,0.3593515984923127,0.0,0.3593515984923127,0.42211019594827476,0.40180293898731656,1.186298307840504,0.5766913607883033,0.0,1.342426347732544,49.36083495616913,0.6761076152324677
4.261999999999753,-0.18210117703147605,0.011751477195353494,-0.18260975106965993,0.3594388279441747,0.0,0.3594388279441747,0.422124808732835,0.40193030248493855,1.1868131066676462,0.5766908354540087,0.0,1.342426347732544,49.36083495616913,0.6761076152324677
4.2719999999997516,-0.18200898040995733,0.008066435229341648,-0.18250960421343138,0.3589921851457477,0.0,0.3589921851457477,0.4221387802788603,0.4020551390094179,1.1865547677394275,0.5766903100099242,0.0,1.342426347732544,49.36083495616913,0.6761076152324677
4.2819999999997505,-0.18193354505303955,0.00743826611429685,-0.1823639502705784,0.35823460770359206,0.0,0.35823460770359206,0.4221521433704909,0.4021774986975159,1.1858317246132024,0.5766897856259621,0.0,1.342426347732544,49.36083495616913,0.6761076152324677
4.291999999999749,-0.18185586844361548,0.007600288295411166,-0.18219834597125695,0.35821466640316935,0.0,0.35821466640316935,0.42216493255381354,0.40229743069124835,1.1861096854014501,0.5766892620175678,0.0,1.342426347732544,49.36083495616913,0.6761076152324677
4.301999999999748,-0.1817796623700948,0.007568987108725169,-0.18203679950059026,0.35791582249975784,0.0,0.35791582249975784,0.4221771806581477,0.40241498315762203,1.1859645502300664,0.5766887388586908,0.0,1.3278704404830934,49.33558464050293,0.6737471640110015
4.311999999999747,-0.1817166848948203,0.0050813012929349245,-0.1819347235429276,0.35824492429549104,0.0,0.35824492429549104,0.4221889190597325,0.4025302033079796,1.1866665963369245,0.57668821538082,0.0,1.3278704404830934,49.33558464050293,0.6737471640110015
4.321999999999746,-0.1816693180332717,0.004842521864883032,-0.1818073639180576,0.35735723575302414,0.0,0.35735723575302414,0.4222001799695435,0.4026431374169606,1.1856334432001454,0.576687692591774,0.0,1.3278704404830934,49.33558464050293,0.6737471640110015
4.331999999999745,-0.18162815053743736,0.003320196536552456,-0.1817111397341637,0.35773551912580503,0.0,0.35773551912580503,0.422210996635988,0.40275383084108607,1.186341094007003,0.5766871696753826,0.0,1.3278704404830934,49.33558464050293,0.6737471640110015
4.341999999999744,-0.1815995434875915,0.002792132435707525,-0.18161217199014001,0.35744718004034465,0.0,0.35744718004034465,0.42222140207405456,0.4028623280369746,1.186084743661416,0.5766866470617444,0.0,1.3278704404830934,49.33558464050293,0.6737471640110015
4.351999999999743,-0.18157666427190844,0.0019444358942573552,-0.18153006387976628,0.357349346400732,0.0,0.357349346400732,0.42223142959252946,0.40296867257919733,1.1860655502445772,0.5766861245064195,0.0,1.3173329830169678,49.31418418884277,0.6717938899993896
4.361999999999742,-0.18156189002672107,0.0008762113871138913,-0.18146867484139945,0.35740504804827333,0.0,0.35740504804827333,0.4222411118045645,0.40307290717777783,1.186234438938081,0.5766856020275817,0.0,1.3173329830169678,49.31418418884277,0.6717938899993896
4.3719999999997405,-0.1815602010083299,-5.890891616525118e-05,-0.18142331381861632,0.3574615655060718,0.0,0.3574615655060718,0.4222504812302703,0.40317507369534566,1.1863801357890396,0.576685079441931,0.0,1.3173329830169678,49.31418418884277,0.6717938899993896
4.381999999999739,-0.18155621380075157,0.0004335083592836922,-0.18135786514297636,0.35734881724363443,0.0,0.35734881724363443,0.42225957055709307,0.40327521316394904,1.1862665997752933,0.5766845573336156,0.0,1.3173329830169678,49.31418418884277,0.6717938899993896
4.391999999999738,-0.18156348840383685,-0.0016741275135471502,-0.18135735166060046,0.35795286080484134,0.0,0.35795286080484134,0.4222684106461058,0.40337336580153416,1.187137213332179,0.5766840343413311,0.0,1.3173329830169678,49.31418418884277,0.6717938899993896
4.401999999999737,-0.18158516485109621,-0.002504883796682284,-0.18135544870022705,0.3577317032483023,0.0,0.3577317032483023,0.4222770324273247,0.4034695710280974,1.186835664912143,0.5766835113943837,0.0,1.3072893619537354,49.3010288476944,0.6695987045764923
4.411999999999736,-0.181608377191942,-0.0017913463618555482,-0.18133741815356136,0.3572256679418435,0.0,0.3572256679418435,0.4222854675962456,0.40356386748151735,1.1861213248014706,0.5766829888119024,0.0,1.3072893619537354,49.3010288476944,0.6695987045764923
4.421999999999735,-0.18161503421964809,-2.869701952955793e-05,-0.18129442864806153,0.35715385134192656,0.0,0.35715385134192656,0.42229374596837815,0.4036562930330723,1.186004223469382,0.5766824667067266,0.0,1.3072893619537354,49.3010288476944,0.6695987045764923
4.431999999999734,-0.18161023789624342,0.00072131977527372,-0.18126873976382457,0.3572915212824701,0.0,0.3572915212824701,0.4223018927232549,0.40374688480265025,1.1861735507204725,0.5766819444428177,0.0,1.3072893619537354,49.3010288476944,0.6695987045764923
4.441999999999733,-0.181609315690474,-9.633763403443969e-05,-0.18128382327982215,0.35753358552187686,0.0,0.35753358552187686,0.4223099294062196,0.4038356791736569,1.1864859174930966,0.5766814215750663,0.0,1.3072893619537354,49.3010288476944,0.6695987045764923
4.451999999999732,-0.1816117488507014,-0.00037277554699208064,-0.18130100285960996,0.3577445319341687,0.0,0.3577445319341687,0.4223178766167894,0.40392271180762795,1.1867546080153357,0.576680898662325,0.0,1.308613157272339,49.28900897502899,0.6699153423309325
4.461999999999731,-0.18161476299454005,-0.0002578453455132426,-0.18132106654824479,0.35766480806764134,0.0,0.35766480806764134,0.42232575433568703,0.40400801765855143,1.1866194885793728,0.576680375752075,0.0,1.308613157272339,49.28900897502899,0.6699153423309325
4.4719999999997295,-0.18162780480869525,-0.0023517622425211007,-0.18139609892726033,0.3584810229697071,0.0,0.3584810229697071,0.42233358150125133,0.404091630986906,1.1877446569422678,0.5766798518954727,0.0,1.308613157272339,49.28900897502899,0.6699153423309325
4.481999999999728,-0.18165854158626668,-0.0035369157420504956,-0.18147515255058094,0.35861133737204504,0.0,0.35861133737204504,0.4223413778232369,0.40417358537342035,1.1879171344910895,0.5766793277413825,0.0,1.308613157272339,49.28900897502899,0.6699153423309325
4.491999999999727,-0.1816875708204748,-0.0024343846370385256,-0.1815148208255305,0.358190795422729,0.0,0.358190795422729,0.42234916470869194,0.4042539137325603,1.1873267609410754,0.5766788040015616,0.0,1.308613157272339,49.28900897502899,0.6699153423309325
4.501999999999726,-0.18171006174867285,-0.0018150772094008283,-0.18155955190903028,0.35824563471473925,0.0,0.35824563471473925,0.4223569620552102,0.40433264832574756,1.1874114237407734,0.5766782800354168,0.0,1.3048210144042969,49.29885804653168,0.6698572635650635
4.511999999999725,-0.18171599997954782,0.00015619706910264403,-0.18156584755515717,0.35814274220224596,0.0,0.35814274220224596,0.4223647868964636,0.4044098207743164,1.1872854807672848,0.5766777564990544,0.0,1.3048210144042969,49.29885804653168,0.6698572635650635
4.521999999999724,-0.1817040560093255,0.0016392670668281817,-0.18156712969103841,0.35803015820195694,0.0,0.35803015820195694,0.4223726520859935,0.4044854620722141,1.1871573480598048,0.5766772330339746,0.0,1.3048210144042969,49.29885804653168,0.6698572635650635
4.531999999999723,-0.1816755603487554,0.0031734340324648946,-0.1815545946653631,0.35823539919893593,0.0,0.35823539919893593,0.4223805660983886,0.4045596025984478,1.1874869702303001,0.5766767097989027,0.0,1.3048210144042969,49.29885804653168,0.6698572635650635
4.541999999999722,-0.18164706727217264,0.002751925051435464,-0.1815784102267882,0.35824444299791675,0.0,0.35824444299791675,0.4223885339354109,0.4046322721292859,1.1875559589060303,0.576676185988085,0.0,1.3048210144042969,49.29885804653168,0.6698572635650635
4.551999999999721,-0.18161419013689206,0.0035098971828018567,-0.18157713219965488,0.3581095910681649,0.0,0.3581095910681649,0.4223965596952732,0.4047034998502166,1.1874378132987338,0.5766756625252798,0.0,1.3137157440185547,49.29900825023651,0.6721155762672424
4.56199999999972,-0.18158241253007476,0.003005277467490325,-0.1815985926007128,0.35817940781033636,0.0,0.35817940781033636,0.42240464656187227,0.4047733143676694,1.187620604682607,0.5766751386866599,0.0,1.3137157440185547,49.29900825023651,0.6721155762672424
4.5719999999997185,-0.18154826982606753,0.003686751563301968,-0.1815946998708286,0.35804265400524,0.0,0.35804265400524,0.4224127974365579,0.4048417437205039,1.1875280928403669,0.5766746152033904,0.0,1.3137157440185547,49.29900825023651,0.6721155762672424
4.581999999999717,-0.1815084309185475,0.0039433990712829225,-0.18159074841591974,0.3581995163474401,0.0,0.3581995163474401,0.4224210145502949,0.404908815391271,1.1878598916954712,0.5766740917407815,0.0,1.3137157440185547,49.29900825023651,0.6721155762672424
4.591999999999716,-0.18147020461050634,0.0032481424868204857,-0.18160200166626636,0.35849956587315485,0.0,0.35849956587315485,0.42242929894224956,0.40497455631724993,1.188404627921674,0.5766735680485005,0.0,1.3137157440185547,49.29900825023651,0.6721155762672424
4.601999999999715,-0.1814439003596439,0.0026208480909779234,-0.18161766495633272,0.35817084328000653,0.0,0.35817084328000653,0.4224376520120318,0.4050389929012674,1.1880801675884087,0.5766730441899648,0.0,1.313854765892029,49.31342422962189,0.6725173711776733
4.611999999999714,-0.1814015149322643,0.0054253364233504235,-0.1815503050849189,0.3572552567279429,0.0,0.3572552567279429,0.422446076488979,0.40510215102230085,1.1869425418549175,0.5766725215387472,0.0,1.313854765892029,49.31342422962189,0.6725173711776733
4.621999999999713,-0.18133208763247258,0.00805741726186862,-0.18145806470148423,0.3568372952860337,0.0,0.3568372952860337,0.42245457211805715,0.40516405604587263,1.186508723325224,0.5766719994935942,0.0,1.313854765892029,49.31342422962189,0.6725173711776733
4.631999999999712,-0.181233891564693,0.010909469955033141,-0.18133332922942857,0.35624376374770217,0.0,0.35624376374770217,0.42246313337587293,0.4052247328342367,1.1858360779690456,0.5766714782573643,0.0,1.313854765892029,49.31342422962189,0.6725173711776733
4.641999999999711,-0.18110562586928858,0.014095620125301146,-0.18117385286437138,0.3556557880959574,0.0,0.3556557880959574,0.42247174950491917,0.4052842057563641,1.185178408328262,0.5766709579515342,0.0,1.313854765892029,49.31342422962189,0.6725173711776733
4.65199999999971,-0.18095766631848695,0.014889406936611062,-0.18103935769248825,0.3558498029238792,0.0,0.3558498029238792,0.4224804047326563,0.4053424986977298,1.1856233468335124,0.5766704377504474,0.0,1.3355792284011843,49.29728984832764,0.6761039853096008
4.661999999999709,-0.18080761639092852,0.01514383380944056,-0.1809143289997562,0.35554055493257075,0.0,0.35554055493257075,0.4224890806584135,0.405399635069906,1.1853726551801287,0.5766699179291065,0.0,1.3355792284011843,49.29728984832764,0.6761039853096008
4.6719999999997075,-0.18065424368254948,0.01580878295686012,-0.18077695438262845,0.3547727640055707,0.0,0.3547727640055707,0.4224977593477869,0.40545563781996397,1.1844890040311058,0.576669398665807,0.0,1.3355792284011843,49.29728984832764,0.6761039853096008
4.681999999999706,-0.18049254191424918,0.016537709116244734,-0.18062872096290197,0.3544991339162447,0.0,0.3544991339162447,0.422506423298536,0.4055105294396907,1.1843055953397021,0.5766688799876571,0.0,1.3355792284011843,49.29728984832764,0.6761039853096008
4.691999999999705,-0.18032760380249052,0.016016072427865995,-0.1804974315284847,0.35482864361146305,0.0,0.35482864361146305,0.4225150547427779,0.40556433197462155,1.1849745006632653,0.5766683614734268,0.0,1.3355792284011843,49.29728984832764,0.6761039853096008
4.701999999999704,-0.18017544971004804,0.015810910014295472,-0.18036818968063023,0.3535661784897138,0.0,0.3535661784897138,0.4225236369128254,0.40561706703289463,1.183421599038034,0.5766678432324865,0.0,1.3404094457626343,49.30737495422363,0.6756484925746917
4.711999999999703,-0.18000596441487174,0.017792170725771828,-0.18017967310366112,0.35329758287688745,0.0,0.35329758287688745,0.42253215558059953,0.4056687557939285,1.1832651676782553,0.5766673263112805,0.0,1.3404094457626343,49.30737495422363,0.6756484925746917
4.721999999999702,-0.17981356988625846,0.020039041426586246,-0.17996356149625475,0.35272712422675767,0.0,0.35272712422675767,0.42254059475439903,0.4057194190169288,1.182690590157619,0.5766668104056869,0.0,1.3404094457626343,49.30737495422363,0.6756484925746917
4.731999999999701,-0.1796054061745523,0.020719039766477425,-0.17975959288883925,0.3527484706550572,0.0,0.3527484706550572,0.4225489352642761,0.4057690770492251,1.1829491415406066,0.5766662949368149,0.0,1.3404094457626343,49.30737495422363,0.6756484925746917
4.7419999999997,-0.17940072150156228,0.02013796540859241,-0.17957933077586952,0.35237535799996167,0.0,0.35237535799996167,0.4225571565357964,0.405817749834443,1.1826599403796907,0.576665779645073,0.0,1.3404094457626343,49.30737495422363,0.6756484925746917
4.751999999999699,-0.17920946302270419,0.018284573111060267,-0.17943157271949314,0.3526263991013595,0.0,0.3526263991013595,0.42256523998944134,0.4058654569205139,1.1832481250354399,0.5766652643502824,0.0,1.351416039466858,49.29834842681885,0.6769615232944488
4.761999999999698,-0.1790429695055843,0.015619277191367218,-0.17931832003035447,0.35242461679746884,0.0,0.35242461679746884,0.4225731710649201,0.4059122174675256,1.1832047727121566,0.5766647489822803,0.0,1.351416039466858,49.29834842681885,0.6769615232944488
4.7719999999996965,-0.1789071226877952,0.011968987834075828,-0.17924482792137456,0.35296353576425815,0.0,0.35296353576425815,0.42258094097185217,0.4059580502554176,1.184198651697654,0.5766642332785366,0.0,1.351416039466858,49.29834842681885,0.6769615232944488
4.781999999999695,-0.1788022446843787,0.009834889456463141,-0.17916566479709473,0.35238486570073724,0.0,0.35238486570073724,0.42258854765463133,0.40600297369152355,1.1836249697634225,0.5766637178602638,0.0,1.351416039466858,49.29834842681885,0.6769615232944488
4.791999999999694,-0.1787057173163344,0.009162814726977999,-0.1790615402008662,0.3523673901934605,0.0,0.3523673901934605,0.422595994858131,0.40604700581796355,1.183830772724563,0.5766632031129333,0.0,1.351416039466858,49.29834842681885,0.6769615232944488
4.801999999999693,-0.1786259145473365,0.007703061301616741,-0.1789796604259303,0.3519140402027504,0.0,0.3519140402027504,0.4226032885641782,0.4060901643188908,1.1834176018232523,0.5766626882349091,0.0,1.335880970954895,49.309136271476746,0.6737029373645782
4.811999999999692,-0.178543863031358,0.008261006025859358,-0.17885246096395038,0.3516268105623335,0.0,0.3516268105623335,0.42261043697133804,0.4061324665275934,1.1832251163328622,0.5766621742743062,0.0,1.335880970954895,49.309136271476746,0.6737029373645782
4.821999999999691,-0.17847057268195357,0.006966002760290871,-0.17876188922561537,0.35172265143249976,0.0,0.35172265143249976,0.42261744820742075,0.406173929433456,1.1835550457364232,0.5766616600521588,0.0,1.335880970954895,49.309136271476746,0.6737029373645782
4.83199999999969,-0.17839984466980116,0.006990155068848942,-0.17864668335656253,0.351282274824867,0.0,0.351282274824867,0.422624331126549,0.4062145696887831,1.1831187164448769,0.5766611465159869,0.0,1.335880970954895,49.309136271476746,0.6737029373645782
4.841999999999689,-0.1783347340092508,0.005857758020176747,-0.17855487100267478,0.35144815016566794,0.0,0.35144815016566794,0.42263109487012135,0.4062544036154867,1.1835144749745679,0.5766606329278864,0.0,1.335880970954895,49.309136271476746,0.6737029373645782
4.851999999999688,-0.17829262250291714,0.0030038012674275284,-0.1785132696337744,0.3517271971078998,0.0,0.3517271971078998,0.42263774942370297,0.4062934472116417,1.1840510269675266,0.5766601187972356,0.0,1.329221272468567,49.29082214832306,0.6729215443134308
4.861999999999687,-0.1782804446367264,0.0003177451376502622,-0.17849633659083325,0.35158390162377995,0.0,0.35158390162377995,0.4226443084914618,0.406331716157911,1.1839778755793582,0.5766596045106792,0.0,1.329221272468567,49.29082214832306,0.6729215443134308
4.8719999999996855,-0.17827343334052043,0.0009174734257966308,-0.1784238014295427,0.3511219773376183,0.0,0.3511219773376183,0.4226507901724523,0.4063692258238432,1.183439020769337,0.5766590912050301,0.0,1.329221272468567,49.29082214832306,0.6729215443134308
4.881999999999684,-0.1782564811707487,0.0021079978137486174,-0.1783320508566942,0.35067662753818296,0.0,0.35067662753818296,0.42265721265330747,0.40638956166038903,1.182900407097909,0.5766585784311379,0.0,1.329221272468567,49.29082214832306,0.6729215443134308
4.891999999999683,-0.17824568870363924,-2.0720445628383266e-06,-0.17830646447539678,0.35156526998605303,0.0,0.35156526998605303,0.42266359146143473,0.40619911718935775,1.1840295521575503,0.5766580648332936,0.0,1.329221272468567,49.29082214832306,0.6729215443134308
4.901999999999682,-0.1782586654426983,-0.002078970395584176,-0.17830389901141827,0.3516144898215735,0.0,0.3516144898215735,0.4226699423972707,0.40608248547952924,1.1839812503796106,0.5766575509361944,0.0,1.3199398517608643,49.278024435043335,0.6703758418560029
4.911999999999681,-0.17828252840522085,-0.0028987858203199327,-0.17829277478013894,0.35145456471778613,0.0,0.35145456471778613,0.42267628422757625,0.4060101422100559,1.1836473949367707,0.5766570373049463,0.0,1.3199398517608643,49.278024435043335,0.6703758418560029
4.92199999999968,-0.17832247815484029,-0.004771501727693231,-0.17831748954373963,0.35181523722804603,0.0,0.35181523722804603,0.42268263700731085,0.40598212248850424,1.1841126158303377,0.5766565231046078,0.0,1.3199398517608643,49.278024435043335,0.6703758418560029
4.931999999999679,-0.17838040675937253,-0.00634136048423945,-0.17835562165665267,0.3517633696424225,0.0,0.3517633696424225,0.4226890224138466,0.4059040736325511,1.1839427653446144,0.576656008604738,0.0,1.3199398517608643,49.278024435043335,0.6703758418560029
4.941999999999678,-0.1784378094312451,-0.0053859695955265924,-0.17835137228840522,0.35154867551983426,0.0,0.35154867551983426,0.42269546376652983,0.4057343476977635,1.1834130520578088,0.5766554946984142,0.0,1.3199398517608643,49.278024435043335,0.6703758418560029
4.951999999999677,-0.1784917689263534,-0.005541218091722816,-0.17836896649598682,0.35185925757380565,0.0,0.35185925757380565,0.4227019830085346,0.4055313284450437,1.1836236928395762,0.5766549804769183,0.0,1.311891269683838,49.264445304870605,0.6684083819389344
4.961999999999676,-0.1785573446330787,-0.007062245542962219,-0.17842849912143624,0.35210449445101094,0.0,0.35210449445101094,0.42270860009937267,0.40531677143608574,1.183614772355022,0.576654465619692,0.0,1.311891269683838,49.264445304870605,0.6684083819389344
4.9719999999996745,-0.17862438674285708,-0.006564905119392549,-0.17845801336121342,0.35202560073496036,0.0,0.35202560073496036,0.4227153353105615,0.4050210181248438,1.1831696778226746,0.5766539510905094,0.0,1.311891269683838,49.264445304870605,0.6684083819389344
4.981999999999673,-0.17868619140882536,-0.005612024686603781,-0.17848014663618514,0.35170586025007067,0.0,0.35170586025007067,0.42272220792418064,0.4046798153618044,1.1822606114322776,0.5766534365841931,0.0,1.311891269683838,49.264445304870605,0.6684083819389344
4.991999999999672,-0.1787369633122087,-0.00497399009959207,-0.17850423561615789,0.35213201876419103,0.0,0.35213201876419103,0.42272923462416473,0.40443697797804734,1.1824981366369836,0.5766529220008912,0.0,1.311891269683838,49.264445304870605,0.6684083819389344
5.001999999999671,-0.1787830318432655,-0.0040918795535780945,-0.17852672526691923,0.3518741565153672,0.0,0.3518741565153672,0.42273642902594727,0.40425288651660307,1.1817908325275142,0.5766524073826594,0.0,1.3119892358779908,49.252312779426575,0.6681556224822998
5.01199999999967,-0.1788123501707472,-0.002131560597422701,-0.17852361905347472,0.3516309739448405,0.0,0.3516309739448405,0.422743802309061,0.4042567324287219,1.181324422836107,0.576651893228735,0.0,1.3119892358779908,49.252312779426575,0.6681556224822998
5.021999999999669,-0.17882492194144436,-0.0010734846480112657,-0.17852888190653254,0.3521647784798626,0.0,0.3521647784798626,0.42275136170511923,0.4043354110971769,1.1820373052903537,0.5766513789608355,0.0,1.3119892358779908,49.252312779426575,0.6681556224822998
5.031999999999668,-0.17884374814326362,-0.002271442917323131,-0.17858693665155792,0.35232138198912144,0.0,0.35232138198912144,0.42275911097375185,0.40441129897300054,1.1822243907565397,0.5766508637942245,0.0,1.3119892358779908,49.252312779426575,0.6681556224822998
5.041999999999667,-0.17886516932593563,-0.0018835212175442179,-0.17862439578736306,0.3522470276733094,0.0,0.3522470276733094,0.42276705410458026,0.4044869109424922,1.1820948874433637,0.5766503487954462,0.0,1.3119892358779908,49.252312779426575,0.6681556224822998
5.051999999999666,-0.17888007770250314,-0.0011230734861100017,-0.17865409271291613,0.35223810574530545,0.0,0.35223810574530545,0.4227751951343924,0.40456102272221417,1.1820642824838141,0.5766498338119409,0.0,1.3168928861618043,49.2550128698349,0.6693093121051787
5.0619999999996645,-0.17888280297731463,0.00021767784653785316,-0.17866643075484978,0.3521993210442895,0.0,0.3521993210442895,0.42278353634873345,0.4046336640768896,1.1820009681792587,0.5766493190113272,0.0,1.3168928861618043,49.2550128698349,0.6693093121051787
5.0719999999996634,-0.17887666911897843,0.0010559823245329374,-0.17868373906720833,0.3519937443518529,0.0,0.3519937443518529,0.4227920775202265,0.4047048641806908,1.1817151226875162,0.5766488040859252,0.0,1.3168928861618043,49.2550128698349,0.6693093121051787
5.081999999999662,-0.17885456466194857,0.003129929732516171,-0.17866790484380754,0.35167054050935637,0.0,0.35167054050935637,0.42280081629820837,0.40477465162895554,1.1812772072675302,0.5766482896572215,0.0,1.3168928861618043,49.2550128698349,0.6693093121051787
5.091999999999661,-0.17881423466044674,0.00447447572537508,-0.17865183548032174,0.3517666455634455,0.0,0.3517666455634455,0.4228097472777373,0.4048430544496721,1.1814406989489337,0.5766477752897476,0.0,1.3168928861618043,49.2550128698349,0.6693093121051787
5.10199999999966,-0.17876912813724663,0.004466196531121083,-0.17865765953490487,0.35224024113449937,0.0,0.35224024113449937,0.42281886199837415,0.4049101001147352,1.182148669565118,0.5766472605919938,0.0,1.328162670135498,49.26084756851196,0.6716383874416352
5.111999999999659,-0.17873011686191084,0.0034078498695340985,-0.17868755672441075,0.3525214853310063,0.0,0.3525214853310063,0.4228281513861995,0.40497581555098,1.1826038610128815,0.5766467454306109,0.0,1.328162670135498,49.26084756851196,0.6716383874416352
5.121999999999658,-0.1786985597008633,0.003531904240645662,-0.17870211514124096,0.3519667252889706,0.0,0.3519667252889706,0.4228376078943178,0.4050402271509959,1.1819047996560326,0.5766462304149633,0.0,1.328162670135498,49.26084756851196,0.6716383874416352
5.131999999999657,-0.17866783879967335,0.0026054227105236274,-0.178734212217548,0.35245156317576276,0.0,0.35245156317576276,0.4228472255033748,0.4051033607837265,1.1826766784880078,0.5766457150899945,0.0,1.328162670135498,49.26084756851196,0.6716383874416352
5.141999999999656,-0.17864654419012174,0.0019607454804487084,-0.17876631904961482,0.3526308301074143,0.0,0.3526308301074143,0.4228569990014834,0.4051652418048588,1.1830352807000293,0.5766451996605313,0.0,1.328162670135498,49.26084756851196,0.6716383874416352
5.151999999999655,-0.17862422438912837,0.0029087344972597053,-0.17876385587169843,0.3519306391157231,0.0,0.3519306391157231,0.422866924880372,0.40522589506700724,1.182175540667785,0.5766446846572642,0.0,1.3254047632217407,49.28129851818085,0.6719150543212891
5.1619999999996535,-0.1785851282284537,0.00429376211076647,-0.17873103389478878,0.35208263361357617,0.0,0.35208263361357617,0.4228769992770176,0.40528534492969415,1.1825194814178839,0.576644170021419,0.0,1.3254047632217407,49.28129851818085,0.6719150543212891
5.171999999999652,-0.17854348462504196,0.004093618766328692,-0.1787200536098663,0.352353707684732,0.0,0.352353707684732,0.42288721587952255,0.40522943267168343,1.1829938504920896,0.5766436551091509,0.0,1.3254047632217407,49.28129851818085,0.6719150543212891
5.181999999999651,-0.17850694464778313,0.0029227135933847237,-0.17872627807057218,0.352763157411215,0.0,0.352763157411215,0.42289756789687805,0.40495515380697017,1.1833515140158257,0.5766431399587815,0.0,1.3254047632217407,49.28129851818085,0.6719150543212891
5.19199999999965,-0.17849213848254886,0.0006574239750777467,-0.17876580887166785,0.3526206784456322,0.0,0.3526206784456322,0.42290805011189386,0.40484463326253806,1.1832072759614922,0.5766426242198943,0.0,1.3254047632217407,49.28129851818085,0.6719150543212891
5.201999999999649,-0.17849384739713237,-0.0011488011043522036,-0.17880489446069947,0.3531022835971623,0.0,0.3531022835971623,0.4229186612524929,0.40437190751134,1.1835064025212385,0.5766421083722657,0.0,1.3209680795669556,49.29061472415924,0.6717830002307892
5.211999999999648,-0.17852217054711633,-0.004426226226529996,-0.17888535022985863,0.35391501292915484,0.0,0.35391501292915484,0.42292940363845466,0.40391597572927357,1.1842886017895329,0.5766415916531095,0.0,1.3209680795669556,49.29061472415924,0.6717830002307892
5.221999999999647,-0.17859808945473613,-0.009678885731614949,-0.17903520261617742,0.3547913904904142,0.0,0.3547913904904142,0.42294028472335343,0.40359924368402256,1.1852358963741758,0.5766410735370878,0.0,1.3209680795669556,49.29061472415924,0.6717830002307892
5.231999999999646,-0.17872094814352132,-0.013697951004122471,-0.17919501873847704,0.3548800379536485,0.0,0.3548800379536485,0.4229513201434925,0.40349297665946565,1.1853473459980362,0.5766405548112371,0.0,1.3209680795669556,49.29061472415924,0.6717830002307892
5.241999999999645,-0.17887698227229812,-0.016758652212556714,-0.17935702393570832,0.35528864888796496,0.0,0.35528864888796496,0.42296253320687405,0.4035555937654613,1.1860084388973748,0.5766400355936286,0.0,1.3209680795669556,49.29061472415924,0.6717830002307892
5.251999999999644,-0.17905407974992474,-0.018342436490476975,-0.1795011270996793,0.35545447435383515,0.0,0.35545447435383515,0.422973951990414,0.40364818347282744,1.1863907776646174,0.576639516181263,0.0,1.290391778945923,49.307419657707214,0.6666567146778106
5.2619999999996425,-0.17924551262418661,-0.019382791005056674,-0.17963790952185482,0.35546143198190405,0.0,0.35546143198190405,0.4229856067077896,0.40373893614126033,1.1865256592225175,0.5766389963631,0.0,1.290391778945923,49.307419657707214,0.6666567146778106
5.271999999999641,-0.1794367159585129,-0.01898412944538767,-0.1797420892035902,0.3553880862696219,0.0,0.3553880862696219,0.42299752784221734,0.40382788821878596,1.1865195199429512,0.576638476688878,0.0,1.290391778945923,49.307419657707214,0.6666567146778106
5.28199999999964,-0.17961044482091312,-0.01614077059749466,-0.17978278773084888,0.3547085724774578,0.0,0.3547085724774578,0.42300974357305604,0.40388983134927153,1.1856148685976753,0.5766379577345424,0.0,1.290391778945923,49.307419657707214,0.6666567146778106
5.291999999999639,-0.17974783443499084,-0.01208544826047063,-0.17976893513993308,0.3542395882644794,0.0,0.3542395882644794,0.42302227645609636,0.4039510061495765,1.1849833328200676,0.5766374395506262,0.0,1.290391778945923,49.307419657707214,0.6666567146778106
5.301999999999638,-0.17985344667162698,-0.009997031720020795,-0.17976743577901555,0.3544786122751656,0.0,0.3544786122751656,0.4230351404632506,0.40403575062268365,1.185305347966732,0.576636921320667,0.0,1.292701244354248,49.26408231258392,0.6670150756835938
5.311999999999637,-0.1799508516830195,-0.009375998711715159,-0.17979774168496757,0.3545120420060044,0.0,0.3545120420060044,0.4230483425674921,0.4041188137113162,1.1853354537216139,0.576636402922025,0.0,1.292701244354248,49.26408231258392,0.6670150756835938
5.321999999999636,-0.18004167447973116,-0.009296955332065409,-0.17983880117329631,0.3549905041119082,0.0,0.3549905041119082,0.4230618868212829,0.4041954902534495,1.1859634560363292,0.576635884282488,0.0,1.292701244354248,49.26408231258392,0.6670150756835938
5.331999999999635,-0.18013674108964303,-0.009702186414460795,-0.17990007440932815,0.35525269324726527,0.0,0.35525269324726527,0.42307577573084976,0.4042753840057785,1.1862759596746866,0.5766353651848681,0.0,1.292701244354248,49.26408231258392,0.6670150756835938
5.341999999999634,-0.1802395573580726,-0.011224473008155213,-0.17999644967405545,0.3560756168069758,0.0,0.3560756168069758,0.42309001189904116,0.4043536926150316,1.1873585896075936,0.5766348453584017,0.0,1.292701244354248,49.26408231258392,0.6670150756835938
5.351999999999633,-0.18037547045694705,-0.01481316145005582,-0.1801668496789272,0.35663470330920555,0.0,0.35663470330920555,0.42310459947705786,0.4044304475314597,1.1880594871847354,0.5766343240101985,0.0,1.2834261655807495,49.27219867706299,0.6653609573841095
5.3619999999996315,-0.18052941805436623,-0.015625550070533192,-0.1803086329897063,0.35690373877642095,0.0,0.35690373877642095,0.42311954760876747,0.40450567958132094,1.1883429116704818,0.576633802580314,0.0,1.2834261655807495,49.27219867706299,0.6653609573841095
5.37199999999963,-0.18068565497347147,-0.015340924408768688,-0.1804389731428998,0.3568735216844814,0.0,0.3568735216844814,0.42313486810948436,0.4045794189792606,1.1881973419864171,0.576633280920732,0.0,1.2834261655807495,49.27219867706299,0.6653609573841095
5.381999999999629,-0.18083480048576286,-0.014182556506246854,-0.18055378796887106,0.356779137293533,0.0,0.356779137293533,0.42315057210666596,0.4046516953404462,1.1879540714490924,0.5766327591298619,0.0,1.2834261655807495,49.27219867706299,0.6653609573841095
5.391999999999628,-0.1809769696256763,-0.014138247161263589,-0.18068948622974695,0.35741155116191614,0.0,0.35741155116191614,0.4231666683522474,0.40472253769246147,1.188723120162371,0.5766322366844238,0.0,1.2834261655807495,49.27219867706299,0.6653609573841095
5.401999999999627,-0.18112093882911984,-0.014802800287397723,-0.1808465760041572,0.3582936320046312,0.0,0.3582936320046312,0.42318316344464735,0.4047919744869643,1.189839270936731,0.576631713519588,0.0,1.2777032375335695,49.27074670791626,0.6651944816112518
5.411999999999626,-0.1812740805648404,-0.015594798202887969,-0.18102077040584072,0.3584971882458446,0.0,0.3584971882458446,0.42320006354286754,0.4048600336111135,1.1900054991965239,0.5766311896380145,0.0,1.2777032375335695,49.27074670791626,0.6651944816112518
5.421999999999625,-0.1814213635904813,-0.013810282462297426,-0.18114856939623206,0.35806203534624065,0.0,0.35806203534624065,0.42321737539114257,0.4049267423987687,1.1892793122743157,0.576630665986678,0.0,1.2777032375335695,49.27074670791626,0.6651944816112518
5.431999999999624,-0.18154449920362142,-0.011160547507547188,-0.1812447335114185,0.35790250248837935,0.0,0.35790250248837935,0.4232351036952219,0.40499212764146847,1.1889428611270596,0.576630142480957,0.0,1.2777032375335695,49.27074670791626,0.6651944816112518
5.441999999999623,-0.18163640660663874,-0.008162915976497268,-0.18131281996705043,0.3581575495906345,0.0,0.3581575495906345,0.42325324788987706,0.40505621559919025,1.1891936231876492,0.5766296191635608,0.0,1.2777032375335695,49.27074670791626,0.6651944816112518
5.451999999999622,-0.18170886129319216,-0.006904268907014129,-0.18140141085910635,0.35843902629235885,0.0,0.35843902629235885,0.4232718013504443,0.4051190320108965,1.1894916343224795,0.5766290953243393,0.0,1.2861733913421631,49.26949679851532,0.6673182785511016
5.4619999999996205,-0.18177247481432054,-0.006216038137113987,-0.18149825536441974,0.3587585535627601,0.0,0.3587585535627601,0.42329075369380453,0.4051806021048723,1.1898561561537553,0.5766285710985023,0.0,1.2861733913421631,49.26949679851532,0.6673182785511016
5.471999999999619,-0.181843986484195,-0.008297484092843494,-0.18165669591935016,0.35999611656757724,0.0,0.35999611656757724,0.42331009324752944,0.40524095060885745,1.1915214693945901,0.5766280456115378,0.0,1.2861733913421631,49.26949679851532,0.6673182785511016
5.481999999999618,-0.18193900695615228,-0.009859533659811086,-0.18182897545382928,0.35981859987458226,0.0,0.35981859987458226,0.4233298103893386,0.40530010175997766,1.19122226210733,0.5766275194106184,0.0,1.2861733913421631,49.26949679851532,0.6673182785511016
5.491999999999617,-0.18204165483876586,-0.010310367100286504,-0.18198814755772882,0.3601333897055936,0.0,0.3601333897055936,0.4233498997184377,0.4053580793144786,1.1916284655509308,0.5766269929303465,0.0,1.2861733913421631,49.26949679851532,0.6673182785511016
5.501999999999616,-0.1821320413136844,-0.007553540220217288,-0.18207639360354733,0.3594588452625298,0.0,0.3594588452625298,0.42337035738915557,0.4054149065572668,1.1906653007959267,0.5766264670668962,0.0,1.2836713314056398,49.29360806941986,0.6677143990993499
5.511999999999615,-0.1821809935906918,-0.003352792974371365,-0.18209697243425324,0.3593744844296224,0.0,0.3593744844296224,0.42339117675553156,0.4054706063112613,1.190543120821991,0.5766259418670524,0.0,1.2836713314056398,49.29360806941986,0.6677143990993499
5.521999999999614,-0.18220703584606343,-0.0023063216184114697,-0.18215421034055468,0.35983475090304484,0.0,0.35983475090304484,0.42341234412529727,0.40552520094655997,1.191198961267597,0.5766254160210169,0.0,1.2836713314056398,49.29360806941986,0.6677143990993499
5.531999999999613,-0.18222452899414227,-0.0012145737655270931,-0.18220261209430663,0.3595139267964115,0.0,0.3595139267964115,0.4234338417884725,0.4055787123894235,1.1907777608339476,0.5766248901412432,0.0,1.2836713314056398,49.29360806941986,0.6677143990993499
5.541999999999612,-0.18222551212738683,0.0006211414147827901,-0.1822218087817136,0.359420414258457,0.0,0.359420414258457,0.42345565091252785,0.4056311621310818,1.1906913639274368,0.5766243645981108,0.0,1.2836713314056398,49.29360806941986,0.6677143990993499
5.551999999999611,-0.1822015462134296,0.0031661600675687677,-0.18220475486590257,0.3593189209541824,0.0,0.3593189209541824,0.42347775042678854,0.4056825712363648,1.1906105907769415,0.5766238395990626,0.0,1.3018995523452759,49.29241180419922,0.6716075539588928
5.5619999999996095,-0.18216922316686557,0.0028470968307567866,-0.18223066441957222,0.35982888958424625,0.0,0.35982888958424625,0.4235001160274683,0.405732960352163,1.1914032598750923,0.576623313965891,0.0,1.3018995523452759,49.29241180419922,0.6716075539588928
5.571999999999608,-0.18214772983528102,0.0018001572130740915,-0.18227662541440023,0.3598560375892049,0.0,0.3598560375892049,0.42352272322221474,0.4057823497157192,1.191537099257487,0.5766227879127449,0.0,1.3018995523452759,49.29241180419922,0.6716075539588928
5.581999999999607,-0.18213907431456733,0.0002825141701460164,-0.1823382507848719,0.36007662510568156,0.0,0.36007662510568156,0.42354555070835,0.4058307591627563,1.1919573318870702,0.5766222614740744,0.0,1.3018995523452759,49.29241180419922,0.6716075539588928
5.591999999999606,-0.1821295731760882,0.0016852462171004952,-0.18234110215454727,0.3592728215100619,0.0,0.3592728215100619,0.4235685806721224,0.4058782081354441,1.1909568173048608,0.5766217358061482,0.0,1.3018995523452759,49.29241180419922,0.6716075539588928
5.601999999999605,-0.18209994647646527,0.0034525994945747845,-0.18231306273573036,0.35950773558936416,0.0,0.35950773558936416,0.42359179603231134,0.4059247156902071,1.1914220106408162,0.5766212106077439,0.0,1.3054124832153322,49.314706325531006,0.6723394215106964
5.611999999999604,-0.18206101361760327,0.004340110021569792,-0.18228386664688762,0.3591325660110194,0.0,0.3591325660110194,0.4236151773781468,0.40597030050537825,1.191042533801434,0.5766206853063299,0.0,1.3054124832153322,49.314706325531006,0.6723394215106964
5.621999999999603,-0.1820177645823688,0.0041471818162746275,-0.18226535265968744,0.35949634890424104,0.0,0.35949634890424104,0.4236387043951095,0.4060149808887004,1.191705044795396,0.5766201599263888,0.0,1.3054124832153322,49.314706325531006,0.6723394215106964
5.631999999999602,-0.1819855854836611,0.002913713654519815,-0.18227012866161518,0.35938825174349737,0.0,0.35938825174349737,0.42366235745670794,0.4059529208465313,1.19165350831793,0.576619634203798,0.0,1.3054124832153322,49.314706325531006,0.6723394215106964
5.641999999999601,-0.1819512074950474,0.003395481633090402,-0.18223647769655463,0.3594473945648035,0.0,0.3594473945648035,0.42368611965204556,0.4057219644712566,1.1916451177733152,0.5766191091176003,0.0,1.3054124832153322,49.314706325531006,0.6723394215106964
5.6519999999996,-0.18192621929246267,0.0018465162301376393,-0.18224179830988735,0.3596517036282688,0.0,0.3596517036282688,0.4237099753071488,0.4054373098766772,1.191778647239041,0.5766185834639593,0.0,1.3046045541763307,49.32302117347717,0.6723423838615417
5.6619999999995985,-0.1819149427806173,0.0008479325310417531,-0.182242197016739,0.3593968823479997,0.0,0.3593968823479997,0.42373391130650023,0.40525132862575614,1.1913062731676218,0.5766180577958403,0.0,1.3046045541763307,49.32302117347717,0.6723423838615417
5.671999999999597,-0.1819029621052365,0.0011152859549638013,-0.1822135189959149,0.3594074636555089,0.0,0.3594074636555089,0.4237579176706339,0.4052640561929555,1.191423967695722,0.5766175326177818,0.0,1.3046045541763307,49.32302117347717,0.6723423838615417
5.681999999999596,-0.1818890026262809,0.0016118955037402755,-0.18217397184107728,0.3590757155630569,0.0,0.3590757155630569,0.42378198523910804,0.40532274891452924,1.1911323458472611,0.5766170076891926,0.0,1.3046045541763307,49.32302117347717,0.6723423838615417
5.691999999999595,-0.18186318914232918,0.0035482599927130418,-0.1820939676387224,0.35820829526555786,0.0,0.35820829526555786,0.42380610481150066,0.4053802771350187,1.1900831528545845,0.5766164835267278,0.0,1.3046045541763307,49.32302117347717,0.6723423838615417
5.701999999999594,-0.18181779858075336,0.00464372580440066,-0.18200959292779523,0.35847209152100756,0.0,0.35847209152100756,0.42383026537361884,0.4054366639588691,1.190609333255859,0.5766159597189238,0.0,1.3085153579711915,49.313379526138306,0.6727612853050231
5.711999999999593,-0.18177648176593375,0.0038378945913322433,-0.18196313461116428,0.35847899137025696,0.0,0.35847899137025696,0.4238544535209666,0.405491932032119,1.1907679973525325,0.5766154355995649,0.0,1.3085153579711915,49.313379526138306,0.6727612853050231
5.721999999999592,-0.18174691029978318,0.002505629797498743,-0.1819352056079606,0.3584935547937558,0.0,0.3584935547937558,0.42387865712815637,0.4055461035514947,1.1909291869307386,0.5766149113079518,0.0,1.3085153579711915,49.313379526138306,0.6727612853050231
5.731999999999591,-0.18172233944147798,0.0024730945793766806,-0.1818871286840847,0.35824703023909177,0.0,0.35824703023909177,0.42390286693256923,0.4055992002733254,1.1907157340958763,0.5766143874284562,0.0,1.3085153579711915,49.313379526138306,0.6727612853050231
5.74199999999959,-0.18168997068393344,0.0035958875040521376,-0.18181081771510893,0.3579030775886743,0.0,0.3579030775886743,0.42392707518979306,0.40565124352228105,1.190356251591306,0.57661386415649,0.0,1.3085153579711915,49.313379526138306,0.6727612853050231
5.7519999999995886,-0.18165150296011853,0.0038186523116105937,-0.18174582931554123,0.35782044580783834,0.0,0.35782044580783834,0.42395127339820987,0.4057022541999363,1.1903532780937152,0.5766133409275445,0.0,1.3076605319976808,49.31090831756592,0.6721454083919525
5.7619999999995875,-0.18161322268322766,0.0042378723460762685,-0.18167893724095532,0.3573942075402717,0.0,0.3573942075402717,0.42397545257325664,0.4057522527931652,1.1898605085829408,0.576612817917778,0.0,1.3076605319976808,49.31090831756592,0.6721454083919525
5.771999999999586,-0.181563486348582,0.005039682366158888,-0.18159673773754428,0.3577730456145242,0.0,0.3577730456145242,0.42399960398484315,0.40580125938236933,1.1904866655522168,0.5766122953780948,0.0,1.3076605319976808,49.31090831756592,0.6721454083919525
5.781999999999585,-0.1815135294496846,0.005091553572567813,-0.18153024063569695,0.3574628411259336,0.0,0.3574628411259336,0.42402371783997306,0.40584929364954214,1.1901411607559078,0.5766117728011686,0.0,1.3076605319976808,49.31090831756592,0.6721454083919525
5.791999999999584,-0.18145614274394484,0.006123694078133532,-0.18144229781806714,0.35706115351854584,0.0,0.35706115351854584,0.42404778452172565,0.40589637488617375,1.1896615168058695,0.5766112507725158,0.0,1.3076605319976808,49.31090831756592,0.6721454083919525
5.801999999999583,-0.18139801837342018,0.005537663178958917,-0.18138637182556241,0.3572519753182801,0.0,0.3572519753182801,0.4240717939735698,0.40594252200099884,1.19000667630977,0.5766107284958455,0.0,1.311464858055115,49.301515221595764,0.6723691284656524
5.811999999999582,-0.18134238191484517,0.005419275336967198,-0.18132887136635958,0.3571149960740399,0.0,0.3571149960740399,0.4240957365964583,0.40598775352759064,1.18988977815456,0.5766102064899312,0.0,1.311464858055115,49.301515221595764,0.6723691284656524
5.821999999999581,-0.18130374954541553,0.0024292108479558212,-0.1813406399317227,0.3580891062632219,0.0,0.3580891062632219,0.4241196042358461,0.40603208763180454,1.1913264792150107,0.5766096835208412,0.0,1.311464858055115,49.301515221595764,0.6723691284656524
5.83199999999958,-0.18130357400797673,-0.0016057162419310083,-0.18140651591034157,0.35856299781449097,0.0,0.35856299781449097,0.424143392822834,0.4060755421190737,1.192060984325312,0.5766091596145598,0.0,1.311464858055115,49.301515221595764,0.6723691284656524
5.841999999999579,-0.18133618539940452,-0.004383122441557275,-0.1814784277227364,0.35874450374901456,0.0,0.35874450374901456,0.4241671056322111,0.40611813444156014,1.19238294505402,0.5766086354158971,0.0,1.311464858055115,49.301515221595764,0.6723691284656524
5.8519999999995775,-0.18140458269762438,-0.00793004304396592,-0.18159340732420284,0.35912716685780455,0.0,0.35912716685780455,0.42419075242072274,0.40615988170516387,1.1929816843461853,0.5766081102433082,0.0,1.2898101568222047,49.32182848453522,0.668939185142517
5.861999999999576,-0.18149398631950728,-0.00944431953512465,-0.18168497577907367,0.3592928283811336,0.0,0.3592928283811336,0.42421434881670395,0.4062008006763928,1.1932688617155993,0.576607584980597,0.0,1.2898101568222047,49.32182848453522,0.668939185142517
5.871999999999575,-0.18159035307910137,-0.009701870174531587,-0.18175760134484872,0.3591666809617769,0.0,0.3591666809617769,0.42423791365721786,0.4062409077890968,1.193137499648605,0.5766070597623754,0.0,1.2898101568222047,49.32182848453522,0.668939185142517
5.881999999999574,-0.18167680692709867,-0.0073943591903430275,-0.18177340170083064,0.35843301564922897,0.0,0.35843301564922897,0.4242614659048562,0.40628021915106743,1.1921445205504422,0.5766065352359863,0.0,1.2898101568222047,49.32182848453522,0.668939185142517
5.891999999999573,-0.1817259959252554,-0.0035450871309751584,-0.18172838633670024,0.35814519885984014,0.0,0.35814519885984014,0.42428502098065757,0.4063187505505076,1.191764647621454,0.5766060116760355,0.0,1.2898101568222047,49.32182848453522,0.668939185142517
5.901999999999572,-0.181747590675145,-0.0016122539856909968,-0.1816970257405587,0.35821451299466767,0.0,0.35821451299466767,0.4243085867162519,0.40635651746237206,1.1918755238648213,0.5766054880933493,0.0,1.2931695461273194,49.29356336593628,0.6697486996650696
5.911999999999571,-0.1817662955887216,-0.0019115878156664243,-0.18171141858691658,0.3583799469859133,0.0,0.3583799469859133,0.42433216530386236,0.40639353505458264,1.1921151303954145,0.5766049640847436,0.0,1.2931695461273194,49.29356336593628,0.6697486996650696
5.92199999999957,-0.1817664526370932,0.0013826249844052334,-0.18164808495422102,0.35732512389826565,0.0,0.35732512389826565,0.42435575744676557,0.40642981819411983,1.1906426865259845,0.5766044412923012,0.0,1.2931695461273194,49.29356336593628,0.6697486996650696
5.931999999999569,-0.18172964373399997,0.0055783973026306884,-0.18154040470712998,0.35659413285319297,0.0,0.35659413285319297,0.42437936028247,0.4064653814529938,1.1896220257822312,0.5766039193951793,0.0,1.2931695461273194,49.29356336593628,0.6697486996650696
5.941999999999568,-0.18165622664877273,0.008479147235384513,-0.18142978219444192,0.35644774476301394,0.0,0.35644774476301394,0.42440296409598854,0.40650023911409666,1.1894215988570207,0.5766033978731567,0.0,1.2931695461273194,49.29356336593628,0.6697486996650696
5.9519999999995665,-0.18155713360184536,0.010477823910900715,-0.18132038337160533,0.3566416252774379,0.0,0.3566416252774379,0.42442655289450487,0.4065344051769389,1.1897031084310532,0.5766028767021695,0.0,1.3145794153213501,49.2771053314209,0.6726536393165587
5.961999999999565,-0.18145159343500175,0.010263910258174113,-0.18125488001426365,0.35683673146184847,0.0,0.35683673146184847,0.4244501070257199,0.40656789336327176,1.1899962022978445,0.5766023552861618,0.0,1.3145794153213501,49.2771053314209,0.6726536393165587
5.971999999999564,-0.18135921349118841,0.008359518420719865,-0.18123670237155323,0.3572221099305446,0.0,0.3572221099305446,0.42447360688864627,0.4066007171225982,1.1905685305712266,0.5766018332754017,0.0,1.3145794153213501,49.2771053314209,0.6726536393165587
5.981999999999563,-0.1812852030805896,0.006644520646866209,-0.18123466566356275,0.3572845770966309,0.0,0.3572845770966309,0.42449703659297555,0.40663288963757444,1.1907026874158793,0.5766013110467836,0.0,1.3145794153213501,49.2771053314209,0.6726536393165587
5.991999999999562,-0.18121987801011954,0.006400331574427142,-0.1812152695672248,0.35718430994967737,0.0,0.35718430994967737,0.42452038477237886,0.4066644238293043,1.190623065300169,0.5766007891048316,0.0,1.3145794153213501,49.2771053314209,0.6726536393165587
6.001999999999561,-0.18114991283731272,0.007764437722305182,-0.18116202071841475,0.35638466131792657,0.0,0.35638466131792657,0.4245436425429621,0.40669533236252864,1.1895783453286535,0.5766002677090205,0.0,1.3134438753128053,49.301268458366394,0.6726374506950379
6.01199999999956,-0.18106430040879118,0.008768140928924056,-0.18109721255855216,0.3565821090942863,0.0,0.3565821090942863,0.42456680068291647,0.4067256276507119,1.1899427640522033,0.5765997464768747,0.0,1.3134438753128053,49.301268458366394,0.6726374506950379
6.021999999999559,-0.1809731918248403,0.009746693194975526,-0.18102744855800146,0.35598432373375816,0.0,0.35598432373375816,0.42458984816892564,0.4067553218610273,1.189206851339276,0.5765992254895518,0.0,1.3134438753128053,49.301268458366394,0.6726374506950379
6.031999999999558,-0.18086893638377183,0.01094305316028739,-0.18094109808608902,0.35593236134952067,0.0,0.35593236134952067,0.4246127733125444,0.4067844269192438,1.189248086579091,0.5765987049878744,0.0,1.3134438753128053,49.301268458366394,0.6726374506950379
6.041999999999557,-0.18075107202719778,0.012261648361576406,-0.18083919406244478,0.35567410323116877,0.0,0.35567410323116877,0.42463556294382965,0.40681295451451527,1.1890136354740588,0.5765981849964485,0.0,1.3134438753128053,49.301268458366394,0.6726374506950379
6.0519999999995555,-0.1806302179820746,0.011685320325697602,-0.18076705416760144,0.35595769036399266,0.0,0.35595769036399266,0.42465820243279656,0.40684091610407536,1.18955094792453,0.5765976648216937,0.0,1.322411370277405,49.29987907409668,0.6745368599891662
6.061999999999554,-0.18051702164817732,0.011122076924670104,-0.18069913335432142,0.35562075324391734,0.0,0.35562075324391734,0.4246806777323015,0.40686832291783886,1.1892321587916008,0.5765971447917767,0.0,1.322411370277405,49.29987907409668,0.6745368599891662
6.071999999999553,-0.18040628649710932,0.01116882700016278,-0.1806188087864093,0.35522093328315174,0.0,0.35522093328315174,0.42470297710744825,0.4068951859629121,1.1888366629333191,0.5765966251599016,0.0,1.322411370277405,49.29987907409668,0.6745368599891662
6.081999999999552,-0.18029409015055534,0.011486803214327303,-0.1805280945361442,0.35494384712343074,0.0,0.35494384712343074,0.4247250902741968,0.4069215160280131,1.1886228754081125,0.5765961059284759,0.0,1.322411370277405,49.29987907409668,0.6745368599891662
6.091999999999551,-0.1801819925821176,0.010753683122951717,-0.18045172912355173,0.3551641841551595,0.0,0.3551641841551595,0.42474700755157047,0.40694732368780484,1.1891139081627355,0.5765955867388552,0.0,1.322411370277405,49.29987907409668,0.6745368599891662
6.10199999999955,-0.18008523007358612,0.00868885907192988,-0.1804071377348131,0.3554269939698794,0.0,0.3554269939698794,0.42476872041662184,0.4069726193071424,1.1896710903232235,0.5765950672182726,0.0,1.3198422193527222,49.31152164936066,0.6737445771694184
6.111999999999549,-0.1800051635823816,0.007825093680401043,-0.18034787725568,0.3548939328995884,0.0,0.3548939328995884,0.42479022391323934,0.4069974130452355,1.1891176452863252,0.5765945479504428,0.0,1.3198422193527222,49.31152164936066,0.6737445771694184
6.121999999999548,-0.17992455528231963,0.007841249372721008,-0.18026618420152735,0.35501846690243255,0.0,0.35501846690243255,0.4248115164648766,0.40702171485972855,1.1894853355356652,0.5765940292444166,0.0,1.3198422193527222,49.31152164936066,0.6737445771694184
6.131999999999547,-0.17985749410822943,0.0060154462748420075,-0.18022350616570065,0.3550025240663123,0.0,0.3550025240663123,0.424832597348357,0.40704553451069997,1.1896547208137607,0.5765935101164719,0.0,1.3198422193527222,49.31152164936066,0.6737445771694184
6.141999999999546,-0.17978992151140363,0.007572232599623767,-0.1801137511284464,0.35387619752896504,0.0,0.35387619752896504,0.42485346811352315,0.407068881564582,1.1882652733233052,0.5765929922091968,0.0,1.3198422193527222,49.31152164936066,0.6737445771694184
6.1519999999995445,-0.17969936962572183,0.010015551847271159,-0.1799636208788971,0.3532579092677075,0.0,0.3532579092677075,0.42487413018495357,0.4070917653980027,1.1875809480021255,0.5765924753314081,0.0,1.3203388929367066,49.29627597332001,0.6736168622970581
6.161999999999543,-0.17958885610525763,0.01201820821608102,-0.17980299696033936,0.35285050070313423,0.0,0.35285050070313423,0.4248945811211019,0.40711419520155195,1.1871858375751403,0.576591959179543,0.0,1.3203388929367066,49.29627597332001,0.6736168622970581
6.171999999999542,-0.17946089533171827,0.013038348173191388,-0.17964273655836888,0.35276105991475154,0.0,0.35276105991475154,0.42491481478807724,0.4071361799834724,1.1872302219251067,0.5765914435054105,0.0,1.3203388929367066,49.29627597332001,0.6736168622970581
6.181999999999541,-0.17932943163391837,0.013284069079240067,-0.17949240198800648,0.3522917008713951,0.0,0.3522917008713951,0.42493482255586945,0.4071410036266902,1.186720434286455,0.5765909281194205,0.0,1.3203388929367066,49.29627597332001,0.6736168622970581
6.19199999999954,-0.17919663507215644,0.013010232642137907,-0.17934985595213537,0.35237291577232566,0.0,0.35237291577232566,0.4249545956416638,0.40714816287903555,1.1869819753933966,0.5765904130494226,0.0,1.3203388929367066,49.29627597332001,0.6736168622970581
6.201999999999539,-0.1790691679013853,0.012711165719028012,-0.17921302277282875,0.3519547104985201,0.0,0.3519547104985201,0.42497412602425233,0.40699373688698237,1.186379997873697,0.5765898983157346,0.0,1.3286126136779786,49.2817223072052,0.6744217872619629
6.211999999999538,-0.1789533334271648,0.010773232635474849,-0.17911817620447082,0.3522543166224232,0.0,0.3522543166224232,0.42499340739291874,0.4067487335130617,1.1867577157289961,0.5765893834177198,0.0,1.3286126136779786,49.2817223072052,0.6744217872619629
6.221999999999537,-0.1788642132326011,0.0073624225827430105,-0.17907253075519222,0.3528874725268005,0.0,0.3528874725268005,0.4250124364858565,0.4063146200881628,1.1873259103615508,0.5765888679825077,0.0,1.3286126136779786,49.2817223072052,0.6744217872619629
6.231999999999536,-0.17880931711538833,0.004474689933167209,-0.1790459993294019,0.3525841881114575,0.0,0.3525841881114575,0.4250312156540519,0.4057938573196093,1.1865186543702506,0.5765883523413152,0.0,1.3286126136779786,49.2817223072052,0.6744217872619629
6.241999999999535,-0.17877831848740636,0.002231801876689723,-0.17902651553866386,0.35276917749084385,0.0,0.35276917749084385,0.4250497536271837,0.40540611747084926,1.1864792152060246,0.5765878366632624,0.0,1.3286126136779786,49.2817223072052,0.6744217872619629
6.2519999999995335,-0.17877357454033288,-0.0007384903028689622,-0.1790397696795949,0.3531846087946594,0.0,0.3531846087946594,0.42506806364948074,0.405089603491027,1.1868285681963007,0.5765873204654876,0.0,1.311764931678772,49.29792821407318,0.6709962248802185
6.261999999999532,-0.1787956138287664,-0.0031401656477338113,-0.17906096189137882,0.3533073648495349,0.0,0.3533073648495349,0.4250861633576841,0.40481132599378644,1.1867799054228814,0.5765868039616101,0.0,1.311764931678772,49.29792821407318,0.6709962248802185
6.271999999999531,-0.1788419543172839,-0.005281210529936575,-0.17909607363221586,0.35334338225549844,0.0,0.35334338225549844,0.4251040746074651,0.4044705676853589,1.1865731405011397,0.5765862871566522,0.0,1.311764931678772,49.29792821407318,0.6709962248802185
6.28199999999953,-0.17890556179715106,-0.007062405082920503,-0.17913743666229573,0.3536153866985081,0.0,0.3536153866985081,0.42512182251128067,0.40404187764017424,1.186617260720454,0.5765857701575204,0.0,1.311764931678772,49.29792821407318,0.6709962248802185
6.291999999999529,-0.17899194790503573,-0.009979705581785077,-0.17921736680550407,0.35447934722801777,0.0,0.35447934722801777,0.42513943423373257,0.4034244556515314,1.187293405087586,0.5765852524153766,0.0,1.311764931678772,49.29792821407318,0.6709962248802185
6.301999999999528,-0.17911487829712944,-0.013967744544260158,-0.17934738191520366,0.35515626150206675,0.0,0.35515626150206675,0.42515693985994185,0.4025880695139747,1.1874802017892447,0.5765847336305128,0.0,1.2906379461288453,49.2935973405838,0.6668961644172668
6.311999999999527,-0.17927388752909562,-0.016518804160086265,-0.1794826951497581,0.35496458383200236,0.0,0.35496458383200236,0.4251743744874822,0.40142388346767865,1.186046309054313,0.5765842144157693,0.0,1.2906379461288453,49.2935973405838,0.6668961644172668
6.321999999999526,-0.17944588556471255,-0.018202434273063405,-0.17961241914789905,0.35590688617908145,0.0,0.35590688617908145,0.4251917773063166,0.4003706451461052,1.186219095497959,0.5765836949403349,0.0,1.2906379461288453,49.2935973405838,0.6668961644172668
6.331999999999525,-0.17964890471153422,-0.02148693571818244,-0.17979803425444865,0.3564087709081522,0.0,0.3564087709081522,0.4252091884046771,0.39939141837606795,1.1858915837537995,0.5765831741610821,0.0,1.2906379461288453,49.2935973405838,0.6668961644172668
6.341999999999524,-0.17987539745323577,-0.023539222866671455,-0.17998219821925432,0.35685509421866574,0.0,0.35685509421866574,0.42522665053590625,0.3983518922521785,1.185387188426418,0.5765826528787951,0.0,1.2906379461288453,49.2935973405838,0.6668961644172668
6.3519999999995225,-0.18012291476575512,-0.025566683128480087,-0.18018609142801653,0.3573364759059923,0.0,0.3573364759059923,0.42524420829050974,0.39743787832871574,1.1850225874106666,0.5765821307783738,0.0,1.2682225465774537,49.282081723213196,0.6622847855091094
6.361999999999521,-0.18039485333395136,-0.028353648185415557,-0.18042982190355342,0.3581660832651039,0.0,0.3581660832651039,0.4252619073184153,0.39639980459864405,1.1850095107238474,0.5765816075956621,0.0,1.2682225465774537,49.282081723213196,0.6622847855091094
6.37199999999952,-0.18069123183614766,-0.030283936326942283,-0.18068190072045104,0.3586819139972015,0.0,0.3586819139972015,0.42527979479044653,0.39538982055928873,1.184576481544162,0.5765810835657232,0.0,1.2682225465774537,49.282081723213196,0.6622847855091094
6.381999999999519,-0.18099834730618572,-0.03140922119518005,-0.18093195301471965,0.35939456280136645,0.0,0.35939456280136645,0.42529791895318075,0.39441178359918794,1.1843597800107821,0.5765805588608509,0.0,1.2682225465774537,49.282081723213196,0.6622847855091094
6.391999999999518,-0.1813242361009963,-0.03373400024949129,-0.18122462001711026,0.36042917194865703,0.0,0.36042917194865703,0.42531632711282064,0.39343901011748034,1.1846103372975432,0.576580032755266,0.0,1.2682225465774537,49.282081723213196,0.6622847855091094
6.401999999999517,-0.18167314943137414,-0.03531341124241461,-0.18152965271228558,0.3605260019357251,0.0,0.3605260019357251,0.42533506673846494,0.39242815767535727,1.1834804754185435,0.5765795056198563,0.0,1.2495567321777346,49.27154779434204,0.6584018111228942
6.411999999999516,-0.1820230975329931,-0.03474758504661696,-0.1818046575241567,0.3610443653124207,0.0,0.3610443653124207,0.42535418575806844,0.39131153846738487,1.1828804631103689,0.5765789782270148,0.0,1.2495567321777346,49.27154779434204,0.6584018111228942
6.421999999999515,-0.18236978599610684,-0.034628182238421706,-0.18209153696684158,0.36178460789650607,0.0,0.36178460789650607,0.425373729087332,0.3897859899793667,1.1821406440862212,0.5765784498574307,0.0,1.2495567321777346,49.27154779434204,0.6584018111228942
6.431999999999514,-0.18273048117062077,-0.03720483283347286,-0.18244771792157702,0.36316947232073044,0.0,0.36316947232073044,0.4253937378637596,0.38826002249831765,1.1822321228650117,0.576577919580065,0.0,1.2495567321777346,49.27154779434204,0.6584018111228942
6.441999999999513,-0.18313453714571346,-0.04283132029931801,-0.18290557237176386,0.3650811384933196,0.0,0.3650811384933196,0.4254142529243613,0.3865627271649942,1.1829334584872644,0.5765773866836931,0.0,1.2495567321777346,49.27154779434204,0.6584018111228942
6.4519999999995115,-0.18359734034582653,-0.04821384760400095,-0.18341706077055803,0.36637364185671983,0.0,0.36637364185671983,0.4254353202239325,0.3849660693559145,1.1827461767937844,0.5765768515957644,0.0,1.2404166698455812,49.27816390991211,0.6540299236774445
6.46199999999951,-0.18410457651603598,-0.052548539241808245,-0.1839528856689763,0.36805192417967936,0.0,0.36805192417967936,0.42545699297439543,0.3833736844994104,1.1831160814766246,0.5765763146539892,0.0,1.2404166698455812,49.27816390991211,0.6540299236774445
6.471999999999509,-0.18465413815616225,-0.05601839110633451,-0.18451363759890152,0.3689091320098413,0.0,0.3689091320098413,0.4254793292222765,0.38232572207338983,1.1827538509376991,0.5765757757530166,0.0,1.2404166698455812,49.27816390991211,0.6540299236774445
6.481999999999508,-0.18521396947681193,-0.05562407750691689,-0.18501538455835134,0.3692851478888619,0.0,0.3692851478888619,0.42550239001336315,0.3817248865276397,1.1821892534578655,0.5765752361595238,0.0,1.2404166698455812,49.27816390991211,0.6540299236774445
6.491999999999507,-0.18575343137231862,-0.05248334430554228,-0.18545226004720913,0.36951064328266553,0.0,0.36951064328266553,0.42552623374736837,0.38097080634732117,1.1814204582223176,0.576574696129934,0.0,1.2404166698455812,49.27816390991211,0.6540299236774445
6.501999999999506,-0.18625355928822454,-0.04885262123978276,-0.18585077799865185,0.37034799084305403,0.0,0.37034799084305403,0.42555091024018943,0.3799916560900982,1.1812027341735176,0.5765741554650887,0.0,1.2357239723205569,49.28224802017212,0.6515395045280457
6.511999999999505,-0.18672643263078212,-0.046064128869621315,-0.18624813841997115,0.37083155026149556,0.0,0.37083155026149556,0.4255764582030917,0.3791172995301622,1.1805033457148135,0.5765736136317291,0.0,1.2357239723205569,49.28224802017212,0.6515395045280457
6.521999999999504,-0.187175633797985,-0.044002857238362995,-0.18664731832274054,0.3715543776593516,0.0,0.3715543776593516,0.4256029073514937,0.3783154542576279,1.1802909995584072,0.5765730706278414,0.0,1.2357239723205569,49.28224802017212,0.6515395045280457
6.531999999999503,-0.18760738033145946,-0.042987925769285854,-0.1870605978716433,0.3729464576959403,0.0,0.3729464576959403,0.42563027997960706,0.37721030161691477,1.1807228190848518,0.5765725262725678,0.0,1.2357239723205569,49.28224802017212,0.6515395045280457
6.5419999999995015,-0.18804068852125636,-0.04351306280790429,-0.18751403624516086,0.37401322629420297,0.0,0.37401322629420297,0.4256585929880025,0.37615854311863417,1.1807173759220064,0.5765719800888884,0.0,1.2357239723205569,49.28224802017212,0.6515395045280457
6.5519999999995004,-0.18848166409356207,-0.04443006956784132,-0.18798995232762772,0.37530686702210114,0.0,0.37530686702210114,0.4256878612581303,0.37526735262743083,1.1811162188135924,0.5765714321876191,0.0,1.246821188926697,49.303500056266785,0.6531085073947906
6.561999999999499,-0.1889329022153483,-0.04569586812234062,-0.18848521104458513,0.3764899371654865,0.0,0.3764899371654865,0.42571809922234277,0.3746599156984833,1.181665294645587,0.5765708823813946,0.0,1.246821188926697,49.303500056266785,0.6531085073947906
6.571999999999498,-0.1893790976444381,-0.04346953765672033,-0.1889194937091839,0.37657322071447524,0.0,0.37657322071447524,0.42574932124184545,0.3741529034625093,1.1808517279040507,0.5765703320804813,0.0,1.246821188926697,49.303500056266785,0.6531085073947906
6.581999999999497,-0.1898066025294476,-0.04252440732095946,-0.18936723075241216,0.37787252205564464,0.0,0.37787252205564464,0.42578153874434566,0.3735447476952514,1.1815991987392747,0.5765697803415751,0.0,1.246821188926697,49.303500056266785,0.6531085073947906
6.591999999999496,-0.19022492403464464,-0.04125604911072952,-0.18980710908945922,0.3784305165787473,0.0,0.3784305165787473,0.4258147582397836,0.373214237890795,1.1816202983008248,0.5765692274224621,0.0,1.246821188926697,49.303500056266785,0.6531085073947906
6.601999999999495,-0.19062862265611666,-0.03945070598468468,-0.19022762413081842,0.3790199427067271,0.0,0.3790199427067271,0.4258489828153825,0.37301717838960097,1.181827683276994,0.576568673432589,0.0,1.2552804946899414,49.34402287006378,0.6545708239078522
6.611999999999494,-0.19098845574342121,-0.03345673367624981,-0.19053040485450048,0.3787529471578567,0.0,0.3787529471578567,0.42588421117885006,0.37278791522983545,1.1808967233830894,0.5765681196954521,0.0,1.2552804946899414,49.34402287006378,0.6545708239078522
6.621999999999493,-0.19129340257740055,-0.028835212180084974,-0.19081573122230966,0.3793741855310495,0.0,0.3793741855310495,0.4259204329565679,0.37233056270463133,1.1809212853590065,0.5765675653825921,0.0,1.2552804946899414,49.34402287006378,0.6545708239078522
6.631999999999492,-0.19156413147582663,-0.025720777738953444,-0.1911049135564456,0.37994020736135337,0.0,0.37994020736135337,0.42595762745725085,0.37202277604599127,1.1811149930940332,0.5765670101714346,0.0,1.2552804946899414,49.34402287006378,0.6545708239078522
6.6419999999994905,-0.19179944556293713,-0.02236065179955153,-0.19136451302769586,0.38019729338332064,0.0,0.38019729338332064,0.4259957673128435,0.37142356392920517,1.180635607945438,0.576566454609632,0.0,1.2552804946899414,49.34402287006378,0.6545708239078522
6.651999999999489,-0.19201069256555967,-0.02013433297330886,-0.19162766150661578,0.38080908403274916,0.0,0.38080908403274916,0.42603481962566897,0.3708810184602983,1.1805711282255131,0.5765658981640681,0.0,1.287449622154236,49.36420559883118,0.6611004292964935
6.661999999999488,-0.19220098684826847,-0.018421350137827606,-0.19188090781004583,0.38139146893661874,0.0,0.38139146893661874,0.4260747479300939,0.3706470283036016,1.1808672128035687,0.5765653408701785,0.0,1.287449622154236,49.36420559883118,0.6611004292964935
6.671999999999487,-0.1923814170544799,-0.017782369323857343,-0.1921477621909019,0.3820317465508237,0.0,0.3820317465508237,0.4261155135442073,0.37046903874734527,1.1813430352854548,0.5765647826218734,0.0,1.287449622154236,49.36420559883118,0.6611004292964935
6.681999999999486,-0.19255076616033845,-0.01645966213297402,-0.19239335666951332,0.3822832707580523,0.0,0.3822832707580523,0.42615707744565823,0.37052118107133847,1.1815192276444826,0.5765642239492977,0.0,1.287449622154236,49.36420559883118,0.6611004292964935
6.691999999999485,-0.19270118110986495,-0.014003802901176813,-0.19260081203437057,0.38218988472296644,0.0,0.38218988472296644,0.42619940030654047,0.3708921649221145,1.1815446522647388,0.5765636651773067,0.0,1.287449622154236,49.36420559883118,0.6611004292964935
6.701999999999484,-0.19281441993451146,-0.00916227732134802,-0.19272819107685535,0.38164674365115625,0.0,0.38164674365115625,0.4262424408808661,0.3714630900700627,1.1812589821790547,0.5765631069879823,0.0,1.3019975185394288,49.40755546092987,0.6632425427436828
6.711999999999483,-0.19287103138748563,-0.0035190453457278285,-0.1927813108946836,0.38137055379748314,0.0,0.38137055379748314,0.4262861527003693,0.37188213600558245,1.1812565175756145,0.5765625492568547,0.0,1.3019975185394288,49.40755546092987,0.6632425427436828
6.721999999999482,-0.19287668659331553,0.001230622409911005,-0.19280424494860995,0.38111931487787437,0.0,0.38111931487787437,0.426330481275175,0.3722549244233388,1.1812488189488721,0.5765619918680919,0.0,1.3019975185394288,49.40755546092987,0.6632425427436828
6.731999999999481,-0.19284150690405066,0.00509137269473557,-0.19280575178979978,0.3807764376346184,0.0,0.3807764376346184,0.42637536536648135,0.3725713669098746,1.1810917603029014,0.5765614347588204,0.0,1.3019975185394288,49.40755546092987,0.6632425427436828
6.7419999999994795,-0.19275550942595937,0.010952388617538377,-0.19272456003360364,0.379780359960404,0.0,0.379780359960404,0.4264207390366204,0.37305998860636547,1.1801270975966691,0.5765608789968366,0.0,1.3019975185394288,49.40755546092987,0.6632425427436828
6.751999999999478,-0.19261035939037058,0.017068698510609454,-0.19258496154551877,0.3788239518610434,0.0,0.3788239518610434,0.42646653056621714,0.37367362643312774,1.1795126327060772,0.5765603244303714,0.0,1.3343569040298462,49.40915584564209,0.6723237335681915
6.761999999999477,-0.19240417850711408,0.022515405483277677,-0.1924027352691815,0.3784598228424836,0.0,0.3784598228424836,0.42651266117058806,0.3741969511936437,1.1796054918204604,0.5765597710289776,0.0,1.3343569040298462,49.40915584564209,0.6723237335681915
6.771999999999476,-0.19216452859892152,0.024910845628345724,-0.19224382663227707,0.3781555520502017,0.0,0.3781555520502017,0.42655904581732795,0.374872035121617,1.1800131272714756,0.5765592177550418,0.0,1.3343569040298462,49.40915584564209,0.6723237335681915
6.781999999999475,-0.1919043011579704,0.02650295741967574,-0.19207785703664362,0.377969897853217,0.0,0.377969897853217,0.4266055980883727,0.3755337249532689,1.1806165638243307,0.5765586650674366,0.0,1.3343569040298462,49.40915584564209,0.6723237335681915
6.791999999999474,-0.1916360737508971,0.026929832149700465,-0.19192036533227422,0.3777340962555529,0.0,0.3777340962555529,0.4266522333651858,0.3761822864360257,1.181179157189171,0.5765581127139322,0.0,1.3343569040298462,49.40915584564209,0.6723237335681915
6.801999999999473,-0.19136110455226416,0.028587085794928295,-0.19172652917117777,0.3765568472063445,0.0,0.3765568472063445,0.42669887097623455,0.3768179800447147,1.180451451149377,0.5765575613491644,0.0,1.3486893415451051,49.432830810546875,0.6752086043357849
6.811999999999472,-0.19107156132826092,0.02866474506150324,-0.1915354295180522,0.3769504594307391,0.0,0.3769504594307391,0.42674543400050574,0.37744106108617637,1.181947521607072,0.5765570103548634,0.0,1.3486893415451051,49.432830810546875,0.6752086043357849
6.821999999999471,-0.19079014863978402,0.028188973626984977,-0.19135073828012106,0.3760762836437199,0.0,0.3760762836437199,0.42679184868887593,0.3780517798018006,1.1816898952128734,0.5765564597752848,0.0,1.3486893415451051,49.432830810546875,0.6752086043357849
6.83199999999947,-0.19049048553243472,0.03101304153697057,-0.19107913509986912,0.3749289797915372,0.0,0.3749289797915372,0.4268380469908865,0.3786283561263292,1.181067186090015,0.5765559112109508,0.0,1.3486893415451051,49.432830810546875,0.6752086043357849
6.8419999999994685,-0.1901678090482812,0.03282421277871163,-0.19079310042463854,0.3743243977338777,0.0,0.3743243977338777,0.42688396260015143,0.37892179809234494,1.1809518892649125,0.5765553636830488,0.0,1.3486893415451051,49.432830810546875,0.6752086043357849
6.851999999999467,-0.18983622310359335,0.033244315545386025,-0.19051157348997078,0.3738936086218449,0.0,0.3738936086218449,0.4269295297502396,0.37932751283147764,1.1811738000603904,0.5765548169018281,0.0,1.3574186801910402,49.43606197834015,0.6774573206901551
6.861999999999466,-0.1894998058203093,0.03401065383986626,-0.19020678294097298,0.37273026231361084,0.0,0.37273026231361084,0.4269746855303563,0.3798572334432285,1.180490032088523,0.5765542713169408,0.0,1.3574186801910402,49.43606197834015,0.6774573206901551
6.871999999999465,-0.18915223712183296,0.03486323589185314,-0.18987789080226078,0.3720967418229677,0.0,0.3720967418229677,0.42701937047240524,0.38040517024462867,1.1806171022331633,0.5765537270397108,0.0,1.3574186801910402,49.43606197834015,0.6774573206901551
6.881999999999464,-0.1888031232706273,0.03466629670859978,-0.18955375133897306,0.37165768189192955,0.0,0.37165768189192955,0.42706352778929146,0.3809261313583961,1.1810121075531101,0.5765531836303174,0.0,1.3574186801910402,49.43606197834015,0.6774573206901551
6.891999999999463,-0.18846989909662193,0.0323589087493424,-0.18926848354842327,0.37141618140450294,0.0,0.37141618140450294,0.42710710486166437,0.38144368996915134,1.1816624566932104,0.576552640493264,0.0,1.3574186801910402,49.43606197834015,0.6774573206901551
6.901999999999462,-0.18815643886636416,0.030690142173796273,-0.18897645290734316,0.37070518813658304,0.0,0.37070518813658304,0.4271500559618483,0.38191723522314336,1.1816208974406706,0.576552098302099,0.0,1.3539257764816286,49.43050265312195,0.6771760642528534
6.911999999999461,-0.1878564711176765,0.029660206443642277,-0.1886727714618767,0.369741103572177,0.0,0.369741103572177,0.42719234275378665,0.38243914378486354,1.1812705805305967,0.5765515571880885,0.0,1.3539257764816286,49.43050265312195,0.6771760642528534
6.92199999999946,-0.18756055623935586,0.02948538859250311,-0.18834529216904955,0.3689008167440671,0.0,0.3689008167440671,0.42723393262165493,0.3829506973473653,1.1810736475466503,0.5765510173610862,0.0,1.3539257764816286,49.43050265312195,0.6771760642528534
6.931999999999459,-0.18727000005618843,0.02855945784077424,-0.18802503730673006,0.36852085518572997,0.0,0.36852085518572997,0.4272747968178648,0.38345210136044705,1.1814971823999632,0.5765504783645287,0.0,1.3539257764816286,49.43050265312195,0.6771760642528534
6.9419999999994575,-0.1869927900110189,0.02683243009469604,-0.18772119647164331,0.36822318504399054,0.0,0.36822318504399054,0.4273149103575469,0.38394355719765194,1.182008211609373,0.5765499400205566,0.0,1.3539257764816286,49.43050265312195,0.6771760642528534
6.951999999999456,-0.18673373146790767,0.025373218566746056,-0.18742089498213457,0.36750981881470346,0.0,0.36750981881470346,0.42735425328131477,0.3844252622371435,1.1819058896240358,0.5765494025237355,0.0,1.3437664985656739,49.40812408924103,0.6764989376068116
6.961999999999455,-0.1864906730428937,0.023375857075414286,-0.1871401519779453,0.36724179685683045,0.0,0.36724179685683045,0.42739281102373566,0.3848974099409764,1.182393196893422,0.5765488657425194,0.0,1.3437664985656739,49.40812408924103,0.6764989376068116
6.971999999999454,-0.18626389162103738,0.022616251037166572,-0.18684556289226856,0.36603477719057004,0.0,0.36603477719057004,0.4274305739605533,0.38536018993279453,1.1815296705557627,0.5765483299840545,0.0,1.3437664985656739,49.40812408924103,0.6764989376068116
6.981999999999453,-0.18603126280855595,0.023918448385172035,-0.1865048407896835,0.36495874417573937,0.0,0.36495874417573937,0.4274675365941428,0.38581378807398764,1.1808110285193385,0.5765477958568584,0.0,1.3437664985656739,49.40812408924103,0.6764989376068116
6.991999999999452,-0.18578851143257782,0.024560565462263245,-0.18616542591563096,0.36431593638949433,0.0,0.36431593638949433,0.4275036936984449,0.3862583865383369,1.18065980890992,0.5765472627006447,0.0,1.3437664985656739,49.40812408924103,0.6764989376068116
7.001999999999451,-0.18553878899448809,0.02509829152704652,-0.18582408367358624,0.3636275276815694,0.0,0.3636275276815694,0.42753903928278403,0.386694163885179,1.1804060190662704,0.576546730641586,0.0,1.3377066135406495,49.37126159667969,0.6761363208293915
7.01199999999945,-0.18528726122131228,0.02493846398886313,-0.18550211243728143,0.36322500482022735,0.0,0.36322500482022735,0.42757356725649504,0.3871212951311197,1.1805163103714285,0.5765461995471285,0.0,1.3377066135406495,49.37126159667969,0.6761363208293915
7.021999999999449,-0.1850391843802426,0.02448325626101984,-0.1851925678070712,0.36278041380533305,0.0,0.36278041380533305,0.4276072723411363,0.38753995182032314,1.1805339333722498,0.5765456691740849,0.0,1.3377066135406495,49.37126159667969,0.6761363208293915
7.031999999999448,-0.18480612185236686,0.022768715581247736,-0.18492386927778168,0.3623635851506364,0.0,0.3623635851506364,0.427640151250071,0.38795030209340803,1.1805582119281688,0.5765451389955519,0.0,1.3377066135406495,49.37126159667969,0.6761363208293915
7.0419999999994465,-0.1845890871685799,0.0212809672483973,-0.18467086320005124,0.36210911312598404,0.0,0.36210911312598404,0.42767220435851633,0.3883525107549755,1.180778979745382,0.5765446093272849,0.0,1.3377066135406495,49.37126159667969,0.6761363208293915
7.051999999999445,-0.1843792704179369,0.020839662149403596,-0.18441258049691744,0.36139662996369515,0.0,0.36139662996369515,0.42770343573284114,0.3887467393397983,1.18032931406192,0.5765440805319566,0.0,1.3328486919403078,49.34808373451233,0.6749266386032104
7.061999999999444,-0.18416994878195825,0.021140430593614153,-0.18415179374500426,0.36071603136295444,0.0,0.36071603136295444,0.4277338514071404,0.3891331461776962,1.179898162898356,0.5765435527072024,0.0,1.3328486919403078,49.34808373451233,0.6749266386032104
7.071999999999443,-0.1839485722642926,0.02253070401788261,-0.18386838534954716,0.36019919167166586,0.0,0.36019919167166586,0.4277634577076976,0.38951188645712403,1.1796734429843132,0.5765430260252239,0.0,1.3328486919403078,49.34808373451233,0.6749266386032104
7.081999999999442,-0.18372186099626808,0.022364006921683256,-0.1836165067631136,0.360082451996402,0.0,0.360082451996402,0.4277922593370593,0.3898831122874987,1.1799894517150182,0.5765424996408294,0.0,1.3328486919403078,49.34808373451233,0.6749266386032104
7.091999999999441,-0.18351436359435291,0.01977707441630028,-0.183433187559823,0.36021636270073115,0.0,0.36021636270073115,0.427820260732964,0.39024697276028897,1.180640182194199,0.5765419728239048,0.0,1.3328486919403078,49.34808373451233,0.6749266386032104
7.10199999999944,-0.1833330856957019,0.01714192541300602,-0.1832817695607298,0.3602783992811923,0.0,0.3602783992811923,0.4278474701577114,0.3906036140088937,1.1811761942965933,0.5765414460357836,0.0,1.3295640707015992,49.33179020881653,0.6742456316947937
7.111999999999439,-0.18317234734947166,0.015260243281365769,-0.18314354654111628,0.3601433711956906,0.0,0.3601433711956906,0.427873900970708,0.39095317926733186,1.181424362833149,0.5765409196034569,0.0,1.3295640707015992,49.33179020881653,0.6742456316947937
7.121999999999438,-0.1830281219405953,0.014220666604208365,-0.18300968255532807,0.3595934771733864,0.0,0.3595934771733864,0.42789957046828914,0.39129580892776794,1.1810814461541035,0.5765403934802497,0.0,1.3295640707015992,49.33179020881653,0.6742456316947937
7.131999999999437,-0.1828870733576926,0.014168147192510083,-0.18286516572444195,0.35928946476006446,0.0,0.35928946476006446,0.4279244984454071,0.39163164059689626,1.1810736237660127,0.576539867926152,0.0,1.3295640707015992,49.33179020881653,0.6742456316947937
7.1419999999994355,-0.18274133925036412,0.0149667111811933,-0.182705296415322,0.35878980267365734,0.0,0.35878980267365734,0.42794870479095404,0.3919608091512063,1.1807842322424422,0.5765393430443211,0.0,1.3295640707015992,49.33179020881653,0.6742456316947937
7.151999999999434,-0.18258563536784425,0.01607933760900456,-0.1825355131960021,0.3582515791299318,0.0,0.3582515791299318,0.42797220784838724,0.3922834467911519,1.1804349645053336,0.5765388188131846,0.0,1.326412630081177,49.32024598121643,0.6736898779869079
7.161999999999433,-0.1824017007936093,0.019853603874754253,-0.18229923066054457,0.35731647482273005,0.0,0.35731647482273005,0.4279950232097856,0.3925996830942456,1.1795266809720188,0.5765382962732847,0.0,1.326412630081177,49.32024598121643,0.6736898779869079
7.171999999999432,-0.1822015289909503,0.01962545488425147,-0.18212516120309924,0.3576930128943022,0.0,0.3576930128943022,0.4280171610593315,0.39290964506709913,1.1804545704502285,0.5765377734011579,0.0,1.326412630081177,49.32024598121643,0.6736898779869079
7.181999999999431,-0.182009234562906,0.018905025201872976,-0.1819710801436204,0.35744363970626797,0.0,0.35744363970626797,0.4280386285717148,0.393213457196432,1.180508339124956,0.5765372506839016,0.0,1.326412630081177,49.32024598121643,0.6736898779869079
7.19199999999943,-0.18182622984730848,0.017933663013594038,-0.18183263236830402,0.35727330694957493,0.0,0.35727330694957493,0.42805943426980464,0.3935112414990678,1.1806760324137735,0.5765367281475966,0.0,1.326412630081177,49.32024598121643,0.6736898779869079
7.201999999999429,-0.1816527431630774,0.016762373238671982,-0.18170810442747562,0.35732690723761223,0.0,0.35732690723761223,0.4280795884833406,0.39380311757093817,1.1811610853635692,0.576536205802248,0.0,1.330099129676819,49.31313633918762,0.6744493663311004
7.211999999999428,-0.18149073249634481,0.01589826411528051,-0.1815897101077295,0.3569514360446348,0.0,0.3569514360446348,0.42809910339141094,0.39408920263511515,1.1810497108627136,0.5765356837684726,0.0,1.330099129676819,49.31313633918762,0.6744493663311004
7.221999999999427,-0.18133693772494247,0.015266573704987053,-0.1814734212574956,0.35670402644571253,0.0,0.35670402644571253,0.42811799306593606,0.3943696115888904,1.181121678265413,0.5765351620349863,0.0,1.330099129676819,49.31313633918762,0.6744493663311004
7.2319999999994256,-0.1811853866845798,0.014913836772726275,-0.1813522516063845,0.35663690035995493,0.0,0.35663690035995493,0.4281362727091919,0.3946444570499196,1.181449426196506,0.5765346407304356,0.0,1.330099129676819,49.31313633918762,0.6744493663311004
7.2419999999994245,-0.18103867839266968,0.014492910326564627,-0.181234037228771,0.3563535015840019,0.0,0.3563535015840019,0.4281539577146419,0.3949138494014524,1.1814770234282432,0.576534119721025,0.0,1.330099129676819,49.31313633918762,0.6744493663311004
7.251999999999423,-0.18089744073443878,0.013688096318545786,-0.18112431079815747,0.35633193571431704,0.0,0.35633193571431704,0.4281710638308518,0.3951778968366642,1.1818727557834219,0.5765335989144649,0.0,1.3257285356521606,49.31397497653961,0.6735407590866089
7.261999999999422,-0.18076829436069505,0.012462963430603284,-0.18102875045008943,0.3561840205574102,0.0,0.3561840205574102,0.4281876075235453,0.3954367054021089,1.1820917449125694,0.5765330781688816,0.0,1.3257285356521606,49.31397497653961,0.6735407590866089
7.271999999999421,-0.18064480191926674,0.012752475966445933,-0.18090665841418266,0.35529634967462687,0.0,0.35529634967462687,0.42820360680575204,0.39569037904030857,1.1812733652259269,0.576532558124284,0.0,1.3257285356521606,49.31397497653961,0.6735407590866089
7.28199999999942,-0.18050961762653026,0.013660414225086931,-0.18075892418070955,0.35526862096689515,0.0,0.35526862096689515,0.42821907975802587,0.39593901963149974,1.1816556158618339,0.5765320388853544,0.0,1.3257285356521606,49.31397497653961,0.6735407590866089
7.291999999999419,-0.18036678547782936,0.014879255256483028,-0.1805951932749869,0.35436705977297533,0.0,0.35436705977297533,0.4282340419919104,0.3961827270345497,1.1808103370530123,0.5765315203206456,0.0,1.3257285356521606,49.31397497653961,0.6735407590866089
7.301999999999418,-0.1802072614872901,0.016317960905087123,-0.18041046831510948,0.354031695932147,0.0,0.354031695932147,0.42824850666322534,0.3964215991270621,1.1807528402901097,0.5765310026295051,0.0,1.3295580625534058,49.298638105392456,0.6742036581039428
7.311999999999417,-0.1800497476165281,0.015456954623959372,-0.18026879645117302,0.35404003581460397,0.0,0.35404003581460397,0.4282624838785825,0.3966557318446864,1.1811720762882092,0.5765304848780047,0.0,1.3295580625534058,49.298638105392456,0.6742036581039428
7.321999999999416,-0.17989327377796724,0.015537366550649138,-0.18010859517144884,0.3538553045492615,0.0,0.3538553045492615,0.42827598346292317,0.3968852192196476,1.1813161115404887,0.576529967851849,0.0,1.3295580625534058,49.298638105392456,0.6742036581039428
7.3319999999994145,-0.17975134205639254,0.01323556883504602,-0.18000122725290146,0.35400087086129134,0.0,0.35400087086129134,0.42828901555426163,0.3971101534185111,1.1819167956988201,0.5765294504051838,0.0,1.3295580625534058,49.298638105392456,0.6742036581039428
7.341999999999413,-0.17963106654674207,0.011274233501290054,-0.17990364123668637,0.3538396363333345,0.0,0.3538396363333345,0.428301592675991,0.39733062477919895,1.1820806041994225,0.576528933099999,0.0,1.3295580625534058,49.298638105392456,0.6742036581039428
7.351999999999412,-0.17953480023367663,0.00871112156345462,-0.17983400318076334,0.3538559541483624,0.0,0.3538559541483624,0.42831373113150506,0.39754672184727113,1.1824836083981207,0.5765284155962,0.0,1.3196618080139162,49.30262207984924,0.6723000764846802
7.361999999999411,-0.17945370986675735,0.007775133287268388,-0.1797436893120681,0.3534999171149679,0.0,0.3534999171149679,0.42832545096328023,0.3977585314114869,1.1823534327887009,0.5765278985967525,0.0,1.3196618080139162,49.30262207984924,0.6723000764846802
7.37199999999941,-0.17937119144003646,0.008041728168939073,-0.17962686855921836,0.3533672884889899,0.0,0.3533672884889899,0.4283367740463603,0.3979661385386615,1.182522128513839,0.576527382314561,0.0,1.3196618080139162,49.30262207984924,0.6723000764846802
7.381999999999409,-0.1792986242231405,0.0059824354191665135,-0.17955770626444925,0.3538497914563909,0.0,0.3538497914563909,0.42834772139578087,0.39816962660782984,1.1835370611712905,0.576526865590931,0.0,1.3196618080139162,49.30262207984924,0.6723000764846802
7.391999999999408,-0.1792556952327028,0.0037507536262287606,-0.17951501773538941,0.3532036134281167,0.0,0.3532036134281167,0.42835831515947065,0.39836907734373384,1.182955485960734,0.5765263485844105,0.0,1.3196618080139162,49.30262207984924,0.6723000764846802
7.401999999999407,-0.17921666403572772,0.004060319091907802,-0.1794280948871398,0.3528251691199502,0.0,0.3528251691199502,0.4283685810903586,0.3985645708496441,1.1827303544832175,0.576525832476581,0.0,1.3100714683532715,49.2877858877182,0.6709782004356384
7.411999999999406,-0.17917470662059348,0.004127472150754945,-0.17934356036074353,0.352835021419015,0.0,0.352835021419015,0.42837854470444325,0.3987561856395313,1.1830301961253311,0.5765253167038746,0.0,1.3100714683532715,49.2877858877182,0.6709782004356384
7.421999999999405,-0.1791383290226683,0.003184789129049041,-0.17928150280623922,0.35274172388463754,0.0,0.35274172388463754,0.42838822973082086,0.39894399866959884,1.183167142600586,0.5765248008059973,0.0,1.3100714683532715,49.2877858877182,0.6709782004356384
7.4319999999994035,-0.17911068312257478,0.002074788441580166,-0.17923027586666826,0.3530383444781579,0.0,0.3530383444781579,0.42839765949635583,0.3991280853691896,1.1838312229780308,0.5765242849180016,0.0,1.3100714683532715,49.2877858877182,0.6709782004356384
7.441999999999402,-0.17909595233309303,0.0014065385683644047,-0.17918314034428984,0.3525138571694769,0.0,0.3525138571694769,0.4284068578721466,0.3993085196710804,1.183326803166306,0.5765237690851013,0.0,1.3100714683532715,49.2877858877182,0.6709782004356384
7.451999999999401,-0.17908112935797457,0.0015631242939297477,-0.17912295190928795,0.3523241648879487,0.0,0.3523241648879487,0.428415849383892,0.39948537404117457,1.1832720356201516,0.5765232536430427,0.0,1.3045191049575806,49.27279055118561,0.6697297155857086
7.4619999999994,-0.17905878952775117,0.0029552867797800596,-0.17903843840541483,0.3517803202107431,0.0,0.3517803202107431,0.42842465725633105,0.3996587195076054,1.1827036538678908,0.5765227388852023,0.0,1.3045191049575806,49.27279055118561,0.6697297155857086
7.471999999999399,-0.17902153782654043,0.004298837490093353,-0.17894502028807432,0.3516133019588305,0.0,0.3516133019588305,0.4284333017960875,0.39982862568926286,1.1826467735639452,0.5765222245245728,0.0,1.3045191049575806,49.27279055118561,0.6697297155857086
7.481999999999398,-0.178969849545101,0.005595927789504027,-0.17884433701822164,0.35153636235279806,0.0,0.35153636235279806,0.4284417993077329,0.39999516082375364,1.1827019979902331,0.5765217105593397,0.0,1.3045191049575806,49.27279055118561,0.6697297155857086
7.491999999999397,-0.17889813938313018,0.00826796619715609,-0.17870694523194125,0.35073726749236955,0.0,0.35073726749236955,0.4284501622711214,0.40015839179480656,1.1817346422276946,0.5765211974772887,0.0,1.3045191049575806,49.27279055118561,0.6697297155857086
7.501999999999396,-0.17879976164981748,0.010563766924757533,-0.17856092218660324,0.3504536970469939,0.0,0.3504536970469939,0.4284583984600283,0.4003183841591348,1.1814805506061206,0.5765206850115061,0.0,1.3186347484588623,49.24406945705414,0.6712635457515717
7.511999999999395,-0.17868806991663094,0.01139564458275304,-0.1784419257428665,0.35024093905831805,0.0,0.35024093905831805,0.42846651042304335,0.4004752021727642,1.1813221261844502,0.5765201727754813,0.0,1.3186347484588623,49.24406945705414,0.6712635457515717
7.521999999999394,-0.1785683990061403,0.011878766780911657,-0.17832941939649746,0.3503704782791832,0.0,0.3503704782791832,0.4284744978516406,0.4006289088168403,1.1816435364618454,0.5765196607844361,0.0,1.3186347484588623,49.24406945705414,0.6712635457515717
7.5319999999993925,-0.17846480493716232,0.00975651754599573,-0.17828432215209453,0.3503849613226673,0.0,0.3503849613226673,0.4284823595180166,0.4007795658229223,1.1818072858470838,0.5765191479771478,0.0,1.3186347484588623,49.24406945705414,0.6712635457515717
7.541999999999391,-0.17837858786875654,0.0076329561296767726,-0.17825938097736804,0.3510798251107826,0.0,0.3510798251107826,0.42849009689929557,0.4009272336977758,1.1829284342716357,0.5765186349856399,0.0,1.3186347484588623,49.24406945705414,0.6712635457515717
7.55199999999939,-0.17830807003810722,0.006713540931440687,-0.178229167553224,0.35084154322903754,0.0,0.35084154322903754,0.42849771500448847,0.4010719717476736,1.182748818219366,0.5765181221069489,0.0,1.3166373729705811,49.26012873649597,0.6708342552185058
7.561999999999389,-0.17823656355351628,0.007178195834751022,-0.1781726645752317,0.35079712627546183,0.0,0.35079712627546183,0.4285052213516451,0.4012138381022142,1.1828459407384524,0.5765176096232113,0.0,1.3166373729705811,49.26012873649597,0.6708342552185058
7.571999999999388,-0.17817114908641102,0.006108532724110162,-0.17815046996745834,0.3508408856009131,0.0,0.3508408856009131,0.4285126233136006,0.4013528897376677,1.1830721132570672,0.5765170967296142,0.0,1.3166373729705811,49.26012873649597,0.6708342552185058
7.581999999999387,-0.17810974437850383,0.006175778772576131,-0.1781118229812188,0.35058280061428265,0.0,0.35058280061428265,0.42851992876625944,0.4014891824998586,1.1828814520756308,0.5765165841689517,0.0,1.3166373729705811,49.26012873649597,0.6708342552185058
7.591999999999386,-0.17804549937384886,0.006234095388116603,-0.17807059015397486,0.3506528579846307,0.0,0.3506528579846307,0.42852714586544166,0.40162277112659456,1.1831559036984622,0.5765160717744074,0.0,1.3166373729705811,49.26012873649597,0.6708342552185058
7.601999999999385,-0.17799889478149017,0.0034392723839813018,-0.178094873272691,0.35139451977835984,0.0,0.35139451977835984,0.42853428226996093,0.40175370926965026,1.1843762678233198,0.5765155583981115,0.0,1.312336540222168,49.267728328704834,0.6708104312419891
7.611999999999384,-0.17797867573745965,0.001549187799239262,-0.1781225829471631,0.35112274913750885,0.0,0.35112274913750885,0.42854134842576336,0.4018820495163148,1.1841819115312904,0.5765150448097803,0.0,1.312336540222168,49.267728328704834,0.6708104312419891
7.621999999999383,-0.17796818653151,0.0009002376878545007,-0.17813304734211238,0.35098806313347897,0.0,0.35098806313347897,0.42854835875428654,0.4020078434105119,1.1841813449642704,0.576514531433336,0.0,1.312336540222168,49.267728328704834,0.6708104312419891
7.6319999999993815,-0.17796181939822253,0.0002999746192492835,-0.17814235803303727,0.35110412804817576,0.0,0.35110412804817576,0.428555328841199,0.4021311414735009,1.1845320473171461,0.5765140180569026,0.0,1.312336540222168,49.267728328704834,0.6708104312419891
7.64199999999938,-0.17796168449717104,7.796374166808666e-05,-0.178146306262833,0.3508909898289381,0.0,0.3508909898289381,0.4285622742643665,0.40225199322416705,1.184420537453258,0.576513504727679,0.0,1.312336540222168,49.267728328704834,0.6708104312419891
7.651999999999379,-0.1779546247277712,0.0008404051123512158,-0.17812256335213844,0.3507886335753127,0.0,0.3507886335753127,0.4285692103974551,0.4023704471989095,1.1844612053612116,0.5765129918608118,0.0,1.3051397800445557,49.26701307296753,0.6698397397994995
7.661999999999378,-0.1779395902749304,0.0016956624149700068,-0.17808690308147057,0.35061308721591133,0.0,0.35061308721591133,0.42857615052524906,0.4024865509711341,1.184395540792446,0.5765124792610784,0.0,1.3051397800445557,49.26701307296753,0.6698397397994995
7.671999999999377,-0.1779128002266243,0.0034926846291028803,-0.17802133957969363,0.350085155086301,0.0,0.350085155086301,0.42858310546821343,0.40260035117035986,1.183831986579038,0.576511967239426,0.0,1.3051397800445557,49.26701307296753,0.6698397397994995
7.681999999999376,-0.1778729324730624,0.004040895438855085,-0.17796509349822226,0.3502854549576043,0.0,0.3502854549576043,0.42859008293503015,0.40271189350094627,1.1842832034288833,0.5765114552711066,0.0,1.3051397800445557,49.26701307296753,0.6698397397994995
7.691999999999375,-0.17783043037666876,0.004120791511860213,-0.17791402574030935,0.35020753797077836,0.0,0.35020753797077836,0.4285970877509638,0.40282122276044946,1.18434026634807,0.5765109433807635,0.0,1.3051397800445557,49.26701307296753,0.6698397397994995
7.701999999999374,-0.17779849996815375,0.002297322229888668,-0.17790621699451484,0.3505798424865789,0.0,0.3505798424865789,0.42860412394808667,0.40292838285761323,1.1850228521262072,0.5765104309531389,0.0,1.3070707321166992,49.256956577301025,0.6702297687530517
7.711999999999373,-0.17777192086848406,0.0028107443281048024,-0.17786163306146807,0.3500623012317157,0.0,0.3500623012317157,0.42861119700551403,0.4030334168300039,1.184454580851125,0.5765099192243679,0.0,1.3070707321166992,49.256956577301025,0.6702297687530517
7.721999999999372,-0.17774328396237446,0.0028263263469701077,-0.17782326632917328,0.3500641291962248,0.0,0.3500641291962248,0.4286183130675022,0.40313636686129484,1.1846081091385106,0.5765094075223881,0.0,1.3070707321166992,49.256956577301025,0.6702297687530517
7.7319999999993705,-0.17771916475676336,0.00269796560078972,-0.1777908287589052,0.34954695289177273,0.0,0.34954695289177273,0.4286254776306738,0.40323727429820855,1.1840295490270238,0.5765088958135817,0.0,1.3070707321166992,49.256956577301025,0.6702297687530517
7.741999999999369,-0.17768406029074316,0.0036831660448096142,-0.17772833519743153,0.34964788673718383,0.0,0.34964788673718383,0.42863269606399146,0.4033361796671223,1.1843105624073589,0.5765083847206387,0.0,1.3070707321166992,49.256956577301025,0.6702297687530517
7.751999999999368,-0.17764437179473558,0.004266335987846434,-0.17766973599560418,0.34941907540304507,0.0,0.34941907540304507,0.4286399718230316,0.40343312269034387,1.1841245789010089,0.5765078737483934,0.0,1.3095085382461549,49.24773871898651,0.6701080620288848
7.761999999999367,-0.17760807433565012,0.0031927327072596174,-0.17764603105040172,0.3497260377192652,0.0,0.3497260377192652,0.4286473070674617,0.4035281423020652,1.184684142598137,0.5765073624555719,0.0,1.3095085382461549,49.24773871898651,0.6701080620288848
7.771999999999366,-0.1775826688297204,0.0021206150992408423,-0.1776322977143793,0.34977244294867627,0.0,0.34977244294867627,0.42865470439630154,0.4036212766639989,1.1848747177083405,0.5765068510656814,0.0,1.3095085382461549,49.24773871898651,0.6701080620288848
7.781999999999365,-0.17757162112844366,0.0003282723710213136,-0.17764418768898024,0.35015922135263516,0.0,0.35015922135263516,0.4286621682537513,0.403712563180705,1.1855372788815337,0.576506339298377,0.0,1.3095085382461549,49.24773871898651,0.6701080620288848
7.791999999999364,-0.1775820460905737,-0.0017974744175302138,-0.17768045718452052,0.3503327514613429,0.0,0.3503327514613429,0.4286697055953077,0.403802038514613,1.1858961107222408,0.5765058270875902,0.0,1.3095085382461549,49.24773871898651,0.6701080620288848
7.801999999999363,-0.1776076958901383,-0.0028188821723563497,-0.17770876146538916,0.35030398627259945,0.0,0.35030398627259945,0.42867732677499876,0.40377360206549023,1.185880263820985,0.5765053148782391,0.0,1.2995089769363404,49.25706386566162,0.6682241320610046
7.811999999999362,-0.17762828797601413,-0.001390456474763789,-0.17768590992220962,0.34981824389260896,0.0,0.34981824389260896,0.4286850440703704,0.4036429872547967,1.1851147219449156,0.5765048033477654,0.0,1.2995089769363404,49.25706386566162,0.6682241320610046
7.821999999999361,-0.17763401540313192,-0.00020544550382098348,-0.17765418786232706,0.349862137428231,0.0,0.349862137428231,0.42869286801674716,0.4035685332551561,1.1850708790541373,0.5765042920400912,0.0,1.2995089769363404,49.25706386566162,0.6682241320610046
7.8319999999993595,-0.17763663998066845,-0.00025494745156803486,-0.1776428055383465,0.3497832885474631,0.0,0.3497832885474631,0.4287008057996018,0.40357783777202433,1.1849518116313313,0.5765037804872506,0.0,1.2995089769363404,49.25706386566162,0.6682241320610046
7.841999999999358,-0.1776336801856462,0.00039946136316283687,-0.17761509414902307,0.3499229387252522,0.0,0.3499229387252522,0.42870886311320017,0.4036222816321692,1.185214751816831,0.576503269242137,0.0,1.2995089769363404,49.25706386566162,0.6682241320610046
7.851999999999357,-0.17763618361719408,-0.0007108763329345073,-0.17762622349372834,0.35004565087536826,0.0,0.35004565087536826,0.42871704441144415,0.40344809648365065,1.1852337110152817,0.5765027574652078,0.0,1.301628851890564,49.24425721168518,0.6685913383960724
7.861999999999356,-0.17763767581060552,5.9811945265315566e-05,-0.17760617727935393,0.34983284568267436,0.0,0.34983284568267436,0.428725354380364,0.40327501076483624,1.18474811452482,0.5765022462723738,0.0,1.301628851890564,49.24425721168518,0.6685913383960724
7.871999999999355,-0.17764163503132388,-0.000670647791452348,-0.1776170143121747,0.35007912215804254,0.0,0.35007912215804254,0.42873379735930656,0.4032543750984515,1.1850576553372145,0.5765017346285773,0.0,1.301628851890564,49.24425721168518,0.6685913383960724
7.881999999999354,-0.17764566100279447,-0.0001509141681023049,-0.1776069956392098,0.3497301803448737,0.0,0.3497301803448737,0.4287423775095274,0.40331863529450196,1.1845759226126715,0.5765012232914569,0.0,1.301628851890564,49.24425721168518,0.6685913383960724
7.891999999999353,-0.17764437342633774,-1.0382955399320173e-05,-0.1776008576042512,0.349934018275597,0.0,0.349934018275597,0.4287510985569638,0.40318228563603514,1.1847716752655004,0.5765007119336183,0.0,1.301628851890564,49.24425721168518,0.6685913383960724
7.901999999999352,-0.17764423121528095,0.0002231333322679028,-0.17759602552244627,0.3496481618894916,0.0,0.3496481618894916,0.4287599631069671,0.4032184405198924,1.1843300269196748,0.5765002005621075,0.0,1.3029416322708132,49.24082934856415,0.6684410095214843
7.911999999999351,-0.17762959475891993,0.002466140435888409,-0.17754463026527328,0.34909773812437717,0.0,0.34909773812437717,0.4287689732228059,0.4033177195629975,1.1836437715859565,0.5764996899924094,0.0,1.3029416322708132,49.24082934856415,0.6684410095214843
7.92199999999935,-0.17759604488948072,0.0031375384135776726,-0.17750734708676294,0.3497128499299698,0.0,0.3497128499299698,0.42877812798139603,0.4034150288464758,1.1845889344240998,0.5764991793750184,0.0,1.3029416322708132,49.24082934856415,0.6684410095214843
7.9319999999993485,-0.17757154373450448,0.002247138020095279,-0.1775087968242071,0.3494973493111725,0.0,0.3494973493111725,0.428787423448181,0.40351040745161637,1.1843726000130512,0.5764986681984509,0.0,1.3029416322708132,49.24082934856415,0.6684410095214843
7.941999999999347,-0.17755282359145885,0.001671260522859326,-0.1775115454580958,0.3496166388950996,0.0,0.3496166388950996,0.4287968568662822,0.4036038936843106,1.1846268454431648,0.5764981570024125,0.0,1.3029416322708132,49.24082934856415,0.6684410095214843
7.951999999999346,-0.17753061253744803,0.002763776172854315,-0.17748257057938394,0.34909341943544114,0.0,0.34909341943544114,0.42880642661986335,0.40369552509043655,1.1839838180193352,0.5764976463154371,0.0,1.3064111709594728,49.23896074295044,0.6691756308078766
7.961999999999345,-0.1774930845740026,0.004060732913723159,-0.17743800951147143,0.34922898592522383,0.0,0.34922898592522383,0.42881613030198906,0.4037853384709381,1.1842660585514155,0.5764971360008931,0.0,1.3064111709594728,49.23896074295044,0.6691756308078766
7.971999999999344,-0.17744650069669154,0.005145891260067287,-0.1773907102614454,0.348875301307109,0.0,0.348875301307109,0.42882596297830144,0.40387336989660483,1.1838674941539056,0.5764966258454945,0.0,1.3064111709594728,49.23896074295044,0.6691756308078766
7.981999999999343,-0.1773930583816104,0.005745133409968111,-0.17734743047725143,0.34875440839822847,0.0,0.34875440839822847,0.4288359180252032,0.40395965472255874,1.183799900402439,0.5764961157554361,0.0,1.3064111709594728,49.23896074295044,0.6691756308078766
7.991999999999342,-0.17733130844842548,0.0067637786062930624,-0.17729037028146824,0.3482801251901709,0.0,0.3482801251901709,0.4288459876955284,0.40404422760245384,1.1832433883886047,0.5764956060150432,0.0,1.3064111709594728,49.23896074295044,0.6691756308078766
8.001999999999342,-0.1772543244379345,0.007869354902852958,-0.17721939037210022,0.348684248819889,0.0,0.348684248819889,0.4288561629165653,0.40412712250239335,1.1839232133068287,0.5764950966971788,0.0,1.316055417060852,49.236419796943665,0.671010786294937
8.011999999999345,-0.17717362571523218,0.0082770075168076,-0.17715903423799975,0.3484833953941942,0.0,0.3484833953941942,0.4288664326689079,0.40420837271457133,1.1837637333771578,0.5764945874197814,0.0,1.316055417060852,49.236419796943665,0.671010786294937
8.021999999999348,-0.17708056635670938,0.010592746636970372,-0.17705390596371648,0.3473444335527815,0.0,0.3473444335527815,0.4288767854016519,0.4042880108706435,1.1822990952044614,0.5764940790363718,0.0,1.316055417060852,49.236419796943665,0.671010786294937
8.031999999999352,-0.17696396312482124,0.01206808444600342,-0.17694359532292178,0.3474227781845671,0.0,0.3474227781845671,0.42888720765853766,0.40436606895483257,1.1825476359783302,0.5764935710732294,0.0,1.316055417060852,49.236419796943665,0.671010786294937
8.041999999999355,-0.1768350763214962,0.013267708664054922,-0.1768279635597829,0.34709940487545154,0.0,0.34709940487545154,0.428897682742624,0.40444257831677405,1.1822438612702968,0.5764930635115663,0.0,1.316055417060852,49.236419796943665,0.671010786294937
8.051999999999358,-0.17670142509750372,0.01279859362307307,-0.17673817953847643,0.347647966846554,0.0,0.347647966846554,0.4289081925355301,0.40451756968410646,1.1831715861600234,0.5764925558676413,0.0,1.3275975704193117,49.23971354961395,0.6729643106460571
8.061999999999362,-0.1765790649326588,0.012234515926381334,-0.17665899255226283,0.3469257749665311,0.0,0.3469257749665311,0.42891871946281296,0.4045910731748124,1.1823310534352196,0.5764920482568984,0.0,1.3275975704193117,49.23971354961395,0.6729643106460571
8.071999999999365,-0.17645469920047066,0.012161765438848272,-0.17656747283378932,0.347099271575463,0.0,0.347099271575463,0.4289292486064585,0.4046631183093145,1.182754448206847,0.5764915411039235,0.0,1.3275975704193117,49.23971354961395,0.6729643106460571
8.081999999999368,-0.1763463661370157,0.009963360583422481,-0.1765255318620414,0.34726775407529453,0.0,0.34726775407529453,0.4289397663934748,0.40473373402233137,1.183180092107316,0.5764910333778358,0.0,1.3275975704193117,49.23971354961395,0.6729643106460571
8.091999999999372,-0.17625847496794855,0.007648176449552091,-0.17649974406015126,0.3476438708458506,0.0,0.3476438708458506,0.428950262885326,0.4048029486744983,1.183903930921082,0.5764905255150611,0.0,1.3275975704193117,49.23971354961395,0.6729643106460571
8.101999999999375,-0.1761991430512675,0.004747795194819321,-0.17650347282515572,0.3478052057863631,0.0,0.3478052057863631,0.42896073297756165,0.40487079006375726,1.1843321406451435,0.5764900171819903,0.0,1.3178495168685913,49.260377287864685,0.6711438000202179
8.111999999999378,-0.1761663773240782,0.0027698060711212145,-0.17650432801638774,0.34768366436171066,0.0,0.34768366436171066,0.42897117737575086,0.4049372854365217,1.1843652727206564,0.5764895086966424,0.0,1.3178495168685913,49.260377287864685,0.6711438000202179
8.121999999999382,-0.17614016500384422,0.00264257891488583,-0.17647087164148687,0.34732120849556986,0.0,0.34732120849556986,0.42898160150018405,0.4050024614986184,1.184058157037497,0.5764890007854055,0.0,1.3178495168685913,49.260377287864685,0.6711438000202179
8.131999999999385,-0.17612526817104912,0.0001961358202110311,-0.17648244201885285,0.348342291220682,0.0,0.348342291220682,0.428992012116964,0.40506634442601386,1.1856824019102816,0.5764884922500463,0.0,1.3178495168685913,49.260377287864685,0.6711438000202179
8.141999999999388,-0.17614138687314912,-0.0024642678380607397,-0.17651851980949596,0.3481235569732983,0.0,0.3481235569732983,0.42900241812327766,0.4051289598753264,1.1855624595810705,0.5764879832470278,0.0,1.3178495168685913,49.260377287864685,0.6711438000202179
8.151999999999392,-0.1761771060619293,-0.003924956144017245,-0.17654353433921277,0.347767579697141,0.0,0.347767579697141,0.4290128331697055,0.4051903329941307,1.185238333293855,0.5764874743248701,0.0,1.3017899036407472,49.25836205482483,0.6686376929283142
8.161999999999395,-0.17621966227216476,-0.004555836103127542,-0.17655370316004637,0.34793232751690834,0.0,0.34793232751690834,0.4290232737486488,0.4052504884310577,1.1856281366878405,0.5764869656089302,0.0,1.3017899036407472,49.25836205482483,0.6686376929283142
8.171999999999398,-0.17627078275300018,-0.005374970323923471,-0.17656952682331126,0.34813467960272493,0.0,0.34813467960272493,0.4290337569336206,0.4053094503456935,1.1860531981170064,0.5764864567648195,0.0,1.3017899036407472,49.25836205482483,0.6686376929283142
8.181999999999402,-0.17632595769061205,-0.005728277047297413,-0.17657644012643614,0.3480551797229285,0.0,0.3480551797229285,0.4290443000498043,0.40536724241828276,1.1860642763056666,0.5764859480280319,0.0,1.3017899036407472,49.25836205482483,0.6686376929283142
8.191999999999405,-0.1763809784741342,-0.00530940592651831,-0.17656662524728334,0.347657129946037,0.0,0.347657129946037,0.42905492000522183,0.4054238878592388,1.1856085951769306,0.5764854395393515,0.0,1.3017899036407472,49.25836205482483,0.6686376929283142
8.201999999999408,-0.17642342472124278,-0.0040845107006533266,-0.1765312251390315,0.3477231616457584,0.0,0.3477231616457584,0.42906563228173045,0.4054794094184656,1.185781153828833,0.5764849315678852,0.0,1.2983509063720704,49.233437180519104,0.6675251007080079
8.211999999999412,-0.17646136260635134,-0.003674675130800392,-0.17651126906644063,0.3473585730122793,0.0,0.3473585730122793,0.4290764492390738,0.4055338293944946,1.1853308835449363,0.5764844236365435,0.0,1.2983509063720704,49.233437180519104,0.6675251007080079
8.221999999999415,-0.17649667589531493,-0.0034143179740669764,-0.17649371432340663,0.3474930018333825,0.0,0.3474930018333825,0.42908738124743545,0.40558716964344005,1.1855606175616478,0.5764839157201525,0.0,1.2983509063720704,49.233437180519104,0.6675251007080079
8.231999999999418,-0.17652581284168775,-0.003011126758335845,-0.17647141344498238,0.3476467447647096,0.0,0.3476467447647096,0.4290984372118997,0.40563945158777676,1.185799818166127,0.5764834079468201,0.0,1.2983509063720704,49.233437180519104,0.6675251007080079
8.241999999999422,-0.17655097333115227,-0.001991863312478378,-0.176438898609224,0.34693136003357555,0.0,0.34693136003357555,0.4291096243224347,0.4056906962249443,1.1848062406820659,0.5764829003835497,0.0,1.2983509063720704,49.233437180519104,0.6675251007080079
8.251999999999425,-0.17656197610732727,-0.0005733980176694103,-0.17639293823084554,0.347015702011138,0.0,0.347015702011138,0.4291209480933597,0.40574092413577945,1.1849181553224695,0.5764823931836868,0.0,1.3024901866912844,49.21322405338287,0.6672604501247406
8.261999999999428,-0.17656213371544652,0.0008086452285267862,-0.17634770900545169,0.3463602706048082,0.0,0.3463602706048082,0.42913241109399947,0.405790155492782,1.1839837898987229,0.5764818862559511,0.0,1.3024901866912844,49.21322405338287,0.6672604501247406
8.271999999999432,-0.17654097656621998,0.0027106242648383422,-0.17628141030734804,0.34642095489872793,0.0,0.34642095489872793,0.42914401304276756,0.4058384100682165,1.1840447940106826,0.5764813798265246,0.0,1.3024901866912844,49.21322405338287,0.6672604501247406
8.281999999999435,-0.17650770400061022,0.003496806176920544,-0.17623236789430652,0.34660471315527236,0.0,0.34660471315527236,0.4291557498971341,0.40588570724205325,1.18427440356717,0.5764808733060344,0.0,1.3024901866912844,49.21322405338287,0.6672604501247406
8.291999999999438,-0.1764704869393944,0.0034816282866282928,-0.17620220440963616,0.3467458826793096,0.0,0.3467458826793096,0.42916761529070496,0.4059320660097513,1.1844440178492215,0.5764803666243192,0.0,1.3024901866912844,49.21322405338287,0.6672604501247406
8.301999999999442,-0.17643840632271637,0.00316265118131538,-0.17618944207695333,0.34672051708973745,0.0,0.34672051708973745,0.429179602547657,0.4059775049898878,1.184382974872126,0.5764798597303926,0.0,1.3099040746688844,49.21160042285919,0.6683251023292541
8.311999999999445,-0.17641115486497885,0.0024785997281213164,-0.17619413379852733,0.34694994545469837,0.0,0.34694994545469837,0.4291917060763392,0.4060220424316357,1.1846834880230754,0.5764793526036607,0.0,1.3099040746688844,49.21160042285919,0.6683251023292541
8.321999999999449,-0.1763892016949929,0.002186431376685182,-0.17620171882056504,0.3466824877439273,0.0,0.3466824877439273,0.4292039215015546,0.40606569622209226,1.1842951529463537,0.5764788454107967,0.0,1.3099040746688844,49.21160042285919,0.6683251023292541
8.331999999999452,-0.17636018653820024,0.0035990819736498366,-0.17617669475275574,0.3464845913090968,0.0,0.3464845913090968,0.429216245460587,0.4061084838934636,1.1840124965451975,0.5764783387276763,0.0,1.3099040746688844,49.21160042285919,0.6683251023292541
8.341999999999455,-0.1763197632844767,0.0043822774803675,-0.17615669341013576,0.34666833601364033,0.0,0.34666833601364033,0.42922867350492544,0.40615042263010553,1.184274188682284,0.5764778320405158,0.0,1.3099040746688844,49.21160042285919,0.6683251023292541
8.351999999999459,-0.1762777255670455,0.004864218000050343,-0.17614342351695533,0.3460376852349259,0.0,0.3460376852349259,0.42924119940345334,0.4061915292754253,1.1834074988014092,0.5764773252575119,0.0,1.3123921155929565,49.22133147716522,0.669111543893814
8.361999999999462,-0.17621605139732863,0.006838567903268578,-0.17608691450540703,0.34613987964397824,0.0,0.34613987964397824,0.42925381624360703,0.4062318203386463,1.1835792732751607,0.576476819174879,0.0,1.3123921155929565,49.22133147716522,0.669111543893814
8.371999999999465,-0.17615276399048813,0.006145291712499144,-0.1760789776209338,0.3465720993013565,0.0,0.3465720993013565,0.42926651457037623,0.40627131200143823,1.1842268951918642,0.5764763124468854,0.0,1.3123921155929565,49.22133147716522,0.669111543893814
8.381999999999469,-0.1760878421689357,0.007129343613943972,-0.17604038501840236,0.3459581947005838,0.0,0.3459581947005838,0.4292792847237966,0.40631002012441625,1.1834244035610313,0.5764758062358221,0.0,1.3123921155929565,49.22133147716522,0.669111543893814
8.391999999999472,-0.17601124811685134,0.007521401639695377,-0.17600223775022275,0.3464319940794266,0.0,0.3464319940794266,0.4292921170836849,0.40634796025351066,1.18415948757609,0.5764753001586633,0.0,1.3123921155929565,49.22133147716522,0.669111543893814
8.401999999999475,-0.17593940845563247,0.006909541681351505,-0.17598532789640856,0.3464388812904286,0.0,0.3464388812904286,0.42930500093970514,0.4063851476262107,1.184256060465949,0.5764747938134268,0.0,1.3176961421966553,49.228399991989136,0.67081418633461
8.411999999999479,-0.17586690402621702,0.007614463641153219,-0.17594123829824873,0.34598215538385807,0.0,0.34598215538385807,0.42931792674503944,0.406421597177684,1.1837178547625735,0.5764742879009228,0.0,1.3176961421966553,49.228399991989136,0.67081418633461
8.421999999999482,-0.17579257088685363,0.007607334451299741,-0.17590570476497758,0.34570796995046077,0.0,0.34570796995046077,0.42933088551209514,0.406457323546775,1.1834485972899789,0.5764737819705107,0.0,1.3176961421966553,49.228399991989136,0.67081418633461
8.431999999999485,-0.17571021952802876,0.008193554207559708,-0.17584922003474038,0.3460229533472579,0.0,0.3460229533472579,0.42934386823965515,0.4064923410818839,1.1840166575173363,0.5764732765120663,0.0,1.3176961421966553,49.228399991989136,0.67081418633461
8.441999999999489,-0.17563585005773852,0.0068851757618752,-0.17583001221021982,0.3460348708856458,0.0,0.3460348708856458,0.4293568655301322,0.4065266638467299,1.1841720089371341,0.576472770589412,0.0,1.3176961421966553,49.228399991989136,0.67081418633461
8.451999999999492,-0.17557904954962736,0.0048258183673287325,-0.17583439271573315,0.3463542853439552,0.0,0.3463542853439552,0.4293698699145384,0.4065603056259987,1.1847676282431463,0.5764722643043708,0.0,1.3160220384597778,49.24192190170288,0.6709036827087402
8.461999999999495,-0.1755439982041783,0.0030213668887266176,-0.17584525936569204,0.34624135465129796,0.0,0.34624135465129796,0.4293828778595399,0.4065932799308791,1.1847645498387598,0.5764717577732243,0.0,1.3160220384597778,49.24192190170288,0.6709036827087402
8.471999999999499,-0.17551887173426453,0.002234802563644495,-0.17583987294845183,0.3462640179661441,0.0,0.3462640179661441,0.4293958899091789,0.40662560000448933,1.1849544500558802,0.5764712514886091,0.0,1.3160220384597778,49.24192190170288,0.6709036827087402
8.481999999999502,-0.17550287406370402,0.0012240685486020978,-0.17583963295762564,0.34638441534297304,0.0,0.34638441534297304,0.4294089087527736,0.4066572788271956,1.1852815134701344,0.5764707451350901,0.0,1.3160220384597778,49.24192190170288,0.6709036827087402
8.491999999999505,-0.17549193698401458,0.0011334059594233625,-0.17582047365483827,0.34606799845367714,0.0,0.34606799845367714,0.4294219385991815,0.40668832912182545,1.1849945683706988,0.5764702390905875,0.0,1.3160220384597778,49.24192190170288,0.6709036827087402
8.501999999999509,-0.17547203666339548,0.0032404101080575967,-0.1757478946930152,0.34489680442189574,0.0,0.34489680442189574,0.4294349842049547,0.4067187633587774,1.1835059439219064,0.5764697339747066,0.0,1.3106848001480103,49.23569202423096,0.6697435677051544
8.511999999999512,-0.17542801748641404,0.005129682610828957,-0.17565398737423568,0.34480377551062136,0.0,0.34480377551062136,0.4294480480697775,0.40674859376102923,1.1835204272085933,0.5764692294921063,0.0,1.3106848001480103,49.23569202423096,0.6697435677051544
8.521999999999515,-0.17536794867249772,0.006535459937757806,-0.17555135470385247,0.3446891094856265,0.0,0.3446891094856265,0.4294611282877605,0.40677783230904707,1.1834979444092804,0.5764687254249491,0.0,1.3106848001480103,49.23569202423096,0.6697435677051544
8.531999999999519,-0.17530024237349678,0.0069841326214492225,-0.17545718617002676,0.34454707366584236,0.0,0.34454707366584236,0.42947421996302193,0.40680649074559694,1.183430180086408,0.5764682215123752,0.0,1.3106848001480103,49.23569202423096,0.6697435677051544
8.541999999999522,-0.17521957104804836,0.008580939599688855,-0.17532990042592989,0.3441860032236671,0.0,0.3441860032236671,0.4294873167482832,0.4068345805804609,1.1830485618839932,0.5764677184226429,0.0,1.3106848001480103,49.23569202423096,0.6697435677051544
8.551999999999525,-0.17512818668041966,0.00950170955631483,-0.17520636420755606,0.3437654664021213,0.0,0.3437654664021213,0.4295004104050084,0.40686211309505965,1.182576830647364,0.5764672156850625,0.0,1.3224467515945435,49.212342500686646,0.6713294684886932
8.561999999999529,-0.17502991849275965,0.010442669005570606,-0.17508103516470067,0.34328251563161966,0.0,0.34328251563161966,0.4295134911784723,0.40688909934698314,1.1820124568171972,0.5764667135236328,0.0,1.3224467515945435,49.212342500686646,0.6713294684886932
8.571999999999532,-0.17492035066816444,0.010994302247652752,-0.17495395374550576,0.3433890196842788,0.0,0.3433890196842788,0.42952654836524196,0.40691555017443176,1.1822694132087264,0.5764662117760706,0.0,1.3224467515945435,49.212342500686646,0.6713294684886932
8.581999999999535,-0.1748172186689595,0.009430092302933901,-0.17487207842593508,0.3437491712681077,0.0,0.3437491712681077,0.4295395702589607,0.4069414762005691,1.1828784927527447,0.5764657096514908,0.0,1.3224467515945435,49.212342500686646,0.6713294684886932
8.591999999999539,-0.17472498717628404,0.009575948890406952,-0.17477035534217955,0.34274091610029145,0.0,0.34274091610029145,0.4295525470954098,0.40696688783778834,1.181569006238139,0.576465208058741,0.0,1.3224467515945435,49.212342500686646,0.6713294684886932
8.601999999999542,-0.174621958340787,0.01102036736627416,-0.1746371461643133,0.34234075027950867,0.0,0.34234075027950867,0.42956547140882895,0.40699179529189417,1.181108097917353,0.576464707295498,0.0,1.3288125514984133,49.209502935409546,0.6712836980819702
8.611999999999545,-0.17450834394528505,0.010936963563898394,-0.1745243083747736,0.342749036188033,0.0,0.342749036188033,0.429578334457904,0.4070162085662017,1.1817774297517842,0.5764642066387107,0.0,1.3288125514984133,49.209502935409546,0.6712836980819702
8.621999999999549,-0.17441628041386262,0.007860283654648323,-0.17448564668075553,0.3432859735678591,0.0,0.3432859735678591,0.4295911267391015,0.40704013746555373,1.182626311740717,0.5764637050598082,0.0,1.3288125514984133,49.209502935409546,0.6712836980819702
8.631999999999552,-0.1743567068051757,0.0047874058129121575,-0.17447584845540517,0.34342508080640327,0.0,0.34342508080640327,0.4296038432582378,0.4070635916002587,1.1829170954595671,0.5764632031003942,0.0,1.3288125514984133,49.209502935409546,0.6712836980819702
8.641999999999555,-0.17432379512537172,0.0026935749001253447,-0.17447099137331504,0.3431070825380175,0.0,0.3431070825380175,0.4296164855135938,0.4070865803899504,1.18256537859902,0.5764627010749495,0.0,1.3288125514984133,49.209502935409546,0.6712836980819702
8.651999999999559,-0.17429147112605164,0.0036672614107144223,-0.1744097661087103,0.3426448035272921,0.0,0.3426448035272921,0.4296290597260405,0.40710911306737124,1.1820076414398508,0.5764621999880778,0.0,1.3202911615371704,49.218592047691345,0.6693890035152434
8.661999999999562,-0.17424681302341985,0.005011776134862837,-0.17432854984684332,0.34243301651089436,0.0,0.34243301651089436,0.42964157218564514,0.40713119868208,1.1817957264856496,0.5764616993320357,0.0,1.3202911615371704,49.218592047691345,0.6693890035152434
8.671999999999565,-0.17419355874956746,0.005519205159087255,-0.1742547684297283,0.3421483580129431,0.0,0.3421483580129431,0.4296540266003557,0.40715284610408636,1.1814769972780947,0.5764611987900092,0.0,1.3202911615371704,49.218592047691345,0.6693890035152434
8.681999999999569,-0.17414090970251897,0.005134751251970526,-0.17419801937076596,0.3424653793598001,0.0,0.3424653793598001,0.4296664249254061,0.40717406402741346,1.181996221730902,0.5764606981770848,0.0,1.3202911615371704,49.218592047691345,0.6693890035152434
8.691999999999572,-0.17409413956498038,0.0043756607115560345,-0.17415381787152165,0.342322087046178,0.0,0.342322087046178,0.42967876905980446,0.4071948609735894,1.1818668036014264,0.5764601975219598,0.0,1.3202911615371704,49.218592047691345,0.6693890035152434
8.701999999999575,-0.17405077726721022,0.004304911463003276,-0.17410138663697092,0.34220523750236526,0.0,0.34220523750236526,0.4296910618699646,0.40721524529506975,1.1817701573714723,0.5764596971566609,0.0,1.3214554071426392,49.20519709587097,0.6695408761501311
8.711999999999579,-0.17400888585944627,0.004125018086673007,-0.17405492202651215,0.3421177054228398,0.0,0.3421177054228398,0.4297033067607175,0.40723522517859206,1.1817109694173875,0.5764591969521722,0.0,1.3214554071426392,49.20519709587097,0.6695408761501311
8.721999999999582,-0.17396356286658982,0.004984565750110149,-0.17398747351165814,0.34161451772386875,0.0,0.34161451772386875,0.42971550715433127,0.4072548086484637,1.181066812585145,0.5764586972224561,0.0,1.3214554071426392,49.20519709587097,0.6695408761501311
8.731999999999585,-0.17390124331590398,0.006816622268057161,-0.1738887907492428,0.34132444395770356,0.0,0.34132444395770356,0.4297276654134503,0.4072740035697847,1.1807184686154237,0.5764581982175732,0.0,1.3214554071426392,49.20519709587097,0.6695408761501311
8.741999999999589,-0.1738305905123894,0.007470085747233405,-0.17380576446185111,0.3411336082215003,0.0,0.3411336082215003,0.42973978099624505,0.4072928176516066,1.1805077076293597,0.5764576992230088,0.0,1.3214554071426392,49.20519709587097,0.6695408761501311
8.751999999999592,-0.17375675956373854,0.007410404007688427,-0.17373525791398414,0.3411324720139959,0.0,0.3411324720139959,0.42975185158725904,0.407311258450028,1.1805622433552794,0.5764572002889105,0.0,1.3274133205413818,49.194859862327576,0.6700659215450286
8.761999999999595,-0.17368151282319033,0.007504151183372653,-0.1736643946043933,0.3409429240908077,0.0,0.3409429240908077,0.4297638744074813,0.40732933337123034,1.1803540175466052,0.5764567016565615,0.0,1.3274133205413818,49.194859862327576,0.6700659215450286
8.771999999999599,-0.17360514648406067,0.007628063187597707,-0.1735937106441008,0.34087896841568105,0.0,0.34087896841568105,0.42977584664090196,0.4073470496744512,1.1803236477848404,0.5764562032251431,0.0,1.3274133205413818,49.194859862327576,0.6700659215450286
8.781999999999602,-0.17352964502597704,0.007586920652229547,-0.17352816201018345,0.34083459497445207,0.0,0.34083459497445207,0.429787765580558,0.40736441447490035,1.1803233106550446,0.5764557049049817,0.0,1.3274133205413818,49.194859862327576,0.6700659215450286
8.791999999999605,-0.17345591264564222,0.00710384751787408,-0.1734731749457098,0.3409217445207627,0.0,0.3409217445207627,0.4297996288185652,0.4073814347466173,1.1805101727662046,0.5764552066053668,0.0,1.3274133205413818,49.194859862327576,0.6700659215450286
8.801999999999609,-0.17338524881801634,0.007246518168120206,-0.17341027237416243,0.34052454973485885,0.0,0.34052454973485885,0.4298114345633963,0.4073981173252722,1.1800222382875858,0.5764547085809928,0.0,1.329565238952637,49.196290373802185,0.6701257944107055
8.811999999999612,-0.17332644530520608,0.004268045388257369,-0.17341366228761498,0.34164061165732135,0.0,0.34164061165732135,0.42982318176598217,0.4070239453768595,1.181374609558165,0.5764542096565488,0.0,1.329565238952637,49.196290373802185,0.6701257944107055
8.821999999999615,-0.17330623850223953,0.0005807866596983444,-0.17346259985480003,0.34190594695772564,0.0,0.34190594695772564,0.42983487228370476,0.40666219722645763,1.1813759487163535,0.5764537099377521,0.0,1.329565238952637,49.196290373802185,0.6701257944107055
8.831999999999619,-0.1733066736488038,-0.00035766541218204377,-0.1734778063821797,0.34165603029154334,0.0,0.34165603029154334,0.4298465146520948,0.4063544659072609,1.1808111936268937,0.576453210633139,0.0,1.329565238952637,49.196290373802185,0.6701257944107055
8.841999999999622,-0.17331925793017475,-0.0020955262069034895,-0.17351478873920734,0.342014842487672,0.0,0.342014842487672,0.42985812099980003,0.40587455438000575,1.1809185327218465,0.5764527109345893,0.0,1.329565238952637,49.196290373802185,0.6701257944107055
8.851999999999626,-0.1733523153236681,-0.004072905366262359,-0.1735698458397503,0.3423225341187631,0.0,0.3423225341187631,0.4298697053396034,0.40549266494271624,1.1810177970966247,0.5764522107866725,0.0,1.3156331777572632,49.212737679481506,0.6674726963043213
8.861999999999629,-0.17341587474251935,-0.008064785742814464,-0.17368150872497176,0.34313167913618925,0.0,0.34313167913618925,0.42988128471027315,0.4051920205714644,1.181859721405795,0.5764517094302574,0.0,1.3156331777572632,49.212737679481506,0.6674726963043213
8.871999999999632,-0.17351732132913877,-0.011236149544071759,-0.1738070548721336,0.343398994507423,0.0,0.343398994507423,0.42989288095452705,0.40492192074950745,1.1820049765547531,0.5764512075049327,0.0,1.3156331777572632,49.212737679481506,0.6674726963043213
8.881999999999636,-0.1736502697407513,-0.01464891425399708,-0.17395934937628316,0.3440428436031186,0.0,0.3440428436031186,0.4299045215417492,0.4045637699800868,1.1825580166139682,0.5764507047854157,0.0,1.3156331777572632,49.212737679481506,0.6674726963043213
8.891999999999639,-0.17380654461745546,-0.016158734496656262,-0.174092603867651,0.3438458580963952,0.0,0.3438458580963952,0.4299162381220245,0.40428384770094417,1.1820178900836869,0.576450201935712,0.0,1.3156331777572632,49.212737679481506,0.6674726963043213
8.901999999999642,-0.17395910977922255,-0.014265124929306984,-0.17415699382236308,0.3431345072909561,0.0,0.3431345072909561,0.42992806441379533,0.4042625613735362,1.180956136157858,0.5764496998344825,0.0,1.294882869720459,49.209309816360474,0.6636921525001526
8.911999999999646,-0.17408618360615036,-0.012107168612059994,-0.17419232800842277,0.3433608333141746,0.0,0.3433608333141746,0.4299400310114883,0.4041163404142267,1.1811277828744866,0.5764491980903531,0.0,1.294882869720459,49.209309816360474,0.6636921525001526
8.921999999999649,-0.17421114286757572,-0.01331818624481819,-0.1742863511303401,0.3443883249724383,0.0,0.3443883249724383,0.4299521621860957,0.4035918094625132,1.1820666206506247,0.5764486952991617,0.0,1.294882869720459,49.209309816360474,0.6636921525001526
8.931999999999652,-0.17435790187263575,-0.015388137554632258,-0.1744159350527895,0.3446191950911093,0.0,0.3446191950911093,0.4299644800572242,0.4033050251058946,1.1819767457185402,0.5764481916349325,0.0,1.294882869720459,49.209309816360474,0.6636921525001526
8.941999999999656,-0.17451924281516296,-0.016618604369035,-0.17454441867809223,0.34480514595104067,0.0,0.34480514595104067,0.4299770086711075,0.4029237416448769,1.1818109748969663,0.576447687620589,0.0,1.294882869720459,49.209309816360474,0.6636921525001526
8.951999999999659,-0.17468645322799375,-0.016767597315842184,-0.17466113190418828,0.3448904186393996,0.0,0.3448904186393996,0.4299897731452053,0.4025204499565734,1.1814190806954068,0.5764471834634656,0.0,1.2882467031478884,49.19214725494385,0.662321001291275
8.961999999999662,-0.17486166847424925,-0.01785400518697659,-0.17480736477931538,0.345364814302033,0.0,0.345364814302033,0.43000279803882696,0.4021074235148709,1.1815335194130459,0.5764466786357454,0.0,1.2882467031478884,49.19214725494385,0.662321001291275
8.971999999999666,-0.17503572232141035,-0.01647680532857409,-0.17491135408497696,0.344627437071769,0.0,0.344627437071769,0.4300161073238697,0.40180698219759575,1.1800674705413803,0.5764461740530686,0.0,1.2882467031478884,49.19214725494385,0.662321001291275
8.981999999999669,-0.17517503361540332,-0.012391556166423947,-0.17494041437818655,0.34451574268385093,0.0,0.34451574268385093,0.4300297223669801,0.40153538529589244,1.1795056402689648,0.5764456704065448,0.0,1.2882467031478884,49.19214725494385,0.662321001291275
8.991999999999672,-0.1753013634838321,-0.012947882339555284,-0.1750487213835138,0.3454966696694915,0.0,0.3454966696694915,0.4300436571163273,0.40122709522110017,1.1804192025513045,0.5764451654016808,0.0,1.2882467031478884,49.19214725494385,0.662321001291275
9.001999999999676,-0.17543062314697153,-0.013022857277753246,-0.17515878870049068,0.34577158415427833,0.0,0.34577158415427833,0.4300579215226537,0.4004839516769625,1.1799615645814985,0.5764446600746801,0.0,1.2920653820037842,49.18154716491699,0.6624760031700134
9.011999999999679,-0.17556050264918768,-0.01307082740187402,-0.1752779081617902,0.34615920740046596,0.0,0.34615920740046596,0.4300725249427337,0.39993355467947345,1.179697729347946,0.5764441543658947,0.0,1.2920653820037842,49.18154716491699,0.6624760031700134
9.021999999999682,-0.17567639712255573,-0.010357319384313385,-0.1753421456809157,0.34542222181777815,0.0,0.34542222181777815,0.43008747569653044,0.39954721736090326,1.1780907154544096,0.5764436491897252,0.0,1.2920653820037842,49.18154716491699,0.6624760031700134
9.031999999999686,-0.17576949150994384,-0.009042180806255289,-0.17541936434844677,0.3460762760172731,0.0,0.3460762760172731,0.4301027784801105,0.3992117819288201,1.1785093608146742,0.5764431436433434,0.0,1.2920653820037842,49.18154716491699,0.6624760031700134
9.041999999999689,-0.17586482855778382,-0.00975876744968465,-0.17554324026494683,0.3464774921257694,0.0,0.3464774921257694,0.430118433570847,0.3984930541952171,1.178242416758877,0.5764426371029852,0.0,1.2920653820037842,49.18154716491699,0.6624760031700134
9.051999999999692,-0.17597579215301823,-0.012443483650511787,-0.17572279076393546,0.34790214414732573,0.0,0.34790214414732573,0.43013444101918114,0.3976541347330184,1.179229795980733,0.5764421292918293,0.0,1.2956267118453981,49.195356965065,0.6631736993789672
9.061999999999696,-0.17612229413342936,-0.01658682012014548,-0.17596285847355378,0.3490716626740953,0.0,0.3490716626740953,0.4301508037995334,0.3966058624897895,1.1797034543442149,0.5764416198616265,0.0,1.2956267118453981,49.195356965065,0.6631736993789672
9.071999999999699,-0.17632293357990128,-0.02262577033562913,-0.17628745327472073,0.350601624166564,0.0,0.350601624166564,0.4301675313006206,0.3953851762076698,1.1804933192948073,0.5764411083582559,0.0,1.2956267118453981,49.195356965065,0.6631736993789672
9.081999999999702,-0.1765837819156007,-0.02799363372033687,-0.17665245338632848,0.3512756127060041,0.0,0.3512756127060041,0.4301846422950346,0.39405471364849,1.1800086373019294,0.576440595239262,0.0,1.2956267118453981,49.195356965065,0.6631736993789672
9.091999999999706,-0.1768984999657644,-0.033608818584955104,-0.17706597174077146,0.35261150430346017,0.0,0.35261150430346017,0.4302021653618683,0.39254558093087877,1.1802960564649936,0.576440080286149,0.0,1.2956267118453981,49.195356965065,0.6631736993789672
9.101999999999709,-0.1772706376805675,-0.03974012126951583,-0.17753219676910242,0.3543764548240169,0.0,0.3543764548240169,0.4302201373768242,0.3907972680377032,1.1808570235769813,0.5764395632160699,0.0,1.2555453538894654,49.25412058830261,0.6566490590572357
9.111999999999712,-0.17769832657695803,-0.04489700972314689,-0.17801644931437194,0.3555800207271159,0.0,0.3555800207271159,0.4302386034351227,0.3890311846118175,1.180615890977051,0.5764390442031415,0.0,1.2555453538894654,49.25412058830261,0.6566490590572357
9.121999999999716,-0.17818736680790975,-0.051759383262267804,-0.17857760910366477,0.3574598578701199,0.0,0.3574598578701199,0.4302576161092973,0.3873830637468472,1.181371493712855,0.5764385225832993,0.0,1.2555453538894654,49.25412058830261,0.6566490590572357
9.131999999999719,-0.1787408933902063,-0.057336717867873935,-0.1791627428875376,0.3586131574438467,0.0,0.3586131574438467,0.4302772358446873,0.3858581195782997,1.1812761298285759,0.5764379989444064,0.0,1.2555453538894654,49.25412058830261,0.6566490590572357
9.141999999999722,-0.17933437396894442,-0.06064596456528009,-0.1797316550921366,0.35971938384783736,0.0,0.35971938384783736,0.43029753044640845,0.38431057030507215,1.1810603457398983,0.5764374738844653,0.0,1.2555453538894654,49.25412058830261,0.6566490590572357
9.151999999999726,-0.1799558520618604,-0.06309021244920343,-0.18030117206010254,0.36069849967352047,0.0,0.36069849967352047,0.430318570562108,0.38287938678518246,1.1807406130621187,0.5764369472248305,0.0,1.217035460472107,49.25564765930176,0.6487218707799911
9.161999999999729,-0.18059478332865364,-0.06418392448592943,-0.1808572724594869,0.3614260626405405,0.0,0.3614260626405405,0.4303404268204817,0.38143389457340177,1.180027610035429,0.576436419312632,0.0,1.217035460472107,49.25564765930176,0.6487218707799911
9.171999999999732,-0.18123503029097515,-0.06363160941375035,-0.18137861714928283,0.36203595744716244,0.0,0.36203595744716244,0.43036316759087556,0.38026351393939917,1.1793628626038344,0.5764358903295875,0.0,1.217035460472107,49.25564765930176,0.6487218707799911
9.181999999999736,-0.18185999630128477,-0.06151671324733138,-0.1818550866224222,0.36266479816596603,0.0,0.36266479816596603,0.4303868560830749,0.3791165437511361,1.178677859487605,0.5764353605344519,0.0,1.217035460472107,49.25564765930176,0.6487218707799911
9.191999999999739,-0.1824600082772817,-0.058846272720684344,-0.18230035165623415,0.363293059546916,0.0,0.363293059546916,0.4304115474983316,0.3782602033422985,1.1782933190179359,0.5764348298494223,0.0,1.217035460472107,49.25564765930176,0.6487218707799911
9.201999999999742,-0.18303483982232957,-0.056721812372334146,-0.1827401549491971,0.36415696801144737,0.0,0.36415696801144737,0.43043728764527445,0.37751903509066054,1.1782533821350987,0.5764342980729404,0.0,1.2144718170166018,49.213207960128784,0.646168553829193
9.211999999999746,-0.18359181815682635,-0.05426266349023456,-0.18317331472897447,0.3641912833949291,0.0,0.3641912833949291,0.43046411361664616,0.3771056587976012,1.1773575335855415,0.5764337654734272,0.0,1.2144718170166018,49.213207960128784,0.646168553829193
9.221999999999749,-0.18410781564810388,-0.049800082390474884,-0.1835436283254975,0.36466905032202557,0.0,0.36466905032202557,0.4304920547870315,0.37690550449406557,1.1773238852612786,0.5764332326130648,0.0,1.2144718170166018,49.213207960128784,0.646168553829193
9.231999999999752,-0.18458124094228942,-0.04609109154452658,-0.18390347988699568,0.3655676278752732,0.0,0.3655676278752732,0.4305211300018682,0.3767931319728574,1.177923855332398,0.5764326988637544,0.0,1.2144718170166018,49.213207960128784,0.646168553829193
9.241999999999756,-0.18502144420635944,-0.04258482942455055,-0.18425348983227813,0.36583268799794616,0.0,0.36583268799794616,0.4305513477352146,0.37685405279268985,1.1778266028787954,0.5764321642163254,0.0,1.2144718170166018,49.213207960128784,0.646168553829193
9.251999999999759,-0.18541999134947948,-0.03873888031019645,-0.18457759077368666,0.36672006629844855,0.0,0.36672006629844855,0.4305827079346743,0.37678753871677106,1.1785225141102413,0.5764316289796435,0.0,1.232951879501343,49.207963347435,0.6496671736240387
9.261999999999762,-0.1857968096833111,-0.03707788934056142,-0.1849407761234302,0.36752637998895515,0.0,0.36752637998895515,0.43061520207724113,0.37645743445098256,1.1787784904984961,0.5764310921773116,0.0,1.232951879501343,49.207963347435,0.6496671736240387
9.271999999999766,-0.18614672368788382,-0.03330836687396297,-0.1852596686278509,0.36743485223857775,0.0,0.36743485223857775,0.4306488164147608,0.37607492383557606,1.1777687515897954,0.5764305550017685,0.0,1.232951879501343,49.207963347435,0.6496671736240387
9.281999999999769,-0.18645620557084783,-0.02966916768875412,-0.18556279530910355,0.3684100290437209,0.0,0.3684100290437209,0.43068353169576923,0.3756366494696661,1.1782355673538318,0.576430017173218,0.0,1.232951879501343,49.207963347435,0.6496671736240387
9.291999999999772,-0.18672716812083925,-0.025563612935738556,-0.18584045112965364,0.3684795827187132,0.0,0.3684795827187132,0.43071932136026736,0.3750708864263114,1.1772682083383563,0.5764294788645729,0.0,1.232951879501343,49.207963347435,0.6496671736240387
9.301999999999776,-0.18696350745369267,-0.022409316613734073,-0.1861188360006811,0.3692129432722192,0.0,0.3692129432722192,0.43075615216481167,0.374582455568393,1.1773327272956233,0.5764289396319694,0.0,1.2623814582824708,49.249802231788635,0.6557503402233124
9.31199999999978,-0.18716888742032098,-0.019690905251504125,-0.1863840576516615,0.37000120303841216,0.0,0.37000120303841216,0.43079398536167857,0.3740721509066553,1.177469132187742,0.5764283993793147,0.0,1.2623814582824708,49.249802231788635,0.6557503402233124
9.321999999999782,-0.1873573203791853,-0.018524069149095317,-0.18667553807778628,0.3707532625854475,0.0,0.3707532625854475,0.4308327781404237,0.37402654254704437,1.1780174467190252,0.5764278579422792,0.0,1.2623814582824708,49.249802231788635,0.6557503402233124
9.331999999999786,-0.1875419529809534,-0.0184358098393074,-0.18699327404836374,0.37152257483736933,0.0,0.37152257483736933,0.4308724863451782,0.37417561224708057,1.1789095991796346,0.5764273152417713,0.0,1.2623814582824708,49.249802231788635,0.6557503402233124
9.34199999999979,-0.1877128448884181,-0.015726717530508943,-0.1872576225349542,0.3711628111890145,0.0,0.3711628111890145,0.43091306683739833,0.37436392432608817,1.1782733148176379,0.5764267724541059,0.0,1.2623814582824708,49.249802231788635,0.6557503402233124
9.351999999999792,-0.1878430984661571,-0.010611711671344032,-0.1874430371539157,0.3708402361156887,0.0,0.3708402361156887,0.43095447562543215,0.3748491058753155,1.1779876373071376,0.5764262300051841,0.0,1.2828236818313599,49.31262493133545,0.6617625772953033
9.361999999999796,-0.18790843560718073,-0.004254743605261978,-0.18753987986377327,0.3709085048639297,0.0,0.3709085048639297,0.43099666290205224,0.375410919367023,1.1784840902338782,0.5764256878982337,0.0,1.2828236818313599,49.31262493133545,0.6617625772953033
9.3719999999998,-0.18792360277751283,0.0003100590908783514,-0.18762710744768604,0.3706600696955556,0.0,0.3706600696955556,0.4310395697045516,0.3759029571345155,1.1785477728275682,0.5764251456567969,0.0,1.2828236818313599,49.31262493133545,0.6617625772953033
9.381999999999802,-0.18789383077472793,0.0042637878445333285,-0.1876864605355372,0.37099589426809165,0.0,0.37099589426809165,0.4310831302944905,0.3759625953164476,1.1790406017989565,0.576424603630647,0.0,1.2828236818313599,49.31262493133545,0.6617625772953033
9.391999999999806,-0.18784256187127188,0.005133631678139097,-0.1877814169748424,0.37152378048408496,0.0,0.37152378048408496,0.43112727442362314,0.3761969978730116,1.1799565241474421,0.5764240608669845,0.0,1.2828236818313599,49.31262493133545,0.6617625772953033
9.40199999999981,-0.18779143827516637,0.0055408396760787265,-0.18787879698589283,0.3715283175117702,0.0,0.3715283175117702,0.4311719319478366,0.37617626921939185,1.1800501426785266,0.5764235176652739,0.0,1.3046222448349,49.351781606674194,0.6687381207942962
9.411999999999813,-0.187728850471676,0.0068034675477590765,-0.18793630428977334,0.3715689885434775,0.0,0.3715689885434775,0.4312170363130573,0.37585922375679653,1.179959459186412,0.5764229744833561,0.0,1.3046222448349,49.351781606674194,0.6687381207942962
9.421999999999816,-0.18767083641138216,0.005043792425041748,-0.18804252105362348,0.3722230907644203,0.0,0.3722230907644203,0.43126252333228965,0.37518889001098127,1.1803938616971428,0.5764224303472519,0.0,1.3046222448349,49.351781606674194,0.6687381207942962
9.43199999999982,-0.18763507928319842,0.0024900388292232144,-0.18816978729930234,0.3729017490997146,0.0,0.3729017490997146,0.4313083336908517,0.37432665756069466,1.1806851755470043,0.5764218855597999,0.0,1.3046222448349,49.351781606674194,0.6687381207942962
9.441999999999823,-0.18762538940294288,-8.411272894013645e-05,-0.18830436318774282,0.37310370564010475,0.0,0.37310370564010475,0.4313544159376156,0.37332696803064014,1.1802132322477021,0.5764213402823819,0.0,1.3046222448349,49.351781606674194,0.6687381207942962
9.451999999999826,-0.18763138232299234,-0.0008039703981352862,-0.18839876987739956,0.37289555597752144,0.0,0.37289555597752144,0.4314007266641924,0.3723206044482969,1.1791620807132757,0.5764207951589623,0.0,1.300477457046509,49.39954102039337,0.6676207304000854
9.46199999999983,-0.1876454584309026,-0.0021202691859558472,-0.18848343376213703,0.37341432136909486,0.0,0.37341432136909486,0.4314472282477159,0.3711783369824912,1.1790372767374004,0.5764202495236569,0.0,1.300477457046509,49.39954102039337,0.6676207304000854
9.471999999999833,-0.18768920575163484,-0.006458035049921066,-0.1886287314173599,0.37461059395922325,0.0,0.37461059395922325,0.43149388751432644,0.37005086947954385,1.1798241109932663,0.5764197026662237,0.0,1.300477457046509,49.39954102039337,0.6676207304000854
9.481999999999836,-0.1877923584532812,-0.012186893223153613,-0.1888302435945088,0.37484504695618176,0.0,0.37484504695618176,0.4315406794575989,0.36926503639623054,1.1795903635615252,0.5764191544296935,0.0,1.300477457046509,49.39954102039337,0.6676207304000854
9.49199999999984,-0.18792866841175473,-0.014600388599448873,-0.18897886558842958,0.3748652021165684,0.0,0.3748652021165684,0.4315875909911073,0.3686560791707878,1.1792989328859673,0.5764186064929508,0.0,1.300477457046509,49.39954102039337,0.6676207304000854
9.501999999999843,-0.18808342033218883,-0.016140611026315692,-0.18910581213506028,0.37507286637822795,0.0,0.37507286637822795,0.43163461665115893,0.3679283518617707,1.1791688598298418,0.5764180584557058,0.0,1.2865245342254639,49.41330969333649,0.6631431996822357
9.511999999999846,-0.18825603531286808,-0.017866947700202016,-0.18922997086600166,0.3750953445955034,0.0,0.3750953445955034,0.4316817550538941,0.3672444805743745,1.1787400559544736,0.5764175099857511,0.0,1.2865245342254639,49.41330969333649,0.6631431996822357
9.52199999999985,-0.18843897558384645,-0.0187601548264527,-0.18933068403493325,0.3751966542248822,0.0,0.3751966542248822,0.43172900806233927,0.36653156299553463,1.1783899609838344,0.5764169615464815,0.0,1.2865245342254639,49.41330969333649,0.6631431996822357
9.531999999999853,-0.18862914073139608,-0.019342633934156788,-0.18941760618120546,0.37531866397070307,0.0,0.37531866397070307,0.43177637949469944,0.3657315235306638,1.1779910489977474,0.57641641303854,0.0,1.2865245342254639,49.41330969333649,0.6631431996822357
9.541999999999856,-0.1888259222312785,-0.019706801657853573,-0.18949514979268228,0.3752221210160027,0.0,0.3752221210160027,0.43182387428122054,0.36487884995377506,1.1771639120392774,0.5764158644202663,0.0,1.2865245342254639,49.41330969333649,0.6631431996822357
9.55199999999986,-0.18904341956663867,-0.02389181569300712,-0.18965275505042054,0.37677878774698204,0.0,0.37677878774698204,0.43187149827888793,0.36367469802221203,1.1782788012307586,0.576415314355026,0.0,1.2837260723114015,49.39930319786072,0.6603037655353545
9.561999999999863,-0.1893168471495367,-0.029792681620799573,-0.1898875026292479,0.37774823696194104,0.0,0.37774823696194104,0.4319192614180008,0.36241618070501347,1.178444391957057,0.576414762696987,0.0,1.2837260723114015,49.39930319786072,0.6603037655353545
9.571999999999866,-0.1896485648909951,-0.03517208231220759,-0.1901596032146745,0.37849288347955395,0.0,0.37849288347955395,0.431967183183183,0.3610633364317837,1.1781248617522286,0.5764142097426642,0.0,1.2837260723114015,49.39930319786072,0.6603037655353545
9.58199999999987,-0.19002441993873523,-0.039221687749402656,-0.19044341351686986,0.37926209586251,0.0,0.37926209586251,0.43201529259476296,0.3597088462115176,1.1777680940044737,0.576413655820151,0.0,1.2837260723114015,49.39930319786072,0.6603037655353545
9.591999999999873,-0.1904379997370705,-0.042864634602011446,-0.19075214875950725,0.3800513618714525,0.0,0.3800513618714525,0.43206362531874054,0.3583391694367514,1.1774223610963792,0.5764131006764666,0.0,1.2837260723114015,49.39930319786072,0.6603037655353545
9.601999999999876,-0.19089117452456883,-0.04726392858497939,-0.1911109979661735,0.3814019775152469,0.0,0.3814019775152469,0.43211222187475984,0.3570283371402195,1.1778160203919223,0.5764125438447759,0.0,1.2641061305999757,49.4051593542099,0.6497503280639648
9.61199999999988,-0.19139045557041853,-0.05164760078897493,-0.19151423718684124,0.38246517227005516,0.0,0.38246517227005516,0.4321611276735008,0.355848714848041,1.1778375847791716,0.5764119852692502,0.0,1.2641061305999757,49.4051593542099,0.6497503280639648
9.621999999999883,-0.19191695315504276,-0.0530642606947089,-0.19189327391905092,0.3828976244083737,0.0,0.3828976244083737,0.43221039332075634,0.3546809527477038,1.1770037256703185,0.576411425901868,0.0,1.2641061305999757,49.4051593542099,0.6497503280639648
9.631999999999886,-0.19246755319479913,-0.05633807515129964,-0.1923357580411734,0.3844622991823541,0.0,0.3844622991823541,0.43226007124612936,0.3531608665422504,1.1773968211345347,0.5764108644396088,0.0,1.2641061305999757,49.4051593542099,0.6497503280639648
9.64199999999989,-0.1930507539712775,-0.059506440603233124,-0.19281587512341436,0.3857057138103605,0.0,0.3857057138103605,0.43231021479141146,0.3515284831849226,1.1770851348307658,0.5764103010965816,0.0,1.2641061305999757,49.4051593542099,0.6497503280639648
9.651999999999893,-0.1936630705884511,-0.06250099107824122,-0.19333252641518694,0.3871523591753147,0.0,0.3871523591753147,0.43236087943798307,0.34996048165658006,1.1770377046892853,0.5764097358678877,0.0,1.2433903694152832,49.384275674819946,0.6419179141521454
9.661999999999896,-0.19430066914377722,-0.0645018494439169,-0.1938729902461344,0.38841443738229636,0.0,0.38841443738229636,0.43241212222434827,0.3487195122681495,1.1769834676280504,0.5764091690489394,0.0,1.2433903694152832,49.384275674819946,0.6419179141521454
9.6719999999999,-0.19496034726093014,-0.06687055732123247,-0.19445486912075122,0.38966302798613406,0.0,0.38966302798613406,0.43246400068669155,0.34773212968268286,1.1771376594319243,0.5764086000216447,0.0,1.2433903694152832,49.384275674819946,0.6419179141521454
9.681999999999903,-0.1956182356394643,-0.06528026822016399,-0.1949791485887427,0.3904278459293721,0.0,0.3904278459293721,0.432516571769341,0.34685131247519857,1.1767088732703852,0.576408030219051,0.0,1.2433903694152832,49.384275674819946,0.6419179141521454
9.691999999999906,-0.1962701823159984,-0.06527897266753831,-0.19554534038094293,0.39172769221327813,0.0,0.39172769221327813,0.43256988806882724,0.34600554638199915,1.1770475800125029,0.5764074582467812,0.0,1.2433903694152832,49.384275674819946,0.6419179141521454
9.70199999999991,-0.19691781556647964,-0.0644441551950984,-0.19611265706193215,0.39271746822067927,0.0,0.39271746822067927,0.43262399678599395,0.34526911464210275,1.1769524639850806,0.576406884652526,0.0,1.2296777725219727,49.37669217586517,0.6367899596691131
9.711999999999913,-0.19755595037331813,-0.06334145283382314,-0.19668960016882964,0.393930016042387,0.0,0.393930016042387,0.4326789403258626,0.3443569888424065,1.1771369306462185,0.5764063094090607,0.0,1.2296777725219727,49.37669217586517,0.6367899596691131
9.721999999999916,-0.1981799689269613,-0.061647324422443514,-0.19726364622349568,0.3950092237612596,0.0,0.3950092237612596,0.4327347556470356,0.3433378416719504,1.1769318893473715,0.5764057325405488,0.0,1.2296777725219727,49.37669217586517,0.6367899596691131
9.73199999999992,-0.19878663586274287,-0.06007246861968081,-0.19784500657775597,0.39642341487405913,0.0,0.39642341487405913,0.43279147367529774,0.342236577723147,1.1771487341690587,0.5764051539070193,0.0,1.2296777725219727,49.37669217586517,0.6367899596691131
9.741999999999923,-0.19937635793027675,-0.05820929178129101,-0.19842619825405833,0.39733944258274323,0.0,0.39733944258274323,0.43284911911129825,0.34133229659205594,1.1767273027116607,0.5764045735941415,0.0,1.2296777725219727,49.37669217586517,0.6367899596691131
9.751999999999926,-0.19994838780147253,-0.05618723032285722,-0.19900705086584985,0.39843175961049426,0.0,0.39843175961049426,0.4329077108484087,0.34062394579623484,1.1768343084759667,0.576403991547382,0.0,1.2417531490325928,49.39103305339813,0.6372148901224136
9.76199999999993,-0.20048764930112828,-0.0524213727127543,-0.19954125554875476,0.3994041688999057,0.0,0.3994041688999057,0.4329672619029545,0.3400298269993298,1.1769371076685453,0.5764034083628888,0.0,1.2417531490325928,49.39103305339813,0.6372148901224136
9.771999999999933,-0.20098980388205462,-0.048832353947475454,-0.20006318333908074,0.40022247804512373,0.0,0.40022247804512373,0.4330277774064998,0.33951495618503574,1.1768847732072483,0.5764028238311872,0.0,1.2417531490325928,49.39103305339813,0.6372148901224136
9.781999999999936,-0.20146429681402586,-0.046537822718671545,-0.20060034209875527,0.40128005845858566,0.0,0.40128005845858566,0.43308925421894523,0.33935556502618003,1.1775247860374842,0.5764022375536116,0.0,1.2417531490325928,49.39103305339813,0.6372148901224136
9.79199999999994,-0.20190868951559063,-0.042931259420042694,-0.20110082812904873,0.4018573340233946,0.0,0.4018573340233946,0.4331516829708886,0.3392313824779964,1.177584003162696,0.5764016502918878,0.0,1.2417531490325928,49.39103305339813,0.6372148901224136
9.801999999999943,-0.2023137380473588,-0.038793910351630524,-0.2015659109139395,0.40265790296351556,0.0,0.40265790296351556,0.43321504811674916,0.3394616822232938,1.1783801179138746,0.5764010620010079,0.0,1.2771740198135377,49.43362295627594,0.6430213689804076
9.811999999999946,-0.20266861439740086,-0.03287820325496155,-0.20195400013261416,0.4029088796188695,0.0,0.4029088796188695,0.43327932667508257,0.3394751171730891,1.1783328548104668,0.5764004730335678,0.0,1.2771740198135377,49.43362295627594,0.6430213689804076
9.82199999999995,-0.20295733872462085,-0.026196189090636843,-0.2022791581849254,0.402950551374629,0.0,0.402950551374629,0.4333444864309136,0.33928948690915767,1.1777881484621802,0.5763998839689984,0.0,1.2771740198135377,49.43362295627594,0.6430213689804076
9.831999999999953,-0.20316766130608854,-0.017484347043655868,-0.20250661391332828,0.4024849110220441,0.0,0.4024849110220441,0.4334104837721432,0.33878844151968246,1.1763359700373206,0.576399295528459,0.0,1.2771740198135377,49.43362295627594,0.6430213689804076
9.841999999999956,-0.20331424501463022,-0.013650177676672454,-0.2027735594945315,0.40395114468056004,0.0,0.40395114468056004,0.43347726236854234,0.3381641728865234,1.1774590908220832,0.576398705837579,0.0,1.2771740198135377,49.43362295627594,0.6430213689804076
9.85199999999996,-0.2034475575894141,-0.01312993056418188,-0.20309059781368244,0.40511459325588467,0.0,0.40511459325588467,0.4335447573220605,0.3374192991746829,1.1781225132804747,0.5763981143837688,0.0,1.332757902145386,49.48374629020691,0.6529046058654785
9.861999999999963,-0.203572956751043,-0.012477100335341485,-0.20338707391695665,0.40578803021767906,0.0,0.40578803021767906,0.43361290398254065,0.3368265800559279,1.1782551841634101,0.5763975217278573,0.0,1.332757902145386,49.48374629020691,0.6529046058654785
9.871999999999966,-0.20369391704012138,-0.011944635746937576,-0.20367909946168908,0.4060131048475903,0.0,0.4060131048475903,0.4336816400419953,0.33653575226551025,1.1780985441590313,0.5763969282808604,0.0,1.332757902145386,49.48374629020691,0.6529046058654785
9.88199999999997,-0.2038083899044602,-0.011119005756214922,-0.20395354837774524,0.4064190998539076,0.0,0.4064190998539076,0.43375090591566823,0.33614026386533186,1.1782450310309285,0.5763963342778996,0.0,1.332757902145386,49.48374629020691,0.6529046058654785
9.891999999999973,-0.20392068685493978,-0.01162245318764299,-0.2042397334993252,0.4072555506064991,0.0,0.4072555506064991,0.433820644360683,0.33582040607867875,1.1790723122699351,0.576395739296816,0.0,1.332757902145386,49.48374629020691,0.6529046058654785
9.901999999999976,-0.2040327282636794,-0.010093061071842543,-0.20447284172386446,0.4068938446398182,0.0,0.4068938446398182,0.43389080126576934,0.3353510457375638,1.1781967721214568,0.5763951441746603,0.0,1.3445070028305055,49.54691410064697,0.6525216281414032
9.91199999999998,-0.20411083031382163,-0.006854561122502344,-0.20461853911972416,0.40727696158228444,0.0,0.40727696158228444,0.4339613248772366,0.33485356114509823,1.1783690354616518,0.5763945492666289,0.0,1.3445070028305055,49.54691410064697,0.6525216281414032
9.921999999999983,-0.20418386209567638,-0.007584328379675164,-0.20481488446664084,0.4079253957700442,0.0,0.4079253957700442,0.43403216133203004,0.3342292712620756,1.1788176329026647,0.5763939530704841,0.0,1.3445070028305055,49.54691410064697,0.6525216281414032
9.931999999999986,-0.20425915830349353,-0.007680471239973619,-0.20498454154408682,0.40820349673947376,0.0,0.40820349673947376,0.434103258568982,0.333675744716663,1.1788349476698547,0.576393356760348,0.0,1.3445070028305055,49.54691410064697,0.6525216281414032
9.94199999999999,-0.20433505293520274,-0.006968130574795325,-0.20512163604918715,0.40753481339258446,0.0,0.40753481339258446,0.43417456830907086,0.3332958806000104,1.177685828630339,0.5763927604825279,0.0,1.3445070028305055,49.54691410064697,0.6525216281414032
9.951999999999993,-0.20439868564154248,-0.006048046423689796,-0.2052241551779359,0.4077595333364329,0.0,0.4077595333364329,0.43424604505141917,0.3331588957287123,1.1780824746949679,0.576392164359593,0.0,1.3568378925323488,49.56747770309448,0.6538802206516265
9.961999999999996,-0.20445376114534247,-0.005303877300367674,-0.2052996945556646,0.40789124647714403,0.0,0.40789124647714403,0.4343176442309456,0.33321698232287816,1.1785342140121056,0.5763915681927155,0.0,1.3568378925323488,49.56747770309448,0.6538802206516265
9.972,-0.2045007330851661,-0.004571576651603727,-0.2053504982220772,0.4078075645803054,0.0,0.4078075645803054,0.43438932248447215,0.3333306838800713,1.1787724400175588,0.576390972232035,0.0,1.3568378925323488,49.56747770309448,0.6538802206516265
9.982000000000003,-0.20454704985213434,-0.004614000130944741,-0.2053975469191418,0.40763972876510746,0.0,0.40763972876510746,0.4344610379056185,0.33348534624928045,1.1789354788031583,0.5763903761790956,0.0,1.3568378925323488,49.56747770309448,0.6538802206516265
9.992000000000006,-0.20458823385384378,-0.003787424382390228,-0.2054087408318452,0.407321622256956,0.0,0.407321622256956,0.43453275098464783,0.33377574851421665,1.1790356984379584,0.5763897806008731,0.0,1.3568378925323488,49.56747770309448,0.6538802206516265
