t,df_hz,rocof_hz_s,dfv_hz,p_vsg_mw,p_pv_support_mw,p_bess_mw,p_diesel_mw,p_wind_mw,p_load_mw,soc,sat_mw,H_v,D_v,alpha
0.002,0.0,0.0,0.0,0.0,0.0,0.06453125010656707,0.425,0.37862863657576173,0.8681598866823288,0.3409728780249555,0.0,5.149592638015747,46.81393086910248,0.65608491897583
0.012,-2.4066079678146714e-06,-0.0002681509243311479,-3.7771284456565826e-06,-9.361007399913812e-05,0.0,0.06443764003256794,0.42500000006066124,0.37862863657576173,0.8680281678463575,0.3409727834475086,0.0,5.149592638015747,46.81393086910248,0.65608491897583
0.022000000000000006,-7.5636127362683785e-06,-0.0007780280305797704,-1.1261201497970494e-05,0.0002951798846895543,0.0,0.06482642999125662,0.4250000006083049,0.3786173773118121,0.8685593300521458,0.3409726886365743,0.0,5.149592638015747,46.81393086910248,0.65608491897583
0.032000000000000015,-1.2358506023178518e-05,-0.0004344117075176356,-1.04325471056188e-05,0.00025552216656275827,0.0,0.06478677227312983,0.4250000025626022,0.3786047598070711,0.8685008047640261,0.34097259431467536,0.0,5.149592638015747,46.81393086910248,0.65608491897583
0.04200000000000002,-1.9930201393317818e-05,-0.0009299128674167132,-1.9099955774016722e-05,0.00020528844937162073,0.0,0.0647365385559387,0.4250000068515527,0.3785828162851803,0.8683911443874501,0.3409724994106779,0.0,5.149592638015747,46.81393086910248,0.65608491897583
0.05200000000000003,-3.3126216083256724e-05,-0.0015218323384385683,-3.1475669663644815e-05,0.0005837215845552996,0.0,0.06511497169112238,0.4250000148224049,0.3785837253890118,0.8689142644690683,0.3409724042403845,0.0,5.692620158195496,46.56654715538025,0.7270283401012421
0.06200000000000004,-4.890117634679042e-05,-0.0016803798167034356,-4.074050789199947e-05,0.0007545808058819486,0.0,0.06528583091244902,0.4250000287359239,0.3785831082716961,0.8691417143591929,0.3409723091849169,0.0,5.692620158195496,46.56654715538025,0.7270283401012421
0.07200000000000005,-6.587785318907824e-05,-0.0015737801067259437,-4.8468243151799074e-05,0.00028178229875886244,0.0,0.06481303240532593,0.42500005125706247,0.3785840115823287,0.8684661587204323,0.34097221420497886,0.0,5.692620158195496,46.56654715538025,0.7270283401012421
0.08200000000000006,-8.457887073599374e-05,-0.0019493061820466254,-6.170806716686926e-05,0.0004784234111357419,0.0,0.06500967351770282,0.42500008508402326,0.3785848969707013,0.8687246671003327,0.3409721188319005,0.0,5.692620158195496,46.56654715538025,0.7270283401012421
0.09200000000000007,-0.00010274699516517296,-0.0015216770774853304,-6.79512736967301e-05,0.00016369889176581396,0.0,0.06469494899833289,0.42500013302460476,0.37858576479240313,0.8682637726863427,0.3409720238939349,0.0,5.692620158195496,46.56654715538025,0.7270283401012421
0.10200000000000008,-0.00011859840496776554,-0.0017205308234512122,-7.919986667892101e-05,0.0008198252008818961,0.0,0.06535107530744896,0.4250001975731849,0.3785866153959681,0.8691606534717774,0.34097192859823755,0.0,5.919031083583832,46.18091523647308,0.7307904839515686
0.11200000000000009,-0.00013479104117820195,-0.0014242664651017915,-8.668487696465454e-05,0.0005122277405322161,0.0,0.0650434778470993,0.4250002807104091,0.37858744912301506,0.8687055623412497,0.34097183351194565,0.0,5.919031083583832,46.18091523647308,0.7307904839515686
0.1220000000000001,-0.0001493733469572486,-0.0014422042999166352,-9.683907304933238e-05,0.00035810414131627263,0.0,0.06488935424788335,0.42500038420128256,0.37858826630838477,0.8684641775588088,0.3409717382197508,0.0,5.919031083583832,46.18091523647308,0.7307904839515686
0.1320000000000001,-0.00016024137889773376,-0.0010112736543876383,-0.00010204718867880692,0.0007154071995521711,0.0,0.06524665730611924,0.425000509341402,0.3785890672802749,0.8689383304633291,0.3409716432502196,0.0,5.919031083583832,46.18091523647308,0.7307904839515686
0.1420000000000001,-0.00016792233457857354,-0.00035011209756318775,-0.00010447203434157284,-0.0001538087550473291,0.0,0.06437744135151974,0.42500065674589094,0.3785898523603711,0.8676957873879633,0.3409715484559359,0.0,5.919031083583832,46.18091523647308,0.7307904839515686
0.1520000000000001,-0.00016049352559491272,0.0014446302105963786,-9.06949224046415e-05,-0.0006603812856813749,0.0,0.0638708688208857,0.42500082601490036,0.3785906218639768,0.8669661672361783,0.3409714548016145,0.0,6.02019476890564,46.00507318973541,0.7248593986034393
0.16200000000000012,-0.0001353772555427215,0.0034383278261175283,-6.774422511333794e-05,-0.0013581756710265558,0.0,0.06317307443554052,0.4250010140737517,0.37859137610013943,0.8659788229264115,0.3409713618493147,0.0,6.02019476890564,46.00507318973541,0.7248593986034393
0.17200000000000013,-9.119653991730657e-05,0.00489768054257944,-4.095039767580945e-05,-0.0012412229477402066,0.0,0.06329002715882687,0.42500121449895917,0.37859211537177484,0.8661468626359802,0.34097126923981824,0.0,6.02019476890564,46.00507318973541,0.7248593986034393
0.18200000000000013,-3.4480097887972544e-05,0.006216511205535475,-9.52900273443789e-06,-0.0016031533178465303,0.0,0.06292809678872054,0.4250014177995451,0.3785928399757888,0.8656599274650635,0.3409711770301083,0.0,6.02019476890564,46.00507318973541,0.7248593986034393
0.19200000000000014,3.2554750372589457e-05,0.007075366657647289,2.318043754193691e-05,-0.0018639226994758412,0.0,0.06266732740709123,0.42500161258596114,0.3785935502031963,0.8653318308355735,0.34097108499721784,0.0,6.02019476890564,46.00507318973541,0.7248593986034393
0.20200000000000015,0.00011148194213412515,0.008320127797441759,6.566490121951267e-05,-0.002099565129810472,0.0,0.0624316849767566,0.42500178614240436,0.37859424633923844,0.8650577728439225,0.3409709937575935,0.0,6.06833803653717,45.985042452812195,0.7193016946315764
0.21200000000000016,0.0001994851822569263,0.009077032958470201,0.00010947457208845261,-0.0023510739737716882,0.0,0.06218017613279538,0.4250019244420495,0.3785949286634968,0.8647818270314026,0.34097090274625935,0.0,6.06833803653717,45.985042452812195,0.7193016946315764
0.22200000000000017,0.0002856117916566545,0.00814891453842469,0.00014005294330218413,-0.0016621232902958262,0.0,0.06286912681627124,0.42500201276022037,0.3785955974500061,0.8658406883627652,0.3409708109027286,0.0,6.06833803653717,45.985042452812195,0.7193016946315764
0.23200000000000018,0.000360938077774162,0.006836871525020602,0.00016502719318475608,-0.0009546986426390759,0.0,0.063576551463928,0.4250020377494384,0.3785962529673638,0.8669378484194346,0.34097071873962215,0.0,6.06833803653717,45.985042452812195,0.7193016946315764
0.2420000000000002,0.000415079538316719,0.0046663196979455646,0.0001759537234000719,-0.001024885096290213,0.0,0.06350636501027686,0.42500198925536004,0.3785968954788385,0.8669520433391315,0.34097062562532054,0.0,6.06833803653717,45.985042452812195,0.7193016946315764
0.25200000000000017,0.00045248655560915595,0.0034000277536353485,0.00019023283634582073,-0.0015171627394244432,0.0,0.06301408736714263,0.425001861653648,0.37859752524247514,0.8663762588766183,0.3409705327800326,0.0,6.0665841698646545,46.042001843452454,0.7168725669384002
0.2620000000000002,0.0004839002434197479,0.0027662135308460954,0.00021048204394253785,-0.001072040110511625,0.0,0.06345920999605545,0.4250016529069028,0.378598142511199,0.867113866734017,0.34097044040972774,0.0,6.0665841698646545,46.042001843452454,0.7168725669384002
0.2720000000000002,0.000505780421750637,0.0020744049532081155,0.00022911998748847848,-0.0016304844984404523,0.0,0.06290076560812662,0.42500136271823713,0.37859874753291717,0.8664442978843352,0.34097034797102355,0.0,6.0665841698646545,46.042001843452454,0.7168725669384002
0.2820000000000002,0.0005243959050662983,0.00157475924958071,0.00025104423162117034,-0.0013263912719315074,0.0,0.06320485883463557,0.42500099242368583,0.37859934055061795,0.8669794995987068,0.34097025582517426,0.0,6.0665841698646545,46.042001843452454,0.7168725669384002
0.2920000000000002,0.0005355190709718063,0.0009639788124833469,0.0002715385869121861,-0.0017125726130939008,0.0,0.06281867749347317,0.4250005442654014,0.3785999218024688,0.8665423399796565,0.3409701636310563,0.0,6.0665841698646545,46.042001843452454,0.7168725669384002
0.3020000000000002,0.0005461979203047833,0.001126235468313955,0.00030118455578385727,-0.002036919280717429,0.0,0.062494330825849646,0.42500002159116307,0.37860049152191166,0.8661854477502947,0.3409700721526998,0.0,6.061439394950867,46.02714240550995,0.7164710640907288
0.3120000000000002,0.0005577938922451303,0.00120547459448738,0.00033297016895601013,-0.002063472899059259,0.0,0.06246777720750781,0.4249994278332994,0.3786010499377569,0.8662393258137011,0.3409699809060803,0.0,6.061439394950867,46.02714240550995,0.7164710640907288
0.32200000000000023,0.0005682773695089957,0.0011040605188217536,0.0003648196429086848,-0.002568212013175866,0.0,0.06196303809339121,0.42499876611771187,0.37860159727427506,0.8656162780772705,0.34096988974801257,0.0,6.061439394950867,46.02714240550995,0.7164710640907288
0.33200000000000024,0.0005752524820851348,0.00039207221737682074,0.0003916187039144427,-0.0020602306890419955,0.0,0.06247101941752508,0.4249980396009929,0.37860213375128715,0.8664020724003186,0.3409697983157281,0.0,6.061439394950867,46.02714240550995,0.7164710640907288
0.34200000000000025,0.000579711056900444,0.0006223890721059336,0.000426837914725162,-0.0027215007941706255,0.0,0.061809749312396446,0.424997251961981,0.3786026595842526,0.8655398123990953,0.3409697075581109,0.0,6.061439394950867,46.02714240550995,0.7164710640907288
0.35200000000000026,0.0005866235713880069,0.0005695171434488726,0.000461816444280932,-0.0022370116576645198,0.0,0.062294238448902556,0.4249964070884313,0.37860317498435614,0.8662725170649105,0.34096961688286836,0.0,6.0659982562065125,45.98855257034302,0.7168302178382873
0.36200000000000027,0.0005863000626761746,-0.0006376003237996966,0.0004842616436566084,-0.00160243903247403,0.0,0.06292881107409304,0.4249955084444428,0.37860368015859247,0.8672032717028288,0.34096952540154457,0.0,6.0659982562065125,45.98855257034302,0.7168302178382873
0.3720000000000003,0.0005719145648810584,-0.0019405189585100261,0.0004997570537713266,-0.0015035911128192109,0.0,0.06302765899374786,0.4249945606879686,0.37860417530984936,0.867366837178335,0.3409694334767067,0.0,6.0659982562065125,45.98855257034302,0.7168302178382873
0.3820000000000003,0.0005433246459182335,-0.003377902616162466,0.0005074022652807489,-0.0013153221223084451,0.0,0.06321592798425862,0.4249935708236072,0.378604660636989,0.8676357123797938,0.34096934102757576,0.0,6.0659982562065125,45.98855257034302,0.7168302178382873
0.3920000000000003,0.000501012580529841,-0.00494994174668158,0.0005068390807104828,-0.0006392332418230261,0.0,0.06389201686474405,0.42499254812856574,0.3786051363349282,0.8685653140696121,0.34096924801170553,0.0,6.0659982562065125,45.98855257034302,0.7168302178382873
0.4020000000000003,0.0004387557003091106,-0.0071522249723033424,0.0004903188580551281,0.0003720786508685236,0.0,0.0649033287574356,0.42499150413932635,0.37860560259471643,0.8699376372467968,0.34096915384417664,0.0,6.069719076156616,45.959786772727966,0.7186415910720825
0.4120000000000003,0.00035530383803744837,-0.00907635478289372,0.00046435820560821166,0.0004753734529474079,0.0,0.06500662355951448,0.4249904534161387,0.37860605960361265,0.8700077724059526,0.3409690589487111,0.0,6.069719076156616,45.959786772727966,0.7186415910720825
0.4220000000000003,0.00025745109060127644,-0.009948055912527594,0.00043787702045157314,6.19397941976371e-05,0.0,0.06459318990076471,0.4249894135339939,0.37860650754516056,0.869322378941047,0.34096896394163073,0.0,6.069719076156616,45.959786772727966,0.7186415910720825
0.43200000000000033,0.00015996991633641233,-0.009598547575415456,0.00041821175356167507,0.00016748732453140947,0.0,0.06469873743109848,0.42498840349253575,0.37860694659926203,0.8693355346195044,0.3409688693577754,0.0,6.069719076156616,45.959786772727966,0.7186415910720825
0.44200000000000034,6.765030861240767e-05,-0.009052176647381695,0.0003979530161890214,0.0003103974894492032,0.0,0.06484164759601628,0.424987441116618,0.3786073769422496,0.8693771686136225,0.34096877467944775,0.0,6.069719076156616,45.959786772727966,0.7186415910720825
0.45200000000000035,-1.941002487164341e-05,-0.00853013288867089,0.00037458627697702486,0.0004904821953815681,0.0,0.06502173230194865,0.4249865420470303,0.3786077987469575,0.8694499324261012,0.3409686797209717,0.0,6.092059791088104,45.86473286151886,0.7206887006759644
0.46200000000000035,-9.721726169010067e-05,-0.007293589517740553,0.0003557666786260659,0.0003286092461473477,0.0,0.06485985935271442,0.4249857197197221,0.37860821218279056,0.8690269543994961,0.34096858502086025,0.0,6.092059791088104,45.86473286151886,0.7206887006759644
0.47200000000000036,-0.00016426554950802166,-0.006593439082131273,0.0003309721954413015,0.0010001435550089104,0.0,0.06553139366157598,0.4249849848068069,0.3786086174157926,0.8697592546530496,0.34096848984271033,0.0,6.092059791088104,45.86473286151886,0.7206887006759644
0.4820000000000004,-0.00023252788647452433,-0.006943068506203792,0.0002900810727566567,0.001425762042251204,0.0,0.06595701214881827,0.42498434537581853,0.37860901460871305,0.8701357365408662,0.3409683934303075,0.0,6.092059791088104,45.86473286151886,0.7206887006759644
0.4920000000000004,-0.0002974939046508826,-0.006109011212741154,0.00025412860084462753,0.001318329930981061,0.0,0.06584958003754814,0.4249838087686192,0.3786094039210723,0.8697565366665628,0.34096829726344546,0.0,6.092059791088104,45.86473286151886,0.7206887006759644
0.5020000000000003,-0.0003531422482004553,-0.004981973559374969,0.00021815065312483147,0.001130020282599373,0.0,0.06566127038916644,0.4249833811228177,0.3786097855092257,0.8692607726835245,0.34096820099411496,0.0,6.1182631850242615,45.81701457500458,0.7216451227664947
0.5120000000000003,-0.0003960228903167181,-0.0037495086337609234,0.00018224316409182217,0.0012977597063996685,0.0,0.06582900981296674,0.42498306622990145,0.37861015952642635,0.869265812049631,0.34096810462585886,0.0,6.1182631850242615,45.81701457500458,0.7216451227664947
0.5220000000000004,-0.0004252447685956834,-0.002317071814255874,0.00014775595713692049,0.001269575831628505,0.0,0.06580082593819558,0.424982865094566,0.37861052612288687,0.869003926303315,0.3409680082646063,0.0,6.1182631850242615,45.81701457500458,0.7216451227664947
0.5320000000000004,-0.00044299236010335834,-0.0014856896222803651,0.00010722553805505463,0.0019132721318559389,0.0,0.06644452223842301,0.42498277593744394,0.3786108854458394,0.8696946820207652,0.3409679113743287,0.0,6.1182631850242615,45.81701457500458,0.7216451227664947
0.5420000000000004,-0.0004528075579326203,-0.0006000350405201573,6.51679943320909e-05,0.0018902920148343235,0.0,0.0664215421214014,0.42498279480370926,0.3786112376395951,0.8694664533694945,0.34096781426263145,0.0,6.1182631850242615,45.81701457500458,0.7216451227664947
0.5520000000000004,-0.0004512587153905366,0.0005927256590333471,2.593762278680811e-05,0.00208375479359384,0.0,0.06661500490016091,0.42498291622706214,0.3786115828456017,0.869560180086895,0.340967717243409,0.0,6.130686283111572,45.8686238527298,0.7214266598224639
0.5620000000000004,-0.0004474149791598532,0.0002281980091600245,-2.975754704667006e-05,0.002750284399946786,0.0,0.06728153450651386,0.4249831330333115,0.3786119212025007,0.8703368893734217,0.3409676189172783,0.0,6.130686283111572,45.8686238527298,0.7214266598224639
0.5720000000000004,-0.0004454461680476366,0.00039315331412510563,-8.524399993637434e-05,0.002709087493313833,0.0,0.0672403375998809,0.4249834379199416,0.37861225284618266,0.8701419186682687,0.340967520452608,0.0,6.130686283111572,45.8686238527298,0.7214266598224639
0.5820000000000004,-0.00044138402412802126,0.0004380957614046762,-0.00014349254077632829,0.003119125439629111,0.0,0.06765037554619618,0.42498382419779834,0.37861257790984215,0.8706007433163497,0.34096742164098676,0.0,6.130686283111572,45.8686238527298,0.7214266598224639
0.5920000000000004,-0.0018804474305356314,-0.2730925920055694,-0.0031967522280434424,0.1886457821225723,0.0,0.25317703222913934,0.4249843035794138,0.378612896524031,1.1299042760098206,0.34096710549197734,0.0,6.130686283111572,45.8686238527298,0.7214266598224639
0.6020000000000004,-0.005950710691767383,-0.48359545142626786,-0.006999920867124766,0.18973760151564661,0.0,0.2542688516222137,0.4249851742643875,0.3786132088167109,1.1296519349994685,0.340966734818281,0.0,5.224981486797333,47.390239238739014,0.773435777425766
0.6120000000000004,-0.01162096256105177,-0.6116435412554694,-0.011175019820731734,0.19186725096998858,0.0,0.25639850107655565,0.42498718804121766,0.3786135149133045,1.129494947433363,0.34096636127191354,0.0,5.224981486797333,47.390239238739014,0.773435777425766
0.6220000000000004,-0.018158758173674308,-0.6749574033429032,-0.015234789115067891,0.19497639897874042,0.0,0.2595076490853075,0.4249913585474879,0.3786138149367463,1.1294128727185102,0.3409659833349989,0.0,5.224981486797333,47.390239238739014,0.773435777425766
0.6320000000000005,-0.02506284902146359,-0.6965940270171128,-0.019184514731721232,0.19872544176736995,0.0,0.263256691873937,0.42499880134556817,0.3786141090075313,1.1289984610918924,0.3409656010025163,0.0,5.224981486797333,47.390239238739014,0.773435777425766
0.6420000000000005,-0.03202250021207771,-0.6925320762365472,-0.023058288942446478,0.2026440692330658,0.0,0.2671753193396329,0.42501062773281917,0.378614397243764,1.127690820658299,0.34096521244787337,0.0,5.224981486797333,47.390239238739014,0.773435777425766
0.6520000000000005,-0.03884442572313832,-0.6787370302627062,-0.02707998549828014,0.20797685803313185,0.0,0.27250810813969895,0.4250278820454835,0.3786146797612057,1.1273564131192568,0.34096481722133337,0.0,4.110838949680328,46.20416283607483,0.7035588860511779
0.6620000000000005,-0.04562053244093155,-0.6735143019809898,-0.03188088322884427,0.2139845781328603,0.0,0.27851582823942733,0.4250515124241266,0.378614956673321,1.1271699863807148,0.34096441367190544,0.0,4.110838949680328,46.20416283607483,0.7035588860511779
0.6720000000000005,-0.052219414139626864,-0.6489775963956377,-0.03660945171903241,0.22089267976857976,0.0,0.28542392987514686,0.42508238259421033,0.37861522809132314,1.1276429709491231,0.3409640007152256,0.0,4.110838949680328,46.20416283607483,0.7035588860511779
0.6820000000000005,-0.05850055313861998,-0.6129691503196297,-0.04128900286949163,0.22784301861187284,0.0,0.2923742687184399,0.42512125767421305,0.3786154941242187,1.1277333018697027,0.34096357739196476,0.0,4.110838949680328,46.20416283607483,0.7035588860511779
0.6920000000000005,-0.06436801316354535,-0.5682611880925827,-0.04590711776982222,0.2343725288537367,0.0,0.29890377896030373,0.4251687825718863,0.3786157548788517,1.1269627734386776,0.3409631444401307,0.0,4.110838949680328,46.20416283607483,0.7035588860511779
0.7020000000000005,-0.06977214871618499,-0.5256492605547027,-0.05066157671429097,0.2413791898802108,0.0,0.30591043998677786,0.42522547066249083,0.37861601045994614,1.126767791958033,0.34096270117452204,0.0,3.4853156954050064,45.0224906206131,0.6492200881242751
0.7120000000000005,-0.07486954138325247,-0.4972891951576308,-0.056066103159953265,0.24887644132677036,0.0,0.31340769143333747,0.42529170657970744,0.3786162609701485,1.127402101557009,0.3409622474264212,0.0,3.4853156954050064,45.0224906206131,0.6492200881242751
0.7220000000000005,-0.07960571913170264,-0.4569793277472257,-0.06136849255843331,0.2557795502628473,0.0,0.3203108003694144,0.42536777550267363,0.3786165065100684,1.1275537792624508,0.3409617837195799,0.0,3.4853156954050064,45.0224906206131,0.6492200881242751
0.7320000000000005,-0.08391543365608391,-0.41320561534949574,-0.06660759092578328,0.2630805750914439,0.0,0.32761182519801096,0.4254538646708076,0.37861674717831945,1.1287706144658545,0.3409613086979403,0.0,3.4853156954050064,45.0224906206131,0.6492200881242751
0.7420000000000005,-0.08776731396525769,-0.36645084974915637,-0.07174200391425756,0.2696224473413401,0.0,0.3341536974479072,0.4255500568595092,0.3786169830715587,1.1295792847661774,0.3409608242565378,0.0,3.4853156954050064,45.0224906206131,0.6492200881242751
0.7520000000000006,-0.09115061534260639,-0.31880133842806113,-0.07673453810802075,0.275796361866457,0.0,0.3403276119730241,0.4256563312331462,0.37861721428452544,1.1306635710324722,0.3409603304240408,0.0,3.4559260234236717,47.37913131713867,0.7145645618438721
0.7620000000000006,-0.0940321994293745,-0.26804113997169676,-0.08142994392356248,0.28061309462798195,0.0,0.345144344734549,0.42577256723562484,0.3786174409100792,1.1307429376956302,0.3409598284414971,0.0,3.4559260234236717,47.37913131713867,0.7145645618438721
0.7720000000000006,-0.09642265916598491,-0.22019952502388287,-0.08595693530422474,0.2844121495437199,0.0,0.348943399650287,0.42589854658326953,0.3786176630392373,1.1303883530250933,0.3409593204421708,0.0,3.4559260234236717,47.37913131713867,0.7145645618438721
0.7820000000000006,-0.09835438630071514,-0.17570293985385363,-0.09029828334871537,0.2875209978634878,0.0,0.35205224797005485,0.42603396138208344,0.37861788076121095,1.1301457782290454,0.3409588076053557,0.0,3.4559260234236717,47.37913131713867,0.7145645618438721
0.7920000000000006,-0.09987049819981136,-0.13597725774967317,-0.09445285205595684,0.2898820544192171,0.0,0.3544133045257842,0.426178426749293,0.37861809416344155,1.1300003443490927,0.34095829049048226,0.0,3.4559260234236717,47.37913131713867,0.7145645618438721
0.8020000000000006,-0.1010115508402961,-0.09808247008130135,-0.09831564880019283,0.29203119997854937,0.0,0.35656245008511644,0.42633149452059615,0.37861830333163565,1.130744671271338,0.34095777018818435,0.0,3.6403035670518875,49.32584285736084,0.7235645174980163
0.8120000000000006,-0.10173240705311233,-0.05640603222709095,-0.10160689394300847,0.2927665943665246,0.0,0.35729784447309165,0.4264926639207206,0.3786185083497991,1.130686282893371,0.3409572482754503,0.0,3.6403035670518875,49.32584285736084,0.7235645174980163
0.8220000000000006,-0.10209619494103381,-0.02428953876968689,-0.10468015917165753,0.29234044047688573,0.0,0.3568716905834528,0.4266613812947188,0.3786187093002713,1.1301605958527396,0.34095672639678315,0.0,3.6403035670518875,49.32584285736084,0.7235645174980163
0.8320000000000006,-0.10219546038839471,-0.0012730414544422954,-0.10754492232798628,0.2917654949703104,0.0,0.3562967450768775,0.4268370539900334,0.37861890626375777,1.1305649762714105,0.3409562047673263,0.0,3.6403035670518875,49.32584285736084,0.7235645174980163
0.8420000000000006,-0.10210720229172673,0.014574592165097176,-0.110185403498182,0.29077601140813336,0.0,0.35530726151470043,0.42701907121180116,0.37861909931936294,1.1314829469760965,0.3409556846844276,0.0,3.6403035670518875,49.32584285736084,0.7235645174980163
0.8520000000000006,-0.10188999772594633,0.02752033250929967,-0.11250955261444978,0.2882775961321485,0.0,0.35280884623871556,0.4272068209173822,0.37861928854462157,1.1313171501117143,0.34095516753102434,0.0,4.224336624145508,49.75469946861267,0.6836508452892303
0.8620000000000007,-0.10152652919665894,0.040483761793806,-0.11433244813328473,0.2860835948488294,0.0,0.35061484495539647,0.4273997002242774,0.37861947401553014,1.1324995581035169,0.3409546535994399,0.0,4.224336624145508,49.75469946861267,0.6836508452892303
0.8720000000000007,-0.10109462756229451,0.044099948885446265,-0.11595687435569503,0.28202012754569905,0.0,0.3465513776522661,0.42759711606003076,0.37861965580657747,1.1318730347475863,0.34095414439062965,0.0,4.224336624145508,49.75469946861267,0.6836508452892303
0.8820000000000007,-0.10066165786066988,0.042150826486995294,-0.11735866578649858,0.2773491249307832,0.0,0.34188037503735025,0.4277984973541222,0.3786198339907743,1.1310976471497063,0.3409536417112625,0.0,4.224336624145508,49.75469946861267,0.6836508452892303
0.8920000000000007,-0.10027299368204913,0.0360709638312748,-0.11853111184430946,0.2722161033583374,0.0,0.3367473534649045,0.42800330739413284,0.37862000863968287,1.1302612222342492,0.3409531465535734,0.0,4.224336624145508,49.75469946861267,0.6836508452892303
0.9020000000000007,-0.09997850583121008,0.02487989492025336,-0.11949496083552612,0.26739936862338315,0.0,0.3319306187299502,0.42821105133419096,0.3786201798234455,1.1303253151712238,0.34095265800289404,0.0,4.439809948205948,49.82623755931854,0.6588878035545349
0.9120000000000007,-0.09981609752220749,0.009943320757630847,-0.12023552018718475,0.26291736807267285,0.0,0.3274486181792399,0.42842128304613253,0.37862034761081287,1.131172723562785,0.3409521761119383,0.0,4.439809948205948,49.82623755931854,0.6588878035545349
0.9220000000000007,-0.09981623093488312,-0.0069212785469682705,-0.12077714794083123,0.2571434997373225,0.0,0.32167474984388955,0.42863360999984035,0.3786205120691718,1.1303813283951087,0.34095170262231733,0.0,4.439809948205948,49.82623755931854,0.6588878035545349
0.9320000000000007,-0.10000060321482934,-0.026324977474660987,-0.1211425520856044,0.2517391588328621,0.0,0.31627040893942915,0.42884769572188003,0.3786206732645718,1.1301369814776114,0.34095123691474133,0.0,4.439809948205948,49.82623755931854,0.6588878035545349
0.9420000000000007,-0.10038686857575552,-0.04700612422637619,-0.12133785447053166,0.24657246394331092,0.0,0.311103714049878,0.4290632606462154,0.3786208312617522,1.130113748874392,0.34095077917730954,0.0,4.439809948205948,49.82623755931854,0.6588878035545349
0.9520000000000007,-0.10098664313263951,-0.06892964991153162,-0.12138430576007302,0.2417659862609123,0.0,0.3062972363674794,0.4292800819549173,0.3786209861241676,1.1303459865560967,0.34095032882542226,0.0,4.292019635438919,49.795899987220764,0.6155123114585876
0.9620000000000007,-0.10180960173744445,-0.09130595471768563,-0.12129823857186123,0.23694498006766804,0.0,0.3014762301742351,0.4294979923130908,0.3786211379140137,1.130176230357328,0.3409498853982924,0.0,4.292019635438919,49.795899987220764,0.6155123114585876
0.9720000000000008,-0.10285053013371777,-0.11245473667160838,-0.12108043683575413,0.23216319724088477,0.0,0.2966944473474519,0.42971687794553526,0.3786212866922523,1.1295561858514402,0.34094944898755025,0.0,4.292019635438919,49.795899987220764,0.6155123114585876
0.9820000000000008,-0.10409886616286962,-0.13292493384042642,-0.12075959946112441,0.22851823465565604,0.0,0.29304948476222314,0.42993667425971355,0.37862143251863567,1.129911548324685,0.3409490185095589,0.0,4.292019635438919,49.795899987220764,0.6155123114585876
0.9920000000000008,-0.1055480036109809,-0.15252549089702197,-0.12036218735299964,0.2250564615603428,0.0,0.2895877116669099,0.4301573606833209,0.3786215754517304,1.1298068838711364,0.3409485929016598,0.0,4.292019635438919,49.795899987220764,0.6155123114585876
1.0020000000000007,-0.10717275542999147,-0.16882092547459787,-0.1198842864353553,0.22175015724816982,0.0,0.2862814073547369,0.4303789560126957,0.3786217155489413,1.1291200471908596,0.34094817268595534,0.0,4.13823302090168,49.60287392139435,0.6053270608186722
1.0120000000000007,-0.10894547353874477,-0.18253460950009148,-0.11935786690296696,0.21916530986285707,0.0,0.2836965599694241,0.430601511230771,0.37862185286653405,1.1285804015660919,0.34094775666675053,0.0,4.13823302090168,49.60287392139435,0.6053270608186722
1.0220000000000007,-0.1108452948473167,-0.19460374773844885,-0.11881588737927022,0.21796336648728024,0.0,0.28249461659384734,0.43082510193984375,0.3786219874596581,1.1290660800242276,0.3409473429534934,0.0,4.13823302090168,49.60287392139435,0.6053270608186722
1.0320000000000007,-0.11284419308076737,-0.20285462415336478,-0.11825872862118385,0.21617403121038462,0.0,0.2807052813169517,0.43104982238708606,0.3786221193823685,1.1277873156326272,0.3409469315647222,0.0,4.13823302090168,49.60287392139435,0.6053270608186722
1.0420000000000007,-0.11490069368281725,-0.20744111232388157,-0.1177044710733986,0.21625285424974555,0.0,0.2807841043563126,0.4312757785238064,0.3786222486876481,1.1281742452382988,0.34094652166222017,0.0,4.13823302090168,49.60287392139435,0.6053270608186722
1.0520000000000007,-0.11699693928556737,-0.21119355891041353,-0.11722346330299586,0.21705850671211405,0.0,0.28158975681868115,0.4315030798075846,0.3786223754274283,1.1286361997213497,0.34094611066184616,0.0,4.122424602508545,48.93564760684967,0.6795073509216308
1.0620000000000007,-0.11913278896443194,-0.21460151767156949,-0.11688861271215399,0.21890680299897516,0.0,0.28343805310554226,0.43173183522094233,0.3786224996526104,1.1296432801446903,0.3409456974000965,0.0,4.122424602508545,48.93564760684967,0.6795073509216308
1.0720000000000007,-0.12127603474137746,-0.2135522975875567,-0.11662782564977124,0.22068340974222447,0.0,0.2852146598487916,0.43196215216664036,0.3786226214130855,1.1296785586544966,0.3409452814425802,0.0,4.122424602508545,48.93564760684967,0.6795073509216308
1.0820000000000007,-0.12338204567742814,-0.20807089922764946,-0.11644767430227555,0.22315124949439516,0.0,0.28768249960096226,0.4321941307809082,0.37862274075775504,1.1298683067998474,0.34094486225282283,0.0,4.122424602508545,48.93564760684967,0.6795073509216308
1.0920000000000007,-0.12540794836392044,-0.1985027603977434,-0.11635596130214886,0.22612267464486843,0.0,0.2906539247514355,0.43242785579550336,0.37862285773455007,1.1300251506785588,0.3409444392163924,0.0,4.122424602508545,48.93564760684967,0.6795073509216308
1.1020000000000008,-0.12732632336847627,-0.1881609871899354,-0.11642493360803582,0.22995474754249118,0.0,0.29448599764905825,0.4326633893186019,0.37862297239045073,1.130737532385507,0.3409440108655429,0.0,3.9184766560792923,47.35473573207855,0.6990965008735657
1.1120000000000008,-0.12915994275695242,-0.17927609599383063,-0.11679169110306582,0.23403304851366635,0.0,0.2985642986202334,0.43290076789217213,0.37862308477150514,1.131259076097262,0.34094357691548827,0.0,3.9184766560792923,47.35473573207855,0.6990965008735657
1.1220000000000008,-0.13087534395632414,-0.16580551995222623,-0.11727612170396615,0.23854758744607255,0.0,0.30307883755263965,0.43314000614079123,0.37862319492284763,1.131974043397261,0.34094313642941015,0.0,3.9184766560792923,47.35473573207855,0.6990965008735657
1.1320000000000008,-0.13242847862893486,-0.14787336833331563,-0.11786318222451139,0.24283689335936523,0.0,0.30736814346593233,0.4333810931105237,0.37862330288871715,1.1320712628737992,0.3409426897827983,0.0,3.9184766560792923,47.35473573207855,0.6990965008735657
1.1420000000000008,-0.13378870941744395,-0.12775768459144976,-0.11856507495244213,0.24761184341887485,0.0,0.3121430935254419,0.4336239856278514,0.37862340871247485,1.1326674252500288,0.3409422361197847,0.0,3.9184766560792923,47.35473573207855,0.6990965008735657
1.1520000000000008,-0.13493050827840078,-0.10529339451818766,-0.11937362412143679,0.25177235242349766,0.0,0.31630360253006473,0.43386860433268737,0.37862351243662157,1.1323464034366164,0.3409417762796601,0.0,3.8454296737909317,46.92391574382782,0.6860853970050811
1.1620000000000008,-0.1358480489306677,-0.0821566568987432,-0.12032558623675946,0.25530348887819476,0.0,0.31983473898476183,0.43411483168836346,0.37862361410281503,1.1312192801216243,0.3409413105158167,0.0,3.8454296737909317,46.92391574382782,0.6860853970050811
1.1720000000000008,-0.13652394438034762,-0.058240576963533144,-0.12136157339279333,0.26060530167684015,0.0,0.3251365517834072,0.4343625126035544,0.37862371375188625,1.132775077545316,0.3409408382827834,0.0,3.8454296737909317,46.92391574382782,0.6860853970050811
1.1820000000000008,-0.13695485255374204,-0.032615784634456094,-0.12245296626775158,0.26334291029448786,0.0,0.32787416040105494,0.43461145470377033,0.3786238114238562,1.1310607741589136,0.3409403606331626,0.0,3.8454296737909317,46.92391574382782,0.6860853970050811
1.1920000000000008,-0.13712796547407807,-0.007028939582931276,-0.12359166066057638,0.2669125939028603,0.0,0.3314438440094274,0.434861429568428,0.37862390715795197,1.1309455144880751,0.3409398778103569,0.0,3.8454296737909317,46.92391574382782,0.6860853970050811
1.2020000000000008,-0.13704318359469514,0.01980237631177381,-0.12471246279325524,0.26998956909926974,0.0,0.3345208192058368,0.4351121734366462,0.3786240009926221,1.1306777779475752,0.3409393905000951,0.0,3.96809946000576,48.20375323295593,0.6992653548717498
1.2120000000000009,-0.1366680583617409,0.04864250035961377,-0.1256835176163162,0.2729353179470892,0.0,0.33746656805365627,0.43536338873571107,0.37862409296555244,1.1308395368772084,0.34093889844436687,0.0,3.96809946000576,48.20375323295593,0.6992653548717498
1.2220000000000009,-0.13603137735920387,0.07326410749545695,-0.12667003563190626,0.27522920845484383,0.0,0.3397604585614109,0.43561474257619437,0.37862418311368107,1.1307695482946876,0.340938402909538,0.0,3.96809946000576,48.20375323295593,0.6992653548717498
1.2320000000000009,-0.13517303176132786,0.09386217384265762,-0.1276617391833407,0.27694854508147365,0.0,0.3414797951880407,0.43586587359103773,0.37862427147321326,1.1306413123501855,0.3409379043441458,0.0,3.96809946000576,48.20375323295593,0.6992653548717498
1.2420000000000009,-0.13412160292047226,0.11219628176431257,-0.12862231759115683,0.27770502905528954,0.0,0.3422362791618566,0.4361164017844215,0.3786243580796359,1.1299615084378247,0.34093740446031245,0.0,3.96809946000576,48.20375323295593,0.6992653548717498
1.252000000000001,-0.13290891436079458,0.12820095799267367,-0.12950829987716267,0.2784774754917263,0.0,0.3430087255982934,0.4363659361164116,0.37862444296773184,1.1301348051384803,0.3409369030048707,0.0,4.402618438005447,49.31102633476257,0.7117064356803894
1.262000000000001,-0.13151084709961292,0.14663249229487788,-0.1301382217367333,0.2779652331540365,0.0,0.34249648326060356,0.4366140802730343,0.3786245261715937,1.1293414847266843,0.34093640202567776,0.0,4.402618438005447,49.31102633476257,0.7117064356803894
1.272000000000001,-0.1299675613781539,0.15862039261391722,-0.13071807666015262,0.2772279976719129,0.0,0.34175924777848,0.4368604315508765,0.37862460772463785,1.1290593627199308,0.34093590186556594,0.0,4.402618438005447,49.31102633476257,0.7117064356803894
1.282000000000001,-0.12833782866335117,0.1653296726143727,-0.13123744682844665,0.27599562953908263,0.0,0.3405268796456497,0.4371045880529898,0.37862468765961743,1.1288966270532597,0.34093540321159554,0.0,4.402618438005447,49.31102633476257,0.7117064356803894
1.292000000000001,-0.1266633326640049,0.16840305620587276,-0.13167264918437782,0.2737770045282531,0.0,0.33830825463482017,0.43734616006329063,0.378624766008636,1.1281372460786638,0.34093490748727817,0.0,4.402618438005447,49.31102633476257,0.7117064356803894
1.302000000000001,-0.12498664308557973,0.16709063141736258,-0.13201783385362822,0.271753801943607,0.0,0.33628505205017406,0.43758477800465967,0.37862484280316,1.1283916879744242,0.34093441437415073,0.0,4.929774135351181,49.67138111591339,0.7080905318260193
1.312000000000001,-0.12333170146156366,0.1637125879367827,-0.13221215325513352,0.26915376901258614,0.0,0.3336850191191532,0.4378200992466132,0.37862491807403165,1.1285127934425414,0.3409339251025699,0.0,4.929774135351181,49.67138111591339,0.7080905318260193
1.322000000000001,-0.12173766329251334,0.15594545251221953,-0.13232205908374767,0.2660652939252165,0.0,0.33059654403178357,0.4380518121489138,0.3786249918514811,1.1285495714632825,0.34093344023016414,0.0,4.929774135351181,49.67138111591339,0.7080905318260193
1.332000000000001,-0.12024169283508471,0.14497572774563924,-0.13233782975962516,0.261967438761026,0.0,0.3264986888675931,0.4382796412985819,0.37862506416513875,1.127690533696757,0.34093296057240485,0.0,4.929774135351181,49.67138111591339,0.7080905318260193
1.342000000000001,-0.11887436886729687,0.13093082490470773,-0.13226019860516416,0.25820732910719457,0.0,0.32273857921376164,0.4385033525772059,0.37862513504404727,1.1277304663114927,0.34093248636211504,0.0,4.929774135351181,49.67138111591339,0.7080905318260193
1.352000000000001,-0.11766458906464516,0.1140244991229035,-0.13208983363793597,0.2546410683202115,0.0,0.31917231842677857,0.4387227566139222,0.378625204516673,1.1283677238153802,0.34093201763616215,0.0,4.851049065589905,49.771828055381775,0.7040407061576843
1.362000000000001,-0.11663859024345045,0.09490315140006775,-0.1318213168840805,0.2504681082087233,0.0,0.31499935831529036,0.4389377115825479,0.37862527261091744,1.1283717833287623,0.34093155435069983,0.0,4.851049065589905,49.771828055381775,0.7040407061576843
1.372000000000001,-0.11581096422187213,0.07456155177311624,-0.13145851871762532,0.24634994873660024,0.0,0.31088119884316734,0.43914812502246775,0.37862533935412857,1.1285573069898351,0.34093109730780075,0.0,4.851049065589905,49.771828055381775,0.7040407061576843
1.382000000000001,-0.11518913504735377,0.05396610001811718,-0.1309979828172396,0.2414274129826509,0.0,0.305958663089218,0.43935395354678936,0.37862540477311174,1.1276113013167635,0.3409306469789643,0.0,4.851049065589905,49.771828055381775,0.7040407061576843
1.392000000000001,-0.11476957104987343,0.034036672210760455,-0.13043509207218823,0.23651876923739631,0.0,0.30105001934396336,0.4395552009410229,0.3786254688941405,1.1265729680464531,0.34093020391712575,0.0,4.851049065589905,49.771828055381775,0.7040407061576843
1.402000000000001,-0.11455052954894131,0.014024459137220282,-0.12977901185266746,0.232479762612211,0.0,0.29701101271877806,0.4397519145066649,0.3786255317429671,1.1265379556695307,0.34092976717425433,0.0,4.397230327129364,49.72238779067993,0.6864418804645538
1.412000000000001,-0.11452361312216829,-0.005149998082267307,-0.12900614659687468,0.22897733228275988,0.0,0.293508582389327,0.4399441814946999,0.3786255933448328,1.12693491490917,0.3409293361024747,0.0,4.397230327129364,49.72238779067993,0.6864418804645538
1.422000000000001,-0.11469729633887711,-0.025418454158524513,-0.12818791475757463,0.2256343450448835,0.0,0.2901655951514506,0.44013212534893137,0.3786256537244782,1.127136177135333,0.3409289096627308,0.0,4.397230327129364,49.72238779067993,0.6864418804645538
1.432000000000001,-0.11506869219640228,-0.04512004807118272,-0.12732695709426756,0.22315708034361917,0.0,0.28768833045018627,0.44031590402425347,0.3786257129061529,1.1280428141163017,0.3409284878588281,0.0,4.397230327129364,49.72238779067993,0.6864418804645538
1.442000000000001,-0.11563818949460077,-0.06456582659079357,-0.1264511376562243,0.22093479288190523,0.0,0.28546604298847233,0.44049570748075617,0.3786257709136253,1.1287206504861924,0.3409280693369938,0.0,4.397230327129364,49.72238779067993,0.6864418804645538
1.452000000000001,-0.11639282714095281,-0.0824048701149327,-0.1255671359450456,0.2188184281442338,0.0,0.2833496782508009,0.4406717549121255,0.3786258277701925,1.1288939361688661,0.34092765392362523,0.0,4.278171390295029,49.47040319442749,0.6570802688598633
1.462000000000001,-0.11731459020957007,-0.09848469076207908,-0.12469592253063007,0.2176611622370249,0.0,0.28219241234359194,0.4408442902659391,0.378625883498689,1.129705468534298,0.340927240918793,0.0,4.278171390295029,49.47040319442749,0.6570802688598633
1.472000000000001,-0.11838409716521126,-0.11207098041850302,-0.12384284035050608,0.2164471944168994,0.0,0.2809784445234665,0.4410135769598408,0.37862593812149653,1.1296939423853727,0.3409268295037103,0.0,4.278171390295029,49.47040319442749,0.6570802688598633
1.482000000000001,-0.1195715816432417,-0.1227109431541952,-0.12301696897606136,0.2158951533177717,0.0,0.2804264034243388,0.44117989228844756,0.37862599166055266,1.129842261777584,0.3409264191676264,0.0,4.278171390295029,49.47040319442749,0.6570802688598633
1.492000000000001,-0.12084825554186816,-0.1304798699195331,-0.12223359458814935,0.21594740616962338,0.0,0.28047865627619045,0.44134352068875904,0.37862604413735973,1.1300619272250927,0.3409260090485041,0.0,4.278171390295029,49.47040319442749,0.6570802688598633
1.5020000000000011,-0.12218349183489452,-0.13557880359192426,-0.12151591765998712,0.2166769832156533,0.0,0.28120823332222034,0.44150474729814027,0.3786260955729934,1.1304631583586868,0.34092559856644716,0.0,4.216564476490021,48.906341791152954,0.6827189564704894
1.5120000000000011,-0.12356211811843151,-0.13853437478779526,-0.12091346383672215,0.21707796611671432,0.0,0.2816092162232814,0.4416638521684416,0.37862614598811134,1.1296648495821517,0.3409251870933979,0.0,4.216564476490021,48.906341791152954,0.6827189564704894
1.5220000000000011,-0.12494637634580541,-0.13811892623232783,-0.12038526884148242,0.21933037481997028,0.0,0.2838616249265373,0.44182110633636124,0.37862619540296116,1.1307610420712706,0.34092477360989537,0.0,4.216564476490021,48.906341791152954,0.6827189564704894
1.5320000000000011,-0.12630856680512934,-0.1343093514224493,-0.11993986195282805,0.22066878783226157,0.0,0.28520003793882864,0.4419767658251763,0.37862624383738874,1.1299287250728427,0.3409243574524849,0.0,4.216564476490021,48.906341791152954,0.6827189564704894
1.5420000000000011,-0.12761403114564493,-0.12785671505243845,-0.11958751003994289,0.22364308531079233,0.0,0.2881743354173594,0.44213106642626165,0.37862629131084635,1.1308014979834045,0.340923937883627,0.0,4.216564476490021,48.906341791152954,0.6827189564704894
1.5520000000000012,-0.12884334360445204,-0.11992728514234564,-0.11936757394093692,0.2260389906399128,0.0,0.29057024074647986,0.44228421866184425,0.37862633784240024,1.130351204712042,0.34092351432435647,0.0,4.0758135467767715,47.71060764789581,0.7008664011955261
1.5620000000000012,-0.1299980094381897,-0.11177793995114033,-0.11936560814270233,0.22860036454899116,0.0,0.29313161465555826,0.4424364056597843,0.37862638345073835,1.1297141858425204,0.34092308704843605,0.0,4.0758135467767715,47.71060764789581,0.7008664011955261
1.5720000000000012,-0.13104368459222665,-0.09928913979836777,-0.11945018557389002,0.23185763949442556,0.0,0.29638888960099263,0.44258778381847447,0.3786264281541779,1.1297324489236469,0.34092265555669093,0.0,4.0758135467767715,47.71060764789581,0.7008664011955261
1.5820000000000012,-0.13194774243888313,-0.08421110603074326,-0.11962827143408017,0.23523577020943795,0.0,0.299767020316005,0.4427384787884949,0.37862647197067273,1.129697998465247,0.3409222192686071,0.0,4.0758135467767715,47.71060764789581,0.7008664011955261
1.5920000000000012,-0.13268880014453754,-0.06722981855363853,-0.11989757520864236,0.23878443645602715,0.0,0.3033156865625942,0.442888581059902,0.3786265149178203,1.129780154364763,0.3409217780336297,0.0,4.0758135467767715,47.71060764789581,0.7008664011955261
1.6020000000000012,-0.13324691308143577,-0.04828590294192882,-0.12025243784951056,0.24141959650287984,0.0,0.30595084660944694,0.4430381439551198,0.37862655701286896,1.1285636662152303,0.34092133256362384,0.0,4.0067227482795715,47.277114391326904,0.6980689406394958
1.6120000000000012,-0.13363201194095103,-0.031986089830770115,-0.1207675097878229,0.24600781478524134,0.0,0.3105390648918084,0.443187182742413,0.37862659827272505,1.1301686106462623,0.3409208810674247,0.0,4.0067227482795715,47.277114391326904,0.6980689406394958
1.6220000000000012,-0.13384819436694056,-0.014354075812100364,-0.12135828867587807,0.24879217241304424,0.0,0.3133234225196113,0.44333567837773974,0.37862663871395924,1.1294316882818247,0.34092042450456633,0.0,4.0067227482795715,47.277114391326904,0.6980689406394958
1.6320000000000012,-0.13387373968102664,0.005266003111307083,-0.1219910015966266,0.2515608183321855,0.0,0.3160920684387526,0.44348358038377833,0.37862667835281344,1.1289515770550032,0.3409199642984545,0.0,4.0067227482795715,47.277114391326904,0.6980689406394958
1.6420000000000012,-0.13371043029605448,0.023467562506577666,-0.12268735371520006,0.25487176101536557,0.0,0.31940301112193265,0.44363080568013424,0.37862671720520746,1.129598194758506,0.34091949929185505,0.0,4.0067227482795715,47.277114391326904,0.6980689406394958
1.6520000000000012,-0.13337292175863688,0.04138852672120621,-0.12340327485340769,0.257648524496952,0.0,0.3221797746035191,0.4437772409879175,0.37862675528674516,1.1299401539366258,0.3409190297378297,0.0,4.104927659034729,48.31939935684204,0.701913446187973
1.6620000000000013,-0.13283033646850012,0.06249422274915502,-0.12400280384758833,0.25934142127006543,0.0,0.3238726713766325,0.4439227465882851,0.3786267926127209,1.1292650394620471,0.3409185572353379,0.0,4.104927659034729,48.31939935684204,0.701913446187973
1.6720000000000013,-0.13209666194860992,0.0801981888350577,-0.12462325345279096,0.26118159763208426,0.0,0.32571284773865133,0.44406715425385535,0.3786268291981254,1.1293506614119495,0.3409180820112005,0.0,4.104927659034729,48.31939935684204,0.701913446187973
1.6820000000000013,-0.13120400975787574,0.09481108529191587,-0.1252543523262075,0.26252301253545934,0.0,0.3270542626420264,0.44421027115765344,0.37862686505765214,1.1293410175351863,0.34091760451029357,0.0,4.104927659034729,48.31939935684204,0.701913446187973
1.6920000000000013,-0.13018100654639614,0.10687783137007284,-0.1258798893409734,0.2633680139940941,0.0,0.32789926410066117,0.44435188780892265,0.37862690020570294,1.1292747829115086,0.34091712549489755,0.0,4.104927659034729,48.31939935684204,0.701913446187973
1.7020000000000013,-0.12905038617201853,0.11786323954327514,-0.126449798724284,0.26351110227352936,0.0,0.32804235238009644,0.44449178494692754,0.378626934656394,1.1288870364491403,0.3409166457331483,0.0,4.495159864425659,49.19033765792847,0.711168247461319
1.7120000000000013,-0.12779274809846145,0.13032727122588547,-0.12684207735225791,0.2631824045386975,0.0,0.3277136546452646,0.4446297378613541,0.3786269684235613,1.1285009170592808,0.34091616655743706,0.0,4.495159864425659,49.19033765792847,0.711168247461319
1.7220000000000013,-0.12644659842885003,0.13684534542731935,-0.12721431333318337,0.26302388666830373,0.0,0.3275551367748708,0.444765515454008,0.37862700152076645,1.1290066968764396,0.3409156873306818,0.0,4.495159864425659,49.19033765792847,0.711168247461319
1.7320000000000013,-0.12505272301646986,0.1407390316167747,-0.1275301418409227,0.26137948148250545,0.0,0.3259107315890725,0.44489888696395996,0.3786270339613019,1.1280698421775928,0.34091521005590825,0.0,4.495159864425659,49.19033765792847,0.711168247461319
1.7420000000000013,-0.12363833648008384,0.1416416382211483,-0.12778532552247054,0.2595706849539914,0.0,0.32410193506055845,0.4450296300351015,0.3786270657581963,1.127516266782448,0.34091473512802156,0.0,4.495159864425659,49.19033765792847,0.711168247461319
1.7520000000000013,-0.1222359857996447,0.13914403878309556,-0.12797313640836205,0.25789590157061815,0.0,0.3224271516771852,0.4451575358814846,0.3786270969242201,1.127725709436207,0.3409142624122633,0.0,4.848826855421066,49.57389175891876,0.7131433010101318
1.7620000000000013,-0.12086827985693417,0.13467612660961648,-0.12805174284455767,0.2559404844401876,0.0,0.32047173454675465,0.4452824146476955,0.3786271274718901,1.1280614171702372,0.34091379250419135,0.0,4.848826855421066,49.57389175891876,0.7131433010101318
1.7720000000000014,-0.11956284015517242,0.12749022726474832,-0.1280597682801793,0.2529514064306768,0.0,0.3174826565372439,0.44540409914040574,0.3786271574134748,1.1274063866686719,0.3409133264488551,0.0,4.848826855421066,49.57389175891876,0.7131433010101318
1.7820000000000014,-0.11834342884915175,0.11798792700112837,-0.12799251531843692,0.25004445778104234,0.0,0.3145757078876094,0.44552244848166983,0.3786271867609993,1.1272563606929347,0.34091286472576926,0.0,4.848826855421066,49.57389175891876,0.7131433010101318
1.7920000000000014,-0.11723343732025976,0.10601969754031908,-0.12785340262745484,0.24718506754083988,0.0,0.3117163176474069,0.4456373511908298,0.3786272155262502,1.1274888827252143,0.3409124073584051,0.0,4.848826855421066,49.57389175891876,0.7131433010101318
1.8020000000000014,-0.11624640999146829,0.0938437728299768,-0.12761741880069308,0.2428720483805238,0.0,0.30740329848709086,0.4457487277304075,0.37862724372078016,1.1259227129440292,0.3409119557637079,0.0,4.703661531209946,49.660730957984924,0.7101824104785919
1.8120000000000014,-0.11538837548552348,0.08016496135954815,-0.12728879052227302,0.23938447360050957,0.0,0.30391572370707665,0.44585653101171613,0.3786272713559127,1.1256670087884237,0.3409115092453258,0.0,4.703661531209946,49.660730957984924,0.7101824104785919
1.8220000000000014,-0.11467119614238626,0.06596508502039836,-0.12687235328797636,0.2352678612039203,0.0,0.29979911131048737,0.4459607457586856,0.3786272984427465,1.1245989623311647,0.3409110686117862,0.0,4.703661531209946,49.660730957984924,0.7101824104785919
1.8320000000000014,-0.1140996789553625,0.051166830797649485,-0.1263740243160366,0.2311855514368471,0.0,0.2957168015434142,0.44606138840182613,0.37862732499216023,1.1235637439424282,0.34091063378953806,0.0,4.703661531209946,49.660730957984924,0.7101824104785919
1.8420000000000014,-0.11368309371802185,0.03529434924637808,-0.1258092316323609,0.22783741882827246,0.0,0.29236866893483954,0.44615850607769497,0.3786273510148166,1.1234569532709529,0.340910204149467,0.0,4.703661531209946,49.660730957984924,0.7101824104785919
1.8520000000000014,-0.1134245499305894,0.01952014951439661,-0.12517276381270934,0.22457626803792752,0.0,0.2891075181444946,0.446252176099542,0.37862737652116685,1.1232901768824015,0.34090977983643606,0.0,4.424617767333984,49.58948254585266,0.6876470148563385
1.8620000000000014,-0.11332514112549275,0.0035664493726859665,-0.12446792395023729,0.22150116478731985,0.0,0.2860324148938869,0.4463425045754637,0.3786274015214548,1.1231203447192666,0.34090935977674114,0.0,4.424617767333984,49.58948254585266,0.6876470148563385
1.8720000000000014,-0.1133911904593715,-0.013404248567080394,-0.12373588567735798,0.2193793807943409,0.0,0.28391063090090796,0.4464296246654072,0.3786274260257211,1.1239439704906302,0.34090894320582094,0.0,4.424617767333984,49.58948254585266,0.6876470148563385
1.8820000000000014,-0.1136242855255932,-0.029880010859144455,-0.12297893964316035,0.2173154557298721,0.0,0.28184670583643917,0.4465136957047001,0.37862745004380705,1.1244367737237546,0.34090853007815825,0.0,4.424617767333984,49.58948254585266,0.6876470148563385
1.8920000000000015,-0.1140181960875273,-0.04554303758696945,-0.12220974232097924,0.21528884087219619,0.0,0.27982009097876326,0.44659490158511816,0.3786274735853589,1.1245086972505054,0.3409081197945816,0.0,4.424617767333984,49.58948254585266,0.6876470148563385
1.9020000000000015,-0.11455912958256949,-0.059701205672332794,-0.1214379713440843,0.21364173444205797,0.0,0.27817298454862505,0.44667344764136624,0.3786274966598313,1.1245877149280505,0.3409077121810916,0.0,4.374775618314743,49.32093799114227,0.6701582133769989
1.9120000000000015,-0.11523318296141243,-0.07226201699855211,-0.1206870420682877,0.21220116552059945,0.0,0.27673241562716655,0.4467495565278082,0.37862751927649146,1.124394283738669,0.34090730686892856,0.0,4.374775618314743,49.32093799114227,0.6701582133769989
1.9220000000000015,-0.1160209248957613,-0.08309520984847024,-0.11995464262696673,0.2119827787343466,0.0,0.2765140288409137,0.4468234639487671,0.3786275414444226,1.1253235142688323,0.34090690276126523,0.0,4.374775618314743,49.32093799114227,0.6701582133769989
1.9320000000000015,-0.11690904241101491,-0.09206483674246806,-0.11925574628386867,0.2112581656692146,0.0,0.27578941577578164,0.4468954141377806,0.3786275631725278,1.1249358644614242,0.3409064990059762,0.0,4.374775618314743,49.32093799114227,0.6701582133769989
1.9420000000000015,-0.11786593994808775,-0.09781851391620988,-0.1185823988261524,0.2113187430210203,0.0,0.2758499931275874,0.44696565582177294,0.37862758446953354,1.1250350052042863,0.34090609593621257,0.0,4.374775618314743,49.32093799114227,0.6701582133769989
1.9520000000000015,-0.118870306078983,-0.1023413588446809,-0.11797571091256483,0.21197992168442137,0.0,0.27651117179098844,0.44703443616992095,0.37862760534399315,1.1253703372957058,0.34090569209950866,0.0,4.390959471464157,48.7875771522522,0.6847810864448547
1.9620000000000015,-0.11991545586411646,-0.10514596206339169,-0.11747369200082831,0.21224912079612038,0.0,0.2767803709026875,0.44710199670774925,0.37862762580429005,1.1245743267950217,0.3409052875218164,0.0,4.390959471464157,48.7875771522522,0.6847810864448547
1.9720000000000015,-0.12096031190883558,-0.10365893969296511,-0.1170116850763723,0.2131530357502777,0.0,0.2776842858568448,0.44716857097519086,0.37862764585864167,1.1241210961561243,0.34090488228327215,0.0,4.390959471464157,48.7875771522522,0.6847810864448547
1.9820000000000015,-0.1219765567349863,-0.10005799094785348,-0.11661569947438698,0.2149741095740728,0.0,0.2795053596806399,0.4472343779811354,0.37862766551510213,1.1244488838366555,0.34090447490161635,0.0,4.390959471464157,48.7875771522522,0.6847810864448547
1.9920000000000015,-0.122951427436536,-0.0955249455383497,-0.11630761538054449,0.21724767073554963,0.0,0.2817789208421167,0.4472996173865166,0.3786276847815659,1.1249553398047853,0.3409040640369636,0.0,4.390959471464157,48.7875771522522,0.6847810864448547
2.002000000000001,-0.12386351208184831,-0.08861219217903468,-0.11608761258519709,0.21917687550657936,0.0,0.2837081256131464,0.4473644677062199,0.37862770366577064,1.124581528964948,0.3409036506168927,0.0,4.200911849737167,47.897595167160034,0.6974601149559021
2.012,-0.12471695557467127,-0.08257012567097441,-0.11604291640368465,0.2216508756601528,0.0,0.28618212576671986,0.44742908422229727,0.3786277221753007,1.1246458956787246,0.3409032333693304,0.0,4.200911849737167,47.897595167160034,0.6974601149559021
2.021999999999999,-0.12548927083461198,-0.07321473691747847,-0.11607116290806613,0.22428752614034436,0.0,0.28881877624691144,0.4474935999009531,0.3786277403175899,1.1246886225123027,0.3409028125809422,0.0,4.200911849737167,47.897595167160034,0.6974601149559021
2.031999999999998,-0.12615357780806363,-0.061779990173822796,-0.11617535284285123,0.227169554088014,0.0,0.2917008041945811,0.4475581230950719,0.3786277580999245,1.1249018718844837,0.34090238790153177,0.0,4.200911849737167,47.897595167160034,0.6974601149559021
2.0419999999999967,-0.12669870900812946,-0.04944498403349298,-0.116363673262973,0.23009240282654853,0.0,0.2946236529331156,0.44762273414974935,0.37862777552944615,1.1250762013604234,0.3409019586995042,0.0,4.200911849737167,47.897595167160034,0.6974601149559021
2.0519999999999956,-0.12710910583862925,-0.03526243437605259,-0.11662146590847519,0.232249544260235,0.0,0.29678079436680205,0.447687484654075,0.378627792613155,1.124161354607297,0.34090152597670126,0.0,4.120912060141563,47.578707337379456,0.7013965785503387
2.0619999999999945,-0.12737618759750374,-0.021017475714236143,-0.11697575549133937,0.23511157667154034,0.0,0.2996428267781074,0.44775239651644444,0.3786278093579122,1.124302213874982,0.34090108969321237,0.0,4.120912060141563,47.578707337379456,0.7013965785503387
2.0719999999999934,-0.12749606205960007,-0.005987923430409879,-0.11738541025698929,0.23755857396024757,0.0,0.3020898240668146,0.4478174622064808,0.3786278257704427,1.124011086605369,0.3409006496909592,0.0,4.120912060141563,47.578707337379456,0.7013965785503387
2.0819999999999923,-0.1274638466066267,0.009480510668155627,-0.11784058319082463,0.23955550318419944,0.0,0.3040867532907665,0.4478826459827266,0.3786278418573381,1.1233133767492984,0.340900206298344,0.0,4.120912060141563,47.578707337379456,0.7013965785503387
2.091999999999991,-0.12727814003671994,0.024467000567744007,-0.11833707779406502,0.24173881391261617,0.0,0.3062700640191832,0.4479478848172311,0.3786278576250593,1.1231705281303865,0.34089975960476,0.0,4.120912060141563,47.578707337379456,0.7013965785503387
2.10199999999999,-0.12694761492111772,0.03917182750314972,-0.11884865895271553,0.24401777953373852,0.0,0.3085490296403056,0.4480130902986273,0.3786278730799387,1.123517320810679,0.34089930964559495,0.0,4.239292472600937,48.29326391220093,0.7043636858463287
2.111999999999989,-0.12646124279245657,0.054789530577975615,-0.11929992068039053,0.24556828032956052,0.0,0.3100995304361276,0.4480781514079692,0.3786278882281835,1.1232461186030238,0.3408988567706519,0.0,4.239292472600937,48.29326391220093,0.7043636858463287
2.121999999999988,-0.1258266980417766,0.06893219650617251,-0.11975617231925627,0.24683721200340697,0.0,0.31136846210997404,0.4481429349106657,0.3786279030758774,1.1230256593597792,0.34089840236810415,0.0,4.239292472600937,48.29326391220093,0.7043636858463287
2.131999999999987,-0.12506713656779042,0.08040111241899221,-0.12022343571387949,0.2479798260022577,0.0,0.3125110761088248,0.4482072882288287,0.3786279176289837,1.1231126518381926,0.34089794611621094,0.0,4.239292472600937,48.29326391220093,0.7043636858463287
2.1419999999999857,-0.124200128905566,0.09077315183606016,-0.12067367763208062,0.248126235811693,0.0,0.31265748591826004,0.44827104506625876,0.378627931893347,1.1223178438130312,0.3408974894021414,0.0,4.239292472600937,48.29326391220093,0.7043636858463287
2.1519999999999846,-0.12324163063249488,0.09957630543959493,-0.12108397175531543,0.2483136495146636,0.0,0.31284489962123063,0.4483340300016437,0.37862794587469617,1.1221135736306187,0.3408970320791269,0.0,4.6135068237781525,49.05463933944702,0.7113824963569642
2.1619999999999835,-0.12219033650506975,0.10810979655507093,-0.12137361208347149,0.24880505872121256,0.0,0.31333630882777963,0.44839606193409054,0.3786279595786465,1.1228660495260123,0.34089657442010907,0.0,4.6135068237781525,49.05463933944702,0.7113824963569642
2.1719999999999824,-0.12108018619613019,0.11267804309062304,-0.12164478371941849,0.24775803621498815,0.0,0.3122892863215552,0.4484569557091975,0.3786279730107016,1.1219853819698447,0.3408961169404156,0.0,4.6135068237781525,49.05463933944702,0.7113824963569642
2.1819999999999813,-0.11993857376144659,0.11494570754690928,-0.12187619791468052,0.2467024281742161,0.0,0.3112336782807832,0.4485165280209169,0.37862798617625626,1.1216007239274532,0.34089566087088924,0.0,4.6135068237781525,49.05463933944702,0.7113824963569642
2.19199999999998,-0.11878340869437595,0.1155181737600775,-0.12205329437823874,0.24522218949403946,0.0,0.30975343960060653,0.4485746029227303,0.3786279990805979,1.1211097421151595,0.3408952071321049,0.0,4.6135068237781525,49.05463933944702,0.7113824963569642
2.201999999999979,-0.11763861544304405,0.11378547179976824,-0.12217221960246609,0.24360931599932809,0.0,0.30814056610589513,0.4486310152850625,0.37862801172890914,1.1208910808598629,0.34089475550924114,0.0,4.822484880685806,49.433197379112244,0.718617057800293
2.211999999999978,-0.11651677706712252,0.11066202439897424,-0.12219804293538306,0.24180634390602757,0.0,0.30633759401259464,0.4486856144125971,0.37862802412626984,1.120820832181543,0.3408943064890045,0.0,4.822484880685806,49.433197379112244,0.718617057800293
2.221999999999977,-0.1154462772012811,0.10435709352114528,-0.12217751047533733,0.23993989373225744,0.0,0.3044711438388245,0.44873826635105896,0.37862803627765895,1.1210251571747547,0.3408938600603891,0.0,4.822484880685806,49.433197379112244,0.718617057800293
2.231999999999976,-0.11445304422061552,0.09545572094537669,-0.12210794133164608,0.23851077524641434,0.0,0.3030420253529814,0.44878885788172085,0.37862804818795676,1.1221491452653962,0.3408934165185672,0.0,4.822484880685806,49.433197379112244,0.718617057800293
2.2419999999999747,-0.11357266190865037,0.08283126080423109,-0.12201104792330339,0.23691043390889158,0.0,0.3014416840154587,0.4488373006385423,0.3786280598619466,1.1232749808494873,0.3408929747491892,0.0,4.822484880685806,49.433197379112244,0.718617057800293
2.2519999999999736,-0.11282668649680726,0.0692739782899934,-0.12186217562146096,0.23441143978020723,0.0,0.2989426898867743,0.4488835359316119,0.3786280713043171,1.1233119783570784,0.3408925360044923,0.0,4.646881252527237,49.54381346702576,0.7113809943199157
2.2619999999999725,-0.11221083762712793,0.05633374331024407,-0.12163273719609578,0.2319463697072794,0.0,0.29647761981384646,0.4489275368076378,0.3786280825196636,1.1234949924651954,0.3408921013121395,0.0,4.646881252527237,49.54381346702576,0.7113809943199157
2.2719999999999714,-0.11173027030070791,0.042537505089671086,-0.1213502839843975,0.22911914766860278,0.0,0.2936503977751699,0.4489693057842271,0.37862809351249055,1.1231985263596087,0.3408916702266562,0.0,4.646881252527237,49.54381346702576,0.7113809943199157
2.2819999999999703,-0.11138173665195689,0.029577699377860995,-0.1209987503257492,0.22632387592067146,0.0,0.2908551260272385,0.44900887340515666,0.3786281042872127,1.122905267167359,0.3408912437966346,0.0,4.646881252527237,49.54381346702576,0.7113809943199157
2.291999999999969,-0.111168380481801,0.016062459908661564,-0.12059952622450545,0.22327833313578346,0.0,0.2878095832423505,0.4490462961216249,0.3786281148481575,1.122152929183716,0.3408908210278324,0.0,4.646881252527237,49.54381346702576,0.7113809943199157
2.301999999999968,-0.11108762420402371,0.002849080197923036,-0.12014903822838222,0.22093446128684355,0.0,0.2854657113934106,0.449081654687832,0.3786281251995664,1.122209253975333,0.3408904021348259,0.0,4.435975879430771,49.46747064590454,0.6882709860801697
2.311999999999967,-0.11113879194565553,-0.010457833880405006,-0.11965670715901781,0.2190318976853933,0.0,0.28356314779196035,0.44911505222062753,0.37862813534559675,1.1226469542008566,0.3408899863262449,0.0,4.435975879430771,49.46747064590454,0.6882709860801697
2.321999999999966,-0.11131801486076165,-0.023012852842181415,-0.11912936800950326,0.2170560020157162,0.0,0.2815872521222833,0.44914661233907893,0.3786281452903234,1.1226873340533166,0.3408895738024709,0.0,4.435975879430771,49.46747064590454,0.6882709860801697
2.3319999999999648,-0.11162417947803542,-0.035613261979446476,-0.11858928494829313,0.2156078706542926,0.0,0.2801391207608597,0.4491764770739409,0.3786281550377403,1.1231201406490472,0.34088916348012266,0.0,4.435975879430771,49.46747064590454,0.6882709860801697
2.3419999999999637,-0.11205429275843881,-0.04787890722354835,-0.118046875917295,0.21473132556757618,0.0,0.27926257567414325,0.44920480510133165,0.3786281645917622,1.1239603340564521,0.3408887548470107,0.0,4.435975879430771,49.46747064590454,0.6882709860801697
2.3519999999999626,-0.1126052857834917,-0.05980552355956486,-0.11752229083013123,0.21384670865432237,0.0,0.27837795876088944,0.44923176998146114,0.3786281739562261,1.1243565436298368,0.3408883472524108,0.0,4.468280255794525,49.19891536235809,0.6795210361480712
2.3619999999999615,-0.11327635727349464,-0.07181735242824941,-0.11705081983033552,0.21411556384640804,0.0,0.2786468139529751,0.4492575583925994,0.3786281831348932,1.1259061841740934,0.34088793997043704,0.0,4.468280255794525,49.19891536235809,0.6795210361480712
2.3719999999999604,-0.11405661481191384,-0.08144631719279828,-0.11660045400625343,0.21327340085646218,0.0,0.27780465096302925,0.44928236877497935,0.3786281921314497,1.1254161491384147,0.34088753290841217,0.0,4.468280255794525,49.19891536235809,0.6795210361480712
2.3819999999999593,-0.11490582501322652,-0.08688439994655804,-0.11614929876871637,0.21287379469552864,0.0,0.2774050448020957,0.4493064077806338,0.3786282009495088,1.1250533797752404,0.3408871271902019,0.0,4.468280255794525,49.19891536235809,0.6795210361480712
2.391999999999958,-0.11579071591175456,-0.08936561084348874,-0.11571095797063932,0.2127490312293962,0.0,0.2772802813359633,0.44932988245093247,0.37862820959261184,1.1245877581722987,0.34088672208913173,0.0,4.468280255794525,49.19891536235809,0.6795210361480712
2.401999999999957,-0.11668636716158974,-0.0896333810084817,-0.11530496346987038,0.21253004147440255,0.0,0.2770612915809696,0.4493529934629058,0.37862821806423025,1.1235162319526222,0.3408863171619977,0.0,4.4603787660598755,48.728198409080505,0.6894898474216461
2.411999999999956,-0.11758506187172726,-0.08960818927471323,-0.11498471675740804,0.2131329356178896,0.0,0.27766418572445667,0.4493759307038199,0.3786282263677663,1.1231480957655258,0.3408859113238974,0.0,4.4603787660598755,48.728198409080505,0.6894898474216461
2.421999999999955,-0.1184667945708506,-0.08706534710036266,-0.11470272930473771,0.21440083333040616,0.0,0.27893208343697323,0.4493988716854112,0.3786282345065549,1.1232958737000927,0.34088550436396964,0.0,4.4603787660598755,48.728198409080505,0.6894898474216461
2.4319999999999538,-0.11931790648705363,-0.08356188979183701,-0.11448170518464273,0.21594364248905595,0.0,0.280474892595623,0.44942197888345214,0.3786282424838648,1.1234493594602462,0.3408850949578974,0.0,4.4603787660598755,48.728198409080505,0.6894898474216461
2.4419999999999527,-0.12012604197668068,-0.07867381399645859,-0.1143225140046582,0.21802743963253254,0.0,0.2825586897390996,0.4494453977119371,0.37862825030289976,1.124022118909997,0.3408846828848507,0.0,4.4603787660598755,48.728198409080505,0.6894898474216461
2.4519999999999516,-0.12087348595397956,-0.07243601968607975,-0.1142348146682145,0.22005926170561765,0.0,0.28459051181218475,0.4494692549881739,0.3786282579668001,1.1242330595860013,0.3408842682692048,0.0,4.308312118053436,48.13554286956787,0.7003245830535889
2.4619999999999505,-0.12156766595917469,-0.06720240200467904,-0.11428161925037343,0.22253376658277815,0.0,0.28706501668934525,0.449493657322498,0.37862826547864376,1.1248327201612522,0.34088384996642235,0.0,4.308312118053436,48.13554286956787,0.7003245830535889
2.4719999999999493,-0.12219626603567878,-0.059648315140939205,-0.11439040273301636,0.22471648281701798,0.0,0.2892477329235851,0.4495186928117418,0.37862827284144757,1.1248514195684138,0.34088342833473484,0.0,4.308312118053436,48.13554286956787,0.7003245830535889
2.4819999999999482,-0.12274144418255326,-0.05105035340945054,-0.11456754317749702,0.22748029104424217,0.0,0.29201154115080924,0.44954443020870705,0.3786282800581687,1.125571473278804,0.3408830028797177,0.0,4.308312118053436,48.13554286956787,0.7003245830535889
2.491999999999947,-0.12318950827372951,-0.04020656033686337,-0.11479292419171608,0.22923354208408256,0.0,0.29376479219064966,0.44957091689152584,0.3786282871317055,1.1248253183885142,0.3408825744302403,0.0,4.308312118053436,48.13554286956787,0.7003245830535889
2.501999999999946,-0.12351940818396581,-0.02828000633661818,-0.11506851741551938,0.23134978600688136,0.0,0.2958810361134484,0.4495981772341786,0.3786282940648988,1.1246024777523878,0.34088214306059034,0.0,4.230679526925087,47.9633092880249,0.704700893163681
2.511999999999945,-0.12372932249540115,-0.01609932690445782,-0.11540749379453416,0.23336475106186558,0.0,0.2978960011684326,0.449626210637327,0.3786283008605332,1.1243190424503613,0.34088170882106517,0.0,4.230679526925087,47.9633092880249,0.704700893163681
2.521999999999944,-0.12382192133811837,-0.004657647551016423,-0.11580169600597266,0.23594849320487224,0.0,0.30047974331143934,0.4496549925428645,0.3786283075213377,1.1249751003915427,0.34088127083491376,0.0,4.230679526925087,47.9633092880249,0.704700893163681
2.5319999999999427,-0.12379539728910374,0.007607994186495902,-0.1162239249166817,0.2372579814014558,0.0,0.30178923150802284,0.4496844764147875,0.37862831404998765,1.1240467023451135,0.34088083032099986,0.0,4.230679526925087,47.9633092880249,0.704700893163681
2.5419999999999416,-0.12365265356722192,0.018372594325158104,-0.11668955203008166,0.2401395719035482,0.0,0.3046708220101153,0.44971459510777995,0.37862832044910505,1.1255726346300918,0.34088038643390167,0.0,4.230679526925087,47.9633092880249,0.704700893163681
2.5519999999999405,-0.12340987138235417,0.02872469334884442,-0.11717320945597445,0.24138595892934908,0.0,0.3059172090359161,0.4497452631306188,0.3786283267212598,1.1251058079867735,0.34087993947117945,0.0,4.319891810417175,48.50531756877899,0.7053307056427002
2.5619999999999394,-0.12305079967272023,0.040663376576306406,-0.1176017452472995,0.24262839015082877,0.0,0.30715964025739584,0.44977638008774967,0.378628332868971,1.124964921928406,0.34087949061843525,0.0,4.319891810417175,48.50531756877899,0.7053307056427002
2.5719999999999383,-0.1225783188728909,0.05140396623730544,-0.11803104465288868,0.24379167526475923,0.0,0.30832292537132633,0.44980782979423906,0.37862833889470776,1.1250778773534773,0.3408790405122201,0.0,4.319891810417175,48.50531756877899,0.7053307056427002
2.5819999999999372,-0.12201220126306755,0.059952623881873085,-0.11846680439317836,0.24452082571294528,0.0,0.30905207581951233,0.4498394817536249,0.37862834480089,1.1249757881019802,0.3408785888518666,0.0,4.319891810417175,48.50531756877899,0.7053307056427002
2.591999999999936,-0.12137123272125279,0.0664948546246348,-0.11890091185581574,0.24561319074474267,0.0,0.31014444085130977,0.44987119579686197,0.37862835058988986,1.1257938116592863,0.3408781360439036,0.0,4.319891810417175,48.50531756877899,0.7053307056427002
2.601999999999935,-0.12066453881553303,0.07386927136218235,-0.11927988654693833,0.24469066350429594,0.0,0.30922191361086304,0.44990282655269315,0.37862835626403224,1.1242138987021546,0.3408776838215152,0.0,4.633898615837097,49.06966507434845,0.7109539985656739
2.611999999999934,-0.11987813897105577,0.08134580872413565,-0.11955452862341792,0.24447640749992508,0.0,0.3090076576064922,0.4499342251866479,0.37862836182559595,1.1240498770367435,0.34087723199027686,0.0,4.633898615837097,49.06966507434845,0.7109539985656739
2.621999999999933,-0.11903482463408895,0.08582287335035574,-0.11980191274256367,0.24397934438482768,0.0,0.30851059449139473,0.4499652383845118,0.37862836727681476,1.1239069523844278,0.3408767808801852,0.0,4.633898615837097,49.06966507434845,0.7109539985656739
2.6319999999999317,-0.11816681159678452,0.08725151739454452,-0.12002496757044871,0.24308893413576196,0.0,0.30762018424232906,0.44999571258351656,0.37862837261987786,1.1236175665057773,0.3408763304017778,0.0,4.633898615837097,49.06966507434845,0.7109539985656739
2.6419999999999306,-0.11729273798805198,0.08719054018889102,-0.12020373589236164,0.24189328925977127,0.0,0.30642453936633834,0.4500254999922105,0.3786283778569312,1.1232852801085942,0.34087588173535555,0.0,4.633898615837097,49.06966507434845,0.7109539985656739
2.6519999999999295,-0.11642954832749143,0.08554769610755468,-0.12033025725086753,0.24072505791454374,0.0,0.3052563080211108,0.45005446231525836,0.378628382990078,1.1233497115728595,0.3408754349770602,0.0,4.787797659635544,49.37683165073395,0.7180399417877197
2.6619999999999284,-0.11559090016569532,0.08239294534050633,-0.1203854778932538,0.23931854790907733,0.0,0.3038497980156444,0.45008247338545543,0.3786283880213799,1.1234014385798574,0.34087499001035804,0.0,4.787797659635544,49.37683165073395,0.7180399417877197
2.6719999999999273,-0.11480014604396181,0.07661952777758768,-0.12040441720076228,0.23792506510161227,0.0,0.30245631520817934,0.45010942141827304,0.3786283929528576,1.1237486115875246,0.3408745469571083,0.0,4.787797659635544,49.37683165073395,0.7180399417877197
2.681999999999926,-0.11407498958962171,0.0699637188223941,-0.1203712521386629,0.23524159951601428,0.0,0.2997728496225813,0.4501352124012742,0.3786283977864916,1.1225199896849478,0.3408741068187469,0.0,4.787797659635544,49.37683165073395,0.7180399417877197
2.691999999999925,-0.11341851468602987,0.06248432726098808,-0.12028123443566514,0.23345084230098556,0.0,0.29798209240755263,0.4501597721751897,0.3786284025242232,1.1227249841099132,0.3408736700339156,0.0,4.787797659635544,49.37683165073395,0.7180399417877197
2.701999999999924,-0.11284616655271075,0.05376231196776429,-0.12014103668980797,0.23116828579920237,0.0,0.2956995359057695,0.4501830464166882,0.3786284071679552,1.1223727172391027,0.3408732362012158,0.0,4.632818430662155,49.451377391815186,0.7085388481616974
2.711999999999923,-0.1123576545941075,0.0454980554775834,-0.11992575527609381,0.22860985203781847,0.0,0.29314110214438555,0.4502050017071764,0.3786284117195526,1.1217111887684816,0.34087280632273254,0.0,4.632818430662155,49.451377391815186,0.7085388481616974
2.721999999999922,-0.11196099271934923,0.03563667255780515,-0.11966798691825428,0.2265839379737761,0.0,0.2911151880803432,0.450225624611541,0.37862841618084336,1.1218178626175854,0.3408723794217603,0.0,4.632818430662155,49.451377391815186,0.7085388481616974
2.7319999999999207,-0.11166699008662535,0.025326561939585136,-0.1193643066871452,0.2242105765296352,0.0,0.2887418266362023,0.45024492175280184,0.37862842055361934,1.1214038017832348,0.3408719558041667,0.0,4.632818430662155,49.451377391815186,0.7085388481616974
2.7419999999999196,-0.11148228243038882,0.013527738596158566,-0.11903343366484304,0.22312645435953649,0.0,0.28765770446610356,0.4502629203919932,0.3786284248396367,1.1227056878241326,0.3408715345814575,0.0,4.632818430662155,49.451377391815186,0.7085388481616974
2.7519999999999185,-0.1114207619756879,0.0014099195259074156,-0.11867702627886459,0.2211880261005688,0.0,0.2857192762071359,0.4502796686813965,0.37862842904061667,1.1226646758047787,0.340871115695311,0.0,4.49325892329216,49.38176512718201,0.693262255191803
2.7619999999999174,-0.1114806438682372,-0.011078416593244579,-0.11830215589542922,0.22020219388894086,0.0,0.28473344399550793,0.45029523629094204,0.37862843315824646,1.1237586170573008,0.3408706987664136,0.0,4.49325892329216,49.38176512718201,0.693262255191803
2.7719999999999163,-0.11166455547780386,-0.023193981914826918,-0.11791361239365293,0.21913050230275138,0.0,0.28366175240931846,0.45030971309372003,0.37862843719417993,1.1244832296830274,0.3408702836517815,0.0,4.49325892329216,49.38176512718201,0.693262255191803
2.781999999999915,-0.11196903813103051,-0.03496465042065696,-0.11752163777860405,0.2178503187526088,0.0,0.28238156885917587,0.45032320794145086,0.3786284411500378,1.1246225392824294,0.3408698698415703,0.0,4.49325892329216,49.38176512718201,0.693262255191803
2.791999999999914,-0.11237764290170563,-0.04470056138257687,-0.11711290835539635,0.21676654990913807,0.0,0.28129780001570515,0.45033584642043223,0.378628445027409,1.1247069807006036,0.3408694580681013,0.0,4.49325892329216,49.38176512718201,0.693262255191803
2.801999999999913,-0.11287707861584759,-0.0535316106394651,-0.11671026549163607,0.21611454210519404,0.0,0.2806457922117611,0.4503477668311419,0.3786284488278506,1.1250378058036994,0.340869047518959,0.0,4.530117392539978,49.14112091064453,0.6854450285434723
2.811999999999912,-0.11346669958482174,-0.06219574763833115,-0.11634755884561032,0.21578563818430918,0.0,0.28031688829087625,0.4503591167666107,0.37862845255288907,1.1254418972859228,0.34086863741310963,0.0,4.530117392539978,49.14112091064453,0.6854450285434723
2.821999999999911,-0.11413268857122014,-0.06947657595980151,-0.11600324818701747,0.21615606984027624,0.0,0.2806873199468433,0.4503700515721124,0.37862845620402036,1.1264317907569943,0.34086822736186123,0.0,4.530117392539978,49.14112091064453,0.6854450285434723
2.8319999999999097,-0.11486222683497244,-0.07514686212732602,-0.11568331172895811,0.21645083153424244,0.0,0.2809820816408095,0.45038073146988034,0.3786284597827109,1.1269131189639139,0.34086781698081525,0.0,4.530117392539978,49.14112091064453,0.6854450285434723
2.8419999999999086,-0.11563970007055757,-0.07944110272872068,-0.11539688571372288,0.2172047823088113,0.0,0.28173603241537837,0.45039131841655144,0.37862846329039795,1.127634019876516,0.3408674057085415,0.0,4.530117392539978,49.14112091064453,0.6854450285434723
2.8519999999999075,-0.11645219001777225,-0.08231783930509737,-0.11515666415614854,0.21786397633580257,0.0,0.28239522644236964,0.4504019729410922,0.3786284667284902,1.12782500489807,0.3408669932458227,0.0,4.4964935183525085,48.77224028110504,0.6914324402809142
2.8619999999999064,-0.11729207645597078,-0.08488636345631967,-0.11499963732582344,0.219368694484453,0.0,0.2838999445910201,0.450412851564121,0.3786284700983686,1.1288204912076978,0.3408665789040638,0.0,4.4964935183525085,48.77224028110504,0.6914324402809142
2.8719999999999053,-0.11814793457717253,-0.08581654250538095,-0.11489676265902996,0.22140495676827043,0.0,0.2859362068748375,0.45042410529261184,0.37862847340138645,1.1302023359388147,0.3408661621005792,0.0,4.4964935183525085,48.77224028110504,0.6914324402809142
2.881999999999904,-0.11900131167537975,-0.08467906999839991,-0.11484519802994271,0.22295509028392693,0.0,0.28748634039049403,0.45043587763919096,0.3786284766388702,1.1305724558550476,0.3408657428315542,0.0,4.4964935183525085,48.77224028110504,0.6914324402809142
2.891999999999903,-0.11983191029450291,-0.08168645421970014,-0.1148464213233585,0.22466483585025543,0.0,0.2891960859568225,0.4504483013940473,0.37862847981212033,1.1308694202829699,0.3408653208741549,0.0,4.4964935183525085,48.77224028110504,0.6914324402809142
2.901999999999902,-0.12061969624064632,-0.07686707420450799,-0.11490526285305533,0.22641540594692122,0.0,0.2909466560534883,0.45046149532944424,0.3786284829224111,1.130967879521526,0.3408648964282454,0.0,4.316425055265427,48.36508274078369,0.700484549999237
2.911999999999901,-0.12136054975953849,-0.07206967073235346,-0.1150658694492204,0.22888459555472268,0.0,0.29341584566128975,0.45047556150956647,0.37862848597099175,1.1318669777413797,0.34086446881463134,0.0,4.316425055265427,48.36508274078369,0.700484549999237
2.9219999999999,-0.12203912412744407,-0.0648688357246074,-0.11527209341024747,0.23091003020234505,0.0,0.29544128030891215,0.4504905849068065,0.3786284889590866,1.1319908605613938,0.3408640383894227,0.0,4.316425055265427,48.36508274078369,0.700484549999237
2.9319999999998987,-0.12263925073325842,-0.056392779045039795,-0.1155295891348508,0.23266696062005457,0.0,0.29719821072662167,0.4505066318152738,0.37862849188789566,1.131637891380228,0.34086360472956617,0.0,4.316425055265427,48.36508274078369,0.700484549999237
2.9419999999998976,-0.12314060574787931,-0.045777367184176826,-0.11581841101916147,0.23442161232969408,0.0,0.2989528624362612,0.4505237476793957,0.37862849475859534,1.1312370061281023,0.34086316872532246,0.0,4.316425055265427,48.36508274078369,0.700484549999237
2.9519999999998965,-0.12353221614303292,-0.03506469060129188,-0.11615538459828374,0.23682390445959983,0.0,0.3013551545661669,0.45054195481596054,0.3786284975723385,1.131756338730347,0.34086272967051184,0.0,4.223914176225662,48.248834013938904,0.7046087265014649
2.9619999999998954,-0.12381970526763683,-0.02423725763274877,-0.11654777316025902,0.23823578117986435,0.0,0.30276703128643145,0.4505612520519771,0.37862850033025514,1.1309581666219848,0.3408622877617134,0.0,4.223914176225662,48.248834013938904,0.7046087265014649
2.9719999999998943,-0.12398631803151325,-0.011522663522011778,-0.11695015643099524,0.23928865560244747,0.0,0.3038199057090145,0.45058161650872225,0.37862850303345297,1.1297843620419112,0.3408618442409196,0.0,4.223914176225662,48.248834013938904,0.7046087265014649
2.981999999999893,-0.12402788877124513,0.0006750392454193087,-0.11737810081186581,0.24111431987510717,0.0,0.30564556998167425,0.4506030026118809,0.3786285056830177,1.1298742331058458,0.3408613982949804,0.0,4.223914176225662,48.248834013938904,0.7046087265014649
2.991999999999892,-0.12395004313691063,0.012336128027606906,-0.1178250886610455,0.24258571896779024,0.0,0.3071169690743573,0.45062534272152716,0.3786285082800134,1.1296979111468493,0.3408609501795727,0.0,4.223914176225662,48.248834013938904,0.7046087265014649
3.001999999999891,-0.12376257551501184,0.023320270569264327,-0.11827959249177403,0.2440068642163322,0.0,0.30853811432289924,0.4506485497735589,0.37862851082548293,1.1297232418440935,0.3408604998033896,0.0,4.307765692472458,48.62531065940857,0.7040409564971923
3.01199999999989,-0.12345610179886041,0.03514417635369681,-0.11868693956201062,0.24492162175928953,0.0,0.30945287186585657,0.450672519960218,0.3786285133204488,1.1293456338521553,0.3408600481384303,0.0,4.307765692472458,48.62531065940857,0.7040409564971923
3.0219999999998888,-0.1230429998070383,0.045232286630301176,-0.11909660735149238,0.24543342908015736,0.0,0.30996467918672443,0.4506971331474635,0.3786285157659129,1.1287392609016842,0.34085959519086406,0.0,4.307765692472458,48.62531065940857,0.7040409564971923
3.0319999999998877,-0.12253769685066643,0.05381073848828143,-0.11949982435167959,0.24615058056336261,0.0,0.3106818306699297,0.45072225591077253,0.3786285181628574,1.1287810429014753,0.3408591414103183,0.0,4.307765692472458,48.62531065940857,0.7040409564971923
3.0419999999998866,-0.12196036738619949,0.06017512859990025,-0.11990030835232325,0.2466863489299503,0.0,0.31121759903651736,0.45074774555114133,0.37862852051224505,1.1289462794194502,0.34085868662179986,0.0,4.307765692472458,48.62531065940857,0.7040409564971923
3.0519999999998855,-0.12132262243065556,0.06648919342747703,-0.12025622709420214,0.24627984804112774,0.0,0.3108110981476948,0.45077345449535267,0.3786285228150194,1.128178816189937,0.34085823210313576,0.0,4.60135343670845,49.10447657108307,0.7091768383979797
3.0619999999998844,-0.12062323190431441,0.07180565338774894,-0.12053320235605126,0.24656668957373476,0.0,0.31109793968030186,0.45079923283591594,0.37862852507210515,1.1287658777164058,0.340857777203257,0.0,4.60135343670845,49.10447657108307,0.7091768383979797
3.0719999999998833,-0.11988818996347042,0.07425655834565831,-0.12079243529242392,0.2464336372140411,0.0,0.3109648873206082,0.45082492932469603,0.3786285272844089,1.129137490943119,0.34085732248249806,0.0,4.60135343670845,49.10447657108307,0.7091768383979797
3.081999999999882,-0.11913795414262801,0.07547258776149164,-0.12101492739904965,0.24501832801158274,0.0,0.3095495781181498,0.4508503959368902,0.37862852945281916,1.1280728179972477,0.3408568690294774,0.0,4.60135343670845,49.10447657108307,0.7091768383979797
3.091999999999881,-0.11838281693179661,0.07534818748078029,-0.12119487915533325,0.24398249414578482,0.0,0.3085137442523519,0.45087549169024027,0.37862853157820675,1.1278812826425448,0.3408564172771164,0.0,4.60135343670845,49.10447657108307,0.7091768383979797
3.10199999999988,-0.11763998454886809,0.07338427779242222,-0.12133062333898055,0.24313435543544987,0.0,0.30766560554201694,0.45090008462553605,0.3786285336614253,1.1282695114017423,0.3408559670103534,0.0,4.7423513531684875,49.380491971969604,0.7154205560684204
3.111999999999879,-0.11692676523944105,0.06967065414795735,-0.12140728094467114,0.2421514978821646,0.0,0.3066827479887317,0.45092405455136975,0.3786285357033114,1.1287492864470665,0.34085551794551117,0.0,4.7423513531684875,49.380491971969604,0.7154205560684204
3.1219999999998778,-0.116265901834252,0.06354883271712146,-0.12145470987819466,0.24088352506897295,0.0,0.30541477517554005,0.4509472958634906,0.37862853770468524,1.1290678649465775,0.34085507031328216,0.0,4.7423513531684875,49.380491971969604,0.7154205560684204
3.1319999999998767,-0.11566760151987991,0.057197940097734615,-0.12144981381893359,0.23899688719914378,0.0,0.3035281373057108,0.45096972069985347,0.3786285396663505,1.128715266336282,0.34085462550569184,0.0,4.7423513531684875,49.380491971969604,0.7154205560684204
3.1419999999998756,-0.11513710300892464,0.050232367546089146,-0.12139450821544971,0.236829474393732,0.0,0.30136072450029905,0.45099126004136636,0.37862854158909515,1.1281211229184354,0.340854183564481,0.0,4.7423513531684875,49.380491971969604,0.7154205560684204
3.1519999999998745,-0.1146805324864807,0.04245643067560408,-0.12128966152911297,0.23518204623478853,0.0,0.2997132963413556,0.4510118635095171,0.37862854347369135,1.1283604098615392,0.3408537444560259,0.0,4.600640267133713,49.44387435913086,0.7061524868011475
3.1619999999998734,-0.1143132420026394,0.03281711344076794,-0.12114855393676087,0.23378566999847641,0.0,0.2983169201050435,0.45103149955956684,0.37862854532089585,1.1290047444404978,0.3408533071558406,0.0,4.600640267133713,49.44387435913086,0.7061524868011475
3.1719999999998723,-0.11404850327637397,0.022021876629965555,-0.12097752561638789,0.23274258618825164,0.0,0.29727383629481874,0.45105015699067064,0.37862854713145067,1.1301426911315997,0.34085287191237795,0.0,4.600640267133713,49.44387435913086,0.7061524868011475
3.181999999999871,-0.11388850129714152,0.011976117812473883,-0.12076111662476828,0.23064022646825175,0.0,0.2951714765748188,0.4510678460949576,0.37862854890608294,1.1297442785364789,0.34085243965365164,0.0,4.600640267133713,49.44387435913086,0.7061524868011475
3.19199999999987,-0.11383687032127474,0.0004910844517223411,-0.12052853780189789,0.2296221404951524,0.0,0.29415339060171947,0.4510845977577797,0.3786285506455054,1.1307612975507304,0.3408520089150498,0.0,4.600640267133713,49.44387435913086,0.7061524868011475
3.201999999999869,-0.1139003742819796,-0.010649340443103774,-0.12027188163544039,0.22795186083318544,0.0,0.29248311093975254,0.4511004628264391,0.3786285523504166,1.1307111452730376,0.3408515801844253,0.0,4.48427739739418,49.37867343425751,0.6915845215320586
3.211999999999868,-0.11407057099398865,-0.021254046511825272,-0.11999337859651976,0.22691401737450242,0.0,0.29144526748106947,0.4511155116389157,0.37862855402150125,1.1313484859478586,0.34085115346368144,0.0,4.48427739739418,49.37867343425751,0.6915845215320586
3.2219999999998667,-0.11434345598816857,-0.031003105021293463,-0.11969637030776625,0.22554556018977312,0.0,0.2900768102963402,0.4511298314601908,0.3786285556594305,1.1312839265622445,0.34085072853473986,0.0,4.48427739739418,49.37867343425751,0.6915845215320586
3.2319999999998656,-0.1147057796021253,-0.03992582771421369,-0.11938517263871518,0.2250157154347113,0.0,0.28954696554127834,0.451143524060394,0.37862855726486216,1.1321207009308214,0.34085030523566684,0.0,4.48427739739418,49.37867343425751,0.6915845215320586
3.2419999999998645,-0.11516154634282293,-0.04911737330047625,-0.11908558773851291,0.22464732243154376,0.0,0.28917857253811086,0.4511567027783769,0.3786285588384411,1.1328783480773876,0.34084988220756113,0.0,4.48427739739418,49.37867343425751,0.6915845215320586
3.2519999999998634,-0.11568992516234446,-0.05504078591648956,-0.11876624068314608,0.22271213371201987,0.0,0.28724338381858694,0.451169491459335,0.3786285603807992,1.131113716200383,0.3408494614392613,0.0,4.510133147239685,49.15207862854004,0.6859528422355652
3.2619999999998623,-0.11627659633466929,-0.060700753515292166,-0.11847496275654448,0.22239956112821493,0.0,0.28693081123478203,0.45118202024647025,0.37862856189255595,1.1312823736951176,0.340849041412354,0.0,4.510133147239685,49.15207862854004,0.6859528422355652
3.2719999999998612,-0.11690533846159175,-0.0639244131398777,-0.11817870710166926,0.22161875807558118,0.0,0.28615000818214825,0.4511944219770839,0.3786285633743184,1.1304503880651122,0.3408486224907691,0.0,4.510133147239685,49.15207862854004,0.6859528422355652
3.28199999999986,-0.11755249863115617,-0.0652110528421635,-0.11788334855487821,0.22162982330923087,0.0,0.28616107341579794,0.45120682872396345,0.3786285648266818,1.130383945086713,0.34084820437980906,0.0,4.510133147239685,49.15207862854004,0.6859528422355652
3.291999999999859,-0.11821518425587567,-0.06694226139984574,-0.11762514686106014,0.22250598563305116,0.0,0.28703723573961826,0.4512193676138416,0.37862856625022934,1.1311907540175352,0.3408477851188491,0.0,4.510133147239685,49.15207862854004,0.6859528422355652
3.301999999999858,-0.1188878920284495,-0.06746892612234309,-0.11740146391820994,0.22297308784314313,0.0,0.2875043379497102,0.4512321600330608,0.3786285676455329,1.1310953793432754,0.3408473651950963,0.0,4.483373641967773,48.817294239997864,0.6911224782466888
3.311999999999857,-0.11956244117778747,-0.06727595941113072,-0.11723900679615686,0.2237284781683344,0.0,0.2882597282749015,0.4512453209003814,0.3786285690131526,1.131095204507307,0.3408469444048421,0.0,4.483373641967773,48.817294239997864,0.6911224782466888
3.3219999999998557,-0.12022372240157626,-0.06516214932435703,-0.11710703371433188,0.22453244973907446,0.0,0.2890636998456415,0.45125895722207937,0.37862857035363795,1.1308800496106781,0.3408465224443958,0.0,4.483373641967773,48.817294239997864,0.6911224782466888
3.3319999999998546,-0.1208579956444734,-0.062197414310857055,-0.11701838380265468,0.2259451699804026,0.0,0.29047642008696967,0.45127316580034776,0.3786285716675272,1.1312629176613056,0.34084609854294434,0.0,4.483373641967773,48.817294239997864,0.6911224782466888
3.3419999999998535,-0.12145150817226599,-0.0570822866310407,-0.1169598438617694,0.22669236389533196,0.0,0.291223614001899,0.45128803116783234,0.3786285729553481,1.1304922419521881,0.34084567327441917,0.0,4.483373641967773,48.817294239997864,0.6911224782466888
3.3519999999998524,-0.12198353487217052,-0.05098931381239641,-0.11694379493205395,0.22824532398689465,0.0,0.2927765740934617,0.4513036233912421,0.3786285742176178,1.1306689405779011,0.340845246372199,0.0,4.370274126529694,48.4917938709259,0.6979876637458802
3.3619999999998513,-0.12246512595225324,-0.0461609461842392,-0.11701946542445005,0.23025400315708902,0.0,0.2947852532636561,0.45131999584243115,0.37862857545484324,1.131345265178409,0.3408448164598222,0.0,4.370274126529694,48.4917938709259,0.6979876637458802
3.3719999999998502,-0.12288279042203316,-0.03842341866229114,-0.11711757271448031,0.23076599581871973,0.0,0.29529724592528683,0.4513371872576832,0.37862857666752125,1.1298315625640285,0.34084438515143717,0.0,4.370274126529694,48.4917938709259,0.6979876637458802
3.381999999999849,-0.12321708932726283,-0.030038178454147753,-0.11725220599442096,0.2324194372460274,0.0,0.29695068735259444,0.4513552204484723,0.37862857785613896,1.1298700749635713,0.34084395166253395,0.0,4.370274126529694,48.4917938709259,0.6979876637458802
3.391999999999848,-0.12346526298631572,-0.021225623086419416,-0.11742327488165007,0.2338771333212021,0.0,0.2984083834277692,0.45137409997462297,0.3786285790211738,1.1296341668486933,0.34084351588628536,0.0,4.370274126529694,48.4917938709259,0.6979876637458802
3.401999999999847,-0.12361779786126692,-0.011239374586187716,-0.1176156833492673,0.23488025591125195,0.0,0.299411506017819,0.4513938124244372,0.3786285801630936,1.1288083251653682,0.3408430785726955,0.0,4.334004104137421,48.458518385887146,0.7012593924999238
3.411999999999846,-0.12367435652464824,-0.0022501756813452043,-0.11785002313301944,0.23727381601250483,0.0,0.3018050661190719,0.4514143260645723,0.3786285812823569,1.1300224902175975,0.3408426387939418,0.0,4.334004104137421,48.458518385887146,0.7012593924999238
3.4219999999998447,-0.12365455446567551,0.0047942953137895036,-0.11813817000458654,0.23921100141865148,0.0,0.30374225152521855,0.45143559226434,0.3786285823794133,1.1307291587010928,0.340842195557721,0.0,4.334004104137421,48.458518385887146,0.7012593924999238
3.4319999999998436,-0.12356603740739623,0.011503638807046487,-0.11845959559832935,0.2411241439782381,0.0,0.30565539408480513,0.451457549847063,0.37862858345470346,1.131567779179834,0.34084174977962056,0.0,4.334004104137421,48.458518385887146,0.7012593924999238
3.4419999999998425,-0.12341186867533094,0.01818973955040426,-0.11880382075371984,0.24210549997740663,0.0,0.30663675008397373,0.45148012774763374,0.37862858450865927,1.1312997943189287,0.34084130190289674,0.0,4.334004104137421,48.458518385887146,0.7012593924999238
3.4519999999998414,-0.12318795842012811,0.025345767993639138,-0.1191471999001957,0.24333111459731294,0.0,0.30786236470388,0.4515032461697262,0.37862858554170387,1.1316023254758205,0.3408408525358555,0.0,4.433884501457214,48.80128860473633,0.7039343953132629
3.4619999999998403,-0.12288665406489621,0.03303811446074795,-0.11945596400222225,0.24425793896638048,0.0,0.30878918907294756,0.4515268165273227,0.37862858655425213,1.1317375615961578,0.3408404017995117,0.0,4.433884501457214,48.80128860473633,0.7039343953132629
3.471999999999839,-0.12251987274653706,0.038970058408638104,-0.11977562660289913,0.24522423915460184,0.0,0.3097554892611689,0.45155074117339566,0.37862858754671086,1.1321968104321534,0.3408399496011452,0.0,4.433884501457214,48.80128860473633,0.7039343953132629
3.481999999999838,-0.12209883398278364,0.04420010758444905,-0.12008989793191956,0.24518523759169006,0.0,0.3097164876982571,0.45157491589744503,0.37862858851947856,1.1315320556975323,0.34083949677190917,0.0,4.433884501457214,48.80128860473633,0.7039343953132629
3.491999999999837,-0.12163124336614238,0.04834051809195932,-0.1203954614936163,0.245381123052966,0.0,0.30991237315953307,0.4515992326441104,0.3786285894729459,1.1314904146102274,0.3408390435086162,0.0,4.433884501457214,48.80128860473633,0.7039343953132629
3.501999999999836,-0.12112399686337509,0.05230467332067523,-0.12066811441445754,0.24556301052753882,0.0,0.3100942606341059,0.45162358147421605,0.3786285904074959,1.131728355980354,0.3408385905071983,0.0,4.651864051818848,49.14310395717621,0.7084393799304962
3.511999999999835,-0.12058422707838863,0.05467914112599844,-0.12089562581929168,0.24595450712118036,0.0,0.3104857572277474,0.4516478520937389,0.37862859132350374,1.1325530468047835,0.3408381367392786,0.0,4.651864051818848,49.14310395717621,0.7084393799304962
3.5219999999998337,-0.12003433293150453,0.05495463046812049,-0.12111270319576693,0.24565458821087185,0.0,0.31018583831743896,0.45167193570646935,0.3786285922213375,1.1326894332748152,0.3408376828943768,0.0,4.651864051818848,49.14310395717621,0.7084393799304962
3.5319999999998326,-0.11948877406269369,0.05440191770877392,-0.12130425624343825,0.24470184701639644,0.0,0.30923309712296354,0.45169572893521204,0.3786285931013576,1.1321769759184477,0.3408372298359278,0.0,4.651864051818848,49.14310395717621,0.7084393799304962
3.5419999999998315,-0.11895011884964213,0.053321162887846274,-0.12145956536138908,0.24410937851915918,0.0,0.3086406286257263,0.45171913624780125,0.3786285939639175,1.132418264728806,0.3408367782446274,0.0,4.651864051818848,49.14310395717621,0.7084393799304962
3.5519999999998304,-0.11843263236216381,0.05090185244523192,-0.12158305935168494,0.24292204453427999,0.0,0.30745329464084703,0.451742070529466,0.3786285948093637,1.1320537637012187,0.34083632766021943,0.0,4.7238955199718475,49.3473094701767,0.7126451253890991
3.5619999999998293,-0.11793507170133935,0.0488313908993121,-0.12164046802910229,0.24157067160200463,0.0,0.3061019217085717,0.4517644547154248,0.37862859563803575,1.1316592127124174,0.34083587920415037,0.0,4.7238955199718475,49.3473094701767,0.7126451253890991
3.571999999999828,-0.11746130834307375,0.046150071450944345,-0.1216518305308248,0.2401780767253703,0.0,0.3047093268319374,0.4517862215303362,0.37862859645026636,1.1313784826796591,0.34083543318071485,0.0,4.7238955199718475,49.3473094701767,0.7126451253890991
3.581999999999827,-0.11702843553959127,0.04107649904677214,-0.1216398059666571,0.23930288219548868,0.0,0.30383413230205575,0.4518073136379036,0.3786285972463818,1.1319618717729045,0.34083498844671395,0.0,4.7238955199718475,49.3473094701767,0.7126451253890991
3.591999999999826,-0.11665651661750616,0.03428149603181278,-0.12160513720000966,0.23854165577713698,0.0,0.30307290588370406,0.45182768618034364,0.37862859802670185,1.1328059552005132,0.34083454502647,0.0,4.7238955199718475,49.3473094701767,0.7126451253890991
3.601999999999825,-0.11635596862846725,0.027365455585230895,-0.12153462155738479,0.23659614534073978,0.0,0.3011273954473068,0.45184730977049037,0.3786285987915398,1.1320528857589442,0.34083410363706484,0.0,4.602709591388702,49.38578486442566,0.7053173542022705
3.611999999999824,-0.1161159357694943,0.02154214233907178,-0.12140710242116885,0.23482130778401097,0.0,0.299352557890578,0.45186617114510286,0.378628599541203,1.1315635352773286,0.34083366530028536,0.0,4.602709591388702,49.38578486442566,0.7053173542022705
3.6219999999998227,-0.11593943872057896,0.015153295370296102,-0.12124591411202323,0.23301525101275514,0.0,0.29754650111932224,0.45188427078371546,0.3786286002759923,1.1310186112113065,0.3408332291783758,0.0,4.602709591388702,49.38578486442566,0.7053173542022705
3.6319999999998216,-0.11583003549437652,0.008019876003387836,-0.1210576075614011,0.23189423393796144,0.0,0.2964254840445285,0.45190162209309354,0.37862860099620294,1.1313840399527098,0.3408327950189837,0.0,4.602709591388702,49.38578486442566,0.7053173542022705
3.6419999999998205,-0.115798470544132,-0.00033772943837059345,-0.1208569644910455,0.23144230865318258,0.0,0.2959735587597496,0.45191825148514186,0.37862860170212403,1.1325990255998613,0.3408323620868788,0.0,4.602709591388702,49.38578486442566,0.7053173542022705
3.6519999999998194,-0.11585422343928561,-0.008924624069494864,-0.12064502032279392,0.23019999063298976,0.0,0.2947312407395568,0.45193419945569113,0.3786286023940392,1.132581146655275,0.3408319304232838,0.0,4.539332270622253,49.31175947189331,0.694800716638565
3.6619999999998183,-0.11599767148023767,-0.01779695658276465,-0.12043145926482696,0.22949172452642355,0.0,0.29402297463299065,0.45194952118485365,0.37862860307222646,1.1331505394482573,0.34083149975282784,0.0,4.539332270622253,49.31175947189331,0.694800716638565
3.671999999999817,-0.11622759737801908,-0.026174299423510412,-0.12021194465892276,0.22873911372875896,0.0,0.293270363835326,0.45196428577172487,0.37862860373695795,1.1334653019660346,0.3408310700201963,0.0,4.539332270622253,49.31175947189331,0.694800716638565
3.681999999999816,-0.11652899546537089,-0.03257676986195401,-0.11997180214472186,0.22775628788699703,0.0,0.2922875379935641,0.4519785747679116,0.37862860438850077,1.133239516052957,0.34083064204047786,0.0,4.539332270622253,49.31175947189331,0.694800716638565
3.691999999999815,-0.11688950853718444,-0.03818365061041559,-0.11972608779830343,0.2270754461988678,0.0,0.2916066963054349,0.45199247864743197,0.3786286050271166,1.1331990477472231,0.3408302150573219,0.0,4.539332270622253,49.31175947189331,0.694800716638565
3.701999999999814,-0.11729480467760264,-0.04230610628447795,-0.11947300374429808,0.2264819795868409,0.0,0.291013229693408,0.4520060935408419,0.37862860565306183,1.1330290913574195,0.34082978946132597,0.0,4.5688058733940125,49.13165807723999,0.6899834752082825
3.711999999999813,-0.11774277196395988,-0.046416509565999284,-0.11924556095706988,0.2263815970164922,0.0,0.29091284712305926,0.45201951839792465,0.3786286062665879,1.1332897674142037,0.3408293642663348,0.0,4.5688058733940125,49.13165807723999,0.6899834752082825
3.7219999999998117,-0.11822749377769311,-0.04965645092325699,-0.1190297577142525,0.22623871415803967,0.0,0.2907699642646068,0.4520328538347116,0.37862860686794125,1.1332259650861727,0.3408289390881837,0.0,4.5688058733940125,49.13165807723999,0.6899834752082825
3.7319999999998106,-0.11873768525105818,-0.05169148212778494,-0.11882621810984342,0.22628518686081897,0.0,0.290816436967386,0.4520462008368943,0.3786286074573634,1.1331614048481082,0.3408285138605235,0.0,4.5688058733940125,49.13165807723999,0.6899834752082825
3.7419999999998095,-0.11925467834789541,-0.05115270886219144,-0.11862068731268542,0.22530053226644278,0.0,0.2898317823730099,0.4520596584327026,0.378628608035091,1.1313935831212754,0.34082808931950676,0.0,4.5688058733940125,49.13165807723999,0.6899834752082825
3.7519999999998084,-0.11974854881405628,-0.04801334004224801,-0.11841034166999839,0.2247135992351544,0.0,0.28924484934172146,0.45207331994164346,0.37862860860135616,1.1299400220964428,0.34082766601222764,0.0,4.5492455661296844,48.85814428329468,0.6919960379600525
3.7619999999998073,-0.12020993042324232,-0.04485320450232683,-0.11823724138993782,0.2252159709908918,0.0,0.2897472210974589,0.45208726807247185,0.3786286091563862,1.1297935569696738,0.3408272427591905,0.0,4.5492455661296844,48.85814428329468,0.6919960379600525
3.771999999999806,-0.12064167477008499,-0.04209672903722462,-0.11809798089923462,0.226299578527097,0.0,0.29083082863366405,0.4521015735222951,0.37862860970040413,1.1302649726566427,0.34082681816511406,0.0,4.5492455661296844,48.85814428329468,0.6919960379600525
3.781999999999805,-0.12104583919956677,-0.03939491319299485,-0.1179963621336653,0.22773168880466246,0.0,0.29226293891122956,0.45211629613137533,0.3786286102336284,1.1310493301823947,0.3408263919254272,0.0,4.5492455661296844,48.85814428329468,0.6919960379600525
3.791999999999804,-0.1214234591668177,-0.0365748002671023,-0.11793632627039854,0.22893672304361307,0.0,0.29346797315018014,0.45213148598525954,0.3786286107562732,1.131363872860794,0.34082596371323054,0.0,4.5492455661296844,48.85814428329468,0.6919960379600525
3.801999999999803,-0.12176907718542712,-0.0331026690953307,-0.11791653121266514,0.22986652171909852,0.0,0.2943977718256656,0.4521471840491887,0.37862861126854835,1.1311675980775964,0.34082553376572183,0.0,4.460705101490021,48.6587917804718,0.6965409517288208
3.8119999999998018,-0.12207835600502603,-0.02959326677861489,-0.11795302509775601,0.23179330156860656,0.0,0.29632455167517363,0.45216342183529434,0.3786286117706596,1.1322737791150796,0.3408251019522213,0.0,4.460705101490021,48.6587917804718,0.6965409517288208
3.8219999999998007,-0.12234942166784007,-0.024927933999784088,-0.11802220049923452,0.23221190144292042,0.0,0.2967431515494875,0.4521802212988534,0.37862861226280864,1.131205786880678,0.3408246682794128,0.0,4.460705101490021,48.6587917804718,0.6965409517288208
3.8319999999997996,-0.1225593178104711,-0.018623364177409313,-0.11810675213685473,0.23357636523166334,0.0,0.2981076153382304,0.4521975944027596,0.37862861274519316,1.1314355720737366,0.34082423360274955,0.0,4.460705101490021,48.6587917804718,0.6965409517288208
3.8419999999997985,-0.12271048133976428,-0.012657746408893797,-0.11822766564675596,0.23465715798425738,0.0,0.2991884080908245,0.4522155404799294,0.3786286132180069,1.1312749879328718,0.34082379673996416,0.0,4.460705101490021,48.6587917804718,0.6965409517288208
3.8519999999997974,-0.12279928126911924,-0.006453680108691384,-0.11837454241395676,0.23612798838105312,0.0,0.3006592384876202,0.4522340467305252,0.3786286136814397,1.1316999742448055,0.34082335814315795,0.0,4.429153233766556,48.6736923456192,0.6994937896728515
3.8619999999997963,-0.12282251057240731,0.0004464268179812155,-0.11853708266285061,0.23678220803093478,0.0,0.3013134581375019,0.452253088625626,0.3786286141356776,1.1310533414822221,0.34082291825517974,0.0,4.429153233766556,48.6736923456192,0.6994937896728515
3.871999999999795,-0.12277998975760149,0.006840299860771341,-0.11872361810524,0.23811290129798743,0.0,0.3026441514045545,0.45227263009733165,0.37862861458090324,1.1314568112338939,0.3408224766327824,0.0,4.429153233766556,48.6736923456192,0.6994937896728515
3.881999999999794,-0.12267685769504261,0.012665258845508424,-0.1189319058866032,0.23896343408520712,0.0,0.30349468419177417,0.4522926242966248,0.37862861501729533,1.1313185224293938,0.34082203332763816,0.0,4.429153233766556,48.6736923456192,0.6994937896728515
3.891999999999793,-0.12251516792798575,0.01840199328386285,-0.11915138241245947,0.2397909529607476,0.0,0.30432220306731467,0.45231301523457623,0.378628615445029,1.1313035105617786,0.34082158883851377,0.0,4.429153233766556,48.6736923456192,0.6994937896728515
3.901999999999792,-0.12229757791635311,0.02439475948848172,-0.11936853577659777,0.23997487577303536,0.0,0.30450612587960246,0.45233373905539453,0.3786286158642762,1.1305650402966796,0.3408211434840726,0.0,4.534837335348129,48.890482783317566,0.703182166814804
3.9119999999997908,-0.12201725855648907,0.03010257324187037,-0.11956572982761206,0.24118149153022608,0.0,0.3057127416367932,0.4523547247154817,0.3786286162752053,1.131454412394858,0.34082069717484076,0.0,4.534837335348129,48.890482783317566,0.703182166814804
3.9219999999997897,-0.12169333693251116,0.033627960046816834,-0.11978096951916523,0.24228428830973073,0.0,0.30681553841629783,0.45237589407368145,0.37862861667798126,1.1324053299944667,0.34082024932361876,0.0,4.534837335348129,48.890482783317566,0.703182166814804
3.9319999999997886,-0.1213451863501627,0.03573183179849206,-0.12000826106269641,0.24259014752977484,0.0,0.30712139763634194,0.45239716561144483,0.3786286170727659,1.1324533251039681,0.3408198001960348,0.0,4.534837335348129,48.890482783317566,0.703182166814804
3.9419999999997875,-0.12097444834953627,0.03775087872912204,-0.12022598773484038,0.2429332764336476,0.0,0.30746452654021467,0.45241845811107817,0.3786286174597178,1.132771358611378,0.3408193509413597,0.0,4.534837335348129,48.890482783317566,0.703182166814804
3.9519999999997864,-0.12058616414018744,0.0397770299958829,-0.12042275214604893,0.2426402352151557,0.0,0.3071714853217228,0.4524396916137356,0.3786286178389924,1.1324179441608835,0.34081890177243795,0.0,4.692286729812622,49.14126753807068,0.7062938034534454
3.9619999999997852,-0.12017157116106102,0.042501190746123886,-0.12056546016289721,0.24206466638318888,0.0,0.3065959164897559,0.4524607878538111,0.3786286182107419,1.1318850702229342,0.3408184533605378,0.0,4.692286729812622,49.14126753807068,0.7062938034534454
3.971999999999784,-0.11973886475784078,0.043671296026364784,-0.12069278469410999,0.24163360974038858,0.0,0.30616485984695563,0.4524816691903716,0.37862861857511565,1.1317644267170766,0.34081800540143864,0.0,4.692286729812622,49.14126753807068,0.7062938034534454
3.981999999999783,-0.11929818187545498,0.04433511619180916,-0.120792310265903,0.24070136048210042,0.0,0.30523261058866746,0.45250225989480486,0.3786286189322599,1.1311424018989287,0.34081755863088453,0.0,4.692286729812622,49.14126753807068,0.7062938034534454
3.991999999999782,-0.11885413897682645,0.04428085356824262,-0.12086201058870841,0.23980218768798975,0.0,0.3043334377945568,0.4525224879619725,0.3786286192823182,1.1307559204483961,0.3408171132480801,0.0,4.692286729812622,49.14126753807068,0.7062938034534454
4.001999999999781,-0.11841704144172321,0.04342447520099815,-0.12090005796346291,0.23872763619762202,0.0,0.30325888630418907,0.452542286078156,0.37862861962543115,1.1302970631599791,0.3408166692322405,0.0,4.760200262069702,49.28049385547638,0.7102145791053771
4.01199999999978,-0.11798735350051856,0.042214691749149554,-0.12089087658977048,0.2380324824283719,0.0,0.30256373253493896,0.45256159295795445,0.3786286199617365,1.1305234601202032,0.34081622698668695,0.0,4.760200262069702,49.28049385547638,0.7102145791053771
4.021999999999779,-0.11758482386868285,0.038860658963868,-0.12086762620775626,0.237043584695937,0.0,0.3015748348025041,0.45258035382326167,0.37862862029136946,1.1304678177543712,0.340815785562155,0.0,4.760200262069702,49.28049385547638,0.7102145791053771
4.031999999999778,-0.11722957691054624,0.033216923407035706,-0.1208390574586275,0.23651225292985573,0.0,0.3010435030364228,0.45259852327590505,0.3786286206144622,1.1311529428908518,0.3408153445093809,0.0,4.760200262069702,49.28049385547638,0.7102145791053771
4.041999999999777,-0.11693084652395028,0.027500071902211147,-0.12078553212639632,0.23582235525586862,0.0,0.3003536053624357,0.4526160685664446,0.3786286209311445,1.1316847364280145,0.3408149049577126,0.0,4.760200262069702,49.28049385547638,0.7102145791053771
4.051999999999776,-0.11669197637020565,0.021484550084415084,-0.12070926352807684,0.23462149142042166,0.0,0.29915274152698873,0.4526329707134653,0.3786286212415437,1.131539804053424,0.34081446677816263,0.0,4.657380759716034,49.314903020858765,0.7060299038887023
4.061999999999775,-0.1165143792673758,0.015130216556526101,-0.12060924880919804,0.23410457917531,0.0,0.29863582928187704,0.45264922419261333,0.37862862154578436,1.132359903005748,0.3408140298801112,0.0,4.657380759716034,49.314903020858765,0.7060299038887023
4.071999999999774,-0.11639840574788334,0.00938501325244796,-0.1204803512634768,0.23250681654980812,0.0,0.2970380666563752,0.45266483641422195,0.3786286218439887,1.1316431169758807,0.34081359487145324,0.0,4.657380759716034,49.314903020858765,0.7060299038887023
4.0819999999997725,-0.11633513754637229,0.003990545784634874,-0.12032299346700093,0.23178800821423343,0.0,0.2963192583208005,0.4526798266365373,0.3786286221362765,1.1321069462849036,0.3408131618259413,0.0,4.657380759716034,49.314903020858765,0.7060299038887023
4.091999999999771,-0.11632997880827575,-0.0017534935463857891,-0.12015073098967444,0.23033712671688816,0.0,0.29486837682345524,0.4526942239813357,0.3786286224227652,1.1314677870835634,0.3408127300584833,0.0,4.657380759716034,49.314903020858765,0.7060299038887023
4.10199999999977,-0.11637641602086014,-0.006551731398114205,-0.11995246093983741,0.2290351307644851,0.0,0.29356638087105213,0.45270806719410706,0.37862862270356973,1.1309339122185453,0.34081230033269544,0.0,4.619318127632141,49.23357307910919,0.6975426852703095
4.111999999999769,-0.11647064866569784,-0.01123608541180347,-0.11974295856072226,0.2279284693105477,0.0,0.2924597194171148,0.45272140305072156,0.3786286229788029,1.1305496841851927,0.3408118721822401,0.0,4.619318127632141,49.23357307910919,0.6975426852703095
4.121999999999768,-0.11660866276352978,-0.015460358201044256,-0.11951820944053623,0.22700890764484166,0.0,0.29154015775140874,0.4527342848921704,0.37862862324857527,1.130284347116386,0.3408114454781711,0.0,4.619318127632141,49.23357307910919,0.6975426852703095
4.131999999999767,-0.11678633434484877,-0.019303685383838688,-0.11928340620117926,0.22632113133564766,0.0,0.2908523814422147,0.45274677142961056,0.3786286235129952,1.1301836191156691,0.340811019977907,0.0,4.619318127632141,49.23357307910919,0.6975426852703095
4.141999999999766,-0.11700272113713017,-0.02323310246502789,-0.1190498508899885,0.22598657084687257,0.0,0.29051782095343964,0.4527589255448952,0.37862862377216877,1.130402987639766,0.34081059508744316,0.0,4.619318127632141,49.23357307910919,0.6975426852703095
4.151999999999765,-0.11726227158772923,-0.02798208865483539,-0.11883708450547922,0.2265543839020737,0.0,0.29108563400864074,0.4527708138109133,0.37862862402620023,1.1316978283176706,0.3408101699421457,0.0,4.654717326164246,49.092572927474976,0.694099599123001
4.161999999999764,-0.11757288854156495,-0.033050849606220845,-0.11865841516527657,0.226786307697719,0.0,0.29131755780428603,0.45278250706528234,0.3786286242751915,1.1323235382811918,0.3408097443641958,0.0,4.654717326164246,49.092572927474976,0.694099599123001
4.171999999999763,-0.11793098559801585,-0.03768379077827419,-0.11850215295511986,0.22730600803334633,0.0,0.2918372581399134,0.45279408123742537,0.3786286245192427,1.1331462015366283,0.34080931805670955,0.0,4.654717326164246,49.092572927474976,0.694099599123001
4.1819999999997615,-0.11833090699193423,-0.04121976724002292,-0.11836610431273187,0.22737519814619556,0.0,0.29190644825276263,0.4528056165257304,0.37862862475845177,1.1331273684324534,0.34080889106820167,0.0,4.654717326164246,49.092572927474976,0.694099599123001
4.19199999999976,-0.11875671580962566,-0.043183062820249245,-0.11824443740613413,0.22791710033259868,0.0,0.2924483504391657,0.4528171957026282,0.3786286249929147,1.1335617865773675,0.34080846367043005,0.0,4.654717326164246,49.092572927474976,0.694099599123001
4.201999999999759,-0.11919165410938388,-0.04360167667353328,-0.11813838550808309,0.22799668206596443,0.0,0.2925279321725315,0.4528289008953457,0.37862862522272583,1.133148539249322,0.34080803599730486,0.0,4.6011640429496765,48.913496136665344,0.6941903471946715
4.211999999999758,-0.11962906004732105,-0.04406929861684164,-0.11807509753666356,0.22947086291996324,0.0,0.29400211302653034,0.4528408105085628,0.3786286254479773,1.1345010960735618,0.3408076072167179,0.0,4.6011640429496765,48.913496136665344,0.6941903471946715
4.221999999999757,-0.1200684162552972,-0.04365706685543515,-0.11804033774102748,0.23005235824412615,0.0,0.2945836083506932,0.4528529981293638,0.37862862566875966,1.1344297696771637,0.34080717704156094,0.0,4.6011640429496765,48.913496136665344,0.6941903471946715
4.231999999999756,-0.12049504119102535,-0.04182347356003263,-0.11802609354754318,0.2306179676732459,0.0,0.29514921777981296,0.4528655322050784,0.37862862588516155,1.1341798081196974,0.34080674583808884,0.0,4.6011640429496765,48.913496136665344,0.6941903471946715
4.241999999999755,-0.12089377976323762,-0.0380473376121568,-0.1180235308245064,0.23066196688746657,0.0,0.29519321699403367,0.4528784738134272,0.37862862609726994,1.133065165453183,0.3408063140253549,0.0,4.6011640429496765,48.913496136665344,0.6941903471946715
4.251999999999754,-0.12124418102340553,-0.03319678712014541,-0.11803704675290418,0.23160794118212275,0.0,0.2961391912886898,0.4528918738889211,0.3786286263051699,1.1331075693280752,0.3408058815971237,0.0,4.49237185716629,48.74323308467865,0.6958001136779786
4.261999999999753,-0.12155173996825094,-0.02893112456671702,-0.11809734168983016,0.23258698823623022,0.0,0.29711823834279727,0.45290577067185145,0.378628626508945,1.133118616698058,0.3408054475573365,0.0,4.49237185716629,48.74323308467865,0.6958001136779786
4.2719999999997516,-0.12181484022183316,-0.02447354857203557,-0.11818601342912208,0.23392019850323978,0.0,0.2984514486098069,0.4529201907948603,0.37862862670867714,1.1335756245224673,0.3408050118243951,0.0,4.49237185716629,48.74323308467865,0.6958001136779786
4.2819999999997505,-0.12203402353576549,-0.020174552228245962,-0.11830725254084207,0.23529201833875693,0.0,0.29982326844532403,0.4529351500332742,0.3786286269044463,1.1340632523634557,0.3408045740914613,0.0,4.49237185716629,48.74323308467865,0.6958001136779786
4.291999999999749,-0.12220433245118897,-0.014766727389998536,-0.1184443631338793,0.23593565742755182,0.0,0.30046690753411887,0.4529506539735997,0.3786286270963314,1.133534971693353,0.3408041351567559,0.0,4.49237185716629,48.74323308467865,0.6958001136779786
4.301999999999748,-0.12231481394820912,-0.00858725637154379,-0.11859298273577464,0.23675768342563056,0.0,0.30128893353219766,0.4529666976857488,0.3786286272844093,1.1332902839306151,0.3408036952071776,0.0,4.460014283657074,48.75755071640015,0.698856508731842
4.311999999999747,-0.12237027758519776,-0.003758649530343763,-0.11877478420694615,0.23869133000021867,0.0,0.3032225801067857,0.4529832647042463,0.37862862746875564,1.1346630279351886,0.3408032530353446,0.0,4.460014283657074,48.75755071640015,0.698856508731842
4.321999999999746,-0.12237850798511993,0.001441686536525575,-0.11897252291321,0.23897148788797937,0.0,0.3035027379945464,0.45300032858637357,0.3786286276494445,1.133804092024519,0.34080280948381836,0.0,4.460014283657074,48.75755071640015,0.698856508731842
4.331999999999745,-0.12232953653015584,0.007055959189772917,-0.119175606477262,0.23985111018648805,0.0,0.3043823602930551,0.4530178546029662,0.3786286278265483,1.1338937639625013,0.34080236509052975,0.0,4.460014283657074,48.75755071640015,0.698856508731842
4.341999999999744,-0.1222327540203863,0.011372568625247527,-0.11940154019005153,0.24091462057592075,0.0,0.30544587068248785,0.45303579921536186,0.37862862800013825,1.1343710961941813,0.3408019188988439,0.0,4.460014283657074,48.75755071640015,0.698856508731842
4.351999999999743,-0.12208976911083087,0.016258567116173364,-0.11962223147052362,0.2416238120290293,0.0,0.3061550621355964,0.4530541119702412,0.3786286281702841,1.134500143352846,0.340801472043488,0.0,4.540757417678833,48.93802225589752,0.7021927833557129
4.361999999999742,-0.12189850017468985,0.020873906844711115,-0.1198291756674902,0.24224829085309896,0.0,0.30677954095966603,0.4530727364326902,0.37862862833705413,1.134672868162152,0.3408010241303895,0.0,4.540757417678833,48.93802225589752,0.7021927833557129
4.3719999999997405,-0.12166576487693526,0.02465037728481361,-0.12003845301951266,0.24262880862668293,0.0,0.30716005873325003,0.4530916104286963,0.3786286285005154,1.1346771022070326,0.34080057549910736,0.0,4.540757417678833,48.93802225589752,0.7021927833557129
4.381999999999739,-0.1214033792291293,0.0272371553079547,-0.12025293245715205,0.24304031381943933,0.0,0.3075715639260064,0.4531106677823376,0.3786286286607334,1.1349055787047084,0.340800125983464,0.0,4.540757417678833,48.93802225589752,0.7021927833557129
4.391999999999738,-0.12111524284358348,0.030040887381270087,-0.12045291019079211,0.24259212791979584,0.0,0.3071233780263629,0.4531298407268319,0.3786286288177726,1.1341161043080286,0.34079967663423344,0.0,4.540757417678833,48.93802225589752,0.7021927833557129
4.401999999999737,-0.12080296043792497,0.031924044504360934,-0.120640023770032,0.24309556511985425,0.0,0.3076268152264213,0.4531490608431157,0.3786286289716961,1.134848565634893,0.34079922707381155,0.0,4.674327105283737,49.141555428504944,0.7048430860042572
4.411999999999736,-0.12047093313730249,0.03390106834070704,-0.1207884427881665,0.24282572552725123,0.0,0.3073569756338183,0.4531682596601857,0.3786286291225656,1.1346830038403677,0.3407987777496845,0.0,4.674327105283737,49.141555428504944,0.7048430860042572
4.421999999999735,-0.12012904369658813,0.034202393682283276,-0.1209303752508767,0.2427981347861235,0.0,0.30732938489269057,0.4531873696344233,0.3786286292704417,1.1350346164512715,0.34079832836226437,0.0,4.674327105283737,49.141555428504944,0.7048430860042572
4.431999999999734,-0.11979134541897098,0.03337777329036817,-0.12106155088384028,0.24266019034215583,0.0,0.30719144044872293,0.45320632598366173,0.37862862941538394,1.135399130971039,0.34079787916595466,0.0,4.674327105283737,49.141555428504944,0.7048430860042572
4.441999999999733,-0.11946615467726127,0.0319963394521713,-0.1211749701357004,0.24195527446131698,0.0,0.30648652456788406,0.45322506917635696,0.37862862955745047,1.1351241311777893,0.3407974305805477,0.0,4.674327105283737,49.141555428504944,0.7048430860042572
4.451999999999732,-0.11915611701695773,0.03039126013168144,-0.12126151527429008,0.24112403891965428,0.0,0.30565528902622136,0.4532435461956164,0.37862862969669825,1.1348121373423325,0.3407969829694412,0.0,4.740153282880783,49.27429258823395,0.7081916689872741
4.461999999999731,-0.11885700693944361,0.029528125960538894,-0.12129883665927894,0.24012814956610093,0.0,0.304659399672668,0.4532617107104293,0.37862862983318324,1.1343924640828493,0.3407965370865352,0.0,4.740153282880783,49.27429258823395,0.7081916689872741
4.4719999999997295,-0.11858024589518994,0.026279485366901112,-0.1213300848312545,0.24002372793026236,0.0,0.3045549780368294,0.4532795222304392,0.37862862996696034,1.1353246131480836,0.34079609144399237,0.0,4.740153282880783,49.27429258823395,0.7081916689872741
4.481999999999728,-0.11833217757361157,0.023637043369649634,-0.12132591380076951,0.2388416716411161,0.0,0.30337292174768316,0.4532969475106475,0.3786286300980831,1.1348289156478404,0.340795647715003,0.0,4.740153282880783,49.27429258823395,0.7081916689872741
4.491999999999727,-0.11811393830147712,0.020717109985851766,-0.12129415047841727,0.23737819183336376,0.0,0.30190944193993086,0.4533139615207043,0.37862863022660437,1.133999582298891,0.34079520555425014,0.0,4.740153282880783,49.27429258823395,0.7081916689872741
4.501999999999726,-0.11792206127252564,0.017907178148747004,-0.12122798251133764,0.23639992732006274,0.0,0.3009311774266298,0.4533305468952667,0.3786286303525757,1.1338895501369564,0.34079476541151216,0.0,4.6733236610889435,49.28545951843262,0.704895657300949
4.511999999999725,-0.11777414219697763,0.012658836362393431,-0.12116158018176083,0.23605737420142914,0.0,0.3005886243079962,0.45334669343255773,0.3786286304760477,1.1346841518120518,0.34079432536816967,0.0,4.6733236610889435,49.28545951843262,0.704895657300949
4.521999999999724,-0.11767716533947455,0.007863576674652139,-0.12107135947780107,0.2349198964823557,0.0,0.2994511465889228,0.4533624003443487,0.3786286305970699,1.134352375392325,0.3407938868416164,0.0,4.6733236610889435,49.28545951843262,0.704895657300949
4.531999999999723,-0.11762597380009915,0.0033155639704313816,-0.12095854495055497,0.23397322060579703,0.0,0.2985044707123641,0.45337767703972176,0.378628630715691,1.1342516356516903,0.3407934498384308,0.0,4.6733236610889435,49.28545951843262,0.704895657300949
4.541999999999722,-0.11761534018467129,-0.00020241906491789453,-0.1208151531995012,0.2323740005245894,0.0,0.29690525063115647,0.45339254162877485,0.3786286308319586,1.1331795845941066,0.34079301486248836,0.0,4.6733236610889435,49.28545951843262,0.704895657300949
4.551999999999721,-0.11764092603495264,-0.0043060771214031585,-0.1206596371631008,0.23205372866064405,0.0,0.2965849787672111,0.4534070192260025,0.3786286309459193,1.133821970408373,0.3407925810606842,0.0,4.6436173021793365,49.2256498336792,0.6986867785453796
4.56199999999972,-0.11771679146301611,-0.009876225623033953,-0.12051492821970843,0.2320345800997188,0.0,0.2965658302062859,0.4534211410098707,0.37862863105761896,1.1347878359535706,0.34079214740210145,0.0,4.6436173021793365,49.2256498336792,0.6986867785453796
4.5719999999997185,-0.11784917346519726,-0.015464944717610103,-0.1203710268773632,0.23152921063721701,0.0,0.2960604607437841,0.45343494602446976,0.37862863116710244,1.1349528603656214,0.3407917141143937,0.0,4.6436173021793365,49.2256498336792,0.6986867785453796
4.581999999999717,-0.11803131194852541,-0.01998057552595302,-0.1202185508118713,0.231033142436674,0.0,0.2955643925432411,0.4534484817736904,0.3786286312744137,1.1349933124566967,0.34079128171548795,0.0,4.6436173021793365,49.2256498336792,0.6986867785453796
4.591999999999716,-0.11825512207221324,-0.02375728027258152,-0.12006248013973794,0.23033117492041774,0.0,0.2948624250269848,0.45346180250213863,0.3786286313795958,1.134594884842762,0.3407908499525407,0.0,4.6436173021793365,49.2256498336792,0.6986867785453796
4.601999999999715,-0.11850376280061839,-0.02528881692867276,-0.11988664181774916,0.2290237823989693,0.0,0.2935550325055364,0.45347496694135186,0.37862863148269105,1.1331902662352773,0.3407904199070805,0.0,4.652257889509201,49.10491466522217,0.6946859359741211
4.611999999999714,-0.11875765168857144,-0.0252908245429429,-0.11969986465716663,0.22805597046117607,0.0,0.2925872205677431,0.4534880347715925,0.37862863158374077,1.1321039110820825,0.34078999166664076,0.0,4.652257889509201,49.10491466522217,0.6946859359741211
4.621999999999713,-0.11900891268192676,-0.025166123765994492,-0.11951084501869169,0.22804380704255042,0.0,0.29257505714911747,0.45350106290965986,0.37862863168278565,1.132201095077479,0.3407895640942823,0.0,4.652257889509201,49.10491466522217,0.6946859359741211
4.631999999999712,-0.11926331956355386,-0.025733130506434224,-0.11933710001350352,0.22832278563935274,0.0,0.29285403574591984,0.4535141042288135,0.37862863177986544,1.1325515869859226,0.3407891362174932,0.0,4.652257889509201,49.10491466522217,0.6946859359741211
4.641999999999711,-0.11951885794271437,-0.025208170671235913,-0.11916519933572634,0.22776563981453607,0.0,0.29229688992110314,0.4535272085259908,0.3786286318750191,1.1315792886552374,0.340788708730835,0.0,4.652257889509201,49.10491466522217,0.6946859359741211
4.65199999999971,-0.11976476509503037,-0.024111607720536707,-0.11900267955638301,0.22764409003677283,0.0,0.2921753401433399,0.4535404222252869,0.37862863196828483,1.1310734282884611,0.3407882814478293,0.0,4.651681959629059,48.943166732788086,0.6947749316692352
4.661999999999709,-0.11999951162328072,-0.023138014273924295,-0.11886795314977427,0.22810974299519896,0.0,0.29264099310176606,0.45355378677978947,0.37862863205970015,1.1312583963657217,0.34078785398782424,0.0,4.651681959629059,48.943166732788086,0.6947749316692352
4.6719999999997075,-0.12022164814728127,-0.021289984129779477,-0.1187443599192747,0.22773177275755319,0.0,0.29226302286412026,0.45356733858316195,0.3786286321493017,1.1301429146789894,0.3407874262876545,0.0,4.651681959629059,48.943166732788086,0.6947749316692352
4.681999999999706,-0.12041514737732037,-0.01777240827261677,-0.11861902929184841,0.2272583672767096,0.0,0.2917896173832767,0.45358110865827705,0.37862863223712545,1.1287911878207508,0.34078699903700127,0.0,4.651681959629059,48.943166732788086,0.6947749316692352
4.691999999999705,-0.1205655499070674,-0.013396957232612774,-0.11849563676155503,0.22781148635867196,0.0,0.292342736465239,0.4535951201668808,0.3786286323232068,1.128795076325692,0.340786572045253,0.0,4.651681959629059,48.943166732788086,0.6947749316692352
4.701999999999704,-0.12067533143059678,-0.009294943356253759,-0.11839132207893951,0.22784559174769176,0.0,0.29237684185425883,0.4536093864664031,0.37862863240758016,1.1280099823182566,0.3407861445272866,0.0,4.629992723464966,48.80851089954376,0.6960336804389953
4.711999999999703,-0.12074917750249299,-0.00612835935884736,-0.1183225788071241,0.22880207189637683,0.0,0.29333332200294393,0.4536239118365273,0.3786286324902795,1.1284744442187133,0.34078571606522806,0.0,4.629992723464966,48.80851089954376,0.6960336804389953
4.721999999999702,-0.12079265001713765,-0.002982629964884409,-0.11827540501123883,0.2291085204650887,0.0,0.2936397705716558,0.4536386930713358,0.37862863257133805,1.1280051450745092,0.34078528660326834,0.0,4.629992723464966,48.80851089954376,0.6960336804389953
4.731999999999701,-0.12079910995213955,0.0009572246117148589,-0.11823766811384284,0.2296341836153542,0.0,0.2941654337219213,0.45365372080116473,0.37862863265078833,1.1278388443807352,0.3407848567554031,0.0,4.629992723464966,48.80851089954376,0.6960336804389953
4.7419999999997,-0.12076575468792337,0.005068502979048385,-0.11821324848846232,0.22980621295152479,0.0,0.29433746305809183,0.453668978964733,0.3786286327286623,1.1271939414562044,0.3407844262766629,0.0,4.629992723464966,48.80851089954376,0.6960336804389953
4.751999999999699,-0.12069037850093137,0.008886741461912318,-0.11820361846551232,0.23095014596846378,0.0,0.2954813960750309,0.45368444456360635,0.3786286328049912,1.1279463054857835,0.34078399502239193,0.0,4.646831929683685,48.83371829986572,0.6989735841751099
4.761999999999698,-0.12058333631930246,0.011752679049925304,-0.11821748521965132,0.23193654913801753,0.0,0.2964677992445846,0.45370008807826884,0.3786286328798057,1.128530117136212,0.34078356235273466,0.0,4.646831929683685,48.83371829986572,0.6989735841751099
4.7719999999996965,-0.12044912156562561,0.014532494949933512,-0.11824693778423696,0.23231631535514483,0.0,0.29684756546171187,0.45371587553119136,0.3786286329531358,1.1283304776857555,0.34078312877498945,0.0,4.646831929683685,48.83371829986572,0.6989735841751099
4.781999999999695,-0.12028862993025485,0.01690895569260941,-0.11829217917218567,0.23301000793278512,0.0,0.29754125803935216,0.453731769714756,0.3786286330250111,1.1286503958127923,0.34078269423955926,0.0,4.646831929683685,48.83371829986572,0.6989735841751099
4.791999999999694,-0.1201101652168765,0.018209468066624022,-0.11836055021238692,0.23411295252108127,0.0,0.29864420262764835,0.4537477308646718,0.3786286330954603,1.1296338604870835,0.3407822582937718,0.0,4.646831929683685,48.83371829986572,0.6989735841751099
4.801999999999693,-0.11992848858885119,0.018052847300749266,-0.11845724008310539,0.23554085366401392,0.0,0.300072103770581,0.4537637184779188,0.37862863316451173,1.131168333437043,0.34078182036902405,0.0,4.697940230369568,48.975287079811096,0.703025871515274
4.811999999999692,-0.11974861168731796,0.01779212956378698,-0.11856002508805837,0.2365323273380587,0.0,0.30106357744462575,0.4537796939397383,0.3786286332321931,1.1321890368446401,0.34078138099758065,0.0,4.697940230369568,48.975287079811096,0.703025871515274
4.821999999999691,-0.11957375093708864,0.017634311493917997,-0.11867340128754618,0.2363549962551266,0.0,0.3008862463616937,0.45379562167058873,0.3786286332985317,1.1316715812133218,0.3407809407273757,0.0,4.697940230369568,48.975287079811096,0.703025871515274
4.83199999999969,-0.1193875573796857,0.01922732411322901,-0.11876775294225729,0.23609980979097886,0.0,0.3006310598975459,0.4538114690306458,0.37862863336355407,1.1311493581331273,0.3407805012038465,0.0,4.697940230369568,48.975287079811096,0.703025871515274
4.841999999999689,-0.11919174625044895,0.01951341072324933,-0.11887074427682641,0.23702698669690161,0.0,0.3015582368034687,0.4538272038390991,0.3786286334272863,1.1323910207438328,0.34078006093065494,0.0,4.697940230369568,48.975287079811096,0.703025871515274
4.851999999999688,-0.11899778874337448,0.019431915904934885,-0.11897276312629385,0.23684357019050703,0.0,0.3013748202970741,0.4538427944887828,0.37862863348975406,1.1321832199662847,0.340779620224367,0.0,4.759112179279327,49.097687005996704,0.7053746819496154
4.861999999999687,-0.11880266848111512,0.019475779423562718,-0.11905746408616247,0.2369008019978721,0.0,0.3014320521044392,0.45385821168519663,0.3786286335509825,1.13241413861266,0.34077917947233405,0.0,4.759112179279327,49.097687005996704,0.7053746819496154
4.8719999999996855,-0.1186119349325879,0.018493547710291252,-0.11914387879183362,0.23746991124481373,0.0,0.3020011613513808,0.4538734282267535,0.37862863361099597,1.1334581080864803,0.34077873838414946,0.0,4.759112179279327,49.097687005996704,0.7053746819496154
4.881999999999684,-0.11844138070792729,0.016122087443108016,-0.11924058852508959,0.2376628419908763,0.0,0.3021940920974434,0.45388842001035423,0.3786286336698188,1.1340617974864702,0.34077829645783836,0.0,4.759112179279327,49.097687005996704,0.7053746819496154
4.891999999999683,-0.11829261998166726,0.013975445103956352,-0.11932924005895772,0.23769612455355957,0.0,0.3022273746601266,0.4539031683825139,0.3786286337274746,1.1345179661366116,0.3407778547124422,0.0,4.759112179279327,49.097687005996704,0.7053746819496154
4.901999999999682,-0.11816294982723871,0.01234643962911338,-0.11940170781251697,0.23712025774139503,0.0,0.30165150784796213,0.4539176604072275,0.3786286337839865,1.1341879153631693,0.3407774135108873,0.0,4.783276349306107,49.178516268730164,0.7058950543403626
4.911999999999681,-0.1180465889849039,0.011376099184395513,-0.11944793361148053,0.2361020566673071,0.0,0.3006333067738742,0.4539318879122688,0.37862863383937706,1.1332952512360728,0.3407769731281706,0.0,4.783276349306107,49.178516268730164,0.7058950543403626
4.92199999999968,-0.11793415630367292,0.011058783359929646,-0.11946675396375664,0.23545164172065794,0.0,0.29998289182722504,0.45394584598353294,0.3786286338936687,1.1329663880732541,0.3407765341818218,0.0,4.783276349306107,49.178516268730164,0.7058950543403626
4.931999999999679,-0.11783064683617538,0.009784139113953958,-0.11947588099907791,0.23524343214217275,0.0,0.2997746822487398,0.4539595313594041,0.37862863394688306,1.1332960036405781,0.34077609573565426,0.0,4.783276349306107,49.178516268730164,0.7058950543403626
4.941999999999678,-0.1177398532987316,0.00860726194169565,-0.11946608914732855,0.23433881528030784,0.0,0.2988700653868749,0.4539729429463329,0.37862863399904173,1.132678055664532,0.34077565834146334,0.0,4.783276349306107,49.178516268730164,0.7058950543403626
4.951999999999677,-0.11766428801518478,0.006607644600553544,-0.11944764990883516,0.23435251833162213,0.0,0.2988837684381892,0.4539860824023192,0.3786286340501655,1.1333621594324765,0.3407752214694619,0.0,4.755991131067276,49.18144881725311,0.7041300773620605
4.961999999999676,-0.11761880042539838,0.002718125023779168,-0.11943910860600339,0.23506118542159013,0.0,0.2995924355281572,0.4539989547075939,0.37862863410027486,1.1350200812173297,0.3407747840736018,0.0,4.755991131067276,49.18144881725311,0.7041300773620605
4.9719999999996745,-0.11761796311487946,-0.0017578409572068833,-0.11943592798073303,0.23497899274084183,0.0,0.2995102428474089,0.4540115706628843,0.37862863414939013,1.1355522920324486,0.3407743463920552,0.0,4.755991131067276,49.18144881725311,0.7041300773620605
4.981999999999673,-0.11766086877247772,-0.005875560831642432,-0.11942936960981977,0.23462358371910028,0.0,0.2991548338256673,0.45402394900497794,0.37862863419753096,1.135667446777922,0.340773908907891,0.0,4.755991131067276,49.18144881725311,0.7041300773620605
4.991999999999672,-0.11774056142017318,-0.009064689153405383,-0.11941185146505716,0.2341335700582336,0.0,0.29866482016480067,0.4540361158675615,0.37862863424471654,1.1355464143028065,0.34077347206035147,0.0,4.755991131067276,49.18144881725311,0.7041300773620605
5.001999999999671,-0.11784885318554242,-0.012059584879289993,-0.11938911184757667,0.23403461608234305,0.0,0.2985658661889101,0.45404810287241926,0.378628634290966,1.1359152048962606,0.34077303559893396,0.0,4.713525652885437,49.157257080078125,0.7013825178146362
5.01199999999967,-0.11799348631876057,-0.015999470485728334,-0.1193804180018448,0.23430625705061434,0.0,0.2988375071571814,0.45405994554254364,0.37862863433629773,1.136732727463424,0.3407725985375645,0.0,4.713525652885437,49.157257080078125,0.7013825178146362
5.021999999999669,-0.11817645982701956,-0.01983664931769799,-0.11937786869971852,0.23469421861993425,0.0,0.29922546872650135,0.45407168408677323,0.37862863438073013,1.1376306134678067,0.3407721611572747,0.0,4.713525652885437,49.157257080078125,0.7013825178146362
5.031999999999668,-0.11839650419110624,-0.023508197901665535,-0.1193835157078461,0.23510889128589607,0.0,0.29964014139246314,0.45408336353676626,0.37862863442428096,1.1384732894408058,0.3407717233245788,0.0,4.713525652885437,49.157257080078125,0.7013825178146362
5.041999999999667,-0.11865256978843594,-0.026807166731550876,-0.11939834377959278,0.23532998265494084,0.0,0.2998612327615079,0.4540950332072196,0.37862863446696776,1.1389434426530518,0.34077128495451997,0.0,4.713525652885437,49.157257080078125,0.7013825178146362
5.051999999999666,-0.11893786466207236,-0.02967090479201917,-0.11942289799084112,0.235887653902521,0.0,0.3004189040090881,0.4541067459512535,0.37862863450880757,1.1397779461549618,0.3407708460836327,0.0,4.668795347213745,49.09962713718414,0.6989544332027435
5.0619999999996645,-0.11924803386993572,-0.031758417998039176,-0.11945804366569016,0.23592833521158638,0.0,0.3004595853181534,0.45411855677288676,0.3786286345498173,1.1397788648353209,0.34077040687895144,0.0,4.668795347213745,49.09962713718414,0.6989544332027435
5.0719999999996634,-0.11957084613080819,-0.032439644610331685,-0.11949116495755006,0.23564398472275247,0.0,0.3001752348293195,0.4541305215464666,0.3786286345900134,1.1392161803652892,0.34076996768499546,0.0,4.668795347213745,49.09962713718414,0.6989544332027435
5.081999999999662,-0.11989069872299456,-0.031539835002130076,-0.11951611005585612,0.2355746119630076,0.0,0.3001058620695747,0.4541426946647665,0.37862863462941193,1.1388512275041462,0.34076952885131356,0.0,4.668795347213745,49.09962713718414,0.6989544332027435
5.091999999999661,-0.12019563618263492,-0.02953382223312229,-0.11953506146298225,0.23514939943031826,0.0,0.29968064953688534,0.4541551261525121,0.37862863466802876,1.1378934263773732,0.3407690902775545,0.0,4.668795347213745,49.09962713718414,0.6989544332027435
5.10199999999966,-0.12047278816649724,-0.02629849925906867,-0.11954500311604614,0.23470969277365106,0.0,0.29924094288021813,0.4541678594577441,0.3785569072535925,1.1368308220247232,0.340768652310128,0.0,4.610952168703079,48.98908615112305,0.6971220314502715
5.111999999999659,-0.12071751397553082,-0.023600931585934404,-0.11956935020401098,0.23588567811107522,0.0,0.3004169282176423,0.4541809295084342,0.3782185713085469,1.137590299090121,0.3407682141533547,0.0,4.610952168703079,48.98908615112305,0.6971220314502715
5.121999999999658,-0.12094944389848018,-0.02274382073045645,-0.11962715481379327,0.23631567323248823,0.0,0.30084692333905527,0.4541943627534262,0.37797574016573393,1.1373507344349,0.3407677740775944,0.0,4.610952168703079,48.98908615112305,0.6971220314502715
5.131999999999657,-0.12116248875650595,-0.020428661149044652,-0.11968305271786744,0.23682811427500502,0.0,0.30135936438157207,0.45420818047389505,0.37781044844327294,1.1373007600134288,0.3407673339443507,0.0,4.610952168703079,48.98908615112305,0.6971220314502715
5.141999999999656,-0.1213579671954836,-0.019155650931480674,-0.11976457268363214,0.23808124320419555,0.0,0.3026124933107626,0.45422239873038656,0.3776776032164184,1.1382368251859254,0.34076689224341455,0.0,4.610952168703079,48.98908615112305,0.6971220314502715
5.151999999999655,-0.12153839005518811,-0.017395913606038822,-0.11985860977634345,0.23843631759799455,0.0,0.3029675677045616,0.4542370286791273,0.37763056450846705,1.1380153913254794,0.34076644966446085,0.0,4.5657976269721985,48.963555097579956,0.6974991261959076
5.1619999999996535,-0.1217016815552151,-0.01583215203459316,-0.11997282804044819,0.23958605916996728,0.0,0.30411730927653435,0.45425207735228584,0.37754903305713533,1.1388196710443137,0.3407660058991555,0.0,4.5657976269721985,48.963555097579956,0.6974991261959076
5.171999999999652,-0.12185424504901644,-0.014674786135009414,-0.12011049724912692,0.24034301223525126,0.0,0.30487426234181836,0.45426754780094386,0.37757045308051035,1.1391927643535944,0.34076556052022283,0.0,4.5657976269721985,48.963555097579956,0.6974991261959076
5.181999999999651,-0.1219813385827376,-0.01099334196479041,-0.12023278989289644,0.23946421862768202,0.0,0.3039954687342491,0.45428343996227705,0.3775914481169401,1.1372861698007077,0.34076511557869804,0.0,4.5657976269721985,48.963555097579956,0.6974991261959076
5.19199999999965,-0.1220640995820565,-0.006581999353951233,-0.1203469518090197,0.2398862524931983,0.0,0.3044175025997654,0.454299748305361,0.37761202659843723,1.1372289990142508,0.3407646707391683,0.0,4.5657976269721985,48.963555097579956,0.6974991261959076
5.201999999999649,-0.12210369111088079,-0.002315060511704284,-0.1204605576674359,0.24007601713756918,0.0,0.3046072672441362,0.45431645905091866,0.37761567248364575,1.1368757067667152,0.3407642255623453,0.0,4.570546180009842,48.99084389209747,0.6985932350158691
5.211999999999648,-0.12210256802353298,0.001883652779751093,-0.120570713019161,0.2401391839912976,0.0,0.30467043409786465,0.45433355061422637,0.3776042329367664,1.1363828456271805,0.3407637800848352,0.0,4.570546180009842,48.99084389209747,0.6985932350158691
5.221999999999647,-0.12206163300965667,0.005453696585664683,-0.12068286030988819,0.2407012759327913,0.0,0.30523252603935835,0.4543509944940031,0.37728916700177456,1.1364475766263813,0.3407633341881336,0.0,4.570546180009842,48.99084389209747,0.6985932350158691
5.231999999999646,-0.12199354280118226,0.007558489598273122,-0.12080937402889315,0.24152337456087866,0.0,0.3060546246674457,0.45436875626989903,0.3768692621048402,1.1367834465664897,0.34076288718749087,0.0,4.570546180009842,48.99084389209747,0.6985932350158691
5.241999999999645,-0.12191142209332936,0.008486259006352647,-0.12095095849542103,0.24239168992159207,0.0,0.3069229400281591,0.454386798261591,0.3763369671876261,1.1371478383018876,0.3407624390023293,0.0,4.570546180009842,48.99084389209747,0.6985932350158691
5.251999999999644,-0.12181856710946068,0.00970494791644491,-0.12108904959124889,0.24254812001759787,0.0,0.307079370124165,0.45440508218525416,0.3757778596624591,1.136511005202291,0.3407619904492067,0.0,4.6273196041584015,49.08385932445526,0.7005701243877411
5.2619999999996425,-0.12171203758585936,0.011188201202521307,-0.1212139934726347,0.24257423880083745,0.0,0.3071054889074045,0.4544235699527014,0.37525846371657,1.1359069713276544,0.34076154162594074,0.0,4.6273196041584015,49.08385932445526,0.7005701243877411
5.271999999999641,-0.12159218874364666,0.01243615533001903,-0.12133432710586178,0.24271122969815562,0.0,0.3072424798047227,0.4544422232541136,0.37465307462461755,1.1354028196372432,0.34076109269792276,0.0,4.6273196041584015,49.08385932445526,0.7005701243877411
5.28199999999964,-0.12146114699179446,0.013542112913048337,-0.12144676053233493,0.24235233910255444,0.0,0.3068835892091215,0.4544610036150574,0.3743750664102431,1.1346068726988296,0.34076064385944643,0.0,4.6273196041584015,49.08385932445526,0.7005701243877411
5.291999999999639,-0.12132251414767976,0.014003264510661917,-0.12155495946618466,0.24257384705408416,0.0,0.30710509716065126,0.454479872886476,0.3741093280069527,1.134751802920325,0.34076019493341697,0.0,4.6273196041584015,49.08385932445526,0.7005701243877411
5.301999999999638,-0.12118708349781081,0.013424676819681191,-0.12166405063095162,0.24258230173038473,0.0,0.30711355183695177,0.4544987940946198,0.3737095996765674,1.1345852271812458,0.3407597455143787,0.0,4.696710288524628,49.16313827037811,0.7018626272678374
5.311999999999637,-0.12105225569420786,0.013366116737330421,-0.12174965435157381,0.24274726048512305,0.0,0.3072785105916901,0.45451773302671944,0.37317800227530395,1.1346133420623663,0.3407592965804503,0.0,4.696710288524628,49.16313827037811,0.7018626272678374
5.321999999999636,-0.12092551368876633,0.012233221409708658,-0.12183507453805045,0.2424952288687502,0.0,0.30702647897531726,0.45453665814872485,0.3723730332486014,1.1338612938031354,0.3407588474084292,0.0,4.696710288524628,49.16313827037811,0.7018626272678374
5.331999999999635,-0.1208160295336434,0.0097445245941677,-0.12192569042115342,0.24337745961626825,0.0,0.30790870972283535,0.45455554155793343,0.3715539197734809,1.1346812860836812,0.3407583977073938,0.0,4.696710288524628,49.16313827037811,0.7018626272678374
5.341999999999634,-0.12073937214036143,0.006292574906673889,-0.12202382007980808,0.24360636455506193,0.0,0.30813761466162903,0.4545743608635639,0.37090343857177377,1.134789796364731,0.3407579473184824,0.0,4.696710288524628,49.16313827037811,0.7018626272678374
5.351999999999633,-0.12069939546397623,0.0024793028069697125,-0.12212307137551899,0.2439950978716662,0.0,0.3085263479782333,0.45459310139798004,0.37035269331741816,1.1352547117891052,0.3407574965025912,0.0,4.720439791679382,49.21617269515991,0.7018805682659148
5.3619999999996315,-0.1206951576862757,-0.0007615231212363804,-0.12221007652545918,0.24346433968323622,0.0,0.3079955897898033,0.45461175663116515,0.3698277463819868,1.1345448476593603,0.3407570457632883,0.0,4.720439791679382,49.21617269515991,0.7018805682659148
5.37199999999963,-0.12071992916211512,-0.0037866183742296233,-0.12228823842148841,0.24372820313248467,0.0,0.30825945323905174,0.4546303273412104,0.3691861183896192,1.1348210820478406,0.3407565952782985,0.0,4.720439791679382,49.21617269515991,0.7018805682659148
5.381999999999629,-0.12077622638568251,-0.006686784209390022,-0.12236007329760393,0.24342318503258661,0.0,0.30795443513915366,0.45464882025227427,0.3684765877568237,1.1342124126663506,0.3407561449184639,0.0,4.720439791679382,49.21617269515991,0.7018805682659148
5.391999999999628,-0.12086449059241736,-0.01044388978312192,-0.12243649439886933,0.2441230159162652,0.0,0.3086542660228323,0.4546672476979074,0.36768999149505377,1.13490336117645,0.34075569410151224,0.0,4.720439791679382,49.21617269515991,0.7018805682659148
5.401999999999627,-0.12099361135045092,-0.014549712031480854,-0.1225185050989213,0.24422008829029568,0.0,0.30875133839686275,0.4546856276654007,0.36725730745021745,1.1350275909096565,0.3407552427678367,0.0,4.674264967441559,49.20780956745148,0.699565553665161
5.411999999999626,-0.12116126463258313,-0.018091144885308205,-0.12259798909898861,0.2440262211510845,0.0,0.30855747125765154,0.45470398473045903,0.3667756409622151,1.1347047513126984,0.3407547914193631,0.0,4.674264967441559,49.20780956745148,0.699565553665161
5.421999999999625,-0.12136277780100788,-0.0216283621888851,-0.1226793856292955,0.2447566713631719,0.0,0.30928792146973894,0.45472234927976224,0.3665920429274383,1.1358484820686807,0.34075433974044456,0.0,4.674264967441559,49.20780956745148,0.699565553665161
5.431999999999624,-0.12159760389170264,-0.024460787281814413,-0.12275782820644945,0.24433390529254814,0.0,0.3088651553991152,0.45474075636271555,0.3665633760668771,1.1355171094980863,0.3407538879853266,0.0,4.674264967441559,49.20780956745148,0.699565553665161
5.441999999999623,-0.12185608860272339,-0.026686562667735045,-0.12283207193487693,0.24439479535080488,0.0,0.30892604545737196,0.45475924487468133,0.3665265115240644,1.1357709622948935,0.3407534362421069,0.0,4.674264967441559,49.20780956745148,0.699565553665161
5.451999999999622,-0.12212897331445986,-0.02757761244970964,-0.12289394107106032,0.2440722525304715,0.0,0.30860350263703856,0.4547778556609155,0.3665730874335087,1.1355087388215965,0.34075298506727564,0.0,4.629896312952042,49.14888858795166,0.6961625218391418
5.4619999999996205,-0.12241064799245305,-0.028427214439098996,-0.12295975597493812,0.2440686092987337,0.0,0.30859985940530077,0.4547966295805564,0.3667494610647186,1.1357097332714878,0.34075253385934345,0.0,4.629896312952042,49.14888858795166,0.6961625218391418
5.471999999999619,-0.12269482300184965,-0.028202827534459317,-0.12301479231407762,0.24374012087584693,0.0,0.308271370982414,0.45481560625104245,0.36685393397748955,1.1353943956277603,0.34075208305628923,0.0,4.629896312952042,49.14888858795166,0.6961625218391418
5.481999999999618,-0.12297331895941925,-0.027753660889463752,-0.12306658308662935,0.24410791428444895,0.0,0.308639164391016,0.4548348228537735,0.36664956597803017,1.1356308504022845,0.340751632281491,0.0,4.629896312952042,49.14888858795166,0.6961625218391418
5.491999999999617,-0.12324978213527946,-0.02736460238004644,-0.1231230512240502,0.2439019760674198,0.0,0.3084332261739869,0.4548543130079958,0.36639761626900685,1.134922953138624,0.3407511810935505,0.0,4.629896312952042,49.14888858795166,0.6961625218391418
5.501999999999616,-0.12351786446264759,-0.02650539576751318,-0.1231795049148352,0.24427154206671786,0.0,0.30880279217328493,0.4548741071713156,0.36639107863577675,1.1351730667968862,0.34075072986273774,0.0,4.575235277414322,49.077075123786926,0.6943914949893951
5.511999999999615,-0.12377699431605158,-0.025600480154917317,-0.12324617047403529,0.24465679516173158,0.0,0.3091880452682987,0.45489423198895623,0.36615591021607097,1.1352469291270921,0.34075027835216587,0.0,4.575235277414322,49.077075123786926,0.6943914949893951
5.521999999999614,-0.12403048132292342,-0.02512915720999766,-0.12332706369692686,0.24515534710337178,0.0,0.30968659720993885,0.45491471032668196,0.36572274459393955,1.135179152911542,0.34074982587123576,0.0,4.575235277414322,49.077075123786926,0.6943914949893951
5.531999999999613,-0.12427411578046603,-0.023849492521099906,-0.1234091213895097,0.24524369855484568,0.0,0.30977494866141275,0.45493556191645346,0.365062445834398,1.1342244797187355,0.34074937309489095,0.0,4.575235277414322,49.077075123786926,0.6943914949893951
5.541999999999612,-0.12450961256769118,-0.02347568288576119,-0.12351256635020656,0.2465422943309183,0.0,0.31107354443748536,0.45495680302849173,0.3645029606068785,1.1350139765240348,0.3407489189179221,0.0,4.575235277414322,49.077075123786926,0.6943914949893951
5.551999999999611,-0.12474407924184441,-0.023337565155249,-0.12363648941534923,0.2472741935002053,0.0,0.31180544360677237,0.45497844701517903,0.3639312106087406,1.1349286851661502,0.34074846340076287,0.0,4.518890857696533,49.03488039970398,0.6934379518032074
5.5619999999996095,-0.12498213738591023,-0.024210803131988635,-0.12379502327197853,0.2489482072365461,0.0,0.31347945734311317,0.4550005056791977,0.3634433774325191,1.136266787287099,0.3407480059711345,0.0,4.518890857696533,49.03488039970398,0.6934379518032074
5.571999999999608,-0.12522579457017746,-0.024433645151425473,-0.12396914136711928,0.24963115475725964,0.0,0.31416240486382674,0.45502299032572563,0.36265065103259025,1.1359011921798357,0.34074754724218054,0.0,4.518890857696533,49.03488039970398,0.6934379518032074
5.581999999999607,-0.12546866805343077,-0.024259624001900498,-0.12415838935500868,0.25058167247371266,0.0,0.31511292258027973,0.4550459120454239,0.3618420922737042,1.1358176668669455,0.34074708719852514,0.0,4.518890857696533,49.03488039970398,0.6934379518032074
5.591999999999606,-0.12570775099058942,-0.02377945862711093,-0.12436218112688475,0.2515206538657027,0.0,0.3160519039722698,0.4550692806805018,0.360960987757197,1.1356608501777248,0.3407466258271686,0.0,4.518890857696533,49.03488039970398,0.6934379518032074
5.601999999999605,-0.1259378745449154,-0.02236257617424975,-0.12457114333483865,0.25167828556580246,0.0,0.31620953567236953,0.45509310426007116,0.3601855133105525,1.1344391902736721,0.3407461635999125,0.0,4.464469134807587,49.043763875961304,0.6927874863147736
5.611999999999604,-0.12615000043486482,-0.020723624038359884,-0.12478781702061148,0.25306290066865267,0.0,0.31759415077521974,0.45511738798890483,0.35944579427684803,1.135023638220209,0.3407457004237752,0.0,4.464469134807587,49.043763875961304,0.6927874863147736
5.621999999999603,-0.12636012256083207,-0.021242905572174415,-0.12504427427278877,0.254701373768551,0.0,0.3192326238751181,0.4551421332893983,0.3587630614534492,1.1360050665325816,0.3407452345013613,0.0,4.464469134807587,49.043763875961304,0.6927874863147736
5.631999999999602,-0.12657054800142417,-0.02070246376128875,-0.12530697727268578,0.2551662772766216,0.0,0.3196975273831887,0.4551673403819337,0.3580554683804988,1.1353927882308161,0.340744767503721,0.0,4.464469134807587,49.043763875961304,0.6927874863147736
5.641999999999601,-0.1267762243920289,-0.020695429105213863,-0.12558843641089684,0.25670776419441277,0.0,0.32123901430097984,0.4551930089561356,0.3570733320845302,1.1360623479273029,0.34074429876033957,0.0,4.464469134807587,49.043763875961304,0.6927874863147736
5.6519999999996,-0.12698548959361847,-0.020862714465913264,-0.1258873380472093,0.25754335553508534,0.0,0.3220746056416524,0.45521913768347083,0.3559446682577443,1.1356102106271253,0.3407438282244631,0.0,4.42075777053833,49.09517467021942,0.6915857315063476
5.6619999999995985,-0.1271964153656175,-0.021377581686642805,-0.12620132912242366,0.25916272959190123,0.0,0.3236939796984683,0.4552457253496231,0.35461813307417933,1.1360630244190286,0.3407433558604626,0.0,4.42075777053833,49.09517467021942,0.6915857315063476
5.671999999999597,-0.1274119152514372,-0.02175564327116814,-0.12652715401774567,0.26021192268300236,0.0,0.32474317278956943,0.4552727708551174,0.35323546560835617,1.1357116154429905,0.3407428819680914,0.0,4.42075777053833,49.09517467021942,0.6915857315063476
5.681999999999596,-0.1276393438718871,-0.023587922478790012,-0.1268836383034483,0.26212767182194846,0.0,0.32665892192851553,0.4553002737190166,0.35159488007986933,1.1363726764692232,0.34074240552306295,0.0,4.42075777053833,49.09517467021942,0.6915857315063476
5.691999999999595,-0.1278907333355866,-0.02622161966362715,-0.12726855518407906,0.2636077555169711,0.0,0.32813900562353815,0.4553282354680823,0.34980714936405344,1.1363005793340184,0.3407419265498415,0.0,4.42075777053833,49.09517467021942,0.6915857315063476
5.701999999999594,-0.12816894445375357,-0.028826772926834755,-0.127671894477145,0.2650796555737523,0.0,0.32961090568031937,0.4553566616222686,0.347903911954785,1.1360709276025882,0.3407414454082667,0.0,4.3941361010074615,49.16954159736633,0.6870923876762389
5.711999999999593,-0.12847354938660055,-0.031556077934127326,-0.12809054533986047,0.2665944154309921,0.0,0.3311256655375592,0.4553855620761565,0.3462355974253874,1.1361244543283064,0.340740961961931,0.0,4.3941361010074615,49.16954159736633,0.6870923876762389
5.721999999999592,-0.1288030194035844,-0.033613957533562035,-0.1285177560239462,0.26737769651076365,0.0,0.3319089466173307,0.45541495076879257,0.3445963785987014,1.1353189599516234,0.3407404768558176,0.0,4.3941361010074615,49.16954159736633,0.6870923876762389
5.731999999999591,-0.1291486459816802,-0.035346351120671284,-0.12895111802810671,0.2689587412617873,0.0,0.3334899913683544,0.4554448449020922,0.3428548025634268,1.1354848282563146,0.3407399902051699,0.0,4.3941361010074615,49.16954159736633,0.6870923876762389
5.74199999999959,-0.1295181383258228,-0.038008616512328786,-0.12940698406083231,0.2705070198160802,0.0,0.3350382699226473,0.4554752635594452,0.3413519391257776,1.1357728862277299,0.3407395011238007,0.0,4.3941361010074615,49.16954159736633,0.6870923876762389
5.7519999999995886,-0.1299134256039104,-0.040487034305753844,-0.12987321377896668,0.27184302205045974,0.0,0.3363742721570268,0.45550622855173045,0.34012254558977795,1.136132193549026,0.34073901014072683,0.0,4.358804404735565,49.224287271499634,0.680262666940689
5.7619999999995875,-0.1303303950845893,-0.04256341307116583,-0.13034306496690812,0.2730170046824284,0.0,0.33754825478899547,0.4555377646280093,0.3389747567896711,1.1363365335050686,0.34073851745124095,0.0,4.358804404735565,49.224287271499634,0.680262666940689
5.771999999999586,-0.13076266910572998,-0.04356818050849673,-0.13080751550359163,0.273409079515875,0.0,0.3379403296224421,0.4555698985584426,0.3380364027565364,1.1356367434656034,0.3407380236862498,0.0,4.358804404735565,49.224287271499634,0.680262666940689
5.781999999999585,-0.13119411387462582,-0.04260648573299955,-0.13124792633981935,0.2732721859670156,0.0,0.33780343607358265,0.45560265758371804,0.3372387726212292,1.1344090049405147,0.3407375298318486,0.0,4.358804404735565,49.224287271499634,0.680262666940689
5.791999999999584,-0.13161201352793603,-0.0413434254562656,-0.13167480398435377,0.2739762941732243,0.0,0.33850754427979135,0.4556360663722676,0.3362744820218322,1.1342301914807005,0.3407370354216737,0.0,4.358804404735565,49.224287271499634,0.680262666940689
5.801999999999583,-0.1320269999184817,-0.04161877209915847,-0.13211319681670403,0.275284538035681,0.0,0.33981578814224805,0.4556701451271525,0.335248159309573,1.134758141257786,0.3407365391677587,0.0,4.331797242164612,49.25180494785309,0.6736119389533997
5.811999999999582,-0.132443085884658,-0.0416878635738473,-0.1325461654304847,0.27616078611187694,0.0,0.340692036218444,0.4557049113557437,0.3344647836048349,1.1349689166525176,0.34073604187441536,0.0,4.331797242164612,49.25180494785309,0.6736119389533997
5.821999999999581,-0.13285925643512383,-0.04163962112058378,-0.13297467954183387,0.2766957845501124,0.0,0.3412270346566795,0.45574038092270186,0.33359483646401056,1.1346573760563037,0.3407355435644592,0.0,4.331797242164612,49.25180494785309,0.6736119389533997
5.83199999999958,-0.13328059602042733,-0.04237804901830984,-0.1334111084666929,0.27773771376568945,0.0,0.3422689638722565,0.4557765681107476,0.3326423475296805,1.1349691643121629,0.3407350436082338,0.0,4.331797242164612,49.25180494785309,0.6736119389533997
5.841999999999579,-0.1337083117311872,-0.04318680311740219,-0.1338485068099845,0.27870680622068306,0.0,0.34323805632725013,0.4558134864522355,0.33161708195084927,1.1350676284573302,0.340734542349626,0.0,4.331797242164612,49.25180494785309,0.6736119389533997
5.8519999999995775,-0.13414396555073269,-0.04373973572255373,-0.13428425494701268,0.27955038034467705,0.0,0.3440816304512441,0.4558511492422182,0.33067865052554696,1.135096716296708,0.34073403990297846,0.0,4.30180761218071,49.27683711051941,0.6671118319034577
5.861999999999576,-0.13458633137737688,-0.044432660962467334,-0.13472177609529218,0.28029022231219497,0.0,0.34482147241876204,0.45588956967982813,0.3297559252900995,1.1349796051928234,0.34073353607399276,0.0,4.30180761218071,49.27683711051941,0.6671118319034577
5.871999999999575,-0.13503121967096457,-0.04478443769245777,-0.13515429351195496,0.28147264881690925,0.0,0.3460038989234763,0.4559287605671176,0.3285972564664249,1.1353081985217486,0.3407330312488565,0.0,4.30180761218071,49.27683711051941,0.6671118319034577
5.881999999999574,-0.13548947052886753,-0.0464171983833694,-0.13560546950669808,0.2825128256359528,0.0,0.3470440757425199,0.45596873398773485,0.32752772046555306,1.135390761137082,0.3407325242120478,0.0,4.30180761218071,49.27683711051941,0.6671118319034577
5.891999999999573,-0.13595315853457096,-0.046326925958226725,-0.136039233435072,0.2828804973123298,0.0,0.34741174741889685,0.45600950267609774,0.32665704085051844,1.1347546191959248,0.3407320167707652,0.0,4.30180761218071,49.27683711051941,0.6671118319034577
5.901999999999572,-0.13641579212857427,-0.04605482097057778,-0.1364689514711187,0.28329863963633944,0.0,0.3478298897429065,0.4560510789633597,0.32611304497169186,1.1344957586942086,0.3407315082855301,0.0,4.274515241384506,49.29315209388733,0.6602940857410431
5.911999999999571,-0.1368672508067764,-0.044775380690545,-0.13688073581890756,0.28401087593689345,0.0,0.3485421260434605,0.4560934732270061,0.32561940541008066,1.1347089847806586,0.3407309994917728,0.0,4.274515241384506,49.29315209388733,0.6602940857410431
5.92199999999957,-0.13730950304082187,-0.04383771506110464,-0.13729058478115225,0.28438960516358647,0.0,0.34892085527015354,0.45613669254188505,0.3251736578457652,1.1345332223299844,0.34073048960558283,0.0,4.274515241384506,49.29315209388733,0.6602940857410431
5.931999999999569,-0.13774437455465402,-0.04323083743989369,-0.1376998338208131,0.2851533966744151,0.0,0.34968464678098216,0.4561807408802837,0.32459414594461505,1.1347397282451634,0.34072997856922704,0.0,4.274515241384506,49.29315209388733,0.6602940857410431
5.941999999999568,-0.13816693078050754,-0.0417972956552918,-0.13809370395412393,0.2857578628263105,0.0,0.35028911293287757,0.45622561962958663,0.3241064283909116,1.134844876178216,0.3407294671427462,0.0,4.274515241384506,49.29315209388733,0.6602940857410431
5.9519999999995665,-0.13857864318131766,-0.0408670254880639,-0.13848732955911935,0.28651790401280075,0.0,0.3510491541193678,0.45627132710919427,0.32359815879738635,1.1350876378079904,0.34072895457191565,0.0,4.271217912435532,49.30761098861694,0.6561079084873199
5.961999999999565,-0.1389786912626504,-0.03944056773535391,-0.13886905997470234,0.28674609613971075,0.0,0.3512773462462778,0.4563178588093344,0.3231946264718517,1.1347373083332424,0.3407284413902819,0.0,4.271217912435532,49.30761098861694,0.6561079084873199
5.971999999999564,-0.13936689380942582,-0.038250927875267376,-0.13924773649528585,0.2871012353381669,0.0,0.35163248544473397,0.4563652075381248,0.32270419545681417,1.134418287311934,0.3407279272611882,0.0,4.271217912435532,49.30761098861694,0.6561079084873199
5.981999999999563,-0.13974101787293353,-0.03677434857735215,-0.13961653437062543,0.28774173974875755,0.0,0.3522729898553246,0.4564133634547356,0.3225236646736597,1.1347970122746533,0.3407274125461414,0.0,4.271217912435532,49.30761098861694,0.6561079084873199
5.991999999999562,-0.14009965860636414,-0.03497476213119052,-0.13997422456715497,0.28782452404220543,0.0,0.3523557741487725,0.4564623139842784,0.3224517190086305,1.1346074709640404,0.34072689733087347,0.0,4.271217912435532,49.30761098861694,0.6561079084873199
6.001999999999561,-0.14044085077308585,-0.03387492243072569,-0.14032999034448254,0.2889479162282924,0.0,0.3534791663348595,0.45651204351890395,0.32218353673066163,1.1356921410116334,0.34072638114950266,0.0,4.280307024717331,49.33076560497284,0.6530996203422545
6.01199999999956,-0.14077430757540346,-0.03306098655118592,-0.14068299529549724,0.28965110742626643,0.0,0.3541823575328335,0.45656253372686817,0.3216857671721752,1.1359871124833723,0.3407258638967374,0.0,4.280307024717331,49.33076560497284,0.6530996203422545
6.021999999999559,-0.14109771299888169,-0.031798900365371655,-0.1410258815684923,0.28973059506929755,0.0,0.3542618451758646,0.45661376509526364,0.321299990457209,1.1354247263209292,0.3407253461408004,0.0,4.280307024717331,49.33076560497284,0.6530996203422545
6.031999999999558,-0.14141083175230812,-0.030759007070279037,-0.14136530202784486,0.29010632383082535,0.0,0.3546375739373924,0.4566657168485461,0.3209097059317337,1.1353337535958465,0.3407248275700859,0.0,4.280307024717331,49.33076560497284,0.6530996203422545
6.041999999999557,-0.14170870138876074,-0.029166259472152272,-0.14168976117821377,0.2903558511925405,0.0,0.35488710129910755,0.4567183667932255,0.3206774888257314,1.1352262435629943,0.3407243087908012,0.0,4.280307024717331,49.33076560497284,0.6530996203422545
6.0519999999995555,-0.1419785405723904,-0.02514887016555052,-0.1419712094367341,0.28893334101829715,0.0,0.3534645911248642,0.4567716905981581,0.3207465888307404,1.1330666388471777,0.3407237912294989,0.0,4.301002949476242,49.34561610221863,0.6517124474048615
6.061999999999554,-0.14219792821530874,-0.01996063526573961,-0.14220890650626686,0.2885765666798555,0.0,0.35310781678642256,0.4568256592537677,0.3211122090066336,1.1327427263341003,0.3407232749625501,0.0,4.301002949476242,49.34561610221863,0.6517124474048615
6.071999999999553,-0.14237145574330334,-0.015710057463491592,-0.14242904255060504,0.28828933785001826,0.0,0.35282058795658533,0.45688023581192827,0.3213469655812106,1.1325015057967667,0.34072275891323656,0.0,4.301002949476242,49.34561610221863,0.6517124474048615
6.081999999999552,-0.14250659521432676,-0.01204872960896804,-0.14263108604464092,0.28804190017238074,0.0,0.3525731502789478,0.45693537636200493,0.32150787759975064,1.1322698731720546,0.340722243158246,0.0,4.301002949476242,49.34561610221863,0.6517124474048615
6.091999999999551,-0.14260807942784004,-0.009033080743830763,-0.14281709273297402,0.28826902255796544,0.0,0.3528002726645325,0.45699103193344714,0.321850511846004,1.132927745502951,0.3407217276487472,0.0,4.301002949476242,49.34561610221863,0.6517124474048615
6.10199999999955,-0.14268491870908664,-0.006712878782197916,-0.14299047719012933,0.2879552616012043,0.0,0.3524865117077714,0.45704714995805695,0.3221903555215057,1.1328223843611411,0.34072121217903983,0.0,4.3418735563755035,49.37734663486481,0.6566543579101562
6.111999999999549,-0.14273340542369442,-0.0036767224590545863,-0.14313055703220992,0.2872388840062366,0.0,0.35177013411280367,0.4571036759325121,0.3224996433646594,1.132231287182166,0.34072069766129126,0.0,4.3418735563755035,49.37734663486481,0.6566543579101562
6.121999999999548,-0.14275688377605217,-0.001330513064206262,-0.14325599092822353,0.286763157526086,0.0,0.35129440763265307,0.45716055334679595,0.32280915629612655,1.1320120437081083,0.3407201834964982,0.0,4.3418735563755035,49.37734663486481,0.6566543579101562
6.131999999999547,-0.14275362602454528,0.0012462596510527148,-0.14335466697337768,0.28667189061350223,0.0,0.3512031407200693,0.45721772415855255,0.32303068151759856,1.1322947728352446,0.34071967036445433,0.0,4.3418735563755035,49.37734663486481,0.6566543579101562
6.141999999999546,-0.14273506572844416,0.002323164859159999,-0.14344989085381188,0.2862537649922016,0.0,0.3507850150987687,0.45727512910286916,0.32349877600476645,1.1323749387769286,0.34071915712386835,0.0,4.3418735563755035,49.37734663486481,0.6566543579101562
6.1519999999995445,-0.14270760068083505,0.0032182040510112583,-0.14352931913652348,0.28566511005793355,0.0,0.3501963601645006,0.4573327095745001,0.32384567407137804,1.132225510979111,0.34071864437880695,0.0,4.3902634382247925,49.401264786720276,0.6607010960578918
6.161999999999543,-0.14266323967276026,0.005255145969174048,-0.1435718514823412,0.2846561178577396,0.0,0.34918736796430666,0.45739040878551757,0.3241000113224564,1.1313922096520572,0.3407181331451818,0.0,4.3902634382247925,49.401264786720276,0.6607010960578918
6.171999999999542,-0.1425992805039414,0.00678840167010991,-0.14359467086166872,0.2846544541435108,0.0,0.3491857042500779,0.45744817051702136,0.32437215718945994,1.1320063395130968,0.3407176228311504,0.0,4.3902634382247925,49.401264786720276,0.6607010960578918
6.181999999999541,-0.1425312261799612,0.006922181471692192,-0.14361483939487454,0.28394145222095307,0.0,0.34847270232752015,0.4575059388750678,0.32487507529310755,1.1318929844955457,0.3407171125829993,0.0,4.3902634382247925,49.401264786720276,0.6607010960578918
6.19199999999954,-0.14245459582226921,0.008090166995638765,-0.1436034846751805,0.2831364004864782,0.0,0.3476676505930453,0.4575636604990983,0.32546357413840515,1.1317669663853005,0.3407166039333266,0.0,4.3902634382247925,49.401264786720276,0.6607010960578918
6.201999999999539,-0.1423718745667052,0.008301052506136213,-0.1435823952299444,0.28277442497185623,0.0,0.3473056750784233,0.4576212842118467,0.32609419106628873,1.1323648150398598,0.3407160958240023,0.0,4.44904226064682,49.40670609474182,0.6634648859500885
6.211999999999538,-0.1422817214235586,0.009732514801076043,-0.1435275732553458,0.2810624581539276,0.0,0.3455937082604947,0.45767876114481026,0.3264161257234283,1.1308495069647493,0.34071558953602077,0.0,4.44904226064682,49.40670609474182,0.6634648859500885
6.221999999999537,-0.1421709471652727,0.011723273324997776,-0.1434389589272544,0.28021968908305445,0.0,0.3447509391896215,0.45773604416555547,0.326769678118348,1.1305008764179574,0.34071508521261124,0.0,4.44904226064682,49.40670609474182,0.6634648859500885
6.231999999999536,-0.14204859315360463,0.012572035501600765,-0.1433393382611666,0.2794855604875923,0.0,0.3440168105941594,0.45779308598176155,0.3269534901528288,1.1302359130708135,0.3407145817273822,0.0,4.44904226064682,49.40670609474182,0.6634648859500885
6.241999999999535,-0.1419201196689949,0.012787951153606612,-0.14322652229396632,0.2791245333336851,0.0,0.34365578344025216,0.45784984032678155,0.32690960797546625,1.130286756370229,0.34071407923719865,0.0,4.44904226064682,49.40670609474182,0.6634648859500885
6.2519999999995335,-0.14179603818944814,0.012167752829329685,-0.143109229722051,0.27844878267340417,0.0,0.34298003277997124,0.45790626331848927,0.3268259837815631,1.1297932776964086,0.340713577356716,0.0,4.506330370903015,49.3871545791626,0.6667828023433685
6.261999999999532,-0.14168531090472145,0.010308516259794351,-0.1429985811886713,0.278422915630761,0.0,0.34295416573732806,0.4579623151416062,0.32675676567916023,1.130192323470465,0.34071307565276365,0.0,4.506330370903015,49.3871545791626,0.6667828023433685
6.271999999999531,-0.1415963449590222,0.007806059835763907,-0.14289143425650755,0.27845085450800644,0.0,0.3429821046145735,0.4580179616073544,0.32679119101696696,1.1307607677494118,0.3407125740830255,0.0,4.506330370903015,49.3871545791626,0.6667828023433685
6.28199999999953,-0.14153012182479074,0.005874157053174182,-0.14277670686512947,0.27773892890248214,0.0,0.3422701790090492,0.4580731754036629,0.32714567641501036,1.1305126714571665,0.3407120732268683,0.0,4.506330370903015,49.3871545791626,0.6667828023433685
6.291999999999529,-0.14148015855106616,0.004619199891752216,-0.1426511012915913,0.27703193497189926,0.0,0.34156318507846634,0.4581279357947286,0.3277867497903392,1.1306064315498787,0.3407115732842452,0.0,4.506330370903015,49.3871545791626,0.6667828023433685
6.301999999999528,-0.14143392196645732,0.004748719483825114,-0.14250282693617172,0.2759162696145495,0.0,0.3404475197211166,0.45818222690779226,0.3284020933649555,1.1301258101218554,0.34071107499255643,0.0,4.518342345952988,49.35000419616699,0.6674446165561676
6.311999999999527,-0.14139119339858067,0.0038330548851313404,-0.14236089917108677,0.2758642732620878,0.0,0.34039552336865486,0.458236035307495,0.32873479834505664,1.1307857870525746,0.34071057705626195,0.0,4.518342345952988,49.35000419616699,0.6674446165561676
6.321999999999526,-0.14135978478111105,0.002832571428943364,-0.14221837908081764,0.2752940522110098,0.0,0.33982530231757685,0.4582893497725602,0.3292048378048027,1.1307551409330063,0.34071007955686383,0.0,4.518342345952988,49.35000419616699,0.6674446165561676
6.331999999999525,-0.14132793510227684,0.003612387038028639,-0.1420514830217941,0.27407673944702937,0.0,0.33860798955359644,0.4583421621850837,0.3298751687187736,1.13003543349878,0.34070958378243343,0.0,4.518342345952988,49.35000419616699,0.6674446165561676
6.341999999999524,-0.14128810170699416,0.004051231806131506,-0.14188012248779022,0.27399146663029483,0.0,0.3385227167368619,0.45839446542988305,0.33047121662644996,1.1307505367711501,0.34070908873869327,0.0,4.518342345952988,49.35000419616699,0.6674446165561676
6.3519999999995225,-0.14124875341983237,0.0038009649881915516,-0.14171531314035224,0.2740963675919626,0.0,0.33862761769852967,0.4584462521325277,0.3310884641069984,1.1317523287303075,0.3407085939154563,0.0,4.506527364253998,49.299185276031494,0.6694658160209656
6.361999999999521,-0.1412211352193221,0.0020429353185795907,-0.14157606380294224,0.2742853583038772,0.0,0.33881660841044425,0.45849751601201205,0.3317448043416152,1.1328051493485574,0.34070809851035,0.0,4.506527364253998,49.299185276031494,0.6694658160209656
6.37199999999952,-0.14121113329859922,0.0003565018306267171,-0.141447277211955,0.27432508329848354,0.0,0.3388563334050506,0.4585482538844148,0.3322508767666023,1.1335259676410638,0.34070760294208324,0.0,4.506527364253998,49.299185276031494,0.6694658160209656
6.381999999999519,-0.1412109540459209,0.00013412824848187122,-0.1413120435339592,0.27356144211261185,0.0,0.3380926922191789,0.4585984665720186,0.3327107884527996,1.1330029039035203,0.3407071080852651,0.0,4.506527364253998,49.299185276031494,0.6694658160209656
6.391999999999518,-0.14120416416401393,0.0011373079439195091,-0.14116573269744703,0.27299350702741276,0.0,0.33752475713397984,0.4586481570588133,0.3329238566085021,1.132502329521412,0.34070661421853193,0.0,4.506527364253998,49.299185276031494,0.6694658160209656
6.401999999999517,-0.14119346355861997,0.0008610689796492536,-0.14103819294756553,0.27361909641093984,0.0,0.3381503465175069,0.45869732765773674,0.33276744648935064,1.133241094116615,0.3407061198328763,0.0,4.464661210775375,49.25415635108948,0.6695566892623901
6.411999999999516,-0.14118388470009646,0.000979988886522492,-0.14091823441645523,0.27361975453206633,0.0,0.3381510046386334,0.4587459803278731,0.3326826510119649,1.1330778231926497,0.3407056256530357,0.0,4.464661210775375,49.25415635108948,0.6695566892623901
6.421999999999515,-0.14116829636382486,0.0023438687008674533,-0.14079154061260823,0.2724603378502441,0.0,0.33699158795681117,0.45879411747014026,0.332830984516055,1.1314741697914688,0.3407051321685502,0.0,4.464661210775375,49.25415635108948,0.6695566892623901
6.431999999999514,-0.14112970825385573,0.005063390401934334,-0.14064881243548885,0.2718258082777465,0.0,0.33635705838431357,0.4588417403907943,0.3332453652605679,1.1307812145761922,0.3407046399071521,0.0,4.464661210775375,49.25415635108948,0.6695566892623901
6.441999999999513,-0.14106627502066432,0.007096976414235762,-0.14051120252191224,0.2720400758917797,0.0,0.33657132599834677,0.4588888465851436,0.33386593555873756,1.1315583185284979,0.3407041477904095,0.0,4.464661210775375,49.25415635108948,0.6695566892623901
6.4519999999995115,-0.14098227408299976,0.009436006635118706,-0.14037189477617662,0.2713504771268186,0.0,0.33588172723338566,0.45893542952337035,0.33460029416017323,1.131107977912492,0.3407036562213357,0.0,4.4451828598976135,49.210445284843445,0.6716004192829133
6.46199999999951,-0.1408680089456796,0.013104450334712556,-0.1402171567160453,0.27002190401618925,0.0,0.3345531541227563,0.45898147937149447,0.3354738445955265,1.129970375011017,0.3407031661291411,0.0,4.4451828598976135,49.210445284843445,0.6716004192829133
6.471999999999509,-0.1407142447167845,0.016883040602111606,-0.14005150351806486,0.2696431014402753,0.0,0.3341743515468424,0.4590269815317816,0.33633006323228726,1.1301582752286046,0.3407026770690023,0.0,4.4451828598976135,49.210445284843445,0.6716004192829133
6.481999999999508,-0.14052073594215633,0.02081909549814069,-0.13987371111397537,0.26908730882882614,0.0,0.3336185589353932,0.4590719153997771,0.33716929394440986,1.1301049578073128,0.34070218913340783,0.0,4.4451828598976135,49.210445284843445,0.6716004192829133
6.491999999999507,-0.14029423678860992,0.02356148481406006,-0.13970061020169772,0.2693082048244417,0.0,0.33383945493100875,0.4591162547169942,0.3379918737831697,1.131154806895612,0.34070170146375894,0.0,4.4451828598976135,49.210445284843445,0.6716004192829133
6.501999999999506,-0.14004659940649702,0.025587075285506654,-0.13953232097040313,0.2687430121272842,0.0,0.33327426223385126,0.4591599692581748,0.33879813311252943,1.1311249299278352,0.34070121403335024,0.0,4.47362619638443,49.21580970287323,0.6761657774448395
6.511999999999505,-0.13977962830917576,0.027293638138038787,-0.13936409581481743,0.26841817691664727,0.0,0.33294942702321434,0.4592030270811542,0.33958839574181987,1.1314582039586893,0.3407007270968765,0.0,4.47362619638443,49.21580970287323,0.6761657774448395
6.521999999999504,-0.1394988438072188,0.028702114426107934,-0.13919677205969874,0.26784869891859864,0.0,0.3323799490251657,0.45924539540116177,0.34036297905578794,1.1314795303556888,0.34070024059165593,0.0,4.47362619638443,49.21580970287323,0.6761657774448395
6.531999999999503,-0.13919785542626462,0.03111751999501384,-0.13901131440428804,0.2669575226766402,0.0,0.33148877278320726,0.4592870413851167,0.3410984942146947,1.131086346693127,0.34069975553604526,0.0,4.47362619638443,49.21580970287323,0.6761657774448395
6.5419999999995015,-0.1388721152518056,0.0333938749743387,-0.1388151791365176,0.2665161986809904,0.0,0.3310474487875575,0.45932793120044463,0.3417825690406199,1.13128133337134,0.3406992715893167,0.0,4.47362619638443,49.21580970287323,0.6761657774448395
6.5519999999995004,-0.1385273027839242,0.035246043486745954,-0.1386120613137049,0.26562958923070407,0.0,0.33016083933727114,0.4593680293878248,0.34251361855487505,1.1309840140806497,0.34069878855595076,0.0,4.527516394853592,49.24467921257019,0.679756897687912
6.561999999999499,-0.1381656753401623,0.03665651717316533,-0.138400533285003,0.26507008495019885,0.0,0.3296013350567659,0.4594072998110602,0.34323016357983077,1.1311917702407763,0.3406983064803956,0.0,4.527516394853592,49.24467921257019,0.679756897687912
6.571999999999498,-0.13780052555766104,0.03635430194734207,-0.13819970993769912,0.26505284061771467,0.0,0.32958409072428174,0.4594457065030162,0.34393249189381897,1.1322039163375655,0.34069782443561614,0.0,4.527516394853592,49.24467921257019,0.679756897687912
6.581999999999497,-0.13743856911908686,0.03628475373863307,-0.13799092869978785,0.2640755616250589,0.0,0.328606811731626,0.4594832159495557,0.34462088556546583,1.1319125837283208,0.3406973433939565,0.0,4.527516394853592,49.24467921257019,0.679756897687912
6.591999999999496,-0.1370721421528873,0.03664535064988313,-0.13776605242372944,0.26342864062363097,0.0,0.32795989073019804,0.4595197980683258,0.345243372234401,1.132108701771764,0.34069686383153996,0.0,4.527516394853592,49.24467921257019,0.679756897687912
6.601999999999495,-0.13670460312633737,0.03670298291353312,-0.13753248770953438,0.2626409078933223,0.0,0.32717215799988936,0.4595554250759149,0.34548787535420983,1.1317919269075096,0.34069638536329566,0.0,4.5906722843647,49.27914202213287,0.6820428729057312
6.611999999999494,-0.13634085723283698,0.036211742048724085,-0.13729323151263978,0.2617919419581561,0.0,0.32632319206472316,0.4595900717622908,0.3457679262695753,1.1313765758824477,0.3406959077937316,0.0,4.5906722843647,49.27914202213287,0.6820428729057312
6.621999999999493,-0.13598442633730123,0.03536443718114715,-0.13704780902914296,0.2610181246224515,0.0,0.32554937472901857,0.45962371623374315,0.3460657860720558,1.1312350353535887,0.3406954312511936,0.0,4.5906722843647,49.27914202213287,0.6820428729057312
6.631999999999492,-0.13564217252478325,0.03341192034310783,-0.13680652920233388,0.2609034172435017,0.0,0.32543466735006876,0.4596563404790862,0.3458910640327018,1.131593813898011,0.3406949551928132,0.0,4.5906722843647,49.27914202213287,0.6820428729057312
6.6419999999994905,-0.13532795333683667,0.029812701647569842,-0.136581604909971,0.2613372676556201,0.0,0.32586851776218717,0.45968793152172166,0.3454789566257368,1.132395392687397,0.340694478939045,0.0,4.5906722843647,49.27914202213287,0.6820428729057312
6.651999999999489,-0.13505091941868516,0.026233790020071784,-0.13636042735571546,0.2607085527770171,0.0,0.3252398028835842,0.4597184836609181,0.34539333083816537,1.1319771920767718,0.34069400312613674,0.0,4.634812951087952,49.29208278656006,0.6830856621265411
6.661999999999488,-0.1348065682976225,0.023350771271592706,-0.1361337888831791,0.2599389314799437,0.0,0.32447018158651075,0.45974799958883356,0.3452719123645227,1.1314621040054307,0.3406935282575122,0.0,4.634812951087952,49.29208278656006,0.6830856621265411
6.671999999999487,-0.13459250969376318,0.019882159055686736,-0.13591390572389725,0.2602322740994465,0.0,0.32476352420601357,0.45977648913762165,0.34478414975798716,1.1320289234326817,0.340693053675435,0.0,4.634812951087952,49.29208278656006,0.6830856621265411
6.681999999999486,-0.13441195323493843,0.01667026657754464,-0.13569477943483785,0.25986212393175484,0.0,0.3243933740383219,0.4598039684694924,0.34426668097754154,1.1315740470172773,0.3406925796838856,0.0,4.634812951087952,49.29208278656006,0.6830856621265411
6.691999999999485,-0.13426862111156765,0.01276219075440981,-0.13548939981631428,0.25978908255044936,0.0,0.32432033265701643,0.45983046014675016,0.34375198978728005,1.1315066806805676,0.3406921055614142,0.0,4.634812951087952,49.29208278656006,0.6830856621265411
6.701999999999484,-0.1341658640049331,0.008493983436534507,-0.13529839687960588,0.26011730926851956,0.0,0.32464855937508663,0.4598559933254086,0.3433424686076443,1.1320247979876612,0.3406916312965535,0.0,4.631381809711456,49.25458371639252,0.6821112573146819
6.711999999999483,-0.13411069765043468,0.0036565597243110558,-0.13513147642461132,0.2603893441143491,0.0,0.3249205942209162,0.4598806041168255,0.34292138800139854,1.1323871955965945,0.3406911564767534,0.0,4.631381809711456,49.25458371639252,0.6821112573146819
6.721999999999482,-0.13410037918731893,-0.0005613775455983513,-0.13497475028064618,0.26040482480757504,0.0,0.3249360749141421,0.45990433611633724,0.3427089529071059,1.132549217594274,0.34069068157300736,0.0,4.631381809711456,49.25458371639252,0.6821112573146819
6.731999999999481,-0.13413121579960424,-0.004484344573519369,-0.13483221260393433,0.260481808685102,0.0,0.3250130587916691,0.45992723954789066,0.3425492918700712,1.1327219953820649,0.34069020633379044,0.0,4.631381809711456,49.25458371639252,0.6821112573146819
6.7419999999994795,-0.13418872853473218,-0.006470290613504355,-0.13468229151106798,0.25992995363708515,0.0,0.3244612037436522,0.45994936979199946,0.34262738217414934,1.1321565681662553,0.3406897319147983,0.0,4.631381809711456,49.25458371639252,0.6821112573146819
6.751999999999478,-0.13425748409076255,-0.00689717325206402,-0.13452498679523311,0.2588909771098818,0.0,0.32342222721644887,0.45997078445121,0.34267138221585475,1.1308733174811634,0.3406892584486103,0.0,4.573583334684372,49.168352484703064,0.6791459441184997
6.761999999999477,-0.1343283159850972,-0.007261148133627486,-0.134377524562697,0.25901191295727355,0.0,0.3235431630638406,0.4599915401371238,0.34255825474745627,1.1309578411412935,0.340688785359844,0.0,4.573583334684372,49.168352484703064,0.6791459441184997
6.771999999999476,-0.13440677880898472,-0.008218984186433246,-0.13424742085697988,0.25938933301919276,0.0,0.32392058312575983,0.4600116909532618,0.3426171377812964,1.131467670042466,0.3406883117465965,0.0,4.573583334684372,49.168352484703064,0.6791459441184997
6.781999999999475,-0.1344901718023737,-0.008178189753609054,-0.13411960551200022,0.25897415181112965,0.0,0.3235054019176967,0.4600312892743524,0.3425238427533013,1.1307107719223595,0.3406878383775737,0.0,4.573583334684372,49.168352484703064,0.6791459441184997
6.791999999999474,-0.13456986232090992,-0.0076009042818277715,-0.13399680304566586,0.2588886656474681,0.0,0.32341991575403517,0.46005038531755027,0.34219692636038856,1.1300962859809944,0.3406873651023291,0.0,4.573583334684372,49.168352484703064,0.6791459441184997
6.801999999999473,-0.1346393001294788,-0.006719884785685772,-0.1338815584069436,0.2594796089491766,0.0,0.32401085905574367,0.4600690256493712,0.3416922606619151,1.1301946020725664,0.3406868918949232,0.0,4.502121537923813,49.08289909362793,0.67810098528862
6.811999999999472,-0.13471471815748176,-0.008545520902434245,-0.1338196579045316,0.26129074323336793,0.0,0.325821993339935,0.4600872525451608,0.3411386890796707,1.1317944748058786,0.3406864166103288,0.0,4.502121537923813,49.08289909362793,0.67810098528862
6.821999999999471,-0.13481518954774407,-0.010743401544473577,-0.1337935601615506,0.2617206500471955,0.0,0.3262519001537626,0.46010510709932634,0.34087542221944295,1.1316755978506503,0.3406859395634947,0.0,4.502121537923813,49.08289909362793,0.67810098528862
6.83199999999947,-0.13493052631302974,-0.011802446351595,-0.13378341147356318,0.2622437292533449,0.0,0.32677497935991195,0.4601226323135973,0.34073108376589023,1.1318317434191743,0.3406854617331752,0.0,4.502121537923813,49.08289909362793,0.67810098528862
6.8419999999994685,-0.13504913100669522,-0.011979374289277592,-0.1337867954302974,0.26325493874355194,0.0,0.327786188850119,0.46013987146848684,0.3405029220568964,1.1325699940013767,0.34068498320924223,0.0,4.502121537923813,49.08289909362793,0.67810098528862
6.851999999999467,-0.1351655886074248,-0.01135376297897988,-0.13380304665459491,0.2633900468158868,0.0,0.32792129692245386,0.46015686598312616,0.34014668034240386,1.1318738413969585,0.3406845040252505,0.0,4.416837126016617,49.05717849731445,0.677088862657547
6.861999999999466,-0.13527316488936603,-0.010355876897474858,-0.13383514683781922,0.26413055135249164,0.0,0.3286618014590587,0.46017365424151685,0.3397300494357022,1.1319407311380352,0.34068402413033944,0.0,4.416837126016617,49.05717849731445,0.677088862657547
6.871999999999465,-0.13536869101465387,-0.008741890153512143,-0.13387702318818795,0.26399855430115005,0.0,0.3285298044077171,0.4601902705882802,0.3392110020232742,1.1306953374568216,0.3406835436213167,0.0,4.416837126016617,49.05717849731445,0.677088862657547
6.881999999999464,-0.1354459826108477,-0.007217952502874651,-0.1339325351188019,0.2651765599251046,0.0,0.32970781003167166,0.46020674473007167,0.338749619734455,1.1312681628318306,0.340683062280438,0.0,4.416837126016617,49.05717849731445,0.677088862657547
6.891999999999463,-0.13551382245529958,-0.006334492580601075,-0.13401167096143116,0.26574289654781147,0.0,0.33027414665437854,0.4602231013058655,0.3382656406141183,1.1310304753741283,0.3406825795273863,0.0,4.416837126016617,49.05717849731445,0.677088862657547
6.901999999999462,-0.1355676841563055,-0.004739914742516241,-0.1340966715594639,0.2661456417057873,0.0,0.3306768918123544,0.46023936125379933,0.3376070393955989,1.130429389583272,0.34068209623182605,0.0,4.377796977758408,49.06684875488281,0.6764375627040863
6.911999999999461,-0.13560554013439646,-0.0030770022264945806,-0.13419166487184647,0.26682177019745346,0.0,0.33135302030402053,0.46025554159588933,0.33682873690073856,1.1300528871341233,0.3406816121379723,0.0,4.377796977758408,49.06684875488281,0.6764375627040863
6.92199999999946,-0.13563218192667498,-0.0025469478928100055,-0.13431064942533458,0.2681046028311813,0.0,0.3326358529377484,0.46027165523394326,0.33592095507752723,1.130475436783765,0.34068112652111054,0.0,4.377796977758408,49.06684875488281,0.6764375627040863
6.931999999999459,-0.1356552192014725,-0.001953540553452978,-0.1344431823495121,0.2683445776569343,0.0,0.3328758277635014,0.4602877121761923,0.3348090459656658,1.1292852696803173,0.3406806398463501,0.0,4.377796977758408,49.06684875488281,0.6764375627040863
6.9419999999994575,-0.1356698859785368,-0.001359118630398946,-0.13458510343350122,0.26931952572454093,0.0,0.333850775831108,0.46030372081275944,0.3336721620958215,1.1290449021453834,0.3406801523072032,0.0,4.377796977758408,49.06684875488281,0.6764375627040863
6.951999999999456,-0.1356785455046765,-0.000243026354460529,-0.13472883443544378,0.26913732952987873,0.0,0.3336685796364458,0.4603196876294668,0.3330307773045547,1.1276671698274847,0.34067966416521556,0.0,4.390931159257889,49.12067711353302,0.6749435365200043
6.961999999999455,-0.13566803530174554,0.0018014678437156505,-0.1348574501573372,0.26944677564665387,0.0,0.33397802575322094,0.460335617174529,0.33257317627375144,1.1273635184495836,0.3406791760538837,0.0,4.390931159257889,49.12067711353302,0.6749435365200043
6.971999999999454,-0.1356484373952972,0.001942066586147189,-0.1350079528415332,0.27049080811180903,0.0,0.3350220582183761,0.46035151045415623,0.3321306484582782,1.1281192338912014,0.3406786864261419,0.0,4.390931159257889,49.12067711353302,0.6749435365200043
6.981999999999453,-0.13562726076915094,0.0021620177254088116,-0.13516087693966236,0.2709103490488189,0.0,0.33544159915538596,0.4603673665784016,0.33167495291307464,1.1280769053994173,0.3406781962371648,0.0,4.390931159257889,49.12067711353302,0.6749435365200043
6.991999999999452,-0.13560862329849332,0.0014945240508763662,-0.13532599962088118,0.27171123484579535,0.0,0.3362424849523624,0.46038318442953446,0.3312793470472528,1.1286502769857383,0.34067770497081434,0.0,4.390931159257889,49.12067711353302,0.6749435365200043
7.001999999999451,-0.13559795392122306,0.0009003077026514122,-0.13549176026582538,0.27194723402971255,0.0,0.3364784841362796,0.46039896353781445,0.33100615949064394,1.1285779688453013,0.34067721303158643,0.0,4.428538262844086,49.21136438846588,0.6740818262100219
7.01199999999945,-0.13558479797164258,0.0015596917914617245,-0.1356324060099034,0.27186139687722294,0.0,0.33639264698379,0.4604147047503491,0.33085506394291614,1.128303108431194,0.340676721313646,0.0,4.428538262844086,49.21136438846588,0.6740818262100219
7.021999999999449,-0.13557025054045158,0.001158024851889445,-0.13577794328401296,0.27254744391075764,0.0,0.3370786940173247,0.46043040862784107,0.3302373055003422,1.128830209573085,0.34067622893656213,0.0,4.428538262844086,49.21136438846588,0.6740818262100219
7.031999999999448,-0.13556913175564997,-0.000649678400579121,-0.13593802435593327,0.27320404848203245,0.0,0.3377352985885995,0.46044607568602136,0.3295416863752292,1.1291241465300597,0.340675735368862,0.0,4.428538262844086,49.21136438846588,0.6740818262100219
7.0419999999994465,-0.13558930790402976,-0.0028762448685216904,-0.13610471170089652,0.2736494066423222,0.0,0.33818065674888925,0.46046170893235217,0.3287394569339351,1.1291542554350644,0.34067524098852203,0.0,4.428538262844086,49.21136438846588,0.6740818262100219
7.051999999999445,-0.13562996620399084,-0.004675612732454176,-0.13626594839877068,0.2738309221165442,0.0,0.33836217222311127,0.4604773152230107,0.3277048211504165,1.1285022266774822,0.3406747463094128,0.0,4.461322158575058,49.26876902580261,0.6718317329883575
7.061999999999444,-0.13568542588564922,-0.006130146767651225,-0.13641493237725746,0.2740171524640542,0.0,0.3385484025706213,0.460492904848388,0.3269418246069672,1.1281789590043254,0.34067425140751556,0.0,4.461322158575058,49.26876902580261,0.6718317329883575
7.071999999999443,-0.13576098413564516,-0.008541185628421636,-0.13657210398188296,0.27462514431976004,0.0,0.3391563944263271,0.4605084904970374,0.3264155582650631,1.1287123274106188,0.340673755641555,0.0,4.461322158575058,49.26876902580261,0.6718317329883575
7.081999999999442,-0.1358601013675805,-0.010698596638456697,-0.1367262074272851,0.27472283672240705,0.0,0.3392540868289741,0.46052408789566796,0.32580293044209385,1.1284888567634748,0.34067325958279676,0.0,4.461322158575058,49.26876902580261,0.6718317329883575
7.091999999999441,-0.13597564923838196,-0.012058448083634554,-0.13686754631891163,0.2745945270991733,0.0,0.3391257772057404,0.4605397161135427,0.32520408753481955,1.1279249812607737,0.3406727637607823,0.0,4.461322158575058,49.26876902580261,0.6718317329883575
7.10199999999944,-0.13611091356151456,-0.014507239134003156,-0.13701749496498272,0.2753916625187527,0.0,0.33992291262531976,0.46055539628027486,0.3246035786472168,1.1287168821510825,0.3406722670462799,0.0,4.466625332832336,49.28544342517853,0.6682328522205352
7.111999999999439,-0.13626855742108507,-0.016610164597818035,-0.13716206941346892,0.27547549154057915,0.0,0.3400067416471462,0.4605711518429852,0.32406066553335916,1.128458220959562,0.3406717700724953,0.0,4.466625332832336,49.28544342517853,0.6682328522205352
7.121999999999438,-0.13645031032912044,-0.01932284949863897,-0.1373143008005146,0.27617560139061254,0.0,0.3407068514971796,0.4605870089560356,0.3239677324567461,1.1294514365268902,0.3406712722761002,0.0,4.466625332832336,49.28544342517853,0.6682328522205352
7.131999999999437,-0.1366534924715971,-0.02078736785947658,-0.1374544288311911,0.27580966317120464,0.0,0.3403409132777717,0.4606029965791937,0.3238365490589912,1.1290220714730679,0.34067077467995516,0.0,4.466625332832336,49.28544342517853,0.6682328522205352
7.1419999999994355,-0.13687087044535773,-0.022199444012449512,-0.13759238867550902,0.2758169246482674,0.0,0.3403481747548345,0.460619145666048,0.32373012312088123,1.129054945115506,0.34067027679664436,0.0,4.466625332832336,49.28544342517853,0.6682328522205352
7.151999999999434,-0.13709919167653944,-0.023180696812499877,-0.13772452245074945,0.2759598274444646,0.0,0.3404910775510317,0.4606354877163352,0.32385764278906115,1.1294172449829785,0.3406697788708118,0.0,4.436807960271835,49.26513910293579,0.6641728460788727
7.161999999999433,-0.1373359782915991,-0.023888008648007778,-0.13785421369684567,0.276007323267499,0.0,0.34053857337406607,0.4606520541219469,0.3240034319242151,1.129726955249199,0.34066928086004933,0.0,4.436807960271835,49.26513910293579,0.6641728460788727
7.171999999999432,-0.1375753102773834,-0.02397090766018302,-0.13797444971752376,0.2759873219060624,0.0,0.3405185720126295,0.46066887548807656,0.3241637763129836,1.129833051319153,0.340668782979448,0.0,4.436807960271835,49.26513910293579,0.6641728460788727
7.181999999999431,-0.1378141570439288,-0.023967204932310443,-0.1380910803047398,0.27626520236700963,0.0,0.3407964524735767,0.46068598067529526,0.3243956414945459,1.1304308175267097,0.34066828494652296,0.0,4.436807960271835,49.26513910293579,0.6641728460788727
7.19199999999943,-0.13805192157048146,-0.023646312190047248,-0.1382032107579174,0.2762650541270288,0.0,0.34079630423359586,0.4607033963121362,0.32471163531054903,1.1306137538232799,0.3406677868135431,0.0,4.436807960271835,49.26513910293579,0.6641728460788727
7.201999999999429,-0.1382853755381739,-0.023359698128022327,-0.13831527405809174,0.27673724146642276,0.0,0.34126849157298983,0.46072114665473296,0.325445863924994,1.1318825238141863,0.34066728842950755,0.0,4.395245343446732,49.23363208770752,0.6630768179893494
7.211999999999428,-0.13851635233866988,-0.022648093314498168,-0.13842713974941412,0.27616268743372513,0.0,0.3406939375402922,0.46073925333662274,0.32596526153269606,1.1314601134587292,0.34066678996896177,0.0,4.395245343446732,49.23363208770752,0.6630768179893494
7.221999999999427,-0.13872875482965175,-0.020286175607227765,-0.1385157845422789,0.27581306767421726,0.0,0.34034431778078433,0.4607577353012785,0.3265198027258918,1.1313709983582945,0.3406662924100177,0.0,4.395245343446732,49.23363208770752,0.6630768179893494
7.2319999999994256,-0.13891360447126655,-0.017050982299014923,-0.13858589096926027,0.2748824485091164,0.0,0.3394136986156835,0.46077660646766927,0.3270866027189746,1.1304240783272863,0.3406657955652243,0.0,4.395245343446732,49.23363208770752,0.6630768179893494
7.2419999999994245,-0.13906222226674447,-0.013561811498868578,-0.13864038641427076,0.2749160496732562,0.0,0.3394472997798233,0.46079587397901456,0.3277703944452191,1.1308736345157886,0.340665299346653,0.0,4.395245343446732,49.23363208770752,0.6630768179893494
7.251999999999423,-0.13918021744709952,-0.010488835310206108,-0.1386908818897808,0.2745349969920062,0.0,0.33906624709857325,0.46081553742607667,0.32822795532289584,1.1306727414799647,0.34066480323496345,0.0,4.376404315233231,49.199196100234985,0.6652914464473725
7.261999999999422,-0.13926520927546204,-0.007114339836193596,-0.1387308372377113,0.27412417152200863,0.0,0.3386554216285757,0.4608355898908501,0.3286008296666366,1.1301821195130581,0.3406643077625886,0.0,4.376404315233231,49.199196100234985,0.6652914464473725
7.271999999999421,-0.13931714688137647,-0.004026623640885317,-0.13876382248185168,0.27419138499746804,0.0,0.3387226351040351,0.4608560181954828,0.3290677393095336,1.1305435759132396,0.34066381254358075,0.0,4.376404315233231,49.199196100234985,0.6652914464473725
7.28199999999942,-0.13934407231712612,-0.0018069781843412826,-0.13880012800428013,0.2743915407778729,0.0,0.33892279088444,0.4608768034424032,0.3293274602308652,1.1309202033410384,0.34066331705476605,0.0,4.376404315233231,49.199196100234985,0.6652914464473725
7.291999999999419,-0.13934658710315306,0.0008980832941717348,-0.13882519894077125,0.2738696326224913,0.0,0.3384008827290584,0.4608979226673875,0.3293433402250408,1.1300138849309609,0.34066282204643555,0.0,4.376404315233231,49.199196100234985,0.6652914464473725
7.301999999999418,-0.13931969643907602,0.0038416875710667927,-0.13883798565926678,0.27360032069723156,0.0,0.33813157080379863,0.46091934928290224,0.32927166604415337,1.1294135612654912,0.34066232760310183,0.0,4.3930487632751465,49.2039954662323,0.6684691309928894
7.311999999999417,-0.13927247117433847,0.005224390074141678,-0.13886112702664782,0.2739503413334164,0.0,0.33848159143998346,0.4609410527338093,0.3294044568148684,1.129878376047476,0.34066183254865795,0.0,4.3930487632751465,49.2039954662323,0.6684691309928894
7.321999999999416,-0.13921687474349265,0.005713919549798574,-0.13889323130302114,0.2744600786946734,0.0,0.3389913288012405,0.4609630003598089,0.3292880780800133,1.1304707790685184,0.3406613369571181,0.0,4.3930487632751465,49.2039954662323,0.6684691309928894
7.3319999999994145,-0.1391594595036853,0.005779037438430855,-0.13893152019149907,0.27486335805776585,0.0,0.3393946081643329,0.4609851598003513,0.3293014898021744,1.130914209393445,0.3406608409466682,0.0,4.3930487632751465,49.2039954662323,0.6684691309928894
7.341999999999413,-0.1391038626626892,0.005433362259114633,-0.13897637856631972,0.2751142233749097,0.0,0.3396454734814768,0.4610075002730903,0.3292990280544203,1.1312093281897992,0.34066034448108146,0.0,4.3930487632751465,49.2039954662323,0.6684691309928894
7.351999999999412,-0.13905347924386807,0.004845861639063984,-0.1390255709828521,0.2753660370024006,0.0,0.33989728710896766,0.4610299932376756,0.3296914848468308,1.1318913906995234,0.34065984758040996,0.0,4.415584087371826,49.249659180641174,0.6693990588188171
7.361999999999411,-0.1390090668149126,0.004281214189193151,-0.13907282742111388,0.27513099975055244,0.0,0.3396622498571195,0.46105261288790245,0.3303520862214864,1.132151049999821,0.34065935033293604,0.0,4.415584087371826,49.249659180641174,0.6693990588188171
7.37199999999941,-0.13896482026901477,0.00481981116280325,-0.1391059508267876,0.2744588455969152,0.0,0.33899009570348226,0.4610753361293332,0.33130489316686107,1.1322259996735018,0.3406588536901537,0.0,4.415584087371826,49.249659180641174,0.6693990588188171
7.381999999999409,-0.13890229765209094,0.007289886934605137,-0.13910507245611523,0.27360460600554,0.0,0.33813585611210706,0.46109814112331643,0.33224382646276357,1.1320665642025909,0.3406583587484294,0.0,4.415584087371826,49.249659180641174,0.6693990588188171
7.391999999999408,-0.13881102054758562,0.010303214759894465,-0.13907805116813185,0.2728310437484998,0.0,0.3373622938550669,0.46112100403970285,0.3331641307223589,1.1320401335101828,0.34065786519091695,0.0,4.415584087371826,49.249659180641174,0.6693990588188171
7.401999999999407,-0.1386899012541686,0.013406916814723627,-0.1390276828527996,0.2716894294570239,0.0,0.336220679563591,0.4611438971494411,0.33406617555762613,1.1315222599748562,0.34065737291163634,0.0,4.459313333034515,49.2715710401535,0.671619987487793
7.411999999999406,-0.13853494724311718,0.01685232629583316,-0.13894717304572365,0.27067484803239367,0.0,0.33520609813896074,0.46116678865734784,0.33495032324720664,1.1312097645913934,0.34065688226282453,0.0,4.459313333034515,49.2715710401535,0.671619987487793
7.421999999999405,-0.13834643838362387,0.02017271303130018,-0.13884181106906518,0.26951413946358754,0.0,0.3340453895701546,0.4611896424323899,0.3358169288819021,1.1307234281377112,0.3406563931702804,0.0,4.459313333034515,49.2715710401535,0.671619987487793
7.4319999999994035,-0.1381289681777015,0.022423039096722316,-0.13872274236818966,0.26938435666944033,0.0,0.3339156067760074,0.4612124183112692,0.33666634050728605,1.131713086248856,0.340655905119893,0.0,4.459313333034515,49.2715710401535,0.671619987487793
7.441999999999402,-0.13789499978857014,0.023950621152374126,-0.13859183004079514,0.2685799437262283,0.0,0.33311119383279536,0.46123507349971654,0.33749889926348536,1.1317883711903551,0.3406554180390968,0.0,4.459313333034515,49.2715710401535,0.671619987487793
7.451999999999401,-0.13764995099873642,0.025059751423583312,-0.13844753659475337,0.26732927348351726,0.0,0.33186052359008433,0.46125756485995495,0.33831493952218883,1.1312662925098016,0.34065493204009656,0.0,4.528781950473785,49.28965985774994,0.6754982054233551
7.4619999999994,-0.1373878352510583,0.02692920111704053,-0.13827317437279898,0.2660649078178054,0.0,0.33059615792437247,0.4612798498899021,0.3391147890209376,1.1307514111711798,0.3406544480622345,0.0,4.528781950473785,49.28965985774994,0.6754982054233551
7.471999999999399,-0.1371046686380844,0.029148542514626646,-0.13807013402176713,0.2646558724360145,0.0,0.3291871225425816,0.46130188591868687,0.3398987689947505,1.1300602890377802,0.3406539661392013,0.0,4.528781950473785,49.28965985774994,0.6754982054233551
7.481999999999398,-0.13679898671568777,0.03161283346834716,-0.13783781953647628,0.26298891272117014,0.0,0.3275201628277372,0.46132362936126786,0.3406671943051384,1.1290336427965724,0.34065348638153614,0.0,4.528781950473785,49.28965985774994,0.6754982054233551
7.491999999999397,-0.13646748425843036,0.03429421356446909,-0.1375739430032521,0.2612257713651161,0.0,0.3257570214716832,0.46134503538621147,0.34142037356655885,1.1278977303787547,0.34065300900098416,0.0,4.528781950473785,49.28965985774994,0.6754982054233551
7.501999999999396,-0.13611511292711748,0.03577089054037849,-0.1372960429781103,0.2603270454351551,0.0,0.3248582955417222,0.4613660575857194,0.3421586092703613,1.1279957140867172,0.34065253322303224,0.0,4.607553660869598,49.274346232414246,0.6795766115188598
7.511999999999395,-0.13574782342330594,0.03756856849724795,-0.1369935688141082,0.2583379438840003,0.0,0.32286919399056735,0.46138664904817744,0.3428821979062736,1.126586800326833,0.3406520598939409,0.0,4.607553660869598,49.274346232414246,0.6795766115188598
7.521999999999394,-0.13536815288815696,0.03776643299385481,-0.13668361342085725,0.25850011111456067,0.0,0.32303136122112774,0.4614067633939577,0.34359143008147824,1.1282071725258405,0.34065158786238825,0.0,4.607553660869598,49.274346232414246,0.6795766115188598
7.5319999999993925,-0.13500386047423923,0.03535301301436532,-0.13639096015061566,0.25832016161917903,0.0,0.3228514117257461,0.4614263559322745,0.34428659063732525,1.12935394254824,0.3406511157696344,0.0,4.607553660869598,49.274346232414246,0.6795766115188598
7.541999999999391,-0.13466349411202935,0.03330602774557655,-0.1360894789669975,0.2569320926176475,0.0,0.32146334272421456,0.46144538811407965,0.3449679587637306,1.1288015364299393,0.3406506449993932,0.0,4.607553660869598,49.274346232414246,0.6795766115188598
7.55199999999939,-0.13434025147215217,0.03153490843122754,-0.13577732156658648,0.2561794132886136,0.0,0.3207106633951807,0.4614638288772,0.34563580811130395,1.129123273890678,0.3406501757497641,0.0,4.662497818470001,49.262515902519226,0.6829072535037994
7.561999999999389,-0.13403723743428578,0.029397267773839143,-0.13546520232540415,0.255622626793352,0.0,0.3201538768999191,0.46148165336784336,0.34629040690125196,1.1296952229343145,0.3406497076322697,0.0,4.662497818470001,49.262515902519226,0.6829072535037994
7.571999999999388,-0.13376012923681313,0.026662188176213755,-0.13515672166855813,0.2547853673249975,0.0,0.3193166174315646,0.46149884295106114,0.34693201803310136,1.1298403002990383,0.34064924020954596,0.0,4.662497818470001,49.262515902519226,0.6829072535037994
7.581999999999387,-0.13350771826166052,0.02438559083924887,-0.1348417054628984,0.25395307747260076,0.0,0.31848432757916784,0.46151538573502215,0.34756089919028443,1.1299482656638604,0.34064877403880733,0.0,4.662497818470001,49.262515902519226,0.6829072535037994
7.591999999999386,-0.13327484884827998,0.022858746024905646,-0.13451600702995034,0.2526583538893686,0.0,0.31718960399593565,0.46153127601745353,0.34817730294362936,1.1293573407417958,0.3406483093659587,0.0,4.662497818470001,49.262515902519226,0.6829072535037994
7.601999999999385,-0.13304739288123854,0.022608381908472645,-0.13416969723488553,0.251468466257838,0.0,0.31599971636440505,0.4615465126598529,0.3487814768527979,1.1288585356887841,0.3406478468844443,0.0,4.665375977754593,49.201229214668274,0.6842789053916931
7.611999999999384,-0.13282166061835743,0.022444858580592843,-0.13381807770306,0.250368567613051,0.0,0.31489981771961806,0.46156109648499405,0.34937366356571004,1.128429709821131,0.340647386089897,0.0,4.665375977754593,49.201229214668274,0.6842789053916931
7.621999999999383,-0.13260159035203023,0.021599579443032584,-0.13346871694958812,0.2498181667275109,0.0,0.31434941683407797,0.4615750292930782,0.3499541009159958,1.1287109923402825,0.3406469261828935,0.0,4.665375977754593,49.201229214668274,0.6842789053916931
7.6319999999993815,-0.13239504515596753,0.0199393161637361,-0.13312925480095628,0.24970400737661938,0.0,0.3142352574831865,0.46158831456019445,0.3505230220185143,1.129538212011439,0.34064646673032917,0.0,4.665375977754593,49.201229214668274,0.6842789053916931
7.64199999999938,-0.13220464890983302,0.01854148063023999,-0.13279230012245435,0.24895245259652882,0.0,0.3134837027030959,0.4616009586983284,0.351080655362977,1.1294030624871703,0.34064600811142937,0.0,4.665375977754593,49.201229214668274,0.6842789053916931
7.651999999999379,-0.13203038016701457,0.016616824214931443,-0.13246923841878952,0.2489374884343572,0.0,0.3134687385409243,0.46161297134407847,0.3516272249057134,1.130226373355535,0.3406455497955024,0.0,4.644758880138397,49.125866293907166,0.6831743240356445
7.661999999999378,-0.1318725515134291,0.015422319552566444,-0.13215293620092344,0.24790174649140206,0.0,0.31243299659796914,0.4616243652386142,0.35216295015961646,1.1295455210630823,0.34064509243116214,0.0,4.644758880138397,49.125866293907166,0.6831743240356445
7.671999999999377,-0.13172335931391196,0.01454320180548866,-0.13184120230848406,0.24772097173721205,0.0,0.3122522218437791,0.4616351558552978,0.35268804628230316,1.1299883265053303,0.3406446357266519,0.0,4.644758880138397,49.125866293907166,0.6831743240356445
7.681999999999376,-0.13158158696320169,0.013985047207030598,-0.13153555455210544,0.24734950738202138,0.0,0.31188075748858846,0.46164536003622386,0.35320272416252574,1.1300914264145945,0.3406441795782943,0.0,4.644758880138397,49.125866293907166,0.6831743240356445
7.691999999999375,-0.13144528963257857,0.013456453852556897,-0.13124006115249828,0.2471816735821345,0.0,0.31171292368870157,0.46165499544614874,0.35370719050486915,1.1304089083251099,0.340643723744949,0.0,4.644758880138397,49.125866293907166,0.6831743240356445
7.701999999999374,-0.1313103894264558,0.01355247905928834,-0.13094964933322065,0.24663277682868018,0.0,0.31116402693524725,0.46166408009216325,0.35420164791276715,1.1301253781135996,0.340643268586031,0.0,4.623109430074692,49.04743134975433,0.6813020765781402
7.711999999999373,-0.13116906299050984,0.014713851868531844,-0.13066082391371894,0.24560699275174186,0.0,0.31013824285830893,0.46167263150761595,0.35468629496987214,1.1291137182574267,0.3406428145893444,0.0,4.623109430074692,49.04743134975433,0.6813020765781402
7.721999999999372,-0.13101032996624065,0.016563644706231145,-0.13036840067100602,0.24522902290735418,0.0,0.3097602730139213,0.46168066517706463,0.35516132631980996,1.1289585650015064,0.3406423616243993,0.0,4.623109430074692,49.04743134975433,0.6813020765781402
7.7319999999993705,-0.13083826283284894,0.01770262018138853,-0.13009010719435543,0.24515846059535795,0.0,0.309689710701925,0.46168819295763164,0.3556269327443524,1.1291905981581776,0.34064190871624134,0.0,4.623109430074692,49.04743134975433,0.6813020765781402
7.741999999999369,-0.13065293392098123,0.019088309353991646,-0.12981709017153856,0.24487094318327424,0.0,0.3094021932898413,0.461695223648824,0.35608330124003934,1.1290825289426154,0.3406414563160218,0.0,4.623109430074692,49.04743134975433,0.6813020765781402
7.751999999999368,-0.1304529728722315,0.020465442084680173,-0.12955269808666628,0.2448100608889902,0.0,0.3093413109955573,0.4617017633338032,0.3565306150932797,1.1292636643660314,0.34064100430669203,0.0,4.628446131944656,48.99634063243866,0.6819748640060425
7.761999999999367,-0.13024831797207945,0.020536166201265027,-0.1293183002675936,0.24497996060669627,0.0,0.3095112107132634,0.4617078155115485,0.35696905395396306,1.129746448969689,0.34064055171731955,0.0,4.628446131944656,48.99634063243866,0.6819748640060425
7.771999999999366,-0.13003769149298625,0.021265120221456834,-0.12908940297639732,0.24489005058621502,0.0,0.30942130069278206,0.46171338269742046,0.3573987939076103,1.1298502549370713,0.3406400994987193,0.0,4.628446131944656,48.99634063243866,0.6819748640060425
7.781999999999365,-0.12982068418939174,0.02192452610661117,-0.12887287717924178,0.244857391011118,0.0,0.30938864111768505,0.46171846663924915,0.3578200075460933,1.1300260635292063,0.3406396472504937,0.0,4.628446131944656,48.99634063243866,0.6819748640060425
7.791999999999364,-0.1295953612314404,0.022910560213422644,-0.1286630546171654,0.2447440900808132,0.0,0.30927534018738023,0.4617230681267642,0.35823286403695076,1.1300876316338346,0.34063919525070097,0.0,4.628446131944656,48.99634063243866,0.6819748640060425
7.801999999999363,-0.1293544689176028,0.024959916117414313,-0.1284478194497674,0.24386613103462376,0.0,0.30839738114119086,0.46172718663568035,0.3586375291913296,1.129085722383934,0.34063874415610407,0.0,4.645538955926895,48.996546268463135,0.6838616728782654
7.811999999999362,-0.12909705397956875,0.026232915375444227,-0.12824466121375613,0.24388926353402837,0.0,0.3084205136405954,0.461730819168652,0.35903416553057727,1.1293614006878598,0.3406382930442979,0.0,4.645538955926895,48.996546268463135,0.6838616728782654
7.821999999999361,-0.1288294997421061,0.027156953882984072,-0.12805094261031463,0.24365515025532222,0.0,0.30818640036188927,0.4617339602664178,0.35942293235151435,1.1292978340216002,0.3406378419896693,0.0,4.645538955926895,48.996546268463135,0.6838616728782654
7.8319999999993595,-0.128547140431497,0.028735233783861197,-0.12785244567955503,0.24359990640553056,0.0,0.30813115651209766,0.46173660313461257,0.35980398579041045,1.1295119972988865,0.3406373917586686,0.0,4.645538955926895,48.996546268463135,0.6838616728782654
7.841999999999358,-0.12825885646884458,0.029190351883848567,-0.12767035068830487,0.24315850933851207,0.0,0.30768975944507915,0.46173873935426774,0.36017747888569207,1.129216932570496,0.3406369411780857,0.0,4.645538955926895,48.996546268463135,0.6838616728782654
7.851999999999357,-0.12795743266856446,0.030616780682571995,-0.12747724563191135,0.24314646293529174,0.0,0.3076777130418588,0.46174035995092616,0.3605435616394054,1.1295590781162335,0.3406364916989211,0.0,4.681730896234512,49.03204262256622,0.687251478433609
7.861999999999356,-0.12764295285478228,0.032060020182186635,-0.12727990256651034,0.24223518568436153,0.0,0.3067664357909286,0.4617414547248827,0.36090238107746025,1.1286828366839847,0.3406360428606459,0.0,4.681730896234512,49.03204262256622,0.687251478433609
7.871999999999355,-0.12731674253387817,0.03285694595683494,-0.12708543826501204,0.2420608068237482,0.0,0.30659205693031527,0.46174201202806475,0.3612540813086786,1.1288821564206466,0.34063559443138064,0.0,4.681730896234512,49.03204262256622,0.687251478433609
7.881999999999354,-0.12699125057497768,0.0320463427857826,-0.12690819996509242,0.2427546265085812,0.0,0.3072858766151483,0.4617420194197655,0.36159880358267127,1.1303401005061182,0.34063514560105795,0.0,4.681730896234512,49.03204262256622,0.687251478433609
7.891999999999353,-0.1266780460172364,0.030726045178213403,-0.1267411737583644,0.24259714958317832,0.0,0.30712839968974537,0.46174146596807125,0.3619366863465665,1.1306447935550934,0.34063469670472835,0.0,4.681730896234512,49.03204262256622,0.687251478433609
7.901999999999352,-0.1263823953523958,0.02896499003979692,-0.1265837512028382,0.2422631252176633,0.0,0.3067943753242304,0.4617403442932072,0.3622678653006133,1.1307364591202007,0.3406342476695464,0.0,4.715631783008575,49.091750383377075,0.6908017933368682
7.911999999999351,-0.1261007712356285,0.027562346147183038,-0.1264218847359332,0.24235012637695513,0.0,0.3068813764835222,0.46173865124064817,0.3625924734526808,1.131447291537371,0.3406337990360657,0.0,4.715631783008575,49.091750383377075,0.6908017933368682
7.92199999999935,-0.12583297759360995,0.026254731605619697,-0.12626012494602723,0.24194825220310612,0.0,0.3064795023096732,0.4617363872434579,0.36291064117167726,1.1314989493709222,0.34063335085970053,0.0,4.715631783008575,49.091750383377075,0.6908017933368682
7.9319999999993485,-0.1255785879866634,0.0250549744727855,-0.12609695625524828,0.24138815469310224,0.0,0.3059194047996693,0.4617335559188888,0.36322249623990843,1.1313499249971313,0.3406329032235957,0.0,4.715631783008575,49.091750383377075,0.6908017933368682
7.941999999999347,-0.12533573582864033,0.023797495400575693,-0.12593213790120172,0.24104294536067863,0.0,0.30557419546724574,0.4617301636808366,0.36352816390439746,1.1315185158696763,0.34063245615134685,0.0,4.715631783008575,49.091750383377075,0.6908017933368682
7.951999999999346,-0.1251094641898209,0.022091319428612373,-0.1257714019725643,0.24081411952667436,0.0,0.30534536963324144,0.4617262194449102,0.36382776692718666,1.1318605255318857,0.3406320093026806,0.0,4.737654358148575,49.108333587646484,0.6920492351055145
7.961999999999345,-0.1248953872027314,0.02086810634851447,-0.12560206531510715,0.2404470647863347,0.0,0.3049783148929018,0.4617217350118312,0.364121425634641,1.132014332970142,0.3406315633428675,0.0,4.737654358148575,49.108333587646484,0.6920492351055145
7.971999999999344,-0.12469173697428186,0.020221918289229333,-0.1254227551625882,0.2393976354577363,0.0,0.30392888556430336,0.4617167244006592,0.36440925796577345,1.1312131722511225,0.3406311184275417,0.0,4.737654358148575,49.108333587646484,0.6920492351055145
7.981999999999343,-0.12449475508965492,0.019399275929943414,-0.12523909766183516,0.23918865296392777,0.0,0.30371990307049485,0.46171120310750685,0.3646913795196117,1.1315857510149216,0.3406306742758069,0.0,4.737654358148575,49.108333587646484,0.6920492351055145
7.991999999999342,-0.12431146190527442,0.017488413569208577,-0.1250641684809987,0.23907642746346128,0.0,0.3036076775700284,0.46170518748471967,0.3649679036016248,1.1320848880885457,0.34063023016284866,0.0,4.737654358148575,49.108333587646484,0.6920492351055145
8.001999999999342,-0.12414464402461863,0.016113780607070846,-0.12488368905190428,0.23860515594779483,0.0,0.3031364060543619,0.4616986958617384,0.36523894126922896,1.1320649317355955,0.3406297868870561,0.0,4.742386370897293,49.09380316734314,0.6918298959732055
8.011999999999345,-0.12399674196964697,0.013876361595058706,-0.12471435589390821,0.23863848172419086,0.0,0.3031697318307579,0.46169174899724963,0.36550460137639046,1.1327296660910862,0.340629343592421,0.0,4.742386370897293,49.09380316734314,0.6918298959732055
8.021999999999348,-0.12386760441575931,0.012339103237215751,-0.12454010438237946,0.23800041948640413,0.0,0.3025316695929712,0.4616843702737169,0.36576499061734324,1.1324259414725764,0.3406289010598629,0.0,4.742386370897293,49.09380316734314,0.6918298959732055
8.031999999999352,-0.12375550041593941,0.010236505583867362,-0.12437376444625156,0.2382870259299412,0.0,0.30281827603650824,0.46167658549378277,0.36602021356943937,1.1333840847492738,0.3406284585859717,0.0,4.742386370897293,49.09380316734314,0.6918298959732055
8.041999999999355,-0.12366524628030875,0.008481994323171396,-0.12420983417645312,0.2375386240268311,0.0,0.30206987413339814,0.4616684225875857,0.3662703727351496,1.1328533217370889,0.3406280164441776,0.0,4.742386370897293,49.09380316734314,0.6918298959732055
8.051999999999358,-0.12358797891631312,0.007002771219649867,-0.12404620925743198,0.23764783748126364,0.0,0.30217908758783074,0.46165991185034316,0.36651556858323026,1.1334810686705339,0.3406275748096074,0.0,4.741006076335907,49.06284153461456,0.6906051099300384
8.061999999999362,-0.1235298720254917,0.00529320477057958,-0.12389408578834676,0.23721993225104573,0.0,0.3017511823576128,0.46165108476924793,0.36675589958907334,1.1333100408077466,0.3406271331621273,0.0,4.741006076335907,49.06284153461456,0.6906051099300384
8.071999999999365,-0.12348263619272705,0.004437758625731175,-0.1237377564031909,0.23679214251982808,0.0,0.3013233926263952,0.46164197435294674,0.36699146227425594,1.133090917250606,0.34062669219194375,0.0,4.741006076335907,49.06284153461456,0.6906051099300384
8.081999999999368,-0.12344280562282697,0.003470932459165646,-0.12358673493892307,0.23713910771815952,0.0,0.3016703578247266,0.46163261384246757,0.36722235124530567,1.1339080103318784,0.340626251375928,0.0,4.741006076335907,49.06284153461456,0.6906051099300384
8.091999999999372,-0.12342116358704933,0.0013558847381640003,-0.1234587458793372,0.23764454296548707,0.0,0.3021757930720541,0.46162303621992684,0.3674486592316962,1.1348947833678984,0.3406258096863609,0.0,4.741006076335907,49.06284153461456,0.6906051099300384
8.101999999999375,-0.12341419300031373,0.00022063020678432174,-0.12333282143991119,0.23753100689027218,0.0,0.30206225699683925,0.4616132756575233,0.3676704771230891,1.1349605584701394,0.3406253683140098,0.0,4.71269103884697,49.01244819164276,0.689373105764389
8.111999999999378,-0.12341573911663685,-0.00017772630791861553,-0.12321181365100295,0.23687942561210876,0.0,0.30141067571867586,0.4616033670590196,0.367887894005837,1.1342206518521243,0.3406249272767706,0.0,4.71269103884697,49.01244819164276,0.689373105764389
8.121999999999382,-0.12341414940684993,0.0001710322545546948,-0.12308817578458432,0.2372764075802284,0.0,0.30180765768679546,0.46159334457655593,0.3681009971987624,1.1349013010265478,0.3406244867415906,0.0,4.71269103884697,49.01244819164276,0.689373105764389
8.131999999999385,-0.12341841131191202,-0.0010096576722211023,-0.12299109672137927,0.23805000793033862,0.0,0.3025812580369057,0.4615832399697896,0.3683098722882267,1.1360634526033677,0.3406240450681939,0.0,4.71269103884697,49.01244819164276,0.689373105764389
8.141999999999388,-0.1234356209900541,-0.0020383605395908003,-0.122908588515873,0.23784875057544885,0.0,0.3023800006820159,0.4615730839978676,0.368514603162503,1.1358137044527004,0.3406236028471521,0.0,4.71269103884697,49.01244819164276,0.689373105764389
8.151999999999392,-0.12345687464111474,-0.0019771770037445725,-0.1228281881289657,0.23777998983345214,0.0,0.3023112399400192,0.46156290763529656,0.36871527204546783,1.1357060072615262,0.3406231607931283,0.0,4.6732096672058105,48.97229194641113,0.6885891258716583
8.161999999999395,-0.12347401584095702,-0.0017464360798009112,-0.12275756817040277,0.2382555223007315,0.0,0.30278677240729857,0.46155274052636797,0.3689119595296232,1.1363240381249056,0.34062271863148935,0.0,4.6732096672058105,48.97229194641113,0.6885891258716583
8.171999999999398,-0.12349680623331108,-0.002686725239283566,-0.1227141134812033,0.23911110826757956,0.0,0.30364235837414666,0.46154260986426904,0.36910474460846443,1.1374407863371236,0.34062227515490073,0.0,4.6732096672058105,48.97229194641113,0.6885891258716583
8.181999999999402,-0.12352526013286261,-0.002699775309006336,-0.12267713214487465,0.2389146844249855,0.0,0.30344593453155255,0.46153254189087156,0.3692937047082056,1.1370535283544845,0.34062183143484737,0.0,4.6732096672058105,48.97229194641113,0.6885891258716583
8.191999999999405,-0.12354626587436476,-0.001639208026990276,-0.12263865961699003,0.238854539948784,0.0,0.30338579005535105,0.46152256184442253,0.3694789157188752,1.1368338466605772,0.34062138790627955,0.0,4.6732096672058105,48.97229194641113,0.6885891258716583
8.201999999999408,-0.12355757657038116,-0.0008129853294107196,-0.12261117419175745,0.23931609735136986,0.0,0.30384734745793696,0.46151269191961597,0.3696372312435468,1.1373289496398453,0.34062094388601244,0.0,4.641580909490585,48.9646852016449,0.6890202939510346
8.211999999999412,-0.12355514950632851,0.0009698729167841817,-0.12258071445404772,0.23914510627983043,0.0,0.3036763563863975,0.4615029507796501,0.369795696144062,1.1368871197248156,0.3406205001422049,0.0,4.641580909490585,48.9646852016449,0.6890202939510346
8.221999999999415,-0.12353941047893607,0.0019707898179783905,-0.12256461089611503,0.2395778843942695,0.0,0.30410913450083654,0.46149335311275475,0.3699519966432928,1.1373149667524038,0.3406200556913234,0.0,4.641580909490585,48.9646852016449,0.6890202939510346
8.231999999999418,-0.12351029452814717,0.003535942744484731,-0.12254857621045845,0.23948647717961047,0.0,0.30401772728617754,0.4614839098277865,0.37012414672150534,1.137034127148458,0.3406196112818528,0.0,4.641580909490585,48.9646852016449,0.6890202939510346
8.241999999999422,-0.12346694947686512,0.004817067306210577,-0.12254004975994044,0.2397537129940819,0.0,0.304284963100649,0.46147462835426045,0.37029288123221027,1.1372687050415937,0.34061916650313967,0.0,4.641580909490585,48.9646852016449,0.6890202939510346
8.251999999999425,-0.12341020531159612,0.0062552331345016535,-0.12253369490979069,0.2398974715640823,0.0,0.3044287216706494,0.46146551272302355,0.3703824406859338,1.137292832255185,0.34061872160118356,0.0,4.643575876951218,48.98234665393829,0.6901447772979736
8.261999999999428,-0.12334053850852522,0.007153748335658608,-0.12253485935370238,0.24066439908062462,0.0,0.30519564918719166,0.46145656388241246,0.37039573362419287,1.1381639539659787,0.3406182762054159,0.0,4.643575876951218,48.98234665393829,0.6901447772979736
8.271999999999432,-0.12326754760517973,0.00726619799812432,-0.12255090589117548,0.24116342294520526,0.0,0.30569467305177234,0.4614477802408472,0.3701668040195493,1.1384478902256414,0.34061782997863826,0.0,4.643575876951218,48.98234665393829,0.6901447772979736
8.281999999999435,-0.12320210834633455,0.005687217572908137,-0.12259532761417048,0.24252043807108398,0.0,0.30705168817765105,0.4614391594599174,0.3699636533156402,1.1399046739218073,0.3406173821387021,0.0,4.643575876951218,48.98234665393829,0.6901447772979736
8.291999999999438,-0.12315264879809833,0.004777536829064788,-0.12264694393621177,0.24199393166040287,0.0,0.30652518176696997,0.4614307007242356,0.36991417526454823,1.1389236158680562,0.34061693375840285,0.0,4.643575876951218,48.98234665393829,0.6901447772979736
8.301999999999442,-0.1231066769209899,0.004229962217028186,-0.12269970013104219,0.2428056566522355,0.0,0.30733690675880254,0.46142240573721244,0.3697250994626066,1.1397656944573493,0.34061648508290904,0.0,4.646813899278641,49.046757221221924,0.6917206227779389
8.311999999999445,-0.12307236217363349,0.002788071690896371,-0.12276634747979952,0.24353163073029346,0.0,0.3080628808368605,0.46141427704748217,0.36960910019275495,1.1405557905755612,0.34061603511354377,0.0,4.646813899278641,49.046757221221924,0.6917206227779389
8.321999999999449,-0.12305159453569377,0.0017970189255069914,-0.12283697757199871,0.24359552626160638,0.0,0.3081267763681734,0.46140631904461604,0.3693201299383844,1.1403090241279732,0.34061558472521386,0.0,4.646813899278641,49.046757221221924,0.6917206227779389
8.331999999999452,-0.12302843844055121,0.0029144408692372958,-0.12288499053003296,0.242575802833862,0.0,0.30710705294042906,0.4613985379483759,0.36928917916107856,1.138735497446251,0.34061513538559507,0.0,4.646813899278641,49.046757221221924,0.6917206227779389
8.341999999999455,-0.12299509615346854,0.0036000295643558253,-0.12293101470336226,0.24268419753047707,0.0,0.3072154476370441,0.4613909390176708,0.3692404520784621,1.138854552902731,0.34061468602410705,0.0,4.646813899278641,49.046757221221924,0.6917206227779389
8.351999999999459,-0.12295971251832002,0.003323300202713337,-0.12298311484412261,0.24351082413656608,0.0,0.3080420742431331,0.461383525254804,0.36882249374749687,1.1396728463942702,0.3406142361464363,0.0,4.658471971750259,49.080517292022705,0.6922369062900543
8.361999999999462,-0.12293147537862466,0.0024886382664758393,-0.12303935585953966,0.24363931660215402,0.0,0.3081705667087211,0.46137629894396437,0.36836742620055984,1.139416560188042,0.34061378568699496,0.0,4.658471971750259,49.080517292022705,0.6922369062900543
8.371999999999465,-0.12290792101743886,0.002154954321618996,-0.12308889641584582,0.24351446041590505,0.0,0.3080457105224721,0.4613692631735059,0.3679982477341612,1.138938658946925,0.34061333544016326,0.0,4.658471971750259,49.080517292022705,0.6922369062900543
8.381999999999469,-0.12288424792380606,0.0027352969431940124,-0.1231241351986176,0.2427711900042279,0.0,0.307302440110795,0.46136242159383445,0.36777540877776566,1.1377124319913183,0.34061288583907445,0.0,4.658471971750259,49.080517292022705,0.6922369062900543
8.391999999999472,-0.12285372371424409,0.002898868266176715,-0.12315432399079326,0.24319379470904046,0.0,0.30772504481560753,0.46135577723366733,0.36762782185971193,1.1382517722797665,0.3406124364292377,0.0,4.658471971750259,49.080517292022705,0.6922369062900543
8.401999999999475,-0.12282759801462861,0.002469260095848457,-0.12318628831345352,0.24294693290142474,0.0,0.3074781830079918,0.46134933180085697,0.36757227598543707,1.1379433625752702,0.3406119868000053,0.0,4.675060540437698,49.098246693611145,0.692250257730484
8.411999999999479,-0.12280324499635592,0.0022555583543558584,-0.12320900945643595,0.24289605714980922,0.0,0.3074273072563763,0.4613430872341633,0.36775549084337356,1.1382152692643979,0.34061153749141443,0.0,4.675060540437698,49.098246693611145,0.692250257730484
8.421999999999482,-0.1227817771429837,0.0019793717093456384,-0.1232266995418108,0.24265548195267364,0.0,0.30718673205924074,0.4613370455993241,0.3679398471072799,1.1381938220849586,0.3406110883973773,0.0,4.675060540437698,49.098246693611145,0.692250257730484
8.431999999999485,-0.12276910180634647,0.0005330588489095133,-0.12325346622602429,0.2433950884209324,0.0,0.3079263385274995,0.46133120924276283,0.3681519195174892,1.1396137551712753,0.3406106387501672,0.0,4.675060540437698,49.098246693611145,0.692250257730484
8.441999999999489,-0.12277113997557357,-0.0005246474683233242,-0.12327647558881849,0.2426400610988977,0.0,0.3071713112054648,0.4613255819070183,0.36835978427562477,1.1389395549732848,0.3406101892275668,0.0,4.675060540437698,49.098246693611145,0.692250257730484
8.451999999999492,-0.12277583891689009,-0.0004421372880552936,-0.1232816311207266,0.24233938497802326,0.0,0.30687063508459034,0.46132016938808507,0.3685635248641914,1.1388982255854718,0.3406097406252255,0.0,4.682591140270233,49.106497168540955,0.6920625030994415
8.461999999999495,-0.12277581576141834,0.00039139786014432895,-0.12326884605086887,0.24138790940180874,0.0,0.3059191595083758,0.46131497751787093,0.36876322310934745,1.1379420935728275,0.3406092929608378,0.0,4.682591140270233,49.106497168540955,0.6920625030994415
8.471999999999499,-0.12276234753854753,0.001901459229427388,-0.12323512813620582,0.24066119944986678,0.0,0.3051924495564339,0.46131001050298726,0.36895471524560597,1.1372938554833123,0.3406088465062599,0.0,4.682591140270233,49.106497168540955,0.6920625030994415
8.481999999999502,-0.12273581982071884,0.0030819121952553596,-0.12319126172663883,0.2402746157129464,0.0,0.30480586581951347,0.46130526962660207,0.36914665202373315,1.1371240232933788,0.34060840071619464,0.0,4.682591140270233,49.106497168540955,0.6920625030994415
8.491999999999505,-0.12270293212657403,0.003273748391823157,-0.12314783877616711,0.2404435968163615,0.0,0.30497484692292853,0.4613007534158329,0.36933091024757475,1.1377242110452843,0.34060795502999924,0.0,4.682591140270233,49.106497168540955,0.6920625030994415
8.501999999999509,-0.12267234591184287,0.0030882768566910506,-0.12310390437225935,0.23996086534698727,0.0,0.30449211545355437,0.4612964591135791,0.36950917644213527,1.1374015860323676,0.34060750952009705,0.0,4.700030416250229,49.08828675746918,0.6919751763343811
8.511999999999512,-0.12264452023920638,0.0023493714066693226,-0.12306277116690137,0.24037465769208652,0.0,0.30490590779865356,0.4612923841479664,0.3696901123559773,1.1383303601326729,0.34060706409894786,0.0,4.700030416250229,49.08828675746918,0.6919751763343811
8.521999999999515,-0.1226305644506754,0.0008101980953571352,-0.12303202325243683,0.2403846747318051,0.0,0.30491592483837215,0.46128852671610404,0.36986745838572116,1.1386781834345532,0.34060661820907145,0.0,4.700030416250229,49.08828675746918,0.6919751763343811
8.531999999999519,-0.12263565259221387,-0.0012768055973643496,-0.12301239512692815,0.2407989708265092,0.0,0.30533022093307627,0.46128488749774516,0.3700412857569603,1.1395705587918443,0.3406061717830677,0.0,4.700030416250229,49.08828675746918,0.6919751763343811
8.541999999999522,-0.12265591161907065,-0.002345224897040612,-0.12298668464274772,0.24025026703469637,0.0,0.30478151714126345,0.461281470463084,0.3702116642821269,1.139088972019485,0.3406057257524817,0.0,4.700030416250229,49.08828675746918,0.6919751763343811
8.551999999999525,-0.12267620982933808,-0.0015698508253319393,-0.12293970677674561,0.2393552766380947,0.0,0.30388652674466177,0.4612782818771089,0.37037866238852973,1.1380975349517979,0.340605281014058,0.0,4.6931140422821045,49.06827926635742,0.6913523733615875
8.561999999999529,-0.12268557769424641,-0.0004877088232010593,-0.12288304912756794,0.23901218818822126,0.0,0.30354343829478836,0.46127532741802335,0.3705423471458364,1.1378578184194383,0.3406048370685993,0.0,4.6931140422821045,49.06827926635742,0.6913523733615875
8.571999999999532,-0.12268412430791993,0.0005984345187741349,-0.1228194813619325,0.23862616182708826,0.0,0.3031574119336553,0.46127261019454835,0.3706828252812184,1.137521890841519,0.34060439367312767,0.0,4.6931140422821045,49.06827926635742,0.6913523733615875
8.581999999999535,-0.122674553237318,0.0009939278950441346,-0.12275827679963308,0.23892376986156524,0.0,0.3034550199681323,0.46127013079223617,0.37078683612778773,1.1381331715168757,0.3406039503328717,0.0,4.6931140422821045,49.06827926635742,0.6913523733615875
8.591999999999539,-0.12266655973441022,0.0006681602863719584,-0.12270558305227366,0.2389670454636197,0.0,0.30349829557018676,0.46126788811421854,0.37070165816986517,1.138109213322434,0.34060350668865025,0.0,4.6931140422821045,49.06827926635742,0.6913523733615875
8.601999999999542,-0.12265908485669622,0.0010698979231249864,-0.12264717466524913,0.2380142491389498,0.0,0.3025454992455169,0.46126588101738464,0.3708588605238108,1.1369236125706048,0.34060306354402037,0.0,4.689988225698471,49.044729471206665,0.6913132786750793
8.611999999999545,-0.12263652176433101,0.002894909635038981,-0.12256942847755053,0.23767119552862248,0.0,0.30220244563518955,0.46126410800542517,0.3710130178434008,1.1365971884770634,0.3406026217889113,0.0,4.689988225698471,49.044729471206665,0.6913132786750793
8.621999999999549,-0.12260391559334942,0.003418494276745225,-0.12250169221202453,0.23790031551950877,0.0,0.30243156562607587,0.46126256495140494,0.3711641165833066,1.137060247977713,0.340602179696879,0.0,4.689988225698471,49.044729471206665,0.6913132786750793
8.631999999999552,-0.12256698366406406,0.003984452404732662,-0.12243375546974015,0.23771599055095907,0.0,0.3022472406575262,0.46126124581566474,0.3713122174277028,1.1369326574231522,0.3406017378065338,0.0,4.689988225698471,49.044729471206665,0.6913132786750793
8.641999999999555,-0.12252214428854181,0.004805304186612184,-0.12236186808024473,0.23746576744092365,0.0,0.30199701754749075,0.4612601437238894,0.37145737985675104,1.1367037886931015,0.34060129633432407,0.0,4.689988225698471,49.044729471206665,0.6913132786750793
8.651999999999559,-0.12247735907037856,0.004250965573534453,-0.1223071895820649,0.23788658799094203,0.0,0.3024178380975091,0.46125925072064594,0.3715996621704886,1.1374062208422075,0.3406008541260445,0.0,4.694410443305969,49.03158664703369,0.6917855024337769
8.661999999999562,-0.12243577925126112,0.003962254605774547,-0.12225547833753977,0.2382412416114673,0.0,0.3027724917180344,0.4612585590862524,0.3717391215122429,1.1380070817973387,0.34060041198719876,0.0,4.694410443305969,49.03158664703369,0.6917855024337769
8.671999999999565,-0.12240461171064605,0.0026208723318140413,-0.12222311460343442,0.2385535857141027,0.0,0.3030848358206698,0.46125806219594145,0.37187581389158125,1.13853907444475,0.34059996890991245,0.0,4.694410443305969,49.03158664703369,0.6917855024337769
8.681999999999569,-0.12238086644510576,0.0023901679524257393,-0.12218665381574377,0.23812541581717467,0.0,0.30265666592374174,0.46125775546309283,0.3720097942068052,1.1380237327087475,0.3405995261517909,0.0,4.694410443305969,49.03158664703369,0.6917855024337769
8.691999999999572,-0.12235317448321464,0.0030247576465324433,-0.12214265599169882,0.23778238315611672,0.0,0.3023136332626838,0.46125763574902967,0.3721411162669991,1.1376208140382134,0.34059908392283156,0.0,4.694410443305969,49.03158664703369,0.6917855024337769
8.701999999999575,-0.12231785588374307,0.0037874189647284662,-0.1220967828786767,0.2377676510585206,0.0,0.3022989011650877,0.46125769930643296,0.3722698328136406,1.137674311103022,0.340598641934,0.0,4.693511605262756,49.02638494968414,0.6920083463191986
8.711999999999579,-0.12227559301868633,0.004306884295458401,-0.12205335913182663,0.23794432594889645,0.0,0.3024755760554635,0.46125794103284967,0.3723959955417828,1.1379951805401767,0.3405981999713018,0.0,4.693511605262756,49.02638494968414,0.6920083463191986
8.721999999999582,-0.12222804779868036,0.005077559994055066,-0.12200779668988333,0.237589429179225,0.0,0.30212067928579206,0.4612583547044621,0.3725196551208158,1.137572759299041,0.34059775824818395,0.0,4.693511605262756,49.02638494968414,0.6920083463191986
8.731999999999585,-0.1221727477384146,0.006026548622886825,-0.12195931936470208,0.23729107167824867,0.0,0.3018223217848157,0.46125893325534506,0.37264086121481677,1.1372332832189187,0.3405973168155349,0.0,4.693511605262756,49.02638494968414,0.6920083463191986
8.741999999999589,-0.12210958451248505,0.006387037040120162,-0.12191535820651019,0.23770073969330913,0.0,0.3022319897998762,0.4612596683919332,0.3727596625024959,1.1378917875932806,0.3405968752753118,0.0,4.693511605262756,49.02638494968414,0.6920083463191986
8.751999999999592,-0.12204371634170602,0.006771044642918519,-0.12187202889682007,0.23740227057966165,0.0,0.3019335206862287,0.46126055083091816,0.3728761066967467,1.1375657648517798,0.3405964338188065,0.0,4.70495942234993,49.02969837188721,0.692629063129425
8.761999999999595,-0.12197358802906282,0.007170628127183649,-0.12182805357783755,0.23739345918431645,0.0,0.30192470929088355,0.46126157111264765,0.37299024056380814,1.137653879835006,0.34059599250948713,0.0,4.70495942234993,49.02969837188721,0.692629063129425
8.771999999999599,-0.12190010899775917,0.007581055928726705,-0.12178366116319048,0.2370203047407612,0.0,0.30155155484732826,0.4612627195153523,0.3731021099420474,1.1372415622580547,0.3405955513474196,0.0,4.70495942234993,49.02969837188721,0.692629063129425
8.781999999999602,-0.12182016614405615,0.008427485277071869,-0.12173241828887758,0.23657535168154634,0.0,0.30110660178811344,0.46126398609522296,0.373211759760369,1.136740178238786,0.34059511069615367,0.0,4.70495942234993,49.02969837188721,0.692629063129425
8.791999999999605,-0.12172731552369855,0.009828610740493689,-0.12166920980333266,0.2362191846495407,0.0,0.30075043475610774,0.46126536013296593,0.37331923405625955,1.1363779664062426,0.34059467086655476,0.0,4.70495942234993,49.02969837188721,0.692629063129425
8.801999999999609,-0.12161620776780752,0.012082598150613306,-0.12158775963235272,0.23522268743853014,0.0,0.2997539375450972,0.46126682908791666,0.3734245759934735,1.1351379400668504,0.3405942322503507,0.0,4.734700053930283,49.025952219963074,0.6931937873363494
8.811999999999612,-0.12147847182592537,0.015082670246116233,-0.12148451938443024,0.23391956714895928,0.0,0.29845081725552636,0.4612683775303246,0.37352782787936895,1.133493223897313,0.3405937951407706,0.0,4.734700053930283,49.025952219963074,0.6931937873363494
8.821999999999615,-0.12130943059183769,0.01797537528399609,-0.12136440185048464,0.23338706246858906,0.0,0.2979183125751561,0.4612699858082577,0.37362903118189916,1.1329582819053892,0.34059335928707246,0.0,4.734700053930283,49.025952219963074,0.6931937873363494
8.831999999999619,-0.12111651297918534,0.019922393475857274,-0.12123887192616889,0.23316333969304728,0.0,0.2976945897996144,0.4612716296752531,0.3737282265462665,1.132889245124432,0.3405929240864801,0.0,4.734700053930283,49.025952219963074,0.6931937873363494
8.841999999999622,-0.12091293484871746,0.020657340979622022,-0.12111654353101381,0.23288696352972904,0.0,0.2974182136362961,0.4612732819825602,0.37382545381124666,1.1327789383786644,0.3405924890612534,0.0,4.734700053930283,49.025952219963074,0.6931937873363494
8.851999999999626,-0.12070381095707677,0.020991469513567715,-0.12099082696123269,0.23254804364366846,0.0,0.29707929375023556,0.4612749151225787,0.37391333814078076,1.1326083024354068,0.34059205457729413,0.0,4.784301847219467,49.03846740722656,0.6952062666416168
8.861999999999629,-0.12049705677720635,0.02060596134031479,-0.12086795295602384,0.23209897931874748,0.0,0.2966302294253146,0.46127650238086465,0.3739982224005963,1.1323107670523878,0.3405916202755353,0.0,4.784301847219467,49.03846740722656,0.6952062666416168
8.871999999999632,-0.12028577920494701,0.02164341244036312,-0.12072205958083378,0.2310619044293347,0.0,0.29559315453590174,0.4612780190633617,0.37406594488631023,1.1311870994702018,0.34059118763803936,0.0,4.784301847219467,49.03846740722656,0.6952062666416168
8.881999999999636,-0.12006742238474058,0.02184652485848356,-0.1205736138759425,0.2307666814490608,0.0,0.2952979315556279,0.46127944138841614,0.37415647160371607,1.1311622444008864,0.3405907555709233,0.0,4.784301847219467,49.03846740722656,0.6952062666416168
8.891999999999639,-0.11985061027152677,0.021423289414246705,-0.1204243099509649,0.23071817092985342,0.0,0.2952494210364205,0.461280746063897,0.3740298014244234,1.1313638911975774,0.3405903239795183,0.0,4.784301847219467,49.03846740722656,0.6952062666416168
8.901999999999642,-0.11964949295374094,0.01913181511735201,-0.12029327541849448,0.23105222157624491,0.0,0.29558347168281196,0.4612819118912807,0.3737951794338329,1.1319277277717086,0.34058989176609955,0.0,4.802457720041275,49.04832899570465,0.6965172946453094
8.911999999999646,-0.11946938345639713,0.017243891454692517,-0.1201598330875502,0.23071078912392193,0.0,0.295242039230489,0.4612829221115065,0.3734330156892959,1.131473285015669,0.34058946003108415,0.0,4.802457720041275,49.04832899570465,0.6965172946453094
8.921999999999649,-0.1193136536004253,0.014299078324199726,-0.12004052558449048,0.23115715208197843,0.0,0.29568840218854553,0.46128376531156284,0.37323779375890265,1.132179678633987,0.3405890278725409,0.0,4.802457720041275,49.04832899570465,0.6965172946453094
8.931999999999652,-0.11918708175654488,0.01151495741346536,-0.11992576973418535,0.23106295380791617,0.0,0.2955942039144832,0.46128443576194905,0.37287786937406986,1.132134024385023,0.34058859579306283,0.0,4.802457720041275,49.04832899570465,0.6965172946453094
8.941999999999656,-0.11908437561352013,0.0094688618163571,-0.11980742460955221,0.23064466598178132,0.0,0.29517591608834837,0.4612849337950246,0.3723599471801874,1.1313474663195744,0.34058816424626226,0.0,4.802457720041275,49.04832899570465,0.6965172946453094
8.951999999999659,-0.11900100503797956,0.007515848833530197,-0.11969057441143247,0.23053244073177398,0.0,0.29506369083834105,0.46128526450503043,0.37175306538159353,1.1309179935894291,0.3405877329857434,0.0,4.784776747226715,49.02343809604645,0.6952467799186706
8.961999999999662,-0.11894249401887319,0.004630252294176478,-0.11959021913979687,0.2309193740555183,0.0,0.29545062416208534,0.4612854367197479,0.3708459856649632,1.130856923785223,0.3405873012399108,0.0,4.784776747226715,49.02343809604645,0.6952467799186706
8.971999999999666,-0.11891257752104911,0.0019276505723651687,-0.11949691285399386,0.23100351438825992,0.0,0.29553476449482696,0.4612854636243725,0.36983303577389176,1.1302411512201838,0.3405868693766854,0.0,4.784776747226715,49.02343809604645,0.6952467799186706
8.981999999999669,-0.11891514558433967,-0.0018512963047734483,-0.11942662040414154,0.2319164849364571,0.0,0.2964477350430242,0.4612853632031942,0.3686346154133472,1.1305422940444583,0.3405864364713587,0.0,4.784776747226715,49.02343809604645,0.6952467799186706
8.991999999999672,-0.11895790574892309,-0.005837789906363916,-0.11937619901089243,0.23237369215307505,0.0,0.29690494225964215,0.4612851587371114,0.3675622427412777,1.130239224592685,0.3405860026299363,0.0,4.784776747226715,49.02343809604645,0.6952467799186706
9.001999999999676,-0.11904151862393803,-0.010100702152418973,-0.11934898219649168,0.23335772783035305,0.0,0.29788897793692015,0.4612848797252155,0.36634752517459834,1.1305280204299644,0.3405855676608676,0.0,4.753679513931274,48.987128138542175,0.6932311713695526
9.011999999999679,-0.1191702740270129,-0.014788988044098748,-0.11935230782142063,0.23449264536865044,0.0,0.2990238954752175,0.46128456176259847,0.3650467014148266,1.1308157965759862,0.34058513123104284,0.0,4.753679513931274,48.987128138542175,0.6932311713695526
9.021999999999682,-0.11934397758973254,-0.018931935381740837,-0.119376343211905,0.23492598020145905,0.0,0.2994572303080261,0.4612842467903099,0.36389471133991286,1.1302062278747034,0.3405846936124523,0.0,4.753679513931274,48.987128138542175,0.6932311713695526
9.031999999999686,-0.11955229125966466,-0.02201004414321517,-0.11941280000058725,0.2355485972941253,0.0,0.3000798474006924,0.4612839824718849,0.3627215105148624,1.1297780448008834,0.34058425522063573,0.0,4.753679513931274,48.987128138542175,0.6932311713695526
9.041999999999689,-0.11978859912997059,-0.024684686446853864,-0.1194673464510105,0.23663707025860822,0.0,0.30116832036517527,0.46128382002611074,0.3615467097953181,1.1298929750205824,0.34058381569890916,0.0,4.753679513931274,48.987128138542175,0.6932311713695526
9.051999999999692,-0.12005200877967549,-0.02744386545077359,-0.11954819341634955,0.23758755174614812,0.0,0.3021188018527152,0.4612838126374835,0.3604994580469877,1.129876688185997,0.3405833746468522,0.0,4.664885431528091,48.91911447048187,0.6902055263519287
9.061999999999696,-0.12034453352248367,-0.030528432441404452,-0.11966511653001567,0.23893581487379936,0.0,0.30346706498036646,0.4612840150455507,0.35929322505420336,1.130213721003085,0.3405829317984874,0.0,4.664885431528091,48.91911447048187,0.6902055263519287
9.071999999999699,-0.12066254261401922,-0.03251044278374275,-0.11979906604357084,0.23956227360313134,0.0,0.30409352370969844,0.46128448370502795,0.3581518032523083,1.1294305178406092,0.34058248766247273,0.0,4.664885431528091,48.91911447048187,0.6902055263519287
9.081999999999702,-0.1209931004309978,-0.03328743213237731,-0.11994439574129236,0.24036703337486306,0.0,0.3048982834814301,0.4612852758130444,0.3572612289506609,1.1291228937060431,0.3405820425084054,0.0,4.664885431528091,48.91911447048187,0.6902055263519287
9.091999999999706,-0.12133205007557933,-0.034265829624972356,-0.12011529580671478,0.24174439515269305,0.0,0.3062756452592601,0.46128644697997734,0.3562235511503087,1.1294509018692493,0.340581595516766,0.0,4.664885431528091,48.91911447048187,0.6902055263519287
9.101999999999709,-0.12167500192732318,-0.034118817187637956,-0.12029925792462828,0.24215387744673678,0.0,0.30668512755330385,0.46128805033860926,0.35524882190606155,1.128349435420358,0.34058114744221035,0.0,4.55773863196373,48.85729491710663,0.6874170362949371
9.111999999999712,-0.12201191174009648,-0.033312926661531114,-0.12050162652257736,0.24299267497777552,0.0,0.30752392508434256,0.4612901356958516,0.35418588706693505,1.1277761520344305,0.340580698368634,0.0,4.55773863196373,48.85729491710663,0.6874170362949371
9.121999999999716,-0.12233913016584112,-0.03238079380065589,-0.12072103814770127,0.24424299077582584,0.0,0.3087742408823929,0.4612927479633795,0.3530849875858411,1.127680606319771,0.3405802477916102,0.0,4.55773863196373,48.85729491710663,0.6874170362949371
9.131999999999719,-0.12266216425948448,-0.03217122337622149,-0.12096987539775275,0.24558107974879975,0.0,0.31011232985536685,0.46129592683063103,0.3519521754036053,1.1276560756584226,0.34057979498407426,0.0,4.55773863196373,48.85729491710663,0.6874170362949371
9.141999999999722,-0.1229826430169411,-0.032161584732073256,-0.12124387178705963,0.2474265117789818,0.0,0.3119577618855489,0.4612997078279071,0.35092866447017135,1.1283475271982948,0.3405793401010728,0.0,4.55773863196373,48.85729491710663,0.6874170362949371
9.151999999999726,-0.12330646162447738,-0.03238771609903927,-0.12154696142666077,0.24858405552582144,0.0,0.31311530563238854,0.46130412320875963,0.3502802316669708,1.1284467173760728,0.34057888289284516,0.0,4.471432000398636,48.86820614337921,0.6861695945262909
9.161999999999729,-0.12362808959582475,-0.03209458518559603,-0.12186956070687474,0.25009962591757545,0.0,0.3146308760241425,0.46130920282626287,0.349762857788799,1.12923260347079,0.3405784239599501,0.0,4.471432000398636,48.86820614337921,0.6861695945262909
9.171999999999732,-0.12394296238362114,-0.030995595682591387,-0.1222033007338614,0.2507068300525585,0.0,0.3152380801591256,0.4613149735531654,0.34917320580931943,1.1286997982961062,0.3405779635054096,0.0,4.471432000398636,48.86820614337921,0.6861695945262909
9.181999999999736,-0.12425173042822911,-0.030842310112792107,-0.12256566206831786,0.25262712868949916,0.0,0.31715837879606623,0.46132145854001,0.3486988905421457,1.1300838478541997,0.34057750057099606,0.0,4.471432000398636,48.86820614337921,0.6861695945262909
9.191999999999739,-0.12455234693334455,-0.029250473681797756,-0.12292918370495647,0.2529723410586986,0.0,0.31750359116526566,0.4613286775034898,0.34834104037687963,1.1294138724239646,0.3405770365304388,0.0,4.471432000398636,48.86820614337921,0.6861695945262909
9.201999999999742,-0.12482800504790917,-0.026083236493513236,-0.12328090895507447,0.2531055316441707,0.0,0.3176367817507378,0.46133664630555055,0.3481671194003622,1.1286281641239992,0.3405765720181395,0.0,4.429128646850586,48.932185769081116,0.685772180557251
9.211999999999746,-0.12505783144203195,-0.020930576432002124,-0.12360119903591148,0.25296507974157323,0.0,0.3174963298481403,0.4613453740390495,0.34801142422565096,1.1276336024130673,0.34057610794098847,0.0,4.429128646850586,48.932185769081116,0.685772180557251
9.221999999999749,-0.125235159800659,-0.015535076269723074,-0.12390496707591131,0.25296841070271175,0.0,0.3174996608092788,0.46135485986472047,0.34793313018774824,1.1269400745753737,0.3405756438196379,0.0,4.429128646850586,48.932185769081116,0.685772180557251
9.231999999999752,-0.1253615655147134,-0.01085149538407001,-0.12420029837244677,0.2534630561597287,0.0,0.31799430626629577,0.46136509214932897,0.3476573316415241,1.1268387349540934,0.3405751792798148,0.0,4.429128646850586,48.932185769081116,0.685772180557251
9.241999999999756,-0.1254542657188339,-0.008351134308461246,-0.12450880543906612,0.25464417367104514,0.0,0.3191754237776122,0.46137604972004076,0.3472664829713571,1.127719731114548,0.3405747131991776,0.0,4.429128646850586,48.932185769081116,0.685772180557251
9.251999999999759,-0.12552085904445107,-0.005432181879363443,-0.12480196244580989,0.25454904695823083,0.0,0.3190802970647979,0.46138770542028945,0.3468046740197843,1.1267574222791317,0.3405742468801282,0.0,4.475853621959686,49.021446108818054,0.6867029428482055
9.261999999999762,-0.125557743501102,-0.0026246298896444656,-0.1250744497200345,0.2547630083093375,0.0,0.3192942584159046,0.46140002800610075,0.34600428391102295,1.1260932207405776,0.3405737801814649,0.0,4.475853621959686,49.021446108818054,0.6867029428482055
9.271999999999766,-0.12556935102461664,-0.0005961423266826176,-0.12533941767036363,0.2554174258329482,0.0,0.31994867593951526,0.4614129820687871,0.34495567613625694,1.125863624704796,0.34057331310980515,0.0,4.475853621959686,49.021446108818054,0.6867029428482055
9.281999999999769,-0.12557229028179692,-0.000411593656113058,-0.1256132882045858,0.2563401971082234,0.0,0.3208714472147905,0.4614265293285355,0.3439708891829185,1.1261062818981191,0.340572844802065,0.0,4.475853621959686,49.021446108818054,0.6867029428482055
9.291999999999772,-0.12558546322102954,-0.0021463420141676,-0.1259034613803213,0.2573345391583139,0.0,0.32186578926488096,0.4614406318719943,0.3428883733586336,1.126477476520245,0.34057237483696473,0.0,4.475853621959686,49.021446108818054,0.6867029428482055
9.301999999999776,-0.12562181714835555,-0.004543149927251468,-0.12619789873528978,0.2580926003632952,0.0,0.32262385046986225,0.4614552557425832,0.3419091559199973,1.1266782404199813,0.3405719035783568,0.0,4.537840366363525,49.146506786346436,0.6857581198215484
9.31199999999978,-0.12568034611774062,-0.006940075621953128,-0.12647880199876219,0.25892995348077424,0.0,0.3234612035873413,0.46147037302035054,0.3409233498722422,1.1270451505885153,0.3405714313050424,0.0,4.537840366363525,49.146506786346436,0.6857581198215484
9.321999999999782,-0.12576498156103844,-0.00926179377393416,-0.1267554431246547,0.2586650198131353,0.0,0.32319626991970235,0.4614859617086091,0.3400501860858558,1.126039685695198,0.3405709584469191,0.0,4.537840366363525,49.146506786346436,0.6857581198215484
9.331999999999786,-0.12586823224822116,-0.01094482272955932,-0.12701606174966043,0.2588417403857183,0.0,0.32337299049228535,0.4615020056585384,0.3392703700718213,1.125851104037217,0.3405704856636018,0.0,4.537840366363525,49.146506786346436,0.6857581198215484
9.34199999999979,-0.1259859132202608,-0.012313560739617407,-0.12726035922441248,0.2589935346219771,0.0,0.3235247847285442,0.4615184931001572,0.33822396068970695,1.1254261591838723,0.34057001301697243,0.0,4.537840366363525,49.146506786346436,0.6857581198215484
9.351999999999792,-0.1261272709974049,-0.015446951174604697,-0.1275125631750739,0.25997172517479356,0.0,0.32450297528136063,0.4615354156445227,0.3371076742085825,1.1260562864558574,0.34056953912524834,0.0,4.574658155441284,49.21065270900726,0.6828418314456939
9.361999999999796,-0.12630596831432228,-0.019576317052260196,-0.12776776700500977,0.26095345820659965,0.0,0.3254847083131667,0.46155276973364334,0.3358621469313475,1.1266016904160316,0.3405690638768682,0.0,4.574658155441284,49.21065270900726,0.6828418314456939
9.3719999999998,-0.12652825264157494,-0.024152907759739065,-0.1280290465079432,0.26168687092868786,0.0,0.32621812103525494,0.4615705588060381,0.3343845778775093,1.1265959926455933,0.34056858756389047,0.0,4.574658155441284,49.21065270900726,0.6828418314456939
9.381999999999802,-0.12680588210994603,-0.0301435332974824,-0.12831329324685128,0.263119198113979,0.0,0.32765044822054606,0.4615887942888811,0.33282170782667053,1.1273745034812355,0.3405681092422307,0.0,4.574658155441284,49.21065270900726,0.6828418314456939
9.391999999999806,-0.12713963976294992,-0.03558592730265987,-0.12860194898043434,0.2638535799820496,0.0,0.3283848300886167,0.4616074969600371,0.3315173397590521,1.1274028382698562,0.34056762986270517,0.0,4.574658155441284,49.21065270900726,0.6828418314456939
9.40199999999981,-0.12752585042979495,-0.04033044267812255,-0.1288937037190557,0.2641047399875456,0.0,0.32863599009411265,0.46162669668941336,0.33009976351393977,1.1266379732804146,0.34056714950955735,0.0,4.539747714996338,49.204299449920654,0.6770992934703827
9.411999999999813,-0.1279522853780486,-0.044331039419580984,-0.12918499237189995,0.265037285333965,0.0,0.32956853544053205,0.46164643081868656,0.32858317600121123,1.126638748822474,0.3405666684837901,0.0,4.539747714996338,49.204299449920654,0.6770992934703827
9.421999999999816,-0.12841953632749814,-0.04838473293892749,-0.12948570247515373,0.2659664483686983,0.0,0.3304976984752654,0.46166674179956657,0.3271629551529607,1.1266113607043813,0.34056618610796063,0.0,4.539747714996338,49.204299449920654,0.6770992934703827
9.43199999999982,-0.12892750293523406,-0.05218119799787471,-0.1297957686614804,0.2664635202692099,0.0,0.33099477037577696,0.4616876766142792,0.3257959031130905,1.1259666976979579,0.3405657023545412,0.0,4.539747714996338,49.204299449920654,0.6770992934703827
9.441999999999823,-0.12946917444958986,-0.05570570004525882,-0.13011476648777576,0.26819361759319965,0.0,0.3327248676997667,0.4617092862300359,0.3244145454420975,1.126977032038412,0.34056521723293876,0.0,4.539747714996338,49.204299449920654,0.6770992934703827
9.451999999999826,-0.13005583987804648,-0.06078094049449399,-0.13047361770634255,0.2698997062885853,0.0,0.33443095639515236,0.4617316245140354,0.3228628193058505,1.1276860755882363,0.34056472923933695,0.0,4.424725651741028,49.13847088813782,0.6698428273200989
9.46199999999983,-0.13068849767196533,-0.06467550562410133,-0.13085499989238464,0.2706017986922569,0.0,0.335133048798824,0.46175474958044477,0.32155364151361304,1.127037702192967,0.3405642397925929,0.0,4.424725651741028,49.13847088813782,0.6698428273200989
9.471999999999833,-0.1313447099116456,-0.06594030321058231,-0.1312264155075847,0.2707966563090414,0.0,0.33532790641560845,0.4617787234542987,0.3203491680338004,1.1257301146598793,0.34056374977346093,0.0,4.424725651741028,49.13847088813782,0.6698428273200989
9.481999999999836,-0.13201012888605929,-0.06703516614244812,-0.13160988836319598,0.272473584433731,0.0,0.33700483454029806,0.4618036078817793,0.31910716988168747,1.1262999216534264,0.3405632580576347,0.0,4.424725651741028,49.13847088813782,0.6698428273200989
9.49199999999984,-0.1326835445598912,-0.06744926258754093,-0.13200328709164386,0.2734591287435783,0.0,0.3379903788501454,0.46182946164418304,0.3180880987997539,1.1260392401195052,0.3405627647111332,0.0,4.424725651741028,49.13847088813782,0.6698428273200989
9.501999999999843,-0.13336199732111143,-0.06817729926811485,-0.13242264366341958,0.2749139556444886,0.0,0.3394452057510557,0.4618563401607359,0.31715032721221303,1.1264230216801714,0.3405622691835926,0.0,4.264222413301468,49.04429495334625,0.6627664387226104
9.511999999999846,-0.13404235811799434,-0.06772826945829029,-0.1328640299394795,0.2754460783310217,0.0,0.33997732843758877,0.4618842951690634,0.3164786287701446,1.1256603645297925,0.3405617725199317,0.0,4.264222413301468,49.04429495334625,0.6627664387226104
9.52199999999985,-0.13470507974321738,-0.06491117530975798,-0.13329246293731792,0.27562193052555944,0.0,0.3401531806321265,0.46191337400661436,0.31602803108420724,1.1245534568356088,0.34056127524535584,0.0,4.264222413301468,49.04429495334625,0.6627664387226104
9.531999999999853,-0.13533085083222424,-0.0609468216000459,-0.1337126891031492,0.276477330100027,0.0,0.3410085802065941,0.46194361630784797,0.31555696018407386,1.124350459288816,0.3405607771659642,0.0,4.264222413301468,49.04429495334625,0.6627664387226104
9.541999999999856,-0.13591794501795795,-0.057074118243272215,-0.13413886563855967,0.27736578487372054,0.0,0.3418970349802876,0.46197505109550385,0.31529531894949475,1.1243649292238804,0.34056027757690993,0.0,4.264222413301468,49.04429495334625,0.6627664387226104
9.55199999999986,-0.13646580659844018,-0.05350874866182423,-0.13457594861648448,0.2789170845012903,0.0,0.3434483346078574,0.46200769676712383,0.31495902605809417,1.1252408555548694,0.340559776376319,0.0,4.174667477607727,49.00536000728607,0.6582196056842804
9.561999999999863,-0.13698267306724948,-0.05038041022965476,-0.13503560122633793,0.2798336266175403,0.0,0.34436487672410737,0.4620415619566305,0.3145665350090093,1.1251105298146828,0.3405592733937208,0.0,4.174667477607727,49.00536000728607,0.6582196056842804
9.571999999999866,-0.1374635726757565,-0.046463508840051966,-0.13549412090961038,0.2806384824141937,0.0,0.3451697325207608,0.4620766472714242,0.31430425433465636,1.1250007802796804,0.3405587691491794,0.0,4.174667477607727,49.00536000728607,0.6582196056842804
9.58199999999987,-0.1379024361428952,-0.04217100565252242,-0.13595161475053627,0.28173428866452005,0.0,0.3462655387710871,0.462112945177722,0.31387866810053044,1.1251806707072973,0.34055826364287156,0.0,4.174667477607727,49.00536000728607,0.6582196056842804
9.591999999999873,-0.1382990745138984,-0.03786081686458467,-0.13641030654705968,0.2823674905770344,0.0,0.3468987406836015,0.46215043945540624,0.31327297738762916,1.124521013647411,0.34055775676268535,0.0,4.174667477607727,49.00536000728607,0.6582196056842804
9.601999999999876,-0.13865068141425554,-0.03357162026581769,-0.13686566514578324,0.2836834438448681,0.0,0.3482146939514352,0.4621891055486152,0.31272661452740375,1.1249529424990956,0.34055724863491366,0.0,4.1753517389297485,49.07011389732361,0.6557485461235046
9.61199999999988,-0.13896162682477112,-0.029475085269207654,-0.13731579910252817,0.2844229046593019,0.0,0.348954154765869,0.46222891090444107,0.3120978551995612,1.1245757491315673,0.34055673904257333,0.0,4.1753517389297485,49.07011389732361,0.6557485461235046
9.621999999999883,-0.13923582451641822,-0.02615427939163463,-0.1377710903960535,0.2856114013411672,0.0,0.35014265144773427,0.46226981617285895,0.3113672398864345,1.124785240593427,0.3405562279023132,0.0,4.1753517389297485,49.07011389732361,0.6557485461235046
9.631999999999886,-0.13948176638630017,-0.0235074099718248,-0.13823167799550337,0.2864676418974396,0.0,0.3509988920040067,0.4623117765905478,0.3106630368581992,1.1246248367356448,0.3405557151879069,0.0,4.1753517389297485,49.07011389732361,0.6557485461235046
9.64199999999989,-0.13970119491987276,-0.02124631456165943,-0.1386915563808902,0.28781182957706486,0.0,0.35234307968363193,0.4623547437550227,0.3098771177842721,1.12518796893998,0.34055520119457666,0.0,4.1753517389297485,49.07011389732361,0.6557485461235046
9.651999999999893,-0.1399040608887293,-0.019316234688517876,-0.13914829094789855,0.28811050851683295,0.0,0.3526417586234,0.4623986667297759,0.3093211122134127,1.1245419119349505,0.34055468573280107,0.0,4.246805861592293,49.2038094997406,0.6540292143821715
9.661999999999896,-0.1400786040750418,-0.016184324561207154,-0.13956479285537074,0.2883592765127107,0.0,0.3528905266192778,0.4624434933977976,0.3089964450930668,1.1242227117802668,0.34055416982984166,0.0,4.246805861592293,49.2038094997406,0.6540292143821715
9.6719999999999,-0.14022600978591648,-0.014061222626029482,-0.13997549843661966,0.2894544299683405,0.0,0.35398568007490755,0.4624891691010556,0.30858000846256867,1.1251016278906643,0.34055365302936896,0.0,4.246805861592293,49.2038094997406,0.6540292143821715
9.681999999999903,-0.14036268287275683,-0.01350638059676606,-0.14039162968850058,0.2901562908456183,0.0,0.35468754095218535,0.4625356370738595,0.3081931180466038,1.1255501502522112,0.34055313476918736,0.0,4.246805861592293,49.2038094997406,0.6540292143821715
9.691999999999906,-0.14049190178443377,-0.012379293790144635,-0.14078808853716404,0.2899024003774905,0.0,0.35443365048405756,0.4625828413446479,0.30786218551783306,1.1248409292681467,0.34055261630466777,0.0,4.246805861592293,49.2038094997406,0.6540292143821715
9.70199999999991,-0.14060654869461178,-0.010740141924687032,-0.1411549442295499,0.289952381075859,0.0,0.3544836311824261,0.4626307274116136,0.3078028903115738,1.1248537612910114,0.340552097948086,0.0,4.319344788789749,49.32187497615814,0.6535649180412293
9.711999999999913,-0.14069752871321337,-0.0078226731020886,-0.14146728361722494,0.28918795277438236,0.0,0.35371920288094943,0.46267924096923807,0.3077629746050496,1.1239344332549885,0.3405515803175594,0.0,4.319344788789749,49.32187497615814,0.6535649180412293
9.721999999999916,-0.14075961475362245,-0.0052285890823206005,-0.14174838875294954,0.28903979618997394,0.0,0.353571046296541,0.4627283262493256,0.3079105203235055,1.124067505530424,0.34055106340510954,0.0,4.319344788789749,49.32187497615814,0.6535649180412293
9.73199999999992,-0.14080234913864592,-0.003544542306434858,-0.14200704434642963,0.288433991056235,0.0,0.3529652411628021,0.46277792536394285,0.3083315328716517,1.1239037279372455,0.3405505468389462,0.0,4.319344788789749,49.32187497615814,0.6535649180412293
9.741999999999923,-0.14083008975692288,-0.0021978640149782763,-0.14223704221334293,0.2880109084051305,0.0,0.35254215851169757,0.46282797997659725,0.3089781972486601,1.1243893993095504,0.3405500310078984,0.0,4.319344788789749,49.32187497615814,0.6535649180412293
9.751999999999926,-0.14084243992649673,-0.0002949233299731017,-0.14242489943085096,0.28667844473735105,0.0,0.3512096948439181,0.46287843231377535,0.30978708731350657,1.1238016774759862,0.34054951654936294,0.0,4.4070309698581696,49.38359975814819,0.6562292397022247
9.76199999999993,-0.14082835195319227,0.002668174613098661,-0.1425531596291526,0.2852708775368832,0.0,0.34980212764345026,0.46292922492168004,0.310939240922143,1.1234659145820594,0.340549004120489,0.0,4.4070309698581696,49.38359975814819,0.6562292397022247
9.771999999999933,-0.14078047413773076,0.0059957282609959545,-0.14263034730173083,0.2840070367726896,0.0,0.3485382868792567,0.46298029883920194,0.31216811174608233,1.1236076822441203,0.34054849401816845,0.0,4.4070309698581696,49.38359975814819,0.6562292397022247
9.781999999999936,-0.14070392107922233,0.008871981894994054,-0.14266674070080707,0.2823186580984074,0.0,0.34684990820497447,0.4630315925305218,0.31339472362525406,1.1231885653552904,0.34054798583712786,0.0,4.4070309698581696,49.38359975814819,0.6562292397022247
9.79199999999994,-0.1405969404631164,0.011825790752727217,-0.1426549623454422,0.2809908036856558,0.0,0.3455220537922229,0.46308304263982525,0.31435039378965424,1.123068389640486,0.34054748009308455,0.0,4.4070309698581696,49.38359975814819,0.6562292397022247
9.801999999999943,-0.14047240982849096,0.012554023917702144,-0.14262552866426825,0.28054294028909305,0.0,0.3450741903956601,0.463134584302637,0.31548369840584,1.1244130353986634,0.3405469753041505,0.0,4.513311266899109,49.39873993396759,0.6614142715930938
9.811999999999946,-0.1403435711680357,0.013295487453644696,-0.14256166260203545,0.2787596499965401,0.0,0.3432909001031072,0.4631861535999944,0.3164935112879348,1.123795100582683,0.3405464723747385,0.0,4.513311266899109,49.39873993396759,0.6614142715930938
9.82199999999995,-0.14020614266337028,0.01402428508281658,-0.14246220912102242,0.2775777112062923,0.0,0.3421089613128594,0.4632376897426141,0.3171915217998091,1.123750226746194,0.34054597155343186,0.0,4.513311266899109,49.39873993396759,0.6614142715930938
9.831999999999953,-0.14006629485851996,0.01384510716113496,-0.14234023963120532,0.2765854596067376,0.0,0.34111670971330466,0.46328913459563226,0.3178062572792019,1.1238481183396196,0.34054547223728054,0.0,4.513311266899109,49.39873993396759,0.6614142715930938
9.841999999999956,-0.13993185176940384,0.013101778181427238,-0.1421972226256441,0.2755964166686966,0.0,0.3401276667752637,0.4633404336034787,0.3181969494244787,1.123867049196321,0.3405449744090653,0.0,4.513311266899109,49.39873993396759,0.6614142715930938
9.85199999999996,-0.13981276575821305,0.010992098197359782,-0.14204882886427475,0.2751873131181262,0.0,0.3397185632246933,0.46339153714917536,0.31823558178940176,1.1241938479033755,0.34054447735687776,0.0,4.566791236400604,49.36823606491089,0.6637542784214019
9.861999999999963,-0.13971443394218067,0.009078167136074115,-0.14188570520440225,0.27416145565365896,0.0,0.33869270576022603,0.4634424020838942,0.31826081142512047,1.12364270544645,0.3405439818106773,0.0,4.566791236400604,49.36823606491089,0.6637542784214019
9.871999999999966,-0.13963378606011365,0.007503033324269843,-0.14170358393601937,0.27269739229117973,0.0,0.3372286423977468,0.4634929922924085,0.31848457033922917,1.1225417260779156,0.34054348777068094,0.0,4.566791236400604,49.36823606491089,0.6637542784214019
9.88199999999997,-0.13956713781873128,0.005974885510947291,-0.1415058928772991,0.2723318335199156,0.0,0.33686308362648265,0.46354327777109067,0.31913522612843603,1.1233774729326098,0.3405429951110188,0.0,4.566791236400604,49.36823606491089,0.6637542784214019
9.891999999999973,-0.13952143776734086,0.003900440042669878,-0.14130521276592067,0.2714936852165789,0.0,0.336024935323146,0.4635932338518539,0.31973847275611167,1.12350696324592,0.3405425031789431,0.0,4.566791236400604,49.36823606491089,0.6637542784214019
9.901999999999976,-0.1394925906193271,0.0023274215027989115,-0.14109299248964252,0.2703623786798094,0.0,0.33489362878637646,0.4636428416124344,0.3204431705263536,1.123229844230666,0.34054201258744454,0.0,4.570655852556229,49.29265856742859,0.6640954494476319
9.91199999999998,-0.139470532699971,0.002311960430204183,-0.14086030689586057,0.2689089562861996,0.0,0.33344020639276667,0.46369208697971953,0.32143254509927266,1.1226679332288527,0.34054152422809847,0.0,4.570655852556229,49.29265856742859,0.6640954494476319
9.921999999999983,-0.1394480938723398,0.0018780702581338085,-0.14062132910509734,0.26898761680231403,0.0,0.3335188669088811,0.4637409585114806,0.3222777251058414,1.1241468371765415,0.340541036893916,0.0,4.570655852556229,49.29265856742859,0.6640954494476319
9.931999999999986,-0.1394347947975476,0.000917260842803972,-0.1403857222441894,0.26827323079123666,0.0,0.33280448089780373,0.46378944616195233,0.32318218612919736,1.1244237633102818,0.34054055006100203,0.0,4.570655852556229,49.29265856742859,0.6640954494476319
9.94199999999999,-0.13942911967135624,0.00013866083265422734,-0.14014881014143393,0.2679804484089457,0.0,0.33251169851551277,0.4638375424772253,0.323989640022522,1.1251604494796603,0.34054006398176495,0.0,4.570655852556229,49.29265856742859,0.6640954494476319
9.951999999999993,-0.13943504780753951,-0.0011351953170470226,-0.13992465745078936,0.2678028886677715,0.0,0.3323341387743386,0.4638852425294233,0.3249908866043948,1.1260667245882847,0.34053957802622764,0.0,4.5314871072769165,49.19711112976074,0.6649619996547699
9.961999999999996,-0.1394541511204743,-0.002227368925655478,-0.13971488920687683,0.26747763329679514,0.0,0.3320088834033622,0.46393254432843095,0.32599136187391115,1.1267374201188063,0.34053909247326913,0.0,4.5314871072769165,49.19711112976074,0.6649619996547699
9.972,-0.13947543146050817,-0.001642394915069012,-0.1394951597050294,0.266132041211333,0.0,0.33066329131790007,0.4639794487194937,0.3270357190245299,1.1259467295702028,0.3405386080580548,0.0,4.5314871072769165,49.19711112976074,0.6649619996547699
9.982000000000003,-0.1394763017688916,0.0008216002091263486,-0.1392543100792353,0.2656463606977647,0.0,0.3301776108043318,0.4640259570488795,0.32805016403341003,1.126253733175556,0.3405381254270141,0.0,4.5314871072769165,49.19711112976074,0.6649619996547699
9.992000000000006,-0.1394615869044876,0.0020664399467680387,-0.13902985183671004,0.26524872437734864,0.0,0.3297799744839157,0.46407206755081387,0.329035890021591,1.126592072222344,0.34053764259840497,0.0,4.5314871072769165,49.19711112976074,0.6649619996547699
