t,df_hz,rocof_hz_s,dfv_hz,p_vsg_mw,p_pv_support_mw,p_bess_mw,p_diesel_mw,p_wind_mw,p_load_mw,soc,sat_mw,H_v,D_v,alpha
0.002,0.0,0.0,0.0,0.0,0.0,0.2614506508645828,0.425,0.08103115842400496,0.7674818092885878,0.8499642090981643,0.0,2.875945623219013,7.954677679149269,0.20413737595081327
0.012,-2.4375794605863503e-06,-0.0004670785219854002,-7.898247105563045e-06,0.00012598477094038246,0.0,0.2615766356355232,0.4250000000256452,0.08101595201035378,0.7676426416182376,0.8499638265936265,0.0,2.875945623219013,7.954677679149269,0.20413737595081327
0.022000000000000006,-5.470537628872074e-06,-0.00013323132404005676,-5.733285584216666e-06,-4.6409465335003666e-05,0.0,0.2614042413992478,0.42500000053189824,0.08101625371531328,0.7674006277723787,0.8499634444250408,0.0,2.875945623219013,7.954677679149269,0.20413737595081327
0.032000000000000015,-6.545667343775923e-06,-6.606819131506179e-05,-5.694960256724609e-06,-5.0742153902441345e-05,0.0,0.26139990871068036,0.425000002049867,0.08100016138035945,0.7673856087611521,0.8499630621857668,0.0,2.875945623219013,7.954677679149269,0.20413737595081327
0.04200000000000002,-2.0171722908425564e-06,0.0010509204387545974,1.2150213662361228e-05,-0.0005240963484769355,0.0,0.26092655451610586,0.4250000046827964,0.08094803368576088,0.766672885206519,0.8499626805475737,0.0,2.875945623219013,7.954677679149269,0.20413737595081327
0.05200000000000003,1.388232735138911e-05,0.0017939182191214246,3.331337194466214e-05,-0.00041689863689276603,0.0,0.26103375222769004,0.4250000073261826,0.08088728955027608,0.7667681547388375,0.8499622990330834,0.0,2.9111331671476366,7.954677679149269,0.17832081913948059
0.06200000000000004,3.3573228985967746e-05,0.002154721415691136,5.226308594939049e-05,-0.0004602639315166468,0.0,0.26099038693306614,0.42500000701979923,0.08085088522378718,0.7666623641519031,0.8499619174591492,0.0,2.9111331671476366,7.954677679149269,0.17832081913948059
0.07200000000000005,6.381864513787279e-05,0.003921778737984727,9.743917721855961e-05,-0.0014931696587899726,0.0,0.2599574812057928,0.4250000000347616,0.0808389213896514,0.7652222715891147,0.8499615367905223,0.0,2.9111331671476366,7.954677679149269,0.17832081913948059
0.08200000000000006,0.00010503262876038429,0.003924239144495946,0.00012794078287745364,-0.0005099669829047146,0.0,0.26094068388167807,0.4249999808629258,0.08083653746101323,0.7666009740984295,0.8499611556435377,0.0,2.9111331671476366,7.954677679149269,0.17832081913948059
0.09200000000000007,0.00013817793263694493,0.003009667539769383,0.00014136957521919567,-0.0003735231571563255,0.0,0.26107712770742647,0.4249999426817755,0.08082553550031402,0.7668060800765615,0.8499607739248065,0.0,2.9111331671476366,7.954677679149269,0.17832081913948059
0.10200000000000008,0.0001624191982064004,0.002036210754331149,0.00014843776082493847,-0.00013729836959410939,0.0,0.2613133524949887,0.42499988034579733,0.08079816684938913,0.7671277709299622,0.8499603919942981,0.0,2.8369634956121446,7.954677679149269,0.17310935854911805
0.11200000000000009,0.0001755868252223321,0.0007195172008217648,0.000143824287051077,0.00029315988769117564,0.0,0.261743810752274,0.42499979086594764,0.08076281740586928,0.7677026083737281,0.8499600096723885,0.0,2.8369634956121446,7.954677679149269,0.17310935854911805
0.1220000000000001,0.00016809721074454047,-0.001714066354586441,0.00011018958896460353,0.000908194785369928,0.0,0.2623588456499527,0.42499967378561043,0.080758437104259,0.7685727409480899,0.8499596263798006,0.0,2.8369634956121446,7.954677679149269,0.17310935854911805
0.1320000000000001,0.00013541045774298724,-0.004283149880768879,5.698843333845367e-05,0.0012728170680701787,0.0,0.262723467932653,0.4249995326054831,0.08075588298113927,0.7690891201789811,0.8499592424187155,0.0,2.8369634956121446,7.954677679149269,0.17310935854911805
0.1420000000000001,8.529028900288996e-05,-0.005053727422975579,1.5074091294598625e-05,0.0005848539482062371,0.0,0.26203550481278903,0.4249993753759887,0.08074651044230544,0.7681162150046642,0.8499588588073457,0.0,2.8369634956121446,7.954677679149269,0.17310935854911805
0.1520000000000001,3.7323321086742204e-05,-0.004671812864353601,-1.0317618782487563e-05,0.0005039728408288125,0.0,0.2619546237054116,0.4249992127024274,0.08074905716796771,0.7679928519126087,0.849958475734942,0.0,2.7347480595111846,7.954677679149269,0.11155133843421935
0.16200000000000012,-8.236742889664165e-06,-0.004551664274511333,-3.833053227061159e-05,0.0006086961894372804,0.0,0.26205934705402006,0.4249990544500966,0.08075016107631676,0.7681308464079282,0.8499580925914275,0.0,2.7347480595111846,7.954677679149269,0.11155133843421935
0.17200000000000013,-5.505950743805315e-05,-0.004896798629095083,-7.433919867778826e-05,0.0009002547035312725,0.0,0.2623509055681141,0.4249989093840747,0.08073320736319492,0.7685000454187505,0.8499577091780051,0.0,2.7347480595111846,7.954677679149269,0.11155133843421935
0.18200000000000013,-0.00010833811524998073,-0.00545122354246673,-0.0001190362035668729,0.0008536556739455202,0.0,0.2623043065385283,0.4249987859850831,0.08071771636547298,0.7683907082283074,0.8499573254672205,0.0,2.7347480595111846,7.954677679149269,0.11155133843421935
0.19200000000000014,-0.00015637350872314365,-0.004400988732284721,-0.0001396696919442125,0.0004852418654769064,0.0,0.2619358927300597,0.4249986930416829,0.08072393525611628,0.7678498919333601,0.8499569425101154,0.0,2.7347480595111846,7.954677679149269,0.11155133843421935
0.20200000000000015,-0.00019075635183484187,-0.002883514936928821,-0.00014548892315845873,9.971967807632522e-05,0.0,0.2615503705426591,0.424998637793938,0.08072633151413122,0.7672791581685934,0.8499565600177187,0.0,3.2374932789914634,7.954677679149269,0.1136469841003418
0.21200000000000016,-0.000213006151674668,-0.0017482005050627064,-0.00014891072551210022,8.73757234962551e-05,0.0,0.26153802658807906,0.42499862449243875,0.08073237947472246,0.7672341611940536,0.8499561775816556,0.0,3.2374932789914634,7.954677679149269,0.1136469841003418
0.22200000000000017,-0.00022629100712295838,-0.0011468282309703458,-0.00015440340871575021,0.00024322582257455715,0.0,0.2616938766871574,0.42499865467503356,0.08073830743991262,0.7674253538810147,0.8499557950658514,0.0,3.2374932789914634,7.954677679149269,0.1136469841003418
0.23200000000000018,-0.0002310520504706771,0.00011729733356699972,-0.0001473882262838378,-0.00043278031915776127,0.0,0.261017870545425,0.4249987279741146,0.08074411779048708,0.7664535481208121,0.849955413022391,0.0,3.2374932789914634,7.954677679149269,0.1136469841003418
0.2420000000000002,-0.00022340774105622472,0.0010066547810297895,-0.00013792543062959094,-0.00016753847279300031,0.0,0.2612831123917898,0.42499884222946127,0.08074981285999497,0.7668039492872317,0.8499550310766493,0.0,3.2374932789914634,7.954677679149269,0.1136469841003418
0.25200000000000017,-0.000210343265528224,0.0014991405647392403,-0.00013081996506656817,-0.00013156108839249418,0.0,0.2613190897761903,0.4249989932322494,0.08075539493568626,0.7668380549479452,0.8499546490444739,0.0,3.2044214748267477,7.954677679149269,0.14224496483802795
0.2620000000000002,-0.00019828031361066308,0.000938028680685963,-0.0001384006019962856,0.00028392534122508375,0.0,0.26173457620580787,0.42499917591654773,0.08076086625943044,0.7674080109425074,0.8499542664607699,0.0,3.2044214748267477,7.954677679149269,0.14224496483802795
0.2720000000000002,-0.00018668644837073424,0.0014018932920193052,-0.00013423690439605323,-5.581598497556384e-05,0.0,0.26139483487960724,0.4249993856326962,0.08076622902861688,0.7669244995548101,0.8499538843149407,0.0,3.2044214748267477,7.954677679149269,0.14224496483802795
0.2820000000000002,-0.00016847225876051645,0.002078021704377448,-0.0001233390380753328,-0.0002535367135108298,0.0,0.261197114151072,0.42499961799271496,0.08077148539703734,0.7666458348842875,0.8499535024250863,0.0,3.2044214748267477,7.954677679149269,0.14224496483802795
0.2920000000000002,-0.0001400172276594529,0.0033843170133829,-9.769976465152371e-05,-0.0008268589306703318,0.0,0.2606237919339125,0.42499986763452513,0.08077663747575099,0.7658488049287261,0.8499531210951959,0.0,3.2044214748267477,7.954677679149269,0.14224496483802795
0.3020000000000002,-9.998126505053031e-05,0.004433762752203737,-6.662034920077766e-05,-0.0007372586656920686,0.0,0.2607133921988907,0.4250001276099093,0.08078168733393223,0.7659891517034391,0.8499527399503242,0.0,2.8037591516971587,7.954677679149269,0.08040854930877686
0.3120000000000002,-6.242404118307468e-05,0.002937039233058203,-6.882074890469262e-05,0.00043656485374827045,0.0,0.26188721571833107,0.42500038937722123,0.0807866369997017,0.7676555338122437,0.8499523576108206,0.0,2.8037591516971587,7.954677679149269,0.08040854930877686
0.32200000000000023,-4.422986004727981e-05,0.0010387486387066268,-8.945920148318491e-05,0.0006818336897278629,0.0,0.26213248455431065,0.42500064557208284,0.08079148846094085,0.7680251605309032,0.8499519746609793,0.0,2.8037591516971587,7.954677679149269,0.08040854930877686
0.33200000000000024,-4.4916678285223826e-05,-0.0007220186297544259,-0.00012085985102720323,0.0006592258754434883,0.0,0.2621098767400263,0.4250008928056256,0.08079624366609028,0.7680206805109925,0.8499515913461412,0.0,2.8037591516971587,7.954677679149269,0.08040854930877686
0.34200000000000025,-5.955718984453083e-05,-0.002061793778750498,-0.00015560495993697317,0.0009955061832781608,0.0,0.26244615704786095,0.42500113148433566,0.0808009045249323,0.7685181696365609,0.8499512079070187,0.0,2.8037591516971587,7.954677679149269,0.08040854930877686
0.35200000000000026,-9.119848512649233e-05,-0.004170066055105966,-0.00021014595534953333,0.0018143116196818433,0.0,0.2632649624842646,0.42500136487833734,0.08080547290935788,0.7696888328205976,0.8499508236866867,0.0,3.5955484084551466,7.954677679149269,0.06842257976531982
0.36200000000000027,-0.00014188559855091493,-0.005652818190300549,-0.00026377368193863276,0.0018374431550865016,0.0,0.2632880940196693,0.42500159936903187,0.08080731514608244,0.7697360326298831,0.8499504390861886,0.0,3.5955484084551466,7.954677679149269,0.06842257976531982
0.3720000000000003,-0.00020733342426732844,-0.006788296272004991,-0.00032235409839410396,0.0015083760403970603,0.0,0.26295902690497985,0.42500184452307976,0.08080173184028194,0.7692759510750099,0.849950054250338,0.0,3.5955484084551466,7.954677679149269,0.06842257976531982
0.3820000000000003,-0.00027535320009113647,-0.006886136161483209,-0.0003703205752300539,0.001644679231962432,0.0,0.26309533009654523,0.42500211186835135,0.08080283340865702,0.769461057897612,0.8499496698367927,0.0,3.5955484084551466,7.954677679149269,0.06842257976531982
0.3920000000000003,-0.00034505885608975435,-0.00690194992064361,-0.0004186703836318353,0.0013712521988671754,0.0,0.26282190306345,0.42500241292796226,0.0808073635227975,0.7690704487290875,0.8499492853840594,0.0,3.5955484084551466,7.954677679149269,0.06842257976531982
0.4020000000000003,-0.00041035799353171943,-0.0063516960593242066,-0.00045808127544861557,0.0013435064033373507,0.0,0.26279415726792016,0.42500275857426906,0.08080728809644305,0.7690153586489084,0.8499489012826446,0.0,3.6401600526111166,7.954677679149269,0.08770387172698973
0.4120000000000003,-0.00047259469582608914,-0.0062136000758507655,-0.0005010025277954609,0.001478068485795655,0.0,0.2629287193503785,0.42500315822026813,0.08081172982673256,0.7691805827228545,0.8499485169966676,0.0,3.6401600526111166,7.954677679149269,0.08770387172698973
0.4220000000000003,-0.0005317180402209415,-0.0057242720593167875,-0.000538977298620599,0.0012580685358026455,0.0,0.2627087194003854,0.42500361996210423,0.08081608343025609,0.7688467140160034,0.8499481329019458,0.0,3.6401600526111166,7.954677679149269,0.08770387172698973
0.43200000000000033,-0.0005853754908130256,-0.005168384312622935,-0.0005740244366409103,0.0011959187264380204,0.0,0.26264656959102084,0.42500415065388397,0.080820350655505,0.7687298766854618,0.8499477489148298,0.0,3.6401600526111166,7.954677679149269,0.08770387172698973
0.44200000000000034,-0.0006333472715531739,-0.004618665516678352,-0.0006069960448860872,0.0011310821284374586,0.0,0.26258173299302023,0.4250047555730646,0.08082453321627939,0.7686066214192492,0.8499473650002973,0.0,3.6401600526111166,7.954677679149269,0.08770387172698973
0.45200000000000035,-0.0006751906457550596,-0.003866409256807557,-0.0006355068568483495,0.0009494892774549697,0.0,0.2624001401420378,0.42500543849105427,0.08082863279237652,0.7683184852100483,0.8499469812797962,0.0,3.3499059172620167,7.954677679149269,0.08744909763336181
0.46200000000000035,-0.000707487494605874,-0.0028591938150228247,-0.0006572074945408044,0.0009244961016324415,0.0,0.2623751469662152,0.42500620160938796,0.08083265103026542,0.7682505826941333,0.8499465978920673,0.0,3.3499059172620167,7.954677679149269,0.08744909763336181
0.47200000000000036,-0.0007366210497709808,-0.0031286940198916157,-0.0006938985735382628,0.0014477505290118706,0.0,0.26289840139359466,0.4250070452003948,0.08083658954374805,0.7689523265473664,0.8499462139049212,0.0,3.3499059172620167,7.954677679149269,0.08744909763336181
0.4820000000000004,-0.0007636930223496775,-0.0022319292875176712,-0.0007164930041564116,0.0007026465223653327,0.0,0.26215329738694815,0.42500796876352426,0.08084044991460758,0.7678799077046086,0.8499458304539835,0.0,3.3499059172620167,7.954677679149269,0.08744909763336181
0.4920000000000004,-0.0007817919531824864,-0.0015543716305083007,-0.0007370650927538151,0.0006499988827538756,0.0,0.26210064974733666,0.425008971171041,0.08084423369324355,0.7677815740539818,0.8499454470730576,0.0,3.3499059172620167,7.954677679149269,0.08744909763336181
0.5020000000000003,-0.0007934359594004215,-0.0011352717664525462,-0.0007574967663497785,0.0009058398788344957,0.0,0.26235649074341727,0.4250100497040475,0.0808479423992946,0.7681206344990069,0.8499450636855791,0.0,3.4071371043984486,7.954677679149269,0.08141316175460814
0.5120000000000003,-0.0008077570967311078,-0.00150500481857133,-0.0007899086391973967,0.0009754594281401306,0.0,0.26242611029272295,0.42501120071199117,0.08085157752224877,0.7682035885260611,0.8499446797974662,0.0,3.4071371043984486,7.954677679149269,0.08141316175460814
0.5220000000000004,-0.0008222819671495732,-0.001391609312565266,-0.0008172284006215572,0.0010199976483638916,0.0,0.2624706485129467,0.42501242097039804,0.08085514052204171,0.7682559604601511,0.8499442960983452,0.0,3.4071371043984486,7.954677679149269,0.08141316175460814
0.5320000000000004,-0.0008369055525465184,-0.0016686091563029991,-0.0008496838327197726,0.0013489517722306344,0.0,0.26279960263681346,0.4250137075036316,0.08085863282964299,0.7687116639974491,0.8499439121816552,0.0,3.4071371043984486,7.954677679149269,0.08141316175460814
0.5420000000000004,-0.0008624053723057865,-0.0030407037432778447,-0.0009027239235245681,0.0015823760060380547,0.0,0.26303302687062086,0.4250150577128135,0.08086205584763086,0.7690365817403542,0.8499435274251321,0.0,3.4071371043984486,7.954677679149269,0.08141316175460814
0.5520000000000004,-0.0008953716206078652,-0.0031608851768759167,-0.0009456421393130433,0.001139789013414309,0.0,0.26259043987799713,0.4250164709646246,0.0808654109507555,0.7684164675387394,0.8499431430470863,0.0,3.421182688982439,7.954677679149269,0.07512946128845213
0.5620000000000004,-0.0009229950452975498,-0.0026340484312549024,-0.0009770566273747756,0.001238702233260652,0.0,0.26268935309784347,0.4250179478704819,0.08086869948649118,0.7685583672267394,0.8499427591068949,0.0,3.421182688982439,7.954677679149269,0.07512946128845213
0.5720000000000004,-0.000945835604623352,-0.002149701851777882,-0.0010055205468652757,0.0012434535169584882,0.0,0.2626941043815413,0.42501948819411595,0.08085871392271522,0.7685632726467353,0.8499423752705295,0.0,3.421182688982439,7.954677679149269,0.07512946128845213
0.5820000000000004,-0.0009687842349220396,-0.002372039181748124,-0.0010420653070441599,0.001390469518680496,0.0,0.2628411203832633,0.42502109078464956,0.0808050003515443,0.7687336222709094,0.8499419910958357,0.0,3.421182688982439,7.954677679149269,0.07512946128845213
0.5920000000000004,-0.0010014263676635061,-0.004045596927277616,-0.0011018552711334257,0.0023203118371907397,0.0,0.2637709627017735,0.4250227545536985,0.08077686591313307,0.7700065465112775,0.849941605970797,0.0,3.421182688982439,7.954677679149269,0.07512946128845213
0.6020000000000004,-0.0010572896397799104,-0.006545855218908422,-0.0011861537708457556,0.0027776089127803452,0.0,0.26422825977736314,0.4250244804450342,0.08073669695158774,0.7706311793343542,0.8499412198179185,0.0,3.4909713788076804,7.954677679149269,0.07034416794776915
0.6120000000000004,-0.0011380075900335824,-0.009070989637675582,-0.0012858989852926636,0.003288994261889173,0.0,0.26473964512647197,0.42502627357286066,0.08067645056079492,0.7712875292196215,0.8499408329377391,0.0,3.4909713788076804,7.954677679149269,0.07034416794776915
0.6220000000000004,-0.0012400594422961558,-0.010616219488019019,-0.0013878804634509174,0.0029671065928399535,0.0,0.26441775745742274,0.4250281434583617,0.08066178202846254,0.7707980528323023,0.8499404459180591,0.0,3.4909713788076804,7.954677679149269,0.07034416794776915
0.6320000000000005,-0.0013481265022597761,-0.01087878826408248,-0.001478854997392213,0.002930916669813971,0.0,0.2643815675343968,0.42503010278232467,0.08066766655471855,0.7707358282519751,0.8499400593031268,0.0,3.4909713788076804,7.954677679149269,0.07034416794776915
0.6420000000000005,-0.0014536872258201887,-0.010394929223982354,-0.0015599739556829504,0.0027661816245948658,0.0,0.26421683248917766,0.4250321646081907,0.08067279510452059,0.7704889629347355,0.8499396730503089,0.0,3.4909713788076804,7.954677679149269,0.07034416794776915
0.6520000000000005,-0.0015554668153819218,-0.009996452232498747,-0.0016405712452885798,0.002731661375286617,0.0,0.26418231223986943,0.4250343406753716,0.08066696400871418,0.7704037343196111,0.849939286778928,0.0,3.5013597393688727,7.954677679149269,0.07005829811096193
0.6620000000000005,-0.001652656166508357,-0.009521786811799327,-0.001718359095839877,0.002583129584316146,0.0,0.26403378044889897,0.4250366410469042,0.08067418985853217,0.7701695661632092,0.8499389005778701,0.0,3.5013597393688727,7.954677679149269,0.07005829811096193
0.6720000000000005,-0.0017454598203182443,-0.009062427217286204,-0.0017948541502613724,0.00255523676194504,0.0,0.2640058876265278,0.42503907413694625,0.08068127234287449,0.7701005894656,0.849938514393654,0.0,3.5013597393688727,7.954677679149269,0.07005829811096193
0.6820000000000005,-0.0018261491753139058,-0.007328897972249155,-0.0018497834376463122,0.0019613987156343634,0.0,0.2634120495802172,0.4250416466777818,0.0806882143062037,0.7692379101348777,0.8499381290606217,0.0,3.5013597393688727,7.954677679149269,0.07005829811096193
0.6920000000000005,-0.0018881985491560399,-0.005233983737642912,-0.0018897027917489794,0.0013081149621696126,0.0,0.2627587658267524,0.4250443625187426,0.08069501853654651,0.7682947100668928,0.8499377443189213,0.0,3.5013597393688727,7.954677679149269,0.07005829811096193
0.7020000000000005,-0.0019292931449726547,-0.0032823921106796055,-0.0019188967696422729,0.00107311164855723,0.0,0.26252376251314,0.42504722149131385,0.0807016877666133,0.7679434276553778,0.8499373599996807,0.0,3.5205358596899496,7.954677679149269,0.06604798436164855
0.7120000000000005,-0.0019474401834453177,-0.0009631207026755673,-0.0019296288788201784,0.0008268422426396752,0.0,0.2622774931072225,0.4250502192246769,0.08070822467489579,0.7675858834687165,0.8499369764252707,0.0,3.5205358596899496,7.954677679149269,0.06604798436164855
0.7220000000000005,-0.0019449418492177035,0.0010600698262520905,-0.001930862362656439,0.00044383012326319586,0.0,0.261894480987846,0.42505334719337495,0.08071463188674269,0.7670492033014364,0.8499365932383355,0.0,3.5205358596899496,7.954677679149269,0.06604798436164855
0.7320000000000005,-0.0019248433456525548,0.002219885915891601,-0.0019307165805552938,0.0009730731629791331,0.0,0.2624237240275619,0.4250565932371136,0.08072091197541413,0.7678041597627309,0.8499362101095372,0.0,3.5205358596899496,7.954677679149269,0.06604798436164855
0.7420000000000005,-0.0019097163961488768,0.0010692528234595346,-0.001960486694293081,0.0014575456737425732,0.0,0.26290819653832537,0.4250599429306129,0.08072706746311512,0.7685079724657716,0.8499358257424146,0.0,3.5205358596899496,7.954677679149269,0.06604798436164855
0.7520000000000006,-0.0019051198548463062,-0.00011743517147383333,-0.0019962699373303463,0.001902034759207603,0.0,0.2633526856237904,0.4250633832952307,0.08073310082200846,0.7691639219575671,0.8499354411046716,0.0,3.605023119924115,7.954677679149269,0.06212977766990663
0.7620000000000006,-0.0019179705116901917,-0.0021722541632594856,-0.002051647746213485,0.002484828398709841,0.0,0.26393547926329264,0.4250669043046208,0.08073901447520773,0.7700184192242024,0.849935055593805,0.0,3.605023119924115,7.954677679149269,0.06212977766990663
0.7720000000000006,-0.0019494683074872117,-0.0036732074088840303,-0.002110934432272445,0.0023276615052051017,0.0,0.2637783123697879,0.42507049983144823,0.08074403517450325,0.7698380469171657,0.8499346698906769,0.0,3.605023119924115,7.954677679149269,0.06212977766990663
0.7820000000000006,-0.0019922608957124435,-0.0045553620735274,-0.0021685908212388124,0.002265330703623131,0.0,0.2637159815682059,0.42507416757483263,0.08074973188316502,0.769789713035437,0.8499342842288535,0.0,3.605023119924115,7.954677679149269,0.06212977766990663
0.7920000000000006,-0.0020396170758429435,-0.004786661366560873,-0.0022199041216686708,0.002101121106000831,0.0,0.26355177197058366,0.42507790751167435,0.08075531556548832,0.7695992823960863,0.8499338988088975,0.0,3.605023119924115,7.954677679149269,0.06212977766990663
0.8020000000000006,-0.0020868771706737993,-0.004820848863796923,-0.002267163776589478,0.00222152059833659,0.0,0.2636721714629194,0.42508172045838916,0.08076078846398793,0.7698073370014296,0.8499335135348864,0.0,3.6256811817280923,7.954677679149269,0.0675766110420227
0.8120000000000006,-0.0021381570832186723,-0.005294754496116298,-0.002320417923152437,0.002244100851520983,0.0,0.2636947517161038,0.4250856072804164,0.08076615277668565,0.7698771311050462,0.8499331279741922,0.0,3.6256811817280923,7.954677679149269,0.0675766110420227
0.8220000000000006,-0.0021917148939333826,-0.005245681398825708,-0.0023675238607057973,0.0019367616223463296,0.0,0.26338741248692915,0.4250895693866344,0.08077141065799315,0.7694825877471824,0.8499327426500517,0.0,3.6256811817280923,7.954677679149269,0.0675766110420227
0.8320000000000006,-0.0022376043843590895,-0.004185290374574271,-0.002396481836036082,0.0016800983843545001,0.0,0.2631307492489373,0.42509360829759407,0.08077656421957717,0.7691580804509093,0.8499323580773368,0.0,3.6256811817280923,7.954677679149269,0.0675766110420227
0.8420000000000006,-0.002276309488279414,-0.0035914076194959637,-0.002424885601438568,0.0014304983017197994,0.0,0.2628811491663026,0.4250977240873989,0.08076437392821147,0.7688291132993899,0.8499319735145405,0.0,3.6256811817280923,7.954677679149269,0.0675766110420227
0.8520000000000006,-0.00230886275565511,-0.0033302899238100234,-0.0024519081582915817,0.0017905497405653356,0.0,0.26324120060514816,0.42510191526799,0.08066633325072545,0.7692949410393305,0.8499315890029523,0.0,3.574673551374321,7.954677679149269,0.06955318450927733
0.8620000000000007,-0.002340197736847812,-0.003242605297371718,-0.0024789877599558008,0.0019442136747414977,0.0,0.2633948645393243,0.4251061793439423,0.08060456093477737,0.7694488000069905,0.8499312044880868,0.0,3.574673551374321,7.954677679149269,0.06955318450927733
0.8720000000000007,-0.0023730695878450654,-0.0029594300157552967,-0.0025034881706407913,0.001144578063995109,0.0,0.2625952289285779,0.42511051370479147,0.08056391970654646,0.7683183432163566,0.8499308200668487,0.0,3.574673551374321,7.954677679149269,0.06955318450927733
0.8820000000000007,-0.00239939892851248,-0.0026187230483092523,-0.0025218742239221,0.001612869902378803,0.0,0.2630635207669616,0.4251149158212083,0.08054649567988809,0.768988590003575,0.8499304358928965,0.0,3.574673551374321,7.954677679149269,0.06955318450927733
0.8920000000000007,-0.0024245240657863603,-0.002416696510693168,-0.002539962801047284,0.0014660568219540808,0.0,0.26291670768653685,0.4251193823461928,0.0805096240822815,0.7687788804756157,0.8499300517221131,0.0,3.574673551374321,7.954677679149269,0.06955318450927733
0.9020000000000007,-0.0024504633820019443,-0.0027816374759710746,-0.0025641865942082763,0.0015781622101761863,0.0,0.263028813074759,0.4251239097393961,0.08042303804817762,0.7688799423244718,0.8499296672862684,0.0,3.566875061820069,7.954677679149269,0.0690862476825714
0.9120000000000007,-0.0007805661640267383,0.40732097547114987,0.0033487772281698687,-0.2817486206700332,0.0,-0.0202979698054504,0.42512848299726663,0.08033131407160655,0.37235533657232456,0.8499295293597329,0.0,3.566875061820069,7.954677679149269,0.0690862476825714
0.9220000000000007,0.0061702881757038286,0.8543076437689128,0.01316062860537993,-0.2826796409284815,0.0,-0.021228990063898723,0.42513269069507964,0.0802304739775025,0.37272484728896704,0.8499295568660447,0.0,3.566875061820069,7.954677679149269,0.0690862476825714
0.9320000000000007,0.016361447282513916,1.1096163587660248,0.0229264718507327,-0.2852650423872463,0.0,-0.023814391522663514,0.42513523337482295,0.08009597514386856,0.3724947369685797,0.849929586749365,0.0,3.566875061820069,7.954677679149269,0.0690862476825714
0.9420000000000007,0.028365623235296334,1.2491476970062512,0.03268852259046024,-0.28862166596661354,0.0,-0.027171015102030738,0.42513425763236373,0.07996732919091493,0.37287650703901487,0.8499296205882204,0.0,3.566875061820069,7.954677679149269,0.0690862476825714
0.9520000000000007,0.04125691232953753,1.2878926795381156,0.04163503543127893,-0.29360849954897555,0.0,-0.032157848684392754,0.42512767799462897,0.0798927852345126,0.37262974232061297,0.849929660335438,0.0,6.3563312082791175,7.954677679149269,0.017564553022384632
0.9620000000000007,0.05358710040166899,1.1996089870421993,0.04720354437965764,-0.2996135945919658,0.0,-0.03816294372738299,0.42511339727317715,0.07980555156796476,0.37272198662716405,0.849929707394745,0.0,6.3563312082791175,7.954677679149269,0.017564553022384632
0.9720000000000008,0.06514402085219397,1.1279349372038936,0.052862368810261434,-0.3064988020302188,0.0,-0.045048151165635986,0.4250895488639888,0.07964676802276426,0.37326362585273654,0.8499297628659439,0.0,6.3563312082791175,7.954677679149269,0.017564553022384632
0.9820000000000008,0.07603665180203789,1.0640365133543874,0.05864071590142727,-0.3146298659072662,0.0,-0.053179215042683414,0.4250545501554791,0.07947353067429484,0.37358143162746704,0.8499298287515613,0.0,6.3563312082791175,7.954677679149269,0.017564553022384632
0.9920000000000008,0.0863034492280724,1.0018211794557645,0.06455036437649832,-0.32365087098036277,0.0,-0.06220022011577997,0.42500706568204316,0.07927987698039318,0.37395052824362274,0.8499299058943023,0.0,6.3563312082791175,7.954677679149269,0.017564553022384632
1.0020000000000007,0.09595066082353305,0.9390643827173372,0.0705892596168129,-0.3342258032485518,0.0,-0.07277515238396898,0.42494598364969866,0.07905681301208828,0.37314292657956294,0.8499299964755718,0.0,6.535579468279391,7.954677679149269,0.003653329610824596
1.0120000000000007,0.10493362728189531,0.8710226313884387,0.0766555246568863,-0.34446252188979526,0.0,-0.08301187102521246,0.4248704013200313,0.07883035138200926,0.3735624809492831,0.8499301006463245,0.0,6.535579468279391,7.954677679149269,0.003653329610824596
1.0220000000000007,0.11323280985479076,0.8024613989364675,0.08288699605967799,-0.3553408325807837,0.0,-0.0938901817162009,0.424779618748537,0.07869706407541864,0.37366562081776944,0.8499302187882247,0.0,6.535579468279391,7.954677679149269,0.003653329610824596
1.0320000000000007,0.12084253327029072,0.7332792369405969,0.08928816054228253,-0.36628251323325894,0.0,-0.10483186236867614,0.4246731301744873,0.07857402306932977,0.3738939483737923,0.8499303512812928,0.0,6.535579468279391,7.954677679149269,0.003653329610824596
1.0420000000000007,0.1277596585255073,0.664235026589427,0.09586177312254535,-0.3775605247050394,0.0,-0.11610987384045662,0.42455061258410626,0.07842800529054188,0.373481048496927,0.8499304983869646,0.0,6.535579468279391,7.954677679149269,0.003653329610824596
1.0520000000000007,0.1339934713176686,0.5960684192109612,0.10260334939874592,-0.38812120694159624,0.0,-0.12667055607701344,0.42441191403702144,0.07835089396486461,0.3737274785868321,0.8499306601691655,0.0,6.55650046143087,7.954677679149269,0.0025357246398926003
1.0620000000000007,0.1395459934374638,0.5280821282679005,0.10947796205506694,-0.39768893587353094,0.0,-0.13623828500894813,0.4242570409384426,0.07827236651020322,0.37465749724722364,0.8499308352003283,0.0,6.55650046143087,7.954677679149269,0.0025357246398926003
1.0720000000000007,0.14442833236372937,0.46197597345457375,0.11648589815630762,-0.4066446886590211,0.0,-0.1451940377944383,0.42408614661453514,0.07811216350814511,0.3753841238963359,0.8499310223673312,0.0,6.55650046143087,7.954677679149269,0.0025357246398926003
1.0820000000000007,0.14866767418953578,0.3990947927410356,0.12361157316500597,-0.4149260288069585,0.0,-0.1534753779423757,0.4238995190130344,0.07791460877046803,0.3757266443610885,0.8499312206451568,0.0,6.55650046143087,7.954677679149269,0.0025357246398926003
1.0920000000000007,0.15230885792920135,0.34160834820890784,0.13084630763651267,-0.4226769802812298,0.0,-0.161226329416647,0.4236975660229436,0.07779970640143842,0.3753903102334718,0.8499314294808528,0.0,6.55650046143087,7.954677679149269,0.0025357246398926003
1.1020000000000008,0.15540923326657335,0.2898566361564565,0.13816357114940683,-0.42906701643164696,0.0,-0.16761636556706416,0.42348079836591374,0.07770545272223642,0.37530424578992194,0.8499316472712809,0.0,6.568810715717058,7.954677679149269,0.0038653671741485374
1.1120000000000008,0.1580303934180797,0.2445534895312144,0.14553241424193064,-0.4339864324465762,0.0,-0.1725357815819934,0.4232498111351002,0.07764034597130721,0.37543866340861476,0.849931872479554,0.0,6.568810715717058,7.954677679149269,0.0038653671741485374
1.1220000000000008,0.1602432199854403,0.20669267808655964,0.15293698450303386,-0.43756811079335395,0.0,-0.17611745992877115,0.42300526548680445,0.07760074941523096,0.375473573093829,0.8499321032657973,0.0,6.568810715717058,7.954677679149269,0.0038653671741485374
1.1320000000000008,0.16212023257840621,0.17601589792534267,0.16034129093302124,-0.4392262562177534,0.0,-0.1777756053531706,0.42274786993226804,0.07758725445193025,0.3761197093490489,0.8499323371434467,0.0,6.568810715717058,7.954677679149269,0.0038653671741485374
1.1420000000000008,0.16374006928959733,0.15391535391139857,0.1677234807473722,-0.44003232668681164,0.0,-0.17858167582222884,0.42247836230107827,0.07765558370643007,0.37590391590306504,0.8499325725927536,0.0,6.568810715717058,7.954677679149269,0.0038653671741485374
1.1520000000000008,0.1651927917532728,0.14120710458244923,0.17507569007352589,-0.4391179907034149,0.0,-0.1776673398388321,0.4221974916223848,0.07771791027596905,0.3759339858950792,0.849932807605374,0.0,6.476123239135971,7.954677679149269,0.04975512027740481
1.1620000000000008,0.1665885193495969,0.13937796262740096,0.1824327436806062,-0.43661364173280054,0.0,-0.17516299086821774,0.42190599888909874,0.07774292208817431,0.3760253634938483,0.8499330402980689,0.0,6.476123239135971,7.954677679149269,0.04975512027740481
1.1720000000000008,0.1680102779640517,0.14517085619864195,0.18968142247192107,-0.43282286851328833,0.0,-0.17137221764870553,0.42160459662269495,0.0777077347300982,0.3757729283345439,0.8499332686534027,0.0,6.476123239135971,7.954677679149269,0.04975512027740481
1.1820000000000008,0.1695337012751943,0.1580585743241503,0.19678773875095196,-0.42701584086041516,0.0,-0.16556518999583236,0.42129395327123886,0.07764057225145737,0.3763567746103508,0.8499334902977037,0.0,6.476123239135971,7.954677679149269,0.04975512027740481
1.1920000000000008,0.17123215588271776,0.17876302429260565,0.20373146838467215,-0.4206291170635595,0.0,-0.1591784661989767,0.4209746809221221,0.07747234737180317,0.3758253421366171,0.8499337037843355,0.0,6.476123239135971,7.954677679149269,0.04975512027740481
1.2020000000000008,0.17318536119639802,0.20712762469954998,0.21048635342942437,-0.4133151651633435,0.0,-0.1518645142987607,0.42064732407371125,0.07732861134219497,0.37496304225017474,0.8499339079980253,0.0,6.529672723579024,7.954677679149269,0.18973244726657867
1.2120000000000009,0.17545686827821966,0.24137515064298534,0.21699837622053503,-0.4043077364700054,0.0,-0.1428570856054226,0.4203123486231511,0.07724128990440703,0.37509364811996704,0.8499341013344801,0.0,6.529672723579024,7.954677679149269,0.18973244726657867
1.2220000000000009,0.17811233171104807,0.2823867177202807,0.22329564810948652,-0.39482291865635616,0.0,-0.13337226779177336,0.41997013391814847,0.07716965937300299,0.37475853805246295,0.8499342825677161,0.0,6.529672723579024,7.954677679149269,0.18973244726657867
1.2320000000000009,0.18121178272044272,0.32909176844505855,0.2293659549349557,-0.38509544122624556,0.0,-0.12364479036166276,0.419620965714008,0.0770271621222109,0.37375870791551113,0.8499344507631394,0.0,6.529672723579024,7.954677679149269,0.18973244726657867
1.2420000000000009,0.18481249866354924,0.38120273284638617,0.2352111353739901,-0.37480815288270963,0.0,-0.11335750201812683,0.41926503038567636,0.07690645344217217,0.3729169181787737,0.8499346059529461,0.0,6.529672723579024,7.954677679149269,0.18973244726657867
1.252000000000001,0.18895011095030448,0.435926107211688,0.2408165116519765,-0.36365669233419584,0.0,-0.10220604146961304,0.41890241072049905,0.07681514356419489,0.3729583410642465,0.8499347465858108,0.0,6.491878098754841,7.954677679149269,0.43677508682012556
1.262000000000001,0.1936496208161123,0.4927320608101278,0.24619848505534536,-0.352410643941231,0.0,-0.0909599930766482,0.4185330855794306,0.07679539126093998,0.3731277945052356,0.8499348724321395,0.0,6.491878098754841,7.954677679149269,0.43677508682012556
1.272000000000001,0.1989225720218982,0.5504940197984584,0.25134182763049284,-0.342075032405,0.0,-0.08062438154041718,0.4181569322633103,0.07681313889741022,0.3723091879741136,0.8499349841449909,0.0,6.491878098754841,7.954677679149269,0.43677508682012556
1.282000000000001,0.20477339456088503,0.6078208010657036,0.25625303884525197,-0.33143366986044576,0.0,-0.06998301899586296,0.41777373095509696,0.07681749865860278,0.3724252496866961,0.8499350820717291,0.0,6.491878098754841,7.954677679149269,0.43677508682012556
1.292000000000001,0.21118392428515417,0.6629305933440613,0.26093422232696745,-0.32147785255603223,0.0,-0.06002720169144943,0.41738317102977285,0.07682319569786895,0.3723644429464096,0.849935166258241,0.0,6.491878098754841,7.954677679149269,0.43677508682012556
1.302000000000001,0.2181368478995775,0.7181916405033851,0.2654815322219372,-0.3121717312316484,0.0,-0.050721080367065574,0.41698486058694606,0.07684784496754644,0.37246895205940467,0.8499352380015189,0.0,6.541238605003445,5.914682591656082,0.6955590784549712
1.312000000000001,0.22567936595662813,0.7770293109833517,0.2701415629413559,-0.30379854967462544,0.0,-0.04234789881004264,0.4165783341163439,0.0768463010015308,0.3725073272825019,0.8499352982503863,0.0,6.541238605003445,5.914682591656082,0.6955590784549712
1.322000000000001,0.23375767013508503,0.8272801900790008,0.2746339156943872,-0.2965464601267059,0.0,-0.03509580926212308,0.4161630525146128,0.07686154250460647,0.3724399815578717,0.849935348354882,0.0,6.541238605003445,5.914682591656082,0.6955590784549712
1.332000000000001,0.2422892471557256,0.8694860088030547,0.2789782566891337,-0.2904114073866564,0.0,-0.028960756522073583,0.4157384168696861,0.0769097169212482,0.37248374925304517,0.8499353896228349,0.0,6.541238605003445,5.914682591656082,0.6955590784549712
1.342000000000001,0.25119811192697816,0.9041758245881812,0.2832021021189028,-0.2857217496270174,0.0,-0.024271098762434606,0.41530378884863367,0.07695060466302071,0.37229834505413895,0.8499354239115572,0.0,6.541238605003445,5.914682591656082,0.6955590784549712
1.352000000000001,0.26040451546103266,0.9283575032960302,0.2872416718623892,-0.2825377744156643,0.0,-0.0210871235510815,0.41485850884014136,0.07702045922928029,0.37192084195520025,0.849935453395657,0.0,6.599076641894156,7.954677679149269,0.723800128698349
1.362000000000001,0.26972936118675933,0.9349343101001375,0.2908273272297356,-0.28024334636629394,0.0,-0.018792695501711143,0.41440191576056484,0.07709522592339828,0.3723240215194944,0.8499354793887003,0.0,6.599076641894156,7.954677679149269,0.723800128698349
1.372000000000001,0.27909766342031267,0.9373947226761218,0.2943606362251657,-0.2792524306291764,0.0,-0.017801779764593573,0.4139333778516943,0.07717331733817315,0.37297234153003955,0.8499355032312711,0.0,6.599076641894156,7.954677679149269,0.723800128698349
1.382000000000001,0.2884618636644427,0.9351352280008614,0.2978822233803123,-0.2807572872636826,0.0,-0.019306636399099797,0.41345230840559183,0.07724985936940026,0.37218518583054505,0.8499355277370901,0.0,6.599076641894156,7.954677679149269,0.723800128698349
1.392000000000001,0.29776338295504423,0.9256781577076083,0.3014113707439544,-0.2821291840202711,0.0,-0.020678533155688295,0.41295817260827217,0.07732488275783882,0.37360079939529756,0.849935554249285,0.0,6.599076641894156,7.954677679149269,0.723800128698349
1.402000000000001,0.3069218449884143,0.9083715312489761,0.30496961070667483,-0.28584263906248547,0.0,-0.02439198819790267,0.41245049624219987,0.07739841763433175,0.3736681562535745,0.8499355842982228,0.0,6.602390251764838,7.954677679149269,0.39823033362627025
1.412000000000001,0.31587016060359496,0.8850530557138895,0.3086003241384296,-0.29161807007845136,0.0,-0.030167419213868563,0.4119288770063927,0.07747049353190677,0.3726583872544712,0.849935621001999,0.0,6.602390251764838,7.954677679149269,0.39823033362627025
1.422000000000001,0.32454601373659375,0.8549738268925217,0.3123250836501233,-0.2979621079668667,0.0,-0.03651145710228387,0.41139299326231454,0.07754113939763753,0.3725127420361186,0.8499356657998406,0.0,6.602390251764838,7.954677679149269,0.39823033362627025
1.432000000000001,0.3328789351905836,0.8178690874202578,0.31615902971024834,-0.3053294422570009,0.0,-0.043878791392418126,0.4108426112520618,0.0776103836042692,0.3724106601429268,0.8499357197887385,0.0,6.602390251764838,7.954677679149269,0.39823033362627025
1.442000000000001,0.34079795033158455,0.7735675127863717,0.32011110471091375,-0.3128765426903654,0.0,-0.05142589182578261,0.4102775929520469,0.07767825396161357,0.3733188699763219,0.8499357836396195,0.0,6.602390251764838,7.954677679149269,0.39823033362627025
1.452000000000001,0.34823743413440456,0.7244757552221843,0.3242299916140643,-0.321727324339973,0.0,-0.060276673475390175,0.4096979035762863,0.07774477772771798,0.3734221238844281,0.849935858323525,0.0,6.331307092067067,7.954677679149269,0.11775999069213866
1.462000000000001,0.3551900442768689,0.6748713524361728,0.328647666946029,-0.33123933790017324,0.0,-0.06978868703559044,0.4091036161283718,0.07780998161981276,0.37335129747484885,0.8499359454474072,0.0,6.331307092067067,7.954677679149269,0.11775999069213866
1.472000000000001,0.36161533626252046,0.6204731897566942,0.3332337789987651,-0.34148496489080504,0.0,-0.08003431402622224,0.40849490765616253,0.07787389182504127,0.3727279447523595,0.8499360457103237,0.0,6.331307092067067,7.954677679149269,0.11775999069213866
1.482000000000001,0.3674706639481623,0.5616868972790923,0.33798040224001263,-0.3509110966087177,0.0,-0.08946044574413492,0.4078720588379667,0.07793653401097728,0.37344882305767735,0.8499361586533294,0.0,6.331307092067067,7.954677679149269,0.11775999069213866
1.492000000000001,0.3727259855912765,0.501354277992758,0.34289635823833736,-0.36128109840067085,0.0,-0.09983044753608805,0.4072354550804814,0.07799793333593343,0.3727608079677823,0.8499362849334812,0.0,6.331307092067067,7.954677679149269,0.11775999069213866
1.5020000000000011,0.3773771985933207,0.44128178415287367,0.34799827501069835,-0.370807598089139,0.0,-0.10935694722455619,0.4065855846143123,0.07805811445906541,0.3728892048468686,0.8499364243643194,0.0,6.207588737768117,7.954677679149269,0.017969083786010753
1.5120000000000011,0.38144272704508414,0.38320008133221417,0.35333180653045976,-0.37962143691134753,0.0,-0.11817078604676473,0.40592303188169393,0.0781171015502755,0.37337233268082537,0.8499365758632119,0.0,6.207588737768117,7.954677679149269,0.017969083786010753
1.5220000000000011,0.38492795632795285,0.3255625592157147,0.35880387253256807,-0.38810176414836656,0.0,-0.12665111328378376,0.4052484677708456,0.0781749182999197,0.37341430273478593,0.8499367387021844,0.0,6.207588737768117,7.954677679149269,0.017969083786010753
1.5320000000000011,0.38784849347926226,0.27010025915997704,0.3643994932428868,-0.39567489158738534,0.0,-0.13422424072280253,0.40456264144066706,0.07823158792832216,0.37357649130786963,0.8499369119556272,0.0,6.207588737768117,7.954677679149269,0.017969083786010753
1.5420000000000011,0.3902328446954712,0.21782219626526955,0.3700961638925133,-0.4020957177075434,0.0,-0.14064506684296058,0.4038663713564976,0.07828713319510106,0.37398291057029476,0.8499370941973665,0.0,6.207588737768117,7.954677679149269,0.017969083786010753
1.5520000000000012,0.39212191251936324,0.17069736382777437,0.3758814736505243,-0.40813890533650476,0.0,-0.14668825447192196,0.40316053435658256,0.0783415764083091,0.3733558819220948,0.8499372843767463,0.0,6.185182760587113,7.954677679149269,0.016658073663711526
1.5620000000000012,0.39358186093934644,0.13014408794542914,0.38175024053272266,-0.4121082111146503,0.0,-0.1506575602500675,0.40244605256530686,0.07838579795880975,0.37390731802242716,0.8499374813580486,0.0,6.185182760587113,7.954677679149269,0.016658073663711526
1.5720000000000012,0.39467128334695295,0.09572281762766123,0.3876539962714848,-0.4154476243259358,0.0,-0.153996973461353,0.4017238773788747,0.0784235226191374,0.3734873923302636,0.849937683093934,0.0,6.185182760587113,7.954677679149269,0.016658073663711526
1.5820000000000012,0.3954551584264836,0.0680075527791221,0.39356376085787564,-0.4175065923839475,0.0,-0.1560559415193647,0.40099497475872087,0.07845925362912809,0.37290344712627366,0.849937887702305,0.0,6.185182760587113,7.954677679149269,0.016658073663711526
1.5920000000000012,0.39601134283068834,0.04822502372272934,0.39946016454623445,-0.4176078915035484,0.0,-0.15615724063896558,0.40026031060465034,0.07848707465565645,0.3730867240256107,0.8499380939188965,0.0,6.185182760587113,7.954677679149269,0.016658073663711526
1.6020000000000012,0.3964181277214395,0.0374748267278251,0.4053458698297342,-0.4166389760970873,0.0,-0.15518832523250448,0.39952083511050535,0.07843529724134836,0.3726900323700377,0.849938299596768,0.0,6.002856107229848,7.954677679149269,0.060063350200653065
1.6120000000000012,0.3967911167329554,0.03788379888999393,0.41129580804290294,-0.4143900877393143,0.0,-0.1529394368747315,0.39877746668969516,0.07832176079416124,0.3720351916496243,0.8499385028147208,0.0,6.002856107229848,7.954677679149269,0.060063350200653065
1.6220000000000012,0.3971970733655125,0.0431837004022384,0.4171278338935754,-0.40996049723808853,0.0,-0.14850984637350573,0.3980310727316295,0.07828075197526482,0.3725460762350493,0.8499387010407203,0.0,6.002856107229848,7.954677679149269,0.060063350200653065
1.6320000000000012,0.3976909653178372,0.05434565570877365,0.42281369603950414,-0.4042867817327685,0.0,-0.1428361308681857,0.3972824581752937,0.07829148329642625,0.37303532714576837,0.8499388924302242,0.0,6.002856107229848,7.954677679149269,0.060063350200653065
1.6420000000000012,0.39834055675491203,0.07298061595352283,0.4283411449850466,-0.3979695486054631,0.0,-0.13651889774088027,0.3965323581001871,0.07831390543457237,0.3727489700967349,0.8499390761429554,0.0,6.002856107229848,7.954677679149269,0.060063350200653065
1.6520000000000012,0.39921198771821026,0.09732788782780988,0.4336680696077698,-0.3902016007087712,0.0,-0.1287509498441884,0.39578142873238703,0.07829064030789071,0.37291198221383404,0.8499392499754752,0.0,6.051584206332514,7.954677679149269,0.16539707779884338
1.6620000000000013,0.40036227166499166,0.1277056010510081,0.43876215041906524,-0.38165800864927213,0.0,-0.12020735778468933,0.3950302394219978,0.0782707464542115,0.3728309332089075,0.8499394133342024,0.0,6.051584206332514,7.954677679149269,0.16539707779884338
1.6720000000000013,0.4018520846490167,0.16383065569289604,0.4436340324959159,-0.3721602465420021,0.0,-0.11070959567741928,0.3942792666061964,0.07826305195244518,0.37298888242802675,0.8499395646014282,0.0,6.051584206332514,7.954677679149269,0.16539707779884338
1.6820000000000013,0.4037312702277976,0.20460591151473181,0.44826752032296346,-0.3619440123864526,0.0,-0.10049336152186977,0.39352888814172154,0.0782343274360832,0.3732828018462113,0.8499397026460956,0.0,6.051584206332514,7.954677679149269,0.16539707779884338
1.6920000000000013,0.40604551833081975,0.24981575667405548,0.4526606405676544,-0.35166823296757094,0.0,-0.09021758210298814,0.39277937973462246,0.07815628093964776,0.3729924009687473,0.8499398272416556,0.0,6.051584206332514,7.954677679149269,0.16539707779884338
1.7020000000000013,0.40883136827261624,0.29752451537992836,0.4567831058858456,-0.341329461164311,0.0,-0.07987881029972821,0.3920309127553745,0.07804694075913632,0.3724112792420604,0.8499399381225475,0.0,6.265833701440277,7.954677679149269,0.42227358669042586
1.7120000000000013,0.41208890060523706,0.3451500694562305,0.4605582749043337,-0.3309389468583093,0.0,-0.06948829599372652,0.3912835546541054,0.07796721321332702,0.3718446211092097,0.8499400352531611,0.0,6.265833701440277,7.954677679149269,0.42227358669042586
1.7220000000000013,0.4158421022932725,0.3955965433454466,0.4641043124471781,-0.3205762693648422,0.0,-0.05912561850025938,0.39053727445408715,0.07799885435661623,0.37158606186130516,0.8499401187757499,0.0,6.265833701440277,7.954677679149269,0.42227358669042586
1.7320000000000013,0.4201007941575614,0.44610588594077605,0.46741789357376423,-0.31027293564040753,0.0,-0.04882228477582473,0.38979194581382104,0.07803451231891576,0.37173922327613496,0.8499401883730937,0.0,6.265833701440277,7.954677679149269,0.42227358669042586
1.7420000000000013,0.4248632475290732,0.4964098257545166,0.47051978610043965,-0.30120192371199955,0.0,-0.03975127284741675,0.3890473514317388,0.07809300557838879,0.3709437617418857,0.8499402453241314,0.0,6.265833701440277,7.954677679149269,0.42227358669042586
1.7520000000000013,0.43012546716686567,0.5462018895388294,0.47345036448062433,-0.29256719615364035,0.0,-0.03111654528905755,0.3883031895694841,0.07813266628729017,0.37051370715331167,0.8499402909454924,0.0,6.3853832136715365,7.552186785412091,0.6297988742589951
1.7620000000000013,0.4358767470698998,0.5935986459064575,0.47626833535870555,-0.28408929927165955,0.0,-0.022638648407076745,0.38755908079285345,0.07818475513949458,0.3710768662705972,0.8499403250772536,0.0,6.3853832136715365,7.552186785412091,0.6297988742589951
1.7720000000000014,0.44207077283173624,0.6359717156910428,0.47892549818625535,-0.2773818302098749,0.0,-0.01593117934529209,0.3868145764178948,0.07824122959871688,0.370569326298409,0.8499403494667205,0.0,6.3853832136715365,7.552186785412091,0.6297988742589951
1.7820000000000014,0.44865595357459576,0.6726380737129756,0.4814435022380136,-0.2712646356617705,0.0,-0.009813984797187703,0.3860691718063135,0.07829658356859677,0.3708041078519796,0.8499403655133515,0.0,6.3853832136715365,7.552186785412091,0.6297988742589951
1.7920000000000014,0.455567652241953,0.7026131974236134,0.48384022208843935,-0.26625804770123024,0.0,-0.004807396836647437,0.3853223209562459,0.07834445905096707,0.3711871819639646,0.8499403743687127,0.0,6.3853832136715365,7.552186785412091,0.6297988742589951
1.8020000000000014,0.4627360378394304,0.7246110754616101,0.4861054402129099,-0.263062022248123,0.0,-0.0016113713835401722,0.3845734521585854,0.07839266514642235,0.3708375671531545,0.849940377986563,0.0,6.527385171068633,7.954677679149269,0.6034503281116486
1.8120000000000014,0.4700519402792076,0.735695393514345,0.48814707950287023,-0.26087362666617064,0.0,0.0005770241984121571,0.3838219846726606,0.07844075934569134,0.37097663975674056,0.8499403780872783,0.0,6.527385171068633,7.954677679149269,0.6034503281116486
1.8220000000000014,0.4774466539481395,0.7412404229507983,0.49014889678191964,-0.25991867550959896,0.0,0.0015319753549838389,0.3830673492578548,0.07845510829689249,0.3712910595032253,0.8499403761280028,0.0,6.527385171068633,7.954677679149269,0.6034503281116486
1.8320000000000014,0.4848606737818232,0.7405207903644342,0.49214067762377567,-0.2605292344112912,0.0,0.0009214164532915792,0.38230900228670456,0.07846229094756978,0.3713138308005248,0.8499403743311894,0.0,6.527385171068633,7.954677679149269,0.6034503281116486
1.8420000000000014,0.4922290698087326,0.7335285304373509,0.4941543818905891,-0.2630588102822396,0.0,-0.001608159417656796,0.381546436220542,0.07849292146756878,0.37055983313391205,0.8499403750476303,0.0,6.527385171068633,7.954677679149269,0.6034503281116486
1.8520000000000014,0.4994846810463311,0.7193711051446758,0.4962173032313134,-0.26586634122826586,0.0,-0.004415690363683056,0.38077919017968104,0.07853219777340566,0.37122659859067886,0.8499403794163399,0.0,6.3925667215741635,7.954677679149269,0.6039397835731506
1.8620000000000014,0.5065564622688221,0.6981860184823502,0.49837209964897244,-0.27043025690097905,0.0,-0.008979606036396248,0.3800068603215972,0.07853692588692762,0.3710927736922165,0.8499403885321933,0.0,6.3925667215741635,7.954677679149269,0.6039397835731506
1.8720000000000014,0.5133761521724176,0.6703237309043297,0.5006185077984703,-0.2761392128891416,0.0,-0.014688562024558816,0.3792291101189828,0.07854775714984348,0.3709025921274133,0.8499404047490824,0.0,6.3925667215741635,7.954677679149269,0.6039397835731506
1.8820000000000014,0.5198783130909833,0.6359063517254616,0.5029733811795359,-0.28263712230806026,0.0,-0.02118647144347746,0.3784456793799029,0.07851061229849905,0.37091178555300697,0.849940429245951,0.0,6.3925667215741635,7.954677679149269,0.6039397835731506
1.8920000000000015,0.5259986145968532,0.5954070723154445,0.5054505290679588,-0.2901112004019348,0.0,-0.028660549537351976,0.377656392150537,0.0784797004375577,0.37073046788886854,0.8499404630020249,0.0,6.3925667215741635,7.954677679149269,0.6039397835731506
1.9020000000000015,0.5316833823210434,0.5503974559187145,0.5080847064257354,-0.2981462445703945,0.0,-0.03669559370581171,0.3768611635296765,0.07842850810599046,0.3706789665027086,0.8499405069903722,0.0,6.149382276140531,7.954677679149269,0.38272702172398565
1.9120000000000015,0.5369048252772688,0.5026277245337397,0.5109463431050518,-0.30612476696669066,0.0,-0.044674116102107864,0.3760600037043439,0.07837640019926087,0.3714023639163807,0.8499405615547316,0.0,6.149382276140531,7.954677679149269,0.38272702172398565
1.9220000000000015,0.5416186398295245,0.45002280864361,0.5139583468431635,-0.3146357273591201,0.0,-0.0531850764945373,0.37525301787460685,0.07831761058627293,0.3717952231936912,0.8499406271061419,0.0,6.149382276140531,7.954677679149269,0.38272702172398565
1.9320000000000015,0.5457887057732538,0.39479491120736776,0.517129685628016,-0.32369892551057283,0.0,-0.06224827464599003,0.37444040773360865,0.07826781069107853,0.3715932625458863,0.8499407042908882,0.0,6.149382276140531,7.954677679149269,0.38272702172398565
1.9420000000000015,0.5493994810629175,0.33858796419422055,0.5204652774157654,-0.33266582644234166,0.0,-0.07121517557775886,0.37362247169588864,0.07817728445300333,0.37140621205258306,0.849940793496236,0.0,6.149382276140531,7.954677679149269,0.38272702172398565
1.9520000000000015,0.5524538355641309,0.2853359053415182,0.5240396379332464,-0.34187132040016577,0.0,-0.08042066953558297,0.3727996012146934,0.07806054017557743,0.3705033057074153,0.8499408947098461,0.0,5.558690325290513,7.954677679149269,0.3642641648650169
1.9620000000000015,0.5550399088240914,0.2402358667893999,0.5280745658499343,-0.3499578933394879,0.0,-0.0885072424749051,0.371972271870101,0.07795533760655934,0.3705323171688968,0.8499410071700725,0.0,5.558690325290513,7.954677679149269,0.3642641648650169
1.9720000000000015,0.5571605196903179,0.19322083186926534,0.532259687370278,-0.3575393260401469,0.0,-0.09608867517556408,0.37114102411818284,0.07779860616425655,0.3703577884959036,0.8499411301623853,0.0,5.558690325290513,7.954677679149269,0.3642641648650169
1.9820000000000015,0.558812764632719,0.1466054589657111,0.5365760789488659,-0.36429512879638615,0.0,-0.10284447793180335,0.370306455481493,0.0776298094655271,0.37020524394905074,0.8499412626371826,0.0,5.558690325290513,7.954677679149269,0.3642641648650169
1.9920000000000015,0.5600054639531071,0.10125601510726362,0.5409902806031771,-0.3692968346938684,0.0,-0.10784618382928562,0.36946921687296497,0.07750126225509044,0.37124434501837955,0.8499414026805808,0.0,5.558690325290513,7.954677679149269,0.3642641648650169
2.002000000000001,0.560765650069976,0.06170600885742859,0.5455589429786661,-0.3735894435131325,0.0,-0.1121387926485497,0.36863000661410994,0.07738322076514621,0.37182180884930016,0.8499415486858611,0.0,5.081256564077883,7.954677679149269,0.3710984073579311
2.012,0.5612272757248264,0.035867971986060405,0.5505265228357467,-0.37743957786830484,0.0,-0.11598892700372204,0.3677895591987371,0.07728117708494761,0.3713587403453571,0.8499417000294124,0.0,5.081256564077883,7.954677679149269,0.3710984073579311
2.021999999999999,0.5614386761200637,0.011660981302226252,0.5555263006234068,-0.37989403373951114,0.0,-0.11844338287492834,0.3669486205078698,0.07720549144194885,0.3711040282952317,0.8499418551922199,0.0,5.081256564077883,7.954677679149269,0.3710984073579311
2.031999999999998,0.5614268869120569,-0.00910140247864337,0.560519717829401,-0.3807276554719135,0.0,-0.1192770046073307,0.36610793483582027,0.0771283807756068,0.37126719851619927,0.8499420121128889,0.0,5.081256564077883,7.954677679149269,0.3710984073579311
2.0419999999999967,0.5612372866785552,-0.024937023768885347,0.5654730927370987,-0.37992949236526075,0.0,-0.11847884150067794,0.3652682387466551,0.07703724895590952,0.37179638681290594,0.849942168977187,0.0,5.081256564077883,7.954677679149269,0.3710984073579311
2.0519999999999956,0.5609361637156275,-0.027989551594658803,0.5705458209171234,-0.37813974109098425,0.0,-0.11668909022640145,0.36443025232889337,0.07697339020055975,0.37182772411850973,0.8499423238228281,0.0,4.228147622063004,7.954677679149269,0.36114350035786624
2.0619999999999945,0.5607944385226781,-0.006020012149076694,0.5762780356205154,-0.3746787393012746,0.0,-0.1132280884366918,0.3635946621192098,0.07689523858973042,0.37226119286677584,0.849942475184883,0.0,4.228147622063004,7.954677679149269,0.36114350035786624
2.0719999999999934,0.5608392358745365,0.011340760578816382,0.5818324552235389,-0.3699947421542576,0.0,-0.1085440912896748,0.3627620804166456,0.07688395388436073,0.3725659247350446,0.8499426209894816,0.0,4.228147622063004,7.954677679149269,0.36114350035786624
2.0819999999999923,0.561057877678273,0.029290649802274013,0.5871811958176362,-0.36453682629669815,0.0,-0.10308617543211535,0.36193303843982266,0.07689680732332059,0.37220733614913504,0.8499427599126858,0.0,4.228147622063004,7.954677679149269,0.36114350035786624
2.091999999999991,0.5614741309287873,0.05047137081636618,0.5922968515700665,-0.35795584395713054,0.0,-0.09650519309254774,0.36110799350514555,0.07695575564802558,0.37183790189844446,0.8499428906405996,0.0,4.228147622063004,7.954677679149269,0.36114350035786624
2.10199999999999,0.5621899606623237,0.10599137394573607,0.5979881143184198,-0.35051954984358485,0.0,-0.08906889897900205,0.36028732918650214,0.07703500314435742,0.3712477784664353,0.8499430121356936,0.0,2.257957565784454,7.954677679149269,0.251697863638401
2.111999999999989,0.5641018594661252,0.23967061413633467,0.6065155478169376,-0.34169702027547005,0.0,-0.08024636941088725,0.35947132196700765,0.07708219917723183,0.3710861392792951,0.8499431229160938,0.0,2.257957565784454,7.954677679149269,0.251697863638401
2.121999999999988,0.5670431190551899,0.325622610368153,0.6143794085065148,-0.3320806360222388,0.0,-0.070629985157656,0.35866001690282967,0.07712215762666164,0.3706389604169359,0.8499432213512839,0.0,2.257957565784454,7.954677679149269,0.251697863638401
2.131999999999987,0.5706707200531751,0.38497226476027785,0.6215483703305775,-0.321785049529882,0.0,-0.060334398665299216,0.3578532500994383,0.07716181689859052,0.3700787930481756,0.8499433064092307,0.0,2.257957565784454,7.954677679149269,0.251697863638401
2.1419999999999857,0.5747935849841143,0.42880803523800365,0.6279865391169752,-0.310140130444191,0.0,-0.048689479579608175,0.3570507284458913,0.07721290109112412,0.37065492878860273,0.8499433769384246,0.0,2.257957565784454,7.954677679149269,0.251697863638401
2.1519999999999846,0.5798470705539559,0.7409137658612175,0.6414403326038656,-0.29850776323528566,0.0,-0.03705711237070286,0.3562520769858032,0.0772886577554097,0.3708415181067878,0.8499434317893362,0.0,0.2744100809097292,7.954677679149269,0.15789060294628143
2.1619999999999835,0.5930060468240602,1.5880455578347026,0.6785502208503688,-0.28516391686565423,0.0,-0.02371326600107143,0.35545659745045405,0.07736220421195915,0.3710962442403595,0.8499434702316129,0.0,0.2744100809097292,7.954677679149269,0.15789060294628143
2.1719999999999824,0.6105711140543496,1.805662314180007,0.7045748186078264,-0.27022774310262326,0.0,-0.008777092238040463,0.3546623097422463,0.07743499860696432,0.37101886591428146,0.849943490259963,0.0,0.2744100809097292,7.954677679149269,0.15789060294628143
2.1819999999999813,0.6280522666288265,1.6800066167829304,0.7203649562381224,-0.2552558107086722,0.0,0.006194840155910597,0.35386648648539015,0.07750634871467726,0.3699539513377951,0.8499434895033112,0.0,0.2744100809097292,7.954677679149269,0.15789060294628143
2.19199999999998,0.6432496346034448,1.3986218939992645,0.7275433832742176,-0.23994526124880125,0.0,0.02150538961578155,0.353066568424727,0.07756881392782956,0.3696895310756906,0.8499434670503646,0.0,0.2744100809097292,7.954677679149269,0.15789060294628143
2.201999999999979,0.6551714529993292,1.0458362989743597,0.7269760326576783,-0.2250488331445712,0.0,0.03640181772001161,0.3522605999323569,0.0776375090541059,0.37039289792824526,0.8499434223311512,0.0,0.20019543170928955,7.954677679149269,0.07151851058006287
2.211999999999978,0.6632864337277852,0.6563394746494358,0.7189470509520522,-0.21253023262361914,0.0,0.04892041824096366,0.3514473941941799,0.07768398843262098,0.37040800499912685,0.849943358214234,0.0,0.20019543170928955,7.954677679149269,0.07151851058006287
2.221999999999977,0.667735750953048,0.3130657902233056,0.7059913135891338,-0.20235382764849427,0.0,0.05909682321608853,0.35062657970909317,0.07774080474614667,0.37073103802640583,0.8499432778154921,0.0,0.20019543170928955,7.954677679149269,0.07151851058006287
2.231999999999976,0.6692008438038571,0.05058724885391788,0.6902511316029899,-0.1948938023882592,0.0,0.0665568484763236,0.34979852128868655,0.07780608746473343,0.3714691126012861,0.8499431842548841,0.0,0.20019543170928955,7.954677679149269,0.07151851058006287
2.2419999999999747,0.6687040692881239,-0.10086260927087524,0.6742233210998838,-0.190511528236111,0.0,0.0709391226284718,0.34896413919062874,0.07786889896154456,0.37239031033397896,0.8499430825707368,0.0,0.20019543170928955,7.954677679149269,0.07151851058006287
2.2519999999999736,0.6674336547834652,-0.12311467029190154,0.6603343146183894,-0.18985066655341856,0.0,0.07159998431116424,0.3481246756658875,0.07792614186809015,0.37256575107914447,0.8499429780077862,0.0,0.22637343406677246,7.954677679149269,0.027716124057769798
2.2619999999999725,0.6666927552283564,-0.03634580743922325,0.650223860715271,-0.19120403137125203,0.0,0.07024661949333078,0.3472814389171236,0.07798669809947449,0.3740316346440058,0.8499428741987451,0.0,0.22637343406677246,7.954677679149269,0.027716124057769798
2.2719999999999714,0.6670904804766169,0.09837475018207015,0.6434746642459986,-0.19588577164359175,0.0,0.06556487922099105,0.34643556284071786,0.07804710213687398,0.3744938859963266,0.8499427751574506,0.0,0.22637343406677246,7.954677679149269,0.027716124057769798
2.2819999999999703,0.6691872357417574,0.2902042550249765,0.641292724535621,-0.2036134569572595,0.0,0.05783719390732331,0.34558788334007345,0.07810630771959015,0.3737845736869082,0.8499426858932381,0.0,0.22637343406677246,7.954677679149269,0.027716124057769798
2.291999999999969,0.6734299463051585,0.5165571865204613,0.6439190593552161,-0.21264065408585903,0.0,0.048809996778723774,0.34473885229738643,0.07816433862572937,0.37365924992774946,0.8499426092401439,0.0,0.22637343406677246,7.954677679149269,0.027716124057769798
2.301999999999968,0.6798763458952913,0.6914342553637808,0.6494206882416473,-0.2225568509275882,0.0,0.0388937999369946,0.3438884785887502,0.07820410307752776,0.3739622792814351,0.84994254653928,0.0,2.631174260377884,7.954677679149269,0.0003803372383117676
2.311999999999967,0.6864584666355215,0.6364035939653879,0.6505006707698037,-0.2340838194892965,0.0,0.02736683137528631,0.3430363865557854,0.07815921704576172,0.37344501978779854,0.849942499819142,0.0,2.631174260377884,7.954677679149269,0.0003803372383117676
2.321999999999966,0.692501210493233,0.5828851425704416,0.6521438446701572,-0.2468408029237684,0.0,0.014609847940814408,0.34218216629354525,0.07810368544475554,0.3726340136663967,0.8499424710360659,0.0,2.631174260377884,7.954677679149269,0.0003803372383117676
2.3319999999999648,0.6980098200916252,0.529404238846739,0.6543926759483681,-0.2605819664168275,0.0,0.0008686844477552857,0.3413255378282841,0.07797607196225047,0.3714524415247288,0.849942461767357,0.0,2.631174260377884,7.954677679149269,0.0003803372383117676
2.3419999999999637,0.7029680822907797,0.47306112997855426,0.6572317676928296,-0.2736430569807651,0.0,-0.012192406116182275,0.34046634607532,0.0778285866080658,0.3718314608748984,0.8499424708400737,0.0,2.631174260377884,7.954677679149269,0.0003803372383117676
2.3519999999999626,0.7073366246687673,0.40665678507925684,0.660434016367831,-0.28744757441052143,0.0,-0.025996923545938633,0.33960455551400104,0.07765102834997853,0.3713645139693026,0.8499424981319269,0.0,3.9541347665597004,7.954677679149269,0.0009428679943084828
2.3619999999999615,0.7108215487695165,0.31101449830670935,0.6631201064383206,-0.30054482293287654,0.0,-0.03909417206829374,0.3387402554106328,0.07756315233101796,0.37183858186867924,0.8499425429829716,0.0,3.9541347665597004,7.954677679149269,0.0009428679943084828
2.3719999999999604,0.7133984823384166,0.22311095866277275,0.6661767993026093,-0.31315874378251096,0.0,-0.05170809291792816,0.33787369642500864,0.07755959619045782,0.3726227018155879,0.8499426044925512,0.0,3.9541347665597004,7.954677679149269,0.0009428679943084828
2.3819999999999593,0.7151422183195707,0.14282398643701394,0.6696125510088013,-0.32614446667447966,0.0,-0.06469381580989686,0.3370052900921967,0.07753787745564501,0.37200660478276093,0.8499426831702461,0.0,3.9541347665597004,7.954677679149269,0.0009428679943084828
2.391999999999958,0.7161248931110846,0.06935306687681775,0.6734100628680032,-0.3384339452898101,0.0,-0.07698329442522728,0.33613558352550943,0.07756151686472688,0.37116797300717097,0.8499427784514033,0.0,3.9541347665597004,7.954677679149269,0.0009428679943084828
2.401999999999957,0.7164150875190739,0.004680703313765695,0.6776073428790751,-0.34940825545898474,0.0,-0.08795760459440194,0.33526523590011875,0.07762773537843373,0.3706421628183575,0.8499428889473516,0.0,3.633659402809387,7.954677679149269,0.00810534954071046
2.411999999999956,0.7161518082975019,-0.04696776977078376,0.6823862845419599,-0.3586134087898414,0.0,-0.09716275792525858,0.3343949951391857,0.07769526146549571,0.37069069643993857,0.8499430125495414,0.0,3.633659402809387,7.954677679149269,0.00810534954071046
2.421999999999955,0.7153864894169857,-0.09561179842972056,0.6874069771679017,-0.3668370303109775,0.0,-0.10538637944639467,0.33352566795364647,0.07776144779186006,0.3699173657383088,0.8499431474721658,0.0,3.633659402809387,7.954677679149269,0.00810534954071046
2.4319999999999538,0.7141628766648697,-0.13966634924384141,0.6926051830304205,-0.37252896322718554,0.0,-0.11107831236260274,0.33265810276053276,0.07782632093923474,0.37026889101347527,0.84994329134421,0.0,3.633659402809387,7.954677679149269,0.00810534954071046
2.4419999999999527,0.7125336873703805,-0.1773965775023461,0.6979159475647017,-0.3769998583707497,0.0,-0.11554920750616687,0.33179317782220363,0.07788990696192964,0.3697347125400663,0.849943441735931,0.0,3.633659402809387,7.954677679149269,0.00810534954071046
2.4519999999999516,0.7107750359977554,-0.10528065621712157,0.7061526245749362,-0.37859609930759947,0.0,-0.11714544844301666,0.33093178781760235,0.07795223139732058,0.37050890292285255,0.8499435957542018,0.0,0.9802530050277709,7.954677679149269,0.019377851486206077
2.4619999999999505,0.7119518827448243,0.23854239694776416,0.7254516097814442,-0.37825384227754305,0.0,-0.11680319141296025,0.3300747241438124,0.07801331927610541,0.37031380578398276,0.8499437502063442,0.0,0.9802530050277709,7.954677679149269,0.019377851486206077
2.4719999999999493,0.715503922327085,0.4162185521747056,0.7436862126065187,-0.3746825295274195,0.0,-0.11323187866283668,0.32922223362645614,0.07807319513235704,0.3704522598984703,0.8499439015820067,0.0,0.9802530050277709,7.954677679149269,0.019377851486206077
2.4819999999999482,0.7201934206623478,0.4934630433480087,0.7605044818101832,-0.3676310093116669,0.0,-0.10618035844708412,0.32837407785283956,0.07813188301337667,0.3714971938830306,0.8499440457343161,0.0,0.9802530050277709,7.954677679149269,0.019377851486206077
2.491999999999947,0.725272870696876,0.511647385602965,0.7756342826578655,-0.3587213247118326,0.0,-0.0972706738472498,0.3275298023933714,0.07818940648935169,0.3714920765360329,0.8499441791987958,0.0,0.9802530050277709,7.954677679149269,0.019377851486206077
2.501999999999946,0.7310168771291078,0.8446719949107423,0.7986255030744019,-0.3480306398518299,0.0,-0.08657998898724711,0.32668889895920306,0.0782457886628219,0.37072743246038387,0.8499442993561335,0.0,0.2000005006790162,7.954677679149269,0.030638784170150757
2.511999999999945,0.7458959868571933,1.7590841657184886,0.8477187175723713,-0.3327243462714995,0.0,-0.07127369540691669,0.325850559038775,0.07830105217795799,0.37087922463454215,0.8499444022417877,0.0,0.2000005006790162,7.954677679149269,0.030638784170150757
2.521999999999944,0.7641681041971112,1.7881159505396191,0.8775195711175304,-0.3137431624114725,0.0,-0.052292511546889686,0.32501257675748624,0.07835521922965581,0.37080652244227186,0.8499444817062604,0.0,0.2000005006790162,7.954677679149269,0.030638784170150757
2.5319999999999427,0.7796899074978404,1.3543028267237875,0.8898409018023308,-0.29248484460358215,0.0,-0.03103419373899935,0.3241721952044922,0.07840831157245032,0.37099072608452777,0.8499445337736877,0.0,0.2000005006790162,7.954677679149269,0.030638784170150757
2.5419999999999416,0.7895788498575483,0.7326631546711402,0.887474712998943,-0.2709214754183913,0.0,-0.009470824553808488,0.3233273345049861,0.07846035052925258,0.3708819463319275,0.8499445574411961,0.0,0.2000005006790162,7.954677679149269,0.030638784170150757
2.5519999999999405,0.7929916765644194,0.08471872068292925,0.8733573200685395,-0.2501371122724134,0.0,0.011313538592169381,0.3224771250038681,0.0785113569999135,0.3708581785037719,0.8499445526038951,0.0,0.20000000000000018,7.954677679149269,0.031406217813491843
2.5619999999999394,0.7902616685476926,-0.4961424121416574,0.850478404251743,-0.23147798237479186,0.0,0.029972668489790938,0.3216220022021557,0.07856135146961761,0.37058825065074597,0.849944519119323,0.0,0.20000000000000018,7.954677679149269,0.031406217813491843
2.5719999999999383,0.7823930198576917,-0.9625478472189861,0.8217058832326498,-0.21469346243143744,0.0,0.04675718843314536,0.3207635597963882,0.07861035401711026,0.37160886493508705,0.8499444600159054,0.0,0.20000000000000018,7.954677679149269,0.031406217813491843
2.5819999999999372,0.7706896385215525,-1.2882681620771932,0.7898562897335317,-0.20154315571298798,0.0,0.059907495151594825,0.31990428090566386,0.07865838432276173,0.37228441346670926,0.8499443796528358,0.0,0.20000000000000018,7.954677679149269,0.031406217813491843
2.591999999999936,0.7566480996512382,-1.4620419583834168,0.7576645125825171,-0.1922006405333239,0.0,0.06925001033125891,0.3190472229492115,0.07870546167647109,0.3728243543560261,0.8499442835251338,0.0,0.20000000000000018,7.954677679149269,0.031406217813491843
2.601999999999935,0.7417338006281425,-1.4900885624425513,0.7274061670717733,-0.18674195594346832,0.0,0.07470869492111448,0.31819568924344566,0.07875160498541357,0.37323280456565966,0.8499441770000078,0.0,0.20304913520813006,7.954677679149269,0.11343428492546082
2.611999999999934,0.7274155860985085,-1.3805907499743215,0.7012826321933078,-0.1849950896065622,0.0,0.07645556125802061,0.3173529219715863,0.07879683278163392,0.3735230316021937,0.849944066090525,0.0,0.20304913520813006,7.954677679149269,0.11343428492546082
2.621999999999933,0.7147686305034155,-1.1773951015629303,0.6800421519715395,-0.18632884506052425,0.0,0.07512180580405856,0.31652182699275266,0.07884116322948934,0.37412511820741157,0.8499439554900491,0.0,0.20304913520813006,7.954677679149269,0.11343428492546082
2.6319999999999317,0.7045476702607959,-0.9112286500661919,0.6642827335603176,-0.1904826661114056,0.0,0.0709679847531772,0.31570478153059817,0.0788846141329445,0.3747935719718213,0.8499438490229997,0.0,0.20304913520813006,7.954677679149269,0.11343428492546082
2.6419999999999306,0.6973010947036175,-0.5960381547825099,0.6546554633022662,-0.1970807416362766,0.0,0.06436990922830621,0.3149035195067994,0.07892720294272211,0.3753159609141806,0.8499437509180828,0.0,0.20304913520813006,7.954677679149269,0.11343428492546082
2.6519999999999295,0.6934214124348068,-0.24421347479250832,0.6515683438922145,-0.20632254447411114,0.0,0.055128106390471665,0.31411906669204204,0.078947210164365,0.37455700391946267,0.8499436647788421,0.0,3.634833604530841,7.954677679149269,0.028091490268707275
2.6619999999999284,0.6926949742003198,0.019431528160058532,0.6517201039240281,-0.21563643427869983,0.0,0.04581421658588297,0.31335171594265326,0.07894094553508609,0.3752786469530519,0.8499435921091762,0.0,3.634833604530841,7.954677679149269,0.028091490268707275
2.6719999999999273,0.6937640640165224,0.15198397386304974,0.6522193275284335,-0.22629037416617634,0.0,0.03516027669840646,0.31260113391101896,0.07897394721517134,0.3753707687931719,0.8499435343448272,0.0,3.634833604530841,7.954677679149269,0.028091490268707275
2.681999999999926,0.6956566352842792,0.20606504343307838,0.6530928925403033,-0.23752182717155926,0.0,0.023928823693023543,0.311866636957917,0.07889087434900514,0.3754505890965699,0.8499434927962812,0.0,3.634833604530841,7.954677679149269,0.028091490268707275
2.691999999999925,0.6977867254227116,0.21274912312022315,0.6543507123741858,-0.2491901275651769,0.0,0.012260523299405912,0.31114740680343783,0.07879265066437208,0.3754172927131133,0.8499434680611916,0.0,3.634833604530841,7.954677679149269,0.028091490268707275
2.701999999999924,0.699803769403032,0.19117083477670008,0.655992120675245,-0.2612372011465289,0.0,0.00021344971805392632,0.31044261634042664,0.07874881553370046,0.37513083245860757,0.8499434608867318,0.0,3.7809723742775105,7.954677679149269,0.009060698747634877
2.711999999999923,0.7014835637832116,0.15071647779618322,0.6579488990663268,-0.2725235157373937,0.0,-0.011072864872810895,0.3097515007338795,0.07864942760450835,0.37573277708447783,0.8499434697350015,0.0,3.7809723742775105,7.954677679149269,0.009060698747634877
2.721999999999922,0.7027022303769469,0.10183728023045908,0.6602683579836035,-0.28420008322121715,0.0,-0.022749432356634347,0.3090733976914663,0.07856216099218209,0.3752911903034233,0.849943493940044,0.0,3.7809723742775105,7.954677679149269,0.009060698747634877
2.7319999999999207,0.7034025649906396,0.04873930477030785,0.6629259340963212,-0.2952616473341525,0.0,-0.0338109964695697,0.30840776585258706,0.07847493859935131,0.37490403337442135,0.8499435326702364,0.0,3.7809723742775105,7.954677679149269,0.009060698747634877
2.7419999999999196,0.7035641468234145,-0.005410106700778385,0.6658939991589615,-0.30508614568543296,0.0,-0.04363549482085016,0.30775418858351933,0.0783802844500005,0.3750850169186045,0.8499435849614214,0.0,3.7809723742775105,7.954677679149269,0.009060698747634877
2.7519999999999185,0.7031952472354858,-0.05719127423494015,0.6691589482956155,-0.3143604887220705,0.0,-0.05290983785748771,0.3071123701159223,0.07828619135447089,0.3746197700701237,0.8499436499300526,0.0,3.716355930737645,7.954677679149269,0.016558796167373657
2.7619999999999174,0.7023428835582242,-0.10351927037605124,0.6727297652621712,-0.32268693244981317,0.0,-0.06123628158523037,0.30648212577918565,0.0781411203938189,0.3737206190068483,0.8499437265623464,0.0,3.716355930737645,7.954677679149269,0.016558796167373657
2.7719999999999163,0.701047449310232,-0.1461035561546413,0.6765003714005022,-0.32951904370839563,0.0,-0.06806839284381283,0.3058633664986451,0.07805401024627644,0.37302870617556705,0.8499438125658735,0.0,3.716355930737645,7.954677679149269,0.016558796167373657
2.781999999999915,0.6993532744833444,-0.18423688392611628,0.680410889709475,-0.3339611361130722,0.0,-0.07251048524848941,0.3052560841381355,0.0780201370015508,0.3736314647885792,0.8499439056670258,0.0,3.716355930737645,7.954677679149269,0.016558796167373657
2.791999999999914,0.6973152511316518,-0.215978506663112,0.684415689941249,-0.3372394225119398,0.0,-0.07578877164735698,0.3046603374936044,0.07797087669074731,0.3736124391172426,0.8499440041259839,0.0,3.716355930737645,7.954677679149269,0.016558796167373657
2.801999999999913,0.6951135360048115,-0.18400181677139926,0.69005230219481,-0.3385184553515908,0.0,-0.07706780448700801,0.3040762370010352,0.077907724609649,0.3740065501434281,0.8499441054508858,0.0,1.2433633327484133,7.954677679149269,0.032503080368042
2.811999999999912,0.694478895478351,0.0019295604647591447,0.7018337733178677,-0.3379089357130062,0.0,-0.07645828484842337,0.30350387046569116,0.07778794452215616,0.37410693291510067,0.8499442068043895,0.0,1.2433633327484133,7.954677679149269,0.032503080368042
2.821999999999911,0.6951363709687229,0.099045239102479,0.7130276963384603,-0.3345071425543672,0.0,-0.0730564916897844,0.30294305026338253,0.07762768639223303,0.37487639436240383,0.8499443053039704,0.0,1.2433633327484133,7.954677679149269,0.032503080368042
2.8319999999999097,0.6964262421939663,0.14389019061679387,0.7234181307767221,-0.32927679966494716,0.0,-0.06782614880036436,0.30239333824725306,0.0774803175706685,0.37518356958422205,0.8499443978272313,0.0,1.2433633327484133,7.954677679149269,0.032503080368042
2.8419999999999086,0.6979761602885568,0.15942177232002203,0.7328468039093253,-0.32227359110647114,0.0,-0.060822940241888335,0.3018541881117386,0.07730592130331602,0.3751210168347644,0.8499444819349579,0.0,1.2433633327484133,7.954677679149269,0.032503080368042
2.8519999999999075,0.7001747308292803,0.45504012014990164,0.7494467445250023,-0.31391731497691694,0.0,-0.05246666411233414,0.3013250273544083,0.07708833623749332,0.3743466746603781,0.8499445557743167,0.0,0.20001134872436532,7.954677679149269,0.018339085578918446
2.8619999999999064,0.7103860343131349,1.2702250114341156,0.7892696842136546,-0.30255682621536306,0.0,-0.04110617535078026,0.3008050152923539,0.07685581505174151,0.3731837362742457,0.8499446167301369,0.0,0.20001134872436532,7.954677679149269,0.018339085578918446
2.8719999999999053,0.7239305103264095,1.3378423102777988,0.8135220488292387,-0.28674056046536306,0.0,-0.025289909600780258,0.3002920770290259,0.07665212454621498,0.37371501301884824,0.8499446589031812,0.0,0.20001134872436532,7.954677679149269,0.018339085578918446
2.881999999999904,0.7355529077566675,1.011320586159904,0.8235513434414671,-0.26950677001234363,0.0,-0.008056119147760832,0.2997835938541392,0.07643760295185965,0.3736434764092609,0.8499446787711811,0.0,0.20001134872436532,7.954677679149269,0.018339085578918446
2.891999999999903,0.7427824564426972,0.5197409918741803,0.8215717873127628,-0.2517910870283373,0.0,0.0096595638362455,0.29927745359494934,0.07623761443277328,0.37349319432534456,0.8499446748864008,0.0,0.20001134872436532,7.954677679149269,0.018339085578918446
2.901999999999902,0.74475450571941,-0.017854192947649485,0.8094304012401607,-0.23357378156264993,0.0,0.027876869301932866,0.29877251535972404,0.07597636938301915,0.374793442071094,0.8499446445109132,0.0,0.20000000000000018,7.954677679149269,0.04506826400756836
2.911999999999901,0.7415869700820268,-0.5059273264548195,0.789816657508381,-0.2175107409503962,0.0,0.043939909914186615,0.29826872196403487,0.0756588704301884,0.375139057097714,0.8499445895119733,0.0,0.20000000000000018,7.954677679149269,0.04506826400756836
2.9219999999999,0.7340839028201706,-0.8982862827811543,0.7652243038262676,-0.20356156755221655,0.0,0.05788908331236625,0.2977670074397176,0.07534507114686637,0.37563473413795945,0.8499445127220013,0.0,0.20000000000000018,7.954677679149269,0.04506826400756836
2.9319999999998987,0.7233863102540912,-1.1658380285879808,0.738229383600877,-0.1929134888962418,0.0,0.068537161968341,0.2972690778553336,0.07498449852206687,0.37529392039580556,0.8499444183260783,0.0,0.20000000000000018,7.954677679149269,0.04506826400756836
2.9419999999998976,0.7108065367867881,-1.3037315360174637,0.7110726995364745,-0.18507659151868322,0.0,0.07637405934589958,0.29677713759735946,0.07460840825338817,0.375159798485018,0.8499443109037879,0.0,0.20000000000000018,7.954677679149269,0.04506826400756836
2.9519999999998965,0.6975404110942942,-1.3246641629772147,0.6854247972894398,-0.18008022792806846,0.0,0.08137042293651434,0.29629360440763586,0.07427232203352438,0.3753698616756219,0.8499441944187466,0.0,0.20274555683135986,7.954677679149269,0.11134865283966064
2.9619999999998954,0.6847487552041887,-1.2362294522479198,0.6630084063619841,-0.17838837688080147,0.0,0.08306227398378133,0.29582085705820793,0.0739246265929319,0.37507741855374255,0.8499440735661334,0.0,0.20274555683135986,7.954677679149269,0.11134865283966064
2.9719999999998943,0.6732938419713866,-1.07703542899679,0.6443489017476343,-0.17859502910590414,0.0,0.08285562175867867,0.2953610155919435,0.07356226617785407,0.3758727866863374,0.8499439518804518,0.0,0.20274555683135986,7.954677679149269,0.11134865283966064
2.981999999999893,0.6637703885125633,-0.8622428799164505,0.6301458922793702,-0.18148222904117545,0.0,0.07996842182340735,0.29491578859087475,0.07322277782733438,0.3762640723532409,0.8499438328818474,0.0,0.20274555683135986,7.954677679149269,0.11134865283966064
2.991999999999892,0.6566816143387103,-0.6001086234104286,0.6210813386953453,-0.18689143422700566,0.0,0.07455921663757714,0.29448638095775803,0.07286524251101412,0.3758203671474917,0.8499437203897514,0.0,0.20274555683135986,7.954677679149269,0.11134865283966064
3.001999999999891,0.6524216794583956,-0.30064311141044137,0.61760404137021,-0.19359232738891002,0.0,0.06785832347567278,0.29407342900766975,0.0724996720333524,0.3755899344169391,0.8499436171305403,0.0,2.8984859839081762,7.954677679149269,0.04202742576599122
3.01199999999989,0.6510309871859323,-0.05107041474921876,0.6176791408681117,-0.2015500693169549,0.0,0.059900581547627896,0.2936769627760777,0.07218380404756886,0.3749483783366996,0.8499435247399204,0.0,2.8984859839081762,7.954677679149269,0.04202742576599122
3.0219999999998888,0.6513851773883315,0.08102756009263287,0.6181026659384715,-0.20973745903080224,0.0,0.051713191833780564,0.29329646103980384,0.07185631057439097,0.37492365167138575,0.8499434442613699,0.0,2.8984859839081762,7.954677679149269,0.04202742576599122
3.0319999999998877,0.6526090781114814,0.14286299513154369,0.6188932277151917,-0.2186337280998098,0.0,0.042816922764773,0.2929310773737733,0.0715568502556218,0.37459349880796133,0.8499433764895281,0.0,2.8984859839081762,7.954677679149269,0.04202742576599122
3.0419999999998866,0.654186181758804,0.16356218419360213,0.6200793968594563,-0.22855528009575482,0.0,0.03289537076882798,0.2925798340978905,0.0712819840959169,0.3733058572142458,0.8499433225690578,0.0,2.8984859839081762,7.954677679149269,0.04202742576599122
3.0519999999998855,0.6558039276143589,0.15595159182642954,0.6215666906989649,-0.2380249780854169,0.0,0.023425672779165907,0.29224173447185986,0.07107361501961558,0.37285573912417047,0.8499432825593305,0.0,3.92178906614724,7.954677679149269,0.012998592853546154
3.0619999999998844,0.6571738451171186,0.1229756008494726,0.6230212494322453,-0.24688411747850503,0.0,0.014566533386077773,0.29191582906792046,0.07085506807038969,0.3731777481819868,0.8499432564457877,0.0,3.92178906614724,7.954677679149269,0.012998592853546154
3.0719999999998833,0.6581699158526367,0.08363362495801552,0.624742333390948,-0.2560665367273164,0.0,0.005384114137266416,0.2916012660616229,0.07061678755370962,0.3726895921946556,0.8499432432826851,0.0,3.92178906614724,7.954677679149269,0.012998592853546154
3.081999999999882,0.6587529116011306,0.04136232077788914,0.6267180333430264,-0.2646319914556792,0.0,-0.0031813405910964265,0.291297311991378,0.07032015436764276,0.3724109477523295,0.8499432425188062,0.0,3.92178906614724,7.954677679149269,0.012998592853546154
3.091999999999881,0.658908621397073,-0.0016269767031187876,0.6289272831475042,-0.2720316368843124,0.0,-0.010580986019729621,0.29100335274362055,0.07003014768679743,0.372899847943275,0.8499432524836322,0.0,3.92178906614724,7.954677679149269,0.012998592853546154
3.10199999999988,0.6586376927471956,-0.04501816704203902,0.6312959680461601,-0.2793612709121722,0.0,-0.01791062004758942,0.2907188889935493,0.06980624459064312,0.3724834839117406,0.849943272309423,0.0,4.409956821217758,7.954677679149269,0.03173466324806212
3.111999999999879,0.6579050925727908,-0.09118146061191587,0.6336215244924255,-0.28571688068026674,0.0,-0.024266229815683937,0.29044352995388223,0.06953369813498367,0.37212884369392596,0.8499433010157579,0.0,4.409956821217758,7.954677679149269,0.03173466324806212
3.1219999999998778,0.6567540302128355,-0.13023089968838397,0.6360985821884045,-0.2913735842069548,0.0,-0.029922933342372005,0.2901769905825427,0.06925003816713145,0.37131564877149803,0.849943337777107,0.0,4.409956821217758,7.954677679149269,0.03173466324806212
3.1319999999998767,0.6552441224021202,-0.16415691849624126,0.6386759149026741,-0.29509922652824233,0.0,-0.03364857566365953,0.28991907803423406,0.06904234519341476,0.37168355623502314,0.8499433802647182,0.0,4.409956821217758,7.954677679149269,0.03173466324806212
3.1419999999998756,0.6534304040225462,-0.19208120623632768,0.6413247290685731,-0.2980337584098118,0.0,-0.03658310754522898,0.28966967411319344,0.06882583799174104,0.37148780493096345,0.8499434271747828,0.0,4.409956821217758,7.954677679149269,0.03173466324806212
3.1519999999998745,0.6513802807526838,-0.21007643813971288,0.6441164618312718,-0.2996878032172838,0.0,-0.038237152352700976,0.2894287195348542,0.06860104839848409,0.37130967099346635,0.8499434767083095,0.0,3.6583231708628796,7.954677679149269,0.07583717107772828
3.1619999999998734,0.6492752705436957,-0.21082501362984507,0.6473477781890595,-0.3001473487710892,0.0,-0.03869669790650637,0.2891961943488621,0.06835149188390016,0.3709216772260139,0.8499435274807807,0.0,3.6583231708628796,7.954677679149269,0.07583717107772828
3.1719999999998723,0.647166812944911,-0.2106675927109232,0.6505365859597307,-0.2991624324824684,0.0,-0.037711781617885576,0.28897208566160076,0.06814233954519851,0.3707080959740161,0.8499435779632021,0.0,3.6583231708628796,7.954677679149269,0.07583717107772828
3.181999999999871,0.6450700569612197,-0.20838016003220905,0.6536213951531787,-0.2966332357427324,0.0,-0.035182584878149625,0.2887563743017014,0.06798901721034492,0.3708705841143213,0.8499436257519086,0.0,3.6583231708628796,7.954677679149269,0.07583717107772828
3.19199999999987,0.6430183026644695,-0.20238622396593145,0.6565595638020089,-0.29276410330305336,0.0,-0.03131345243847056,0.28854903180996255,0.06788522141796648,0.3711825769871391,0.8499436691503275,0.0,3.6583231708628796,7.954677679149269,0.07583717107772828
3.201999999999869,0.641487656953257,0.02494974942714688,0.6653772477806937,-0.28789995954111747,0.0,-0.026449308676534666,0.2883500148335501,0.06773651725978026,0.37119475324196827,0.8499437066403704,0.0,0.2965941667556766,7.954677679149269,0.06128125190734862
3.211999999999868,0.6463739696637183,0.7176104185459753,0.6942642169963186,-0.280866290160416,0.0,-0.019415639295833176,0.28815904387464186,0.0675446389954548,0.3708573138381004,0.8499437365432995,0.0,0.2965941667556766,7.954677679149269,0.06128125190734862
3.2219999999998667,0.6551767771264825,0.9400653190242032,0.7158868467499107,-0.2707517573771911,0.0,-0.009301106512608293,0.28797479567456863,0.06737506018389583,0.3710774855601089,0.8499437546281874,0.0,0.2965941667556766,7.954677679149269,0.06128125190734862
3.2319999999998656,0.6644536801572846,0.8933597385250976,0.7302852453937008,-0.2590116534989899,0.0,0.0024389973655928876,0.28779525620157753,0.0672188651263671,0.3708913471866002,0.8499437578724611,0.0,0.2965941667556766,7.954677679149269,0.06128125190734862
3.2419999999998645,0.6723210787690228,0.7023322693301909,0.7378274521573418,-0.24618402251505545,0.0,0.015266628349527356,0.28761842880691335,0.06704781719756157,0.37053507416492804,0.8499437431669628,0.0,0.2965941667556766,7.954677679149269,0.06128125190734862
3.2519999999998634,0.6778403036570126,0.4443883442643284,0.739075739208672,-0.23293852338121845,0.0,0.028512127483364347,0.287442709725314,0.06693130938222822,0.3701147752718029,0.8499437092829829,0.0,0.2000005006790162,7.954677679149269,0.06630778312683105
3.2619999999998623,0.6803877576235042,0.12036294837945283,0.7331795161913427,-0.21976096959497746,0.0,0.041689681269605344,0.28726705488230725,0.06684781169615135,0.3699794711725062,0.8499436562387936,0.0,0.2000005006790162,7.954677679149269,0.06630778312683105
3.2719999999998612,0.6795296098256459,-0.22053707981926735,0.7208728111313315,-0.20723149982657216,0.0,0.05421915103801064,0.2870910669182135,0.06675998089934429,0.37030781765539333,0.849943584189025,0.0,0.2000005006790162,7.954677679149269,0.06630778312683105
3.28199999999986,0.6755171823191775,-0.5123749069444773,0.7042997604820969,-0.196783203145717,0.0,0.06466744771886579,0.28691502660748053,0.06667943179935565,0.36993727003655896,0.8499434955600229,0.0,0.2000005006790162,7.954677679149269,0.06630778312683105
3.291999999999859,0.6690287037867071,-0.7289860697161192,0.685262316943159,-0.18803970986549437,0.0,0.07341094099908843,0.28673980208977456,0.0666141658678514,0.37003321426256586,0.8499433929400017,0.0,0.2000005006790162,7.954677679149269,0.06630778312683105
3.301999999999858,0.6609081577018004,-0.8551253374141418,0.665542670323283,-0.1815071515795278,0.0,0.07994349928505501,0.28656668087749787,0.06646099615403375,0.37014117446640926,0.8499432796662302,0.0,0.20017457008361816,7.954677679149269,0.06203461289405823
3.311999999999857,0.6520428109337293,-0.8945988042523669,0.6465290044033962,-0.1774581337785266,0.0,0.0839925170860562,0.28639717793724545,0.06625571524389254,0.37002602691064057,0.8499431589130749,0.0,0.20017457008361816,7.954677679149269,0.06203461289405823
3.3219999999998557,0.6432873371273932,-0.8529076438019197,0.6295089739171797,-0.175773593171008,0.0,0.08567705769357481,0.2862328465396608,0.06603531792710382,0.3698734000930811,0.849943034324505,0.0,0.20017457008361816,7.954677679149269,0.06203461289405823
3.3319999999998546,0.6353620479573058,-0.7432168816498639,0.6153842623074999,-0.17621217686069487,0.0,0.08523847400388793,0.28607511086993875,0.0658514566179645,0.3698104223005708,0.8499429090991667,0.0,0.20017457008361816,7.954677679149269,0.06203461289405823
3.3419999999998535,0.6288465863955546,-0.5835336036258496,0.6047175157793819,-0.17852507250019153,0.0,0.08292557836439127,0.28592513290017774,0.06574146963574125,0.369900980126893,0.8499427860259137,0.0,0.20017457008361816,7.954677679149269,0.06203461289405823
3.3519999999998524,0.6242294037806978,-0.3588858288607055,0.5987334482511659,-0.18227155319122582,0.0,0.07917909767335699,0.2857837163870655,0.06561460428085528,0.37024773381838094,0.8499426678707509,0.0,0.783681416511536,7.954677679149269,0.054861992597579956
3.3619999999998513,0.6223039972119944,-0.09770392425102487,0.5979464284476615,-0.18777276932963224,0.0,0.07367788153495056,0.2856512228244657,0.0654795225677233,0.36965761176982836,0.8499425567588947,0.0,0.783681416511536,7.954677679149269,0.054861992597579956
3.3719999999998502,0.6223774527525106,0.06672693412315081,0.5981091136461681,-0.1932987218815413,0.0,0.06815192898304151,0.2855274896092636,0.06532627884704258,0.37015877327560476,0.8499424541675666,0.0,0.783681416511536,7.954677679149269,0.054861992597579956
3.381999999999849,0.623681985263068,0.16692019721721227,0.599085390761944,-0.19901963457141605,0.0,0.06243101629316675,0.28541196578110595,0.06517872184162388,0.3712622923136484,0.8499423592576886,0.0,0.783681416511536,7.954677679149269,0.054861992597579956
3.391999999999848,0.6257688193018398,0.23352692707173228,0.6010377339133087,-0.20600012113646127,0.0,0.055450529728121534,0.2853038858026978,0.06502828868241796,0.3712355330442295,0.8499422739247914,0.0,0.783681416511536,7.954677679149269,0.054861992597579956
3.401999999999847,0.6283732167310538,0.27089004409000184,0.6037377463302426,-0.21260440233068875,0.0,0.04884624853389405,0.28520237381022107,0.06480788241227729,0.37202992002813573,0.8499421985092854,0.0,1.1639978647232057,7.954677679149269,0.003950375318527211
3.411999999999846,0.6310734861274195,0.26868042663701336,0.6063489721079554,-0.21928783584143674,0.0,0.04216281502314606,0.28510651038491736,0.06453818244730422,0.37277422468974397,0.8499421331341942,0.0,1.1639978647232057,7.954677679149269,0.003950375318527211
3.4219999999998447,0.6337360241526143,0.2643127801351536,0.6096177280517039,-0.22651369030747953,0.0,0.03493696055710327,0.2850154079242573,0.06425773142643214,0.37265659272437857,0.8499420780468576,0.0,1.1639978647232057,7.954677679149269,0.003950375318527211
3.4319999999998436,0.6363474748388694,0.2592763653718432,0.6135312298730355,-0.23394069403465031,0.0,0.027509956829932486,0.28492824056679017,0.06398093413325294,0.3719330672252651,0.8499420333762105,0.0,1.1639978647232057,7.954677679149269,0.003950375318527211
3.4419999999998425,0.6389099260537876,0.2539461938393453,0.6180541217388482,-0.24048041839160358,0.0,0.020970232472979217,0.28484424396496705,0.06369711760890309,0.37185697814606333,0.8499419989405517,0.0,1.1639978647232057,7.954677679149269,0.003950375318527211
3.4519999999998414,0.6414421812356188,0.2644566159546889,0.6235760523441581,-0.24659829369649228,0.0,0.014852357168090524,0.28476271222502053,0.06339394838105968,0.3715305623902875,0.8499419735552796,0.0,0.7895250082015992,7.954677679149269,0.003424394130706776
3.4619999999998403,0.6444654939119969,0.32258784438258126,0.631543453324441,-0.2516323409626513,0.0,0.009818309901931499,0.2846829789985649,0.06314283062637659,0.37160070761420005,0.8499419564386794,0.0,0.7895250082015992,7.954677679149269,0.003424394130706776
3.471999999999839,0.6478771526358234,0.3500490041211503,0.6397609347137709,-0.255141508464903,0.0,0.006309142399679779,0.2846043401698256,0.06296226708022679,0.3724374425820012,0.8499419453924757,0.0,0.7895250082015992,7.954677679149269,0.003424394130706776
3.481999999999838,0.6514355671176438,0.35811892589065336,0.6480613545365972,-0.25827861891057935,0.0,0.0031720319540034514,0.28452606260638236,0.0628780444285224,0.37232662200640443,0.8499419389517502,0.0,0.7895250082015992,7.954677679149269,0.003424394130706776
3.491999999999837,0.6549961305000107,0.3533173124307693,0.6562841486203217,-0.25992831001858846,0.0,0.001522340845994341,0.2844474321508758,0.06276056221861753,0.3726416348085875,0.8499419356500135,0.0,0.7895250082015992,7.954677679149269,0.003424394130706776
3.501999999999836,0.6587796335349979,0.4998452156267661,0.6687447140585939,-0.26058039659071075,0.0,0.0008702542738720509,0.284367782104609,0.06265176746681354,0.3726685784764252,0.8499419341865783,0.0,0.20632257461547887,7.954677679149269,0.007357639074325573
3.511999999999835,0.6669516137985441,0.9687377441685132,0.6953963559110887,-0.25987880564481824,0.0,0.001571845219764556,0.2842863537947217,0.06258157266539605,0.371662409942202,0.8499419325239732,0.0,0.20632257461547887,7.954677679149269,0.007357639074325573
3.5219999999998337,0.6774709115654677,1.0702456085199012,0.7157635478559706,-0.2560962089567499,0.0,0.0053544419078329075,0.2842017301021659,0.062479250284053676,0.37164353831584607,0.8499419269530393,0.0,0.20632257461547887,7.954677679149269,0.007357639074325573
3.5319999999998326,0.6875747581233824,0.9516499608926751,0.7295235985535032,-0.2501094127525795,0.0,0.011341238112003327,0.284112128119178,0.0623615824466247,0.3721861682563592,0.8499419136675409,0.0,0.20632257461547887,7.954677679149269,0.007357639074325573
3.5419999999998315,0.6957835401848393,0.7225949532549403,0.7372204216347924,-0.24299040992599577,0.0,0.01846024093858703,0.2840159519826742,0.062223600188843854,0.3725852531363457,0.8499418910260504,0.0,0.20632257461547887,7.954677679149269,0.007357639074325573
3.5519999999998304,0.7013161095285957,0.4376809382737471,0.7390827132090058,-0.23488157420869826,0.0,0.026569076655884538,0.28391207927820344,0.062031557114248875,0.37339480201165576,0.8499418567713803,0.0,0.20001034736633327,7.954677679149269,0.04602520465850829
3.5619999999998293,0.703956749305747,0.151239736768281,0.73613263468764,-0.2272211270435935,0.0,0.03422952382098929,0.2837999822573992,0.06176815595678525,0.37331336430930306,0.8499418110497182,0.0,0.20001034736633327,7.954677679149269,0.04602520465850829
3.571999999999828,0.7039019668868725,-0.10589271199421511,0.7294301486629083,-0.21970852380844094,0.0,0.04174212705614186,0.2836797323788806,0.061450071421829684,0.37340035233439917,0.8499417544531098,0.0,0.20001034736633327,7.954677679149269,0.04602520465850829
3.581999999999827,0.7014870690788614,-0.325964084259469,0.7197154790905248,-0.2125808303955147,0.0,0.0488698204690681,0.28355192614792996,0.061136782034564414,0.3738654119109328,0.8499416870958602,0.0,0.20001034736633327,7.954677679149269,0.04602520465850829
3.591999999999826,0.697197387724684,-0.4885370807547387,0.7082572022864984,-0.20709163752299686,0.0,0.05435901334158594,0.28341758328594846,0.06089631683713326,0.37345635371924757,0.8499416107597478,0.0,0.20001034736633327,7.954677679149269,0.04602520465850829
3.601999999999825,0.6916871987856033,-0.5851580493709168,0.6962740545822864,-0.2029805861607537,0.0,0.058470064703829094,0.2832780218538197,0.060695067343575944,0.37276243332378145,0.8499415277302874,0.0,0.20038619041442907,7.954677679149269,0.05398138761520385
3.611999999999824,0.6855185320821061,-0.6315163254485808,0.6842966645567956,-0.19954723441309316,0.0,0.06190341645148964,0.28313471468840884,0.06052166709673083,0.3728529241257448,0.849941439075349,0.0,0.20038619041442907,7.954677679149269,0.05398138761520385
3.6219999999998227,0.6791628181497602,-0.6306281205139705,0.6730342654048987,-0.19785950377809683,0.0,0.06359114708648597,0.2829891678711333,0.06038341369762776,0.37230982881906693,0.849941346621066,0.0,0.20038619041442907,7.954677679149269,0.05398138761520385
3.6319999999998216,0.6731404374379786,-0.578773842082954,0.6634068983841758,-0.19719286508664696,0.0,0.06425778577793584,0.28284282274476535,0.06015991381530443,0.37195223098399366,0.8499412530545649,0.0,0.20038619041442907,7.954677679149269,0.05398138761520385
3.6419999999998205,0.667863350841914,-0.49222752932640956,0.6556973450846146,-0.19780515766332335,0.0,0.06364549320125945,0.28269696097801517,0.05984171421307521,0.3712000643003416,0.8499411598619895,0.0,0.20038619041442907,7.954677679149269,0.05398138761520385
3.6519999999998194,0.6635836303874041,-0.3808153823611814,0.650114910537975,-0.19942668049185397,0.0,0.06202397037272883,0.2825526351792137,0.05951873011609333,0.3703307174399295,0.8499410682562564,0.0,0.21688039302825945,7.954677679149269,0.04189061522483828
3.6619999999998183,0.6605411247362789,-0.25262443573441284,0.6468684731934004,-0.2019010704568612,0.0,0.0595495804077216,0.2824106305438765,0.05918227647587619,0.3692919455060162,0.8499409795252929,0.0,0.21688039302825945,7.954677679149269,0.04189061522483828
3.671999999999817,0.6587584094464481,-0.13061201005827844,0.6454770018210845,-0.2041324148183589,0.0,0.05731823604622391,0.2822714404413784,0.058846699831110794,0.36934488338445004,0.8499408943528481,0.0,0.21688039302825945,7.954677679149269,0.04189061522483828
3.681999999999816,0.6581337879777037,-0.017661005912860024,0.6457746226368042,-0.20718673923320505,0.0,0.054263911631377754,0.28213527941004785,0.058476839255365815,0.3687375910438675,0.8499408131268331,0.0,0.21688039302825945,7.954677679149269,0.04189061522483828
3.691999999999815,0.6585790462815677,0.084896214481542,0.6476277979550426,-0.21021246852225484,0.0,0.051238182342327965,0.28200211894764965,0.05815252071446437,0.36847831251609464,0.8499407362826389,0.0,0.21688039302825945,7.954677679149269,0.04189061522483828
3.701999999999814,0.6599534761682523,0.17079890076291457,0.6506969135044078,-0.21325865263137342,0.0,0.04819199823320938,0.2818717225018362,0.05781129847042472,0.3682559541646018,0.8499406637114643,0.0,0.22737395763397217,7.954677679149269,0.010977512598037698
3.711999999999813,0.6621227340183534,0.24562020988709576,0.6549068979079891,-0.21639279434602282,0.0,0.04505785651855998,0.28174368617303447,0.057496358285538264,0.3677598642796852,0.8499405961123041,0.0,0.22737395763397217,7.954677679149269,0.010977512598037698
3.7219999999998117,0.6649490520600878,0.3046576065895198,0.6599376501922445,-0.21913473221817506,0.0,0.04231591864640774,0.2816174766986869,0.05720638041306136,0.36753527201240666,0.8499405328203034,0.0,0.22737395763397217,7.954677679149269,0.010977512598037698
3.7319999999998106,0.6682558412353652,0.34604416778137753,0.66546769095631,-0.22173227859921407,0.0,0.03971837226536873,0.2814924679802197,0.056885771475763236,0.3670276293455075,0.8499404732952699,0.0,0.22737395763397217,7.954677679149269,0.010977512598037698
3.7419999999998095,0.671880861062311,0.37148344192924465,0.671270644261883,-0.2239054978932028,0.0,0.03754515297138,0.28136798125259227,0.056577630177882775,0.36654456550849934,0.8499404171292294,0.0,0.22737395763397217,7.954677679149269,0.010977512598037698
3.7519999999998084,0.6756428613869128,0.3804983263787495,0.6770488216829521,-0.22524760548426898,0.0,0.036203045380313825,0.2812433217520607,0.05630967167295967,0.3666611912557445,0.8499403632597248,0.0,0.2053382396697998,7.954677679149269,0.008039546012878429
3.7619999999998073,0.6795032652203244,0.3862414882082471,0.6830198496890456,-0.22644085713318088,0.0,0.03500979373140192,0.2811178118232606,0.056028588929086354,0.3662800481131233,0.8499403114455072,0.0,0.2053382396697998,7.954677679149269,0.008039546012878429
3.771999999999806,0.6832222254482958,0.3590369052041071,0.688075369553736,-0.22623575926765094,0.0,0.03521489159693186,0.28099080598983284,0.05575945450117563,0.3671807779689733,0.8499402600561083,0.0,0.2053382396697998,7.954677679149269,0.008039546012878429
3.781999999999805,0.6865684187321061,0.31572121214329485,0.6922612627416393,-0.22612996943247216,0.0,0.035320681432110645,0.28086173034475825,0.055462595037467886,0.3673137567294721,0.8499402087730125,0.0,0.2053382396697998,7.954677679149269,0.008039546012878429
3.791999999999804,0.6893611420462341,0.2522227554082029,0.6952041588963288,-0.22499529486569864,0.0,0.036455355998884165,0.2807301235140596,0.05519078682559258,0.36838626867761093,0.8499401562330481,0.0,0.2053382396697998,7.954677679149269,0.008039546012878429
3.801999999999803,0.691499319947071,0.1884806405380449,0.6972161007075557,-0.22447352253572997,0.0,0.03697712832885283,0.28059566424468624,0.0549650025097138,0.36823584474694093,0.8499401026195342,0.0,0.20196566581726083,7.954677679149269,0.011540204286575317
3.8119999999998018,0.6930619244317708,0.13669192340831637,0.698666851680273,-0.22434257377976458,0.0,0.037108077084818225,0.2804581799287299,0.0547142201519875,0.36721879320843165,0.8499400484296646,0.0,0.20196566581726083,7.954677679149269,0.011540204286575317
3.8219999999998007,0.6941515550002322,0.0903522672284808,0.6995160868266913,-0.2234771964703911,0.0,0.0379734543941917,0.2803176236672834,0.054441472650737996,0.36694298892919464,0.8499399933940222,0.0,0.20196566581726083,7.954677679149269,0.011540204286575317
3.8319999999997996,0.6947857897473269,0.0449929055678722,0.6996708923273426,-0.2223305637777108,0.0,0.03912008708687201,0.28017404819024583,0.05415699762325824,0.36688085056045916,0.8499399369856581,0.0,0.20196566581726083,7.954677679149269,0.011540204286575317
3.8419999999997985,0.6949756397328662,0.0008826683267453006,0.6991506390854092,-0.22107416434993604,0.0,0.04037648651464676,0.28002759408676475,0.053877033668934524,0.36689852618316365,0.8499398789300266,0.0,0.20196566581726083,7.954677679149269,0.011540204286575317
3.8519999999997974,0.69468957522228,-0.04593870299543588,0.6978283877396529,-0.21980762703784887,0.0,0.04164302382673393,0.27987848267220444,0.05356257644899167,0.36693536174193053,0.8499398185698789,0.0,0.20139222145080593,7.954677679149269,0.020223748683929454
3.8619999999997963,0.6940181333824202,-0.07934093568384618,0.6962186507286807,-0.2190026024361527,0.0,0.04244804842843011,0.2797270123922003,0.05320480411926946,0.36636236358980634,0.8499397568674065,0.0,0.20139222145080593,7.954677679149269,0.020223748683929454
3.871999999999795,0.6930313434747258,-0.11159841544376453,0.6941392390987917,-0.217356090519079,0.0,0.0440945603455038,0.2795735393653777,0.05285768573596709,0.36712732861562725,0.8499396932346323,0.0,0.20139222145080593,7.954677679149269,0.020223748683929454
3.881999999999794,0.691785162248767,-0.13099164373463548,0.6919633301321506,-0.21692679546456461,0.0,0.044523855400018186,0.27941845944001187,0.052497999670953935,0.3663767323642815,0.8499396283657309,0.0,0.20139222145080593,7.954677679149269,0.020223748683929454
3.891999999999793,0.6904037564490033,-0.1414602516160114,0.6897806035670629,-0.2162973073446567,0.0,0.045153343519926115,0.27926219217987025,0.05213854551501077,0.36610592985891766,0.8499395624684534,0.0,0.20139222145080593,7.954677679149269,0.020223748683929454
3.901999999999792,0.688989424289023,-0.1409934421676886,0.6877925484032308,-0.21570920449163494,0.0,0.04574144637294786,0.27910515658306617,0.051816335659526994,0.3660326553438982,0.8499394960476135,0.0,0.20209517478942907,7.954677679149269,0.023897552490234397
3.9119999999997908,0.6875412678193445,-0.14883626558735275,0.6855615958332634,-0.21454628817118432,0.0,0.04690436269339848,0.27894775207911,0.05149420698563767,0.36697902166033936,0.8499394280869774,0.0,0.20209517478942907,7.954677679149269,0.023897552490234397
3.9219999999997897,0.686026448900761,-0.15307997230373793,0.6833496339352029,-0.21403976851412598,0.0,0.04741088235045682,0.2787903586918133,0.051165852699734574,0.367222239921568,0.84993935912258,0.0,0.20209517478942907,7.954677679149269,0.023897552490234397
3.9319999999997886,0.6845436610130455,-0.14293669387640662,0.6815597817830862,-0.2143549050027113,0.0,0.04709574586187151,0.278633341823034,0.050823858028879586,0.3665130784087516,0.8499392901838126,0.0,0.20209517478942907,7.954677679149269,0.023897552490234397
3.9419999999997875,0.6831876791114051,-0.13175221333693812,0.6800111264031179,-0.21413545790279548,0.0,0.04731519296178732,0.27847703506149346,0.05044452452061777,0.3666682002767676,0.849939221049558,0.0,0.20209517478942907,7.954677679149269,0.023897552490234397
3.9519999999997864,0.6818951278891675,-0.12876116652215003,0.6784136939466827,-0.21328293595845704,0.0,0.04816771490612576,0.27832172712117903,0.05008807319178669,0.3678563663846711,0.8499391510683564,0.0,0.20366547107696542,7.954677679149269,0.022017163038253795
3.9619999999997852,0.6806213924060546,-0.12475392315661801,0.6769390225391848,-0.21338198742434686,0.0,0.04806866344023594,0.2781676739443317,0.04973003693124446,0.36783043946959837,0.8499390806151494,0.0,0.20366547107696542,7.954677679149269,0.022017163038253795
3.971999999999784,0.6794818824305358,-0.10610311153136115,0.6760640958270616,-0.2140176369827148,0.0,0.04743301388186799,0.27801510609079066,0.04939256250708315,0.3671341828656104,0.8499390110164223,0.0,0.20366547107696542,7.954677679149269,0.022017163038253795
3.981999999999783,0.6785133462655848,-0.09250994037946283,0.6753672148996894,-0.21381539556961487,0.0,0.047635255294967926,0.2778642124873879,0.04906365183486278,0.36763213884471846,0.849938941488152,0.0,0.20366547107696542,7.954677679149269,0.022017163038253795
3.991999999999782,0.6776447679822417,-0.08466183689581716,0.6747362599383433,-0.2136183362012256,0.0,0.04783231466335719,0.27771513639588774,0.04876031743659878,0.3681241533963494,0.8499388718058352,0.0,0.20366547107696542,7.954677679149269,0.022017163038253795
4.001999999999781,0.6767880990942964,-0.08770416635580161,0.6739306996911205,-0.2131875329295616,0.0,0.048263117935021194,0.2775679905116879,0.04844259311356512,0.3688947730418477,0.849938801385824,0.0,0.20390379428863525,7.954677679149269,0.019789963960647583
4.01199999999978,0.6758795359280276,-0.09135625117271273,0.6731081781649098,-0.2130838461904506,0.0,0.04836680467413221,0.27742287579117464,0.04810674046601619,0.36915845319171003,0.8499387305246574,0.0,0.20390379428863525,7.954677679149269,0.019789963960647583
4.021999999999779,0.6750163095540086,-0.08280632061377896,0.672691003119073,-0.21349261222217086,0.0,0.04795803864241194,0.2772798914611726,0.047789833622982184,0.3686229750142942,0.8499386603272174,0.0,0.20390379428863525,7.954677679149269,0.019789963960647583
4.031999999999778,0.6742020898749457,-0.0812797373047616,0.6722165190000072,-0.21322595290332072,0.0,0.04822469796126208,0.27713912092123866,0.04750904127313793,0.3689816323204783,0.8499385897996274,0.0,0.20390379428863525,7.954677679149269,0.019789963960647583
4.041999999999777,0.6733613878080832,-0.08665804124367502,0.671579237056344,-0.21264907239560343,0.0,0.04880157846897937,0.27700063151674587,0.0472137474365322,0.3696488172466146,0.8499385186359473,0.0,0.20390379428863525,7.954677679149269,0.019789963960647583
4.051999999999776,0.6724556302087947,-0.09181108948532087,0.6708888941037736,-0.2125499814167329,0.0,0.048900669447849904,0.27686448884922304,0.0469324033686393,0.36955594919944434,0.8499384470257572,0.0,0.20313692092895508,7.954677679149269,0.02073059678077699
4.061999999999775,0.671518674111734,-0.09400694587542116,0.6702437451363198,-0.2123507710533703,0.0,0.0490998798112125,0.2767307630358163,0.046685837404881726,0.3695147013314304,0.8499383752173667,0.0,0.20313692092895508,7.954677679149269,0.02073059678077699
4.071999999999774,0.6706035228537838,-0.08961921404667013,0.6697866567592825,-0.21244604465665395,0.0,0.04900460620792885,0.2765995229092842,0.046507036780817995,0.3690038418491075,0.8499383035928646,0.0,0.20313692092895508,7.954677679149269,0.02073059678077699
4.0819999999997725,0.6697453577941609,-0.0828167965802231,0.6694506411818812,-0.21251875434121223,0.0,0.04893189652337057,0.27647082665301975,0.04635896123097766,0.3684258389590428,0.8499382320632,0.0,0.20313692092895508,7.954677679149269,0.02073059678077699
4.091999999999771,0.6688937572308893,-0.08912117747318649,0.6687890300412292,-0.21144387474900492,0.0,0.05000677611557788,0.27634471595364507,0.04621611207639349,0.3693376467320023,0.8499381595702747,0.0,0.20313692092895508,7.954677679149269,0.02073059678077699
4.10199999999977,0.6679505805895039,-0.09704831281262712,0.6679390369909141,-0.21119517405760244,0.0,0.050255476806980365,0.27622122737081456,0.046091184181836296,0.3690071318726732,0.8499380862675702,0.0,0.2021696090698244,7.954677679149269,0.02300838232040403
4.111999999999769,0.6669332969922231,-0.10431110059556069,0.6669711780915925,-0.21063330020762297,0.0,0.05081735065695983,0.2761004081681967,0.04595862358613132,0.36904388571067404,0.8499380122777485,0.0,0.2021696090698244,7.954677679149269,0.02300838232040403
4.121999999999768,0.6658368819470983,-0.11428377553445498,0.665794769319634,-0.20982389645892754,0.0,0.051626754405655256,0.2759823144747582,0.04580406333019368,0.3693532780813611,0.8499379373190753,0.0,0.2021696090698244,7.954677679149269,0.02300838232040403
4.131999999999767,0.6646426906356783,-0.12364187263161526,0.6644633275155605,-0.2092050130177265,0.0,0.05224563784685629,0.2758670119379338,0.04566224780361628,0.3693667399138071,0.849937861415317,0.0,0.2021696090698244,7.954677679149269,0.02300838232040403
4.141999999999766,0.6633357486717374,-0.1350797285873612,0.6628949599379297,-0.20850398052917232,0.0,0.05294667033541048,0.2757545782438039,0.04557521566879301,0.3695602496690078,0.8499377842815391,0.0,0.2021696090698244,7.954677679149269,0.02300838232040403
4.151999999999765,0.6619447785178504,-0.14157436961704117,0.6612970805416858,-0.2079690706432451,0.0,0.0534815802213377,0.2756451041790032,0.045522850036687004,0.3695793999614685,0.849937706340828,0.0,0.20220515727996835,7.954677679149269,0.026114720106124867
4.161999999999764,0.6605007408722702,-0.146755371711561,0.659627810756608,-0.2071683782014263,0.0,0.054282272663156494,0.27553868812497984,0.04550863232429342,0.37005633511468317,0.8499376274776446,0.0,0.20220515727996835,7.954677679149269,0.026114720106124867
4.171999999999763,0.658999863187616,-0.1540921035278779,0.6578053912294999,-0.20622927519872353,0.0,0.055221375665859274,0.2754354297208458,0.04551284925713832,0.3707883043522514,0.8499375474571957,0.0,0.20220515727996835,7.954677679149269,0.026114720106124867
4.1819999999997615,0.6574694510221998,-0.1497870108073049,0.656199444919928,-0.20662551282392194,0.0,0.05482513804066086,0.27533542997312677,0.0455509929309648,0.36975814139961727,0.8499374671049914,0.0,0.20220515727996835,7.954677679149269,0.026114720106124867
4.19199999999976,0.656034663088297,-0.13949337620250413,0.6548411947414328,-0.20632240449245395,0.0,0.05512824637212885,0.2752387833263953,0.04564225909457073,0.36980200467434243,0.8499373866543501,0.0,0.20220515727996835,7.954677679149269,0.026114720106124867
4.201999999999759,0.6547409898644473,-0.12130627424537625,0.653835862120188,-0.20675879953328635,0.0,0.05469185133129645,0.27514555796647394,0.045744569461249614,0.3688564479453983,0.8499373064569696,0.0,0.20242495536804217,7.954677679149269,0.025694614648818948
4.211999999999758,0.6536762716037072,-0.09659759772501827,0.6532618715502881,-0.20722585850519917,0.0,0.05422479235938363,0.27505578563473665,0.045872134789358365,0.3678802531899168,0.8499372268978571,0.0,0.20242495536804217,7.954677679149269,0.025694614648818948
4.221999999999757,0.6527928773826328,-0.08306611061876905,0.6526332987016382,-0.20691199192723383,0.0,0.054538658937348966,0.2749694505963151,0.04598474611550009,0.3679894874341938,0.84993714693973,0.0,0.20242495536804217,7.954677679149269,0.025694614648818948
4.231999999999756,0.6520433594886486,-0.07107833154399323,0.6521146084676561,-0.2067144232582776,0.0,0.0547362276063052,0.2748864992803088,0.046133186690576415,0.3679468580439599,0.8499370669796708,0.0,0.20242495536804217,7.954677679149269,0.025694614648818948
4.241999999999755,0.6513861338849841,-0.06402404905099437,0.6515696679669492,-0.2063679002456908,0.0,0.05508275061889201,0.2748068528731811,0.04631406711956084,0.368136148881962,0.8499369867159391,0.0,0.20242495536804217,7.954677679149269,0.025694614648818948
4.251999999999754,0.6507868079033454,-0.0590278247024692,0.6510219034739182,-0.20596291526328797,0.0,0.05548773560129483,0.27473041686567,0.04648673461013636,0.36842802290651666,0.8499369061915462,0.0,0.20226924419403103,7.954677679149269,0.024117261171340942
4.261999999999753,0.650180768932755,-0.06090349491472916,0.6502752524273544,-0.20581065913688157,0.0,0.05563999172770123,0.27465708961689317,0.04669520717942371,0.36840389142117047,0.8499368248914076,0.0,0.20226924419403103,7.954677679149269,0.024117261171340942
4.2719999999997516,0.6495705130077001,-0.05935834156033191,0.6495810204537773,-0.2056821725179673,0.0,0.055768478346615497,0.2745867732869902,0.04685890751697993,0.36837693569171504,0.849936743368427,0.0,0.20226924419403103,7.954677679149269,0.024117261171340942
4.2819999999997505,0.6489487614645596,-0.06540002988656389,0.6486724780099483,-0.20482762188076362,0.0,0.056623028983819185,0.27451937448832725,0.04700292041909877,0.3693634259570492,0.8499366610014367,0.0,0.20226924419403103,7.954677679149269,0.024117261171340942
4.291999999999749,0.6482531485592262,-0.07052305232777868,0.6476779503133652,-0.20469111528423498,0.0,0.056759535580347825,0.2744548072824787,0.04709504988614407,0.36939215800465186,0.8499365779689938,0.0,0.20226924419403103,7.954677679149269,0.024117261171340942
4.301999999999748,0.6476007187908601,-0.06105432226755428,0.6470790653757248,-0.2049928999933516,0.0,0.0564577508712312,0.2743929997296386,0.04710946592276884,0.36877681393206396,0.8499364954834268,0.0,0.20277709960937518,7.954677679149269,0.023104315996170022
4.311999999999747,0.6470403116574143,-0.05324512595665694,0.6465556278160917,-0.20486874575588226,0.0,0.056581905108700536,0.2743338751054528,0.0471342847162903,0.36878951730256715,0.8499364129189642,0.0,0.20277709960937518,7.954677679149269,0.023104315996170022
4.321999999999746,0.6464888822367879,-0.058368613454207185,0.6457358164762748,-0.20395808613287436,0.0,0.05749256473170844,0.2742773433362469,0.047223930495182746,0.369997506733467,0.849936329369273,0.0,0.20277709960937518,7.954677679149269,0.023104315996170022
4.331999999999745,0.6458908073383853,-0.06137302174324434,0.6449110090630069,-0.2037255023043129,0.0,0.05772514856026989,0.27422331613583195,0.04730407222739161,0.37033503516377075,0.8499362454139896,0.0,0.20277709960937518,7.954677679149269,0.023104315996170022
4.341999999999744,0.6452327862844811,-0.06752679047021798,0.6439455640613319,-0.20351157336231204,0.0,0.05793907750227076,0.27417171751008595,0.047407477845979554,0.370726838891132,0.8499361607041855,0.0,0.20277709960937518,7.954677679149269,0.023104315996170022
4.351999999999743,0.6445743073690428,-0.06279551696827204,0.6432553375210098,-0.2039653182895402,0.0,0.0574853325750426,0.27412248431988256,0.04756089457176087,0.3702944709122521,0.8499360762382666,0.0,0.2034560203552247,7.954677679149269,0.022422105073928833
4.361999999999742,0.6440426924015868,-0.047203000541349086,0.6430055028055781,-0.20418545651432815,0.0,0.05726519435025465,0.2740755543846944,0.04767677153562382,0.37017675687484053,0.8499359925873727,0.0,0.2034560203552247,7.954677679149269,0.022422105073928833
4.3719999999997405,0.6436354964147428,-0.036862339977800605,0.6428080229103167,-0.20429735223208084,0.0,0.05715329863250196,0.27403084536311256,0.0478735234919762,0.3702810235087032,0.8499359089577113,0.0,0.2034560203552247,7.954677679149269,0.022422105073928833
4.381999999999739,0.6433176764601151,-0.027746544109317865,0.6427104473233374,-0.20449364702314757,0.0,0.05695700384143523,0.2739882545442267,0.04813577071879613,0.3703054155272042,0.8499358254851959,0.0,0.2034560203552247,7.954677679149269,0.022422105073928833
4.391999999999738,0.643058068117619,-0.02731782571691651,0.6424921613035377,-0.20379444393393759,0.0,0.057656206930645215,0.27394766628037354,0.04841631042258263,0.3716037195299611,0.8499357416845417,0.0,0.2034560203552247,7.954677679149269,0.022422105073928833
4.401999999999737,0.6427619272323458,-0.030387711181557864,0.6421529791496362,-0.20382186771502078,0.0,0.05762878314956202,0.2739089614900219,0.04873724024721956,0.3719030286317635,0.8499356574505019,0.0,0.2033266782760621,7.954677679149269,0.021720993518829335
4.411999999999736,0.6424556700424833,-0.029820107240183594,0.6418958013812947,-0.20385602432838293,0.0,0.05759462653619987,0.2738720320836051,0.04906109120673628,0.37220421658824443,0.8499355732660127,0.0,0.2033266782760621,7.954677679149269,0.021720993518829335
4.421999999999735,0.6421938555429034,-0.024507589881702513,0.6418149471174631,-0.20407276002836303,0.0,0.057377890836219775,0.27383677687191377,0.049373655815566346,0.3722224234205356,0.8499354894242352,0.0,0.2033266782760621,7.954677679149269,0.021720993518829335
4.431999999999734,0.6419777205714485,-0.01897003708525944,0.64180111677264,-0.2043325727982087,0.0,0.05711807806637409,0.27380309265623415,0.049701035196441555,0.3721338730003755,0.8499354057063948,0.0,0.2033266782760621,7.954677679149269,0.021720993518829335
4.441999999999733,0.6418567251336215,-0.005978479792351915,0.6420845927127536,-0.2049982000725439,0.0,0.056452450792038894,0.27377087177504067,0.050055431415299605,0.37149416720363804,0.849935322735457,0.0,0.2033266782760621,7.954677679149269,0.021720993518829335
4.451999999999732,0.6418415717896182,0.00037534131085755623,0.6423375313636487,-0.20485546878583474,0.0,0.05659518207874806,0.2737399942652437,0.0503823714796329,0.3718781020441051,0.8499352398403919,0.0,0.20299272537231472,7.954677679149269,0.02151980996131897
4.461999999999731,0.6418726954018481,0.00253678743194867,0.6425350463829019,-0.2043952455868859,0.0,0.0570554052776969,0.27371032781301413,0.05072240555665145,0.3726675093722023,0.8499351569306479,0.0,0.20299272537231472,7.954677679149269,0.02151980996131897
4.4719999999997295,0.6418460701250217,-0.008803632004605703,0.6423187222183792,-0.2035361880167917,0.0,0.05791446284779109,0.2736817399657364,0.050989389085761325,0.3739278137254528,0.84993507306181,0.0,0.20299272537231472,7.954677679149269,0.02151980996131897
4.481999999999728,0.641675016927235,-0.019726843562585528,0.6419090413931887,-0.2037948402779461,0.0,0.05765581058663671,0.27365411761572966,0.051212849023729946,0.37358466132746515,0.8499349885578776,0.0,0.20299272537231472,7.954677679149269,0.02151980996131897
4.491999999999727,0.64143046332913,-0.027545417121818336,0.6414642390421267,-0.2033174000335866,0.0,0.058133250830996214,0.2736273789340968,0.051438971275760983,0.3742778215243131,0.8499349037918545,0.0,0.20299272537231472,7.954677679149269,0.02151980996131897
4.501999999999726,0.6411152682556125,-0.0315128790522555,0.641009031148524,-0.20356573907128933,0.0,0.05788491179329347,0.27360146300849236,0.051737615813116575,0.37403990002835685,0.8499348187723679,0.0,0.20310454368591335,7.954677679149269,0.022149235010147095
4.511999999999725,0.6408506579959998,-0.021372677606419296,0.6409448589608774,-0.20418661155815224,0.0,0.057264039306430564,0.2735763234199725,0.05204043916001036,0.3733275733943895,0.8499347345420966,0.0,0.20310454368591335,7.954677679149269,0.022149235010147095
4.521999999999724,0.6407178299978855,-0.008476424918474855,0.641104678839754,-0.20425639846148586,0.0,0.057194252403096946,0.27355190712723015,0.052347328013248255,0.3733522373923275,0.8499346508703782,0.0,0.20310454368591335,7.954677679149269,0.022149235010147095
4.531999999999723,0.6407013327386504,0.0017714381045667513,0.6413364416315913,-0.2043283777573369,0.0,0.05712227310724591,0.27352814002682485,0.05274838492450308,0.37343046343212494,0.8499345674625095,0.0,0.20310454368591335,7.954677679149269,0.022149235010147095
4.541999999999722,0.6407427170968826,0.0038197447619747055,0.6414300716803933,-0.20391822619713104,0.0,0.05753242466745176,0.27350493046419977,0.0531472782966951,0.37419470505592,0.8499344838176874,0.0,0.20310454368591335,7.954677679149269,0.022149235010147095
4.551999999999721,0.6407781803186722,0.0034432339710271237,0.6414398868997764,-0.20412625052044192,0.0,0.05732440034414088,0.27348218142505465,0.053588752964718045,0.3741193195446906,0.849934399989696,0.0,0.20292847156524685,7.954677679149269,0.021999818086624157
4.56199999999972,0.6408176419989803,0.005894268566676922,0.6415042948688342,-0.20442875731667803,0.0,0.05702189354790477,0.273459801998925,0.054013443322434955,0.37392353081464025,0.8499343162937515,0.0,0.20292847156524685,7.954677679149269,0.021999818086624157
4.5719999999997185,0.6409200588107219,0.014281285952892978,0.6417731200514574,-0.20468739933081595,0.0,0.05676325153376685,0.27343770545438506,0.05441152406350502,0.37374492289429617,0.8499342331508587,0.0,0.20292847156524685,7.954677679149269,0.021999818086624157
4.581999999999717,0.6411449134634579,0.02861690494599268,0.6423211696121491,-0.2054168367730847,0.0,0.0560338140914981,0.2734157982877178,0.05480474276070631,0.37290262933982643,0.8499341508487693,0.0,0.20292847156524685,7.954677679149269,0.021999818086624157
4.591999999999716,0.6415188302469211,0.04244558815235007,0.6430254414838721,-0.20555673135481095,0.0,0.05589391950977185,0.273393969765114,0.05519924275394059,0.37285005653880243,0.8499340692116724,0.0,0.20292847156524685,7.954677679149269,0.021999818086624157
4.601999999999715,0.6420009631845697,0.052310867387256495,0.6437471134548743,-0.20590712691635893,0.0,0.05554352394822387,0.2733720890147372,0.05559260785947993,0.37247970809783937,0.8499339879410713,0.0,0.20273504257202157,7.954677679149269,0.020945942401885964
4.611999999999714,0.6425345025653685,0.054352939153012,0.6443188472178953,-0.20596155135969746,0.0,0.05548909950488534,0.27335001293661476,0.05599881186767087,0.37251411280962543,0.8499339066255095,0.0,0.20273504257202157,7.954677679149269,0.020945942401885964
4.621999999999713,0.6430815320277821,0.054756785366864846,0.6448384996576837,-0.2059222720215284,0.0,0.05552837884305439,0.2733275979047383,0.05643021149323337,0.37270419506918184,0.8499338254466883,0.0,0.20273504257202157,7.954677679149269,0.020945942401885964
4.631999999999712,0.6436053284770582,0.049990742300260946,0.6451768289621599,-0.2056390733735751,0.0,0.05581157749100771,0.2733047078547125,0.05689879682800431,0.3733018613616945,0.8499337440528818,0.0,0.20273504257202157,7.954677679149269,0.020945942401885964
4.641999999999711,0.6440981905029802,0.04790060732421872,0.6455142002767256,-0.20573697673155233,0.0,0.055713674133030466,0.2732812204450263,0.05736969082083147,0.3734029631388992,0.8499336628129617,0.0,0.20273504257202157,7.954677679149269,0.020945942401885964
4.65199999999971,0.6445622064235313,0.04557861440622913,0.6457892196594597,-0.20588678604183724,0.0,0.05556386482274556,0.2732570283068305,0.05783914945115525,0.3734828158085608,0.849933581563077,0.0,0.20299305915832555,7.954677679149269,0.020413738489151012
4.661999999999709,0.6450246091214713,0.04534886661150799,0.6460973401457898,-0.20595400080610715,0.0,0.05549665005847565,0.2732320366100047,0.05829929372240031,0.3737195740844611,0.849933500536301,0.0,0.20299305915832555,7.954677679149269,0.020413738489151012
4.6719999999997075,0.6454617806936135,0.0425643540134411,0.6463036220888683,-0.20579932473152007,0.0,0.05565132613306273,0.273206159503245,0.05875030843740005,0.37431696454832963,0.8499334193835467,0.0,0.20299305915832555,7.954677679149269,0.020413738489151012
4.681999999999706,0.6458726627666058,0.040990303027729075,0.6465025834050215,-0.2062180610986008,0.0,0.055232589765982,0.27317932200226214,0.059192374732381606,0.37416840466986434,0.8499333383012876,0.0,0.20299305915832555,7.954677679149269,0.020413738489151012
4.691999999999705,0.6462567015588669,0.035565997738985604,0.6465800407647856,-0.20575146443380501,0.0,0.055699186430777786,0.27315145982607913,0.0596256701497137,0.3753162799244453,0.8499332570162007,0.0,0.20299305915832555,7.954677679149269,0.020413738489151012
4.701999999999704,0.6466170220489292,0.03969920171448954,0.6468654272964486,-0.20671892633107747,0.0,0.05473172453350533,0.27312252012195565,0.06005036870921103,0.37452038307724034,0.8499331762635254,0.0,0.20357000827789307,7.954677679149269,0.019592642784118652
4.711999999999703,0.647090615858954,0.05281686332492784,0.6475250123484285,-0.20723421165150688,0.0,0.05421643921307592,0.2730924559822437,0.06046664097802403,0.3743830500538803,0.84993309662243,0.0,0.20357000827789307,7.954677679149269,0.019592642784118652
4.721999999999702,0.6477307261828903,0.06882141369591102,0.6484815423196894,-0.2076675821277145,0.0,0.053783068736868306,0.27306120419976615,0.060874654139141934,0.3743526387111067,0.8499330180697034,0.0,0.20357000827789307,7.954677679149269,0.019592642784118652
4.731999999999701,0.6484439394257439,0.07465031532171307,0.6493025568617292,-0.2079956588661154,0.0,0.0534549919984674,0.27302867795796126,0.06127457205853667,0.37445834131067,0.8499329395886855,0.0,0.20357000827789307,7.954677679149269,0.019592642784118652
4.7419999999997,0.6492547434639862,0.08472586215629678,0.6503598051283856,-0.20850086877339735,0.0,0.05294978209118545,0.27299478007356887,0.06166655535097463,0.3742942980765841,0.8499328621100923,0.0,0.20357000827789307,7.954677679149269,0.019592642784118652
4.751999999999699,0.6501204314595029,0.08886325894927848,0.6513535897291167,-0.20907529095767557,0.0,0.052375359906907226,0.27295940409976693,0.06205076144452265,0.3740047417243033,0.8499327849513297,0.0,0.20329096317291295,7.954677679149269,0.018499857187271096
4.761999999999698,0.6511320757244534,0.1105647365262901,0.6529547837305788,-0.21062038315087733,0.0,0.05083026771370547,0.27292243865237653,0.06242734464377417,0.37230899099335624,0.849932709800424,0.0,0.20329096317291295,7.954677679149269,0.018499857187271096
4.7719999999996965,0.6523527920602934,0.12705911222326335,0.6546949477901589,-0.21090529765385377,0.0,0.05054535321072903,0.2728837535351325,0.06279645619182092,0.37228762864142595,0.8499326357807754,0.0,0.20329096317291295,7.954677679149269,0.018499857187271096
4.781999999999695,0.6536069985485427,0.12295610805555715,0.6559746884457074,-0.21044294833800756,0.0,0.051007702526575244,0.2728431928334977,0.06315824433099512,0.3732429243829659,0.8499325613905032,0.0,0.20329096317291295,7.954677679149269,0.018499857187271096
4.791999999999694,0.6548013781528625,0.11783355735143619,0.6571358075325586,-0.2109498735587168,0.0,0.050500777305865996,0.2728006046715069,0.06351285436240643,0.3728081665588241,0.8499324872774815,0.0,0.20329096317291295,7.954677679149269,0.018499857187271096
4.801999999999693,0.6559761273873168,0.11703746312971552,0.6583559426117683,-0.21138153190486475,0.0,0.05006911895971805,0.2727558585932811,0.06386042870429767,0.37245041175815563,0.8499324138591395,0.0,0.20280330181121853,7.954677679149269,0.017566895484924294
4.811999999999692,0.6571107938178611,0.11173262433551191,0.6593985229441095,-0.21147290169685498,0.0,0.04997774916772782,0.27270884020673425,0.06420110694924273,0.37255020598683886,0.8499323405450925,0.0,0.20280330181121853,7.954677679149269,0.017566895484924294
4.821999999999691,0.6581960089009276,0.10679909730064267,0.6603682791158213,-0.2116223077151617,0.0,0.04982834314942111,0.2726594523056849,0.06453502592020971,0.3725655837822889,0.8499322675309327,0.0,0.20280330181121853,7.954677679149269,0.017566895484924294
4.83199999999969,0.6592030345629625,0.09467457675689431,0.661051243610206,-0.2111351383311611,0.0,0.0503155125334217,0.2726076162504044,0.06486231972551165,0.3734834672755162,0.8499321942544793,0.0,0.20280330181121853,7.954677679149269,0.017566895484924294
4.841999999999689,0.660095674139398,0.08701464520036434,0.6616829925303683,-0.21164273256316674,0.0,0.049807918301416065,0.27255327699455095,0.06518311981266697,0.37304855690773886,0.8499321211386361,0.0,0.20280330181121853,7.954677679149269,0.017566895484924294
4.851999999999688,0.6609443883821632,0.08332575198511435,0.6623480526741614,-0.21179744900142458,0.0,0.04965320186315822,0.2724964054371812,0.06549755502119137,0.37314307472131847,0.8499320484108253,0.0,0.2030317783355713,7.954677679149269,0.01744304895401
4.861999999999687,0.6617449517920674,0.07735855514505191,0.6628976757842328,-0.21161603468055804,0.0,0.049834616184024766,0.272436986869008,0.06580575163434225,0.37374706584819994,0.8499319757014745,0.0,0.2030317783355713,7.954677679149269,0.01744304895401
4.8719999999996855,0.662482060295293,0.0712474248905793,0.6633686561059726,-0.21179589256325043,0.0,0.04965475830133237,0.2723750194160761,0.06610783342983657,0.37389308769515006,0.8499319030433098,0.0,0.2030317783355713,7.954677679149269,0.01744304895401
4.881999999999684,0.6631797861561478,0.06854545838682127,0.6638822518871926,-0.2120678071682416,0.0,0.04938284369634119,0.27231051521837796,0.06640392172956229,0.37395706664304995,0.8499318307132865,0.0,0.2030317783355713,7.954677679149269,0.01744304895401
4.891999999999683,0.663826922254829,0.06310805679296538,0.6642837178772464,-0.2121189769723089,0.0,0.049331673892273914,0.27224349666245595,0.06669413544830362,0.37437578552511297,0.8499317583275615,0.0,0.2030317783355713,7.954677679149269,0.01744304895401
4.901999999999682,0.6644575645104003,0.0635302746536913,0.6648259493391444,-0.21253411210250278,0.0,0.04891653876208002,0.27217399568315315,0.06697859114149952,0.37432435346806847,0.849931686489613,0.0,0.20336205959320086,7.954677679149269,0.01721910238265989
4.911999999999681,0.6651514133711456,0.07334501529196544,0.665697552116301,-0.2132940965857659,0.0,0.048156554278816904,0.2721020468499,0.0672574030520546,0.37380410173504175,0.8499316157488037,0.0,0.20336205959320086,7.954677679149269,0.01721910238265989
4.92199999999968,0.6659492129400995,0.08645525075825969,0.6668048945794243,-0.21441134439005025,0.0,0.047039306474532555,0.2720276734384616,0.06753068315622124,0.37276916013759887,0.849931546000481,0.0,0.20336205959320086,7.954677679149269,0.01721910238265989
4.931999999999679,0.6669049630951079,0.09919958370480358,0.6681255615628425,-0.21449183739615163,0.0,0.04695881346843117,0.2719508779001914,0.06779854120857147,0.37313684830497473,0.8499314773484568,0.0,0.20336205959320086,7.954677679149269,0.01721910238265989
4.941999999999678,0.6679467214393429,0.10667048327863207,0.6694441880300543,-0.21504010241034394,0.0,0.046410548454238865,0.2718716371298921,0.06806108478607649,0.3727957043352028,0.8499314092966971,0.0,0.20336205959320086,7.954677679149269,0.01721910238265989
4.951999999999677,0.6690724107731775,0.1166108276618198,0.670935815325486,-0.21581953277506374,0.0,0.04563111808951906,0.2717899137187886,0.06831841933131172,0.3720693770280852,0.8499313422921484,0.0,0.20279111862182653,7.954677679149269,0.01603327989578246
4.961999999999676,0.6702528139074341,0.11726853868227524,0.67227715049054,-0.21594272788686147,0.0,0.04550792297772133,0.27170565891249593,0.06857064819480449,0.3721916565424763,0.8499312756074222,0.0,0.20279111862182653,7.954677679149269,0.01603327989578246
4.9719999999996745,0.6713989189851453,0.11276602601520934,0.6734466917544959,-0.21610587691609612,0.0,0.04534477394848668,0.2716188203098117,0.06881787267654167,0.3722088221897579,0.8499312090979092,0.0,0.20279111862182653,7.954677679149269,0.01603327989578246
4.981999999999673,0.6724464236807228,0.09870898257412393,0.6742556573304853,-0.215702919318966,0.0,0.04574773154561679,0.27152935759039054,0.06906019206665373,0.37298912238154514,0.8499311422193625,0.0,0.20279111862182653,7.954677679149269,0.01603327989578246
4.991999999999672,0.673417093640515,0.09631238268567166,0.675236405626188,-0.21649234092138914,0.0,0.044958309943193664,0.2714372533655751,0.0692974235564514,0.37208856000069224,0.8499310761435048,0.0,0.20279111862182653,7.954677679149269,0.01603327989578246
5.001999999999671,0.6743575079201519,0.09406360694896691,0.6761754293329894,-0.21679964189164902,0.0,0.04465100897293378,0.2713425088150145,0.06951900568069498,0.3718319099283567,0.8499310104084995,0.0,0.2026100397109989,7.954677679149269,0.016455316543579124
5.01199999999967,0.675274425121997,0.09046226617104389,0.6770453824162368,-0.21681308614896344,0.0,0.04463756471561936,0.2712451336148472,0.06974364639586635,0.3719793394379519,0.8499309449408128,0.0,0.2026100397109989,7.954677679149269,0.016455316543579124
5.021999999999669,0.6761618129582899,0.08626331395942231,0.6778563395622088,-0.21694108000860327,0.0,0.044509570855979536,0.2711451437551149,0.0699673548652642,0.3719572706155809,0.8499308797397916,0.0,0.2026100397109989,7.954677679149269,0.016455316543579124
5.031999999999668,0.6770382079402084,0.08873848398647297,0.6788053685887396,-0.2175108392851536,0.0,0.043939811579429194,0.27104256243006863,0.07018686779455355,0.37131304104894447,0.8499308152544394,0.0,0.2026100397109989,7.954677679149269,0.016455316543579124
5.041999999999667,0.6779390081525106,0.09365230203411783,0.6798370317572076,-0.21831631387606248,0.0,0.043134336988520317,0.2709374157980853,0.07040202544711827,0.3703255589041793,0.8499307514033339,0.0,0.2026100397109989,7.954677679149269,0.016455316543579124
5.051999999999666,0.6789188242742564,0.100470893501306,0.6810068433191782,-0.21853269397003613,0.0,0.042917956894546666,0.2708297246371835,0.07061291423443039,0.37013512378332947,0.8499306884052229,0.0,0.20240309238433873,7.954677679149269,0.016648131608963
5.0619999999996645,0.6799279242514902,0.10053386306107213,0.6820427602846528,-0.21844819254708248,0.0,0.043002458317500325,0.2707194976426652,0.07080619254365678,0.37033781690997214,0.8499306256118812,0.0,0.20240309238433873,7.954677679149269,0.016648131608963
5.0719999999996634,0.680875268221646,0.0903035354121555,0.6827436711473566,-0.21820664536757178,0.0,0.04324400549701102,0.2706067400763177,0.0709422719732271,0.3707064771133346,0.849930562449677,0.0,0.20240309238433873,7.954677679149269,0.016648131608963
5.081999999999662,0.681685281184231,0.0741170986422613,0.6831194551794775,-0.2177198096848942,0.0,0.04373084117968859,0.2704914708358068,0.07108419334931339,0.3714377390021507,0.8499304987869325,0.0,0.20240309238433873,7.954677679149269,0.016648131608963
5.091999999999661,0.6823391091171187,0.062299868490703,0.6833984473762875,-0.21812599539683827,0.0,0.04332465546774453,0.2703737362921906,0.07125799397431767,0.3710216980303944,0.8499304350253467,0.0,0.20240309238433873,7.954677679149269,0.016648131608963
5.10199999999966,0.6829359372447731,0.05866449582818661,0.6838057651178747,-0.2182891276709019,0.0,0.04316152319368091,0.2702536097594006,0.07142927835091714,0.37100504008210855,0.849930371731254,0.0,0.20257182121276873,7.954677679149269,0.01726870536804198
5.111999999999659,0.683446774422505,0.04388447647146916,0.6838509374884584,-0.2173999035736491,0.0,0.044050747290933695,0.27013117513486556,0.07160685239120151,0.37249710871591246,0.8499303077271372,0.0,0.20257182121276873,7.954677679149269,0.01726870536804198
5.121999999999658,0.6837826160034682,0.028098864691523083,0.6836688592640053,-0.21738040499782366,0.0,0.044070245866759145,0.2700065309152765,0.07179383664239473,0.37287633334152004,0.8499302431390195,0.0,0.20257182121276873,7.954677679149269,0.01726870536804198
5.131999999999657,0.6840519255373102,0.027676452098055956,0.6837966275519562,-0.21813728413750166,0.0,0.04331336672708114,0.2698798012695811,0.07196677607641752,0.3722270623923657,0.8499301792497608,0.0,0.20257182121276873,7.954677679149269,0.01726870536804198
5.141999999999656,0.6844085304277677,0.041276791701099456,0.6844039397969817,-0.2188594409936564,0.0,0.042591209870926405,0.26975111632461846,0.072145135081987,0.3716554776978298,0.8499301166465695,0.0,0.20257182121276873,7.954677679149269,0.01726870536804198
5.151999999999655,0.6848834299807227,0.05061295778180375,0.6850945869650212,-0.2189508826939314,0.0,0.0424997681706514,0.26962058447700515,0.07232143946078255,0.37195420969988047,0.849930054549806,0.0,0.20274221897125244,7.954677679149269,0.017098796367645275
5.1619999999996535,0.6853903663901666,0.050940599466801906,0.6856420178326608,-0.21911167340753857,0.0,0.042338977457044236,0.26948828718751244,0.0724942458480935,0.37213724455182984,0.849929992405998,0.0,0.20274221897125244,7.954677679149269,0.017098796367645275
5.171999999999652,0.6859032361340149,0.05233143457511816,0.6862499106541238,-0.2194439348785421,0.0,0.042006715986040694,0.26935429463066607,0.07265796497359664,0.3720586792261549,0.8499299306665312,0.0,0.20274221897125244,7.954677679149269,0.017098796367645275
5.181999999999651,0.6864355942899983,0.0538552960155066,0.686910815933575,-0.21956235635883592,0.0,0.04188829450574688,0.2692186722306439,0.07282318324289996,0.37224277245863213,0.8499298693505628,0.0,0.20274221897125244,7.954677679149269,0.017098796367645275
5.19199999999965,0.6869873885213926,0.054976715627738475,0.6876079238937273,-0.21969832805626113,0.0,0.04175232280832167,0.2690814787680137,0.0729860347130994,0.37236301771926905,0.8499298084428275,0.0,0.20274221897125244,7.954677679149269,0.017098796367645275
5.201999999999649,0.6874750379538503,0.04379956079387636,0.6879478567178678,-0.2192331249848806,0.0,0.042217525879702206,0.26894276833042513,0.07313357676781194,0.3732812804044072,0.8499297469503144,0.0,0.20253293514251736,7.954677679149269,0.017402172088623047
5.211999999999648,0.6878933544752985,0.042522982042435785,0.6884497739579257,-0.2199811974750426,0.0,0.041469453389540195,0.2688026040009832,0.07320504007094804,0.3724145222792884,0.8499296860042322,0.0,0.20253293514251736,7.954677679149269,0.017402172088623047
5.221999999999647,0.6883385087824924,0.04571836874413607,0.6891051383694997,-0.22029265019240127,0.0,0.04115800067218153,0.26866105740385726,0.07321745377963963,0.3720380193361216,0.8499296256969509,0.0,0.20253293514251736,7.954677679149269,0.017402172088623047
5.231999999999646,0.6887982676874702,0.045424514962472476,0.6897039702410349,-0.22017163047814983,0.0,0.04127902038643297,0.2685181934921694,0.07329266430757443,0.3722590840058143,0.8499295655554058,0.0,0.20253293514251736,7.954677679149269,0.017402172088623047
5.241999999999645,0.6892100686619367,0.0377897182535919,0.6900700008775855,-0.22008940506329921,0.0,0.041361245801283586,0.2683740718262671,0.07337949377328068,0.37241151244319504,0.8499295051011027,0.0,0.20253293514251736,7.954677679149269,0.017402172088623047
5.251999999999644,0.689582299084492,0.03631600488416837,0.6905320222224074,-0.22037539865832084,0.0,0.04107525220626196,0.2682287570932209,0.07351651705178669,0.3720584455297733,0.8499294450586717,0.0,0.20220615863800084,7.954677679149269,0.01829400658607483
5.2619999999996425,0.6899125569158998,0.032275719640600595,0.6908771310779799,-0.2205256826006409,0.0,0.0409249682639419,0.2680823192817178,0.073617917173589,0.3718314160819295,0.8499293849188952,0.0,0.20220615863800084,7.954677679149269,0.01829400658607483
5.271999999999641,0.6902720764780211,0.03925480795410972,0.6915163821396695,-0.2211978771627003,0.0,0.04025277370188249,0.2679348308907102,0.0737267839071761,0.37083322099829896,0.8499293256891081,0.0,0.20220615863800084,7.954677679149269,0.01829400658607483
5.28199999999964,0.6906764163882071,0.0390825705488514,0.6920330874350211,-0.22095051646523606,0.0,0.04050013439934674,0.267786355585783,0.07387069276698974,0.37110739233382384,0.8499292664696018,0.0,0.20220615863800084,7.954677679149269,0.01829400658607483
5.291999999999639,0.6911140888637326,0.0483262331241489,0.692801452577862,-0.2218139734846718,0.0,0.039636677379911,0.26763694610667665,0.07401276097916487,0.3697839383712195,0.8499292081018281,0.0,0.20220615863800084,7.954677679149269,0.01829400658607483
5.301999999999638,0.691702053920043,0.06482889524470503,0.6939139792321339,-0.22237669729398024,0.0,0.03907395357060256,0.26748664334531386,0.07415201046726849,0.36880723571066887,0.8499291509817631,0.0,0.201802444458008,7.954677679149269,0.01882891058921815
5.311999999999637,0.6923737476272179,0.06701247059382083,0.6947643643527806,-0.22215916486321305,0.0,0.03929148600136975,0.2673354601920594,0.07427316525902788,0.36884507594449545,0.8499290937203334,0.0,0.201802444458008,7.954677679149269,0.01882891058921815
5.321999999999636,0.6929900392301155,0.057004570926757515,0.6952199823051377,-0.22175880784801896,0.0,0.03969184301656384,0.26718339414770764,0.07436238515049126,0.36906359890278007,0.8499290358507151,0.0,0.201802444458008,7.954677679149269,0.01882891058921815
5.331999999999635,0.6934502623863535,0.03947481749124338,0.6952642115187759,-0.22113938773392144,0.0,0.04031126313066136,0.26703045424401123,0.07440696652776098,0.3695682221084693,0.8499289771357555,0.0,0.201802444458008,7.954677679149269,0.01882891058921815
5.341999999999634,0.6937799094710195,0.027926434577473132,0.6952562916075027,-0.22091158020424825,0.0,0.04053907066033455,0.2668766775863137,0.07438649184269176,0.36949460868459205,0.8499289183154928,0.0,0.201802444458008,7.954677679149269,0.01882891058921815
5.351999999999633,0.6939934972016646,0.017486610772803578,0.6951060902651832,-0.2208557567938555,0.0,0.040594894070727305,0.2667221255770833,0.07438511931499124,0.3692456525810196,0.8499288591204003,0.0,0.20187253952026385,7.954677679149269,0.020317965745925926
5.3619999999996315,0.6941497260803284,0.014420130001057026,0.6950452139955526,-0.22098445823788573,0.0,0.04046619262669707,0.266566877519788,0.07438411956262399,0.3688057087095272,0.8499288000826339,0.0,0.20187253952026385,7.954677679149269,0.020317965745925926
5.37199999999963,0.6942625408975448,0.008114796307091485,0.6948462065687968,-0.2206311917240269,0.0,0.0408194591405559,0.2664110200609716,0.0744458563810694,0.369141916660508,0.849928740673889,0.0,0.20187253952026385,7.954677679149269,0.020317965745925926
5.381999999999629,0.6942197498252317,-0.012065892302359077,0.6941210054176359,-0.2197544732814053,0.0,0.04169617758317751,0.2662546453516465,0.07455425994645783,0.37036565903264607,0.8499286798279034,0.0,0.20187253952026385,7.954677679149269,0.020317965745925926
5.391999999999628,0.6940661759498311,-0.016902493754169558,0.6936329724155685,-0.21989440833216684,0.0,0.041556242532415966,0.26609786707106126,0.07462241413144802,0.37023944091244754,0.8499286192386218,0.0,0.20187253952026385,7.954677679149269,0.020317965745925926
5.401999999999627,0.6938727182086364,-0.02054210617243729,0.6931466891557819,-0.21996501748051714,0.0,0.04148563338406566,0.2659408129825061,0.07472438295138079,0.37031459670144584,0.8499285584281955,0.0,0.20231881141662633,7.954677679149269,0.020611149072647106
5.411999999999626,0.6937327600615573,-0.00862311940592192,0.6931297410278116,-0.2208898191561743,0.0,0.04056083170840849,0.26578360939651924,0.07484951340502774,0.36928930882797895,0.8499284985758834,0.0,0.20231881141662633,7.954677679149269,0.020611149072647106
5.421999999999625,0.6937390044473408,0.007559475859375206,0.6934342204169728,-0.22136793298158788,0.0,0.04008271788299492,0.26562636421771696,0.07497216119055089,0.36890319442043873,0.8499284395353272,0.0,0.20231881141662633,7.954677679149269,0.020611149072647106
5.431999999999624,0.6938665944103586,0.01467888128796422,0.6937090112533385,-0.2211148158877819,0.0,0.040335834976800905,0.26546915122212805,0.07509237556567154,0.3695283159825701,0.8499283805811944,0.0,0.20231881141662633,7.954677679149269,0.020611149072647106
5.441999999999623,0.6940194707602001,0.014835517354000287,0.6938781287558492,-0.2209728340896834,0.0,0.040477816774899394,0.26531201685714356,0.07521020481080636,0.3699892295944138,0.8499283214836713,0.0,0.20231881141662633,7.954677679149269,0.020611149072647106
5.451999999999622,0.6941466737762045,0.01175819923957249,0.6939637672224199,-0.22095225377542357,0.0,0.04049839708915923,0.26515499882608196,0.07532569624845767,0.3702747717849957,0.8499282622439914,0.0,0.20227491855621338,7.954677679149269,0.01961175799369813
5.4619999999996205,0.6942380773667859,0.00773618833163018,0.6940068501005381,-0.22088654114346717,0.0,0.040564109721115627,0.264998136330445,0.07543889626221917,0.3706151772924111,0.8499282029367846,0.0,0.20227491855621338,7.954677679149269,0.01961175799369813
5.471999999999619,0.6943448905356754,0.012749945360992013,0.6943087526132571,-0.22144191676854447,0.0,0.040008734096038334,0.2648414716265069,0.07554985031540441,0.3700643741004612,0.849928144307403,0.0,0.20227491855621338,7.954677679149269,0.01961175799369813
5.481999999999618,0.6945130269238381,0.018999757597573663,0.6947389661370752,-0.22159475029366185,0.0,0.03985590057092095,0.26468504115979347,0.07565860296930578,0.37003000858635793,0.8499280861496802,0.0,0.20227491855621338,7.954677679149269,0.01961175799369813
5.491999999999617,0.6946495197023778,0.010614330504354723,0.694796213717418,-0.22111119046411284,0.0,0.040339460400469956,0.2645288691758276,0.07576519790109112,0.3708427895287776,0.8499280272405315,0.0,0.20227491855621338,7.954677679149269,0.01961175799369813
5.501999999999616,0.6947050435685428,0.0033940301839797613,0.6947902370745427,-0.22119046189175295,0.0,0.04026018897282985,0.26437298305875523,0.07586967792134543,0.3708429407889573,0.8499279681912396,0.0,0.20212337970733651,7.954677679149269,0.01979860067367556
5.511999999999615,0.6946852856934064,-0.00635134194212298,0.6946394657791729,-0.22076597924636226,0.0,0.040684671618220536,0.2642174227441994,0.0759720849912643,0.37152373128994765,0.8499279087859671,0.0,0.20212337970733651,7.954677679149269,0.01979860067367556
5.521999999999614,0.6946045859034722,-0.00836377434590245,0.6946051354058697,-0.22099991307801645,0.0,0.040450737786566354,0.2640622401688039,0.07607246023950644,0.3712636731118273,0.8499278495916567,0.0,0.20212337970733651,7.954677679149269,0.01979860067367556
5.531999999999613,0.6944960667123348,-0.010339754627115838,0.694545217833205,-0.2211254245303993,0.0,0.040325226334183506,0.2639074950713809,0.07617084397871167,0.37112613141931927,0.8499277903071931,0.0,0.20212337970733651,7.954677679149269,0.01979860067367556
5.541999999999612,0.694405279757764,-0.007905227375169799,0.6946190438845143,-0.22117257676998595,0.0,0.040278074094596855,0.26375324727096805,0.0762672757216913,0.37105936489197233,0.8499277313465794,0.0,0.20212337970733651,7.954677679149269,0.01979860067367556
5.551999999999611,0.6943328146943681,-0.007238146770647408,0.6946763009361187,-0.2211040539917836,0.0,0.040346596872799206,0.26359954960094845,0.07636179419729724,0.3711089500325563,0.8499276723845585,0.0,0.20192861557006836,7.954677679149269,0.020772546529769897
5.5619999999996095,0.694257249372476,-0.00860915954234865,0.6946789529672777,-0.2209389447652359,0.0,0.0405117060993469,0.26344644758215835,0.07645443736597621,0.3712517932652719,0.8499276133135681,0.0,0.20192861557006836,7.954677679149269,0.020772546529769897
5.571999999999608,0.6941262845589065,-0.017097438292654546,0.6944363559667908,-0.22043346626651392,0.0,0.041017184598068884,0.2632939841527765,0.07654524243501547,0.3718415022595233,0.8499275536241588,0.0,0.20192861557006836,7.954677679149269,0.020772546529769897
5.581999999999607,0.6938775588163083,-0.028656786306641494,0.6939646290987355,-0.22028373234758883,0.0,0.04116691851699397,0.26314220991290477,0.07663424587348586,0.37192930328109675,0.8499274932229972,0.0,0.20192861557006836,7.954677679149269,0.020772546529769897
5.591999999999606,0.6935508682046304,-0.036485407051652964,0.6934783333202201,-0.21960278735580266,0.0,0.04184786350878014,0.2629911921734859,0.07672148342688864,0.37276338349064486,0.8499274325802879,0.0,0.20192861557006836,7.954677679149269,0.020772546529769897
5.601999999999605,0.693147935673052,-0.04276031927976428,0.6929298429209941,-0.2194798738023163,0.0,0.04197077706226651,0.2628410094398871,0.07680699013151145,0.3728259657508538,0.8499273715436514,0.0,0.2018959045410158,7.954677679149269,0.021993452310562156
5.611999999999604,0.6926921635528738,-0.04605145794786807,0.6923853234452099,-0.21965534054063335,0.0,0.04179531032394945,0.26269174825686936,0.07689080032849961,0.37248294435052076,0.8499273102519217,0.0,0.2018959045410158,7.954677679149269,0.021993452310562156
5.621999999999603,0.6922732424792617,-0.039213709675865564,0.6921304839978776,-0.2198685703126286,0.0,0.0415820805519542,0.26254349732779286,0.0769729476776482,0.3720845751514714,0.849927249449848,0.0,0.2018959045410158,7.954677679149269,0.021993452310562156
5.631999999999602,0.6919204867465218,-0.03107038365503939,0.6919914415637122,-0.22012448144572017,0.0,0.041326169418862635,0.2623963328410787,0.07705346517092045,0.3716079060296127,0.8499271888119141,0.0,0.2018959045410158,7.954677679149269,0.021993452310562156
5.641999999999601,0.6915758745971406,-0.036563497799544514,0.6915363184736542,-0.21928525422978326,0.0,0.04216539663479954,0.26225031277944644,0.07713238514569797,0.37264672884127414,0.8499271273210549,0.0,0.2018959045410158,7.954677679149269,0.021993452310562156
5.6519999999996,0.6912325624821148,-0.033312987593194475,0.6912872255046001,-0.21957622482175612,0.0,0.04187442604282668,0.26210548741824113,0.07720973929776805,0.3720992700804403,0.8499270661435983,0.0,0.2018249750137331,7.954677679149269,0.022513943910598744
5.6619999999995985,0.6909027446459328,-0.03278935055997696,0.690986472139665,-0.21935711334795488,0.0,0.04209353751662792,0.2619619026655501,0.07728555869405333,0.3722541532831478,0.849927004716829,0.0,0.2018249750137331,7.954677679149269,0.022513943910598744
5.671999999999597,0.6905791903562034,-0.03134253554337805,0.6907105254700938,-0.21945806847516314,0.0,0.041992582389419664,0.26181959757050316,0.07735987378508886,0.3719531539248394,0.8499269432078996,0.0,0.2018249750137331,7.954677679149269,0.022513943910598744
5.681999999999596,0.6903029380642794,-0.023030686726170126,0.6906520038079493,-0.22001674450039566,0.0,0.041433906364187145,0.2616786053923543,0.07743271441725164,0.37099749877758004,0.8499268821112219,0.0,0.2018249750137331,7.954677679149269,0.022513943910598744
5.691999999999595,0.6900904069603903,-0.020804688176767443,0.690521543700909,-0.2193809437125693,0.0,0.0420697071520135,0.26153894672929423,0.07750410984474745,0.37168699765821656,0.8499268208270537,0.0,0.2018249750137331,7.954677679149269,0.022513943910598744
5.701999999999594,0.6898309088133625,-0.03133527131675331,0.6900169983696312,-0.21851399128104101,0.0,0.042936659583541786,0.26140062932207814,0.07757408874136001,0.37269535149787625,0.849926758544496,0.0,0.20179977416992223,7.954677679149269,0.022864776849746693
5.711999999999593,0.6894331926029695,-0.04334191988752088,0.6892923052475054,-0.21837552922274933,0.0,0.04307512164183347,0.2612636684539328,0.07764267921196676,0.37271696033660373,0.8499266954392594,0.0,0.20179977416992223,7.954677679149269,0.022864776849746693
5.721999999999592,0.6889984641296263,-0.0425142345126606,0.688822095100275,-0.21855274176969758,0.0,0.04289790909488522,0.26112810026400546,0.07770990880382651,0.37232660253790073,0.8499266326453931,0.0,0.20179977416992223,7.954677679149269,0.022864776849746693
5.731999999999591,0.6886671526302139,-0.026345508902379973,0.6888472072187021,-0.21926163265601256,0.0,0.04218901820857024,0.26099396401113434,0.07777580451764281,0.37119150056618766,0.8499265708897344,0.0,0.20179977416992223,7.954677679149269,0.022864776849746693
5.74199999999959,0.688460890121543,-0.018226042617017213,0.6888362858246553,-0.21920090569426984,0.0,0.04224974517031296,0.26086127643501167,0.07784039281840802,0.37110619533137634,0.8499265090728987,0.0,0.20179977416992223,7.954677679149269,0.022864776849746693
5.7519999999995886,0.688339219977149,-0.008714088687278819,0.688957973891615,-0.21936431689360977,0.0,0.04208633397097303,0.2607300284892403,0.07790369964603214,0.37068521233603724,0.8499264475815734,0.0,0.20176906585693377,7.954677679149269,0.02243540883064271
5.7619999999995875,0.6882681164428558,-0.006676906241990903,0.6889548116872644,-0.21900683148347772,0.0,0.042443819381105086,0.2606001941382991,0.07796575042576079,0.370970909453498,0.8499263858326194,0.0,0.20176906585693377,7.954677679149269,0.02243540883064271
5.771999999999586,0.6881740909047293,-0.011446348411750865,0.6887470429871911,-0.21868524751427956,0.0,0.04276540335030324,0.2604717384021793,0.07802657007838648,0.37120253863130404,0.8499263235617841,0.0,0.20176906585693377,7.954677679149269,0.02243540883064271
5.781999999999585,0.6880379215700186,-0.01666412070710447,0.688462222000072,-0.21835889769698624,0.0,0.04309175316759656,0.2603446305650942,0.07808618303025731,0.37145208443408007,0.849926261008108,0.0,0.20176906585693377,7.954677679149269,0.02243540883064271
5.791999999999584,0.6878728002817027,-0.01373308879104411,0.6883238761828236,-0.2191903466856552,0.0,0.042260304178927593,0.2602188491012425,0.07814461322308695,0.37010151205518305,0.8499261986614955,0.0,0.20176906585693377,7.954677679149269,0.02243540883064271
5.801999999999583,0.6877880806728497,-0.0055523455595989785,0.6884042350446379,-0.21913643601871294,0.0,0.04231421484586986,0.26009437593661194,0.07820188412357026,0.36998748278071225,0.8499261368272454,0.0,0.20178709030151376,7.954677679149269,0.022309720516204834
5.811999999999582,0.6877359902014304,-0.003683337097448898,0.6883662143498085,-0.2190401634810253,0.0,0.04241048738355749,0.2599711807774702,0.07825801873280788,0.3699318338632981,0.8499260747186328,0.0,0.20178709030151376,7.954677679149269,0.022309720516204834
5.821999999999581,0.6877037151944784,-0.004453173610089595,0.6882805677863457,-0.21871713064363174,0.0,0.04273352022095106,0.259849226223367,0.07831303959554385,0.37019798807153503,0.8499260124923749,0.0,0.20178709030151376,7.954677679149269,0.022309720516204834
5.83199999999958,0.6876364979891676,-0.00792419351163063,0.6880769760599365,-0.21853610406080487,0.0,0.04291454680377793,0.25972847383739495,0.07836696880922016,0.3702856753445227,0.849925949914059,0.0,0.20178709030151376,7.954677679149269,0.022309720516204834
5.841999999999579,0.6875221206509321,-0.011276390323796022,0.6878099767364062,-0.21866948966942704,0.0,0.042781161195155765,0.25960889273484444,0.07841982803285141,0.3699643087609966,0.8499258870642243,0.0,0.20178709030151376,7.954677679149269,0.022309720516204834
5.8519999999995775,0.6874262083901279,-0.007030206226692724,0.6877445536813366,-0.21892854396059339,0.0,0.042522106903989415,0.25949046039733614,0.07847163849572353,0.36949116431680507,0.8499258246071463,0.0,0.20187654495239293,7.954677679149269,0.022167849540710438
5.861999999999576,0.6873396031483393,-0.01224623818699578,0.6874651824736281,-0.21802292578564905,0.0,0.04342772507893375,0.25937315221549506,0.07852242100591982,0.3706649220355107,0.8499257616069396,0.0,0.20187654495239293,7.954677679149269,0.022167849540710438
5.871999999999575,0.6871896394606699,-0.015321706634207309,0.6871574229742748,-0.21829005938260884,0.0,0.04316059148197396,0.25925694422110745,0.07857219595867795,0.3702376085379121,0.8499256983749218,0.0,0.20187654495239293,7.954677679149269,0.022167849540710438
5.881999999999574,0.687064722600425,-0.00982600121979954,0.6870910089450677,-0.2186688910710309,0.0,0.04278175979355189,0.25914182212497405,0.07862098334458106,0.3696799249163585,0.8499256356154543,0.0,0.20187654495239293,7.954677679149269,0.022167849540710438
5.891999999999573,0.6869521440448154,-0.013472888961583648,0.6868301308738692,-0.21802631704685974,0.0,0.043424333817723065,0.2590277683469189,0.07866880275758634,0.3705675676373722,0.84992557234876,0.0,0.20187654495239293,7.954677679149269,0.022167849540710438
5.901999999999572,0.6867821427718822,-0.019040554995845838,0.6864593683206165,-0.21781599690670472,0.0,0.04363465395787808,0.25891476427327076,0.07871567340289432,0.3708835407010068,0.8499255086700919,0.0,0.20205261707305944,7.954677679149269,0.022066998481750477
5.911999999999571,0.6865983451109633,-0.01686966456069562,0.6862676280432287,-0.218088068633786,0.0,0.04336258223079681,0.2588028009179538,0.0787616141046621,0.37055327960171847,0.8499254452650444,0.0,0.20205261707305944,7.954677679149269,0.022066998481750477
5.92199999999957,0.6864187807688604,-0.017153342289390194,0.6860376176329095,-0.2181629401506795,0.0,0.043287710713903305,0.25869187192513454,0.07880664331356355,0.37051461781270434,0.8499253816720752,0.0,0.20205261707305944,7.954677679149269,0.022066998481750477
5.931999999999569,0.6862634061764433,-0.015295755336351864,0.6859047948400318,-0.21792851497416244,0.0,0.043522135890420366,0.25858196899873304,0.07885077911419928,0.3709160914149794,0.8499253182350234,0.0,0.20205261707305944,7.954677679149269,0.022066998481750477
5.941999999999568,0.6861388364985122,-0.008772329919814331,0.6859371507821348,-0.2186250819491367,0.0,0.04282556891544609,0.258473079783205,0.07889403923235995,0.3700134028867178,0.8499252551366677,0.0,0.20205261707305944,7.954677679149269,0.022066998481750477
5.9519999999995665,0.6861377046504371,0.005597395596299189,0.6863261842920733,-0.21903371533044305,0.0,0.04241693553413975,0.25836518358492483,0.07893644104214514,0.3694825596106782,0.8499251929720916,0.0,0.2019992113113407,7.954677679149269,0.021308863162994407
5.961999999999565,0.686297438123361,0.022115100114785888,0.6869778208153068,-0.21949739130135817,0.0,0.041953259563224626,0.25825823747781773,0.07897800157294127,0.36881538117814205,0.8499251316612895,0.0,0.2019992113113407,7.954677679149269,0.021308863162994407
5.971999999999564,0.6865492544676446,0.02561383277552374,0.6874351951990744,-0.21937867233087427,0.0,0.04207197853370853,0.2581521707908191,0.07901873751626083,0.36889731184100094,0.8499250701716762,0.0,0.2019992113113407,7.954677679149269,0.021308863162994407
5.981999999999563,0.6868031244706333,0.024669995106743267,0.6877806300438599,-0.219357330506286,0.0,0.0420933203582968,0.25804689914770423,0.07905866523244602,0.3687974005196176,0.8499250086045945,0.0,0.2019992113113407,7.954677679149269,0.021308863162994407
5.991999999999562,0.68698073447803,0.012920886648536307,0.6877598681253496,-0.21868998393056957,0.0,0.04276066693401323,0.2579423429206571,0.07909780075723943,0.3695767873038992,0.8499249462673204,0.0,0.2019992113113407,7.954677679149269,0.021308863162994407
6.001999999999561,0.6870663608344951,0.007949338455348967,0.6877709468161987,-0.2190420241955302,0.0,0.042408626669052596,0.25783844099259695,0.07913615980822426,0.36892880674640216,0.8499248839805275,0.0,0.20182297229766855,7.954677679149269,0.02152213454246521
6.01199999999956,0.6871617292302704,0.009948704683777551,0.6879493467707839,-0.21913975371227665,0.0,0.042310897152306154,0.257735151133537,0.07917375779113679,0.3686231180921773,0.8499248221425673,0.0,0.20182297229766855,7.954677679149269,0.02152213454246521
6.021999999999559,0.6873017516943299,0.016463458333330037,0.6882797622273561,-0.2195098768530478,0.0,0.04194077401153501,0.25763243312764195,0.07921060980605374,0.3679154386291268,0.849924760769391,0.0,0.20182297229766855,7.954677679149269,0.02152213454246521
6.031999999999558,0.6874961894512213,0.0209668033578558,0.6886169051870241,-0.2194846704642384,0.0,0.04196598040034441,0.25753024063224,0.07924673065345658,0.367735038080949,0.8499246995691295,0.0,0.20182297229766855,7.954677679149269,0.02152213454246521
6.041999999999557,0.6876977795843602,0.019984955850265926,0.6888152983681619,-0.21954230349794507,0.0,0.04190834736663773,0.25742852005686045,0.0792821348401758,0.3674230283444496,0.8499246381702409,0.0,0.20182297229766855,7.954677679149269,0.02152213454246521
6.0519999999995555,0.6878682138118065,0.013669966938052204,0.6888292866334604,-0.21892029291406534,0.0,0.04253035795051746,0.257327219138469,0.07931683658521708,0.3680624890076051,0.8499245764086616,0.0,0.20172884464263952,7.954677679149269,0.021739214658737183
6.061999999999554,0.6879530538555765,0.005995118773031299,0.6886858665620432,-0.2188686626654718,0.0,0.04258198819911099,0.25722629580582634,0.07935084982547203,0.36792878673473306,0.8499245142364906,0.0,0.20172884464263952,7.954677679149269,0.021739214658737183
6.071999999999553,0.6879755250184385,0.001779409372791238,0.6885336699921121,-0.2192154167342559,0.0,0.0422352341303269,0.2571257253880277,0.07938418822131535,0.3672722579298465,0.8499244519669623,0.0,0.20172884464263952,7.954677679149269,0.021739214658737183
6.081999999999552,0.6879978536324446,0.0019816009748374608,0.6884792324418217,-0.21894060368686355,0.0,0.04251004717771925,0.2570254957336681,0.07941686516209122,0.36751479986386715,0.8499243898908008,0.0,0.20172884464263952,7.954677679149269,0.021739214658737183
6.091999999999551,0.6879910470526482,-0.003824372153435167,0.688240765419661,-0.21853922764530112,0.0,0.04291142321928168,0.2569255971239137,0.07944889377149063,0.36796754755505,0.8499243273296079,0.0,0.20172884464263952,7.954677679149269,0.021739214658737183
6.10199999999955,0.687957492704962,-0.0029365414157093983,0.6881273824365387,-0.21872742120909133,0.0,0.04272322965549147,0.25682602539111593,0.07948028691282222,0.36763786802229115,0.8499242649614127,0.0,0.2018853902816775,7.954677679149269,0.021871644258499134
6.111999999999549,0.6879522136750804,0.002755904328468131,0.6881682037754159,-0.2192316181105604,0.0,0.04221903275402239,0.2567267808917812,0.07951105719417832,0.36689548501296787,0.8499242029197271,0.0,0.2018853902816775,7.954677679149269,0.021871644258499134
6.121999999999548,0.6880198237111274,0.008742716683159818,0.6883143717027068,-0.2191389722419768,0.0,0.042311678622606014,0.2566278575440558,0.0795412169734987,0.3669999200850088,0.8499241411821198,0.0,0.2018853902816775,7.954677679149269,0.021871644258499134
6.131999999999547,0.6881339380389752,0.012780853121409884,0.6884785908717663,-0.2193049767608864,0.0,0.04214567410369641,0.2565292367819889,0.07957077836353367,0.3667504265838488,0.8499240795573817,0.0,0.2018853902816775,7.954677679149269,0.021871644258499134
6.141999999999546,0.6882811654555242,0.015552461491274289,0.6886598133965548,-0.21938045989300137,0.0,0.042070190971581434,0.2564308916247168,0.07959975323670886,0.36663335663357866,0.8499240180533503,0.0,0.2018853902816775,7.954677679149269,0.021871644258499134
6.1519999999995445,0.68843679191595,0.014791694749678903,0.6887725933124471,-0.21917055918237935,0.0,0.04228009168220345,0.25633279037182416,0.0796281532298934,0.36692177670665893,0.8499239564632678,0.0,0.20191009044647235,7.954677679149269,0.021250462532043435
6.161999999999543,0.6885241789150436,0.00540368101711701,0.6885990742215478,-0.21894177078263583,0.0,0.042508880081946976,0.25623490274085053,0.0796559897490735,0.3672571819623114,0.8499238941902342,0.0,0.20191009044647235,7.954677679149269,0.021250462532043435
6.171999999999542,0.6885582055064188,0.001478009910298346,0.688496402702717,-0.21892284441321727,0.0,0.04252780645136553,0.2561372115057712,0.07968327397393328,0.3673268250619395,0.8499238320231097,0.0,0.20191009044647235,7.954677679149269,0.021250462532043435
6.181999999999541,0.6886144217139796,0.009224829364022288,0.6887112629821792,-0.21950926716588018,0.0,0.04194138369870262,0.25603971052130425,0.07971001686234484,0.3665626187815878,0.8499237706006528,0.0,0.20191009044647235,7.954677679149269,0.021250462532043435
6.19199999999954,0.6887713011925155,0.018738231314418055,0.6891074987299477,-0.21976644022844682,0.0,0.04168421063613598,0.2559423888685513,0.07973622915476908,0.3662409131819929,0.8499237097551037,0.0,0.20191009044647235,7.954677679149269,0.021250462532043435
6.201999999999539,0.6889688681431508,0.01975432865741495,0.6893610431708292,-0.2197756443149883,0.0,0.041675006549594495,0.25584521914270875,0.07976192137856927,0.36624522129499604,0.8499236487306676,0.0,0.20192644596099862,7.954677679149269,0.020872181653976418
6.211999999999538,0.6891890012378237,0.024454428002420106,0.6897357946239814,-0.22011965119518448,0.0,0.04133099966939832,0.25574816703552566,0.0797871038522391,0.3657646202465853,0.8499235881196011,0.0,0.20192644596099862,7.954677679149269,0.020872181653976418
6.221999999999537,0.6893836824413443,0.013329436766877298,0.6897047775761954,-0.2190795044644594,0.0,0.042371146400123405,0.25565119616125953,0.07981178668954675,0.36720386389307713,0.8499235266834699,0.0,0.20192644596099862,7.954677679149269,0.020872181653976418
6.231999999999536,0.6894624130962557,0.0063312805055441845,0.6896270811890047,-0.21957505595769605,0.0,0.04187559490688675,0.2555542789472176,0.07983597980359677,0.36651094647206406,0.8499234650771769,0.0,0.20192644596099862,7.954677679149269,0.020872181653976418
6.241999999999535,0.6895103323594648,0.003905829155464134,0.6896248888213476,-0.21933964597663136,0.0,0.04211100488795144,0.25545740873419553,0.07985969291081138,0.366846812473946,0.8499234036381726,0.0,0.20192644596099862,7.954677679149269,0.020872181653976418
6.2519999999995335,0.6895252427264623,0.0009826608760509989,0.6895757063800763,-0.21945142359904085,0.0,0.04199922726554195,0.2553605870909302,0.0798829355348328,0.3667007843393537,0.8499233420721233,0.0,0.2019231081008912,7.954677679149269,0.021184211969375588
6.261999999999532,0.6894552548847905,-0.014621349346431375,0.6891248888191555,-0.2184331360236745,0.0,0.043017514840908294,0.2552638217963943,0.07990571701034808,0.3681483041600484,0.8499232794909242,0.0,0.2019231081008912,7.954677679149269,0.021184211969375588
6.271999999999531,0.6892596267064516,-0.020183533510492735,0.6887641985132724,-0.21880236233058148,0.0,0.04264828853400132,0.2551671375451313,0.07992804648683814,0.3676928492852417,0.8499232168884919,0.0,0.2019231081008912,7.954677679149269,0.021184211969375588
6.28199999999953,0.6890376760890862,-0.023948971522936083,0.6884287615796448,-0.21850042331765496,0.0,0.042950227546927844,0.25507057869297767,0.07994993293225232,0.368193365893281,0.8499231542037373,0.0,0.2019231081008912,7.954677679149269,0.021184211969375588
6.291999999999529,0.6887745308965336,-0.02866020191497152,0.6880360668250376,-0.21820823037182493,0.0,0.043242420492757866,0.2549741936374343,0.07997138513661016,0.3686958935492507,0.8499230912198271,0.0,0.2019231081008912,7.954677679149269,0.021184211969375588
6.301999999999528,0.6885022833850752,-0.02377049332644328,0.6878792865642579,-0.21888184056991597,0.0,0.04256881029466683,0.25487803505745155,0.07999241171553155,0.36785693386516705,0.8499230286262439,0.0,0.20200655460357675,7.954677679149269,0.021747726202011097
6.311999999999527,0.6883525827947198,-0.007463764511903524,0.6881684519186513,-0.21978382251954637,0.0,0.04166682834503643,0.25478215131178533,0.08001302111369703,0.3666696254788818,0.8499229670975221,0.0,0.20200655460357675,7.954677679149269,0.021747726202011097
6.321999999999526,0.6883364748627061,-0.0004899229192993626,0.6884181292076352,-0.2192454066901651,0.0,0.042205244174417705,0.2546865650127245,0.08003322160823924,0.3674390513124949,0.8499229056386484,0.0,0.20200655460357675,7.954677679149269,0.021747726202011097
6.331999999999525,0.6883223682395794,-0.002255035661323339,0.6884674357284644,-0.21916032226531174,0.0,0.042290328599271065,0.2545912741197384,0.08005302131206726,0.3675325678477188,0.8499228437715665,0.0,0.20200655460357675,7.954677679149269,0.021747726202011097
6.341999999999524,0.6883421128064238,0.00606377441079043,0.6888003866163728,-0.21993207441421375,0.0,0.04151857645036905,0.25449627310800105,0.08007242817712484,0.3663854381542543,0.8499227826349653,0.0,0.20200655460357675,7.954677679149269,0.021747726202011097
6.3519999999995225,0.6884601324104308,0.014070895498958548,0.6892465957370603,-0.21991545722396083,0.0,0.04153519364062197,0.2544015492116757,0.08009144999758411,0.3662758685495493,0.8499227219618193,0.0,0.20170798301696813,7.954677679149269,0.021637630462646495
6.361999999999521,0.6886369548387594,0.021099128312235087,0.6897323801196978,-0.22031133187152033,0.0,0.041139318993062474,0.2543070734574533,0.08011009441297583,0.36552602129462297,0.8499226615781188,0.0,0.20170798301696813,7.954677679149269,0.021637630462646495
6.37199999999952,0.688886210248855,0.025048999450914995,0.6902184011502757,-0.22003828602546252,0.0,0.04141236483912028,0.2542128054118875,0.0801283689112576,0.3656444215017377,0.8499226014467863,0.0,0.20170798301696813,7.954677679149269,0.021637630462646495
6.381999999999519,0.6890709824710401,0.013312742013016701,0.690224500361253,-0.21936024051997272,0.0,0.042090410344610085,0.25411869637904694,0.08014628083182117,0.36629117662871946,0.849922540316173,0.0,0.20170798301696813,7.954677679149269,0.021637630462646495
6.391999999999518,0.6891286236664598,-0.0006468405418192866,0.6899903954123583,-0.21892416463410083,0.0,0.04252648623048197,0.25402471143662836,0.08016383736844,0.3665985863217054,0.8499224785825567,0.0,0.20170798301696813,7.954677679149269,0.021637630462646495
6.401999999999517,0.6890387431687668,-0.012423562104901809,0.6895985891831681,-0.2191352759064833,0.0,0.042315374958099505,0.2539308426826937,0.0801810455721586,0.36602782543871804,0.8499224163134393,0.0,0.20163021087646493,7.954677679149269,0.022698569297790516
6.411999999999516,0.688888377050961,-0.018160045409595926,0.6892573098748246,-0.21873771454050106,0.0,0.04271293632408174,0.25383710867915255,0.08019791235412418,0.3663374394882475,0.8499223540123744,0.0,0.20163021087646493,7.954677679149269,0.022698569297790516
6.421999999999515,0.6886462752917997,-0.028315042077471826,0.6886826706391332,-0.2182861256804522,0.0,0.04316452518413061,0.25374354127313864,0.08021444448836242,0.36676470728144805,0.8499222909514167,0.0,0.20163021087646493,7.954677679149269,0.022698569297790516
6.431999999999514,0.6883280940954958,-0.03474459722383697,0.688094440138513,-0.2179017353963688,0.0,0.04354891546821399,0.2536501865934488,0.08023064861449793,0.36715208486770645,0.849922227589673,0.0,0.20163021087646493,7.954677679149269,0.022698569297790516
6.441999999999513,0.6879322016100867,-0.039207519944668354,0.6874554383072337,-0.21814974822648228,0.0,0.04330090263810052,0.25355710330162334,0.08024653124042097,0.366716218088431,0.8499221637945711,0.0,0.20163021087646493,7.954677679149269,0.022698569297790516
6.4519999999995115,0.6875928293831355,-0.031067314403372334,0.6871957565068554,-0.21816926397037822,0.0,0.043281386894204577,0.2534643573430819,0.08026209874490114,0.3666389369880122,0.8499221006904989,0.0,0.20180912017822283,7.954677679149269,0.023044270277023327
6.46199999999951,0.6873262250539917,-0.025551309376118866,0.6869757613960606,-0.21819028301898288,0.0,0.04326036784559992,0.25337200153655515,0.08027735738014916,0.36657778306551925,0.8499220375762448,0.0,0.20180912017822283,7.954677679149269,0.023044270277023327
6.471999999999509,0.6870820821106958,-0.02208340413617938,0.686745451412361,-0.21835179452658351,0.0,0.043098856337999286,0.25328007197335556,0.08029231327432783,0.36634141596281244,0.8499219743104198,0.0,0.20180912017822283,7.954677679149269,0.023044270277023327
6.481999999999508,0.6869121986768544,-0.014920711835166196,0.6867081529254413,-0.2181998924463398,0.0,0.043250758418242996,0.2531885951673661,0.08030697243401336,0.3665489290379278,0.8499219114468533,0.0,0.20180912017822283,7.954677679149269,0.023044270277023327
6.491999999999507,0.6867796370344834,-0.009588214830939107,0.6866842209849037,-0.21874036088566395,0.0,0.04271028997891885,0.25309758339693195,0.08032134074660761,0.3657883768913067,0.8499218485740428,0.0,0.20180912017822283,7.954677679149269,0.023044270277023327
6.501999999999506,0.6867377729930051,-0.0023811339955413097,0.6868282749380512,-0.21873230845260544,0.0,0.04271834241197736,0.25300703747241415,0.08033542398270264,0.3657779792061958,0.8499217861480568,0.0,0.20181429386138916,7.954677679149269,0.022462731599807717
6.511999999999505,0.6867852600202677,0.009416386727431267,0.6871994953238705,-0.21924584905405728,0.0,0.04220480181052552,0.25291694203518506,0.08034922779839829,0.36501082021379905,0.8499217243530429,0.0,0.20181429386138916,7.954677679149269,0.022462731599807717
6.521999999999504,0.6869157691157641,0.01452577714799487,0.6875170662893147,-0.21920415313891584,0.0,0.042246497725666965,0.2528272647901685,0.08036275773757376,0.3649805157645062,0.8499216626037969,0.0,0.20181429386138916,7.954677679149269,0.022462731599807717
6.531999999999503,0.6870346046912206,0.008854689269198121,0.6875584726139465,-0.21873589191363557,0.0,0.04271475895094723,0.252737960369353,0.08037601923411411,0.36552204545239464,0.8499216003068805,0.0,0.20181429386138916,7.954677679149269,0.022462731599807717
6.5419999999995015,0.6871167256930032,0.0097489814444374,0.6877028503733296,-0.21918447042631617,0.0,0.04226618043826663,0.25264898772866073,0.08038901761409271,0.36477356140084194,0.8499215382649954,0.0,0.20181429386138916,7.954677679149269,0.022462731599807717
6.5519999999995004,0.6871986197436566,0.006699145268496652,0.6877466064749368,-0.21877829318615463,0.0,0.04267235767842817,0.2525603139685847,0.08040175809791021,0.365205767121614,0.8499214760532252,0.0,0.20170581340789795,7.954677679149269,0.022069215774536133
6.561999999999499,0.6872088692891102,-0.0032843626643222837,0.6875270844501813,-0.2183464497723986,0.0,0.04310420109218421,0.2524719100439065,0.08041424580239113,0.36567738674606876,0.849921413195761,0.0,0.20170581340789795,7.954677679149269,0.022069215774536133
6.571999999999498,0.6871467180154722,-0.007377829991002394,0.6873505072769577,-0.21850207731861576,0.0,0.04294857354596704,0.2523837615625089,0.08042648574283902,0.36534621070710327,0.8499213503328598,0.0,0.20170581340789795,7.954677679149269,0.022069215774536133
6.581999999999497,0.6870511936417679,-0.010791326339643255,0.6871457117108836,-0.21822841421756814,0.0,0.04322223664701466,0.2522958683071126,0.0804384828350505,0.36563107198299816,0.8499212873194385,0.0,0.20170581340789795,7.954677679149269,0.022069215774536133
6.591999999999496,0.6869474671937505,-0.010833642497386914,0.6870106469135275,-0.2182643667262356,0.0,0.043186284138347214,0.25220823626084626,0.08045024189728972,0.3654959017488639,0.8499212243935634,0.0,0.20170581340789795,7.954677679149269,0.022069215774536133
6.601999999999495,0.6868043660826108,-0.01735757832263627,0.6866729084406668,-0.2179035463885249,0.0,0.04354710447605789,0.25212087349586165,0.08046176765222335,0.3659332130342601,0.8499211608921685,0.0,0.201802444458008,7.954677679149269,0.02252170443534851
6.611999999999494,0.6866240949460946,-0.01492030929963091,0.6865050738939329,-0.21853934218235865,0.0,0.04291130868222415,0.25203379484617183,0.08047306472881736,0.3650029942129537,0.8499210976308454,0.0,0.201802444458008,7.954677679149269,0.02252170443534851
6.621999999999493,0.6865239570703084,-0.004569533952141457,0.68663355441689,-0.21911605436338336,0.0,0.042334596501199445,0.25194701842635897,0.08048413766419606,0.3641536273294157,0.8499210350528817,0.0,0.201802444458008,7.954677679149269,0.02252170443534851
6.631999999999492,0.6865845518633793,0.010743187991097206,0.6870881565038693,-0.21894679241291798,0.0,0.04250385845166482,0.25186054566039195,0.08049499090546433,0.36431512211834416,0.8499209733936282,0.0,0.201802444458008,7.954677679149269,0.02252170443534851
6.6419999999994905,0.6867125098461738,0.013858922991980861,0.6873359776937932,-0.21902518607221408,0.0,0.04242546479236872,0.2517743500932364,0.08050562881149363,0.36409576298090107,0.8499209114113573,0.0,0.201802444458008,7.954677679149269,0.02252170443534851
6.651999999999489,0.6868565568669655,0.01618330329118331,0.6875791489940366,-0.21936472313972433,0.0,0.042085927724858474,0.2516883924045224,0.08051605565467267,0.3634908492895975,0.8499208495209257,0.0,0.201676607131958,7.954677679149269,0.022012782096862804
6.661999999999488,0.6870800835552338,0.027522587128987232,0.6881291776873607,-0.22005302384486083,0.0,0.041397627019721966,0.2516026306160997,0.0805262756226232,0.3623673535750931,0.849920788522587,0.0,0.201676607131958,7.954677679149269,0.022012782096862804
6.671999999999487,0.6874058818680102,0.034088092449422076,0.6886827275385121,-0.21976288861352447,0.0,0.04168776225105833,0.2515170105881811,0.08053629281988188,0.36256626504640865,0.8499207278117398,0.0,0.201676607131958,7.954677679149269,0.022012782096862804
6.681999999999486,0.6877605698971145,0.03505094097354909,0.6891213085342718,-0.2196667718591824,0.0,0.0417838790054004,0.25143146366793445,0.08054611126954875,0.36246038773757494,0.8499206670648146,0.0,0.201676607131958,7.954677679149269,0.022012782096862804
6.691999999999485,0.6881293477598562,0.0374357508310056,0.6895903778483986,-0.21985247732221444,0.0,0.04159817354236836,0.251345919164346,0.08055573491490296,0.36193846179938083,0.8499206065937276,0.0,0.201676607131958,7.954677679149269,0.022012782096862804
6.701999999999484,0.6884422105824413,0.024260310620750382,0.6895958133277414,-0.2190277145269687,0.0,0.0424229363376141,0.25126030900016166,0.08056516762098653,0.36282487593908097,0.8499205451853271,0.0,0.20156462192535418,7.954677679149269,0.021929097175598156
6.711999999999483,0.6885610244746714,0.002420753478257591,0.6891284958732232,-0.21827250649710736,0.0,0.04317814436747544,0.2511745820437318,0.08057441317615653,0.3636601604559342,0.8499204825687221,0.0,0.20156462192535418,7.954677679149269,0.021929097175598156
6.721999999999482,0.6884390506408845,-0.018631656232594163,0.6883631547796951,-0.218177905858286,0.0,0.0432727450062968,0.25108872753985895,0.08058347529360663,0.3636582427260695,0.8499204189443698,0.0,0.20156462192535418,7.954677679149269,0.021929097175598156
6.731999999999481,0.6882410870071229,-0.01878810910273688,0.6880000156214017,-0.21860229458493788,0.0,0.04284835627964492,0.2510027780754578,0.08059235761285834,0.36301006417664117,0.8499203559870763,0.0,0.20156462192535418,7.954677679149269,0.021929097175598156
6.7419999999994795,0.688120442719142,-0.006919485986954001,0.6880307469274013,-0.219165146281361,0.0,0.042285504583221806,0.25091677946323265,0.08060106370122277,0.36220965035712027,0.8499202938648956,0.0,0.20156462192535418,7.954677679149269,0.021929097175598156
6.751999999999478,0.6880973375668924,-3.202557227223457e-05,0.6880782704073387,-0.21902891718821846,0.0,0.04242173367636434,0.2508307614355361,0.0806095970552333,0.362404497831168,0.8499202318124531,0.0,0.20179760456085205,7.954677679149269,0.021994614601135276
6.761999999999477,0.6881265716242394,0.004994905200310026,0.6881588900063617,-0.2191979791176186,0.0,0.042252671746964204,0.2507447339258332,0.08061796110204984,0.3621887296000328,0.8499201698607951,0.0,0.20179760456085205,7.954677679149269,0.021994614601135276
6.771999999999476,0.6882325724612598,0.012294730694162662,0.6884019827728631,-0.2190684745216824,0.0,0.042382176342900396,0.25065869459060636,0.08062615920083524,0.36239466750384164,0.849920108373607,0.0,0.20179760456085205,7.954677679149269,0.021994614601135276
6.781999999999475,0.6883287149938007,0.00667007972663964,0.6883348166902938,-0.21871790177254657,0.0,0.042732749092036226,0.25057262865204794,0.08063419464410444,0.3629172427330388,0.8499200462100301,0.0,0.20179760456085205,7.954677679149269,0.021994614601135276
6.791999999999474,0.6883629524190679,0.0038392576930459943,0.6882661432108023,-0.2190586950826696,0.0,0.04239195578191321,0.25048652372050595,0.08064207065904677,0.3624983397056566,0.8499199839833742,0.0,0.20179760456085205,7.954677679149269,0.021994614601135276
6.801999999999473,0.6884298996304293,0.007553200972484735,0.6884080476108989,-0.2193469321880077,0.0,0.042103718676575114,0.25040037696508244,0.08064979040882209,0.3621581003740746,0.8499199222843055,0.0,0.20184884071350107,7.954677679149269,0.02171650528907776
6.811999999999472,0.6885170468201222,0.010461445513871258,0.6885692944027868,-0.2195226485550857,0.0,0.041928002309497114,0.2503141822229122,0.08065735699383107,0.3619727084824478,0.8499198606862992,0.0,0.20184884071350107,7.954677679149269,0.02171650528907776
6.821999999999471,0.688572459878353,0.0010540373825444413,0.6884092395453898,-0.21865837130244486,0.0,0.042792279562137936,0.25022792990332665,0.08066477345296055,0.36324132964811906,0.8499197983665955,0.0,0.20184884071350107,7.954677679149269,0.02171650528907776
6.83199999999947,0.6885258906183946,-0.007553420386116963,0.6881511758560318,-0.2187509763296264,0.0,0.042699674534956406,0.2501416179108053,0.08067204276480384,0.36319230399833013,0.8499197357075712,0.0,0.20184884071350107,7.954677679149269,0.02171650528907776
6.8419999999994685,0.688448170796889,-0.008022042820125808,0.6880629453878113,-0.21885746967293068,0.0,0.04259318119165212,0.2500552617110635,0.08067916784885712,0.36313613246477394,0.849919673363686,0.0,0.20184884071350107,7.954677679149269,0.02171650528907776
6.851999999999467,0.6883996397127038,-0.0023107208290849487,0.6881754318483789,-0.21917130584249706,0.0,0.042279345022085746,0.24996888239670706,0.08068615156669183,0.3627827461383024,0.8499196114828078,0.0,0.20185768604278564,7.954677679149269,0.02166758179664613
6.861999999999466,0.688414125809474,0.005125336736320173,0.6884235343885651,-0.2195961118773932,0.0,0.041854538987189605,0.2498824942388891,0.08069299672310405,0.3622475513211161,0.8499195499940576,0.0,0.20185768604278564,7.954677679149269,0.02166758179664613
6.871999999999465,0.6885022714482425,0.010762590164775654,0.6887326090142684,-0.2197716885458044,0.0,0.041678962318778406,0.24979609808257577,0.08069970606724092,0.3620195123183958,0.8499194887896268,0.0,0.20185768604278564,7.954677679149269,0.02166758179664613
6.881999999999464,0.6886440897293092,0.013864053961666449,0.6890542743730719,-0.2193698802174707,0.0,0.0420807706471121,0.24970968111984695,0.0807062822937047,0.36255328577687496,0.8499194277758915,0.0,0.20185768604278564,7.954677679149269,0.02166758179664613
6.891999999999463,0.6887280449016796,0.0030391323785176894,0.6889708997893293,-0.2186622736018857,0.0,0.0427883772626971,0.24962322302630158,0.08071272804363508,0.36348538641211314,0.8499193658808626,0.0,0.20185768604278564,7.954677679149269,0.02166758179664613
6.901999999999462,0.6886194988083634,-0.019665773604575672,0.6883593864244504,-0.21796195951001246,0.0,0.04348869135457034,0.24953671639474337,0.0807190459057698,0.3644190608579322,0.8499193025927783,0.0,0.20177741050720233,7.954677679149269,0.022400808334350597
6.911999999999461,0.6882906329793892,-0.042144043279242205,0.6874776183026882,-0.2172021125964579,0.0,0.04424853826812489,0.2494501896103876,0.08072523841748441,0.36547917626079285,0.8499192383386572,0.0,0.20177741050720233,7.954677679149269,0.022400808334350597
6.92199999999946,0.6877782494346119,-0.056293074315138907,0.686573250639109,-0.2169614052941514,0.0,0.04448924557043141,0.24936371164376075,0.08073130806581133,0.3658689219550594,0.8499191736017493,0.0,0.20177741050720233,7.954677679149269,0.022400808334350597
6.931999999999459,0.6871319589984825,-0.06973936534930297,0.6855359582011847,-0.2166275231947906,0.0,0.04482312766979221,0.24927738199287086,0.08073725728843861,0.3664404255396314,0.8499191081097766,0.0,0.20177741050720233,7.954677679149269,0.022400808334350597
6.9419999999994575,0.6864002412708443,-0.0749364539433901,0.6846133654168444,-0.2164163788331377,0.0,0.04503427203144511,0.24919131927908378,0.08074308847468908,0.36688769131566557,0.8499190424220545,0.0,0.20177741050720233,7.954677679149269,0.022400808334350597
6.951999999999456,0.6856597798774466,-0.07243045865542794,0.6838945178054345,-0.21665673364623575,0.0,0.04479391721834705,0.24910565018003528,0.08074880396647985,0.3667282270057619,0.8499189768164076,0.0,0.20214107036590612,7.954677679149269,0.02371829152107241
6.961999999999455,0.6849892354779948,-0.0640997456067367,0.6834355663519563,-0.21676360802504055,0.0,0.04468704283954225,0.2490204937385898,0.08075440605926289,0.3667492027268976,0.8499189115454995,0.0,0.20214107036590612,7.954677679149269,0.02371829152107241
6.971999999999454,0.6843860021890193,-0.057368655277815,0.6830532807312037,-0.21695773490619294,0.0,0.04449291595838986,0.248935948537852,0.08075989700294692,0.36662080551230536,0.8499188462505464,0.0,0.20214107036590612,7.954677679149269,0.02371829152107241
6.981999999999453,0.6838540879248918,-0.0501495178456806,0.6827974538941545,-0.21697393482918265,0.0,0.044476716035400155,0.24885209249751922,0.08076527900280109,0.3666983747581496,0.849918781101238,0.0,0.20214107036590612,7.954677679149269,0.02371829152107241
6.991999999999452,0.6833820159876747,-0.04706035895746599,0.6825373937227388,-0.216424486722644,0.0,0.0450261641419388,0.24876898408842116,0.08077055422034055,0.3675108174823615,0.8499187158379883,0.0,0.20214107036590612,7.954677679149269,0.02371829152107241
7.001999999999451,0.6828392306458855,-0.05762030781127081,0.6818742945556228,-0.2160584404349744,0.0,0.04539221042960839,0.24868666803118172,0.08077572477419462,0.36802709999714234,0.8499186494107206,0.0,0.2018555164337159,7.954677679149269,0.024944758415222146
7.01199999999945,0.682273635704338,-0.05413509655407406,0.6815248908494702,-0.21649000414539218,0.0,0.04496064671919062,0.24860519533607284,0.0807807927409577,0.3673925352517856,0.8499185834668314,0.0,0.2018555164337159,7.954677679149269,0.024944758415222146
7.021999999999449,0.6817585494968005,-0.04932385093180027,0.6812761054028547,-0.21660169854672617,0.0,0.04484895231785663,0.24852461702115347,0.08078576015602318,0.3671453658704841,0.8499185176263505,0.0,0.2018555164337159,7.954677679149269,0.024944758415222146
7.031999999999448,0.6813342506032904,-0.03878064243964009,0.6812769167195113,-0.21671696467098303,0.0,0.04473368619359977,0.24844497039144092,0.08079062901440096,0.366819399107284,0.849918452312387,0.0,0.2018555164337159,7.954677679149269,0.024944758415222146
7.0419999999994465,0.6809899943015171,-0.032549415769043966,0.6812660640857191,-0.21663516750610814,0.0,0.044815483358474656,0.24836627296859112,0.0807954012715187,0.3666863532716296,0.8499183869719922,0.0,0.2018555164337159,7.954677679149269,0.024944758415222146
7.051999999999445,0.6806200768000201,-0.04089767923340891,0.6808566098420653,-0.21582423518976016,0.0,0.045626415674822646,0.2482885259988567,0.0808000788440071,0.36751037359490923,0.8499183206187744,0.0,0.20151271820068395,7.954677679149269,0.026021736860275257
7.061999999999444,0.6801330860867778,-0.05596641443667352,0.680115178487174,-0.21489413137375038,0.0,0.04655651949083242,0.24821173428641655,0.08080466361046965,0.36847504793667674,0.8499182532429921,0.0,0.20151271820068395,7.954677679149269,0.026021736860275257
7.071999999999443,0.6794860037362092,-0.0694887686059466,0.6791847742398798,-0.2148001431947585,0.0,0.04665050766982429,0.2481359241239136,0.08080915741223718,0.368277814959717,0.8499181850192606,0.0,0.20151271820068395,7.954677679149269,0.026021736860275257
7.081999999999442,0.678730073812471,-0.07991850454794856,0.6781717219096766,-0.21419515132766434,0.0,0.04725549953691846,0.2480611481013787,0.08081356205410736,0.3688145014369516,0.8499181161603334,0.0,0.20151271820068395,7.954677679149269,0.026021736860275257
7.091999999999441,0.6778901518208644,-0.08528163509727726,0.6771589471645695,-0.21403558560945424,0.0,0.04741506525512856,0.24798747656895012,0.08081787930506952,0.36875712521944637,0.849918046815799,0.0,0.20151271820068395,7.954677679149269,0.026021736860275257
7.10199999999944,0.6770499959011778,-0.08198930061252899,0.6763425525266112,-0.21392566850201877,0.0,0.04752498236256403,0.2479149891790071,0.08082211089901506,0.36865206651401194,0.8499179774961908,0.0,0.20165374279022252,7.954677679149269,0.027365398406982433
7.111999999999439,0.6762301485484301,-0.08342607538509676,0.6754322485614719,-0.21334934686700752,0.0,0.048101303997575284,0.24784375982050103,0.0808262585354339,0.3692121916635045,0.8499179075781238,0.0,0.20165374279022252,7.954677679149269,0.027365398406982433
7.121999999999438,0.6753669202594009,-0.08697141144356405,0.6744107640730572,-0.21308314571005874,0.0,0.048367505154524065,0.24777385413320732,0.08083032388009702,0.36936901552552404,0.8499178369354112,0.0,0.20165374279022252,7.954677679149269,0.027365398406982433
7.131999999999437,0.6745245086264312,-0.08131567882491228,0.6736321797938678,-0.21325807214500447,0.0,0.04819257871957833,0.24770533809026155,0.0808343085657254,0.3689340176235827,0.8499177664322097,0.0,0.20165374279022252,7.954677679149269,0.027365398406982433
7.1419999999994355,0.673764928967797,-0.07130391889027463,0.6730615112184736,-0.21357288123666807,0.0,0.047877769627914735,0.24763826802436084,0.08083821419264581,0.36830897348106406,0.8499176960944725,0.0,0.20165374279022252,7.954677679149269,0.027365398406982433
7.151999999999434,0.6731191305741079,-0.0604075484664365,0.6726541059752948,-0.21352895432936658,0.0,0.04792169653521622,0.24757267928129287,0.08084204232943351,0.36817480742054276,0.8499176259160253,0.0,0.2016719341278077,7.954677679149269,0.028173279762268078
7.161999999999433,0.6725872638599795,-0.04888978219047633,0.6724004646486527,-0.21368708456115756,0.0,0.04776356630342524,0.24750858189780403,0.08084579451354222,0.36773667345384864,0.8499175559409359,0.0,0.2016719341278077,7.954677679149269,0.028173279762268078
7.171999999999432,0.6721362870302776,-0.04357591458103386,0.672092271738899,-0.21347633597849835,0.0,0.047974314886084446,0.24744596228090693,0.08084947225192164,0.36779062748630653,0.8499174857156355,0.0,0.2016719341278077,7.954677679149269,0.028173279762268078
7.181999999999431,0.6716731202850196,-0.05005073145025827,0.671475346180231,-0.21249174117833797,0.0,0.048958909686244834,0.2473847916700641,0.08085307702162255,0.3689209565651881,0.8499174145729484,0.0,0.2016719341278077,7.954677679149269,0.028173279762268078
7.19199999999943,0.6711555201775059,-0.05312381368607639,0.6708576164016503,-0.21242521458603583,0.0,0.04902543627854697,0.24732504366197533,0.08085661027039015,0.36878354998622664,0.8499173431275091,0.0,0.2016719341278077,7.954677679149269,0.028173279762268078
7.201999999999429,0.6706203416935811,-0.054054349117125394,0.6702587424935031,-0.21236420505685147,0.0,0.04908644580773133,0.2472667015387649,0.08086007341724544,0.3686548704065704,0.8499172714421505,0.0,0.2017153263092042,7.954677679149269,0.02818170189857483
7.211999999999428,0.6700998247885177,-0.05113833748780685,0.6697622004640025,-0.21220772153342893,0.0,0.04924292933115387,0.24720975193964984,0.08086346785305513,0.3686738654131091,0.8499171997369087,0.0,0.2017153263092042,7.954677679149269,0.02818170189857483
7.221999999999427,0.6695767497369812,-0.05282473024430939,0.6691462933512822,-0.21201917763853365,0.0,0.049431473226049155,0.24715417922083066,0.08086679494109027,0.36875286693854925,0.8499171274946156,0.0,0.2017153263092042,7.954677679149269,0.02818170189857483
7.2319999999994256,0.6690563640473443,-0.05037839879115744,0.6686270424451468,-0.2122392255611973,0.0,0.049211425303385514,0.2470999672620789,0.0808700560175737,0.36828049858904177,0.8499170552041796,0.0,0.2017153263092042,7.954677679149269,0.02818170189857483
7.2419999999994245,0.6686055882863702,-0.04433780729115339,0.6682782440658027,-0.21176113978169686,0.0,0.04968951108288594,0.24704709792867674,0.0808732523922168,0.36878986467551245,0.8499169831312324,0.0,0.2017153263092042,7.954677679149269,0.02818170189857483
7.251999999999423,0.6681719538668365,-0.04009681208756201,0.667904170941515,-0.21230248313820188,0.0,0.04914816772638092,0.24699554278890784,0.08087638534874536,0.3678821406257621,0.8499169107950298,0.0,0.20179760456085205,7.954677679149269,0.027525883913040172
7.261999999999422,0.6677895530279934,-0.03809676227263872,0.6675381016267399,-0.2118476083999182,0.0,0.0496030424646646,0.246945267915688,0.08087945614541531,0.36836959156170346,0.8499168383318733,0.0,0.20179760456085205,7.954677679149269,0.027525883913040172
7.271999999999421,0.6674363434244222,-0.03136078175786528,0.6673171535054746,-0.2124480268500342,0.0,0.04900262401454861,0.24689623235315822,0.08088246601551798,0.3673862902077245,0.8499167660435303,0.0,0.20179760456085205,7.954677679149269,0.027525883913040172
7.28199999999942,0.667191020401554,-0.019858109633840403,0.6673416667373242,-0.212567040543431,0.0,0.048883610321151794,0.24684838882032537,0.08088541616787531,0.36706202030120993,0.8499166942889463,0.0,0.20179760456085205,7.954677679149269,0.027525883913040172
7.291999999999419,0.6671018171045929,-0.0020105505651839273,0.6677067098153889,-0.21309005286723523,0.0,0.04836059799734757,0.246801672002105,0.08088830778732557,0.3661377455447272,0.8499166234128279,0.0,0.20179760456085205,7.954677679149269,0.027525883913040172
7.301999999999418,0.6671335765337151,0.005126271052906944,0.6679558214444719,-0.21295489661806477,0.0,0.04849575424651803,0.2467559906810426,0.080891142035199,0.3660894203256265,0.8499165524256427,0.0,0.20165774822235116,7.954677679149269,0.026251083612441994
7.311999999999417,0.6672037663203073,0.006796708540849142,0.6681034019842973,-0.21255978305137133,0.0,0.048890867813211475,0.24671123624627692,0.08089392004978431,0.3663785336665232,0.8499164812968705,0.0,0.20165774822235116,7.954677679149269,0.026251083612441994
7.321999999999416,0.6671903918112639,-0.0060916706036461335,0.6677761186437111,-0.21216283017805643,0.0,0.049287820686526373,0.24666730000825274,0.08089664294678589,0.3666739227361029,0.8499164090217454,0.0,0.20165774822235116,7.954677679149269,0.026251083612441994
7.3319999999994145,0.6671372519585121,-0.00560409533986294,0.6676969499085844,-0.21212840966460272,0.0,0.04932224119998008,0.2466240927635123,0.08089931181977178,0.36648446400474133,0.8499163372279817,0.0,0.20165774822235116,7.954677679149269,0.026251083612441994
7.341999999999413,0.6670698737048609,-0.008354775706946073,0.6675062411965298,-0.2121289488272609,0.0,0.04932170203732189,0.2465815393706405,0.08090192774061296,0.36626338843918693,0.8499162651166557,0.0,0.20165774822235116,7.954677679149269,0.026251083612441994
7.351999999999412,0.6670066943444796,-0.005389150778962841,0.6674428956065489,-0.21232587120435814,0.0,0.04912477966022466,0.2465395716555868,0.08090449175991381,0.3657917003726431,0.8499161932344458,0.0,0.20179460048675546,7.954677679149269,0.02545800805091858
7.361999999999411,0.6669186602004109,-0.013117532235481372,0.6670823743908116,-0.2114426829344255,0.0,0.0500079679301573,0.24649812565306667,0.08090700490743404,0.36685943992141745,0.8499161205821886,0.0,0.20179460048675546,7.954677679149269,0.02545800805091858
7.37199999999941,0.666768012506901,-0.015004706123704532,0.6667737129667676,-0.2118831368831302,0.0,0.04956751398145259,0.24645714643409664,0.08090946819250228,0.36612573555434547,0.8499160478675748,0.0,0.20179460048675546,7.954677679149269,0.02545800805091858
7.381999999999409,0.6666896276326948,-0.00458036827011548,0.6668476653995056,-0.21225975062944247,0.0,0.049190900235140333,0.24641659102991864,0.08091188260442139,0.36550917624213586,0.8499159759975885,0.0,0.20179460048675546,7.954677679149269,0.02545800805091858
7.391999999999408,0.6666824368989803,0.0018849351442456336,0.6669169458980893,-0.21233326282738574,0.0,0.04911738803719706,0.24637640805230185,0.08091424911286589,0.3653304653999878,0.8499159041409272,0.0,0.20179460048675546,7.954677679149269,0.02545800805091858
7.401999999999407,0.6667334883948037,0.007794272723149823,0.6670459371614822,-0.21258000548192485,0.0,0.04887064538265795,0.24633653501906988,0.08091656866827131,0.3649212737147717,0.8499158324654986,0.0,0.2019110918045044,7.954677679149269,0.024538600444793723
7.411999999999406,0.6668132803819045,0.009004501130643015,0.6670987356150065,-0.21253170837717467,0.0,0.048918942487408135,0.24629690236321633,0.08091884220221596,0.36493743255353506,0.8499157606560434,0.0,0.2019110918045044,7.954677679149269,0.024538600444793723
7.421999999999405,0.6669409035011754,0.014133300424603971,0.6673051496129304,-0.21246073145956804,0.0,0.048989919405014765,0.2462574383725423,0.080921070627795,0.3649947473182269,0.8499156892740353,0.0,0.2019110918045044,7.954677679149269,0.024538600444793723
7.4319999999994035,0.6670514452197371,0.009222848568325552,0.6672508529579246,-0.21235365060161576,0.0,0.04909700026296704,0.24621806867747767,0.08092325483998719,0.36511694250281024,0.8499156173200748,0.0,0.2019110918045044,7.954677679149269,0.024538600444793723
7.441999999999402,0.6671321367180957,0.004612839381136838,0.6671674928436725,-0.21176253712941145,0.0,0.049688113735171346,0.24617872550667372,0.0809253957160144,0.36594128668472714,0.849915545286121,0.0,0.2019110918045044,7.954677679149269,0.024538600444793723
7.451999999999401,0.6671431412749308,-0.0009876365810379192,0.6669767574369252,-0.21189280032430577,0.0,0.04955785054027703,0.24613935303156104,0.0809274941156938,0.36579180557481517,0.849915472919528,0.0,0.20209333896636972,7.954677679149269,0.024074703454971313
7.4619999999994,0.6670725002806062,-0.01234131098864534,0.6665547761903493,-0.21131476665250695,0.0,0.05013588421207585,0.24609991140805693,0.08092955088178329,0.36667459762561105,0.8499153998881881,0.0,0.20209333896636972,7.954677679149269,0.024074703454971313
7.471999999999399,0.6668978679935105,-0.020062264280249105,0.6661017766151661,-0.2113200433921795,0.0,0.050130607472403305,0.24606038021221302,0.08093156684031984,0.3667962501471057,0.8499153265645647,0.0,0.20209333896636972,7.954677679149269,0.024074703454971313
7.481999999999398,0.6667195130330423,-0.013579504803502493,0.6660027070081194,-0.21198177371520613,0.0,0.04946887714937667,0.24602075889694508,0.0809335428009514,0.36603785900055774,0.8499152539112851,0.0,0.20209333896636972,7.954677679149269,0.024074703454971313
7.491999999999397,0.6666147276769769,-0.008994278000336309,0.6659751317168063,-0.21174193364978355,0.0,0.04970871721479925,0.2459810475499356,0.08093547955726194,0.36654458948110635,0.8499151814188354,0.0,0.20209333896636972,7.954677679149269,0.024074703454971313
7.501999999999396,0.6665416553742434,-0.005694210585974538,0.665978654409724,-0.21195169750163795,0.0,0.04949895336294485,0.24594123415102717,0.08093737788709023,0.36642118168632476,0.8499151089864158,0.0,0.20225589275360134,7.954677679149269,0.023622483015060425
7.511999999999395,0.6664558958680564,-0.010987867479399574,0.6657818379216391,-0.21153293342190058,0.0,0.049917717442682225,0.24590130127743282,0.08093923855284223,0.3671741709192671,0.8499150360558727,0.0,0.20225589275360134,7.954677679149269,0.023622483015060425
7.521999999999394,0.6663459889947588,-0.010267824060942315,0.6657169428669331,-0.21179195895891859,0.0,0.049658691905664215,0.24586123495672685,0.08094106230179725,0.36697969450761936,0.8499149633585852,0.0,0.20225589275360134,7.954677679149269,0.023622483015060425
7.5319999999993925,0.6662226992646988,-0.015310966648097654,0.6655173223658815,-0.21130883959321334,0.0,0.05014181127136946,0.24582102653447097,0.08094284986640815,0.3678119082052361,0.8499148903066802,0.0,0.20225589275360134,7.954677679149269,0.023622483015060425
7.541999999999391,0.666049544770428,-0.017077031504711057,0.6653503617991741,-0.2116981113520333,0.0,0.04975253951254949,0.2457806718823671,0.08094460196459541,0.3674195247707518,0.8499148172214348,0.0,0.20225589275360134,7.954677679149269,0.023622483015060425
7.55199999999939,0.6658952781220138,-0.015065875299726667,0.6653149037421691,-0.21173222562125177,0.0,0.04971842524333103,0.24574017458918712,0.08094631930003553,0.3675017086697161,0.8499147444090059,0.0,0.20223653316497803,7.954677679149269,0.023965787887573253
7.561999999999389,0.6657446084118375,-0.015405918045515062,0.6652428024783248,-0.21151077212001956,0.0,0.04993987874456324,0.2456995364636989,0.08094800256244362,0.36791250273292386,0.8499146714844394,0.0,0.20223653316497803,7.954677679149269,0.023965787887573253
7.571999999999388,0.6656342767196292,-0.0065389295933427835,0.6654521505321114,-0.21217004741609977,0.0,0.049280603448483035,0.24565875791288966,0.0809496524278504,0.36705266444162965,0.8499145992260965,0.0,0.20223653316497803,7.954677679149269,0.023965787887573253
7.581999999999387,0.6655740606752191,-0.006205216963118057,0.6655285250411672,-0.21183800157623192,0.0,0.04961264928835088,0.24561783158217945,0.08095126955887372,0.36752378717767464,0.8499145267455811,0.0,0.20223653316497803,7.954677679149269,0.023965787887573253
7.591999999999386,0.6655027523398175,-0.008099565267298374,0.6655380833155861,-0.21178093695671313,0.0,0.04966971390786967,0.24557674214146552,0.08095285460498462,0.36756617706395633,0.8499144541301912,0.0,0.20223653316497803,7.954677679149269,0.023965787887573253
7.601999999999385,0.6654266723990322,-0.008587333409208232,0.6655714662366129,-0.21167490592353638,0.0,0.04977574494104642,0.24553547657061783,0.08095440820276828,0.3676351140899248,0.8499143815860347,0.0,0.20193212032318142,7.954677679149269,0.02461082339286802
7.611999999999384,0.6652999340183285,-0.0150501253598544,0.66539138918117,-0.21150007316487304,0.0,0.04995057769970976,0.24549402519256117,0.0809559309761796,0.36776865849970186,0.8499143085048707,0.0,0.20193212032318142,7.954677679149269,0.02461082339286802
7.621999999999383,0.6650885567747132,-0.023116445466674074,0.6650572604199755,-0.21123553198511705,0.0,0.05021511887946575,0.24545238867609492,0.0809574235367938,0.36801466730849375,0.8499142349359392,0.0,0.20193212032318142,7.954677679149269,0.02461082339286802
7.6319999999993815,0.6648530553463192,-0.025167385801229923,0.6648276531781622,-0.21094940025739273,0.0,0.050501250607190074,0.2454105821510673,0.08095888648405208,0.36827682397918027,0.8499141614986265,0.0,0.20193212032318142,7.954677679149269,0.02461082339286802
7.64199999999938,0.664578983393693,-0.0275679445493459,0.6645323313359095,-0.21110566760763438,0.0,0.05034498325694842,0.24536862679093305,0.08096032040550236,0.3679113817510763,0.8499140877687785,0.0,0.20193212032318142,7.954677679149269,0.02461082339286802
7.651999999999379,0.6643374048887614,-0.020782087647693362,0.6644883501840592,-0.21140678527738155,0.0,0.05004386558720125,0.24532654793621092,0.08096172587703519,0.36732808532442685,0.8499140145389462,0.0,0.20185234546661412,7.954677679149269,0.025429826974868786
7.661999999999378,0.664152300445082,-0.016863339963773052,0.6644375043047664,-0.21135062167964308,0.0,0.05010002918493972,0.24528436396831077,0.0809631034631151,0.3672175128576648,0.849913941279681,0.0,0.20185234546661412,7.954677679149269,0.025429826974868786
7.671999999999377,0.6639997851206773,-0.014380943633754938,0.6643803014244254,-0.21134797010852532,0.0,0.05010268075605748,0.245242081608405,0.08096445371700729,0.36701014220758865,0.8499138679844389,0.0,0.20185234546661412,7.954677679149269,0.025429826974868786
7.681999999999376,0.663872174432799,-0.011559955794809146,0.6643471118479519,-0.21154558646726496,0.0,0.049905064397317844,0.24519970084557202,0.08096577718099983,0.3665055388622266,0.8499137947214993,0.0,0.20185234546661412,7.954677679149269,0.025429826974868786
7.691999999999375,0.6637785998556437,-0.011544894677507911,0.6642732380997369,-0.2107735960039534,0.0,0.0506770548606294,0.2451572163406027,0.08096707438662144,0.36734082474731455,0.8499137213666758,0.0,0.20185234546661412,7.954677679149269,0.025429826974868786
7.701999999999374,0.6636092008723345,-0.020454216094036373,0.6638725203328669,-0.21048948222881342,0.0,0.05096116863576938,0.24511461972764712,0.08096834585485495,0.36750398766393677,0.8499136471229197,0.0,0.20179710388183603,7.954677679149269,0.026472187042236306
7.711999999999373,0.6633990584828576,-0.02129314097489357,0.6635968339320414,-0.21069959587333764,0.0,0.05075105499124516,0.24507191481140883,0.08096959209634659,0.3669989389790317,0.8499135730070708,0.0,0.20179710388183603,7.954677679149269,0.026472187042236306
7.721999999999372,0.6631728979985759,-0.023430394019809467,0.6632580749789743,-0.21061063833084356,0.0,0.05084001253373924,0.24502911357552426,0.08097081361161104,0.3669336807480523,0.8499134986037201,0.0,0.20179710388183603,7.954677679149269,0.026472187042236306
7.7319999999993705,0.6629087253033816,-0.028936586148899622,0.6627819537034462,-0.2099946261007663,0.0,0.0514560247638165,0.24498623102424297,0.08097201089123243,0.3676373948167765,0.8499134236984708,0.0,0.20179710388183603,7.954677679149269,0.026472187042236306
7.741999999999369,0.6625796087574959,-0.03587672616077193,0.6621844494726734,-0.20964516414679413,0.0,0.051805486717788674,0.24494328897052878,0.08097318441606141,0.36801323068683234,0.8499133482614086,0.0,0.20179710388183603,7.954677679149269,0.026472187042236306
7.751999999999368,0.6622444339461941,-0.030676760393098627,0.6618686502734276,-0.21016495515680214,0.0,0.05128569570778066,0.24490031914135754,0.08097433465740825,0.3672164797177482,0.84991327324602,0.0,0.20200755596160924,7.954677679149269,0.026707166433334373
7.761999999999367,0.6619260364615538,-0.03356368260738242,0.6613863582351244,-0.20960464905212878,0.0,0.05184600181245402,0.2448573525681141,0.08097546207723207,0.36795920407286586,0.849913197678912,0.0,0.20200755596160924,7.954677679149269,0.026707166433334373
7.771999999999366,0.6615743506699723,-0.03707114421338219,0.6608540407742822,-0.2091758518772624,0.0,0.0522747989873204,0.24481441625752187,0.08097656712832649,0.3685588056801191,0.849913121758466,0.0,0.20200755596160924,7.954677679149269,0.026707166433334373
7.781999999999365,0.6611433494409594,-0.047580079844257266,0.6600658440238881,-0.2086859044216481,0.0,0.05276474644293469,0.24477154199929121,0.08097765025450133,0.3692934301127653,0.8499130449393401,0.0,0.20200755596160924,7.954677679149269,0.026707166433334373
7.791999999999364,0.6605947756534536,-0.05922748308094094,0.6591186923649014,-0.20820825956920622,0.0,0.053242391295376584,0.2447287745686301,0.08097871189076108,0.37007596806246223,0.8499129673420922,0.0,0.20200755596160924,7.954677679149269,0.026707166433334373
7.801999999999363,0.659965815920934,-0.0652583708407031,0.6582281065589949,-0.20798554119527135,0.0,0.05346510966931145,0.24468617727629022,0.08097975246347935,0.3705645943692647,0.8499128894469705,0.0,0.20249371528625515,7.954677679149269,0.02737664580345156
7.811999999999362,0.6592889724705121,-0.06770083994548423,0.6573935261405459,-0.20797321758227819,0.0,0.053477433282304615,0.24464382513408442,0.08098077239057025,0.3708102046351033,0.8499128112639333,0.0,0.20249371528625515,7.954677679149269,0.02737664580345156
7.821999999999361,0.6586526562895757,-0.059269500517424197,0.6569044621570574,-0.20834676726085682,0.0,0.053103883603725976,0.24460179587634343,0.0809817720816562,0.37054091514138543,0.8499127335695693,0.0,0.20249371528625515,7.954677679149269,0.02737664580345156
7.8319999999993595,0.658094546627244,-0.05400433498188757,0.6564747546425059,-0.2082567208500663,0.0,0.0531939300145165,0.2445601544614427,0.0809827519382325,0.3709123814281253,0.8499126558166491,0.0,0.20249371528625515,7.954677679149269,0.02737664580345156
7.841999999999358,0.6576086192627091,-0.045329940729327105,0.6562496193207394,-0.20846436518276232,0.0,0.05298628568182048,0.24451894676778366,0.08098371235382847,0.37084468388565883,0.849912578383253,0.0,0.20249371528625515,7.954677679149269,0.02737664580345156
7.851999999999357,0.6571905492316489,-0.03902234611830903,0.6560814525530723,-0.20845932359630387,0.0,0.05299132726827893,0.2444782014362122,0.08098465371416556,0.37103301246974063,0.849912500986359,0.0,0.2023652076721194,7.954677679149269,0.027196794748306274
7.861999999999356,0.6568613210772176,-0.030008920600017863,0.6561111100748185,-0.2088390994182031,0.0,0.05261155144637969,0.2444379304615321,0.08098557639731231,0.37062267615609135,0.8499124240273812,0.0,0.2023652076721194,7.954677679149269,0.027196794748306274
7.871999999999355,0.6565673448294378,-0.030136890126846415,0.6559809941010442,-0.2082898980348069,0.0,0.05316075282977589,0.24439812906090957,0.08098648077383609,0.37144630251496613,0.84991234667856,0.0,0.2023652076721194,7.954677679149269,0.027196794748306274
7.881999999999354,0.6562536862371676,-0.030919558885568812,0.6558161090204064,-0.20849256378692532,0.0,0.05295808707765748,0.24435878569192068,0.08098736720695202,0.37116242635035224,0.849912269164247,0.0,0.2023652076721194,7.954677679149269,0.027196794748306274
7.891999999999353,0.6559625669927188,-0.029645864970235213,0.6557294146744144,-0.20816218335213188,0.0,0.05328846751245092,0.2443198908490365,0.08098823605266871,0.3715608329539438,0.8499121917925915,0.0,0.2023652076721194,7.954677679149269,0.027196794748306274
7.901999999999352,0.655642951576181,-0.03168023544576886,0.655522225741952,-0.20861116410088976,0.0,0.052839486763693044,0.24428143322702783,0.08098908765993144,0.37081310638510645,0.8499121140509615,0.0,0.20201623439788818,7.954677679149269,0.02759876847267151
7.911999999999351,0.6553618625954379,-0.02712301008400697,0.6555104928573199,-0.2084522377634287,0.0,0.05299841310115411,0.24424340443836848,0.08098992237076214,0.3708545619490137,0.8499120367310101,0.0,0.20201623439788818,7.954677679149269,0.02759876847267151
7.92199999999935,0.6551299783722939,-0.020466888916974985,0.6555946263965252,-0.2087431414014015,0.0,0.05270750946318131,0.24420579071926854,0.08099074052039681,0.3702002759890176,0.849911959638696,0.0,0.20201623439788818,7.954677679149269,0.02759876847267151
7.9319999999993485,0.6549352116468421,-0.019868013114809728,0.6555587554125991,-0.2084153764437545,0.0,0.05303527442082831,0.24416856916788923,0.08099154243742016,0.37034693365559923,0.8499118822909745,0.0,0.20201623439788818,7.954677679149269,0.02759876847267151
7.941999999999347,0.6547334360868622,-0.022451168775394423,0.6554095594154402,-0.2079063524863546,0.0,0.05354429837822819,0.2441317114164894,0.08099232844389756,0.3707005930537689,0.8499118046458133,0.0,0.20201623439788818,7.954677679149269,0.02759876847267151
7.951999999999346,0.6544239551242905,-0.03672394290890873,0.6548140450782473,-0.2073723983437105,0.0,0.05407825252087231,0.2440951933649585,0.08099309885550442,0.37107503358920146,0.849911725786896,0.0,0.20176272392272976,7.954677679149269,0.02894350290298464
7.961999999999345,0.6539581662724453,-0.05255742819815657,0.6539537498012814,-0.20670121832271843,0.0,0.05474943254186437,0.24405901202101415,0.0809938539816529,0.3716664618475758,0.8499116459735637,0.0,0.20176272392272976,7.954677679149269,0.02894350290298464
7.971999999999344,0.6533402500901504,-0.06805848874347036,0.6528854778442156,-0.2059857603676501,0.0,0.055464890496932706,0.24402319391122423,0.08099459412561628,0.372368744658939,0.8499115652352618,0.0,0.20176272392272976,7.954677679149269,0.02894350290298464
7.981999999999343,0.6526009890386978,-0.07484580617986725,0.6518559291133468,-0.2061521380847508,0.0,0.055298512779832,0.2439877930314762,0.0809953195846507,0.3719032664651859,0.8499114840725769,0.0,0.20176272392272976,7.954677679149269,0.02894350290298464
7.991999999999342,0.6519014324641548,-0.06604649587035535,0.6512414007452284,-0.20633019719903117,0.0,0.05512045366555163,0.24395288024897896,0.0809960306501145,0.3714655892014399,0.8499114034956241,0.0,0.20176272392272976,7.954677679149269,0.02894350290298464
8.001999999999342,0.6512596225146758,-0.06288409611616019,0.6505631893640129,-0.20596212682773432,0.0,0.05548852403684848,0.2439185162988923,0.08099672760758533,0.37181884689667877,0.8499113224771898,0.0,0.20206329822540292,7.954677679149269,0.03001188039779662
8.011999999999345,0.6506509999275825,-0.0584268527789155,0.6499565171363063,-0.20609266031232254,0.0,0.05535799055226026,0.2438847464110291,0.08099741073697479,0.3715057234535506,0.8499112413161393,0.0,0.20206329822540292,7.954677679149269,0.03001188039779662
8.021999999999348,0.650158427726406,-0.04302100234564871,0.6497580268847674,-0.206685637987824,0.0,0.054765012876758806,0.24385160382013513,0.08099808031264082,0.3705575179906926,0.8499111609149701,0.0,0.20206329822540292,7.954677679149269,0.03001188039779662
8.031999999999352,0.6497921525246572,-0.03462471862788943,0.6495522260144055,-0.20614738468272262,0.0,0.05530326618186018,0.24381909779455402,0.08099873660349798,0.3711824046312321,0.8499110804225277,0.0,0.20206329822540292,7.954677679149269,0.03001188039779662
8.041999999999355,0.6494161021370156,-0.0389855345404172,0.6490267684645427,-0.2058224179951879,0.0,0.05562823286939489,0.2437872146647812,0.08099937987312533,0.3715190306055256,0.8499109990058868,0.0,0.20206329822540292,7.954677679149269,0.03001188039779662
8.051999999999358,0.6490304964752808,-0.037687973948722676,0.6486213209125136,-0.20578341753775353,0.0,0.05566723332682927,0.24375594018519003,0.08100001037987242,0.37147722574870823,0.8499109176476346,0.0,0.202103853225708,7.954677679149269,0.029979407787322998
8.061999999999362,0.6486770051262206,-0.03224717202042135,0.6483547503703988,-0.20605543365960893,0.0,0.05539521720497387,0.24372526226450075,0.08100062837696292,0.37101186797108465,0.8499108364459564,0.0,0.202103853225708,7.954677679149269,0.029979407787322998
8.071999999999365,0.648364717099946,-0.03000195824107762,0.6480643392877491,-0.20589384557742754,0.0,0.05555680528715526,0.24369516295568233,0.08100123411259641,0.3711561297771113,0.8499107550684781,0.0,0.202103853225708,7.954677679149269,0.029979407787322998
8.081999999999368,0.6480973951836486,-0.024516653434657545,0.6479073734247434,-0.20588074969924575,0.0,0.055569901165337054,0.2436656170969155,0.08100182783004804,0.37109385775273673,0.8499106738976844,0.0,0.202103853225708,7.954677679149269,0.029979407787322998
8.091999999999372,0.647872031539716,-0.02038601638613708,0.6477698754772934,-0.20604552829044762,0.0,0.055405122574135185,0.24363659236397447,0.08100240976776621,0.37077830776362874,0.8499105926990862,0.0,0.202103853225708,7.954677679149269,0.029979407787322998
8.101999999999375,0.6476947750815915,-0.01543146536989691,0.647710263102934,-0.2060474495143793,0.0,0.05540320135020349,0.24360804957978444,0.08100298015946837,0.370682842982722,0.8499105116367159,0.0,0.2021142005920411,7.954677679149269,0.028766727447509743
8.111999999999378,0.6475414837322492,-0.015632022941363018,0.6475541205843902,-0.20580387463180072,0.0,0.05564677623278208,0.24357994299157468,0.08100353923423484,0.3709228198615847,0.849910430309324,0.0,0.2021142005920411,7.954677679149269,0.028766727447509743
8.121999999999382,0.6473932363935824,-0.013715382924817804,0.647449390829221,-0.2059828224038269,0.0,0.0554678284607559,0.24355222480799024,0.08100408721660084,0.3705711438426502,0.8499103490330161,0.0,0.2021142005920411,7.954677679149269,0.028766727447509743
8.131999999999385,0.647302287418802,-0.005938271341694376,0.6475512262252491,-0.20639375206291302,0.0,0.05505689880166978,0.24352484786346432,0.0810046243266467,0.3698844126080363,0.8499102682355878,0.0,0.2021142005920411,7.954677679149269,0.028766727447509743
8.141999999999388,0.6473036667325319,0.004643022524833916,0.647829296250888,-0.20675049018607908,0.0,0.05470016067850372,0.2434977572914453,0.08100515078008615,0.36924958753732706,0.8499101879307307,0.0,0.2021142005920411,7.954677679149269,0.028766727447509743
8.151999999999392,0.6474616858563969,0.022724152568790075,0.6484727788027662,-0.2073370258839214,0.0,0.05411362498066141,0.24347088297001096,0.08100566678835314,0.3682493883984521,0.8499101086897823,0.0,0.2019242763519289,7.954677679149269,0.02697669267654418
8.161999999999395,0.6477424341846646,0.029693788121442147,0.6489892518180688,-0.2071309073141893,0.0,0.05431974355039351,0.24344413056086184,0.08100617255868652,0.36830443024527926,0.8499100294392515,0.0,0.2019242763519289,7.954677679149269,0.02697669267654418
8.171999999999398,0.6480386535846788,0.028799592449138718,0.6493135391057799,-0.2068798778134791,0.0,0.054570773051103694,0.24341738939393184,0.08100666829421342,0.36839321879654885,0.8499099499346244,0.0,0.2019242763519289,7.954677679149269,0.02697669267654418
8.181999999999402,0.6483120344992958,0.02382258477270395,0.6494850227690374,-0.20655271347218881,0.0,0.054897937392393986,0.24339055183209898,0.08100715419403086,0.36857862277742137,0.8499098702059724,0.0,0.2019242763519289,7.954677679149269,0.02697669267654418
8.191999999999405,0.6484633722427696,0.009025394850314082,0.649242275513365,-0.20606161910443135,0.0,0.05538903176015145,0.24336352357681987,0.08100763045328556,0.3690177381339723,0.8499097894913678,0.0,0.2019242763519289,7.954677679149269,0.02697669267654418
8.201999999999408,0.648524850816503,0.007097449857842129,0.6491714693385672,-0.2068080625952746,0.0,0.05464258826930821,0.24333623841328147,0.08100809726325243,0.36777204775748296,0.849909709073167,0.0,0.20202558040618923,7.954677679149269,0.026654309034347512
8.211999999999412,0.6486501618316066,0.016171639834602555,0.6494294736305657,-0.20710334173521933,0.0,0.054347309129363475,0.24330864997172458,0.08100855481141142,0.3671795949881812,0.8499096294742978,0.0,0.20202558040618923,7.954677679149269,0.026654309034347512
8.221999999999415,0.6488767456990328,0.025829499034138448,0.649816995906171,-0.20720709561500267,0.0,0.05424355524958013,0.24328070502882546,0.08100900328152266,0.3668605612242206,0.8499095503334544,0.0,0.20202558040618923,7.954677679149269,0.026654309034347512
8.231999999999418,0.6491188436870523,0.02356319845154501,0.6499269918786258,-0.2070898449206164,0.0,0.05436080594396639,0.24325233679712957,0.08100944285370047,0.3668669151177526,0.8499094706605794,0.0,0.20202558040618923,7.954677679149269,0.026654309034347512
8.241999999999422,0.6493406401549647,0.020338293495090164,0.6499768407030678,-0.20665759694312658,0.0,0.054793053921456225,0.24322347900551294,0.08100987370448551,0.3673482589912488,0.8499093908947126,0.0,0.20202558040618923,7.954677679149269,0.026654309034347512
8.251999999999425,0.6495289898209468,0.017968979711940197,0.6499970823791777,-0.20675894879323553,0.0,0.05469170207134727,0.24319407456539258,0.08101029600691578,0.3671263765975824,0.8499093110684072,0.0,0.20213339328765878,7.954677679149269,0.026043641567230214
8.261999999999428,0.6497020551262409,0.01725244377369633,0.6500346803881969,-0.2069055598048295,0.0,0.0545450910597533,0.24316407650806865,0.0810107099305961,0.36688570183792735,0.84990923129324,0.0,0.20213339328765878,7.954677679149269,0.026043641567230214
8.271999999999432,0.6498761140048002,0.018465998206486714,0.6501213456110683,-0.20730034419383875,0.0,0.05415030667074405,0.2431334444548771,0.0810111156417662,0.3663397043265455,0.8499091516565835,0.0,0.20213339328765878,7.954677679149269,0.026043641567230214
8.281999999999435,0.6501043062925211,0.02586337312612038,0.6504294055503361,-0.2075482413131221,0.0,0.053902409551460695,0.24310214044692993,0.08101151330336757,0.3660288215157821,0.849909072627212,0.0,0.20213339328765878,7.954677679149269,0.026043641567230214
8.291999999999438,0.6504432077163664,0.03920370393293432,0.6510261352997767,-0.2081901104363412,0.0,0.053260540428241604,0.24307011940572607,0.08099958235700563,0.36516453025624074,0.8499089944756707,0.0,0.20213339328765878,7.954677679149269,0.026043641567230214
8.301999999999442,0.6509347588087828,0.05521970111117824,0.651885117718032,-0.20881518734776075,0.0,0.05263546351682205,0.24303731858383137,0.08098370082164655,0.36429702063520575,0.8499089172729307,0.0,0.20211453437805194,7.954677679149269,0.024133300781249978
8.311999999999445,0.6515166528783861,0.05760165648788576,0.6525347713740819,-0.20846884408437347,0.0,0.052981806780209334,0.24300365204821323,0.08098464241078951,0.36478153633485133,0.8499088399568178,0.0,0.20211453437805194,7.954677679149269,0.024133300781249978
8.321999999999449,0.6520894870330582,0.05804062973395474,0.6531234306510202,-0.20887070370658464,0.0,0.05257994715799816,0.24296902392038003,0.08098556531820246,0.36421764779766486,0.8499087627636519,0.0,0.20211453437805194,7.954677679149269,0.024133300781249978
8.331999999999452,0.6526912762722772,0.06042474677489529,0.653791885937828,-0.20897071694618916,0.0,0.052479933918393645,0.24293334473890155,0.08098646991454285,0.3640683605781403,0.8499086860616641,0.0,0.20211453437805194,7.954677679149269,0.024133300781249978
8.341999999999455,0.6532729025912485,0.0556446326756407,0.6542602336113509,-0.2087801959348159,0.0,0.05267045492976691,0.24289652839772,0.08098735656311407,0.3643243857334949,0.849908609162467,0.0,0.20211453437805194,7.954677679149269,0.024133300781249978
8.351999999999459,0.6538233717846496,0.05465477085423755,0.6547756917150076,-0.20916603084611374,0.0,0.052284620018469063,0.24285849877843838,0.0809882256200113,0.36378390435675656,0.8499085325922876,0.0,0.20212204456329363,7.954677679149269,0.02315669059753417
8.361999999999462,0.654373215334534,0.05330376771378858,0.6552799654886114,-0.20892361487366307,0.0,0.052527035990919735,0.24281919131443078,0.0809890774342646,0.36412721680451154,0.8499084562464104,0.0,0.20212204456329363,7.954677679149269,0.02315669059753417
8.371999999999465,0.654843480450694,0.04214708336845556,0.6554491325861038,-0.2086127198215366,0.0,0.05283793104304621,0.2427785493617504,0.08098991234797907,0.3645867202263403,0.8499083792768701,0.0,0.20212204456329363,7.954677679149269,0.02315669059753417
8.381999999999469,0.6551851629812563,0.030905086729113816,0.6554561344106288,-0.20861872837158646,0.0,0.05283192249299634,0.2427365362264047,0.08099073069647218,0.36464797032707164,0.8499083019531328,0.0,0.20212204456329363,7.954677679149269,0.02315669059753417
8.391999999999472,0.6554311277995266,0.021391460954017956,0.6553924416635847,-0.20862713814719275,0.0,0.05282351271739005,0.24269314222939647,0.08099153280840848,0.36475362717605675,0.8499082244593971,0.0,0.20212204456329363,7.954677679149269,0.02315669059753417
8.401999999999475,0.6556621192003824,0.026915235324005693,0.6556829398680873,-0.2093836849453237,0.0,0.052066965919259106,0.24264837789168425,0.08099231900593164,0.3638509676389088,0.8499081478197572,0.0,0.20236887931823766,7.954677679149269,0.023028749227523793
8.411999999999479,0.6560000591137369,0.03856700407210093,0.6562732324684303,-0.2098346940873242,0.0,0.05161595677725861,0.24260225630656246,0.08099308960479376,0.3633743103293786,0.8499080720955587,0.0,0.20236887931823766,7.954677679149269,0.023028749227523793
8.421999999999482,0.6564176928700294,0.042019057492474234,0.6567851573099689,-0.20971295924816455,0.0,0.05173769161641825,0.24255477232994865,0.08099384491448228,0.3636809728878202,0.8499079964651758,0.0,0.20236887931823766,7.954677679149269,0.023028749227523793
8.431999999999485,0.6568166377849978,0.038546056880641236,0.6571210173133103,-0.2095734244360418,0.0,0.05187722642854101,0.24250590859603524,0.08099458523834413,0.3640078992126283,0.8499079206127061,0.0,0.20236887931823766,7.954677679149269,0.023028749227523793
8.441999999999489,0.6571792234430875,0.03501136617478553,0.6574213381263649,-0.20968050538494631,0.0,0.05177014547963649,0.24245565235856859,0.0809953108737077,0.36399032036114076,0.8499078448242307,0.0,0.20236887931823766,7.954677679149269,0.023028749227523793
8.451999999999492,0.6575189096127141,0.03293710485087562,0.6577398401967449,-0.2096622950763236,0.0,0.05178835578825919,0.2424039995588514,0.08099602211200219,0.3641453251506913,0.8499077692252972,0.0,0.20226256847381618,7.954677679149269,0.022992879152297974
8.461999999999495,0.6578232631823708,0.029750398062660353,0.6579995087329996,-0.20974205126156134,0.0,0.05170859960302146,0.2423509530231065,0.08099671923887461,0.3641601386163845,0.8499076936149628,0.0,0.20226256847381618,7.954677679149269,0.022992879152297974
8.471999999999499,0.6581362747241479,0.032022858776044674,0.6584123425627788,-0.20999081237053505,0.0,0.051459838494047755,0.24229652207886127,0.08099740253430462,0.3639261422021085,0.8499076185227774,0.0,0.20226256847381618,7.954677679149269,0.022992879152297974
8.481999999999502,0.6584222610590672,0.02570387112247989,0.6585973331467101,-0.20976932102093723,0.0,0.05168132984364557,0.2422407165801377,0.08099807227271688,0.36433517176192853,0.8499075430482871,0.0,0.20226256847381618,7.954677679149269,0.022992879152297974
8.491999999999505,0.6586584182241465,0.025319654758807278,0.6588701190251703,-0.21046688358572824,0.0,0.050983767278854564,0.24218355228931868,0.08099872872309126,0.363454873107962,0.8499074678549441,0.0,0.20226256847381618,7.954677679149269,0.022992879152297974
8.501999999999509,0.6589285125795848,0.0269294287351049,0.6592433703706777,-0.21027807280118627,0.0,0.051172578063396534,0.24212505240724563,0.08099937214907092,0.3637900041861578,0.8499073930739336,0.0,0.2021684408187867,7.954677679149269,0.023242378234863303
8.511999999999512,0.6592274525329143,0.03260724652430231,0.6597566941728267,-0.21089648168911485,0.0,0.050554169175467956,0.2420652354279006,0.08100000280906819,0.36296594475996136,0.8499073188081391,0.0,0.2021684408187867,7.954677679149269,0.023242378234863303
8.521999999999515,0.6596415607815423,0.04750395556376262,0.6606383823073908,-0.2115535899115784,0.0,0.04989706095300439,0.24200411241361033,0.08100062095636827,0.36203447375305065,0.8499072457193753,0.0,0.2021684408187867,7.954677679149269,0.023242378234863303
8.531999999999519,0.6601537021388193,0.052336825449258474,0.6614007363864409,-0.21155736622298976,0.0,0.04989328464159304,0.24194167416929646,0.08100122683923112,0.36194761206913373,0.8499071727532181,0.0,0.2021684408187867,7.954677679149269,0.023242378234863303
8.541999999999522,0.6607166442243674,0.058756057891629944,0.6622530534002689,-0.21204040909223726,0.0,0.04941024177234554,0.24187789466965168,0.08100182070099096,0.36113158316366023,0.8499071003623067,0.0,0.2021684408187867,7.954677679149269,0.023242378234863303
8.551999999999525,0.6612920244304306,0.055769016317464525,0.6628794922198696,-0.2117995563546476,0.0,0.04965109450993521,0.24181274102006384,0.08100240278015418,0.36127515347501127,0.8499070278015151,0.0,0.20173885822296178,7.954677679149269,0.023182153701782227
8.561999999999529,0.6617550131011823,0.04003583621293473,0.6630383840279589,-0.2109503792412831,0.0,0.0505002716232997,0.24174618306941464,0.08100297331049501,0.3622528730920507,0.8499069543379256,0.0,0.20173885822296178,7.954677679149269,0.023182153701782227
8.571999999999532,0.6620624261720359,0.023940654752994082,0.6629712211349132,-0.21057980872000945,0.0,0.05087084214457335,0.24167821421301444,0.08100353252114947,0.36257850783201906,0.849906880377542,0.0,0.20173885822296178,7.954677679149269,0.023182153701782227
8.581999999999535,0.66220434467255,0.009575035958353864,0.6627208199155344,-0.21071999602725372,0.0,0.05073065483732908,0.24160885974161458,0.08100408063670737,0.36223175429733145,0.8499068059018973,0.0,0.20173885822296178,7.954677679149269,0.023182153701782227
8.591999999999539,0.662301841892924,0.01060518144250372,0.662773405685542,-0.21112337914278048,0.0,0.05032727172180232,0.2415381740991761,0.08100461787730252,0.3615548139649807,0.8499067320810597,0.0,0.20173885822296178,7.954677679149269,0.023182153701782227
8.601999999999542,0.6624159525310351,0.010555237323277115,0.6628189423597611,-0.21087782116196827,0.0,0.050572829702614536,0.24146621923619424,0.0810051444587011,0.3618062683323545,0.8499066582820516,0.0,0.2019306182861329,7.954677679149269,0.024367064237594604
8.611999999999545,0.6625297158918585,0.011638950121089023,0.6628903788209642,-0.21099026610115965,0.0,0.050460384763423155,0.24139305225735055,0.08100566059238842,0.3615811548499369,0.8499065845616708,0.0,0.2019306182861329,7.954677679149269,0.024367064237594604
8.621999999999549,0.6626466456748147,0.01055265264851557,0.6629159995879008,-0.21073719879056915,0.0,0.05071345207401365,0.24131872711494837,0.08100616648565369,0.36188958943091076,0.8499065107646656,0.0,0.2019306182861329,7.954677679149269,0.024367064237594604
8.631999999999552,0.6626950437132119,0.0006662790263478949,0.6626493792079193,-0.21043273171259647,0.0,0.051017919151986335,0.2412432959339123,0.08100666234167346,0.36230553772043306,0.8499064362340353,0.0,0.2019306182861329,7.954677679149269,0.024367064237594604
8.641999999999555,0.6626628187574318,-0.005806290647213455,0.6623705075207434,-0.21031530124775707,0.0,0.051135349616825726,0.241166820509656,0.08100714835959309,0.3625092004578194,0.8499063615433015,0.0,0.2019306182861329,7.954677679149269,0.024367064237594604
8.651999999999559,0.6625959250595312,-0.005617885842365902,0.6622206620183707,-0.21072868188503324,0.0,0.05072196897954956,0.2410893745099892,0.08100762473460676,0.362012770459342,0.8499062870371087,0.0,0.20212955474853533,7.954677679149269,0.025084644556045532
8.661999999999562,0.6625586034522679,-0.0027754440476033745,0.6621900282964867,-0.2106988202157361,0.0,0.050751830648846696,0.24101103358532516,0.08100809165803588,0.36215877454606993,0.849906212777036,0.0,0.20212955474853533,7.954677679149269,0.025084644556045532
8.671999999999565,0.6625939785311007,0.009418599327239499,0.6624932814680689,-0.21153363787061688,0.0,0.04991701299396592,0.2409318641698196,0.08100854931740593,0.3610992561671357,0.8499061393356142,0.0,0.20212955474853533,7.954677679149269,0.025084644556045532
8.681999999999569,0.6627867002766383,0.02628814066187469,0.6631245358857324,-0.21220475451782947,0.0,0.04924589634675333,0.24085191371789633,0.08100899789652176,0.36023605362181943,0.8499060668784754,0.0,0.20212955474853533,7.954677679149269,0.025084644556045532
8.691999999999572,0.6631158390435772,0.034801305405052045,0.663740582682546,-0.21196312109176763,0.0,0.049487529772815175,0.24077119812001244,0.08100943757554142,0.3605963841338157,0.849905994701308,0.0,0.20212955474853533,7.954677679149269,0.025084644556045532
8.701999999999575,0.6634614569621999,0.0319026706659814,0.6641090749804659,-0.21143486796514496,0.0,0.05001578289943784,0.24068970838783693,0.08100986853104851,0.3613176745806743,0.849905922184317,0.0,0.20184233188629186,7.954677679149269,0.02475836277008059
8.711999999999579,0.663733447620185,0.02351159753396538,0.6642527490728959,-0.21151096037407593,0.0,0.049939690490506866,0.24060743323085204,0.08101029093612308,0.3611766924029213,0.8499058492547984,0.0,0.20184233188629186,7.954677679149269,0.02475836277008059
8.721999999999582,0.6639265261792527,0.017834696079679566,0.6643602870253293,-0.21171245308426853,0.0,0.04973819778031427,0.24052437586552605,0.08101070496041117,0.36085698695560664,0.8499057762853003,0.0,0.20184233188629186,7.954677679149269,0.02475836277008059
8.731999999999585,0.6640998915196202,0.01601795424559932,0.6645351584273258,-0.2116038338427086,0.0,0.04984681702187421,0.24044055394083938,0.08101111077019292,0.36096086570569685,0.8499057035516782,0.0,0.20184233188629186,7.954677679149269,0.02475836277008059
8.741999999999589,0.6642061273301139,0.005117802980305307,0.6644089769159346,-0.21087722395759811,0.0,0.050573426906984686,0.24035599062543933,0.0810115085284494,0.3619267288083492,0.8499056301431093,0.0,0.20184233188629186,7.954677679149269,0.02475836277008059
8.751999999999592,0.6641611908269628,-0.009443807382322929,0.664005556138717,-0.21072467351037874,0.0,0.05072597735420406,0.24027072209881647,0.08101189839492802,0.3621163908989108,0.8499055559480472,0.0,0.2019970417022705,7.954677679149269,0.025332373380661022
8.761999999999595,0.6640428294752567,-0.01514623517896805,0.6637267139728096,-0.21051105135377127,0.0,0.050939599510811534,0.24018480866141215,0.0810122805262067,0.3624182648085117,0.8499054818996468,0.0,0.2019970417022705,7.954677679149269,0.025332373380661022
8.771999999999599,0.6638485776775079,-0.02019271341373221,0.6633778843729325,-0.2107107496813647,0.0,0.05073990118321811,0.240098323990185,0.08101265507575672,0.36216883112596043,0.8499054075162081,0.0,0.2019970417022705,7.954677679149269,0.025332373380661022
8.781999999999602,0.6636254092568634,-0.02435314658837031,0.6630276443184783,-0.21029989732106424,0.0,0.05115075354351856,0.24001135009109775,0.08101302219400446,0.3627920753509126,0.8499053329855543,0.0,0.2019970417022705,7.954677679149269,0.025332373380661022
8.791999999999605,0.6633570483410346,-0.026604505435627764,0.6626815025729514,-0.21067968188194938,0.0,0.05077096898263342,0.23992397124896284,0.08101338202839165,0.36232875375231677,0.8499052582844238,0.0,0.2019970417022705,7.954677679149269,0.025332373380661022
8.801999999999609,0.6631255351326694,-0.01978162414143468,0.662615972062265,-0.2108477853920232,0.0,0.0506028654725596,0.2398362732455236,0.08101373472343476,0.36216309640400834,0.8499051841379328,0.0,0.20204410552978525,7.954677679149269,0.02618147134780885
8.811999999999612,0.6630107820740818,-0.006353461671840255,0.6628720119082965,-0.21139258692611654,0.0,0.05005806393846626,0.23974832927891676,0.08101408042078295,0.36143965534417366,0.8499051107882074,0.0,0.20204410552978525,7.954677679149269,0.02618147134780885
8.821999999999615,0.6629807582892719,-0.002700364042907376,0.6630137254020579,-0.21090844849264317,0.0,0.050542202371939626,0.23966018688732194,0.08101441925927495,0.3621100633380193,0.8499050372817294,0.0,0.20204410552978525,7.954677679149269,0.02618147134780885
8.831999999999619,0.6629300972036517,-0.007081762762612548,0.6629428983910943,-0.21084946526819273,0.0,0.05060118559639007,0.23957187545098083,0.08101475137499485,0.36215578423226036,0.8499049632933764,0.0,0.20204410552978525,7.954677679149269,0.02618147134780885
8.841999999999622,0.6628324073513013,-0.011119890256389847,0.6628230721353922,-0.2106205923380902,0.0,0.05083005852649261,0.2394834252608413,0.08101507690132675,0.3624217960090741,0.849904889140264,0.0,0.20204410552978525,7.954677679149269,0.02618147134780885
8.851999999999626,0.6626914196513234,-0.016395873995373247,0.6626205408535599,-0.21043823662952682,0.0,0.05101241423505598,0.23939487339131557,0.08101539596900831,0.36260683695651685,0.8499048147266314,0.0,0.20186169147491473,7.954677679149269,0.02725108265876769
8.861999999999629,0.6625098676066254,-0.01728502306136241,0.6624719264371485,-0.21071643611051105,0.0,0.05073421475407175,0.23930626321165863,0.08101570870618324,0.36213728780640386,0.8499047403376445,0.0,0.20186169147491473,7.954677679149269,0.02725108265876769
8.871999999999632,0.662331380413107,-0.020402292028789265,0.6622748656924424,-0.21008087971159822,0.0,0.05136977115298458,0.23921764163441628,0.08101601523845288,0.3629256124850567,0.8499046657870019,0.0,0.20186169147491473,7.954677679149269,0.02725108265876769
8.881999999999636,0.6620921159362205,-0.024150476799458982,0.6619846057661455,-0.21028167899839545,0.0,0.05116897186618735,0.23912905472086043,0.08101631568892652,0.36253919981802796,0.849904590877204,0.0,0.20186169147491473,7.954677679149269,0.02725108265876769
8.891999999999639,0.6618801665129336,-0.020404671015931096,0.6619066805508458,-0.21025370542240865,0.0,0.05119694544217415,0.23904055352813935,0.08101661017827085,0.3624563324465899,0.8499045163929505,0.0,0.20186169147491473,7.954677679149269,0.02725108265876769
8.901999999999642,0.6616549815538411,-0.026121584606676913,0.6615843267642929,-0.20955992430784207,0.0,0.051890726556740735,0.23895218300348955,0.08101689882475849,0.36328852985454574,0.8499044412617559,0.0,0.20179810523986852,7.954677679149269,0.028163427114486717
8.911999999999646,0.6612709147235091,-0.045706967166823584,0.6607273076798872,-0.20907632956864186,0.0,0.05237432129594094,0.23886398947697568,0.08101718174431545,0.3638469961789006,0.8499043646051944,0.0,0.20179810523986852,7.954677679149269,0.028163427114486717
8.921999999999649,0.660749873899369,-0.05453979397340887,0.6599543941319095,-0.20890606966653494,0.0,0.05254458119804786,0.23877604373065905,0.08101745905056769,0.36401007620288384,0.8499042877513936,0.0,0.20179810523986852,7.954677679149269,0.028163427114486717
8.931999999999652,0.6601739888327024,-0.0589535104587478,0.6592253653138358,-0.20865018935514318,0.0,0.05280046150943962,0.23868843757500002,0.08101773085488677,0.3643229924410557,0.8499042106554109,0.0,0.20179810523986852,7.954677679149269,0.028163427114486717
8.941999999999656,0.6595872232582188,-0.05582869583226676,0.6586735115979638,-0.20905232076380384,0.0,0.05239833010077896,0.23860126761965575,0.08101799726643456,0.3637367906719855,0.8499041336541342,0.0,0.20179810523986852,7.954677679149269,0.028163427114486717
8.951999999999659,0.6590713124409958,-0.04898203675621649,0.6583132012252062,-0.208927882733885,0.0,0.05252276813069781,0.23851462444419186,0.08101825839220707,0.3638833562080126,0.8499040569020275,0.0,0.20196833610534703,7.954677679149269,0.029384315013885498
8.961999999999662,0.6586506081999488,-0.0364578286420926,0.6582193305261279,-0.20953122010810016,0.0,0.05191943075648264,0.23842857954526236,0.08101851433707745,0.362990455441648,0.8499039806501129,0.0,0.20196833610534703,7.954677679149269,0.029384315013885498
8.971999999999666,0.658340000850729,-0.028801280043018462,0.6581556331809777,-0.20928613164260715,0.0,0.05216451922197565,0.23834318038462546,0.08101876520383812,0.36324323984726814,0.8499039044501517,0.0,0.20196833610534703,7.954677679149269,0.029384315013885498
8.981999999999669,0.6580484100361583,-0.029616722270861713,0.6579148227199179,-0.20892848415827026,0.0,0.052522166706312545,0.23825845138762253,0.08101901109324204,0.36362150451687714,0.8499038277653057,0.0,0.20196833610534703,7.954677679149269,0.029384315013885498
8.991999999999672,0.6577074756656041,-0.03763087966175086,0.6574373116951363,-0.20833596554099845,0.0,0.05311468532358435,0.23817441033588269,0.08101925210404312,0.3643131589959999,0.8499037503713142,0.0,0.20196833610534703,7.954677679149269,0.029384315013885498
9.001999999999676,0.6572770751414371,-0.0468812063991568,0.6568138651391037,-0.20787897856434098,0.0,0.05357167230024182,0.2380910824959655,0.08101948833303597,0.3648189296989035,0.8499036723814567,0.0,0.20184483528137243,7.954677679149269,0.030888694524765004
9.011999999999679,0.6567576021858007,-0.05414586730092489,0.6561237732770828,-0.20780409527443333,0.0,0.05364655559014947,0.23800850770712356,0.08101971987509474,0.36480439971515144,0.8499035939217702,0.0,0.20184483528137243,7.954677679149269,0.030888694524765004
9.021999999999682,0.6561875652489658,-0.05703768788286635,0.6554756277567078,-0.2078076315075991,0.0,0.05364301935698371,0.23792673893655938,0.08101994682321116,0.3646943121314614,0.8499035152411574,0.0,0.20184483528137243,7.954677679149269,0.030888694524765004
9.031999999999686,0.6556539566588624,-0.0496436709796497,0.6551223019719025,-0.20808957194248345,0.0,0.05336107892209935,0.23784583375838617,0.08102016926853198,0.36419316248143985,0.8499034370088452,0.0,0.20184483528137243,7.954677679149269,0.030888694524765004
9.041999999999689,0.6551993703545491,-0.04241510616577113,0.6548678908920292,-0.20800677969028702,0.0,0.053443871174295776,0.23776583878722837,0.08102038730039557,0.3641801859908962,0.8499033588714152,0.0,0.20184483528137243,7.954677679149269,0.030888694524765004
9.051999999999692,0.6548356583412764,-0.033834760517375585,0.6547596358250642,-0.2080208645679965,0.0,0.05342978629658629,0.23768678147297057,0.08102060100636772,0.36399899800945823,0.8499032809994815,0.0,0.20176906585693377,7.954677679149269,0.0313213527202606
9.061999999999696,0.6544894156244818,-0.03604787897725295,0.6544108578353631,-0.20761848574893604,0.0,0.05383216511564676,0.2376086706260327,0.0810208104722769,0.3643734159644897,0.8499032024664767,0.0,0.20176906585693377,7.954677679149269,0.0313213527202606
9.071999999999699,0.6540804405744807,-0.045803230165576345,0.6537948130747349,-0.20673846429112971,0.0,0.05471218657345309,0.23753151001405612,0.08102101578224863,0.3654123059895732,0.8499031230994158,0.0,0.20176906585693377,7.954677679149269,0.0313213527202606
9.081999999999702,0.6535622127186145,-0.05300307489577386,0.6530940017474969,-0.2068606986423721,0.0,0.05458995222221069,0.23745531478002588,0.0810212170187394,0.36507000315032034,0.8499030431967325,0.0,0.20176906585693377,7.954677679149269,0.0313213527202606
9.091999999999706,0.652997299747148,-0.05726442537342877,0.6524009525461594,-0.20671281940137323,0.0,0.05473783146320957,0.237380116708411,0.08102141426256966,0.3651236225966882,0.8499029629960732,0.0,0.20176906585693377,7.954677679149269,0.0313213527202606
9.101999999999709,0.652417522165076,-0.058270478308130105,0.6517661121761892,-0.20642857270437506,0.0,0.05502207816020774,0.23730595420885395,0.08102160759295635,0.36538316174532526,0.8499028826286116,0.0,0.20190408229827916,7.954677679149269,0.03249068856239318
9.111999999999712,0.6518450982359842,-0.05623624835552395,0.6512140258339275,-0.20645974812923346,0.0,0.054990902735349345,0.23723286538278376,0.08102179708754466,0.36521157434628493,0.8499028021736568,0.0,0.20190408229827916,7.954677679149269,0.03249068856239318
9.121999999999716,0.6512560290991831,-0.06278854416100557,0.6504384329867338,-0.2054859055209637,0.0,0.05596474534361909,0.23716088380204314,0.08102198282243932,0.3664563375733245,0.849902720913557,0.0,0.20190408229827916,7.954677679149269,0.03249068856239318
9.131999999999719,0.6505717000087807,-0.07140127819132547,0.6494962776291486,-0.20514992834252435,0.0,0.05630072252205845,0.23709004456822735,0.08102216487223503,0.366842170628232,0.8499026388483777,0.0,0.20190408229827916,7.954677679149269,0.03249068856239318
9.141999999999722,0.6498604894112412,-0.07135064046100148,0.6487339053582618,-0.20535732843426838,0.0,0.056093322430314424,0.23702039477231837,0.08102234331004651,0.3664961304547413,0.8499025568076254,0.0,0.20190408229827916,7.954677679149269,0.03249068856239318
9.151999999999726,0.6491781467839858,-0.06693706174371906,0.648122378777551,-0.20514826692179214,0.0,0.05630238394279066,0.23695198301780737,0.08102251820753786,0.3667450252633374,0.8499024747961654,0.0,0.20203359127044695,7.954677679149269,0.03347672224044801
9.161999999999729,0.648458118010755,-0.07570243682071628,0.6471602581621607,-0.20432777658257872,0.0,0.05712287428200408,0.23688485015210597,0.08102268963495127,0.36786334649453367,0.8499023916089098,0.0,0.20203359127044695,7.954677679149269,0.03347672224044801
9.171999999999732,0.647668601957088,-0.07775005670808237,0.6462821333548838,-0.20466725877860995,0.0,0.056783392085972856,0.23681903965939172,0.08102285766113528,0.36738936095279096,0.849902308159274,0.0,0.20203359127044695,7.954677679149269,0.03347672224044801
9.181999999999736,0.6469135556127346,-0.07196486275807493,0.6456496791779318,-0.2048066001226186,0.0,0.056644050741964214,0.23675460166864837,0.08102302235357248,0.3672024340467319,0.8499022249335241,0.0,0.20203359127044695,7.954677679149269,0.03347672224044801
9.191999999999739,0.6461926455041827,-0.07630845850168777,0.6448344965803676,-0.2034338489042411,0.0,0.0580168019603417,0.23669157635571836,0.08102318377840653,0.36912127034516784,0.8499021409956826,0.0,0.20203359127044695,7.954677679149269,0.03347672224044801
9.201999999999742,0.6453867784894348,-0.08170764352867077,0.6438995106617879,-0.20350768366069136,0.0,0.05794296720389144,0.23662999664544973,0.08102334200046878,0.36903158163575767,0.8499020563317898,0.0,0.2022145032882694,7.954677679149269,0.0345606029033661
9.211999999999746,0.6445700810217854,-0.08042416602031724,0.6431251656283524,-0.20352221591979316,0.0,0.057928434944789636,0.23656990436759395,0.08102349708330424,0.3690292293219306,0.8499019716413815,0.0,0.2022145032882694,7.954677679149269,0.0345606029033661
9.221999999999749,0.6437874377492497,-0.07734786126836496,0.6424517033802943,-0.20340037023047208,0.0,0.05805028063411072,0.23651133957283466,0.08102364908919721,0.36920345249402964,0.8499018868601677,0.0,0.2022145032882694,7.954677679149269,0.0345606029033661
9.231999999999752,0.643036520639038,-0.07529925621092837,0.6418064622261271,-0.20295976828373163,0.0,0.05849088258085117,0.23645433249040382,0.08102379807919617,0.3698007779922011,0.8499018018460464,0.0,0.2022145032882694,7.954677679149269,0.0345606029033661
9.241999999999756,0.6422605434006387,-0.07758966155859814,0.6410354736324644,-0.20290832523348923,0.0,0.05854232563109357,0.23639890523792778,0.08102394411313839,0.36983624894238665,0.8499017161903635,0.0,0.2022145032882694,7.954677679149269,0.0345606029033661
9.251999999999759,0.641485553078147,-0.07743367999047193,0.6403315012325076,-0.20262045855734587,0.0,0.058830192307236934,0.23634507957333392,0.08100164072320423,0.370164521924523,0.8499016303569928,0.0,0.20213806629180908,7.954677679149269,0.03563498854637148
9.261999999999762,0.6407198916358049,-0.07779281534012975,0.639632224380553,-0.20227066674033894,0.0,0.059179984124243856,0.23629287456476172,0.08099123562286942,0.37055314279044393,0.8499015442218765,0.0,0.20213806629180908,7.954677679149269,0.03563498854637148
9.271999999999766,0.6398918795257252,-0.08776529267665989,0.6386275763590624,-0.20140972172051144,0.0,0.06004092914407136,0.23624230633664808,0.08099202771674346,0.37165844199765896,0.8499014569860815,0.0,0.20213806629180908,7.954677679149269,0.03563498854637148
9.281999999999769,0.6389395895796308,-0.09961192826573456,0.6374229392045705,-0.20096489205234422,0.0,0.06048575881223858,0.23619340051287482,0.0809840724794071,0.3721845675200913,0.8499013687582526,0.0,0.20213806629180908,7.954677679149269,0.03563498854637148
9.291999999999772,0.6379342065015723,-0.10240035411272774,0.6363715422362408,-0.20065208904999732,0.0,0.06079856181458548,0.23614620103170098,0.08085774242276558,0.3724461841800918,0.8499012803687684,0.0,0.20213806629180908,7.954677679149269,0.03563498854637148
9.301999999999776,0.636884573435069,-0.10454048410587624,0.635285783095596,-0.2009403982449903,0.0,0.0605102526195925,0.23610075935189906,0.0807100020984353,0.3718072040718018,0.8499011913794389,0.0,0.20232799053192174,7.954677679149269,0.03790059685707092
9.31199999999978,0.6358894042609218,-0.09507922639185717,0.6345519950643255,-0.2010252070438395,0.0,0.0604254438207433,0.23605712819826383,0.08058162359344274,0.3714502607173681,0.8499011027823468,0.0,0.20232799053192174,7.954677679149269,0.03790059685707092
9.321999999999782,0.635013441542614,-0.08385525931878854,0.6340150042928223,-0.20097972597862765,0.0,0.06047092488595515,0.2360153451160907,0.08053170318220718,0.3713283029515465,0.8499010143624517,0.0,0.20232799053192174,7.954677679149269,0.03790059685707092
9.331999999999786,0.6342249079395229,-0.07664560895456057,0.6334905743552929,-0.2006731378799428,0.0,0.060777512984640014,0.23597542206732525,0.08047474042299456,0.3715087942641464,0.8499009257255432,0.0,0.20232799053192174,7.954677679149269,0.03790059685707092
9.34199999999979,0.6334781600006498,-0.07541435738246498,0.6328678173465887,-0.20022919903350828,0.0,0.061221451831074525,0.2359373514666997,0.08045622993570863,0.3718736732070492,0.849900836603498,0.0,0.20232799053192174,7.954677679149269,0.03790059685707092
9.351999999999792,0.6327177887953105,-0.07585919916954734,0.6321741675984706,-0.20009888184883612,0.0,0.06135176901574668,0.23590111701999067,0.08046116493531917,0.3717907436243719,0.8499007469934818,0.0,0.20197017192840594,7.954677679149269,0.03901040554046631
9.361999999999796,0.631937688504675,-0.07956785474865641,0.6313619552224733,-0.19973015530599564,0.0,0.06172049555858716,0.2358667031912761,0.08047247397020153,0.37203507638663924,0.8499006567684604,0.0,0.20197017192840594,7.954677679149269,0.03901040554046631
9.3719999999998,0.6311649414567567,-0.07516497195417596,0.6307349710407398,-0.19984420924015797,0.0,0.06160644162442483,0.23583409734872413,0.08048355862660851,0.37158837842738235,0.8499005666281609,0.0,0.20197017192840594,7.954677679149269,0.03901040554046631
9.381999999999802,0.6304439391429255,-0.06980850642954259,0.630177905339833,-0.19973314939418424,0.0,0.06171750147039856,0.23580328443879978,0.08049442335635236,0.37143186309940857,0.8499004763764467,0.0,0.20197017192840594,7.954677679149269,0.03901040554046631
9.391999999999806,0.6297931494329599,-0.06217647589841762,0.6297427232859577,-0.199726049754572,0.0,0.061724601110010796,0.23577423888774615,0.08050507252291855,0.37110277020962723,0.8499003861786882,0.0,0.20197017192840594,7.954677679149269,0.03901040554046631
9.40199999999981,0.6291753990466593,-0.06286113635779483,0.6291271805853076,-0.1989407699010072,0.0,0.0625098809635756,0.23574692262334593,0.08051551040321824,0.37184153358199656,0.8499002953304048,0.0,0.20187304019927987,7.954677679149269,0.039509475231170654
9.411999999999813,0.6285308324437887,-0.06532950017227278,0.6284090483025553,-0.1988438690778697,0.0,0.06260678178671311,0.23572129259015379,0.08052574118930587,0.3716195572883113,0.8499002039252679,0.0,0.20187304019927987,7.954677679149269,0.039509475231170654
9.421999999999816,0.6278967034318532,-0.06300052448291685,0.627793649013645,-0.19869216082905858,0.0,0.06275849003552422,0.2356973103416508,0.08053576899006291,0.3714825874771064,0.8499001124527278,0.0,0.20187304019927987,7.954677679149269,0.039509475231170654
9.43199999999982,0.627242839386773,-0.06523948558003444,0.6270212837267175,-0.19867412361843423,0.0,0.06277652724614857,0.235674938189885,0.08054559783284797,0.37117721406034176,0.8499000202788651,0.0,0.20187304019927987,7.954677679149269,0.039509475231170654
9.441999999999823,0.6266468805546019,-0.058018092454772095,0.6265268092030435,-0.19832971392710647,0.0,0.06312093693747634,0.235654140556215,0.08055523166511429,0.3713444150248596,0.8498999284755684,0.0,0.20187304019927987,7.954677679149269,0.039509475231170654
9.451999999999826,0.6260511321315346,-0.06011771420773391,0.6257913302461056,-0.19800240904703795,0.0,0.06344824181754485,0.23563487523649582,0.08056467435599513,0.37151029916045375,0.8498998358136425,0.0,0.20204443931579608,7.954677679149269,0.03967795372009275
9.46199999999983,0.6254490625381254,-0.059381536920890404,0.6250985052526054,-0.19793194452814722,0.0,0.06351870633643558,0.23561709965941321,0.08057392969785762,0.37135359185319283,0.8498997429128963,0.0,0.20204443931579608,7.954677679149269,0.03967795372009275
9.471999999999833,0.6248578123147183,-0.05745078745922252,0.6244349284455868,-0.1979924842365189,0.0,0.06345816662806389,0.23560077376074778,0.08058300140782598,0.37105106666405085,0.8498996497600345,0.0,0.20204443931579608,7.954677679149269,0.03967795372009275
9.481999999999836,0.6243404647134808,-0.04830399998377675,0.6240272973382874,-0.1979210717857928,0.0,0.06352957907879,0.23558585570463772,0.08059189312927427,0.3709608474491236,0.8498995569599463,0.0,0.20204443931579608,7.954677679149269,0.03967795372009275
9.49199999999984,0.6239473039551725,-0.032069803433437856,0.6239373544212419,-0.19867348689161624,0.0,0.06277716397296657,0.23557229158110424,0.08060060843328971,0.3697280437007179,0.8498994647654641,0.0,0.20204443931579608,7.954677679149269,0.03967795372009275
9.501999999999843,0.6237432403101077,-0.015142093779960467,0.6240937744051915,-0.19862747051214866,0.0,0.06282318035243414,0.23556000467897542,0.0805990566190729,0.3695848328036322,0.8498993731832053,0.0,0.20206212997436523,7.954677679149269,0.037404334545135476
9.511999999999846,0.6236527259333496,-0.004973914108103578,0.6242185046666243,-0.1989381748542412,0.0,0.0625124760103416,0.2355488886146764,0.08060762979487526,0.36893665093849803,0.8498992815789654,0.0,0.20206212997436523,7.954677679149269,0.037404334545135476
9.52199999999985,0.6236643467723101,0.003364775703032681,0.6244111715205917,-0.19871943435229308,0.0,0.06273121651228972,0.23553881932074047,0.08061603287339383,0.3690142035456897,0.8498991902195602,0.0,0.20206212997436523,7.954677679149269,0.037404334545135476
9.531999999999853,0.6236862762059237,0.0008604976021531555,0.6243382999229313,-0.19842267087132048,0.0,0.06302797999326232,0.2355296622521083,0.08057133627641448,0.3691637056863404,0.8498990982689412,0.0,0.20206212997436523,7.954677679149269,0.037404334545135476
9.541999999999856,0.6236646275598382,-0.00517928821377675,0.6241061675261036,-0.19794609695760937,0.0,0.06350455390697343,0.23552128796054808,0.08051719839092755,0.3695670054041045,0.8498990058830953,0.0,0.20206212997436523,7.954677679149269,0.037404334545135476
9.55199999999986,0.6235698647166341,-0.011318960202147572,0.6237629503545986,-0.19810485134625364,0.0,0.06334579951832917,0.2355135835886252,0.08041968456944629,0.36908220220528665,0.8498989130921334,0.0,0.20227508544921902,7.954677679149269,0.03535233736038207
9.561999999999863,0.6234263717907468,-0.016296934613377854,0.6233756725494497,-0.19775458477251054,0.0,0.06369606609207226,0.23550645625172797,0.08042040480472873,0.36943862699157615,0.849898820034147,0.0,0.20227508544921902,7.954677679149269,0.03535233736038207
9.571999999999866,0.6232692220182834,-0.015062042210260175,0.6231147838025617,-0.19793814128046358,0.0,0.06351250958411922,0.2354998283406983,0.08041687179516557,0.36911725799057027,0.849898727113992,0.0,0.20227508544921902,7.954677679149269,0.03535233736038207
9.58199999999987,0.6231431139576614,-0.010078377735006638,0.6229833373085883,-0.1981810480450793,0.0,0.0632696028195035,0.23549362967826945,0.08028817770540127,0.3686564937151816,0.8498986343962873,0.0,0.20227508544921902,7.954677679149269,0.03535233736038207
9.591999999999873,0.6230846089440533,-0.005294962113194107,0.622936692650387,-0.19795994980066853,0.0,0.06349070106391427,0.23548778795935071,0.0800972278609225,0.36877777431965475,0.849898541856075,0.0,0.20227508544921902,7.954677679149269,0.03535233736038207
9.601999999999876,0.6230386979316047,-0.0023002101961220114,0.6228683761575874,-0.1983278958884819,0.0,0.0631227549761009,0.23548222476421915,0.07993732642783148,0.36812415527573095,0.8498984492109636,0.0,0.2025668144226076,7.954677679149269,0.03295946717262266
9.61199999999988,0.6230262382937124,-8.836533379151523e-05,0.6228311002577411,-0.19832057372554696,0.0,0.06313007713903585,0.2354768621295632,0.07978858438196124,0.36805762700554623,0.8498983566234549,0.0,0.2025668144226076,7.954677679149269,0.03295946717262266
9.621999999999883,0.6230360668442443,0.0008289567978185183,0.6227998013770555,-0.19807177834604273,0.0,0.06337887251854007,0.2354716213604776,0.07960112699965452,0.36828887811456645,0.8498982640434158,0.0,0.2025668144226076,7.954677679149269,0.03295946717262266
9.631999999999886,0.6230156101487758,-0.0009829469023621418,0.622674940734715,-0.1982997168156126,0.0,0.06315093404897021,0.23546642608381924,0.07938206306514223,0.3678667382825819,0.8498981711841114,0.0,0.2025668144226076,7.954677679149269,0.03295946717262266
9.64199999999989,0.6230595020482856,0.009001188224768905,0.6229244704757507,-0.1987155982171917,0.0,0.0627350526473911,0.2354612076557344,0.07909484157652957,0.36712035665933307,0.8498980792306585,0.0,0.2025668144226076,7.954677679149269,0.03295946717262266
9.651999999999893,0.6231481454324872,0.008154523852459475,0.6229845090212618,-0.19817366979972628,0.0,0.06327698106485652,0.23545589187981536,0.07877033080641248,0.3676581494777277,0.8498979869261754,0.0,0.20266745090484628,7.954677679149269,0.030936652421951316
9.661999999999896,0.6232047442819248,0.003436308958250367,0.6229214957615238,-0.1981029214503623,0.0,0.06334772941422051,0.2354504015510386,0.0784186770604519,0.36752873977518785,0.849897894337187,0.0,0.20266745090484628,7.954677679149269,0.030936652421951316
9.6719999999999,0.6232286424073366,0.0020391818495411884,0.6229068359763575,-0.19804556038197804,0.0,0.06340509048260476,0.2354446703439557,0.0780579799569015,0.3673760692557253,0.8498978018333214,0.0,0.20266745090484628,7.954677679149269,0.030936652421951316
9.681999999999903,0.6232405555950377,0.00031139572971398966,0.6228811077924611,-0.19806551152653237,0.0,0.06338513933805043,0.23543864256083685,0.07770770426824972,0.36712704841921695,0.8498977092994409,0.0,0.20266745090484628,7.954677679149269,0.030936652421951316
9.691999999999906,0.6231974343351253,-0.007590533909868601,0.6226510023515628,-0.19776013656965682,0.0,0.06369051429492598,0.23543226975806678,0.07732286804372408,0.367300240718594,0.8498976162339635,0.0,0.20266745090484628,7.954677679149269,0.030936652421951316
9.70199999999991,0.6231297088269657,-0.004352503535842364,0.622668339336529,-0.19825736233099936,0.0,0.06319328853358344,0.23542551693630548,0.0769123871551088,0.36634435158528356,0.8498975236731382,0.0,0.202789616584778,7.954677679149269,0.030098998546600364
9.711999999999913,0.6230608671800028,-0.009863801552888879,0.6224906046124196,-0.19764797405267917,0.0,0.06380267681190363,0.23541835635466474,0.07650940216968297,0.3669333566945221,0.8498974306485997,0.0,0.202789616584778,7.954677679149269,0.030098998546600364
9.721999999999916,0.622962042952523,-0.009689485935605348,0.6224233679740057,-0.19799742968995276,0.0,0.06345322117463004,0.23541076380311773,0.07608424241258868,0.3661515874938732,0.8498973378105604,0.0,0.202789616584778,7.954677679149269,0.030098998546600364
9.73199999999992,0.6228502140017741,-0.011811084981386971,0.6222984822177428,-0.19788801320645455,0.0,0.06356263765812825,0.23540272234064838,0.07573209298034918,0.36606290714631606,0.8498972447940473,0.0,0.202789616584778,7.954677679149269,0.030098998546600364
9.741999999999923,0.6226766352404283,-0.020969621896435413,0.6219405308500643,-0.19738678354179276,0.0,0.06406386732279004,0.23539422008457692,0.07543185732022198,0.3665877542347371,0.8498971511287998,0.0,0.202789616584778,7.954677679149269,0.030098998546600364
9.751999999999926,0.6224219248615791,-0.0290650835523985,0.621518278714226,-0.19703252560161041,0.0,0.06441812526297239,0.23538525787531095,0.0751163983402957,0.3669058307465648,0.8498970571363043,0.0,0.2028977632522584,7.954677679149269,0.03129449486732483
9.76199999999993,0.6220679759913108,-0.03786059730621471,0.6209688109610821,-0.19692254741258036,0.0,0.06452810345200244,0.23537585332603395,0.07475997826116525,0.36685553068854215,0.8498969626051843,0.0,0.2028977632522584,7.954677679149269,0.03129449486732483
9.771999999999933,0.6216583333077431,-0.04491867573749517,0.6204079543868596,-0.1962147526003264,0.0,0.06523589826425641,0.23536604072445336,0.07441246817478382,0.3676419101264379,0.8498968678135809,0.0,0.2028977632522584,7.954677679149269,0.03129449486732483
9.781999999999936,0.6211345243399067,-0.055252757571898,0.6196437436574959,-0.19617144405954032,0.0,0.06527920680504248,0.23535586603476003,0.07408165976111206,0.36754147543705296,0.8498967722146937,0.0,0.2028977632522584,7.954677679149269,0.03129449486732483
9.79199999999994,0.6205927922637148,-0.051170516499644825,0.6192220478957116,-0.19666955095894786,0.0,0.06478109990563494,0.2353453913716107,0.07382201903806743,0.3667479843937663,0.8498966771283957,0.0,0.2028977632522584,7.954677679149269,0.03129449486732483
9.801999999999943,0.6200954077225647,-0.05184880536488433,0.6187657144575204,-0.19579466640561477,0.0,0.06565598445896803,0.2353346788104303,0.07365317906757363,0.3679487436286938,0.8498965817967701,0.0,0.20297403335571307,7.954677679149269,0.03311070799827576
9.811999999999946,0.6195162173458897,-0.06350017224725138,0.6179635003192985,-0.195105098424413,0.0,0.06634555244016979,0.23532378157791858,0.0734428726845646,0.36886223408316177,0.8498964853619569,0.0,0.20297403335571307,7.954677679149269,0.03311070799827576
9.82199999999995,0.6187840703585517,-0.0788831643116876,0.6168980301613716,-0.19460885888276389,0.0,0.06684179198181892,0.2353127645714072,0.07328912241044229,0.36954934957609675,0.8498963878650675,0.0,0.20297403335571307,7.954677679149269,0.03311070799827576
9.831999999999953,0.617916159551678,-0.09080964785007813,0.6157657772165118,-0.1942557746120865,0.0,0.06719487625249629,0.23530171648178475,0.07319802671144847,0.3701338305152948,0.849896289697133,0.0,0.20297403335571307,7.954677679149269,0.03311070799827576
9.841999999999956,0.6170505043546809,-0.08388856864966365,0.6151112005913503,-0.19468884497760092,0.0,0.06676180588698188,0.23529074439420242,0.07310524493189871,0.36961884896870545,0.8498961922255166,0.0,0.20297403335571307,7.954677679149269,0.03311070799827576
9.85199999999996,0.6162462755575829,-0.07754373320401509,0.6145459250669039,-0.19479439529166656,0.0,0.06665625557291624,0.23527994958961312,0.072955650760698,0.36947553934454547,0.849896094673482,0.0,0.2031252384185791,7.954677679149269,0.03583096861839297
9.861999999999963,0.6155203867263424,-0.07118637178661798,0.6140998275552134,-0.1945448020811004,0.0,0.06690584878348241,0.23526941416952712,0.07283848184460082,0.369801593679694,0.8498959971808103,0.0,0.2031252384185791,7.954677679149269,0.03583096861839297
9.871999999999966,0.6147898898573684,-0.07428543399200065,0.6134355641499551,-0.1942501533975632,0.0,0.06720049746701959,0.23525920172331377,0.07272188239003118,0.37012370699055364,0.8498958989131811,0.0,0.2031252384185791,7.954677679149269,0.03583096861839297
9.88199999999997,0.614032970917005,-0.0745357554120035,0.6128131372527266,-0.194156688996526,0.0,0.0672939618680568,0.23524937102457097,0.07273794453629849,0.3702480376716415,0.849895800427402,0.0,0.2031252384185791,7.954677679149269,0.03583096861839297
9.891999999999973,0.613297542511424,-0.07269682754158617,0.6122713328674552,-0.1939736287413263,0.0,0.06747702212325651,0.23523998030662036,0.07281537783943554,0.3705194065565649,0.849895701871091,0.0,0.2031252384185791,7.954677679149269,0.03583096861839297
9.901999999999976,0.6126006917263102,-0.06583075721614852,0.6118958890500583,-0.194397789357264,0.0,0.06705286150731879,0.23523108007645357,0.07294703278422036,0.3699326502384054,0.8498956034758032,0.0,0.20255830287933385,7.954677679149269,0.03823569416999817
9.91199999999998,0.6120138442453946,-0.05340871717951674,0.611783383910437,-0.19459992323957173,0.0,0.06685072762501107,0.2352227082869402,0.07309537000015194,0.36960539929565395,0.8498955055866603,0.0,0.20255830287933385,7.954677679149269,0.03823569416999817
9.921999999999983,0.6115377126484208,-0.0456646587171719,0.6116819721517786,-0.19421024388832198,0.0,0.06724040697626082,0.23521487964322782,0.07324491350418559,0.3700154890130699,0.8498954076930161,0.0,0.20255830287933385,7.954677679149269,0.03823569416999817
9.931999999999986,0.6110993193495515,-0.043412128368923615,0.6114699043469699,-0.19427747833740375,0.0,0.06717317252717905,0.23520758729840327,0.07339674965492818,0.3697127238928397,0.849895309464954,0.0,0.20255830287933385,7.954677679149269,0.03823569416999817
9.94199999999999,0.6106831268066157,-0.038219570719301606,0.6113212880537466,-0.19457680471910505,0.0,0.06687384614547776,0.2352008162596794,0.07354234008283976,0.36902272223179666,0.8498952112781321,0.0,0.20255830287933385,7.954677679149269,0.03823569416999817
9.951999999999993,0.6103520860102659,-0.031187684132942366,0.6112847001131577,-0.19429076989712663,0.0,0.06715988096745618,0.2351945458749747,0.0736258484952108,0.36902762543507417,0.8498951133336637,0.0,0.2018977403640747,7.954677679149269,0.03969705104827881
9.961999999999996,0.6100496176969855,-0.030770347175762373,0.6110810407910051,-0.19391518592892099,0.0,0.06753546493566182,0.23518874251049343,0.07370606223346514,0.36909087478271607,0.8498950149473464,0.0,0.2018977403640747,7.954677679149269,0.03969705104827881
9.972,0.6097092822643149,-0.037095427971923535,0.6106196999048652,-0.1934742123076906,0.0,0.0679764385568922,0.235183368647547,0.07381528069135289,0.3692730869552464,0.8498949158120879,0.0,0.2018977403640747,7.954677679149269,0.03969705104827881
9.982000000000003,0.6092965239698234,-0.044111908106946734,0.610001865908994,-0.19300685890247996,0.0,0.06844379196210285,0.23517839603751292,0.07382168194929331,0.3694092437100115,0.8498948160572104,0.0,0.2018977403640747,7.954677679149269,0.03969705104827881
9.992000000000006,0.6088021330551803,-0.054088454490282094,0.6091664013847914,-0.19234194983521974,0.0,0.06910870102936306,0.23517381155102515,0.07383098368886985,0.3698428508199695,0.8498947154693798,0.0,0.2018977403640747,7.954677679149269,0.03969705104827881
