t,df_hz,rocof_hz_s,dfv_hz,p_vsg_mw,p_pv_support_mw,p_bess_mw,p_diesel_mw,p_wind_mw,p_load_mw,soc,sat_mw,H_v,D_v,alpha
0.002,0.0,0.0,0.0,0.0,0.0,0.0,0.3791396131179086,0.40822226345629126,0.7873618765741999,0.5768618512137283,0.0,4.782228201627731,22.6642207801342,0.5744290322065353
0.012,1.3111743211469913e-06,0.0002916852054230312,3.622813653912039e-06,-0.0002924740450144785,0.0,-0.0002924740450144785,0.3791396131013123,0.408045467509031,0.7868120744366878,0.5768618513976425,0.0,4.782228201627731,22.6642207801342,0.5744290322065353
0.022000000000000006,1.6037754017188538e-06,-0.0003369943503410289,-2.4780333033679376e-06,0.0004469856800104511,0.0,0.0004469856800104511,0.37913961282074987,0.4078108882386417,0.7876261957195382,0.576861851055154,0.0,4.782228201627731,22.6642207801342,0.5744290322065353
0.032000000000000015,-1.2608221547288786e-06,-0.0002818838012251313,-3.4575847044107167e-06,0.00014762722363192833,0.0,0.00014762722363192833,0.3791396122936034,0.40738084485272014,0.7868422640885082,0.5768618509901997,0.0,4.782228201627731,22.6642207801342,0.5744290322065353
0.04200000000000002,-8.595462409844142e-06,-0.0011275857460937432,-1.5875774437398385e-05,0.000724557086143684,0.0,0.000724557086143684,0.37913961213439135,0.40698152087288386,0.7871863136177917,0.576861850285697,0.0,4.782228201627731,22.6642207801342,0.5744290322065353
0.05200000000000003,-2.961122517962677e-05,-0.002808290161409122,-4.360382600659366e-05,0.0013636935932164896,0.0,0.0013636935932164896,0.37913961388750406,0.40679454206428195,0.7878924315103959,0.576861848650672,0.0,5.471022009849548,24.386529326438904,0.7753862142562866
0.06200000000000004,-6.522502445097885e-05,-0.004038051420629362,-7.298223528696049e-05,0.0014751514356969905,0.0,0.0014751514356969905,0.37913962153659664,0.40631460902471744,0.7876011446272958,0.576861846692366,0.0,5.471022009849548,24.386529326438904,0.7753862142562866
0.07200000000000005,-0.00011219014514162431,-0.00528850739579816,-0.00010877503559465208,0.0020015608855958565,0.0,0.0020015608855958565,0.3791396415569363,0.40557209988464277,0.7876211449221352,0.5768618442795774,0.0,5.471022009849548,24.386529326438904,0.7753862142562866
0.08200000000000006,-0.00017315639687502736,-0.006456861739183865,-0.00015170291344926813,0.0018021084528896387,0.0,0.0018021084528896387,0.3791396823238379,0.40473641744035443,0.7864938324000399,0.5768618413524303,0.0,5.471022009849548,24.386529326438904,0.7753862142562866
0.09200000000000007,-0.00024424574572623004,-0.007672974154144236,-0.0002014385407734241,0.002640785609593257,0.0,0.002640785609593257,0.37913975416351553,0.4037621817407067,0.7866651634288218,0.576861837927167,0.0,5.471022009849548,24.386529326438904,0.7753862142562866
0.10200000000000008,-0.0003310394138925632,-0.009391476752909175,-0.0002652051522010597,0.0032995137630221693,0.0,0.0032995137630221693,0.379139868873979,0.40288430707715633,0.7865986383475545,0.576861833505748,0.0,5.555915415287018,26.20264545083046,0.8106270492076872
0.11200000000000009,-0.0004365342262085384,-0.01141770393794068,-0.0003425713063626735,0.004032744466125864,0.0,0.004032744466125864,0.37914004040145044,0.40201539035942857,0.786696681243001,0.5768618280269923,0.0,5.555915415287018,26.20264545083046,0.8106270492076872
0.1220000000000001,-0.0005672012858217479,-0.014245593372189187,-0.00044254333881700396,0.005247455658379488,0.0,0.005247455658379488,0.3791402854162979,0.40098031618550134,0.7872673772327257,0.5768618209472958,0.0,5.555915415287018,26.20264545083046,0.8106270492076872
0.1320000000000001,-0.0007268386412755752,-0.017128374661613467,-0.0005609911027202651,0.00611762388625947,0.0,0.00611762388625947,0.37914062424915923,0.40002481067877377,0.7873563861338599,0.5768618125021017,0.0,5.555915415287018,26.20264545083046,0.8106270492076872
0.1420000000000001,-0.0009172208211639465,-0.02019850364184149,-0.0007009225100427429,0.007116438735748416,0.0,0.007116438735748416,0.37914108140107183,0.3990108887428868,0.7875834875072563,0.5768618024652712,0.0,5.555915415287018,26.20264545083046,0.8106270492076872
0.1520000000000001,-0.0011340159575871454,-0.02262237651677144,-0.0008534164758653372,0.00794252472429243,0.0,0.00794252472429243,0.37914168545687243,0.3980648142584035,0.7875219470254431,0.5768617913640958,0.0,5.615027725696564,26.652353554964066,0.8004005134105683
0.16200000000000012,-0.001372290233725404,-0.024450431300195568,-0.001016792409258352,0.008371713154146148,0.0,0.008371713154146148,0.3791424681056457,0.3973985896053782,0.7871599981791145,0.5768617792031697,0.0,5.615027725696564,26.652353554964066,0.8004005134105683
0.17200000000000013,-0.0016235039290145362,-0.025613480302808248,-0.001188346429115615,0.009290914358694464,0.0,0.009290914358694464,0.37914346279832967,0.3971955392572205,0.7878726422748396,0.5768617662471417,0.0,5.615027725696564,26.652353554964066,0.8004005134105683
0.18200000000000013,-0.0018800662853351415,-0.025564391849260203,-0.0013604758563105128,0.00922202331259431,0.0,0.00922202331259431,0.3791447031274846,0.39722477474363566,0.7874856950520004,0.576861752983429,0.0,5.615027725696564,26.652353554964066,0.8004005134105683
0.19200000000000014,-0.0021316526120726035,-0.024916154745597642,-0.001534578638993717,0.009535072540388313,0.0,0.009535072540388313,0.37914622112880125,0.39692895913828324,0.787321770336067,0.5768617393217421,0.0,5.615027725696564,26.652353554964066,0.8004005134105683
0.20200000000000015,-0.0023734888393585718,-0.023417277350357018,-0.001706566670467737,0.009275725079244674,0.0,0.009275725079244674,0.37914804559380927,0.39653069727816737,0.7862134512476432,0.5768617255059548,0.0,5.660889029502869,26.74848884344101,0.7918890118598938
0.21200000000000016,-0.002592469517305122,-0.020792977797870055,-0.0018674660592769509,0.009110919578460093,0.0,0.009110919578460093,0.37915020098342617,0.396146825403375,0.7851688214658733,0.5768617120817373,0.0,5.660889029502869,26.74848884344101,0.7918890118598938
0.22200000000000017,-0.002783211794627395,-0.017936828946597823,-0.002023623344616238,0.009165638390633103,0.0,0.009165638390633103,0.3791527055017872,0.3961774632827458,0.7848097896974927,0.576861698723528,0.0,5.660889029502869,26.74848884344101,0.7918890118598938
0.23200000000000018,-0.002952464027620381,-0.016311274184726016,-0.0021912743204629435,0.010076599776018904,0.0,0.010076599776018904,0.37915557051609916,0.39627823437930093,0.785839057148108,0.5768616843540348,0.0,5.660889029502869,26.74848884344101,0.7918890118598938
0.2420000000000002,-0.0031052367584228358,-0.01435935098972947,-0.0023584448610466627,0.009714229641028478,0.0,0.009714229641028478,0.3791588020903096,0.39640052953750543,0.7850516155914349,0.5768616697516051,0.0,5.660889029502869,26.74848884344101,0.7918890118598938
0.25200000000000017,-0.0032317099026736283,-0.01158711204190529,-0.002514963341523819,0.00995355937390352,0.0,0.00995355937390352,0.3791624020378396,0.3966350802892441,0.7852750617989674,0.5768616555709534,0.0,5.74192214012146,26.76424726843834,0.7945091485977173
0.2620000000000002,-0.00333211248268584,-0.008628044475483118,-0.002664881425208689,0.009087753519672096,0.0,0.009087753519672096,0.3791663668668307,0.3968122447054659,0.7839505793031593,0.5768616414686473,0.0,5.74192214012146,26.76424726843834,0.7945091485977173
0.2720000000000002,-0.003397478744010741,-0.005558845804670934,-0.0028045048847815976,0.009726099144572196,0.0,0.009726099144572196,0.3791706875691534,0.39667877565490073,0.7845392690700913,0.5768616278362729,0.0,5.74192214012146,26.76424726843834,0.7945091485977173
0.2820000000000002,-0.0034444391657735265,-0.0043263651308945395,-0.0029576825737953278,0.010480077827754486,0.0,0.010480077827754486,0.3791753491981446,0.39600660944595123,0.7847955152188993,0.5768616130656328,0.0,5.74192214012146,26.76424726843834,0.7945091485977173
0.2920000000000002,-0.003489432477040288,-0.00481803478205421,-0.0031297465294395483,0.01163006740556705,0.0,0.01163006740556705,0.3791803338513225,0.3952050743049639,0.7853922913721274,0.5768615967759183,0.0,5.74192214012146,26.76424726843834,0.7945091485977173
0.3020000000000002,-0.0035407277024808986,-0.005355787980466622,-0.003307796714086602,0.0119194316947896,0.0,0.0119194316947896,0.3791856240445866,0.39461618946269045,0.7850742028585813,0.5768615797692873,0.0,5.841537892818451,26.706148833036423,0.8009588122367859
0.3120000000000002,-0.0035989842740380583,-0.006135172118350559,-0.0034912225901241006,0.01235707858680651,0.0,0.01235707858680651,0.37919120430154096,0.39377658387508313,0.7847549890712842,0.5768615619571683,0.0,5.841537892818451,26.706148833036423,0.8009588122367859
0.32200000000000023,-0.0036618243325180757,-0.006495900079631268,-0.003673160363507653,0.012733911633283513,0.0,0.012733911633283513,0.37919706120370855,0.3928506216813412,0.784351103463219,0.5768615439617122,0.0,5.841537892818451,26.706148833036423,0.8009588122367859
0.33200000000000024,-0.00373649748139525,-0.008301338179931894,-0.003872104411924893,0.013761534860687498,0.0,0.013761534860687498,0.37920318305845063,0.3916047902157079,0.7845921026031919,0.5768615245109908,0.0,5.841537892818451,26.706148833036423,0.8009588122367859
0.34200000000000025,-0.003835136412070863,-0.01118710972176228,-0.004089430788540142,0.015168966219712539,0.0,0.015168966219712539,0.3792095610664045,0.39002784196341606,0.7850300214481453,0.5768615034834865,0.0,5.841537892818451,26.706148833036423,0.8009588122367859
0.35200000000000026,-0.0039697404487276,-0.015119845770578155,-0.004329408312593141,0.016271656873455085,0.0,0.016271656873455085,0.37921619150065156,0.38827294981970273,0.7849117554517822,0.5768614805307065,0.0,5.888239324092865,26.630182415246964,0.8015360116958619
0.36200000000000027,-0.004147828382936326,-0.01962760407421138,-0.004590160349973729,0.017603139109381133,0.0,0.017603139109381133,0.3792230775838566,0.3863591181191417,0.7849217324526838,0.5768614556707571,0.0,5.888239324092865,26.630182415246964,0.8015360116958619
0.3720000000000003,-0.0043757761426859165,-0.02492624152381281,-0.004877242394034264,0.01909332594783875,0.0,0.01909332594783875,0.37923023052348626,0.38454761430624806,0.7851377330434943,0.5768614285754967,0.0,5.888239324092865,26.630182415246964,0.8015360116958619
0.3820000000000003,-0.004655767246824369,-0.029873533382887802,-0.005181876681125947,0.019969859845798202,0.0,0.019969859845798202,0.3792376701659488,0.3828730443745901,0.7847432376850076,0.5768613998116151,0.0,5.888239324092865,26.630182415246964,0.8015360116958619
0.3920000000000003,-0.00498385453779356,-0.03481660703738071,-0.005505790288415074,0.02148880204177498,0.0,0.02148880204177498,0.3792454247602324,0.38118666241480503,0.7851261872512508,0.576861369235581,0.0,5.888239324092865,26.630182415246964,0.8015360116958619
0.4020000000000003,-0.005355576027161737,-0.038681339297515806,-0.005838823595477655,0.021961304669352952,0.0,0.021961304669352952,0.37925352973819854,0.37977559558306434,0.7843057808404084,0.5768613375707842,0.0,5.839549779891968,26.453334540128708,0.784654951095581
0.4120000000000003,-0.00576617738542739,-0.04257504385169566,-0.006191067367797206,0.02315243063081007,0.0,0.02315243063081007,0.3792620263131638,0.37842260765604135,0.784511797793583,0.5768613042640126,0.0,5.839549779891968,26.453334540128708,0.784654951095581
0.4220000000000003,-0.006211683147279605,-0.04574791708849026,-0.0065534853347653105,0.023967457899162173,0.0,0.023967457899162173,0.3792709601136269,0.3769832218852693,0.7840867436338189,0.5768612697104797,0.0,5.839549779891968,26.453334540128708,0.784654951095581
0.43200000000000033,-0.00668735957988218,-0.04857945446182997,-0.006928698397167018,0.024830629483203123,0.0,0.024830629483203123,0.3792803800844805,0.3759303970353705,0.7839678475596785,0.576861233713799,0.0,5.839549779891968,26.453334540128708,0.784654951095581
0.44200000000000034,-0.007187535781038496,-0.050950360569458314,-0.007314613240744524,0.025988121113285155,0.0,0.025988121113285155,0.3792903372436388,0.3752687352011777,0.784611080553616,0.5768611964005274,0.0,5.839549779891968,26.453334540128708,0.784654951095581
0.45200000000000035,-0.007707690550984628,-0.052691111795173946,-0.007709816991102957,0.026587532852993388,0.0,0.026587532852993388,0.37930088346929347,0.3746341017348385,0.7845681972370598,0.5768611579034403,0.0,5.776482701301575,26.51894137263298,0.7629230201244354
0.46200000000000035,-0.008239888618393934,-0.05347438655251135,-0.008110869873947196,0.027051399744917968,0.0,0.027051399744917968,0.379312070431524,0.37387596620213626,0.784084661083832,0.5768611186031088,0.0,5.776482701301575,26.51894137263298,0.7629230201244354
0.47200000000000036,-0.008775273476260238,-0.053539276491031906,-0.00851525934895346,0.027760181947607494,0.0,0.027760181947607494,0.37932394805980835,0.373374196749063,0.7841720261889763,0.576861078453521,0.0,5.776482701301575,26.51894137263298,0.7629230201244354
0.4820000000000004,-0.009305621465772636,-0.05259081261730293,-0.008917921658280273,0.027954210088922297,0.0,0.027954210088922297,0.3793365629129285,0.37306627146457416,0.7836435517019579,0.576861037793561,0.0,5.776482701301575,26.51894137263298,0.7629230201244354
0.4920000000000004,-0.009820940838741429,-0.05062237060988616,-0.009315282165117957,0.02803311578480414,0.0,0.02803311578480414,0.37934995672641986,0.37294859403782493,0.7831492882801206,0.5768609968692772,0.0,5.776482701301575,26.51894137263298,0.7629230201244354
0.5020000000000003,-0.010312405984983545,-0.04807806033210808,-0.009708135369804211,0.028487586191758642,0.0,0.028487586191758642,0.37936416476465895,0.3727388906766279,0.7831007826976352,0.5768609556486667,0.0,5.778918445110321,26.39472469687462,0.7543712139129638
0.5120000000000003,-0.010785990273862388,-0.046891418928862366,-0.010117494669206662,0.02965655308105864,0.0,0.02965655308105864,0.37937921477038056,0.3724967048069855,0.7839867711659109,0.5768609127434418,0.0,5.778918445110321,26.39472469687462,0.7543712139129638
0.5220000000000004,-0.011252832213574811,-0.04671071092747306,-0.010545559971470343,0.03116698332028077,0.0,0.03116698332028077,0.37939512840378947,0.37222682525091727,0.7852445212010198,0.5768608679324709,0.0,5.778918445110321,26.39472469687462,0.7543712139129638
0.5320000000000004,-0.01172008138627488,-0.04651703033883103,-0.010986990523450053,0.031889696113149346,0.0,0.031889696113149346,0.3794119237979828,0.3719474558045953,0.7854861521771519,0.5768608215457713,0.0,5.778918445110321,26.39472469687462,0.7543712139129638
0.5420000000000004,-0.012176765782895088,-0.04497784637087421,-0.011424789460671388,0.03219745282964734,0.0,0.03219745282964734,0.37942961676509834,0.3716146472487435,0.785064298300488,0.576860774725413,0.0,5.778918445110321,26.39472469687462,0.7543712139129638
0.5520000000000004,-0.012619260502808871,-0.0440017134982544,-0.0118736366955421,0.03392010849942818,0.0,0.03392010849942818,0.379448219298992,0.3712105257689037,0.7865436668829859,0.5768607264466482,0.0,5.815782427787781,26.339416205883026,0.7484904885292053
0.5620000000000004,-0.013060046561323408,-0.04380301534065656,-0.012340095663895562,0.034352296147404045,0.0,0.034352296147404045,0.3794677393304252,0.37057098272939576,0.7860223285834727,0.5768606761397829,0.0,5.815782427787781,26.339416205883026,0.7484904885292053
0.5720000000000004,-0.01348644326980864,-0.041936026486364165,-0.012797152116750534,0.03485611299601191,0.0,0.03485611299601191,0.37948818250998173,0.3698697349917548,0.785474582671411,0.5768606257620821,0.0,5.815782427787781,26.339416205883026,0.7484904885292053
0.5820000000000004,-0.013898831081277194,-0.04079438343738273,-0.013265301786315528,0.03581248985265732,0.0,0.03581248985265732,0.3795095507989367,0.3697569854140488,0.7861478693157873,0.5768605739189009,0.0,5.815782427787781,26.339416205883026,0.7484904885292053
0.5920000000000004,-0.014298354881135076,-0.03921301178468929,-0.013733782621805057,0.03596027414770013,0.0,0.03596027414770013,0.3795318424276445,0.3698014825005136,0.7858984087435671,0.5768605213297748,0.0,5.815782427787781,26.339416205883026,0.7484904885292053
0.6020000000000004,-0.014679232995194857,-0.037263922821679694,-0.014198612813360191,0.03640906346226637,0.0,0.03640906346226637,0.3795550522525302,0.3697405339282799,0.7860505735051041,0.5768604682047833,0.0,5.881211936473846,26.308253407478333,0.7503176748752594
0.6120000000000004,-0.015036868961996927,-0.034631769136987144,-0.014651566301719649,0.036354344951444406,0.0,0.036354344951444406,0.37957917104971983,0.3696520646744591,0.7854625101520898,0.5768604149228514,0.0,5.881211936473846,26.308253407478333,0.7503176748752594
0.6220000000000004,-0.015366402350920337,-0.0317244338172164,-0.015094784338651792,0.03625327980226713,0.0,0.03625327980226713,0.37960418484866226,0.3698548743764769,0.7851891900074378,0.57686036161953,0.0,5.881211936473846,26.308253407478333,0.7503176748752594
0.6320000000000005,-0.015661725433635164,-0.027929327408543307,-0.01551808570571224,0.035805201310140665,0.0,0.035805201310140665,0.3796300743096343,0.3701420399993724,0.7845666279609692,0.5768603090154386,0.0,5.881211936473846,26.308253407478333,0.7503176748752594
0.6420000000000005,-0.01591909499704023,-0.024290854112553793,-0.015926664036969747,0.0355253943653917,0.0,0.0355253943653917,0.3796568139525433,0.3704232646050263,0.7842562811413388,0.5768602567831321,0.0,5.881211936473846,26.308253407478333,0.7503176748752594
0.6520000000000005,-0.016142013580968242,-0.021172872850886558,-0.016321850721246624,0.035749118188364314,0.0,0.035749118188364314,0.3796843719534622,0.3704038520763165,0.7845013288330258,0.5768602047357874,0.0,5.999799847602844,26.356587260961533,0.7691243469715118
0.6620000000000005,-0.01633848517310651,-0.01866864908667756,-0.01670254285291416,0.035442983257464526,0.0,0.035442983257464526,0.3797127112995902,0.3705427367593351,0.7841002319480882,0.576860152627942,0.0,5.999799847602844,26.356587260961533,0.7691243469715118
0.6720000000000005,-0.016503081118151505,-0.014970322710594982,-0.017052515410711837,0.03440782796659771,0.0,0.03440782796659771,0.37974179138034864,0.3710118535349199,0.7831439376495726,0.5768601021063379,0.0,5.999799847602844,26.356587260961533,0.7691243469715118
0.6820000000000005,-0.01663150300970163,-0.011577941533765804,-0.017380053920926515,0.03379853368410566,0.0,0.03379853368410566,0.37977156746579877,0.3712803979934387,0.7827596276748037,0.5768600526347294,0.0,5.999799847602844,26.356587260961533,0.7691243469715118
0.6920000000000005,-0.016731698839462447,-0.009006141929166812,-0.017690582756246773,0.03316916127629216,0.0,0.03316916127629216,0.3798019903801582,0.37157785720764175,0.7823531623772627,0.576860003861424,0.0,5.999799847602844,26.356587260961533,0.7691243469715118
0.7020000000000005,-0.01681451743415291,-0.008073969592290722,-0.01799248106799688,0.033569818009922654,0.0,0.033569818009922654,0.37983300817900784,0.37204703785009896,0.7836781856508173,0.5768599551077438,0.0,6.151929974555969,26.399526298046112,0.7929627597332001
0.7120000000000005,-0.016898050200289987,-0.008813691883723314,-0.01828882289096326,0.033905434773878536,0.0,0.033905434773878536,0.37986456864835877,0.3726319083783336,0.7851011500760572,0.5768599058255074,0.0,6.151929974555969,26.399526298046112,0.7929627597332001
0.7220000000000005,-0.016994552539823446,-0.010096935879648293,-0.018577873545848174,0.03342546559061697,0.0,0.03342546559061697,0.3798966227099351,0.37316533293365217,0.7854664809772499,0.5768598566117344,0.0,6.151929974555969,26.399526298046112,0.7929627597332001
0.7320000000000005,-0.017102057764053758,-0.011230484157613319,-0.01885105540814891,0.033016461341741354,0.0,0.033016461341741354,0.37992912638024423,0.3733789163085092,0.7856408238245193,0.5768598081043299,0.0,6.151929974555969,26.399526298046112,0.7929627597332001
0.7420000000000005,-0.0172183998446369,-0.011768941598298003,-0.019102128427991336,0.031905478315063136,0.0,0.031905478315063136,0.37996204042934,0.3738065225481634,0.7850405845511983,0.5768597607776137,0.0,6.151929974555969,26.399526298046112,0.7929627597332001
0.7520000000000006,-0.01734176323261843,-0.01264298352191077,-0.019336413428574048,0.03146388539674385,0.0,0.03146388539674385,0.37999532959764454,0.3740503317064128,0.7853338628928305,0.5768597142149883,0.0,6.233703374862671,26.508743166923523,0.8048713684082032
0.7620000000000006,-0.017471438596378296,-0.013236683165457275,-0.01954580324600308,0.03076389475022344,0.0,0.03076389475022344,0.3800289620317925,0.3744220670329873,0.7853150419138161,0.5768596688410256,0.0,6.233703374862671,26.508743166923523,0.8048713684082032
0.7720000000000006,-0.0176092074984987,-0.014123426423946745,-0.01973806034582741,0.029906461142165695,0.0,0.029906461142165695,0.38006290903077056,0.37490077334096,0.7851958089664337,0.5768596244018248,0.0,6.233703374862671,26.508743166923523,0.8048713684082032
0.7820000000000006,-0.017756553038845022,-0.01518710460401645,-0.01991276168270922,0.029451394083906422,0.0,0.029451394083906422,0.3800971450933283,0.37529449449865193,0.7856660355266227,0.5768595809559995,0.0,6.233703374862671,26.508743166923523,0.8048713684082032
0.7920000000000006,-0.017917578020389416,-0.016924396626554275,-0.02007619740573641,0.029301097909016645,0.0,0.029301097909016645,0.38013164808375527,0.37563379322816015,0.7864523680556245,0.5768595380695506,0.0,6.233703374862671,26.508743166923523,0.8048713684082032
0.8020000000000006,-0.01809950562081046,-0.01890310708056259,-0.02022849084909721,0.028590641404645404,0.0,0.028590641404645404,0.3801663999056346,0.3760371169390414,0.7864920538724047,0.5768594957295959,0.0,6.248616456985474,26.55820220708847,0.8088998317718505
0.8120000000000006,-0.01830169643182127,-0.020872800550987357,-0.020367810408078047,0.027835942999949813,0.0,0.027835942999949813,0.3802013873631851,0.3765177174869772,0.7865406081886167,0.5768594540407851,0.0,6.248616456985474,26.55820220708847,0.8088998317718505
0.8220000000000006,-0.018517434551895973,-0.02192214328862921,-0.02048541250554846,0.02704786286246128,0.0,0.02704786286246128,0.3802366017701966,0.3771285788946723,0.7866046351963483,0.5768594137367432,0.0,6.248616456985474,26.55820220708847,0.8088998317718505
0.8320000000000006,-0.01874257477659639,-0.023024526102767107,-0.020589232005316267,0.02670874948880266,0.0,0.02670874948880266,0.3802720375118186,0.3777454974565649,0.7872874561711392,0.5768593742681297,0.0,6.248616456985474,26.55820220708847,0.8088998317718505
0.8420000000000006,-0.018978464855259135,-0.02397767948653803,-0.020680060572532098,0.026310665185393364,0.0,0.026310665185393364,0.3803076911155182,0.37835017596015064,0.787822649738057,0.5768593355949989,0.0,6.248616456985474,26.55820220708847,0.8088998317718505
0.8520000000000006,-0.01922094174894935,-0.024322856468500114,-0.020754560646866406,0.025396692542396734,0.0,0.025396692542396734,0.38034356116791385,0.3789428572560044,0.7875644508299603,0.5768592980187339,0.0,6.195999562740326,26.447885632514954,0.8040711581707001
0.8620000000000007,-0.01946313202908919,-0.02411013345823864,-0.020813149065301267,0.02455747441897753,0.0,0.02455747441897753,0.38037964735776997,0.3795237793763904,0.7873370963156907,0.5768592616346551,0.0,6.195999562740326,26.447885632514954,0.8040711581707001
0.8720000000000007,-0.01970262861216185,-0.024031509127704638,-0.02086157117490039,0.02458050234305171,0.0,0.02458050234305171,0.38041594922397187,0.38009317563086076,0.7882410446543542,0.5768592259051764,0.0,6.195999562740326,26.447885632514954,0.8040711581707001
0.8820000000000007,-0.01994341661168649,-0.02395641203278075,-0.0209029453476767,0.023882266109832278,0.0,0.023882266109832278,0.38045246580125935,0.3806512746999571,0.7880551896661183,0.576859190613385,0.0,6.195999562740326,26.447885632514954,0.8040711581707001
0.8920000000000007,-0.02017877946238474,-0.023187224854546013,-0.02093072525226291,0.023228747057733725,0.0,0.023228747057733725,0.3804891960018181,0.3811983007270529,0.7878516975460871,0.5768591562518242,0.0,6.195999562740326,26.447885632514954,0.8040711581707001
0.9020000000000007,-0.020404906978759917,-0.022177907909599594,-0.020949705966420627,0.022844690258961107,0.0,0.022844690258961107,0.3805261376608584,0.38173447340837413,0.7879467983813607,0.5768591225231565,0.0,6.132737874984741,26.32565066218376,0.7951542317867278
0.9120000000000007,-0.020620920491094166,-0.02115935921418317,-0.02096462730686814,0.02252189666797126,0.0,0.02252189666797126,0.3805632868102582,0.3822600080812333,0.7880512052738355,0.5768590891904819,0.0,6.132737874984741,26.32565066218376,0.7951542317867278
0.9220000000000007,-0.02082528790651003,-0.01994428827582732,-0.02097418729021778,0.02238389599710834,0.0,0.02238389599710834,0.38060063759500523,0.3827751158105127,0.7883407526062148,0.5768590562232043,0.0,6.132737874984741,26.32565066218376,0.7951542317867278
0.9320000000000007,-0.021017325526496215,-0.018743358294045033,-0.0209819547595446,0.02261474093390898,0.0,0.02261474093390898,0.38063818216602957,0.3832800034734332,0.7890768349685379,0.5768590233713955,0.0,6.132737874984741,26.32565066218376,0.7951542317867278
0.9420000000000007,-0.021198840776812656,-0.017693595845872746,-0.020991866962899113,0.022496395962708908,0.0,0.022496395962708908,0.38067591067597134,0.3837748738426389,0.7892577821872037,0.5768589903520714,0.0,6.132737874984741,26.32565066218376,0.7951542317867278
0.9520000000000007,-0.02136760767280313,-0.016362117260056607,-0.021001087663693345,0.022583827575555743,0.0,0.022583827575555743,0.3807138116443922,0.3842599256676355,0.7896655276638032,0.5768589573806345,0.0,6.08636337518692,26.280317306518555,0.7861354589462279
0.9620000000000007,-0.021523640026316588,-0.015031592270014186,-0.021013942486716664,0.022604763339762315,0.0,0.022604763339762315,0.38075187181099984,0.38473535375461143,0.7899247015554351,0.5768589241818629,0.0,6.08636337518692,26.280317306518555,0.7861354589462279
0.9720000000000008,-0.02166115843559966,-0.012822236446236729,-0.021021096483944193,0.022358197424656792,0.0,0.022358197424656792,0.3807900760926107,0.38520134904467573,0.7897615093155389,0.5768588913721421,0.0,6.08636337518692,26.280317306518555,0.7861354589462279
0.9820000000000008,-0.02177390152877523,-0.010330096940518375,-0.021025785997474317,0.022265401149536623,0.0,0.022265401149536623,0.380828406674021,0.38565809869054424,0.7897762164709999,0.5768588587297967,0.0,6.08636337518692,26.280317306518555,0.7861354589462279
0.9920000000000008,-0.021865410037657462,-0.00833434128953364,-0.02103705449883763,0.022505185709239373,0.0,0.022505185709239373,0.38086684221751055,0.3861057861317031,0.7902273197322771,0.5768588256072431,0.0,6.08636337518692,26.280317306518555,0.7861354589462279
1.0020000000000007,-0.02193329161539276,-0.0058367405678481235,-0.021045599188143565,0.022835933707327456,0.0,0.022835933707327456,0.3809053584992002,0.386544591168082,0.7907852334647343,0.5768587926552111,0.0,6.085127472877502,26.313745230436325,0.7836380302906036
1.0120000000000007,-0.02197531816618363,-0.002861488019248194,-0.021050484915175506,0.02212919660311863,0.0,0.02212919660311863,0.3809439283416883,0.3869746900322651,0.7898800357640889,0.576858759916901,0.0,6.085127472877502,26.313745230436325,0.7836380302906036
1.0220000000000007,-0.02198483177430108,0.0004154890424452136,-0.021050206931171784,0.02191415061329651,0.0,0.02191415061329651,0.38098252116002196,0.3873962554602696,0.7896648483431282,0.5768587275429483,0.0,6.085127472877502,26.313745230436325,0.7836380302906036
1.0320000000000007,-0.02195546207294357,0.004615149574966558,-0.021035876324136196,0.021273773221160298,0.0,0.021273773221160298,0.38102110212547063,0.3878094567609199,0.7888684299353483,0.5768586961783365,0.0,6.085127472877502,26.313745230436325,0.7836380302906036
1.0420000000000007,-0.02188658181170765,0.00838992827264094,-0.02101773649139016,0.02099583130219113,0.0,0.02099583130219113,0.38105963134408793,0.38821445988384484,0.7886065237126029,0.5768586651094515,0.0,6.085127472877502,26.313745230436325,0.7836380302906036
1.0520000000000007,-0.021780143685697945,0.012222361378690474,-0.02099114467676466,0.020495986191602755,0.0,0.020495986191602755,0.3810980640098826,0.388611427486127,0.7880711579034968,0.5768586346695401,0.0,6.164315819740295,26.358040124177933,0.7919995367527007
1.0620000000000007,-0.021638790562874162,0.015315896404019303,-0.02096229507729901,0.020640379871185152,0.0,0.020640379871185152,0.381136351144989,0.3890005189976282,0.78848484734191,0.5768586044113383,0.0,6.164315819740295,26.358040124177933,0.7919995367527007
1.0720000000000007,-0.021469191383543224,0.01780481855656192,-0.020931414969998337,0.02083782202415505,0.0,0.02083782202415505,0.3811744405057189,0.3893818906850204,0.7890263886493216,0.5768585743465714,0.0,6.164315819740295,26.358040124177933,0.7919995367527007
1.0820000000000007,-0.021279232601290853,0.01984981398676057,-0.02089865969940842,0.020307312290379624,0.0,0.020307312290379624,0.38121227815666403,0.38975569571454455,0.7886063863650866,0.5768585444631676,0.0,6.164315819740295,26.358040124177933,0.7919995367527007
1.0920000000000007,-0.02106680752710211,0.022126185577400207,-0.020855081964607818,0.019811860354572823,0.0,0.019811860354572823,0.3812498098596523,0.3901220842135259,0.7882984118989441,0.5768585154176378,0.0,6.164315819740295,26.358040124177933,0.7919995367527007
1.1020000000000008,-0.020839758465015137,0.02299013977109915,-0.020816010415300467,0.019923590473336368,0.0,0.019923590473336368,0.3812869811587518,0.39048120333066744,0.7889062620522451,0.5768584861240942,0.0,6.275506794452667,26.354468315839767,0.8071809589862824
1.1120000000000008,-0.020600963344516686,0.024501594788806005,-0.02076336074476006,0.018901296368845355,0.0,0.018901296368845355,0.3813237386821106,0.3908331972951479,0.7879918502152432,0.576858457937712,0.0,6.275506794452667,26.354468315839767,0.8071809589862824
1.1220000000000008,-0.02034739537321492,0.02588449657544458,-0.020699517172753153,0.01844506554965847,0.0,0.01844506554965847,0.3813600306899893,0.3911782074745472,0.787938169412296,0.5768584306613619,0.0,6.275506794452667,26.354468315839767,0.8071809589862824
1.1320000000000008,-0.020082854115052968,0.026618496040064447,-0.02062823448069576,0.018198146333186956,0.0,0.018198146333186956,0.38139580660170236,0.3915163724316218,0.7882453611475494,0.5768584040354979,0.0,6.275506794452667,26.354468315839767,0.8071809589862824
1.1420000000000008,-0.019816345826536987,0.026843006014007895,-0.020550197465084984,0.017231941127972578,0.0,0.017231941127972578,0.38143101775481575,0.3918478279799551,0.7876087746312169,0.5768583780163062,0.0,6.275506794452667,26.354468315839767,0.8071809589862824
1.1520000000000008,-0.019544034744990158,0.027246503802313294,-0.020455689951079128,0.01704447658042929,0.0,0.01704447658042929,0.38146561861981154,0.3921727072385018,0.7881233318308837,0.576858353328991,0.0,6.374126851558685,26.485401690006256,0.8209684073925019
1.1620000000000008,-0.019273520518160798,0.02689313431611666,-0.02035392088242747,0.016178066936764803,0.0,0.016178066936764803,0.3814995664886012,0.3924911406850517,0.787742523499547,0.5768583292947371,0.0,6.374126851558685,26.485401690006256,0.8209684073925019
1.1720000000000008,-0.019012333953120762,0.02557092964939589,-0.020248705860827294,0.015858129619784247,0.0,0.015858129619784247,0.38153282244234804,0.39280325620863193,0.7881736468869338,0.5768583056775672,0.0,6.374126851558685,26.485401690006256,0.8209684073925019
1.1820000000000008,-0.02010757029083613,-0.3001163496280017,-0.023434518879786186,0.2973708312365728,0.0,0.2973708312365728,0.3815653619529588,0.3931091791608696,1.1829456661824151,0.5768580358557778,0.0,6.374126851558685,26.485401690006256,0.8209684073925019
1.1920000000000008,-0.02538686027938931,-0.653792309977671,-0.02874868885198097,0.2986232926353891,0.0,0.2986232926353891,0.3815974799144944,0.3934090324063354,1.1834481876187062,0.5768576000783645,0.0,6.374126851558685,26.485401690006256,0.8209684073925019
1.2020000000000008,-0.03321335069753188,-0.8523052481708678,-0.0339728647736417,0.30128026441350597,0.0,0.30128026441350597,0.3816301775146435,0.39370293637188863,1.1837475165787998,0.5768571615266039,0.0,5.984338104724884,42.0173704624176,0.09819254279136658
1.2120000000000009,-0.04240060956173754,-0.9530315452214709,-0.03904633684676073,0.3050281228588231,0.0,0.3050281228588231,0.38166489280352073,0.39399100909504264,1.18345116866998,0.5768567179410373,0.0,5.984338104724884,42.0173704624176,0.09819254279136658
1.2220000000000009,-0.0522129057873676,-0.9937392442926798,-0.04404325056124349,0.3104173205922361,0.0,0.3104173205922361,0.3817032358693113,0.39427336627137116,1.1834235272934412,0.5768562673299453,0.0,5.984338104724884,42.0173704624176,0.09819254279136658
1.2320000000000009,-0.062186619439131986,-0.9958366044076662,-0.04899378588348875,0.3173586308234854,0.0,0.3173586308234854,0.3817468301228946,0.39455012130097383,1.1836807989399467,0.5768558077400892,0.0,5.984338104724884,42.0173704624176,0.09819254279136658
1.2420000000000009,-0.0720249733218368,-0.9730036831864596,-0.05393467925025878,0.3255088351614821,0.0,0.3255088351614821,0.3817972184479573,0.39482138533402,1.183920865241856,0.5768553366731649,0.0,5.984338104724884,42.0173704624176,0.09819254279136658
1.252000000000001,-0.0815490002177371,-0.9465210606313914,-0.05928825898142012,0.3342329974116669,0.0,0.3342329974116669,0.38185580822761234,0.39508726731538846,1.1834683533459103,0.5768548534496063,0.0,4.1246903240680695,44.431469440460205,0.2856221929192543
1.262000000000001,-0.09103846177652572,-0.9451587215134808,-0.0662485770013421,0.34415504362719124,0.0,0.34415504362719124,0.3819238533040574,0.3953478740284222,1.183570113836182,0.576854356372162,0.0,4.1246903240680695,44.431469440460205,0.2856221929192543
1.272000000000001,-0.10030807802056538,-0.9113675644649997,-0.07315237140607868,0.35447539268936934,0.0,0.35447539268936934,0.3820024962770557,0.39560331013781436,1.18344430055139,0.5768538439962171,0.0,4.1246903240680695,44.431469440460205,0.2856221929192543
1.282000000000001,-0.10910762188834532,-0.8569109882229599,-0.08000354737452459,0.36529806433660494,0.0,0.36529806433660494,0.38209275085155003,0.39585367823164375,1.1835018365692047,0.5768533162777256,0.0,4.1246903240680695,44.431469440460205,0.2856221929192543
1.292000000000001,-0.11728044393400894,-0.7896052343328358,-0.08680744774921592,0.3758496105494158,0.0,0.3758496105494158,0.3821954615120924,0.39609907886257617,1.1829384684920192,0.5768527730883066,0.0,4.1246903240680695,44.431469440460205,0.2856221929192543
1.302000000000001,-0.12473330095871588,-0.7139650980665548,-0.09353501321979113,0.3866192992612477,0.0,0.3866192992612477,0.3823112833167973,0.39633961058824835,1.1827227287939528,0.5768522138765219,0.0,4.245680674910545,44.627206325531006,0.24515325129032134
1.312000000000001,-0.13136799650403877,-0.6300630544633239,-0.10004913448752845,0.39732045720937353,0.0,0.39732045720937353,0.38244067449454344,0.3965753700108505,1.1827225764898044,0.5768516394936367,0.0,4.245680674910545,44.627206325531006,0.24515325129032134
1.322000000000001,-0.13717698882201573,-0.5483527221274013,-0.10653725292551915,0.4076968262468205,0.0,0.4076968262468205,0.3825838925729738,0.39680645181592383,1.1828468707709072,0.5768510494253115,0.0,4.245680674910545,44.627206325531006,0.24515325129032134
1.332000000000001,-0.14218091837671232,-0.46871924370818585,-0.11297840669276984,0.4173782042178952,0.0,0.4173782042178952,0.38274100448080106,0.39703294881038764,1.182840131637464,0.5768504448016861,0.0,4.245680674910545,44.627206325531006,0.24515325129032134
1.342000000000001,-0.14640470378940407,-0.39197400218020434,-0.1193540640460019,0.4262853357221468,0.0,0.4262853357221468,0.38291190325530294,0.39725495195981286,1.182837842545061,0.5768498266860524,0.0,4.245680674910545,44.627206325531006,0.24515325129032134
1.352000000000001,-0.14985501877582885,-0.3061543303875406,-0.12529675723867928,0.43360980288275097,0.0,0.43360980288275097,0.383096324769252,0.39747255042495544,1.181932761992696,0.5768491969280902,0.0,5.340816259384155,48.00902307033539,0.15376026928424835
1.362000000000001,-0.15222162427644112,-0.19453564105288854,-0.12983625696830706,0.4408518678924533,0.0,0.4408518678924533,0.38329385230694546,0.3976858315975648,1.1823215159611427,0.5768485564838974,0.0,5.340816259384155,48.00902307033539,0.15376026928424835
1.372000000000001,-0.15363271431508657,-0.10823314266215997,-0.13432441839686796,0.4467911619480084,0.0,0.4467911619480084,0.383503884471609,0.3978948811354824,1.182403079442032,0.5768479065517846,0.0,5.340816259384155,48.00902307033539,0.15376026928424835
1.382000000000001,-0.15428611380543786,-0.038735833384406435,-0.13872578991338616,0.4512399796884635,0.0,0.4512399796884635,0.38372566261072555,0.3980997829970434,1.1820649972604844,0.576847249531106,0.0,5.340816259384155,48.00902307033539,0.15376026928424835
1.392000000000001,-0.15433224768942336,0.016345752647837573,-0.14303349905841337,0.4553834369431687,0.0,0.4553834369431687,0.38395832038061695,0.39830061947479595,1.183083376304838,0.5768465861082941,0.0,5.340816259384155,48.00902307033539,0.15376026928424835
1.402000000000001,-0.15391210170124467,0.05378127001532448,-0.14739363146585757,0.45762140124402134,0.0,0.45762140124402134,0.3842009214720684,0.3984974712285514,1.1832942573983691,0.5768459181782699,0.0,4.13089457154274,49.98628318309784,0.06318599581718445
1.412000000000001,-0.15329812174265256,0.06727854080561149,-0.15222302117682823,0.45842058647244477,0.0,0.45842058647244477,0.38445249616099575,0.39869041731777904,1.1834457335750677,0.5768452482789455,0.0,4.13089457154274,49.98628318309784,0.06318599581718445
1.422000000000001,-0.1525305232876551,0.08303231855321704,-0.15676963777289918,0.45795269612841166,0.0,0.45795269612841166,0.3847120888436663,0.3988795352333576,1.1838086773427798,0.5768445782516478,0.0,4.13089457154274,49.98628318309784,0.06318599581718445
1.432000000000001,-0.1516148763190195,0.09680952328238487,-0.16100874500870044,0.45593104464409406,0.0,0.45593104464409406,0.3849787713376036,0.39906490092869756,1.1839352773363045,0.5768439101445855,0.0,4.13089457154274,49.98628318309784,0.06318599581718445
1.442000000000001,-0.15058514028886114,0.10625718291051856,-0.1649163656775013,0.45284212038054117,0.0,0.45284212038054117,0.3852516431281725,0.39924658885024494,1.184424496891445,0.5768432460470778,0.0,4.13089457154274,49.98628318309784,0.06318599581718445
1.452000000000001,-0.14952043149708297,0.09676972668975982,-0.16885290013611715,0.44813381429001226,0.0,0.44813381429001226,0.38552983690555487,0.39942467196738096,1.184386538756894,0.5768425881069464,0.0,2.6409519791603087,49.99018311500549,0.11217253804206848
1.462000000000001,-0.14885205340739285,0.05097571846493683,-0.17373246669196438,0.4421409964125276,0.0,0.4421409964125276,0.3858125404828113,0.3995992218017276,1.1842576116998804,0.5768419378772399,0.0,2.6409519791603087,49.99018311500549,0.11217253804206848
1.472000000000001,-0.14849177103284028,0.028006281115415792,-0.17784818022322438,0.4346957965158165,0.0,0.4346957965158165,0.38609905739853706,0.39977030845587214,1.183668364764231,0.5768412978726281,0.0,2.6409519791603087,49.99018311500549,0.11217253804206848
1.482000000000001,-0.14829834444376921,0.014321775328851984,-0.18123503561185322,0.42663009982419264,0.0,0.42663009982419264,0.38638879561744005,0.3999380006415218,1.18353838749287,0.5768406692066451,0.0,2.6409519791603087,49.99018311500549,0.11217253804206848
1.492000000000001,-0.14822652263211417,0.002544716313448601,-0.18392916066735288,0.41777228566759317,0.0,0.41777228566759317,0.38668123393436316,0.4001023657070996,1.183362543679278,0.5768400528540865,0.0,2.6409519791603087,49.99018311500549,0.11217253804206848
1.5020000000000011,-0.14828558439887446,-0.015753475841821102,-0.18610944624608597,0.4083550777341595,0.0,0.4083550777341595,0.3869759081140021,0.400263469664793,1.1831878804400628,0.576839450243767,0.0,1.8829478979110719,49.8051643371582,0.04252992868423461
1.5120000000000011,-0.14864377064714843,-0.04715100450344519,-0.18811805848318988,0.3990248543614347,0.0,0.3990248543614347,0.38727241248790495,0.40042137721706517,1.18367656155003,0.5768388613972352,0.0,1.8829478979110719,49.8051643371582,0.04252992868423461
1.5220000000000011,-0.1492475167924074,-0.0683088701530592,-0.18926758948707087,0.38926786580924144,0.0,0.38926786580924144,0.38757042016218035,0.40057615178264144,1.1838204554982474,0.5768382866411079,0.0,1.8829478979110719,49.8051643371582,0.04252992868423461
1.5320000000000011,-0.15003794675934695,-0.08596080327180167,-0.18965261383978915,0.37937894504518377,0.0,0.37937894504518377,0.3878696734480662,0.400727855521979,1.183711522194129,0.5768377262868951,0.0,1.8829478979110719,49.8051643371582,0.04252992868423461
1.5420000000000011,-0.15100580855330287,-0.10440496010713203,-0.18938717131125005,0.37002939069792273,0.0,0.37002939069792273,0.38816996800018155,0.4008765493622316,1.183983123201485,0.5768371799289539,0.0,1.8829478979110719,49.8051643371582,0.04252992868423461
1.5520000000000012,-0.15218715067085195,-0.13066881246545084,-0.18873139314084778,0.36107428607606684,0.0,0.36107428607606684,0.3884711475954549,0.4010222930217197,1.184143948891628,0.5768366465968663,0.0,1.5620278358459474,48.328408002853394,0.034675097465515115
1.5620000000000012,-0.15372278669564904,-0.16698255148950356,-0.1880318502428375,0.35218215422208365,0.0,0.35218215422208365,0.3887731099962155,0.4011651450339141,1.183505753892223,0.576836126631658,0.0,1.5620278358459474,48.328408002853394,0.034675097465515115
1.5720000000000012,-0.1555624563559785,-0.19464961148322135,-0.18681588819360012,0.34438958867129016,0.0,0.34438958867129016,0.38907582380127587,0.40130516277094397,1.1832963312861349,0.5768356187041929,0.0,1.5620278358459474,48.328408002853394,0.034675097465515115
1.5820000000000012,-0.15764192616448974,-0.21653411930941674,-0.18518123311496806,0.33678377793540587,0.0,0.33678377793540587,0.3893793187569156,0.4014424024666389,1.1820178970085145,0.5768351223602691,0.0,1.5620278358459474,48.328408002853394,0.034675097465515115
1.5920000000000012,-0.15993832376756137,-0.23849548139629548,-0.18332077540898828,0.33116753373525043,0.0,0.33116753373525043,0.38968366931252063,0.40157691923911343,1.1820144275079796,0.5768346350553201,0.0,1.5620278358459474,48.328408002853394,0.034675097465515115
1.6020000000000012,-0.16247134135116967,-0.2673794682518519,-0.18154679539471327,0.3265112852221751,0.0,0.3265112852221751,0.38998898693112594,0.40170876711290326,1.1817044806895696,0.5768341549717169,0.0,2.1517305850982664,47.407010197639465,0.19758800268173216
1.6120000000000012,-0.16542045227250307,-0.31109342955626657,-0.18044094668986893,0.32317095919199895,0.0,0.32317095919199895,0.39029542463222433,0.401725275157642,1.181478675306342,0.5768336807056033,0.0,2.1517305850982664,47.407010197639465,0.19758800268173216
1.6220000000000012,-0.1687256369767311,-0.3422407795911401,-0.1793295695550815,0.3217989128657398,0.0,0.3217989128657398,0.39060319966212653,0.4017755192922712,1.1822455620518444,0.5768332096752323,0.0,2.1517305850982664,47.407010197639465,0.19758800268173216
1.6320000000000012,-0.17228970254435247,-0.3647257824241539,-0.17829280551636478,0.32126069602631585,0.0,0.32126069602631585,0.39091258309705307,0.40186922226815036,1.182483412875143,0.5768327397747695,0.0,2.1517305850982664,47.407010197639465,0.19758800268173216
1.6420000000000012,-0.17603742731793826,-0.3805518548902014,-0.1773979054811095,0.3224496554574974,0.0,0.3224496554574974,0.3912238769779391,0.401995270663144,1.1834380508908817,0.5768322690358423,0.0,2.1517305850982664,47.407010197639465,0.19758800268173216
1.6520000000000012,-0.17992008946765337,-0.39593131346889293,-0.17685323098459732,0.324569446296512,0.0,0.324569446296512,0.3915373973246314,0.40211881817747125,1.1839841358155814,0.5768317955329444,0.0,4.328329294919968,45.26296317577362,0.2694709785282612
1.6620000000000013,-0.18401169845930915,-0.4151137815765942,-0.1770200362819932,0.32723957203506016,0.0,0.32723957203506016,0.39185346612223443,0.40223991443020185,1.1837118676215712,0.5768313188043526,0.0,4.328329294919968,45.26296317577362,0.2694709785282612
1.6720000000000013,-0.18818628871787457,-0.41715468513442233,-0.17728329156301822,0.3314935112023318,0.0,0.3314935112023318,0.39217241743563974,0.40235860805593154,1.1841972941944612,0.5768308366581819,0.0,4.328329294919968,45.26296317577362,0.2694709785282612
1.6820000000000013,-0.19229811128853408,-0.40573215062668105,-0.17765070821796958,0.33580591682201993,0.0,0.33580591682201993,0.3924945767515515,0.40245261672635824,1.1834277269470206,0.5768303484330642,0.0,4.328329294919968,45.26296317577362,0.2694709785282612
1.6920000000000013,-0.19622814193053212,-0.38330430810968763,-0.17812649525271823,0.3404549628891683,0.0,0.3404549628891683,0.3928202328917383,0.40233489127722094,1.1817894797633006,0.5768298536347929,0.0,4.328329294919968,45.26296317577362,0.2694709785282612
1.7020000000000013,-0.19991111091477953,-0.36300618419670905,-0.17897811388593202,0.34780206551767323,0.0,0.34780206551767323,0.3931496172371261,0.40192964480621773,1.1825581520509123,0.5768293494395434,0.0,5.201986759901047,38.22115421295166,0.17780344784259794
1.7120000000000013,-0.20352947996576778,-0.3579980380039277,-0.18083906719842865,0.3548184212533325,0.0,0.3548184212533325,0.39348289971927547,0.40148144454039764,1.1820774319293679,0.5768288345242613,0.0,5.201986759901047,38.22115421295166,0.17780344784259794
1.7220000000000013,-0.20698503543145566,-0.3352079572180528,-0.18280202628520723,0.36200930101132417,0.0,0.36200930101132417,0.39382021617460894,0.4013944584996233,1.1816050738210941,0.5768283091515128,0.0,5.201986759901047,38.22115421295166,0.17780344784259794
1.7320000000000013,-0.21013869071321278,-0.3008035723181101,-0.18486324128312456,0.3691503590825762,0.0,0.3691503590825762,0.39416165830750916,0.4015299265110262,1.1810579615089936,0.5768277733253463,0.0,5.201986759901047,38.22115421295166,0.17780344784259794
1.7420000000000013,-0.2129023371936779,-0.2593758880455889,-0.18702284200785305,0.37674700623895135,0.0,0.37674700623895135,0.3945072499221974,0.40166270675055654,1.1810755976695961,0.5768272268198075,0.0,5.201986759901047,38.22115421295166,0.17780344784259794
1.7520000000000013,-0.2152233933770252,-0.21337423711268508,-0.18927286738595606,0.3834313315432286,0.0,0.3834313315432286,0.3948569342004351,0.4017928525453251,1.179942632919725,0.5768266700577339,0.0,5.754878401756287,36.809632778167725,0.09127160310745239
1.7620000000000013,-0.21706919547299325,-0.1653173489118108,-0.19160981477668726,0.3906090803084468,0.0,0.3906090803084468,0.39521056862018833,0.40192041616439855,1.1798425946231466,0.5768261033323384,0.0,5.754878401756287,36.809632778167725,0.09127160310745239
1.7720000000000014,-0.21843324377996495,-0.11727725277051312,-0.19402174637682584,0.3973419643430336,0.0,0.3973419643430336,0.3955679247265932,0.4020454488397921,1.179666199989165,0.5768255264635167,0.0,5.754878401756287,36.809632778167725,0.09127160310745239
1.7820000000000014,-0.2193228534288302,-0.07033721837254288,-0.1964959406822897,0.4036017695944415,0.0,0.4036017695944415,0.3959286926753619,0.4021680007870448,1.179564400595988,0.5768249401555078,0.0,5.754878401756287,36.809632778167725,0.09127160310745239
1.7920000000000014,-0.21975131143993362,-0.024857788997786467,-0.19901021487713852,0.40865863284822884,0.0,0.40865863284822884,0.3962924883045975,0.40228812122538754,1.1786917784552495,0.576824345785589,0.0,5.754878401756287,36.809632778167725,0.09127160310745239
1.8020000000000014,-0.21971603418714816,0.03221091182665234,-0.20113033918792556,0.41393245263775524,0.0,0.41393245263775524,0.39665886123459215,0.40240585839751003,1.1791941033031597,0.5768237434325125,0.0,5.436712831258774,49.297980070114136,0.06495991945266724
1.8120000000000014,-0.21880608607396457,0.12539155292717266,-0.20158411992245762,0.4184042471815315,0.0,0.4184042471815315,0.39702728952313593,0.4025212595889364,1.1796423333440336,0.5768231342300764,0.0,5.436712831258774,49.297980070114136,0.06495991945266724
1.8220000000000014,-0.21714679630368602,0.18989391780566828,-0.20210445733040394,0.421946470587922,0.0,0.421946470587922,0.3973971270668078,0.4026343711470158,1.1798880911726202,0.576822519405013,0.0,5.436712831258774,49.297980070114136,0.06495991945266724
1.8320000000000014,-0.21496058214168556,0.23569816684744332,-0.20266826641674435,0.4244449576892803,0.0,0.4244449576892803,0.39776762406821214,0.4027452384995361,1.179871774712982,0.5768219002603123,0.0,5.436712831258774,49.297980070114136,0.06495991945266724
1.8420000000000014,-0.2124024718486123,0.2677182624176194,-0.20326230203799792,0.42665425725648315,0.0,0.42665425725648315,0.3981379774799526,0.40285201404616283,1.1807236041658056,0.5768212775286818,0.0,5.436712831258774,49.297980070114136,0.06495991945266724
1.8520000000000014,-0.20958510359445656,0.2898494037436466,-0.20386092058753796,0.4275253171017192,0.0,0.4275253171017192,0.3985073657753211,0.40287333680554005,1.1809454429666886,0.5768206529103691,0.0,4.2817202508449554,49.92822051048279,0.01944540739059447
1.8620000000000014,-0.20659276274940402,0.3045805770344654,-0.20443519321544684,0.42712752657961583,0.0,0.42712752657961583,0.3988749730869244,0.4029320517203152,1.1807713076532298,0.576820028241926,0.0,4.2817202508449554,49.92822051048279,0.01944540739059447
1.8720000000000014,-0.2034915752472635,0.3131856677090648,-0.20494978504441969,0.4254681005817093,0.0,0.4254681005817093,0.39924000610214794,0.4030146887526978,1.180177543178249,0.5768194049452978,0.0,4.2817202508449554,49.92822051048279,0.01944540739059447
1.8820000000000014,-0.2003373806823131,0.3162593309898401,-0.20537797253519754,0.4232798159200919,0.0,0.4232798159200919,0.3996017062133888,0.40299158953468833,1.1800431310932826,0.5768187845700065,0.0,4.2817202508449554,49.92822051048279,0.01944540739059447
1.8920000000000015,-0.19718787849353583,0.31332002538515313,-0.20570834070784022,0.4203652721164404,0.0,0.4203652721164404,0.399959358971268,0.40309536944623436,1.1802821540651074,0.5768181679565261,0.0,4.2817202508449554,49.92822051048279,0.01944540739059447
1.9020000000000015,-0.19409191596397754,0.3056003082570191,-0.20592715572303727,0.4158814926092189,0.0,0.4158814926092189,0.4003123027713306,0.4031970902980489,1.179494807001008,0.5768175576162484,0.0,2.6355490684509277,49.76810157299042,0.04525727033615112
1.9120000000000015,-0.1911222275513768,0.29160796119946086,-0.20606776101104443,0.41063829705281985,0.0,0.41063829705281985,0.4006599363403588,0.40329679294319215,1.1787199375830695,0.5768169537169546,0.0,2.6355490684509277,49.76810157299042,0.04525727033615112
1.9220000000000015,-0.18828983822636258,0.27757428165173453,-0.20593842136557242,0.4049836046157597,0.0,0.4049836046157597,0.4010017271436501,0.4033945174241736,1.1783190322647188,0.5768163580470584,0.0,2.6355490684509277,49.76810157299042,0.04525727033615112
1.9320000000000015,-0.1856127362872992,0.26065706966791236,-0.20555720656920273,0.3993440944704864,0.0,0.3993440944704864,0.40133721119728744,0.40349030298903377,1.1787388170525224,0.5768157708186675,0.0,2.6355490684509277,49.76810157299042,0.04525727033615112
1.9420000000000015,-0.18312037189269195,0.24127948692259496,-0.20491453444594915,0.39240933173701253,0.0,0.39240933173701253,0.40166599223909843,0.4035841881071068,1.1779784630173726,0.5768151930597801,0.0,2.6355490684509277,49.76810157299042,0.04525727033615112
1.9520000000000015,-0.18083763592748694,0.21951544537721318,-0.20400848067571356,0.3853854660449063,0.0,0.3853854660449063,0.4019877430094014,0.40367621048447083,1.1775509375121975,0.576814625355315,0.0,2.2792753100395204,49.50224459171295,0.06559123992919921
1.9620000000000015,-0.17878167666540717,0.19594699302879007,-0.20281870985649408,0.3786406603327496,0.0,0.3786406603327496,0.4023022056250597,0.4037664070790913,1.1777862578155043,0.5768140678135819,0.0,2.2792753100395204,49.50224459171295,0.06559123992919921
1.9720000000000015,-0.17698542689970925,0.16846318591457193,-0.20141225664056278,0.37201559469589324,0.0,0.37201559469589324,0.40260919099567927,0.4038548141156641,1.1782698612943439,0.5768135197505124,0.0,2.2792753100395204,49.50224459171295,0.06559123992919921
1.9820000000000015,-0.17546887552691445,0.1405149216371967,-0.19976835961206377,0.3646289448199596,0.0,0.3646289448199596,0.40290858021121506,0.4039414671001639,1.1775781961144238,0.5768129823594037,0.0,2.2792753100395204,49.50224459171295,0.06559123992919921
1.9920000000000015,-0.1742414290085363,0.11050603959941925,-0.19794204167454557,0.3584334841050123,0.0,0.3584334841050123,0.4032003238385043,0.40402640083410407,1.1782632290540223,0.5768124548238868,0.0,2.2792753100395204,49.50224459171295,0.06559123992919921
2.002000000000001,-0.17333536770143307,0.07640321689098808,-0.19603435465578256,0.35259872072438353,0.0,0.35259872072438353,0.4034844396933032,0.40410964942851396,1.1789862838775216,0.576811935786588,0.0,2.326840817928314,49.19783532619476,0.09119621515274048
2.012,-0.17280251033006652,0.038434455957326315,-0.19416070290480184,0.3470255628105201,0.0,0.3470255628105201,0.40376101471842113,0.4041912463176381,1.1794538469257583,0.5768114249020709,0.0,2.326840817928314,49.19783532619476,0.09119621515274048
2.021999999999999,-0.17262675217112974,0.00415494409326876,-0.1921846847535651,0.34156752855656936,0.0,0.34156752855656936,0.40403020837915415,0.4042712242723644,1.179317561211436,0.5768109223183957,0.0,2.326840817928314,49.19783532619476,0.09119621515274048
2.031999999999998,-0.17277899839958252,-0.027876958447628584,-0.19015691672908272,0.3371601752854067,0.0,0.3371601752854067,0.40429224584737433,0.40434961541338527,1.1797560566791068,0.5768104269020504,0.0,2.326840817928314,49.19783532619476,0.09119621515274048
2.0419999999999967,-0.17323639525595097,-0.05715148850007185,-0.1881092644541012,0.3327998797505698,0.0,0.3327998797505698,0.4045474078460418,0.40442645122409815,1.179253056442293,0.5768099378864819,0.0,2.326840817928314,49.19783532619476,0.09119621515274048
2.0519999999999956,-0.1739757094257399,-0.08653043369348003,-0.18615369037956986,0.3298471694202302,0.0,0.3298471694202302,0.4047960219092642,0.40450176256325,1.179625582978961,0.5768094540038177,0.0,2.795456036925316,49.23198163509369,0.22325718998908994
2.0619999999999945,-0.17503702302213944,-0.11814557055716407,-0.18448948727866643,0.32733269456945685,0.0,0.32733269456945685,0.4050384561370215,0.4045755796773301,1.1794716857150116,0.5768089743942977,0.0,2.795456036925316,49.23198163509369,0.22325718998908994
2.0719999999999934,-0.17637031577752216,-0.142305800729163,-0.18288090592116266,0.32513974253611094,0.0,0.32513974253611094,0.40527512030682594,0.40464793221271833,1.1785978725063109,0.5768084976927299,0.0,2.795456036925316,49.23198163509369,0.22325718998908994
2.0819999999999923,-0.17790377921700093,-0.16029319843187828,-0.18135197236225473,0.3247132790941877,0.0,0.3247132790941877,0.40550645477818587,0.40471884922759127,1.1790082129929575,0.5768080229475104,0.0,2.795456036925316,49.23198163509369,0.22325718998908994
2.091999999999991,-0.17959990072719223,-0.1751475272834509,-0.1799731523800465,0.3253564720019769,0.0,0.3253564720019769,0.40573291496253555,0.40478835920359296,1.1797299538564836,0.5768075475244419,0.0,2.795456036925316,49.23198163509369,0.22325718998908994
2.10199999999999,-0.18142905181986785,-0.19083780571362247,-0.17889869464664304,0.32659516178421083,0.0,0.32659516178421083,0.40595496171766304,0.40485649005727337,1.1801243906377257,0.5768070706613048,0.0,4.762145310640335,47.93320059776306,0.24881122559309005
2.111999999999989,-0.18349013340424233,-0.21388949472486643,-0.17851076224759316,0.3286156582132745,0.0,0.3286156582132745,0.4061730580291664,0.40492326915130006,1.180544739722087,0.5768065912454408,0.0,4.762145310640335,47.93320059776306,0.24881122559309005
2.121999999999988,-0.18568591031366094,-0.2218214566211262,-0.17819449842819005,0.3309914848953702,0.0,0.3309914848953702,0.4063876800543784,0.4049887233054481,1.1804841636190182,0.5768061088491947,0.0,4.762145310640335,47.93320059776306,0.24881122559309005
2.131999999999987,-0.18789732353356142,-0.2192560144009825,-0.17796396256471522,0.3337119738650071,0.0,0.3337119738650071,0.4065993017721791,0.40505287880737095,1.1800057074869823,0.5768056224646063,0.0,4.762145310640335,47.93320059776306,0.24881122559309005
2.1419999999999857,-0.19002780472973088,-0.20794797856844263,-0.17781330951030966,0.3366844556871371,0.0,0.3366844556871371,0.40680837133570935,0.40482399473278613,1.1788473675477649,0.5768051321911404,0.0,4.762145310640335,47.93320059776306,0.24881122559309005
2.1519999999999846,-0.19203086558947827,-0.19986997568946985,-0.1779940539068976,0.3411410266747864,0.0,0.3411410266747864,0.40701529395472014,0.4046177316833183,1.179052877181655,0.576804635971141,0.0,5.6215168833732605,40.99458158016205,0.1744948536157608
2.1619999999999835,-0.19409544508690108,-0.20811282158927435,-0.17913611132972646,0.34558540556279316,0.0,0.34558540556279316,0.4072204300884304,0.4041734855447658,1.1785576657321055,0.5768041330852469,0.0,5.6215168833732605,40.99458158016205,0.1744948536157608
2.1719999999999824,-0.19613883927840225,-0.2004279218083575,-0.1803405904301625,0.3510077939275798,0.0,0.3510077939275798,0.4074241232395219,0.4038891892443116,1.1791274648401484,0.5768036233021083,0.0,5.6215168833732605,40.99458158016205,0.1744948536157608
2.1819999999999813,-0.19804645465584064,-0.18338700948904726,-0.1816158298982168,0.35609565626337564,0.0,0.35609565626337564,0.40762669161835646,0.40374988267859807,1.1792402322994093,0.5768031059093678,0.0,5.6215168833732605,40.99458158016205,0.1744948536157608
2.19199999999998,-0.19974653874042023,-0.16075859446817695,-0.1829616312692362,0.3615686105808912,0.0,0.3615686105808912,0.4078284072365464,0.4034921406049521,1.1797404041208417,0.576802580755177,0.0,5.6215168833732605,40.99458158016205,0.1744948536157608
2.201999999999979,-0.20119411771869236,-0.13074536673100345,-0.18426534913656267,0.36604174467200284,0.0,0.36604174467200284,0.40802948490655805,0.40349260932786557,1.1791312370338956,0.5768020478163044,0.0,5.583746016025543,44.39788639545441,0.09599779844284057
2.211999999999978,-0.20223677520684125,-0.08767751873945935,-0.18518726616652423,0.37129480615894495,0.0,0.37129480615894495,0.40823007387022875,0.4033063583306642,1.1796489043839928,0.576801508247811,0.0,5.583746016025543,44.39788639545441,0.09599779844284057
2.221999999999977,-0.2028827113261327,-0.049644508004309355,-0.18617177545656904,0.37529321942880406,0.0,0.37529321942880406,0.4084302388168768,0.403273293253249,1.1787609784549107,0.5768009621261264,0.0,5.583746016025543,44.39788639545441,0.09599779844284057
2.231999999999976,-0.20316830355376664,-0.015058950544504304,-0.18720782987987283,0.37948079979528365,0.0,0.37948079979528365,0.40862996323966067,0.40320980938167333,1.1785742649286766,0.5768004100303482,0.0,5.583746016025543,44.39788639545441,0.09599779844284057
2.2419999999999747,-0.20312996851402568,0.016193957379233466,-0.18829341315819947,0.3831237592220073,0.0,0.3831237592220073,0.4088291622944486,0.40312754348874147,1.1781017986265128,0.5767998519528222,0.0,5.583746016025543,44.39788639545441,0.09599779844284057
2.2519999999999736,-0.2027800377129829,0.05102123533974384,-0.18924254399694038,0.3864520972684713,0.0,0.3864520972684713,0.40902769417843704,0.40313423242603447,1.1778883453071545,0.57679928905169,0.0,5.278046011924744,49.413538575172424,0.05820418596267701
2.2619999999999725,-0.20198214287284127,0.09679346799451854,-0.18958805114467175,0.39007294033779866,0.0,0.39007294033779866,0.4092253632976579,0.40292065350010353,1.178605716845231,0.5767987204895474,0.0,5.278046011924744,49.413538575172424,0.05820418596267701
2.2719999999999714,-0.20080973330305832,0.1294313797901912,-0.18999345348733446,0.39323810914747087,0.0,0.39323810914747087,0.40942190590337707,0.4027719856677571,1.1794080188400446,0.5767981471585722,0.0,5.278046011924744,49.413538575172424,0.05820418596267701
2.2819999999999703,-0.19936238302545226,0.15414886077109524,-0.19043155087935393,0.3949724560717538,0.0,0.3949724560717538,0.4096170040693752,0.4026072740307744,1.179036552179898,0.5767975705910362,0.0,5.278046011924744,49.413538575172424,0.05820418596267701
2.291999999999969,-0.19770577404369308,0.17263727419978636,-0.19088918959685652,0.3966765811891988,0.0,0.3966765811891988,0.40981030875647223,0.402264738464089,1.1792459589828896,0.5767969915271365,0.0,5.278046011924744,49.413538575172424,0.05820418596267701
2.301999999999968,-0.1958970143175378,0.18559264612024157,-0.19135659637254973,0.39811167674749637,0.0,0.39811167674749637,0.4100014554238638,0.40168030067426486,1.179724788930926,0.5767964104950953,0.0,4.501093357801437,49.81173753738403,0.0314286410808563
2.311999999999967,-0.19398766930100994,0.19417644419915306,-0.19181419626519805,0.39797872228563114,0.0,0.39797872228563114,0.41019007661794266,0.4013689017464813,1.179087845983451,0.5767958284477981,0.0,4.501093357801437,49.81173753738403,0.0314286410808563
2.321999999999966,-0.1920154211735562,0.19876570407287428,-0.19224588425280653,0.3978472738717105,0.0,0.3978472738717105,0.4103758122356713,0.400978496249543,1.1792815055579806,0.5767952464623955,0.0,4.501093357801437,49.81173753738403,0.0314286410808563
2.3319999999999648,-0.19001776529595366,0.1999733240590695,-0.19263207341551397,0.3966858413373502,0.0,0.3966858413373502,0.4105583170565722,0.4009015840009504,1.1791735197825362,0.5767946656636787,0.0,4.501093357801437,49.81173753738403,0.0314286410808563
2.3419999999999637,-0.18802985395048993,0.19755227941327694,-0.19296256018220678,0.3953146239331273,0.0,0.3953146239331273,0.4107372672664838,0.4009555024171224,1.179797122150196,0.5767940867346295,0.0,4.501093357801437,49.81173753738403,0.0314286410808563
2.3519999999999626,-0.1860854545199309,0.1916435205989611,-0.19323623073230706,0.3926270822718153,0.0,0.3926270822718153,0.41091236615982324,0.4008158282658877,1.1791952596725812,0.576793510944563,0.0,2.9870522411540152,49.84635591506958,0.048441731929779075
2.3619999999999615,-0.18422559375636877,0.18249622256001197,-0.1934623245959833,0.38940940759830456,0.0,0.38940940759830456,0.41108334944103053,0.4008080280455827,1.1785749284481224,0.5767929394585825,0.0,2.9870522411540152,49.84635591506958,0.048441731929779075
2.3719999999999604,-0.1824497904087071,0.1743430872201137,-0.19350854678434173,0.38523198092655103,0.0,0.38523198092655103,0.41124999008970825,0.400948246304758,1.1774880634578326,0.5767923738055802,0.0,2.9870522411540152,49.84635591506958,0.048441731929779075
2.3819999999999593,-0.18075915404072262,0.16540064409742838,-0.19337636466943378,0.38084463864770185,0.0,0.38084463864770185,0.4114120970106841,0.40109256745111205,1.1766639480968326,0.5767918144596913,0.0,2.9870522411540152,49.84635591506958,0.048441731929779075
2.391999999999958,-0.17917183672586404,0.15412084575555998,-0.19308115672073092,0.37636646599695267,0.0,0.37636646599695267,0.4115695131363533,0.4012340251737415,1.1761603048147025,0.5767912613856818,0.0,2.9870522411540152,49.84635591506958,0.048441731929779075
2.401999999999957,-0.17771264131844502,0.1401006494273051,-0.19263147569899478,0.3723647738037666,0.0,0.3723647738037666,0.41172211660669045,0.401372676284802,1.1766603131344766,0.5767907146137928,0.0,2.712795892357826,49.76067006587982,0.10322772860527038
2.411999999999956,-0.17640973181447364,0.12359943952847292,-0.19202770927796148,0.3680211659741078,0.0,0.3680211659741078,0.4118698233890281,0.40150857646925975,1.1768976940790885,0.5767901738817435,0.0,2.712795892357826,49.76067006587982,0.10322772860527038
2.421999999999955,-0.17528020003850162,0.10582437052749434,-0.19127096194686735,0.3631383871432299,0.0,0.3631383871432299,0.412012589949119,0.40164178030725545,1.1764724514482028,0.5767896399387921,0.0,2.712795892357826,49.76067006587982,0.10322772860527038
2.4319999999999538,-0.17433844185317296,0.0860994578036475,-0.1903870717457907,0.3592513882747536,0.0,0.3592513882747536,0.4121504140532822,0.4017723412960253,1.1774110324664016,0.5767891123921162,0.0,2.712795892357826,49.76067006587982,0.10322772860527038
2.4419999999999527,-0.17360298243427147,0.06551193320914003,-0.18938640904328852,0.3543255841600691,0.0,0.3543255841600691,0.4122833350156275,0.40190031187138586,1.176742696845452,0.5767885912472783,0.0,2.712795892357826,49.76067006587982,0.10322772860527038
2.4519999999999516,-0.17306130995922267,0.04623285599883735,-0.1882557802685692,0.3494349342960929,0.0,0.3494349342960929,0.4124114335999816,0.4020257434287938,1.17585712797792,0.5767880778073541,0.0,2.854409249126911,49.70481753349304,0.18401628434658052
2.4619999999999505,-0.17273950867097854,0.022640398700754256,-0.18713333845341795,0.3464950812841057,0.0,0.3464950812841057,0.4125348281948079,0.402148686343987,1.1773340163849475,0.5767875693707383,0.0,2.854409249126911,49.70481753349304,0.18401628434658052
2.4719999999999493,-0.17265351526542855,-0.0005121280578811779,-0.18596309309710068,0.343010607612725,0.0,0.343010607612725,0.41265367616737536,0.4022691899932165,1.1775785042690745,0.5767870658434741,0.0,2.854409249126911,49.70481753349304,0.18401628434658052
2.4819999999999482,-0.17278440192094888,-0.021057506033709834,-0.1847328700197272,0.33910831100992056,0.0,0.33910831100992056,0.4127681739427216,0.4023873027730771,1.1766773421714913,0.5767865677889947,0.0,2.854409249126911,49.70481753349304,0.18401628434658052
2.491999999999947,-0.17310614659432377,-0.03967140746612076,-0.18346697472567153,0.3365739712624696,0.0,0.3365739712624696,0.41287855084111136,0.4025030721199442,1.17705537951508,0.576786074559796,0.0,2.854409249126911,49.70481753349304,0.18401628434658052
2.501999999999946,-0.17361637462056842,-0.05982800668433868,-0.18227052527849094,0.33470188478625207,0.0,0.33470188478625207,0.4129850621642195,0.40261654452902507,1.1776607347697943,0.5767855844314251,0.0,3.682400166988373,49.76029098033905,0.23344508707523345
2.511999999999945,-0.17435931658370019,-0.08298288027135137,-0.1813011910420086,0.3327820409056815,0.0,0.3327820409056815,0.41308798741952735,0.40272776557303264,1.1774647038092452,0.5767850969084024,0.0,3.682400166988373,49.76029098033905,0.23344508707523345
2.521999999999944,-0.17529878571338292,-0.10075888286466424,-0.18035290830590212,0.332032790008681,0.0,0.332032790008681,0.4131876341010517,0.40283677992048783,1.1781474960000349,0.5767846112846751,0.0,3.682400166988373,49.76029098033905,0.23344508707523345
2.5319999999999427,-0.17639376185363084,-0.11486440554940407,-0.17945343610952885,0.3316950649238211,0.0,0.3316950649238211,0.4132843305280505,0.40294363135365974,1.178623025086827,0.5767841262648173,0.0,3.682400166988373,49.76029098033905,0.23344508707523345
2.5419999999999416,-0.17760594613689712,-0.12503536388866238,-0.1786093844452568,0.3318255339577802,0.0,0.3318255339577802,0.4133784159287115,0.4030483627861492,1.1789627330860661,0.5767836414138487,0.0,3.682400166988373,49.76029098033905,0.23344508707523345
2.5519999999999405,-0.17890080093514543,-0.13391144326987828,-0.17790240760844425,0.33256135785481755,0.0,0.33256135785481755,0.41347023191261256,0.4031510162801239,1.1793681290210554,0.5767831561919429,0.0,5.0032307505607605,48.799187541007996,0.22177835404872892
2.5619999999999394,-0.18032512559917815,-0.14694933781762518,-0.1775619363487525,0.3339430293247166,0.0,0.3339430293247166,0.41356011712788326,0.40325163306321127,1.17994204520203,0.5767826688277958,0.0,5.0032307505607605,48.799187541007996,0.22177835404872892
2.5719999999999383,-0.181828680319946,-0.15165547019730222,-0.17727318667032727,0.3353445401718204,0.0,0.3353445401718204,0.4136484121475923,0.40335025354505605,1.17985552686146,0.5767821793483003,0.0,5.0032307505607605,48.799187541007996,0.22177835404872892
2.5819999999999372,-0.1833408505230996,-0.1501049967130377,-0.1770416851505161,0.3372963459359349,0.0,0.3372963459359349,0.41373545154126673,0.4034469173335501,1.1798988755903228,0.5767816872774728,0.0,5.0032307505607605,48.799187541007996,0.22177835404872892
2.591999999999936,-0.18480485965682833,-0.1435678600074505,-0.17687026415755708,0.33978992144505904,0.0,0.33978992144505904,0.41382155033936024,0.40354166325073926,1.1801219678317778,0.5767811922892512,0.0,5.0032307505607605,48.799187541007996,0.22177835404872892
2.601999999999935,-0.18618895962646148,-0.13591309883058963,-0.17683650269113294,0.3422230816730095,0.0,0.3422230816730095,0.413906994268722,0.4036073814744581,1.1797256822995732,0.5767806933700084,0.0,5.320578247308731,46.909653544425964,0.16367225646972655
2.611999999999934,-0.1875244608991042,-0.13102568215948765,-0.17711999550143182,0.34544362441995813,0.0,0.34544362441995813,0.4139920362323841,0.40367970785845114,1.180053395028378,0.5767801903234713,0.0,5.320578247308731,46.909653544425964,0.16367225646972655
2.621999999999933,-0.18877281589702782,-0.12022307721632668,-0.17746528816567506,0.3488724533490524,0.0,0.3488724533490524,0.4140769013648984,0.40364790932325756,1.1802763611403653,0.5767796825883653,0.0,5.320578247308731,46.909653544425964,0.16367225646972655
2.6319999999999317,-0.18989326975283619,-0.1062241837283481,-0.17788349864109726,0.3525897761624509,0.0,0.3525897761624509,0.4141617831419826,0.4037270650299539,1.1807158661635222,0.5767791692878326,0.0,5.320578247308731,46.909653544425964,0.16367225646972655
2.6419999999999306,-0.19085514609074414,-0.08909780084692459,-0.17836280793270368,0.3558669712894353,0.0,0.3558669712894353,0.41424683725089434,0.40381625263791016,1.1804781593438602,0.5767786509672214,0.0,5.320578247308731,46.909653544425964,0.16367225646972655
2.6519999999999295,-0.19163096147012607,-0.06868978936823032,-0.17886313520076802,0.3593328214765744,0.0,0.3593328214765744,0.4143321779792173,0.4039036707067586,1.180477683948782,0.5767781275351673,0.0,5.365279942750931,48.04971754550934,0.11884993314743042
2.6619999999999284,-0.19216517023316307,-0.04361879648690837,-0.1792689217537913,0.3630471738154609,0.0,0.3630471738154609,0.41441787473858055,0.40398935434528527,1.1808834335411822,0.5767775990388265,0.0,5.365279942750931,48.04971754550934,0.11884993314743042
2.6719999999999273,-0.19246310220717588,-0.020778804332963238,-0.17974068400830923,0.3666003521874076,0.0,0.3666003521874076,0.4145039463365746,0.40407333796569567,1.1812087227523103,0.5767770651858234,0.0,5.365279942750931,48.04971754550934,0.11884993314743042
2.681999999999926,-0.19254590064318808,-0.00020832323846119334,-0.18027981601893567,0.3704713570918755,0.0,0.3704713570918755,0.4145903640734485,0.40403547277174545,1.1821373083419084,0.5767765257050589,0.0,5.365279942750931,48.04971754550934,0.11884993314743042
2.691999999999925,-0.19242992574185014,0.019169762640157274,-0.18087186158829918,0.37376098812036274,0.0,0.37376098812036274,0.41467705899218027,0.4040054384621948,1.1825019938213046,0.5767759813282464,0.0,5.365279942750931,48.04971754550934,0.11884993314743042
2.701999999999924,-0.1921237096040824,0.03907800888328355,-0.18146333377143145,0.37635562929295374,0.0,0.37635562929295374,0.41476392787060745,0.4040761479486978,1.1824202699891415,0.5767754326471263,0.0,5.139538675546646,49.39629375934601,0.07637268304824829
2.711999999999923,-0.1915917963702377,0.06193050799548961,-0.1819206020722767,0.3786683538865835,0.0,0.3786683538865835,0.41485083629537794,0.4041584095285796,1.1824218197551613,0.5767748804528616,0.0,5.139538675546646,49.39629375934601,0.07637268304824829
2.721999999999922,-0.1908564028493654,0.08102162017914667,-0.18240609498871788,0.38032505580356135,0.0,0.38032505580356135,0.4149376163646982,0.4042390389861743,1.1820161530643378,0.576774325200992,0.0,5.139538675546646,49.39629375934601,0.07637268304824829
2.7319999999999207,-0.1899443750691106,0.09744687244390526,-0.18290196229933245,0.38192332691859465,0.0,0.38192332691859465,0.41502407186365775,0.40431806870383064,1.1820957893706772,0.5767737679141366,0.0,5.139538675546646,49.39629375934601,0.07637268304824829
2.7419999999999196,-0.1888883163824464,0.11056374997735403,-0.1834083542281819,0.3831941333381871,0.0,0.3831941333381871,0.415109985967929,0.40439553042141074,1.182326803865473,0.5767732085475294,0.0,5.139538675546646,49.39629375934601,0.07637268304824829
2.7519999999999185,-0.18772017874078595,0.12083879253913356,-0.18391387248261667,0.3835600771901415,0.0,0.3835600771901415,0.4151951290179623,0.4044714552490376,1.1819292621745503,0.5767726478043609,0.0,4.583585888147354,49.67922568321228,0.04351569414138795
2.7619999999999174,-0.1864611944281377,0.1286325231215392,-0.18440234868643623,0.38410577526591616,0.0,0.38410577526591616,0.41527926550541194,0.40454587367958955,1.182440450946966,0.5767720867402913,0.0,4.583585888147354,49.67922568321228,0.04351569414138795
2.7719999999999163,-0.18514381579645178,0.1335221595193093,-0.18486774129393693,0.38367157424306125,0.0,0.38367157424306125,0.41536215942082233,0.40461881560094676,1.1822396005040046,0.5767715255125162,0.0,4.583585888147354,49.67922568321228,0.04351569414138795
2.781999999999915,-0.18378817436103492,0.1365354384986594,-0.1852854619747501,0.38266377845394217,0.0,0.38266377845394217,0.41544358021716976,0.4046903103079946,1.1818868925359824,0.5767709655424348,0.0,4.583585888147354,49.67922568321228,0.04351569414138795
2.791999999999914,-0.18241915266839911,0.13675919219563198,-0.1856545471373899,0.38153911057223766,0.0,0.38153911057223766,0.4155233069944363,0.40476038651438956,1.182000862730907,0.5767704070205715,0.0,4.583585888147354,49.67922568321228,0.04351569414138795
2.801999999999913,-0.18106277990481476,0.13412381321717232,-0.1859761527635616,0.37992372636444777,0.0,0.37992372636444777,0.41560113273549376,0.4048290723640905,1.182024193059226,0.5767698508196365,0.0,3.343753546476364,49.80039179325104,0.051284390687942494
2.811999999999912,-0.17975938202071318,0.12749778888253316,-0.1862793052023947,0.3782537675523018,0.0,0.3782537675523018,0.4156768689810204,0.40488992862523954,1.1825209387251332,0.5767692969744782,0.0,3.343753546476364,49.80039179325104,0.051284390687942494
2.821999999999911,-0.17853380048227888,0.11888879890020049,-0.1864994676408446,0.37641418118367326,0.0,0.37641418118367326,0.4157503518820984,0.40495604427671994,1.183280147849304,0.5767687455885854,0.0,3.343753546476364,49.80039179325104,0.051284390687942494
2.8319999999999097,-0.17740052028052816,0.10935017667335263,-0.18661553069975895,0.37385621365860977,0.0,0.37385621365860977,0.41582144583436403,0.40502084815144546,1.18345977707882,0.5767681977490962,0.0,3.343753546476364,49.80039179325104,0.051284390687942494
2.8419999999999086,-0.17637299771677553,0.09792780742382207,-0.18663436063323996,0.371532508554093,0.0,0.371532508554093,0.4158900445683409,0.40506928147428073,1.1843138496297776,0.5767676534910519,0.0,3.343753546476364,49.80039179325104,0.051284390687942494
2.8519999999999075,-0.1754705787674235,0.08503269119662626,-0.18655287751727134,0.36844262909631376,0.0,0.36844262909631376,0.4159560720357846,0.4051283217250342,1.1843387666771719,0.5767671131346377,0.0,2.8406807661056517,49.76466476917267,0.11403754949569703
2.8619999999999064,-0.17469989936756428,0.07161596883185016,-0.186350166662642,0.3654240145705766,0.0,0.3654240145705766,0.4160194838102559,0.4051042068448943,1.184590599055191,0.5767665771705247,0.0,2.8406807661056517,49.76466476917267,0.11403754949569703
2.8719999999999053,-0.17406930178612184,0.057221029396432435,-0.1860380012071045,0.36247129978680626,0.0,0.36247129978680626,0.41608026663066755,0.40488262937518404,1.1848211620817788,0.5767660455620777,0.0,2.8406807661056517,49.76466476917267,0.11403754949569703
2.881999999999904,-0.17359202783844474,0.0414282366055323,-0.18563533437417154,0.35963039384260703,0.0,0.35963039384260703,0.41613843795940064,0.40482459174712093,1.1853315318942472,0.5767655179739942,0.0,2.8406807661056517,49.76466476917267,0.11403754949569703
2.891999999999903,-0.17327635695915028,0.0251098295777903,-0.1851448851105412,0.35673830054971994,0.0,0.35673830054971994,0.4161940462502247,0.4044726410224513,1.1853998959591319,0.5767649945778579,0.0,2.8406807661056517,49.76466476917267,0.11403754949569703
2.901999999999902,-0.173119265037726,0.00955026708591468,-0.18456361908962465,0.3534177677694464,0.0,0.3534177677694464,0.41624717037870784,0.40415821723165374,1.1846407862385384,0.5767644759637345,0.0,2.9847515128552913,49.75237488746643,0.2062899112701416
2.911999999999901,-0.17311674724730478,-0.0056661788581859485,-0.1839215644655671,0.3500629154884682,0.0,0.3500629154884682,0.4162979170962387,0.4039724170495225,1.183752248575461,0.5767639621167484,0.0,2.9847515128552913,49.75237488746643,0.2062899112701416
2.9219999999999,-0.17326264881130496,-0.02039274081108082,-0.18321946717461005,0.347613595331195,0.0,0.347613595331195,0.41634641817777873,0.4037546003112246,1.183685624075119,0.576763452310942,0.0,2.9847515128552913,49.75237488746643,0.2062899112701416
2.9319999999998987,-0.17355243152600905,-0.03492430513094913,-0.1824804028056525,0.3458184123379474,0.0,0.3458184123379474,0.4163928275241151,0.40339073059965974,1.1840965199419462,0.576762945895377,0.0,2.9847515128552913,49.75237488746643,0.2062899112701416
2.9419999999998976,-0.17398779689091545,-0.049355669024441155,-0.18173123144251305,0.3442379551011695,0.0,0.3442379551011695,0.41643731879114826,0.40290820171185976,1.1840746693228965,0.5767624419969938,0.0,2.9847515128552913,49.75237488746643,0.2062899112701416
2.9519999999998965,-0.17457101104516967,-0.06502129427725509,-0.18103485044338488,0.3431884083394102,0.0,0.3431884083394102,0.4164800840379001,0.4025617332357837,1.1844265089730575,0.5767619396945369,0.0,4.082076579332352,49.80586349964142,0.23946694582700728
2.9619999999998954,-0.17533044681018853,-0.08284063951779097,-0.18049904325003574,0.34272170709208616,0.0,0.34272170709208616,0.4165213333700843,0.40221732348952743,1.1851371113029892,0.5767614386208042,0.0,4.082076579332352,49.80586349964142,0.23946694582700728
2.9719999999998943,-0.17624502921917565,-0.09665871298243037,-0.17998122715950962,0.3420732957345981,0.0,0.3420732957345981,0.41656129739481534,0.40180047652721884,1.184914370432089,0.5767609382245806,0.0,4.082076579332352,49.80586349964142,0.23946694582700728
2.981999999999893,-0.1772725698601044,-0.10640193796863234,-0.1794801007598591,0.34188687818140606,0.0,0.34188687818140606,0.4166002223492077,0.40121818539240955,1.184511435515783,0.5767604385228216,0.0,4.082076579332352,49.80586349964142,0.23946694582700728
2.991999999999892,-0.1783820338884729,-0.1135094046161595,-0.17901761226198776,0.3421309230139449,0.0,0.3421309230139449,0.41663836100486945,0.4008984346039134,1.1843719605464047,0.5767599383921749,0.0,4.082076579332352,49.80586349964142,0.23946694582700728
3.001999999999891,-0.17953810849732352,-0.11759799994247462,-0.17861702913217883,0.3420223731320938,0.0,0.3420223731320938,0.41667596559306286,0.40052941926853214,1.183184525064691,0.5767594386705522,0.0,5.038426101207733,49.05691385269165,0.20251501500606536
3.01199999999989,-0.18074964372335992,-0.12283774026163886,-0.17841918615652191,0.3427741292619646,0.0,0.3427741292619646,0.41671328193072504,0.4000798376658321,1.1825352861617424,0.5767589381437037,0.0,5.038426101207733,49.05691385269165,0.20251501500606536
3.0219999999998888,-0.1819888378267268,-0.12411580314042954,-0.17826866508660774,0.3445761524634225,0.0,0.3445761524634225,0.4167505493531208,0.39967817140138234,1.182863262986147,0.5767584353436374,0.0,5.038426101207733,49.05691385269165,0.20251501500606536
3.0319999999998877,-0.18322008212977256,-0.12166820193011577,-0.17816595949889286,0.34592693150186965,0.0,0.34592693150186965,0.4167879965879497,0.39949703576802675,1.1822554015643867,0.5767579300972626,0.0,5.038426101207733,49.05691385269165,0.20251501500606536
3.0419999999998866,-0.18440553383505986,-0.11640798457208056,-0.17811538047536693,0.3486565658629503,0.0,0.3486565658629503,0.4168258350455162,0.39916615977118797,1.1830943700261418,0.5767574220269045,0.0,5.038426101207733,49.05691385269165,0.20251501500606536
3.0519999999998855,-0.18552891634043464,-0.11018970428119382,-0.17815563704287593,0.351395923238961,0.0,0.351395923238961,0.4168642530431872,0.398772485984035,1.183466864310046,0.5767569102329169,0.0,5.031334340572357,48.3105605840683,0.14888225197792052
3.0619999999998844,-0.18660030257963725,-0.10458127251274921,-0.17836461415409557,0.3539067071363802,0.0,0.3539067071363802,0.41690341420107013,0.39835772034232636,1.183218950922062,0.5767563943909018,0.0,5.031334340572357,48.3105605840683,0.14888225197792052
3.0719999999998833,-0.1875934052547335,-0.09544117321905449,-0.1786296602639392,0.35664994143729234,0.0,0.35664994143729234,0.4169434594353438,0.3976244953615886,1.1827398856616285,0.5767558745959305,0.0,5.031334340572357,48.3105605840683,0.14888225197792052
3.081999999999882,-0.1884772858399722,-0.08317192047206787,-0.17894365971452744,0.35893945511802194,0.0,0.35893945511802194,0.4169845042082189,0.396874071863426,1.1813939806968814,0.5767553511104397,0.0,5.031334340572357,48.3105605840683,0.14888225197792052
3.091999999999881,-0.1892276399435427,-0.06951123321764416,-0.17931327713188006,0.36224791299878795,0.0,0.36224791299878795,0.4170266340417834,0.3960893283494302,1.1813435330519466,0.5767548234079418,0.0,5.031334340572357,48.3105605840683,0.14888225197792052
3.10199999999988,-0.18984322052666638,-0.056015415774432,-0.17974023359943145,0.3664579047709644,0.0,0.3664579047709644,0.41706990210710965,0.39528274379456824,1.1825104033063194,0.576754290040694,0.0,5.098169326782227,48.837024569511414,0.12243486642837523
3.111999999999879,-0.19031144908663214,-0.040891710126516115,-0.18016180355279718,0.3702028320216,0.0,0.3702028320216,0.4171143304719124,0.39457015882812296,1.1831066237602081,0.5767537511059188,0.0,5.098169326782227,48.837024569511414,0.12243486642837523
3.1219999999998778,-0.19063818975531086,-0.027315137872146622,-0.18065601820724309,0.3739928185958942,0.0,0.3739928185958942,0.41715991044544837,0.39412951185131645,1.1842048715513338,0.5767532065514989,0.0,5.098169326782227,48.837024569511414,0.12243486642837523
3.1319999999998767,-0.1908285729565032,-0.013477058303151606,-0.1812005187382799,0.3767609710124953,0.0,0.3767609710124953,0.4172066052283493,0.3936285438677065,1.1839900729145454,0.576752657524594,0.0,5.098169326782227,48.837024569511414,0.12243486642837523
3.1419999999998756,-0.19087648351041278,0.0010608707859773893,-0.18177819799282732,0.37889660205502823,0.0,0.37889660205502823,0.41725435276574463,0.3931089900165854,1.183033094101865,0.5767521049227984,0.0,5.098169326782227,48.837024569511414,0.12243486642837523
3.1519999999998745,-0.19077908728111798,0.01582566441423361,-0.18236769297353334,0.38157592008105623,0.0,0.38157592008105623,0.417303066556248,0.3927597864427235,1.183392406670309,0.5767515487195448,0.0,4.859671473503113,49.54290688037872,0.09186328053474427
3.1619999999998734,-0.19052072323364555,0.03203569565499165,-0.1828992677869859,0.3835645677885782,0.0,0.3835645677885782,0.4173526364481374,0.3921089169451745,1.1828851108438643,0.5767509895339474,0.0,4.859671473503113,49.54290688037872,0.09186328053474427
3.1719999999998723,-0.1901216846880665,0.044815246290299704,-0.1834672623866817,0.38583886116851907,0.0,0.38583886116851907,0.4174029284041134,0.3914916389021265,1.1831078567771203,0.5767504266940033,0.0,4.859671473503113,49.54290688037872,0.09186328053474427
3.181999999999871,-0.18960970615095865,0.055128276279954855,-0.1840597460478789,0.38782661400614793,0.0,0.38782661400614793,0.4174537893865077,0.3909299390612227,1.1834232606653028,0.5767498607869215,0.0,4.859671473503113,49.54290688037872,0.09186328053474427
3.19199999999987,-0.18900626308041807,0.06348506247176003,-0.18466494705399777,0.3895097020502449,0.0,0.3895097020502449,0.4175050541200219,0.39040411647069984,1.1838726644682367,0.5767492924240021,0.0,4.859671473503113,49.54290688037872,0.09186328053474427
3.201999999999869,-0.18833658106362838,0.06888927696344581,-0.18529063546523464,0.3910372453194172,0.0,0.3910372453194172,0.4175565504079984,0.38982668154046746,1.1844817760154396,0.5767487214326406,0.0,4.307655721902847,49.78604555130005,0.07468952536582946
3.211999999999868,-0.18762541004275138,0.0724563108505901,-0.1859286931885232,0.3917955373601132,0.0,0.3917955373601132,0.417608104585827,0.38915019969138037,1.1844327123977514,0.5767481490724561,0.0,4.307655721902847,49.78604555130005,0.07468952536582946
3.2219999999998667,-0.18689272892551553,0.07351593209849032,-0.1865643903055512,0.39308578663145965,0.0,0.39308578663145965,0.41765954649082054,0.3884377659905403,1.185604149370342,0.5767475749777262,0.0,4.307655721902847,49.78604555130005,0.07468952536582946
3.2319999999998656,-0.1861604076195376,0.07301270890260775,-0.18718036759712894,0.3932093693407181,0.0,0.3932093693407181,0.41771071345165406,0.38724018064290006,1.185176276969858,0.5767470000410599,0.0,4.307655721902847,49.78604555130005,0.07468952536582946
3.2419999999998645,-0.18543950681941668,0.07111196022308702,-0.18776267562517324,0.39351696142040715,0.0,0.39351696142040715,0.4177614538619953,0.38607926502319395,1.1854568851853944,0.5767464250506984,0.0,4.307655721902847,49.78604555130005,0.07468952536582946
3.2519999999998634,-0.18475303015946476,0.06585097749293392,-0.1883466729544938,0.39357140806241864,0.0,0.39357140806241864,0.41781162918706116,0.3848049487338653,1.1856861684511129,0.5767458499295434,0.0,3.233667027205229,49.85705256462097,0.09450030326843262
3.2619999999998623,-0.18416249749831612,0.05487562704815669,-0.18902598165378826,0.39341551436132915,0.0,0.39341551436132915,0.4178611183510807,0.3835930821159779,1.1860519214854977,0.5767452742803759,0.0,3.233667027205229,49.85705256462097,0.09450030326843262
3.2719999999998612,-0.18367125581498436,0.04535277793728948,-0.18962914390453484,0.3927818485629924,0.0,0.3927818485629924,0.4179098264361962,0.38266632354103075,1.1863747443598074,0.5767446996203095,0.0,3.233667027205229,49.85705256462097,0.09450030326843262
3.28199999999986,-0.1832725484389841,0.036279411268718254,-0.19015134252083438,0.391610589127486,0.0,0.391610589127486,0.4179576850522972,0.38197086622445486,1.1864613780175242,0.5767441263548577,0.0,3.233667027205229,49.85705256462097,0.09450030326843262
3.291999999999859,-0.1829656763094658,0.027118055642004913,-0.19058927170987497,0.3901742510607192,0.0,0.3901742510607192,0.41800464931087633,0.3816348398029096,1.1867834685833598,0.5767435548483144,0.0,3.233667027205229,49.85705256462097,0.09450030326843262
3.301999999999858,-0.1827446449765185,0.01864259760437194,-0.19092653002441895,0.38807558792504243,0.0,0.38807558792504243,0.4180506958972956,0.38136865288095684,1.1864668083419099,0.576742986238507,0.0,2.907740034162998,49.85835611820221,0.1825886696577072
3.311999999999857,-0.1826140347653795,0.009319125171441175,-0.19118876848213665,0.38638021113827375,0.0,0.38638021113827375,0.4180958208843319,0.38125192046055584,1.187004223371533,0.5767424203083802,0.0,2.907740034162998,49.85835611820221,0.1825886696577072
3.3219999999998557,-0.18257524451497648,0.0003971562954397691,-0.19134605929740406,0.38428468409371086,0.0,0.38428468409371086,0.4181400389995867,0.3810488611599577,1.186952109210366,0.5767418573008073,0.0,2.907740034162998,49.85835611820221,0.1825886696577072
3.3319999999998546,-0.18262704114148562,-0.009156525842561516,-0.19141508434471233,0.3827580970455797,0.0,0.3827580970455797,0.4181833826035101,0.3811331401229868,1.1878748526679062,0.5767412969515908,0.0,2.907740034162998,49.85835611820221,0.1825886696577072
3.3419999999998535,-0.18277471678382803,-0.018276022680558834,-0.19139239760018323,0.38017240681243764,0.0,0.38017240681243764,0.4182259005183471,0.3815226089671648,1.187603022236438,0.5767407396165896,0.0,2.907740034162998,49.85835611820221,0.1825886696577072
3.3519999999998524,-0.18300145650925145,-0.02540016495157331,-0.19125783054192008,0.37705462581879373,0.0,0.37705462581879373,0.41826765727769794,0.3820523471658597,1.1866248851331231,0.5767401864010766,0.0,3.2772817574441433,49.87387716770172,0.2725371547043323
3.3619999999998513,-0.18329489536803242,-0.031872505968221373,-0.19104090114766384,0.37470613334172526,0.0,0.37470613334172526,0.4183087292714983,0.3825715750203375,1.186522449885147,0.5767396371271611,0.0,3.2772817574441433,49.87387716770172,0.2725371547043323
3.3719999999998502,-0.18365323737543993,-0.038771374792375246,-0.1907637820939876,0.37311322577628975,0.0,0.37311322577628975,0.41834920149361093,0.3830805010625408,1.1872293659176043,0.5767390908763725,0.0,3.2772817574441433,49.87387716770172,0.2725371547043323
3.381999999999849,-0.18408595968572852,-0.04632539097786125,-0.19045086175050865,0.3716259760564375,0.0,0.3716259760564375,0.41838916666848697,0.3835793296870051,1.187790060817312,0.5767385468469928,0.0,3.2772817574441433,49.87387716770172,0.2725371547043323
3.391999999999848,-0.18459458940274842,-0.05376748869205224,-0.19011039850537298,0.3703722496108108,0.0,0.3703722496108108,0.4184287260836856,0.3840682612329476,1.1883437411478568,0.576738004817934,0.0,3.2772817574441433,49.87387716770172,0.2725371547043323
3.401999999999847,-0.18517778819779862,-0.06181498034561251,-0.18978201670073044,0.36918029012972725,0.0,0.36918029012972725,0.41846798925431394,0.3845147605714277,1.188597927299032,0.5767374643673184,0.0,4.877186149358749,49.79633986949921,0.29266622979193924
3.411999999999846,-0.18585474161083645,-0.07133246513487995,-0.18954763991867005,0.368615579730196,0.0,0.368615579730196,0.41850707360175593,0.3848062377564086,1.1892464017650948,0.5767369253519663,0.0,4.877186149358749,49.79633986949921,0.29266622979193924
3.4219999999998447,-0.1866176533174503,-0.07938546264860147,-0.18932367895628785,0.36863782103858644,0.0,0.36863782103858644,0.4185461064270871,0.3849042153201411,1.1900816619482264,0.5767363864159316,0.0,4.877186149358749,49.79633986949921,0.29266622979193924
3.4319999999998436,-0.18744694046207802,-0.08491831928543318,-0.18910431177100426,0.36831643895513566,0.0,0.36831643895513566,0.4185852231496241,0.385037669648851,1.190068637047372,0.5767358478621086,0.0,4.877186149358749,49.79633986949921,0.29266622979193924
3.4419999999998425,-0.18832075345678617,-0.08868955671689012,-0.18890061271081382,0.3685242372930807,0.0,0.3685242372930807,0.4186245628483938,0.38509577143797263,1.1903186526801874,0.5767353090372545,0.0,4.877186149358749,49.79633986949921,0.29266622979193924
3.4519999999998414,-0.18921426062819174,-0.09022896328647828,-0.1887225121446046,0.3687409331883256,0.0,0.3687409331883256,0.41866426356673236,0.3850946217516672,1.1901239633138987,0.5767347705430985,0.0,5.350196838378906,49.293187856674194,0.19843145906925203
3.4619999999998403,-0.1901307354086378,-0.09220641923820735,-0.18864874027879497,0.36920847115998745,0.0,0.36920847115998745,0.4187044582080715,0.38539235154170176,1.1901173423677807,0.5767342312298886,0.0,5.350196838378906,49.293187856674194,0.19843145906925203
3.471999999999839,-0.19104742704500075,-0.09101215811564874,-0.18859157579978195,0.36982413862075236,0.0,0.36982413862075236,0.41874527406106954,0.3856683253888277,1.1900885085075263,0.5767336910715583,0.0,5.350196838378906,49.293187856674194,0.19843145906925203
3.481999999999838,-0.1919426420953451,-0.08831938075580374,-0.18856695581236937,0.3713815419699786,0.0,0.3713815419699786,0.41878682944238227,0.3856334597333347,1.1907268718098576,0.5767331490061915,0.0,5.350196838378906,49.293187856674194,0.19843145906925203
3.491999999999837,-0.19279862978281848,-0.08356777087484692,-0.18857072224108484,0.3724819881282213,0.0,0.3724819881282213,0.41882922986942944,0.385495337428158,1.1902893385734625,0.5767326052024081,0.0,5.350196838378906,49.293187856674194,0.19843145906925203
3.501999999999836,-0.1935991473548914,-0.07762640035928361,-0.1886121834021121,0.37420800563653783,0.0,0.37420800563653783,0.4188725653439029,0.38563048067808864,1.1906920083939976,0.5767320590625842,0.0,4.6210538148880005,49.306720495224,0.1284652590751648
3.511999999999835,-0.19433156088515655,-0.06996023637256647,-0.18869067861920724,0.3753518351121665,0.0,0.3753518351121665,0.4189169082442213,0.38577841679297986,1.1901142064982497,0.5767315108840857,0.0,4.6210538148880005,49.306720495224,0.1284652590751648
3.5219999999998337,-0.1949723501883175,-0.05987139671715866,-0.18879050955145613,0.3763493994011795,0.0,0.3763493994011795,0.4189623116659242,0.38580963352216324,1.1891620956484492,0.5767309613007784,0.0,4.6210538148880005,49.306720495224,0.1284652590751648
3.5319999999998326,-0.19550778948540823,-0.04930856702456367,-0.18892775477844262,0.3782159379887608,0.0,0.3782159379887608,0.4190088064651707,0.3856920705880274,1.1890877410604084,0.5767304093694399,0.0,4.6210538148880005,49.306720495224,0.1284652590751648
3.5419999999998315,-0.1959400115228486,-0.03932255663579827,-0.18911563351268343,0.38068530382374316,0.0,0.38068530382374316,0.41905640016316187,0.3852299840795345,1.189482290592559,0.5767298542514195,0.0,4.6210538148880005,49.306720495224,0.1284652590751648
3.5519999999998304,-0.1962780906237911,-0.029893086787950978,-0.18935063945745093,0.38324579070882414,0.0,0.38324579070882414,0.4191050788413672,0.3850038593979894,1.1901353968694408,0.5767292953102072,0.0,4.510577201843262,49.63096559047699,0.13011260032653807
3.5619999999998293,-0.19651044278279628,-0.018919349482270868,-0.18958149447909634,0.38541825574452254,0.0,0.38541825574452254,0.4191548097957042,0.38506219278922665,1.1905969863899668,0.5767287333038403,0.0,4.510577201843262,49.63096559047699,0.13011260032653807
3.571999999999828,-0.1966351034802103,-0.008151208066640818,-0.18985077696992,0.3868743888082038,0.0,0.3868743888082038,0.419205541259656,0.38514881768677267,1.190226840938266,0.5767281685522455,0.0,4.510577201843262,49.63096559047699,0.13011260032653807
3.581999999999827,-0.19665105517132228,0.002838426501590788,-0.19014728290237726,0.3884591565683834,0.0,0.3884591565683834,0.41925720303149644,0.38547544573148157,1.1903069321042383,0.5767276015482761,0.0,4.510577201843262,49.63096559047699,0.13011260032653807
3.591999999999826,-0.19655704081732356,0.013658827635288587,-0.19046642549317525,0.3899749674419946,0.0,0.3899749674419946,0.4193097076301032,0.38592675712401253,1.1906928375193415,0.5767270324647996,0.0,4.510577201843262,49.63096559047699,0.13011260032653807
3.601999999999825,-0.1963521245844619,0.025228802189409486,-0.1907886506158369,0.3901122354991287,0.0,0.3901122354991287,0.4193629513428934,0.3863691142102536,1.1893695959782449,0.5767264622833514,0.0,4.200249418616295,49.73303973674774,0.11822243928909301
3.611999999999824,-0.19603287227905491,0.03610127162227174,-0.1911166677112259,0.39136321761272774,0.0,0.39136321761272774,0.4194168150699024,0.38680269464936085,1.1898700230736032,0.5767258909091717,0.0,4.200249418616295,49.73303973674774,0.11822243928909301
3.6219999999998227,-0.19561790500632467,0.044760923058666205,-0.1914643034791969,0.392574003625352,0.0,0.392574003625352,0.41947116535023904,0.38722767257561924,1.190611924206563,0.5767253175951856,0.0,4.200249418616295,49.73303973674774,0.11822243928909301
3.6319999999998216,-0.19512268991014303,0.052739925735033985,-0.19180992100214198,0.39282851020167625,0.0,0.39282851020167625,0.41952585863760494,0.3876049845721284,1.1902982128011685,0.576724743361601,0.0,4.200249418616295,49.73303973674774,0.11822243928909301
3.6419999999998205,-0.19454880835719543,0.060375782291829286,-0.19213637450363694,0.3927765929768071,0.0,0.3927765929768071,0.4195807448665491,0.38796446173220683,1.1898909588815325,0.5767241690868236,0.0,4.200249418616295,49.73303973674774,0.11822243928909301
3.6519999999998194,-0.193911115533482,0.06553299488153749,-0.19246304710499904,0.3935566838597868,0.0,0.3935566838597868,0.4196356688371685,0.3881130757209347,1.1908632836933146,0.5767235940899174,0.0,3.6624840945005417,49.82481598854065,0.11604001522064208
3.6619999999998183,-0.1932366429774518,0.0686798151823423,-0.19279159433148263,0.3933306601846902,0.0,0.3933306601846902,0.4196904736607678,0.3881116606346212,1.1906162447667188,0.5767230188400418,0.0,3.6624840945005417,49.82481598854065,0.11604001522064208
3.671999999999817,-0.1925382882406556,0.0704031102152238,-0.19309688542891193,0.39333112720257146,0.0,0.39333112720257146,0.4197450056807721,0.3882029657723044,1.1911022454623816,0.576722443657987,0.0,3.6624840945005417,49.82481598854065,0.11604001522064208
3.681999999999816,-0.19182979265123906,0.07114927457857598,-0.19336684776691432,0.39252196923777627,0.0,0.39252196923777627,0.41979911731181574,0.3884057369994149,1.1909058243760138,0.5767218691344127,0.0,3.6624840945005417,49.82481598854065,0.11604001522064208
3.691999999999815,-0.19111484488895755,0.07147842233805693,-0.19358306801517813,0.3915267334262702,0.0,0.3915267334262702,0.4198526691232724,0.3887705975825318,1.1909675718400372,0.5767212961917637,0.0,3.6624840945005417,49.82481598854065,0.11604001522064208
3.701999999999814,-0.19040713590000377,0.07036499427044511,-0.19375346889616746,0.39008627200808843,0.0,0.39008627200808843,0.41990553061930846,0.3891565310576552,1.1907712059605853,0.5767207246661652,0.0,3.2797827310860157,49.863715171813965,0.14316735863685606
3.711999999999813,-0.1897070586504472,0.06965243866481098,-0.19384400665667784,0.3883238849335001,0.0,0.3883238849335001,0.41995758186198984,0.38953480736612833,1.1904078803234064,0.5767201560838894,0.0,3.2797827310860157,49.863715171813965,0.14316735863685606
3.7219999999998117,-0.18903080945007308,0.06590378475590931,-0.19389373730962114,0.3873150740429165,0.0,0.3873150740429165,0.42000871353133523,0.38990557843102824,1.1913501165832485,0.576719588859328,0.0,3.2797827310860157,49.863715171813965,0.14316735863685606
3.7319999999998106,-0.18840063118173828,0.06098314040035033,-0.1938855400716527,0.3858600351262085,0.0,0.3858600351262085,0.4200588293132339,0.39026899316118124,1.191874996030861,0.5767190237731673,0.0,3.2797827310860157,49.863715171813965,0.14316735863685606
3.7419999999998095,-0.18781507243918294,0.05705892060718534,-0.19378559771937554,0.38317112056262476,0.0,0.38317112056262476,0.420107848965788,0.39060166474131164,1.1908130518987015,0.5767184623290397,0.0,3.2797827310860157,49.863715171813965,0.14316735863685606
3.7519999999998084,-0.18727462700124475,0.05201829718743073,-0.19361680467814127,0.38090871654624486,0.0,0.38090871654624486,0.4201557073569267,0.39094534876439013,1.190488061334331,0.5767179039050454,0.0,3.3020013123750687,49.867239594459534,0.18568472564220428
3.7619999999998073,-0.18678851643222594,0.04584611888998097,-0.1933839971061223,0.3794385686571706,0.0,0.3794385686571706,0.4202023536806129,0.39117042515918454,1.1912371638967538,0.5767173485339047,0.0,3.3020013123750687,49.867239594459534,0.18568472564220428
3.771999999999806,-0.18637756413496653,0.037914522782378154,-0.19310878862417868,0.3773791611385231,0.0,0.3773791611385231,0.4202477526260111,0.39144183865206894,1.1912475378500467,0.5767167955207514,0.0,3.3020013123750687,49.867239594459534,0.18568472564220428
3.781999999999805,-0.18604065435868805,0.030719136646620467,-0.1927624434882624,0.3751043645285669,0.0,0.3751043645285669,0.4202918865782156,0.3917747729981948,1.1909664454078708,0.5767162461433835,0.0,3.3020013123750687,49.867239594459534,0.18568472564220428
3.791999999999804,-0.1857808271100379,0.0227237904695983,-0.19237084977961044,0.3731016981898895,0.0,0.3731016981898895,0.42033475485652216,0.3921011017142414,1.1910106779066119,0.5767156995777936,0.0,3.3020013123750687,49.867239594459534,0.18568472564220428
3.801999999999803,-0.18560110177355024,0.01456022871642454,-0.19193795108384404,0.3712952045927989,0.0,0.3712952045927989,0.4203763729762778,0.3924209558601286,1.1912093353729494,0.5767151560226409,0.0,3.5470754206180573,49.87686336040497,0.21203320026397704
3.8119999999998018,-0.18551252264256513,0.005190105224549095,-0.19150131637520731,0.36951310795939607,0.0,0.36951310795939607,0.4204167723781917,0.3927344638954639,1.1912797648868343,0.576714614797889,0.0,3.5470754206180573,49.87686336040497,0.21203320026397704
3.8219999999998007,-0.1855101582789779,-0.003080350074224957,-0.1910282258145082,0.3677346438049313,0.0,0.3677346438049313,0.42045600087883583,0.3930417517311339,1.191153920984348,0.5767140764057169,0.0,3.5470754206180573,49.87686336040497,0.21203320026397704
3.8319999999997996,-0.18559337770487927,-0.011813221915552832,-0.19054801808471405,0.36664977302054885,0.0,0.36664977302054885,0.4204941210991458,0.39333389453050527,1.1917527152393186,0.5767135397002064,0.0,3.5470754206180573,49.87686336040497,0.21203320026397704
3.8419999999997985,-0.1857623669302872,-0.02022630195951916,-0.19006379840818088,0.3656135701980367,0.0,0.3656135701980367,0.42053120912257125,0.39362320151928887,1.192152297909855,0.5767130045676803,0.0,3.5470754206180573,49.87686336040497,0.21203320026397704
3.8519999999997974,-0.1860046283098291,-0.026921829139217417,-0.18957289708566996,0.36381075067311913,0.0,0.36381075067311913,0.4205673533672041,0.3939128562328468,1.1911884906215064,0.5767124717963967,0.0,4.084734871983528,49.82964754104614,0.21384657025337217
3.8619999999997963,-0.18632202564095068,-0.03486185619094775,-0.18914866205199402,0.3635097295781033,0.0,0.3635097295781033,0.42060265171204725,0.39419676401187914,1.192018748200072,0.5767119401447376,0.0,4.084734871983528,49.82964754104614,0.21384657025337217
3.871999999999795,-0.18671279120199172,-0.041883751877001565,-0.18874333114673825,0.36355013897778415,0.0,0.36355013897778415,0.4206372106863291,0.3944750388792376,1.1930056151962947,0.5767114088075922,0.0,4.084734871983528,49.82964754104614,0.21384657025337217
3.881999999999794,-0.18717236433850523,-0.0484877489834916,-0.18837278029204682,0.36379917073889423,0.0,0.36379917073889423,0.4206711446638797,0.3947477925954878,1.1939510961467918,0.576710876948331,0.0,4.084734871983528,49.82964754104614,0.21384657025337217
3.891999999999793,-0.18768569122747952,-0.05290869446312281,-0.18802201663511162,0.36368206413260307,0.0,0.36368206413260307,0.42070457408395384,0.395015134703794,1.1940454492797805,0.5767103451977184,0.0,4.084734871983528,49.82964754104614,0.21384657025337217
3.901999999999792,-0.1882290104729541,-0.055465313883901496,-0.1877034866359105,0.36351673774769877,0.0,0.36351673774769877,0.420737622020051,0.39527717257391437,1.1937393253879174,0.5767098137270067,0.0,4.539051979780197,49.57648277282715,0.19351863563060762
3.9119999999997908,-0.18880194747153836,-0.058063523902080694,-0.18747693377909874,0.3639187027163165,0.0,0.3639187027163165,0.42077040996822307,0.3955340114453224,1.193912036834635,0.576709281829143,0.0,4.539051979780197,49.57648277282715,0.19351863563060762
3.9219999999997897,-0.18938008148207738,-0.05735741712300829,-0.1872634954688447,0.3640978871419165,0.0,0.3640978871419165,0.42080305665598405,0.3957857544694733,1.1934792017706495,0.5767087498778078,0.0,4.539051979780197,49.57648277282715,0.19351863563060762
3.9319999999997886,-0.1899380355453291,-0.05455821584403938,-0.1870716099513467,0.36466025155285936,0.0,0.36466025155285936,0.4208356740280967,0.3960325027512315,1.1933143086292608,0.5767082173773116,0.0,4.539051979780197,49.57648277282715,0.19351863563060762
3.9419999999997875,-0.19046312333173898,-0.05089327797139155,-0.18691562208751622,0.3653213243329287,0.0,0.3653213243329287,0.4208683627772735,0.3962743553894763,1.1930475655091912,0.5767076834857388,0.0,4.539051979780197,49.57648277282715,0.19351863563060762
3.9519999999997864,-0.1909410624764023,-0.04573138140350408,-0.18679381703228606,0.3661131244556196,0.0,0.3661131244556196,0.4209012102793247,0.396511409516902,1.1927564049153387,0.576707148680894,0.0,4.587282717227936,49.36128377914429,0.1570524036884308
3.9619999999997852,-0.1913652707286343,-0.03998990508946088,-0.18673311928139003,0.36696842155035286,0.0,0.36696842155035286,0.42093428891510637,0.3967437603390281,1.1923880877135877,0.5767066128100578,0.0,4.587282717227936,49.36128377914429,0.1570524036884308
3.971999999999784,-0.19172018975399685,-0.03226629922520774,-0.18669271600643933,0.3674313169967505,0.0,0.3674313169967505,0.42096765528577407,0.39697150117243585,1.1913477809514943,0.5767060760003844,0.0,4.587282717227936,49.36128377914429,0.1570524036884308
3.981999999999783,-0.191991138645325,-0.023585784467276306,-0.1866774914573341,0.36844779691397517,0.0,0.36844779691397517,0.4210013484541579,0.3971947234822459,1.1910044018054626,0.5767055379297007,0.0,4.587282717227936,49.36128377914429,0.1570524036884308
3.991999999999782,-0.1921787461322418,-0.015840607402508318,-0.18670775268124046,0.3705400269269965,0.0,0.3705400269269965,0.42103538843646504,0.39741351691885257,1.192132098850175,0.5767049974179632,0.0,4.587282717227936,49.36128377914429,0.1570524036884308
4.001999999999781,-0.19229432679653968,-0.008581905246112355,-0.18678063051981178,0.3722530726098812,0.0,0.3722530726098812,0.42106977762947123,0.397627969353929,1.1927318609838335,0.5767044541895865,0.0,4.562845408916473,49.49231505393982,0.13142107129096983
4.01199999999978,-0.19232654597507867,0.0005996034735627868,-0.1868535300386241,0.37261224931599185,0.0,0.37261224931599185,0.4211045035205799,0.39783816691571827,1.1914773917079775,0.5767039096194138,0.0,4.562845408916473,49.49231505393982,0.13142107129096983
4.021999999999779,-0.19226240618307472,0.010461675554109418,-0.18694097047860667,0.37323697712010395,0.0,0.37323697712010395,0.4211395379054828,0.398044194023624,1.190678985007944,0.5767033640448977,0.0,4.562845408916473,49.49231505393982,0.13142107129096983
4.031999999999778,-0.19209510765439736,0.020896639677876923,-0.18703489217935854,0.37368841499122785,0.0,0.37368841499122785,0.4211748354988058,0.39824613342211507,1.1897653650609545,0.576702817865294,0.0,4.562845408916473,49.49231505393982,0.13142107129096983
4.041999999999777,-0.19182557663734737,0.030800799899637944,-0.18714023686394043,0.37452638626283563,0.0,0.37452638626283563,0.4212103339007072,0.3984440662139571,1.1895604792641052,0.5767022707932097,0.0,4.562845408916473,49.49231505393982,0.13142107129096983
4.051999999999776,-0.19146229507912924,0.039861632758698064,-0.1872548123882043,0.37520800538573407,0.0,0.37520800538573407,0.42124595498555123,0.3986380718927852,1.1893387824753097,0.5767017227538962,0.0,4.327854245901108,49.59084868431091,0.10444228649139403
4.061999999999775,-0.1910153449600014,0.04774094227654141,-0.18737343857069502,0.3757614990611144,0.0,0.3757614990611144,0.42128160755891203,0.3988282283750298,1.1891675836592193,0.5767011735660829,0.0,4.327854245901108,49.59084868431091,0.10444228649139403
4.071999999999774,-0.19049718256240294,0.05406711442211359,-0.18750356911487112,0.37692386142218604,0.0,0.37692386142218604,0.42131719030392695,0.3990146120312098,1.190101412372094,0.5767006234434529,0.0,4.327854245901108,49.59084868431091,0.10444228649139403
4.0819999999997725,-0.1899301405653951,0.05840257513386278,-0.18765102973224942,0.37714928079753385,0.0,0.37714928079753385,0.421352595193822,0.39919729771660395,1.189991352635837,0.5767000720383613,0.0,4.327854245901108,49.59084868431091,0.10444228649139403
4.091999999999771,-0.1893212415346843,0.062390491032641035,-0.18779065493510433,0.3772515214677494,0.0,0.3772515214677494,0.42138771181471146,0.3993763588013148,1.1899878195676752,0.5766995206108059,0.0,4.327854245901108,49.59084868431091,0.10444228649139403
4.10199999999977,-0.1886771041810556,0.06584543323796778,-0.18791471602465165,0.3768449831463815,0.0,0.3768449831463815,0.42142242940582597,0.3995518671997348,1.1895581497870589,0.576698969426443,0.0,3.8960898965597153,49.706791639328,0.09608944058418273
4.111999999999769,-0.18799985811986678,0.06903633626683835,-0.18800422531646552,0.37598351446821654,0.0,0.37598351446821654,0.4214566380630919,0.3997238933994292,1.1887790728211052,0.5766984189978273,0.0,3.8960898965597153,49.706791639328,0.09608944058418273
4.121999999999768,-0.18728962967118706,0.07218694876289238,-0.1880512531161859,0.37497484544697823,0.0,0.37497484544697823,0.42149022928101365,0.39989250648944497,1.188079171256602,0.5766978702960466,0.0,3.8960898965597153,49.706791639328,0.09608944058418273
4.131999999999767,-0.18655532994774746,0.07428325281839086,-0.1880613725963995,0.37349386332566326,0.0,0.37349386332566326,0.42152309623865153,0.40005777418805816,1.1869963396815721,0.5766973231775073,0.0,3.8960898965597153,49.706791639328,0.09608944058418273
4.141999999999766,-0.18579951245815374,0.07636979282882425,-0.18801390270098572,0.37181557932417414,0.0,0.37181557932417414,0.42155513514295423,0.4002197628699708,1.185904177825956,0.576696778720395,0.0,3.8960898965597153,49.706791639328,0.09608944058418273
4.151999999999765,-0.1850335248978849,0.07637785390221508,-0.1879268985289089,0.37087044918926326,0.0,0.37087044918926326,0.42158624593149885,0.4003785375929687,1.186089348161082,0.5766962360496054,0.0,3.54975938051939,49.75770711898804,0.10629976987838743
4.161999999999764,-0.1842764983935171,0.07499849032449818,-0.18778682289905246,0.3693112696347102,0.0,0.3693112696347102,0.4216163343248927,0.40053416212404963,1.1856383821068408,0.5766956951885431,0.0,3.54975938051939,49.75770711898804,0.10629976987838743
4.171999999999763,-0.1835484818392006,0.07101904601731547,-0.1876222323400336,0.3686029235255907,0.0,0.3686029235255907,0.42164531513909637,0.40068669896503323,1.18657063630666,0.576695155784887,0.0,3.54975938051939,49.75770711898804,0.10629976987838743
4.1819999999997615,-0.1828659957736,0.06652700703105459,-0.18741245502032386,0.36638242241751484,0.0,0.36638242241751484,0.42167311559461385,0.4008362093776633,1.1855421033594946,0.5766946187786227,0.0,3.54975938051939,49.75770711898804,0.10629976987838743
4.19199999999976,-0.18223013409848998,0.06147841425588243,-0.18715439536339573,0.3648175199958275,0.0,0.3648175199958275,0.42169967745043285,0.4009827534082113,1.1855527944702722,0.5766940844495959,0.0,3.54975938051939,49.75770711898804,0.10629976987838743
4.201999999999759,-0.18164895818026797,0.05589224301651109,-0.18684907402156464,0.36289822802376465,0.0,0.36289822802376465,0.4217249568151346,0.4011263899115925,1.1851505476142554,0.5766935527932596,0.0,3.432659275829792,49.757606983184814,0.13349785208702086
4.211999999999758,-0.1811273606209719,0.04942185243506157,-0.18649920757571647,0.36157442473251233,0.0,0.36157442473251233,0.42174892448598206,0.4012671765750029,1.1856251097637427,0.5766930235475645,0.0,3.432659275829792,49.757606983184814,0.13349785208702086
4.221999999999757,-0.18067867738840127,0.04197988259888909,-0.18611957102603882,0.3595626369956169,0.0,0.3595626369956169,0.4217715662633847,0.4014051699410879,1.1851368704635317,0.5766924965429324,0.0,3.432659275829792,49.757606983184814,0.13349785208702086
4.231999999999756,-0.1803035144389903,0.03422925673653393,-0.1857053305470086,0.3583262583128748,0.0,0.3583262583128748,0.4217928839821361,0.4015404254306505,1.1856943077587487,0.5766919720841114,0.0,3.432659275829792,49.757606983184814,0.13349785208702086
4.241999999999755,-0.1800112884974547,0.025728620870359285,-0.18527218514969027,0.3569631851420718,0.0,0.3569631851420718,0.42181289516138876,0.40167299736490963,1.1859936100634327,0.5766914496104533,0.0,3.432659275829792,49.757606983184814,0.13349785208702086
4.251999999999754,-0.17980643825471926,0.016889841042822373,-0.18482473314902775,0.3556898329420707,0.0,0.3556898329420707,0.42183163339359514,0.40180293898731656,1.186298307840504,0.5766909290488346,0.0,3.482719913125038,49.754241704940796,0.161246457695961
4.261999999999753,-0.17969350670336495,0.007604559843450492,-0.18437687037155076,0.3546786141076895,0.0,0.3546786141076895,0.4218491482168051,0.40193030248493855,1.1868131066676462,0.5766904100441149,0.0,3.482719913125038,49.754241704940796,0.161246457695961
4.2719999999997516,-0.17967376552179815,-0.0014423873603483777,-0.18392671155196486,0.3532517391812628,0.0,0.3532517391812628,0.42186550479163964,0.4020551390094179,1.1865547677394275,0.5766898924342841,0.0,3.482719913125038,49.754241704940796,0.161246457695961
4.2819999999997505,-0.17973084345088391,-0.008343480709960835,-0.18345116296271224,0.35164953424010226,0.0,0.35164953424010226,0.42188078272258694,0.4021774986975159,1.1858317246132024,0.5766893772004017,0.0,3.482719913125038,49.754241704940796,0.161246457695961
4.291999999999749,-0.17984842528710943,-0.014163223642183961,-0.18296393513112355,0.3509337524175053,0.0,0.3509337524175053,0.42189507223830625,0.40229743069124835,1.1861096854014501,0.5766888638478214,0.0,3.482719913125038,49.754241704940796,0.161246457695961
4.301999999999748,-0.18002251875497022,-0.019748382899575964,-0.1824907115716682,0.35009988762423405,0.0,0.35009988762423405,0.42190847044623186,0.40241498315762203,1.1859645502300664,0.5766883518222071,0.0,3.8686599135398865,49.70254838466644,0.18027158975601196
4.311999999999747,-0.18026264426040225,-0.026850502296322944,-0.18208762548167515,0.350061963590335,0.0,0.350061963590335,0.42192107992522904,0.4025302033079796,1.1866665963369245,0.576687840113142,0.0,3.8686599135398865,49.70254838466644,0.18027158975601196
4.321999999999746,-0.18056026200288067,-0.03134001168275885,-0.18168647359604956,0.3489810178297816,0.0,0.3489810178297816,0.4219330095647092,0.4026431374169606,1.1856334432001454,0.5766873294774005,0.0,3.8686599135398865,49.70254838466644,0.18027158975601196
4.331999999999745,-0.1808969755410954,-0.03524176397347442,-0.18131061274089688,0.3493407676044626,0.0,0.3493407676044626,0.4219443725670003,0.40275383084108607,1.186341094007003,0.5766868188437709,0.0,3.8686599135398865,49.70254838466644,0.18027158975601196
4.341999999999744,-0.18126464125003,-0.0375064415804858,-0.18095436510869267,0.3492087402556807,0.0,0.3492087402556807,0.421955282869822,0.4028623280369746,1.186084743661416,0.5766863083862112,0.0,3.8686599135398865,49.70254838466644,0.18027158975601196
4.351999999999743,-0.1816497596619989,-0.03941479381019942,-0.1806442672386705,0.3494367486511733,0.0,0.3494367486511733,0.4219658530082254,0.40296867257919733,1.1860655502445772,0.576685797609041,0.0,4.443032473325729,49.48879599571228,0.17669699192047117
4.361999999999742,-0.18205882771000356,-0.04174829786358783,-0.18042831491758832,0.34997691198583414,0.0,0.34997691198583414,0.42197619203358344,0.40307290717777783,1.186234438938081,0.5766852862911441,0.0,4.443032473325729,49.48879599571228,0.17669699192047117
4.3719999999997405,-0.18248044093044505,-0.042091025971852235,-0.18024183235241775,0.3506647298342959,0.0,0.3506647298342959,0.421986406168037,0.40317507369534566,1.1863801357890396,0.5766847740280177,0.0,4.443032473325729,49.48879599571228,0.17669699192047117
4.381999999999739,-0.18289027655389928,-0.0401966881583113,-0.18007620697490082,0.3513159587619151,0.0,0.3513159587619151,0.4219965968099685,0.40327521316394904,1.1862665997752933,0.5766842612009635,0.0,4.443032473325729,49.48879599571228,0.17669699192047117
4.391999999999738,-0.1832820176139869,-0.03845035231316604,-0.17995927422149946,0.35280147971947673,0.0,0.35280147971947673,0.42200685657541237,0.40337336580153416,1.187137213332179,0.5766837462683435,0.0,4.443032473325729,49.48879599571228,0.17669699192047117
4.401999999999737,-0.1836479386498529,-0.03539198124537495,-0.17988087453908627,0.35356304050392895,0.0,0.35356304050392895,0.422017268163712,0.4034695710280974,1.186835664912143,0.5766832300012731,0.0,4.7222049832344055,49.32480216026306,0.14140212535858154
4.411999999999736,-0.18397964224892696,-0.03131972934145976,-0.179855156965654,0.35411894112020126,0.0,0.35411894112020126,0.4220279036084734,0.40356386748151735,1.1861213248014706,0.576682712589658,0.0,4.7222049832344055,49.32480216026306,0.14140212535858154
4.421999999999735,-0.18425897859315982,-0.025602146329618783,-0.17985079908614984,0.3551641765033723,0.0,0.3551641765033723,0.422038822936806,0.4036562930330723,1.186004223469382,0.5766821940516973,0.0,4.7222049832344055,49.32480216026306,0.14140212535858154
4.431999999999734,-0.18447911730224642,-0.019585309289262953,-0.17987900636433904,0.3564516337275198,0.0,0.3564516337275198,0.42205007191702265,0.40374688480265025,1.1861735507204725,0.5766816736906537,0.0,4.7222049832344055,49.32480216026306,0.14140212535858154
4.441999999999733,-0.18464157788692062,-0.013864902726151793,-0.17994648159562918,0.3578551171109239,0.0,0.3578551171109239,0.4220616815363965,0.4038356791736569,1.1864859174930966,0.5766811510322015,0.0,4.7222049832344055,49.32480216026306,0.14140212535858154
4.451999999999732,-0.18474259109413405,-0.007509903204462988,-0.18003906557808425,0.35921727910626605,0.0,0.35921727910626605,0.4220736690044674,0.40392271180762795,1.1867546080153357,0.5766806266370296,0.0,4.649661213159561,49.391812682151794,0.10376706719398499
4.461999999999731,-0.18477593803410222,-0.000580571854418661,-0.18014763993671323,0.36025690795882614,0.0,0.36025690795882614,0.4220860380329125,0.40400801765855143,1.1866194885793728,0.5766801005867839,0.0,4.649661213159561,49.391812682151794,0.10376706719398499
4.4719999999997295,-0.18474690338841174,0.0050048830932760986,-0.18029636428816329,0.3621400883969999,0.0,0.3621400883969999,0.4220987787380006,0.404091630986906,1.1877446569422678,0.576679571997501,0.0,4.649661213159561,49.391812682151794,0.10376706719398499
4.481999999999728,-0.18466265450074043,0.010665174621682545,-0.18046963315999232,0.3632666272319765,0.0,0.3632666272319765,0.4221118694769868,0.40417358537342035,1.1879171344910895,0.5766790416105559,0.0,4.649661213159561,49.391812682151794,0.10376706719398499
4.491999999999727,-0.18451726290800494,0.017102263817163604,-0.18065121115427388,0.3637513700342157,0.0,0.3637513700342157,0.4221252787818109,0.4042539137325603,1.1873267609410754,0.5766785102587866,0.0,4.649661213159561,49.391812682151794,0.10376706719398499
4.501999999999726,-0.18431177911066185,0.02298701270005794,-0.18084679080323454,0.36460219639249203,0.0,0.36460219639249203,0.4221389652371163,0.40433264832574756,1.1874114237407734,0.5766779774512477,0.0,4.56624436378479,49.478837847709656,0.08633832335472105
4.511999999999725,-0.18404347179084063,0.029279450630483345,-0.1810329093366439,0.3651706264888252,0.0,0.3651706264888252,0.4221528781207552,0.4044098207743164,1.1872854807672848,0.5766774440173454,0.0,4.56624436378479,49.478837847709656,0.08633832335472105
4.521999999999724,-0.18371691882050004,0.03469454366462074,-0.18122366529926673,0.3655914796248105,0.0,0.3655914796248105,0.42216695786716907,0.4044854620722141,1.1871573480598048,0.5766769097928989,0.0,4.56624436378479,49.478837847709656,0.08633832335472105
4.531999999999723,-0.18333944531881682,0.039452598209945705,-0.18141204206869932,0.36618239007706377,0.0,0.36618239007706377,0.4221811374563179,0.4045596025984478,1.1874869702303001,0.5766763751471297,0.0,4.56624436378479,49.478837847709656,0.08633832335472105
4.541999999999722,-0.1829266094329836,0.04244811640540511,-0.18160876344012553,0.36642365650985304,0.0,0.36642365650985304,0.42219534457641145,0.4046322721292859,1.1875559589060303,0.5766758394961088,0.0,4.56624436378479,49.478837847709656,0.08633832335472105
4.551999999999721,-0.1824844239709966,0.045281928661125743,-0.1817899637767141,0.3663643635848389,0.0,0.3663643635848389,0.42220950465037216,0.4047034998502166,1.1874378132987338,0.5766753039905922,0.0,4.182456165552139,49.61147665977478,0.07863328456878663
4.56199999999972,-0.18202148850999542,0.046850338796402366,-0.18195834035761693,0.3663531249473554,0.0,0.3663531249473554,0.42222354254066896,0.4047733143676694,1.187620604682607,0.5766747681366229,0.0,4.182456165552139,49.61147665977478,0.07863328456878663
4.5719999999997185,-0.18154510358573556,0.04804080203579201,-0.18210477434743683,0.365981963224255,0.0,0.365981963224255,0.42223738421703727,0.4048417437205039,1.1875280928403669,0.5766742328913433,0.0,4.182456165552139,49.61147665977478,0.07863328456878663
4.581999999999717,-0.18106282242906607,0.04811108927281656,-0.18223288787885067,0.36575590240785694,0.0,0.36575590240785694,0.42225095822103204,0.404908815391271,1.1878598916954712,0.5766736981405333,0.0,4.182456165552139,49.61147665977478,0.07863328456878663
4.591999999999716,-0.1805873349885506,0.046800658103149505,-0.1823445701867361,0.3655335281020867,0.0,0.3655335281020867,0.4222641970781528,0.40497455631724993,1.188404627921674,0.5766731638434944,0.0,4.182456165552139,49.61147665977478,0.07863328456878663
4.601999999999715,-0.1801329120163733,0.04464565936200277,-0.18243376662860616,0.36455552310218897,0.0,0.36455552310218897,0.42227703959308077,0.4050389929012674,1.1880801675884087,0.5766726302568359,0.0,3.721951946616173,49.68352794647217,0.08857673406600952
4.611999999999714,-0.17969186297780368,0.04373067296878147,-0.1824619805641411,0.3628756684754123,0.0,0.3628756684754123,0.4222894326990326,0.40510215102230085,1.1869425418549175,0.5766720989289211,0.0,3.721951946616173,49.68352794647217,0.08857673406600952
4.621999999999713,-0.179263712036267,0.04219051142434764,-0.18244776212913313,0.3615920463865694,0.0,0.3615920463865694,0.42230133010794774,0.40516405604587263,1.186508723325224,0.5766715694152651,0.0,3.721951946616173,49.68352794647217,0.08857673406600952
4.631999999999712,-0.1788526128875804,0.04028082850476692,-0.1823863869406349,0.36004838537006273,0.0,0.36004838537006273,0.42231269164090424,0.4052247328342367,1.1858360779690456,0.5766710420522709,0.0,3.721951946616173,49.68352794647217,0.08857673406600952
4.641999999999711,-0.17846242336469398,0.03812124620681352,-0.18227572798555347,0.35844429885740764,0.0,0.35844429885740764,0.42232348366352984,0.4052842057563641,1.185178408328262,0.5766705170688398,0.0,3.721951946616173,49.68352794647217,0.08857673406600952
4.65199999999971,-0.17810267239156938,0.034322372588146355,-0.1821356397144536,0.3575764907350822,0.0,0.3575764907350822,0.4223336794835164,0.4053424986977298,1.1856233468335124,0.5766699937184127,0.0,3.518418550491333,49.65423107147217,0.11250046491622925
4.661999999999709,-0.177785255130629,0.029996050567576836,-0.18195860471245842,0.3561832293035854,0.0,0.3561832293035854,0.42234326074819806,0.405399635069906,1.1853726551801287,0.5766694723222645,0.0,3.518418550491333,49.65423107147217,0.11250046491622925
4.6719999999997075,-0.1775131240270911,0.02550867152031097,-0.18174294089036003,0.35433135341090477,0.0,0.35433135341090477,0.4223522189950161,0.40545563781996397,1.1844890040311058,0.5766689530715873,0.0,3.518418550491333,49.65423107147217,0.11250046491622925
4.681999999999706,-0.17728642696075927,0.020823324585708028,-0.18149124275341424,0.35299453305668377,0.0,0.35299453305668377,0.4223605556323461,0.4055105294396907,1.1843055953397021,0.5766684359751036,0.0,3.518418550491333,49.65423107147217,0.11250046491622925
4.691999999999705,-0.17710970291048975,0.01530411108548158,-0.18121722717413893,0.3523027186749177,0.0,0.3523027186749177,0.4223682814619678,0.40556433197462155,1.1849745006632653,0.5766679205626346,0.0,3.518418550491333,49.65423107147217,0.11250046491622925
4.701999999999704,-0.1769933644058019,0.009746454068106179,-0.18092353827477284,0.35008254814514017,0.0,0.35008254814514017,0.42237541706685255,0.40561706703289463,1.183421599038034,0.5766674068632373,0.0,3.5954887717962265,49.634257555007935,0.13841264247894286
4.711999999999703,-0.17692325089848787,0.005297680520275575,-0.18059709602476964,0.3489353580115297,0.0,0.3489353580115297,0.42238199335009374,0.4056687557939285,1.1832651676782553,0.5766668958158767,0.0,3.5954887717962265,49.634257555007935,0.13841264247894286
4.721999999999702,-0.1768930227586574,0.0014792372216433473,-0.18024130352974216,0.34758018976278277,0.0,0.34758018976278277,0.42238804885086456,0.4057194190169288,1.182690590157619,0.5766663869879721,0.0,3.5954887717962265,49.634257555007935,0.13841264247894286
4.731999999999701,-0.1769018352900062,-0.0027392315773869073,-0.17987509665762916,0.34692506252263433,0.0,0.34692506252263433,0.4223936278087934,0.4057690770492251,1.1829491415406066,0.5766658796507401,0.0,3.5954887717962265,49.634257555007935,0.13841264247894286
4.7419999999997,-0.1769560580307373,-0.007245490841655206,-0.17950887770388738,0.34599769362428373,0.0,0.34599769362428373,0.4223987796788195,0.405817749834443,1.1826599403796907,0.576665373373926,0.0,3.5954887717962265,49.634257555007935,0.13841264247894286
4.751999999999699,-0.1770575426114521,-0.012287674076272813,-0.17915923808157982,0.3458277223776421,0.0,0.3458277223776421,0.42240355971104837,0.4058654569205139,1.1832481250354399,0.5766648677886399,0.0,3.9464921057224274,49.59536910057068,0.1506427824497223
4.761999999999698,-0.17721561057883567,-0.017981582039423634,-0.17885384137731167,0.34534533688534824,0.0,0.34534533688534824,0.4224080291392689,0.4059122174675256,1.1832047727121566,0.5766643626230719,0.0,3.9464921057224274,49.59536910057068,0.1506427824497223
4.7719999999996965,-0.1774269517010793,-0.0232646389286789,-0.17856838291252244,0.34574871731568174,0.0,0.34574871731568174,0.42241225604720034,0.4059580502554176,1.184198651697654,0.5766638574052849,0.0,3.9464921057224274,49.59536910057068,0.1506427824497223
4.781999999999695,-0.1776833193632876,-0.026927930123850276,-0.17829280079563803,0.3451825349104534,0.0,0.3451825349104534,0.4224163145333365,0.40600297369152355,1.1836249697634225,0.5766633525412697,0.0,3.9464921057224274,49.59536910057068,0.1506427824497223
4.791999999999694,-0.1779641799992941,-0.028939157169191904,-0.1780231677571662,0.34532250809901144,0.0,0.34532250809901144,0.42242028233122764,0.40604700581796355,1.183830772724563,0.5766628482022041,0.0,3.9464921057224274,49.59536910057068,0.1506427824497223
4.801999999999693,-0.17826654954966764,-0.031015227759097295,-0.17779156365254842,0.3451676439087234,0.0,0.3451676439087234,0.42242423715965793,0.4060901643188908,1.1834176018232523,0.576662343378069,0.0,4.360230892896652,49.42776143550873,0.14776241183280944
4.811999999999692,-0.17858479218933987,-0.032256752235439994,-0.17761047976765726,0.34530895658069743,0.0,0.34530895658069743,0.4224282555504815,0.4061324665275934,1.1832251163328622,0.5766618389190626,0.0,4.360230892896652,49.42776143550873,0.14776241183280944
4.821999999999691,-0.17891300024827125,-0.03288860726831659,-0.17745841795936335,0.345952417596334,0.0,0.345952417596334,0.4224324119343919,0.406173929433456,1.1835550457364232,0.5766613334665711,0.0,4.360230892896652,49.42776143550873,0.14776241183280944
4.83199999999969,-0.17923480790656338,-0.031641302921496264,-0.17731889750710214,0.3461674151674246,0.0,0.3461674151674246,0.4224367772713969,0.4062145696887831,1.1831187164448769,0.5766608278032964,0.0,4.360230892896652,49.42776143550873,0.14776241183280944
4.841999999999689,-0.17954113303112892,-0.0300186142371023,-0.17720814748448235,0.34708266364213314,0.0,0.34708266364213314,0.4224414164588298,0.4062544036154867,1.1835144749745679,0.5766603210459131,0.0,4.360230892896652,49.42776143550873,0.14776241183280944
4.851999999999688,-0.17983301762915635,-0.028700805002981368,-0.17714134025411588,0.3481917210059985,0.0,0.3481917210059985,0.42244638691301195,0.4062934472116417,1.1840510269675266,0.5766598125780938,0.0,4.633514612913132,49.31438624858856,0.12219634652137756
4.861999999999687,-0.18011180168362986,-0.02707526408828216,-0.17712410341956028,0.3489434387030875,0.0,0.3489434387030875,0.4224517390762175,0.406331716157911,1.1839778755793582,0.5766593026818445,0.0,4.633514612913132,49.31438624858856,0.12219634652137756
4.8719999999996855,-0.18035869401245097,-0.023014567879573032,-0.17711446012200857,0.34942210013755887,0.0,0.34942210013755887,0.42245751667923226,0.4063692258238432,1.183439020769337,0.5766587924154718,0.0,4.633514612913132,49.31438624858856,0.12219634652137756
4.881999999999684,-0.18055881438489346,-0.01798379259593144,-0.1771209961546579,0.3499421326496402,0.0,0.3499421326496402,0.4224637540108535,0.40638956166038903,1.182900407097909,0.576658281281683,0.0,4.633514612913132,49.31438624858856,0.12219634652137756
4.891999999999683,-0.18071471465245212,-0.01415662207809908,-0.17716780579379096,0.35180261818865494,0.0,0.35180261818865494,0.4224704737627426,0.40619911718935775,1.1840295521575503,0.5766577679050575,0.0,4.633514612913132,49.31438624858856,0.12219634652137756
4.901999999999682,-0.18083245555410332,-0.010100575006095989,-0.1772428493796796,0.3528143412992734,0.0,0.3528143412992734,0.4224776881265712,0.40608248547952924,1.1839812503796106,0.5766572528144693,0.0,4.660313457250595,49.31704521179199,0.09419599771499634
4.911999999999681,-0.1809032250771954,-0.005212960744577742,-0.17733344466992707,0.3535889641503636,0.0,0.3535889641503636,0.42248540026988574,0.4060101422100559,1.1836473949367707,0.5766567366049041,0.0,4.660313457250595,49.31704521179199,0.09419599771499634
4.92199999999968,-0.1809293432642032,-0.0009181248838356203,-0.17745340133183146,0.35483901387413724,0.0,0.35483901387413724,0.422493603794443,0.40598212248850424,1.1841126158303377,0.576656218497734,0.0,4.660313457250595,49.31704521179199,0.09419599771499634
4.931999999999679,-0.1809131222537909,0.0033515091862076993,-0.17759492035219468,0.3556156026653916,0.0,0.3556156026653916,0.4225022835352078,0.4059040736325511,1.1839427653446144,0.5766556988424105,0.0,4.660313457250595,49.31704521179199,0.09419599771499634
4.941999999999678,-0.18084732024776162,0.0086886549297829,-0.17773900231720835,0.35615194865674715,0.0,0.35615194865674715,0.42251141649535195,0.4057343476977635,1.1834130520578088,0.5766551786352802,0.0,4.660313457250595,49.31704521179199,0.09419599771499634
4.951999999999677,-0.1807321378203217,0.013391109858741862,-0.1778964800191534,0.35712101586706557,0.0,0.35712101586706557,0.4225209713268798,0.4055313284450437,1.1836236928395762,0.5766546570947232,0.0,4.677139550447464,49.39550697803497,0.08121718168258665
4.961999999999676,-0.1805741155535983,0.017389079652092465,-0.178060745998345,0.3579226410555746,0.0,0.3579226410555746,0.4225309088423162,0.40531677143608574,1.183614772355022,0.5766541340444533,0.0,4.677139550447464,49.39550697803497,0.08121718168258665
4.9719999999996745,-0.18037363346973567,0.02169076950421186,-0.1782234831989115,0.3582887337463908,0.0,0.3582887337463908,0.4225411836904237,0.4050210181248438,1.1831696778226746,0.5766536106052007,0.0,4.677139550447464,49.39550697803497,0.08121718168258665
4.981999999999673,-0.1801336917714935,0.02560275814925345,-0.1783870846786851,0.35829376810444236,0.0,0.35829376810444236,0.42255174509352555,0.4046798153618044,1.1822606114322776,0.5766530866429185,0.0,4.677139550447464,49.39550697803497,0.08121718168258665
4.991999999999672,-0.17985739306732346,0.028773686337715994,-0.17855020734071242,0.3589181403811697,0.0,0.3589181403811697,0.4225625376738019,0.40443697797804734,1.1824981366369836,0.5766525622393025,0.0,4.677139550447464,49.39550697803497,0.08121718168258665
5.001999999999671,-0.1795538241282232,0.03154966064743939,-0.17870562353549352,0.35872966538838474,0.0,0.35872966538838474,0.42257350267295973,0.40425288651660307,1.1817908325275142,0.5766520376237942,0.0,4.341372430324554,49.52449440956116,0.072637939453125
5.01199999999967,-0.17921937890210488,0.034604468372625555,-0.17883220617498793,0.35842633891123254,0.0,0.35842633891123254,0.42258457952215517,0.4042567324287219,1.181324422836107,0.5766515134848683,0.0,4.341372430324554,49.52449440956116,0.072637939453125
5.021999999999669,-0.17886086866632706,0.03637272847433794,-0.1789501419345261,0.3587723269840638,0.0,0.3587723269840638,0.42259570584269757,0.4043354110971769,1.1820373052903537,0.5766509894322646,0.0,4.341372430324554,49.52449440956116,0.072637939453125
5.031999999999668,-0.17849831292418142,0.03613472601159237,-0.17907137689241592,0.35861996753720427,0.0,0.35861996753720427,0.4226068189663722,0.40441129897300054,1.1822243907565397,0.5766504648628904,0.0,4.341372430324554,49.52449440956116,0.072637939453125
5.041999999999667,-0.1781383792717723,0.03588848804822551,-0.17917195171297504,0.35812340894637523,0.0,0.35812340894637523,0.4226178594002069,0.4044869109424922,1.1820948874433637,0.5766499410131635,0.0,4.341372430324554,49.52449440956116,0.072637939453125
5.051999999999666,-0.17778369019179455,0.0352030056365298,-0.17925068993821994,0.357587155744984,0.0,0.357587155744984,0.4226287722157519,0.40456102272221417,1.1820642824838141,0.5766494178893119,0.0,3.973571538925171,49.604132771492004,0.07984399795532227
5.0619999999996645,-0.1774355897752869,0.03441488211620081,-0.1792949002852681,0.3569268426355554,0.0,0.3569268426355554,0.42263950725152055,0.4046336640768896,1.1820009681792587,0.5766488958033392,0.0,3.973571538925171,49.604132771492004,0.07984399795532227
5.0719999999996634,-0.17710182539953798,0.032692322307688745,-0.17931838163850963,0.3560186341113648,0.0,0.3560186341113648,0.4226500193221844,0.4047048641806908,1.1817151226875162,0.5766483745740779,0.0,3.973571538925171,49.604132771492004,0.07984399795532227
5.081999999999662,-0.17678475402079377,0.031064650732093343,-0.1793071455257357,0.3549255863655897,0.0,0.3549255863655897,0.42266026915904725,0.40477465162895554,1.1812772072675302,0.5766478549292737,0.0,3.973571538925171,49.604132771492004,0.07984399795532227
5.091999999999661,-0.17648802469741534,0.028600257380740353,-0.17927075228566466,0.354199184684479,0.0,0.354199184684479,0.4226702236513466,0.4048430544496721,1.1814406989489337,0.576647336519291,0.0,3.973571538925171,49.604132771492004,0.07984399795532227
5.10199999999966,-0.17622320597096358,0.02497049092645273,-0.17921738886222716,0.3538150015293825,0.0,0.3538150015293825,0.4226798563081713,0.4049101001147352,1.182148669565118,0.5766468190145537,0.0,3.697288066148758,49.59044635295868,0.09664891362190245
5.111999999999659,-0.17600045349354582,0.02036962568721743,-0.1791488973560566,0.3532214367166965,0.0,0.3532214367166965,0.4226891488888068,0.40497581555098,1.1826038610128815,0.576646302317357,0.0,3.697288066148758,49.59044635295868,0.09664891362190245
5.121999999999658,-0.17582390007818668,0.016114930392563356,-0.17905258411939914,0.3517930910285766,0.0,0.3517930910285766,0.4226980928087399,0.4050402271509959,1.1819047996560326,0.576645787045793,0.0,3.697288066148758,49.59044635295868,0.09664891362190245
5.131999999999657,-0.17569208304402226,0.011112268951243625,-0.1789412830312372,0.3514218547018109,0.0,0.3514218547018109,0.4227066892017933,0.4051033607837265,1.1826766784880078,0.5766452727287779,0.0,3.697288066148758,49.59044635295868,0.09664891362190245
5.141999999999656,-0.175611347147784,0.00612002704610177,-0.17881198954653796,0.35078040633810437,0.0,0.35078040633810437,0.42271494835903395,0.4051652418048588,1.1830352807000293,0.576644759529707,0.0,3.697288066148758,49.59044635295868,0.09664891362190245
5.151999999999655,-0.17557677356298254,0.0019074316133093228,-0.17865630550494294,0.3493100593868242,0.0,0.3493100593868242,0.4227228899259961,0.40522589506700724,1.182175540667785,0.5766442479140226,0.0,3.676673650741577,49.567676186561584,0.12139762043952942
5.1619999999996535,-0.17558117409911925,-0.0021072231619128842,-0.17848204758248762,0.3487545406051304,0.0,0.3487545406051304,0.422730541387648,0.40528534492969415,1.1825194814178839,0.5766437377381183,0.0,3.676673650741577,49.567676186561584,0.12139762043952942
5.171999999999652,-0.17562980286234636,-0.006648296761586599,-0.17830350130563685,0.3483941268079254,0.0,0.3483941268079254,0.42273793651858865,0.40522943267168343,1.1829938504920896,0.5766432282550781,0.0,3.676673650741577,49.567676186561584,0.12139762043952942
5.181999999999651,-0.17572364502683982,-0.011407173403041879,-0.17812304637024187,0.34826053986289934,0.0,0.34826053986289934,0.4227451155052797,0.40495515380697017,1.1833515140158257,0.5766427193809177,0.0,3.676673650741577,49.567676186561584,0.12139762043952942
5.19199999999965,-0.1758689102193849,-0.016493699173279405,-0.1779516426362752,0.34767506130034,0.0,0.34767506130034,0.4227521249589963,0.40484463326253806,1.1832072759614922,0.5766422106257064,0.0,3.676673650741577,49.567676186561584,0.12139762043952942
5.201999999999649,-0.17605979947997,-0.021052629893393657,-0.177783028192837,0.3478217873325312,0.0,0.3478217873325312,0.4227590182234802,0.40437190751134,1.1835064025212385,0.576641702315289,0.0,3.912162810564041,49.57848370075226,0.14262170791625975
5.211999999999648,-0.17630018984198018,-0.02620649217863224,-0.17764127169840957,0.3484137875580659,0.0,0.3484137875580659,0.4227658542879843,0.40391597572927357,1.1842886017895329,0.5766411935234309,0.0,3.912162810564041,49.57848370075226,0.14262170791625975
5.221999999999647,-0.17659703662713216,-0.03193135149381888,-0.177533336756716,0.3491892869522846,0.0,0.3491892869522846,0.4227726979043318,0.40359924368402256,1.1852358963741758,0.5766406835529064,0.0,3.912162810564041,49.57848370075226,0.14262170791625975
5.231999999999646,-0.17694540569822645,-0.03653038944432369,-0.17744414656591,0.3492996331903573,0.0,0.3492996331903573,0.4227796202001663,0.40349297665946565,1.1853473459980362,0.5766401730125132,0.0,3.912162810564041,49.57848370075226,0.14262170791625975
5.241999999999645,-0.1773326790004454,-0.04005194577306266,-0.17737394027837927,0.3498505320824459,0.0,0.3498505320824459,0.42278669730074064,0.4035555937654613,1.1860084388973748,0.5766396618425049,0.0,3.912162810564041,49.57848370075226,0.14262170791625975
5.251999999999644,-0.17774668767448876,-0.0423312224987545,-0.17732319434215216,0.35027470118710685,0.0,0.35027470118710685,0.42279400763423614,0.40364818347282744,1.1863907776646174,0.5766391501671517,0.0,4.297852545976639,49.49288547039032,0.15715110898017884
5.2619999999996425,-0.17818229706410071,-0.04407853326555142,-0.17731009401600006,0.35064797865428265,0.0,0.35064797865428265,0.422801629486093,0.40373893614126033,1.1865256592225175,0.57663863761251,0.0,4.297852545976639,49.49288547039032,0.15715110898017884
5.271999999999641,-0.17862331826300962,-0.04400121887075843,-0.17730709037383025,0.3510386794469135,0.0,0.3510386794469135,0.4228096394745676,0.40382788821878596,1.1865195199429512,0.5766381245792468,0.0,4.297852545976639,49.49288547039032,0.15715110898017884
5.28199999999964,-0.17905076393833946,-0.04169472180552626,-0.17730487467272607,0.3509089749219061,0.0,0.3509089749219061,0.4228181097593449,0.40388983134927153,1.1856148685976753,0.5766376115105769,0.0,4.297852545976639,49.49288547039032,0.15715110898017884
5.291999999999639,-0.17944533703666024,-0.0378155381963632,-0.17730468128608562,0.3510608024305074,0.0,0.3510608024305074,0.42282710453619937,0.4039510061495765,1.1849833328200676,0.5766370983444713,0.0,4.297852545976639,49.49288547039032,0.15715110898017884
5.301999999999638,-0.17980034318919852,-0.03408436184708244,-0.17732686700219227,0.3519772970482517,0.0,0.3519772970482517,0.42283667694338395,0.40403575062268365,1.185305347966732,0.5766365841735099,0.0,4.598162204027176,49.412957429885864,0.13880149126052857
5.311999999999637,-0.18012043375474643,-0.030464545602575284,-0.17738077423112245,0.35273301981524174,0.0,0.35273301981524174,0.4228468685383931,0.4041188137113162,1.1853354537216139,0.5766360688026616,0.0,4.598162204027176,49.412957429885864,0.13880149126052857
5.321999999999636,-0.18040130365005957,-0.02665271424907292,-0.17745608523809148,0.3539645684921257,0.0,0.3539645684921257,0.4228577104663907,0.4041954902534495,1.1859634560363292,0.5766355521062279,0.0,4.598162204027176,49.412957429885864,0.13880149126052857
5.331999999999635,-0.18064461663822806,-0.022776272194952735,-0.17755606622813425,0.35499714236624724,0.0,0.35499714236624724,0.42286922371317215,0.4042753840057785,1.1862759596746866,0.5766350338339032,0.0,4.598162204027176,49.412957429885864,0.13880149126052857
5.341999999999634,-0.18084967299370946,-0.019248430434555108,-0.1776847310756372,0.35659340124145233,0.0,0.35659340124145233,0.4228814198142391,0.4043536926150316,1.1873585896075936,0.5766345137022432,0.0,4.598162204027176,49.412957429885864,0.13880149126052857
5.351999999999633,-0.18102804303635547,-0.01671241053263252,-0.17785328654236895,0.35791710781731206,0.0,0.35791710781731206,0.42289430173469195,0.4044304475314597,1.1880594871847354,0.5766339909246617,0.0,4.599882245063782,49.44849669933319,0.11070581674575805
5.3619999999996315,-0.18117195887119525,-0.012775205777952213,-0.178029063926608,0.358928395364535,0.0,0.358928395364535,0.42290786599926755,0.40450567958132094,1.1883429116704818,0.57663346696521,0.0,4.599882245063782,49.44849669933319,0.11070581674575805
5.37199999999963,-0.18127410237250607,-0.008378088162417979,-0.17821890374169766,0.3596025837312439,0.0,0.3596025837312439,0.42292210209959935,0.4045794189792606,1.1881973419864171,0.576632941722397,0.0,4.599882245063782,49.44849669933319,0.11070581674575805
5.381999999999629,-0.18133069581350947,-0.003642703982822005,-0.1784190336397008,0.36016042722363517,0.0,0.36016042722363517,0.4229369914883413,0.4046516953404462,1.1879540714490924,0.5766324153626553,0.0,4.599882245063782,49.44849669933319,0.11070581674575805
5.391999999999628,-0.18134295850764368,0.0004021793145693106,-0.17863694226409446,0.3613800276271341,0.0,0.3613800276271341,0.42295250745486723,0.40472253769246147,1.188723120162371,0.5766318874505747,0.0,4.599882245063782,49.44849669933319,0.11070581674575805
5.401999999999627,-0.18131732101425094,0.003892393183336498,-0.17886929975356958,0.3627743695307828,0.0,0.3627743695307828,0.42296861597586993,0.4047919744869643,1.189839270936731,0.5766313580252049,0.0,4.50964230298996,49.515485763549805,0.09602150917053223
5.411999999999626,-0.1812588798668656,0.007099881906833579,-0.17910824807307457,0.3634075258621726,0.0,0.3634075258621726,0.4229852773831365,0.4048600336111135,1.1900054991965239,0.5766308272059079,0.0,4.50964230298996,49.515485763549805,0.09602150917053223
5.421999999999625,-0.1811647364225942,0.011067837034236215,-0.17934018750280792,0.3633112329445798,0.0,0.3633112329445798,0.42300244765150297,0.4049267423987687,1.1892793122743157,0.5766302960672887,0.0,4.50964230298996,49.515485763549805,0.09602150917053223
5.431999999999624,-0.18103023196761792,0.01506089208927106,-0.17956456165614765,0.3633912514840646,0.0,0.3633912514840646,0.42302007825956434,0.40499212764146847,1.1889428611270596,0.5766297646652122,0.0,4.50964230298996,49.515485763549805,0.09602150917053223
5.441999999999623,-0.18085582949675308,0.018832968230862335,-0.17977824113851765,0.36378090088574433,0.0,0.36378090088574433,0.42303811573530703,0.40505621559919025,1.1891936231876492,0.5766292331927375,0.0,4.50964230298996,49.515485763549805,0.09602150917053223
5.451999999999622,-0.18065157367430368,0.021293157208389236,-0.17999157649099157,0.3640900966274986,0.0,0.3640900966274986,0.42305650225256797,0.4051190320108965,1.1894916343224795,0.5766287010954901,0.0,4.18994414806366,49.60199773311615,0.09033687114715575
5.4619999999996205,-0.18042753498976333,0.022953755498017914,-0.18019748956563075,0.36433190445412006,0.0,0.36433190445412006,0.42307517773847725,0.4051806021048723,1.1898561561537553,0.5766281686638014,0.0,4.18994414806366,49.60199773311615,0.09033687114715575
5.471999999999619,-0.18019829019454786,0.022540557809717834,-0.18041267203513,0.3653900455687375,0.0,0.3653900455687375,0.42309408212816546,0.40524095060885745,1.1915214693945901,0.5766276351745633,0.0,4.18994414806366,49.60199773311615,0.09033687114715575
5.481999999999618,-0.1799791503063046,0.021627534836097043,-0.18062253970108666,0.3649387433306094,0.0,0.3649387433306094,0.42311315824719475,0.40530010175997766,1.19122226210733,0.57662710131723,0.0,4.18994414806366,49.60199773311615,0.09033687114715575
5.491999999999617,-0.17976905046298797,0.020629870005076316,-0.18081630990890454,0.36489080328283163,0.0,0.36489080328283163,0.4231323542457798,0.4053580793144786,1.1916284655509308,0.5766265676595594,0.0,4.18994414806366,49.60199773311615,0.09033687114715575
5.501999999999616,-0.1795638464279884,0.020688128819642496,-0.1809739033066922,0.3637709424464766,0.0,0.3637709424464766,0.42315162342960455,0.4054149065572668,1.1906653007959267,0.5766260352220567,0.0,3.7961326092481613,49.67465341091156,0.10009227991104125
5.511999999999615,-0.17935365061348765,0.021105385508899104,-0.18109083798125197,0.36316365061070915,0.0,0.36316365061070915,0.4231709229589668,0.4054706063112613,1.190543120821991,0.5766255041680328,0.0,3.7961326092481613,49.67465341091156,0.10009227991104125
5.521999999999614,-0.1791505632305275,0.019626243270110887,-0.18119643814181707,0.3630337742909846,0.0,0.3630337742909846,0.42319021229197035,0.40552520094655997,1.191198961267597,0.5766249732929248,0.0,3.7961326092481613,49.67465341091156,0.10009227991104125
5.531999999999613,-0.17896541993418022,0.017811631484959765,-0.1812759599564131,0.3620694075484372,0.0,0.3620694075484372,0.4232094549520961,0.4055787123894235,1.1907777608339476,0.5766244432952412,0.0,3.7961326092481613,49.67465341091156,0.10009227991104125
5.541999999999612,-0.1787973651614519,0.01608529714795738,-0.1813215744028381,0.3612912975683852,0.0,0.3612912975683852,0.4232286202735374,0.4056311621310818,1.1906913639274368,0.5766239146124783,0.0,3.7961326092481613,49.67465341091156,0.10009227991104125
5.551999999999611,-0.17864454396644736,0.014496532459933693,-0.1813302513300613,0.36047668660838633,0.0,0.36047668660838633,0.42324768303873384,0.4056825712363648,1.1906105907769415,0.5766233875011392,0.0,3.647839903831482,49.66786563396454,0.12300358414649962
5.5619999999996095,-0.17851821351766242,0.011125631801918792,-0.181330361674718,0.3602595874699075,0.0,0.3602595874699075,0.42326662303510343,0.405732960352163,1.1914032598750923,0.5766228608124598,0.0,3.647839903831482,49.66786563396454,0.12300358414649962
5.571999999999608,-0.17843131553776292,0.007098143804354796,-0.18131568527727907,0.35956255394743286,0.0,0.35956255394743286,0.42328542671170316,0.4057823497157192,1.191537099257487,0.5766223347661076,0.0,3.647839903831482,49.66786563396454,0.12300358414649962
5.581999999999607,-0.17838726705532307,0.0026050188171552243,-0.18128698293859805,0.35907689226707523,0.0,0.35907689226707523,0.42330408903987,0.4058307591627563,1.1919573318870702,0.57662180937902,0.0,3.647839903831482,49.66786563396454,0.12300358414649962
5.591999999999606,-0.17838014806624597,-0.00038764517377846454,-0.18121952103780528,0.3575983491976664,0.0,0.3575983491976664,0.42332261365773355,0.4058782081354441,1.1909568173048608,0.5766212857688626,0.0,3.647839903831482,49.66786563396454,0.12300358414649962
5.601999999999605,-0.17839916498241443,-0.0031204064428701477,-0.1811239458723108,0.35720050578512064,0.0,0.35720050578512064,0.4233410111739523,0.4059247156902071,1.1914220106408162,0.5766207635791422,0.0,3.7121649384498596,49.68186855316162,0.1471017837524414
5.611999999999604,-0.17845033366380114,-0.006332042153400514,-0.18101571141788966,0.35624656042613223,0.0,0.35624656042613223,0.4233592970306956,0.40597030050537825,1.191042533801434,0.5766202421655431,0.0,3.7121649384498596,49.68186855316162,0.1471017837524414
5.621999999999603,-0.1785345859049938,-0.009881370957786836,-0.18089867796688533,0.3560964704902181,0.0,0.3560964704902181,0.42337749180920387,0.4060149808887004,1.191705044795396,0.5766197214639226,0.0,3.7121649384498596,49.68186855316162,0.1471017837524414
5.631999999999602,-0.1786580459683381,-0.013791808045051854,-0.18078148859710944,0.35555047358580366,0.0,0.35555047358580366,0.42339562138113823,0.4059529208465313,1.19165350831793,0.5766192011055189,0.0,3.7121649384498596,49.68186855316162,0.1471017837524414
5.641999999999601,-0.1788110693080853,-0.01647087585586373,-0.1806450878449658,0.3552552064970922,0.0,0.3552552064970922,0.42341371720982174,0.4057219644712566,1.1916451177733152,0.5766186819510372,0.0,3.7121649384498596,49.68186855316162,0.1471017837524414
5.6519999999996,-0.17899678645335712,-0.020035907883224388,-0.18052287324413568,0.35519515845661603,0.0,0.35519515845661603,0.4234318147387488,0.4054373098766772,1.191778647239041,0.57661816266918,0.0,3.9380240738391876,49.658615589141846,0.16598910391330718
5.6619999999995985,-0.17921758613690295,-0.023254749392196412,-0.18041170993852534,0.3547710023237245,0.0,0.3547710023237245,0.4234499533253961,0.40525132862575614,1.1913062731676218,0.5766176436762634,0.0,3.9380240738391876,49.658615589141846,0.16598910391330718
5.671999999999597,-0.17946109936326735,-0.025161861876592986,-0.18029365290676458,0.3547083481805863,0.0,0.3547083481805863,0.4234681761722061,0.4052640561929555,1.191423967695722,0.5766171253366486,0.0,3.9380240738391876,49.658615589141846,0.16598910391330718
5.681999999999596,-0.17972034735649092,-0.02633517549161337,-0.18017702550990022,0.3543996452474764,0.0,0.3543996452474764,0.4234865280781952,0.40532274891452924,1.1911323458472611,0.576616607269065,0.0,3.9380240738391876,49.658615589141846,0.16598910391330718
5.691999999999595,-0.17998396553680568,-0.02612255082596899,-0.18005373785274997,0.35364935083227256,0.0,0.35364935083227256,0.42350505364752994,0.4053802771350187,1.1900831528545845,0.576616089850965,0.0,3.9380240738391876,49.658615589141846,0.16598910391330718
5.701999999999594,-0.1802416761242626,-0.02586575042030112,-0.17994170655819558,0.3541194862147898,0.0,0.3541194862147898,0.4235237951114641,0.4054366639588691,1.190609333255859,0.5766155725374946,0.0,4.308349817991257,49.566383361816406,0.1674836665391922
5.711999999999593,-0.1805050962426982,-0.026517941813268206,-0.1798722902233131,0.35441775429286854,0.0,0.35441775429286854,0.42354279099551584,0.405491932032119,1.1907679973525325,0.5766150545356258,0.0,4.308349817991257,49.566383361816406,0.1674836665391922
5.721999999999592,-0.18077214504052946,-0.02667353217568509,-0.17981974995717898,0.35480306578993576,0.0,0.35480306578993576,0.4235620777614993,0.4055461035514947,1.1909291869307386,0.5766145358652288,0.0,4.308349817991257,49.566383361816406,0.1674836665391922
5.731999999999591,-0.1810326813894714,-0.025534161778613527,-0.17977392946367196,0.35499908204601144,0.0,0.35499908204601144,0.42358168974245636,0.4055992002733254,1.1907157340958763,0.576614017000815,0.0,4.308349817991257,49.566383361816406,0.1674836665391922
5.74199999999959,-0.18127409458559796,-0.023210863900985326,-0.17973254592370105,0.35515911799549493,0.0,0.35515911799549493,0.42360165735261285,0.40565124352228105,1.190356251591306,0.5766134980417235,0.0,4.308349817991257,49.566383361816406,0.1674836665391922
5.7519999999995886,-0.1814918290565063,-0.020909177218654627,-0.17971027490076688,0.35563118245300956,0.0,0.35563118245300956,0.4236220050263428,0.4057022541999363,1.1903532780937152,0.5766129783431988,0.0,4.565207839012146,49.51067924499512,0.14337365627288817
5.7619999999995875,-0.1816869404535731,-0.018305269116385352,-0.1797102701846879,0.35579956438789717,0.0,0.35579956438789717,0.42364275071644353,0.4057522527931652,1.1898605085829408,0.5766124580164783,0.0,4.565207839012146,49.51067924499512,0.14337365627288817
5.771999999999586,-0.1818491626313627,-0.014981141635732938,-0.17971817087664496,0.35679969355329066,0.0,0.35679969355329066,0.42366390612877913,0.40580125938236933,1.1904866655522168,0.5766119372654984,0.0,4.565207839012146,49.51067924499512,0.14337365627288817
5.781999999999585,-0.18197980652048665,-0.011686241445570686,-0.17974317257839795,0.35712604093909,0.0,0.35712604093909,0.42368547568255055,0.40584929364954214,1.1901411607559078,0.576611415554303,0.0,4.565207839012146,49.51067924499512,0.14337365627288817
5.791999999999584,-0.18207249239744874,-0.0076474776898810895,-0.17977394106535788,0.357363521708095,0.0,0.357363521708095,0.42370745675433175,0.40589637488617375,1.1896615168058695,0.5766108934568694,0.0,4.565207839012146,49.51067924499512,0.14337365627288817
5.801999999999583,-0.1821284865710945,-0.004256556230096279,-0.17982518569806577,0.35818386985271233,0.0,0.35818386985271233,0.4237298392920761,0.40594252200099884,1.19000667630977,0.576610370184197,0.0,4.561473459005356,49.49701249599457,0.11168469786643981
5.811999999999582,-0.18214859112037635,-0.0005937499749058672,-0.17988746061617322,0.3586557591067574,0.0,0.3586557591067574,0.42375260636422696,0.40598775352759064,1.18988977815456,0.5766098462786398,0.0,4.561473459005356,49.49701249599457,0.11168469786643981
5.821999999999581,-0.18214034664072745,0.0015442078819913763,-0.17998002212476444,0.36020768642034534,0.0,0.36020768642034534,0.4237757349795198,0.40603208763180454,1.1913264792150107,0.5766093205460657,0.0,4.561473459005356,49.49701249599457,0.11168469786643981
5.83199999999958,-0.18211658214577217,0.002881310453897983,-0.1800997045824724,0.3612211127664342,0.0,0.3612211127664342,0.4237991979545773,0.4060755421190737,1.192060984325312,0.576608793064211,0.0,4.561473459005356,49.49701249599457,0.11168469786643981
5.841999999999579,-0.18207757501434255,0.004533514208205887,-0.18023210815766483,0.3618951354596438,0.0,0.3618951354596438,0.42382296638200473,0.40611813444156014,1.19238294505402,0.5766082645412919,0.0,4.561473459005356,49.49701249599457,0.11168469786643981
5.8519999999995775,-0.18202803893194325,0.005442253964067258,-0.18038684576762892,0.36271520437634774,0.0,0.36271520437634774,0.4238470101792066,0.40615988170516387,1.1929816843461853,0.5766077343720376,0.0,4.364958882331848,49.549047350883484,0.0980829656124115
5.861999999999576,-0.18196462045982192,0.0069901427514861,-0.18054304901840146,0.36325514626398436,0.0,0.36325514626398436,0.42387129876131524,0.4062008006763928,1.1932688617155993,0.5766072035274789,0.0,4.364958882331848,49.549047350883484,0.0980829656124115
5.871999999999575,-0.18188314679496595,0.008916878998174466,-0.18069902410044114,0.3634321255487987,0.0,0.3634321255487987,0.4238958007167335,0.4062409077890968,1.193137499648605,0.5766066722417745,0.0,4.364958882331848,49.549047350883484,0.0980829656124115
5.881999999999574,-0.1817775629991444,0.011904689948902128,-0.1808401439958745,0.3629235656967753,0.0,0.3629235656967753,0.4239204830421381,0.40628021915106743,1.1921445205504422,0.5766061412723011,0.0,4.364958882331848,49.549047350883484,0.0980829656124115
5.891999999999573,-0.18163576384107014,0.015542841777093242,-0.18095991638068973,0.36277519169124894,0.0,0.36277519169124894,0.42394530991266244,0.4063187505505076,1.191764647621454,0.5766056110145453,0.0,4.364958882331848,49.549047350883484,0.0980829656124115
5.901999999999572,-0.18146396669566608,0.018100304984721132,-0.1810756024814135,0.3628951857566397,0.0,0.3628951857566397,0.42397024108745596,0.40635651746237206,1.1918755238648213,0.5766050806080162,0.0,4.081362217664719,49.59233283996582,0.09791901111602783
5.911999999999571,-0.18127530463511662,0.019360976768855852,-0.1811918400764577,0.36302464265213374,0.0,0.36302464265213374,0.4239952332138066,0.40639353505458264,1.1921151303954145,0.576604549777982,0.0,4.081362217664719,49.59233283996582,0.09791901111602783
5.92199999999957,-0.18106615990472757,0.02197012216403134,-0.18127363588164866,0.3618486364012101,0.0,0.3618486364012101,0.42402024222001194,0.40642981819411983,1.1906426865259845,0.5766040202912615,0.0,4.081362217664719,49.59233283996582,0.09791901111602783
5.931999999999569,-0.18083098021428967,0.02469633069132767,-0.18132703704435857,0.3609113069859502,0.0,0.3609113069859502,0.4240452230352033,0.4064653814529938,1.1896220257822312,0.5766034919519863,0.0,4.081362217664719,49.59233283996582,0.09791901111602783
5.941999999999568,-0.1805731793189098,0.026430842677975824,-0.18136204905788228,0.3604767242172135,0.0,0.3604767242172135,0.42407012865916643,0.40650023911409666,1.1894215988570207,0.5766029643619605,0.0,4.081362217664719,49.59233283996582,0.09791901111602783
5.9519999999995665,-0.18030184285803527,0.027418213543038042,-0.18137635101780558,0.3603073386074006,0.0,0.3603073386074006,0.4240949110378298,0.4065344051769389,1.1897031084310532,0.5766024376109641,0.0,3.830313488841057,49.62910234928131,0.10223416686058043
5.961999999999565,-0.18002810295192417,0.02706877342288118,-0.18137635423121914,0.36007393909683044,0.0,0.36007393909683044,0.42411952290794575,0.40656789336327176,1.1899962022978445,0.5766019112046487,0.0,3.830313488841057,49.62910234928131,0.10223416686058043
5.971999999999564,-0.17976794429577675,0.025119346161318456,-0.1813746161295914,0.35997745227484196,0.0,0.35997745227484196,0.42414391996180706,0.4066007171225982,1.1905685305712266,0.5766013848782853,0.0,3.830313488841057,49.62910234928131,0.10223416686058043
5.981999999999563,-0.17953074462659155,0.022649425493361918,-0.18136155341506555,0.35951643458529736,0.0,0.35951643458529736,0.4241680636108606,0.40663288963757444,1.1907026874158793,0.5766008590763589,0.0,3.830313488841057,49.62910234928131,0.10223416686058043
5.991999999999562,-0.17931675541294537,0.020484911605535717,-0.18132576313765628,0.3588618821260883,0.0,0.3588618821260883,0.4241919224573906,0.4066644238293043,1.190623065300169,0.5766003343545976,0.0,3.830313488841057,49.62910234928131,0.10223416686058043
6.001999999999561,-0.17912283567098514,0.01878816127815798,-0.1812621262698345,0.3574873808397094,0.0,0.3574873808397094,0.4242154719520603,0.40669533236252864,1.1895783453286535,0.5765998110086109,0.0,3.739976391196251,49.6227240562439,0.118774276971817
6.01199999999956,-0.17894724968703699,0.016559280338017533,-0.18118022878321438,0.35709885534914776,0.0,0.35709885534914776,0.4242386933463946,0.4067256276507119,1.1899427640522033,0.576599288677678,0.0,3.739976391196251,49.6227240562439,0.118774276971817
6.021999999999559,-0.17879679041903523,0.014250188846097987,-0.1810789011106663,0.35591609466406776,0.0,0.35591609466406776,0.4242615732532225,0.4067553218610273,1.189206851339276,0.5765987674488028,0.0,3.739976391196251,49.6227240562439,0.118774276971817
6.031999999999558,-0.17866773443547268,0.012042681079895692,-0.18095454776618494,0.3552908457370055,0.0,0.3552908457370055,0.4242841041493536,0.4067844269192438,1.189248086579091,0.5765982475517846,0.0,3.739976391196251,49.6227240562439,0.118774276971817
6.041999999999557,-0.178559815751851,0.00991605512254694,-0.1808086543175249,0.35448176927879543,0.0,0.35448176927879543,0.42430628359591166,0.40681295451451527,1.1890136354740588,0.5765977289846486,0.0,3.739976391196251,49.6227240562439,0.118774276971817
6.0519999999995555,-0.17847857757177066,0.006762759560586954,-0.1806596499149758,0.3542479606893556,0.0,0.3542479606893556,0.4243281138468994,0.40684091610407536,1.18955094792453,0.5765972110115484,0.0,3.8151768893003464,49.622448682785034,0.13281614184379578
6.061999999999554,-0.178430336076177,0.0035661721945389954,-0.18050350878286997,0.3534383194329199,0.0,0.3534383194329199,0.42434960255891624,0.40686832291783886,1.1892321587916008,0.576596693901644,0.0,3.8151768893003464,49.622448682785034,0.13281614184379578
6.071999999999553,-0.17841177962758276,0.0008037649142274023,-0.18033445749027874,0.35261916469475657,0.0,0.35261916469475657,0.4243707634383795,0.4068951859629121,1.1888366629333191,0.5765961778349917,0.0,3.8151768893003464,49.622448682785034,0.13281614184379578
6.081999999999552,-0.17841928347211677,-0.0016340630819170008,-0.18015511107775034,0.35198343386994235,0.0,0.35198343386994235,0.42439161534334224,0.4069215160280131,1.1886228754081125,0.5765956627294346,0.0,3.8151768893003464,49.622448682785034,0.13281614184379578
6.091999999999551,-0.17845155620715958,-0.0044097145702516344,-0.1799761901274955,0.3519120590224648,0.0,0.3519120590224648,0.4244121812188609,0.40694732368780484,1.1891139081627355,0.5765951481320527,0.0,3.8151768893003464,49.622448682785034,0.13281614184379578
6.10199999999955,-0.17851492718571035,-0.007819082160771514,-0.17981028043832284,0.3519566549081155,0.0,0.3519566549081155,0.4244324877129633,0.4069726193071424,1.1896710903232235,0.5765946335664055,0.0,3.9650886803865433,49.59872543811798,0.1412606120109558
6.111999999999549,-0.17861141093453742,-0.010650988655491744,-0.17965287922842066,0.35128283868505006,0.0,0.35128283868505006,0.4244525659442369,0.4069974130452355,1.1891176452863252,0.5765941195047499,0.0,3.9650886803865433,49.59872543811798,0.1412606120109558
6.121999999999548,-0.1787279936995188,-0.012455406261160104,-0.17949050282075033,0.351344180565671,0.0,0.351344180565671,0.42447245126302957,0.40702171485972855,1.1894853355356652,0.576593606142588,0.0,3.9650886803865433,49.59872543811798,0.1412606120109558
6.131999999999547,-0.17886701013376513,-0.014777916710536363,-0.17934636423914388,0.3513438843122808,0.0,0.3513438843122808,0.42449218106531383,0.40704553451069997,1.1896547208137607,0.5765930923820002,0.0,3.9650886803865433,49.59872543811798,0.1412606120109558
6.141999999999546,-0.17901665720100238,-0.01484471226822267,-0.17918715920688444,0.3503109344325465,0.0,0.3503109344325465,0.4245117944267998,0.407068881564582,1.1882652733233052,0.5765925797504485,0.0,3.9650886803865433,49.59872543811798,0.1412606120109558
6.1519999999995445,-0.17915993927512872,-0.014051727958379725,-0.17902688329522806,0.34985806119228485,0.0,0.34985806119228485,0.4245313298784821,0.4070917653980027,1.1875809480021255,0.5765920679480706,0.0,4.209616959095001,49.4898921251297,0.14116392731666563
6.161999999999543,-0.17929838410263593,-0.013436645922762893,-0.17889281652566608,0.34968212405526,0.0,0.34968212405526,0.42455082257114346,0.40711419520155195,1.1871858375751403,0.5765915565710164,0.0,4.209616959095001,49.4898921251297,0.14116392731666563
6.171999999999542,-0.17942681883569755,-0.012497669485173231,-0.17876486986538287,0.3498837556175463,0.0,0.3498837556175463,0.42457030413958796,0.4071361799834724,1.1872302219251067,0.5765910452803599,0.0,4.209616959095001,49.4898921251297,0.14116392731666563
6.181999999999541,-0.17954564760570485,-0.011371399546208222,-0.1786479111689822,0.3497599831445675,0.0,0.3497599831445675,0.42458980231130034,0.4071410036266902,1.186720434286455,0.5765905338038292,0.0,4.209616959095001,49.4898921251297,0.14116392731666563
6.19199999999954,-0.1796509206944539,-0.010048511941210259,-0.17854234980156203,0.35023441994088467,0.0,0.35023441994088467,0.4246093409466063,0.40714816287903555,1.1869819753933966,0.5765900220953983,0.0,4.209616959095001,49.4898921251297,0.14116392731666563
6.201999999999539,-0.17974237259074036,-0.008494692689276764,-0.17845220669140113,0.3502499710723954,0.0,0.3502499710723954,0.42462893974648097,0.40699373688698237,1.186379997873697,0.5765895101119037,0.0,4.464006304740906,49.415863156318665,0.1248777151107788
6.211999999999538,-0.17982304978486105,-0.0077563887841344825,-0.17839825596743097,0.35101509757214905,0.0,0.35101509757214905,0.4246486143625574,0.4067487335130617,1.1867577157289961,0.576588997301133,0.0,4.464006304740906,49.415863156318665,0.1248777151107788
6.221999999999537,-0.1798979700541613,-0.007442965397861127,-0.17837052939274103,0.35213812154263424,0.0,0.35213812154263424,0.4246683772235988,0.4063146200881628,1.1873259103615508,0.5765884832503659,0.0,4.464006304740906,49.415863156318665,0.1248777151107788
6.231999999999536,-0.179968841971193,-0.006714443868952773,-0.178361782989587,0.35234172503566474,0.0,0.35234172503566474,0.4246882387195108,0.4057938573196093,1.1865186543702506,0.576587968261524,0.0,4.464006304740906,49.415863156318665,0.1248777151107788
6.241999999999535,-0.1800291255542067,-0.005532069933978246,-0.17836824918062222,0.353040759385517,0.0,0.353040759385517,0.42470820749132393,0.40540611747084926,1.1864792152060246,0.5765874524872949,0.0,4.464006304740906,49.415863156318665,0.1248777151107788
6.2519999999995335,-0.18007907726584957,-0.004664798548062454,-0.17839741071770077,0.3539680690311844,0.0,0.3539680690311844,0.4247282895578487,0.405089603491027,1.1868285681963007,0.5765869354427372,0.0,4.477388143539429,49.435298442840576,0.10576938986778259
6.261999999999532,-0.180119083096722,-0.003534592944111261,-0.1784414247993193,0.35459171409566936,0.0,0.35459171409566936,0.4247484884191149,0.40481132599378644,1.1867799054228814,0.5765864173522217,0.0,4.477388143539429,49.435298442840576,0.10576938986778259
6.271999999999531,-0.18014793765093542,-0.0022830287064719377,-0.17850199685103713,0.35510839380203585,0.0,0.35510839380203585,0.4247688052903638,0.4044705676853589,1.1865731405011397,0.5765858982450615,0.0,4.477388143539429,49.435298442840576,0.10576938986778259
6.28199999999953,-0.18016234979075085,-0.0008793413657870539,-0.17857564017416988,0.3558315490867685,0.0,0.3558315490867685,0.42478923894373743,0.40404187764017424,1.186617260720454,0.5765853782658275,0.0,4.477388143539429,49.435298442840576,0.10576938986778259
6.291999999999529,-0.18016571069523246,-0.00014084511462393416,-0.17867098005269488,0.35710931037534155,0.0,0.35710931037534155,0.42480978543825465,0.4034244556515314,1.187293405087586,0.5765848569159793,0.0,4.477388143539429,49.435298442840576,0.10576938986778259
6.301999999999528,-0.18016642481566159,-7.266763077341462e-05,-0.17878958039967854,0.35815714050413,0.0,0.35815714050413,0.4248304389576604,0.4025880695139747,1.1874802017892447,0.5765843339554566,0.0,4.336970031261444,49.49605584144592,0.1000376522541046
6.311999999999527,-0.18016453973290236,0.0006460916265437888,-0.17891257202802718,0.3582887666955349,0.0,0.3582887666955349,0.424851193345938,0.40142388346767865,1.186046309054313,0.5765838100639183,0.0,4.336970031261444,49.49605584144592,0.1000376522541046
6.321999999999526,-0.18015108738281965,0.0014989601191956869,-0.17904213198083288,0.3594993948327201,0.0,0.3594993948327201,0.4248720420059723,0.4003706451461052,1.186219095497959,0.5765832854864306,0.0,4.336970031261444,49.49605584144592,0.1000376522541046
6.331999999999525,-0.18013826578487444,0.0011960114605213002,-0.17919605257479482,0.3602115024748901,0.0,0.3602115024748901,0.42489297693965705,0.39939141837606795,1.1858915837537995,0.5765827592636501,0.0,4.336970031261444,49.49605584144592,0.1000376522541046
6.341999999999524,-0.18012579676553378,0.0011846827103199117,-0.17935601903213255,0.36080693318312335,0.0,0.36080693318312335,0.4249139904095672,0.3983518922521785,1.185387188426418,0.5765822322836471,0.0,4.336970031261444,49.49605584144592,0.1000376522541046
6.3519999999995225,-0.1801153112842522,0.0009797817869506252,-0.17952436998937862,0.36137393229537457,0.0,0.36137393229537457,0.42493507528847807,0.39743787832871574,1.1850225874106666,0.5765817043230759,0.0,4.11352764070034,49.57482695579529,0.10888039469718933
6.361999999999521,-0.18010885282850603,0.0003090053446431172,-0.17970002219773357,0.36222583583529877,0.0,0.36222583583529877,0.42495622522355647,0.39639980459864405,1.1850095107238474,0.5765811752107961,0.0,4.11352764070034,49.57482695579529,0.10888039469718933
6.37199999999952,-0.18011056188145136,-0.0004417554040083392,-0.17988201375174073,0.3627020923166179,0.0,0.3627020923166179,0.4249774350921816,0.39538982055928873,1.184576481544162,0.5765806452730267,0.0,4.11352764070034,49.57482695579529,0.10888039469718933
6.381999999999519,-0.18011773166731143,-0.0011520703545623776,-0.18006483234294204,0.36331359726254747,0.0,0.36331359726254747,0.4249987014767018,0.39441178359918794,1.1843597800107821,0.5765801147722769,0.0,4.11352764070034,49.57482695579529,0.10888039469718933
6.391999999999518,-0.1801379165031026,-0.002826563871897135,-0.18026127614710805,0.3641885653262453,0.0,0.3641885653262453,0.42502002241424996,0.39343901011748034,1.1846103372975432,0.5765795830705638,0.0,4.11352764070034,49.57482695579529,0.10888039469718933
6.401999999999517,-0.180176808167673,-0.00440628250581972,-0.18045995346293908,0.3640722607180301,0.0,0.3640722607180301,0.4250413985448008,0.39242815767535727,1.1834804754185435,0.5765790506199074,0.0,3.9003502130508423,49.646838903427124,0.13116347193717956
6.411999999999516,-0.1802237412558571,-0.00491366612944571,-0.1806398954264672,0.36432765099243647,0.0,0.36432765099243647,0.425062833730781,0.39131153846738487,1.1828804631103689,0.5765785182675129,0.0,3.9003502130508423,49.646838903427124,0.13116347193717956
6.421999999999515,-0.18027898952040528,-0.005977478255286828,-0.18082048462478897,0.36475975962869267,0.0,0.36475975962869267,0.4250843333249699,0.3897859899793667,1.1821406440862212,0.57657798536317,0.0,3.9003502130508423,49.646838903427124,0.13116347193717956
6.431999999999514,-0.18035458846835178,-0.008756755341623621,-0.18102037753119246,0.36579887156931723,0.0,0.36579887156931723,0.4251059040219565,0.38826002249831765,1.1822321228650117,0.5765774510356739,0.0,3.9003502130508423,49.646838903427124,0.13116347193717956
6.441999999999513,-0.18046950412942275,-0.01353236345170484,-0.18125259912525685,0.36733781889957845,0.0,0.36733781889957845,0.42512755606667907,0.3865627271649942,1.1829334584872644,0.5765769146196874,0.0,3.9003502130508423,49.646838903427124,0.13116347193717956
6.4519999999995115,-0.18063628501477413,-0.01861094715438212,-0.18150364248827047,0.36824202604109674,0.0,0.36824202604109674,0.42514930655795624,0.3849660693559145,1.1827461767937844,0.576576376571844,0.0,3.7681383192539215,49.71486687660217,0.166391059756279
6.46199999999951,-0.18085015074827693,-0.02336621423722077,-0.1817611136557639,0.3695248614322726,0.0,0.3695248614322726,0.4251711811130547,0.3833736844994104,1.1831160814766246,0.5765758372450244,0.0,3.7681383192539215,49.71486687660217,0.166391059756279
6.471999999999509,-0.1811132164610059,-0.02801873419269068,-0.18203240405484003,0.3699883044168742,0.0,0.3699883044168742,0.42519321286872336,0.38232572207338983,1.1827538509376991,0.5765752965366799,0.0,3.7681383192539215,49.71486687660217,0.166391059756279
6.481999999999508,-0.181410966916482,-0.030766865493909827,-0.18228895801757594,0.3699779791252324,0.0,0.3699779791252324,0.425215441769119,0.3817248865276397,1.1821892534578655,0.5765747557054327,0.0,3.7681383192539215,49.71486687660217,0.166391059756279
6.491999999999507,-0.18172701127113897,-0.031951750556132336,-0.18252632495826432,0.3698282357283653,0.0,0.3698282357283653,0.4252379116644115,0.38097080634732117,1.1814204582223176,0.5765742149935621,0.0,3.7681383192539215,49.71486687660217,0.166391059756279
6.501999999999506,-0.18204891343899976,-0.03249836693946856,-0.18274799651986334,0.37030486833071563,0.0,0.37030486833071563,0.4252606667752611,0.3799916560900982,1.1812027341735176,0.5765736741827937,0.0,3.9159796684980392,49.737844467163086,0.1961907684803009
6.511999999999505,-0.1823775534124581,-0.03301263466289625,-0.1829591706814829,0.3704490940735211,0.0,0.3704490940735211,0.4252837495044804,0.3791172995301622,1.1805033457148135,0.5765731327130241,0.0,3.9159796684980392,49.737844467163086,0.1961907684803009
6.521999999999504,-0.1827131305180339,-0.03383308181929552,-0.18317214989582598,0.3708600315626627,0.0,0.3708600315626627,0.42530720034396313,0.3783154542576279,1.1802909995584072,0.5765725905454622,0.0,3.9159796684980392,49.737844467163086,0.1961907684803009
6.531999999999503,-0.1830578895148044,-0.035076550233809456,-0.18339174191856616,0.3719732173424567,0.0,0.3719732173424567,0.4253310580764311,0.37721030161691477,1.1807228190848518,0.5765720474541621,0.0,3.9159796684980392,49.737844467163086,0.1961907684803009
6.5419999999995015,-0.183420640669163,-0.03704375324370965,-0.18362864868902498,0.37280065047195987,0.0,0.37280065047195987,0.42535536046447325,0.37615854311863417,1.1807173759220064,0.5765715029082705,0.0,3.9159796684980392,49.737844467163086,0.1961907684803009
6.5519999999995004,-0.18380387147863206,-0.039115052975254985,-0.18387781503031347,0.3738998543434724,0.0,0.3738998543434724,0.4253801456614086,0.37526735262743083,1.1811162188135924,0.576570956955855,0.0,4.232343465089798,49.718371629714966,0.20314761400222778
6.561999999999499,-0.18420700682782956,-0.04116115992571748,-0.18413429604453868,0.37493756801810374,0.0,0.37493756801810374,0.42540545273362235,0.3746599156984833,1.181665294645587,0.5765704093401575,0.0,4.232343465089798,49.718371629714966,0.20314761400222778
6.571999999999498,-0.18462122104453338,-0.041342072113822056,-0.1843823563102727,0.3749266093793996,0.0,0.3749266093793996,0.42543132142745704,0.3741529034625093,1.1808517279040507,0.5765698613972423,0.0,4.232343465089798,49.718371629714966,0.20314761400222778
6.581999999999497,-0.18503722713791593,-0.04186649900470344,-0.1846428562740703,0.3761811605343653,0.0,0.3761811605343653,0.42545779037865106,0.3735447476952514,1.1815991987392747,0.5765693121108207,0.0,4.232343465089798,49.718371629714966,0.20314761400222778
6.591999999999496,-0.1854572334637921,-0.041999700155565714,-0.1849112152591643,0.3767449977301414,0.0,0.3767449977301414,0.4254848956191654,0.373214237890795,1.1816202983008248,0.576568761665182,0.0,4.232343465089798,49.718371629714966,0.20314761400222778
6.601999999999495,-0.18587617619518182,-0.0416804985006096,-0.18518522632278062,0.3773892581113815,0.0,0.3773892581113815,0.425512670804276,0.37301717838960097,1.181827683276994,0.5765682100970713,0.0,4.393179297447205,49.6970409154892,0.189814031124115
6.611999999999494,-0.18627871901918056,-0.039105227735751695,-0.18543710199903612,0.37722093046323557,0.0,0.37722093046323557,0.42554114633903267,0.37278791522983545,1.1808967233830894,0.576567658661989,0.0,4.393179297447205,49.6970409154892,0.189814031124115
6.621999999999493,-0.18665413148246324,-0.03658725990044365,-0.18568949049286199,0.37797776116400555,0.0,0.37797776116400555,0.42557034678617967,0.37233056270463133,1.1809212853590065,0.5765671064741569,0.0,4.393179297447205,49.6970409154892,0.189814031124115
6.631999999999492,-0.1870076992579787,-0.03440559184736771,-0.18594929602804863,0.378713781188291,0.0,0.378713781188291,0.42560028940564404,0.37202277604599127,1.1811149930940332,0.5765665531592772,0.0,4.393179297447205,49.6970409154892,0.189814031124115
6.6419999999994905,-0.1873353850563321,-0.0317806852388931,-0.18620672735867122,0.37917080512359436,0.0,0.37917080512359436,0.42563098512405806,0.37142356392920517,1.180635607945438,0.5765659992183269,0.0,4.393179297447205,49.6970409154892,0.189814031124115
6.651999999999489,-0.18764028135639602,-0.029592592648375413,-0.18647340650106714,0.3800082426137343,0.0,0.3800082426137343,0.42566243859869907,0.3708810184602983,1.1805711282255131,0.5765654440783162,0.0,4.283672899007797,49.71208095550537,0.17233166098594666
6.661999999999488,-0.18792510259670347,-0.02776092917115532,-0.18675107440170427,0.3808365380865761,0.0,0.3808365380865761,0.42569464898776,0.3706470283036016,1.1808672128035687,0.5765648877415976,0.0,4.283672899007797,49.71208095550537,0.17233166098594666
6.671999999999487,-0.18819362788289637,-0.026221981202040293,-0.18703888824025922,0.3817382228504884,0.0,0.3817382228504884,0.42572761093112205,0.37046903874734527,1.1813430352854548,0.5765643300768747,0.0,4.283672899007797,49.71208095550537,0.17233166098594666
6.681999999999486,-0.18844353514118078,-0.024199612907125363,-0.18732630756310895,0.38226153441686744,0.0,0.38226153441686744,0.42576131545081625,0.37052118107133847,1.1815192276444826,0.5765637715958685,0.0,4.283672899007797,49.71208095550537,0.17233166098594666
6.691999999999485,-0.18866968807474258,-0.021497205719060806,-0.18760714230771758,0.3824438787102561,0.0,0.3824438787102561,0.42579574984967505,0.3708921649221145,1.1815446522647388,0.5765632126138192,0.0,4.283672899007797,49.71208095550537,0.17233166098594666
6.701999999999484,-0.18886199468578382,-0.017615610301293348,-0.18786962931538248,0.3821725976719364,0.0,0.3821725976719364,0.42583089689518117,0.3714630900700627,1.1812589821790547,0.5765626538137072,0.0,4.05678528547287,49.74765598773956,0.16923004388809204
6.711999999999483,-0.18901340136031128,-0.013513378418831797,-0.18812001389919208,0.38215426236237837,0.0,0.38215426236237837,0.42586673330573915,0.37188213600558245,1.1812565175756145,0.5765620950854524,0.0,4.05678528547287,49.74765598773956,0.16923004388809204
6.721999999999482,-0.18912378064531543,-0.009436899518747068,-0.18835575853658945,0.38213976625151236,0.0,0.38213976625151236,0.42590322888152665,0.3722549244233388,1.1812488189488721,0.576561536340482,0.0,4.05678528547287,49.74765598773956,0.16923004388809204
6.731999999999481,-0.1891954800795882,-0.00562024170102076,-0.18857826789943466,0.3820077727720013,0.0,0.3820077727720013,0.42594034692060617,0.3725713669098746,1.1810917603029014,0.5765609775510904,0.0,4.05678528547287,49.74765598773956,0.16923004388809204
6.7419999999994795,-0.18922202367177482,-0.0006543545148210341,-0.18876550078952847,0.38119137842790574,0.0,0.38119137842790574,0.425978044926895,0.37305998860636547,1.1801270975966691,0.5765604198272386,0.0,4.05678528547287,49.74765598773956,0.16923004388809204
6.751999999999478,-0.1891980190817882,0.004554811868704139,-0.18892114301909468,0.380377624269218,0.0,0.380377624269218,0.4260162740054437,0.37367362643312774,1.1795126327060772,0.5765598630681658,0.0,3.8848269283771515,49.78282868862152,0.17361828982830046
6.761999999999477,-0.1891210531636793,0.009534880565348998,-0.1890447992522155,0.380114914029919,0.0,0.380114914029919,0.4260549782168457,0.3741969511936437,1.1796054918204604,0.5765593073013873,0.0,3.8848269283771515,49.78282868862152,0.17361828982830046
6.771999999999476,-0.18900631845049518,0.01272090287814955,-0.189160331391937,0.37987032592557235,0.0,0.37987032592557235,0.4260940950189341,0.374872035121617,1.1800131272714756,0.5765587515505926,0.0,3.8848269283771515,49.78282868862152,0.17361828982830046
6.781999999999475,-0.1888630976282277,0.01520919325623195,-0.18925722394453603,0.3797032548654705,0.0,0.3797032548654705,0.42613355818768545,0.3755337249532689,1.1806165638243307,0.5765581963349344,0.0,3.8848269283771515,49.78282868862152,0.17361828982830046
6.791999999999474,-0.18870122122914595,0.01673515302174841,-0.18934069828877884,0.3794462018181151,0.0,0.3794462018181151,0.4261733001841202,0.3761822864360257,1.181179157189171,0.5765576414613698,0.0,3.8848269283771515,49.78282868862152,0.17361828982830046
6.801999999999473,-0.1885249690268881,0.018546590542959727,-0.18939525616515204,0.378209642039163,0.0,0.378209642039163,0.4262132540795315,0.3768179800447147,1.180451451149377,0.5765570876411129,0.0,3.762723386287689,49.80498731136322,0.17865528166294098
6.811999999999472,-0.1883338421596957,0.019163024862924427,-0.18943296139417176,0.3785060787859833,0.0,0.3785060787859833,0.4262533542698163,0.37744106108617637,1.181947521607072,0.5765565343114999,0.0,3.762723386287689,49.80498731136322,0.17865528166294098
6.821999999999471,-0.18814324388172912,0.019167088687731693,-0.18945502647801382,0.3775015921396119,0.0,0.3775015921396119,0.4262935369405092,0.3780517798018006,1.1816898952128734,0.5765559815682885,0.0,3.762723386287689,49.80498731136322,0.17865528166294098
6.83199999999947,-0.18794131093135547,0.020787010174860062,-0.18942628976712061,0.3761925152531928,0.0,0.3761925152531928,0.4263337420633856,0.3786283561263292,1.181067186090015,0.5765554310583733,0.0,3.762723386287689,49.80498731136322,0.17865528166294098
6.8419999999994685,-0.1877268238541201,0.021714165760125394,-0.18937069607822032,0.37539657561946693,0.0,0.37539657561946693,0.4263739116878935,0.37892179809234494,1.1809518892649125,0.5765548818478515,0.0,3.762723386287689,49.80498731136322,0.17865528166294098
6.851999999999467,-0.18750919953861453,0.02171119221382905,-0.18929454523977993,0.3747498754038722,0.0,0.3747498754038722,0.4264139895265081,0.37932751283147764,1.1811738000603904,0.5765543336859612,0.0,3.7369807362556458,49.82089281082153,0.18365071713924408
6.861999999999466,-0.18729183263742638,0.021779450546517393,-0.1891856774058042,0.3733515969889605,0.0,0.3733515969889605,0.4264539224579743,0.3798572334432285,1.180490032088523,0.5765537870533618,0.0,3.7369807362556458,49.82089281082153,0.18365071713924408
6.871999999999465,-0.18707301723062808,0.021710455758349116,-0.18904691430613904,0.37246856708073056,0.0,0.37246856708073056,0.426493661014326,0.38040517024462867,1.1806171022331633,0.5765532420852056,0.0,3.7369807362556458,49.82089281082153,0.18365071713924408
6.881999999999464,-0.18685980281362563,0.020887156702077997,-0.18888949325323606,0.3717712215819024,0.0,0.3717712215819024,0.4265331591827635,0.3809261313583961,1.1810121075531101,0.5765526983580895,0.0,3.7369807362556458,49.82089281082153,0.18365071713924408
6.891999999999463,-0.18666369868101232,0.018692906829365346,-0.18872774709128315,0.37126968009605055,0.0,0.37126968009605055,0.42657237545297905,0.38144368996915134,1.1816624566932104,0.5765521552833937,0.0,3.7369807362556458,49.82089281082153,0.18365071713924408
6.901999999999462,-0.18648889593865947,0.01666272607834629,-0.18854750726421582,0.3703038251148876,0.0,0.3703038251148876,0.4266112745541043,0.38191723522314336,1.1816208974406706,0.5765516135308661,0.0,3.778026431798935,49.81885612010956,0.18694099187850952
6.911999999999461,-0.18633339738425345,0.014872058566362022,-0.18834894928617654,0.3690952761757402,0.0,0.3690952761757402,0.42664982796079715,0.38243914378486354,1.1812705805305967,0.57655107321958,0.0,3.778026431798935,49.81885612010956,0.18694099187850952
6.92199999999946,-0.1861923752842686,0.013562011055634005,-0.18812720502890762,0.36802536044968964,0.0,0.36802536044968964,0.42668801307390547,0.3829506973473653,1.1810736475466503,0.5765505345401789,0.0,3.778026431798935,49.81885612010956,0.18694099187850952
6.931999999999459,-0.18606611245976076,0.011893775268064389,-0.18789441497649514,0.36743515238435587,0.0,0.36743515238435587,0.4267258120945016,0.38345210136044705,1.1814971823999632,0.5765499970105297,0.0,3.778026431798935,49.81885612010956,0.18694099187850952
6.9419999999994575,-0.18595847481556732,0.009835860308510984,-0.1876559314627384,0.36695180210162487,0.0,0.36695180210162487,0.42676321171457793,0.38394355719765194,1.182008211609373,0.5765494604198774,0.0,3.778026431798935,49.81885612010956,0.18694099187850952
6.951999999999456,-0.18587171244030584,0.007930867570142422,-0.18741146037307296,0.3660821813023458,0.0,0.3660821813023458,0.4268002035472151,0.3844252622371435,1.1819058896240358,0.576548924922469,0.0,3.86636945605278,49.78192746639252,0.18815537989139558
6.961999999999455,-0.18580522379405143,0.005706039255173184,-0.1871740199703919,0.3656902660138581,0.0,0.3656902660138581,0.4268367841281247,0.3848974099409764,1.182393196893422,0.5765483903410816,0.0,3.86636945605278,49.78192746639252,0.18815537989139558
6.971999999999454,-0.18575773489960193,0.004363315352380994,-0.1869260349961965,0.3643948570020575,0.0,0.3643948570020575,0.4268729545752445,0.38536018993279453,1.1815296705557627,0.576547856932683,0.0,3.86636945605278,49.78192746639252,0.18815537989139558
6.981999999999453,-0.1857146131347264,0.0044487616665219495,-0.18665634629179975,0.36326605783464466,0.0,0.36326605783464466,0.4269087197657043,0.38581378807398764,1.1808110285193385,0.5765473252534145,0.0,3.86636945605278,49.78192746639252,0.18815537989139558
6.991999999999452,-0.1856701051084769,0.00451760612637706,-0.18638172803516026,0.3626059153477593,0.0,0.3626059153477593,0.42694408561971614,0.3862583865383369,1.18065980890992,0.5765467945913351,0.0,3.86636945605278,49.78192746639252,0.18815537989139558
7.001999999999451,-0.1856229614648063,0.004741446355344342,-0.1861061127884139,0.36193614736090374,0.0,0.36193614736090374,0.42697905782343487,0.386694163885179,1.1804060190662704,0.5765462650201563,0.0,4.020455956459045,49.71520125865936,0.18330773413181306
7.01199999999945,-0.18557586658126476,0.004614830926210223,-0.18584871607776735,0.3615876229162243,0.0,0.3615876229162243,0.4270136416495879,0.3871212951311197,1.1805163103714285,0.5765457363551827,0.0,4.020455956459045,49.71520125865936,0.18330773413181306
7.021999999999449,-0.18552864621301174,0.004712668799464626,-0.18559416284501942,0.3612317722754339,0.0,0.3612317722754339,0.427047842312316,0.38753995182032314,1.1805339333722498,0.5765452083021256,0.0,4.020455956459045,49.71520125865936,0.18330773413181306
7.031999999999448,-0.18548435388592016,0.004398771807439215,-0.18535417465497234,0.3609381342968015,0.0,0.3609381342968015,0.427081665122281,0.38795030209340803,1.1805582119281688,0.5765446802836494,0.0,4.020455956459045,49.71520125865936,0.18330773413181306
7.0419999999994465,-0.18544140906611875,0.0044028521631127825,-0.1851224190157779,0.3608401029546054,0.0,0.3608401029546054,0.42711511583858275,0.3883525107549755,1.180778979745382,0.5765441525659122,0.0,4.020455956459045,49.71520125865936,0.18330773413181306
7.051999999999445,-0.1853933829149236,0.005045516184336773,-0.18489695541867648,0.36031426098518626,0.0,0.36031426098518626,0.42714820035371365,0.3887467393397983,1.18032931406192,0.576543625465446,0.0,4.215676963329315,49.6479994058609,0.17129342257976532
7.061999999999444,-0.18533817732415697,0.0059783381629050295,-0.18469082422541105,0.359845760159595,0.0,0.359845760159595,0.42718092363063037,0.3891331461776962,1.179898162898356,0.5765430990397195,0.0,4.215676963329315,49.6479994058609,0.17129342257976532
7.071999999999443,-0.18526615623084636,0.007931431723354416,-0.18448047856987365,0.3595608348758825,0.0,0.3595608348758825,0.42721328905357225,0.38951188645712403,1.1796734429843132,0.5765425734286157,0.0,4.215676963329315,49.6479994058609,0.17129342257976532
7.081999999999442,-0.1851770225800148,0.009389229448006874,-0.184283384807013,0.3596913783991856,0.0,0.3596913783991856,0.4272452970495133,0.3898831122874987,1.1799894517150182,0.5765420477621924,0.0,4.215676963329315,49.6479994058609,0.17129342257976532
7.091999999999441,-0.18508162299649097,0.009695510638992348,-0.18411353849163542,0.3600858173330552,0.0,0.3600858173330552,0.4272769452276577,0.39024697276028897,1.180640182194199,0.5765415212899521,0.0,4.215676963329315,49.6479994058609,0.17129342257976532
7.10199999999944,-0.18498345096051486,0.009912902391637484,-0.18396348552867484,0.3604188657207516,0.0,0.3604188657207516,0.42730823031730286,0.3906036140088937,1.1811761942965933,0.5765409944559626,0.0,4.317042857408524,49.59701418876648,0.15239196717739104
7.111999999999439,-0.1848814768676394,0.010352784475147533,-0.1838340558144846,0.36056040404973044,0.0,0.36056040404973044,0.4273391490190601,0.39095317926733186,1.181424362833149,0.5765404675759854,0.0,4.317042857408524,49.59701418876648,0.15239196717739104
7.121999999999438,-0.1847733523529867,0.01131216466719793,-0.1837136556566253,0.36028751961644656,0.0,0.36028751961644656,0.4273696978691396,0.39129580892776794,1.1810814461541035,0.5765399405998112,0.0,4.317042857408524,49.59701418876648,0.15239196717739104
7.131999999999437,-0.18465143923847543,0.012858286420113028,-0.18359678164920176,0.36025485374822064,0.0,0.36025485374822064,0.4273998726556696,0.39163164059689626,1.1810736237660127,0.5765394137920056,0.0,4.317042857408524,49.59701418876648,0.15239196717739104
7.1419999999994355,-0.18451101840419454,0.014901358038603863,-0.18348093968866547,0.36001492829922316,0.0,0.36001492829922316,0.4274296671818649,0.3919608091512063,1.1807842322424422,0.5765388872692431,0.0,4.317042857408524,49.59701418876648,0.15239196717739104
7.151999999999434,-0.1843488938745108,0.017141051049442697,-0.1833669116741265,0.3597190376232465,0.0,0.3597190376232465,0.42745907244460146,0.3922834467911519,1.1804349645053336,0.5765383610320833,0.0,4.25496119260788,49.569233655929565,0.13552597761154175
7.161999999999433,-0.1841553506166135,0.02080522506617516,-0.1832360828529025,0.3590024647269964,0.0,0.3590024647269964,0.4274880760765202,0.3925996830942456,1.1795266809720188,0.5765378361517729,0.0,4.25496119260788,49.569233655929565,0.13552597761154175
7.171999999999432,-0.18393597675805526,0.022412743218154202,-0.18312514995892018,0.35956851722000116,0.0,0.35956851722000116,0.42751666105094877,0.39290964506709913,1.1804545704502285,0.5765373106451713,0.0,4.25496119260788,49.569233655929565,0.13552597761154175
7.181999999999431,-0.18370452817444144,0.023573671408560516,-0.18302234172229945,0.35947918435287307,0.0,0.35947918435287307,0.4275448069989979,0.393213457196432,1.180508339124956,0.5765367850419735,0.0,4.25496119260788,49.569233655929565,0.13552597761154175
7.19199999999943,-0.18346385266371898,0.02438279073345385,-0.18292586452904785,0.3594371218847391,0.0,0.3594371218847391,0.4275724928302944,0.3935112414990678,1.1806760324137735,0.5765362594134036,0.0,4.25496119260788,49.569233655929565,0.13552597761154175
7.201999999999429,-0.18321632145554967,0.024894787994502246,-0.18283357885032883,0.35958537593823103,0.0,0.35958537593823103,0.42759969749597615,0.39380311757093817,1.1811610853635692,0.5765357338175403,0.0,4.115972176194191,49.5715993642807,0.1245635211467743
7.211999999999428,-0.18296418481297755,0.025417186822122677,-0.18273970097123252,0.35927026371082316,0.0,0.35927026371082316,0.4276264005048664,0.39408920263511515,1.1810497108627136,0.5765352084248907,0.0,4.115972176194191,49.5715993642807,0.1245635211467743
7.221999999999427,-0.18270859121733438,0.025736118436438554,-0.18264637512855714,0.35904808508869845,0.0,0.35904808508869845,0.4276525822999304,0.3943696115888904,1.181121678265413,0.5765346832750371,0.0,4.115972176194191,49.5715993642807,0.1245635211467743
7.2319999999994256,-0.18244929212590694,0.02593900320328876,-0.18255001933958898,0.3589702764647367,0.0,0.3589702764647367,0.42767822440139586,0.3946444570499196,1.181449426196506,0.5765341585486528,0.0,4.115972176194191,49.5715993642807,0.1245635211467743
7.2419999999994245,-0.182190185422428,0.02585191720037676,-0.18245235851364366,0.3586408126496299,0.0,0.3586408126496299,0.42770330946623575,0.3949138494014524,1.1814770234282432,0.5765336341641732,0.0,4.115972176194191,49.5715993642807,0.1245635211467743
7.251999999999423,-0.18193395671081405,0.025365706559653298,-0.18235313916808057,0.35853886802488943,0.0,0.35853886802488943,0.427727821824584,0.3951778968366642,1.1818727557834219,0.5765331100801979,0.0,3.981850326061249,49.58506762981415,0.12318209409713746
7.261999999999422,-0.1816853747484018,0.02450867183317537,-0.18225058402012206,0.35827898398799657,0.0,0.35827898398799657,0.4277517480273099,0.3954367054021089,1.1820917449125694,0.5765325862027948,0.0,3.981850326061249,49.58506762981415,0.12318209409713746
7.271999999999421,-0.181443700149434,0.02416549319767393,-0.18213548041714747,0.3572501852434129,0.0,0.3572501852434129,0.42777507748740606,0.39569037904030857,1.1812733652259269,0.5765320632158347,0.0,3.981850326061249,49.58506762981415,0.12318209409713746
7.28199999999942,-0.18120173105253168,0.024005644037786544,-0.18200581755586062,0.35705294200936377,0.0,0.35705294200936377,0.42779780204498485,0.39593901963149974,1.1816556158618339,0.5765315412659225,0.0,3.981850326061249,49.58506762981415,0.12318209409713746
7.291999999999419,-0.18096297116500526,0.023871661216034144,-0.18186411141662523,0.35595667703321276,0.0,0.35595667703321276,0.42781991487306864,0.3961827270345497,1.1808103370530123,0.5765310202605523,0.0,3.981850326061249,49.58506762981415,0.12318209409713746
7.301999999999418,-0.18072350783906954,0.023838801041845253,-0.1817060528148299,0.35540389705624564,0.0,0.35540389705624564,0.4278414105878517,0.3964215991270621,1.1807528402901097,0.5765305004336576,0.0,3.95535047352314,49.58852410316467,0.1261856496334076
7.311999999999417,-0.1804926501004086,0.02258814981958321,-0.1815504158482515,0.3551775669041027,0.0,0.3551775669041027,0.42786228490240724,0.3966557318446864,1.1811720762882092,0.5765299808802731,0.0,3.95535047352314,49.58852410316467,0.1261856496334076
7.321999999999416,-0.1802717417440711,0.021615201498298736,-0.1813815859378357,0.3547463344184313,0.0,0.3547463344184313,0.4278825358949777,0.3968852192196476,1.1813161115404887,0.5765294624060586,0.0,3.95535047352314,49.58852410316467,0.1261856496334076
7.3319999999994145,-0.18006986111859746,0.01917249755543763,-0.1812242255970168,0.3546390344914385,0.0,0.3546390344914385,0.42790216445606527,0.3971101534185111,1.1819167956988201,0.57652894387824,0.0,3.95535047352314,49.58852410316467,0.1261856496334076
7.341999999999413,-0.17989296046800857,0.01670850021412147,-0.18106567159459946,0.354225215691554,0.0,0.354225215691554,0.42792117560509,0.39733062477919895,1.1820806041994225,0.576528425861955,0.0,3.95535047352314,49.58852410316467,0.1261856496334076
7.351999999999412,-0.17974399659462997,0.013751597398116216,-0.18091352373192288,0.353994713940896,0.0,0.353994713940896,0.4279395794441171,0.39754672184727113,1.1824836083981207,0.5765279080120076,0.0,3.9646587818861008,49.585203528404236,0.1311837315559387
7.361999999999411,-0.17962003045475392,0.011533974266737584,-0.1807534995474327,0.3534023421102094,0.0,0.3534023421102094,0.42795739127667315,0.3977585314114869,1.1823534327887009,0.5765273910184113,0.0,3.9646587818861008,49.585203528404236,0.1311837315559387
7.37199999999941,-0.17951204753084649,0.010045335961234286,-0.18058123379977978,0.35304663949253945,0.0,0.35304663949253945,0.42797463066968344,0.3979661385386615,1.182522128513839,0.5765268750762521,0.0,3.9646587818861008,49.585203528404236,0.1311837315559387
7.381999999999409,-0.17942510122634212,0.007399076872765045,-0.18042231269503828,0.353323681046516,0.0,0.353323681046516,0.42799131978042776,0.39816962660782984,1.1835370611712905,0.5765263590040516,0.0,3.9646587818861008,49.585203528404236,0.1311837315559387
7.391999999999408,-0.17936955874116123,0.004634424684074254,-0.1802728599934059,0.352496179721879,0.0,0.352496179721879,0.42800748403477773,0.39836907734373384,1.182955485960734,0.5765258429288198,0.0,3.9646587818861008,49.585203528404236,0.1311837315559387
7.401999999999407,-0.179331451258054,0.003278192002020841,-0.1801111573833552,0.35196242800331773,0.0,0.35196242800331773,0.4280231532099927,0.3985645708496441,1.1827303544832175,0.5765253279945713,0.0,4.032508313655853,49.54034626483917,0.13694209456443787
7.411999999999406,-0.17930699640678988,0.0018477751723752073,-0.17995797611750194,0.3518439573345129,0.0,0.3518439573345129,0.42803835917194394,0.3987561856395313,1.1830301961253311,0.5765248135990235,0.0,4.032508313655853,49.54034626483917,0.13694209456443787
7.421999999999405,-0.17929849363358957,0.00014608419863755898,-0.179813232534994,0.35165177687047755,0.0,0.35165177687047755,0.4280531347962934,0.39894399866959884,1.183167142600586,0.5765242992404421,0.0,4.032508313655853,49.54034626483917,0.13694209456443787
7.4319999999994035,-0.17930539432271628,-0.0014358953939991141,-0.1796746107523866,0.3518811711634917,0.0,0.3518811711634917,0.42806751417634276,0.3991280853691896,1.1838312229780308,0.5765237850086927,0.0,4.032508313655853,49.54034626483917,0.13694209456443787
7.441999999999402,-0.17932804587456683,-0.0026170093256046387,-0.17954156677552366,0.3513228981812421,0.0,0.3513228981812421,0.428081532571239,0.3993085196710804,1.183326803166306,0.5765232709011224,0.0,4.032508313655853,49.54034626483917,0.13694209456443787
7.451999999999401,-0.1793577471644807,-0.0032088666784173877,-0.17941119329515495,0.3511321761272928,0.0,0.3511321761272928,0.42809522601658845,0.39948537404117457,1.1832720356201516,0.5765227572049422,0.0,4.14680141210556,49.48488175868988,0.13952146768569945
7.4619999999994,-0.17939033320300452,-0.0030911328362660632,-0.1792872648775782,0.3506184712008547,0.0,0.3506184712008547,0.4281086299259142,0.3996587195076054,1.1827036538678908,0.5765222441668234,0.0,4.14680141210556,49.48488175868988,0.13952146768569945
7.471999999999399,-0.17941864081730585,-0.002578513180486429,-0.1791640046278685,0.35051015538144165,0.0,0.35051015538144165,0.428121778054433,0.39982862568926286,1.1826467735639452,0.5765217314565937,0.0,4.14680141210556,49.48488175868988,0.13952146768569945
7.481999999999398,-0.17943920779445094,-0.0017465655344445306,-0.17904221531428302,0.3505186217211305,0.0,0.3505186217211305,0.42813470135034376,0.39999516082375364,1.1827019979902331,0.5765212190322329,0.0,4.14680141210556,49.48488175868988,0.13952146768569945
7.491999999999397,-0.17944600960502938,9.950335257569859e-05,-0.17891262340782993,0.34982900188588595,0.0,0.34982900188588595,0.4281474273579222,0.40015839179480656,1.1817346422276946,0.5765207073446134,0.0,4.14680141210556,49.48488175868988,0.13952146768569945
7.501999999999396,-0.17943258245355026,0.002004961242185353,-0.17878557246456386,0.349674915080824,0.0,0.349674915080824,0.4281599792167504,0.4003183841591348,1.1814805506061206,0.5765201960952867,0.0,4.317918002605438,49.418790340423584,0.13046962022781372
7.511999999999395,-0.17940493970914737,0.0032143922962355083,-0.1786798576861591,0.34960907927951995,0.0,0.34960907927951995,0.4281723749671093,0.4004752021727642,1.1813221261844502,0.5765196848708738,0.0,4.317918002605438,49.418790340423584,0.13046962022781372
7.521999999999394,-0.1793639913998466,0.004465657281478965,-0.17857979114735417,0.3499003619289122,0.0,0.3499003619289122,0.42818462867367196,0.4006289088168403,1.1816435364618454,0.5765191736632679,0.0,4.317918002605438,49.418790340423584,0.13046962022781372
7.5319999999993925,-0.17932072604003732,0.004435761232195884,-0.1785058112262044,0.35009029511720996,0.0,0.35009029511720996,0.4281967512611953,0.4007795658229223,1.1818072858470838,0.5765186613910307,0.0,4.317918002605438,49.418790340423584,0.13046962022781372
7.541999999999391,-0.17927589203296934,0.004390583969778733,-0.1784448276143349,0.350972288221154,0.0,0.350972288221154,0.4282087522956776,0.4009272336977758,1.1829284342716357,0.5765181486674003,0.0,4.317918002605438,49.418790340423584,0.13046962022781372
7.55199999999939,-0.17922904636105974,0.004870047550876782,-0.1783908204717805,0.35092988443234124,0.0,0.35092988443234124,0.4282206405779999,0.4010719717476736,1.182748818219366,0.5765176357748464,0.0,4.34757325053215,49.41176652908325,0.11530779004096983
7.561999999999389,-0.17917318077919747,0.005956063279901388,-0.17833922951901993,0.3510846026025328,0.0,0.3510846026025328,0.42823242389347366,0.4012138381022142,1.1828459407384524,0.5765171229872618,0.0,4.34757325053215,49.41176652908325,0.11530779004096983
7.571999999999388,-0.1791112359358698,0.0063513602806069235,-0.17830395230193566,0.3513266474801902,0.0,0.3513266474801902,0.4282441080231234,0.4013528897376677,1.1830721132570672,0.5765166094992165,0.0,4.34757325053215,49.41176652908325,0.11530779004096983
7.581999999999387,-0.17904183629704984,0.007343992907347637,-0.17826972310607006,0.3512626292798803,0.0,0.3512626292798803,0.4282556971385543,0.4014891824998586,1.1828814520756308,0.5765160960573458,0.0,4.34757325053215,49.41176652908325,0.11530779004096983
7.591999999999386,-0.17896123338807723,0.008357399812965356,-0.17823958099389578,0.3515177471984593,0.0,0.3515177471984593,0.4282671937352962,0.40162277112659456,1.1831559036984622,0.5765155825052767,0.0,4.34757325053215,49.41176652908325,0.11530779004096983
7.601999999999385,-0.1788801556986129,0.007829245834239896,-0.1782345445448031,0.3524332953238304,0.0,0.3524332953238304,0.4282785983195882,0.40175370926965026,1.1843762678233198,0.5765150677106874,0.0,4.253664940595627,49.423537850379944,0.1058386981487274
7.611999999999384,-0.17880471763699365,0.007575292034793166,-0.17823656748577765,0.3523231827731692,0.0,0.3523231827731692,0.4282899112776318,0.4018820495163148,1.1841819115312904,0.5765145524602293,0.0,4.253664940595627,49.423537850379944,0.1058386981487274
7.621999999999383,-0.1787277891209888,0.007853316093097817,-0.17823871895326604,0.35233372434807425,0.0,0.35233372434807425,0.4283011338799896,0.4020078434105119,1.1841813449642704,0.5765140371992545,0.0,4.253664940595627,49.423537850379944,0.1058386981487274
7.6319999999993815,-0.1786473034282913,0.008083888699527688,-0.17824464326301925,0.35257498134073145,0.0,0.35257498134073145,0.42831226719388654,0.4021311414735009,1.1845320473171461,0.5765135217431856,0.0,4.253664940595627,49.423537850379944,0.1058386981487274
7.64199999999938,-0.1785652206719573,0.008409595483560269,-0.1782524296800434,0.35246480416937936,0.0,0.35246480416937936,0.4283233117102085,0.40225199322416705,1.184420537453258,0.5765130061705327,0.0,4.253664940595627,49.423537850379944,0.1058386981487274
7.651999999999379,-0.17847545530607,0.009222847789458564,-0.1782525458302572,0.35243985643016895,0.0,0.35243985643016895,0.42833426745536696,0.4023704471989095,1.1844612053612116,0.5765124909317061,0.0,4.139824241399765,49.44123864173889,0.10580561757087706
7.661999999999378,-0.1783770473326561,0.010109722976202025,-0.178246109748597,0.35231414083079593,0.0,0.35231414083079593,0.42834513316360323,0.4024865509711341,1.184395540792446,0.5765119758708642,0.0,4.139824241399765,49.44123864173889,0.10580561757087706
7.671999999999377,-0.1782687479028736,0.01138590455192906,-0.1782292406176829,0.3518070310193815,0.0,0.3518070310193815,0.42835590607383434,0.40260035117035986,1.183831986579038,0.5765114613404693,0.0,4.139824241399765,49.44123864173889,0.10580561757087706
7.681999999999376,-0.1781505494945122,0.011951870772634616,-0.17821246160419338,0.3519976666476335,0.0,0.3519976666476335,0.42836658172320197,0.40271189350094627,1.1842832034288833,0.5765109468597687,0.0,4.139824241399765,49.44123864173889,0.10580561757087706
7.691999999999375,-0.17802892910567264,0.012144583764217044,-0.17819428571189094,0.35188075515631023,0.0,0.35188075515631023,0.42837715422593503,0.40282122276044946,1.18434026634807,0.5765104324970195,0.0,4.139824241399765,49.44123864173889,0.10580561757087706
7.701999999999374,-0.17791215574012498,0.011231399278257377,-0.17818536721672282,0.3521866929252698,0.0,0.3521866929252698,0.42838761756414856,0.40292838285761323,1.1850228521262072,0.5765099176784146,0.0,4.064051985740662,49.46406960487366,0.10932775139808654
7.711999999999373,-0.1777977519374814,0.01150337915456468,-0.17815610366513884,0.3515780177285254,0.0,0.3515780177285254,0.42839796698187804,0.4030334168300039,1.184454580851125,0.5765094036774442,0.0,4.064051985740662,49.46406960487366,0.10932775139808654
7.721999999999372,-0.17768356442236785,0.011298400853799453,-0.17812485828271263,0.3514648252127553,0.0,0.3514648252127553,0.42840819865941615,0.40313636686129484,1.1846081091385106,0.5765088898577424,0.0,4.064051985740662,49.46406960487366,0.10932775139808654
7.7319999999993705,-0.17757509510021113,0.010812832653078015,-0.17809164203865954,0.3508117968417396,0.0,0.3508117968417396,0.42841830929280805,0.40323727429820855,1.1840295490270238,0.5765083762180644,0.0,4.064051985740662,49.46406960487366,0.10932775139808654
7.741999999999369,-0.17746577225325122,0.010809057088506744,-0.17804349855368107,0.3507575137388824,0.0,0.3507575137388824,0.42842829670989513,0.4033361796671223,1.1843105624073589,0.5765078634099483,0.0,4.064051985740662,49.46406960487366,0.10932775139808654
7.751999999999368,-0.17735975792445097,0.010528686562830559,-0.17799045117207404,0.350357269611302,0.0,0.350357269611302,0.42843815915251326,0.40343312269034387,1.1841245789010089,0.5765073509641024,0.0,4.054196804761887,49.4683700799942,0.11252859234809875
7.761999999999367,-0.17726131277075904,0.009350872918353036,-0.17794100538520413,0.3504806572251897,0.0,0.3504806572251897,0.42844789565941616,0.4035281423020652,1.184684142598137,0.5765068384596281,0.0,4.054196804761887,49.4683700799942,0.11252859234809875
7.771999999999366,-0.1771759671667386,0.007974996573120252,-0.17789083523847804,0.35033645993367907,0.0,0.35033645993367907,0.4284575069474393,0.4036212766639989,1.1848747177083405,0.5765063261331097,0.0,4.054196804761887,49.4683700799942,0.11252859234809875
7.781999999999365,-0.17710725414891987,0.006062150672473234,-0.17784566468777935,0.35052996341857035,0.0,0.35052996341857035,0.4284669963239547,0.403712563180705,1.1855372788815337,0.5765058137107412,0.0,4.054196804761887,49.4683700799942,0.11252859234809875
7.791999999999364,-0.1770604914928345,0.0038154913389756937,-0.1778064837868633,0.3505126484564127,0.0,0.3505126484564127,0.42847637026206314,0.403802038514613,1.1858961107222408,0.576505301125911,0.0,4.054196804761887,49.4683700799942,0.11252859234809875
7.801999999999363,-0.17703373271152234,0.002040324157473461,-0.17776346984904182,0.35029946013798596,0.0,0.35029946013798596,0.4284856390452632,0.40377360206549023,1.185880263820985,0.5765047888162428,0.0,4.0501013696193695,49.478848576545715,0.11765055656433104
7.811999999999362,-0.17701685898791705,0.001554203633803361,-0.17770177967835354,0.3496376818669764,0.0,0.3496376818669764,0.42849481610306894,0.4036429872547967,1.1851147219449156,0.5765042774477984,0.0,4.0501013696193695,49.478848576545715,0.11765055656433104
7.821999999999361,-0.17700372354768212,0.001078245627554814,-0.17763412156277436,0.3495152630596776,0.0,0.3495152630596776,0.428503916021021,0.4035685332551561,1.1850708790541373,0.5765037665512898,0.0,4.0501013696193695,49.478848576545715,0.11765055656433104
7.8319999999993595,-0.1769993096177219,4.6576085674897294e-05,-0.1775707514427982,0.34928343086029556,0.0,0.34928343086029556,0.4285129533801974,0.40357783777202433,1.1849518116313313,0.5765032556415931,0.0,4.0501013696193695,49.478848576545715,0.11765055656433104
7.841999999999358,-0.17700157589855825,-0.0005286955783703664,-0.17750054992642697,0.349286317882533,0.0,0.349286317882533,0.42852194338433286,0.4036222816321692,1.185214751816831,0.5765027452491969,0.0,4.0501013696193695,49.478848576545715,0.11765055656433104
7.851999999999357,-0.17701539831971083,-0.001974432090235843,-0.1774431068114926,0.34929147027878943,0.0,0.34929147027878943,0.42853090172456304,0.40344809648365065,1.1852337110152817,0.5765022345086176,0.0,4.10364131629467,49.44959282875061,0.12241106629371643
7.861999999999356,-0.17703743782877082,-0.002415708853124388,-0.17737955979922065,0.34898262017650866,0.0,0.34898262017650866,0.42853984511539256,0.40327501076483624,1.18474811452482,0.5765017245050787,0.0,4.10364131629467,49.44959282875061,0.12241106629371643
7.871999999999355,-0.17706827697962385,-0.003501542357126162,-0.17732645814378512,0.3491555788390317,0.0,0.3491555788390317,0.4285487908731031,0.4032543750984515,1.1850576553372145,0.5765012141714373,0.0,4.10364131629467,49.44959282875061,0.12241106629371643
7.881999999999354,-0.17710558470078996,-0.0038252674713771303,-0.17726847209855312,0.3487577092107827,0.0,0.3487577092107827,0.42855775673640367,0.40331863529450196,1.1845759226126715,0.5765007042302722,0.0,4.10364131629467,49.44959282875061,0.12241106629371643
7.891999999999353,-0.17714509973687317,-0.004185418357934316,-0.17721338759955074,0.34893679729648003,0.0,0.34893679729648003,0.4285667604555474,0.40318228563603514,1.1847716752655004,0.576500194318759,0.0,4.10364131629467,49.44959282875061,0.12241106629371643
7.901999999999352,-0.1771889334315208,-0.004435476443876655,-0.17716323887584712,0.3486512805173251,0.0,0.3486512805173251,0.42857581913102166,0.4032184405198924,1.1843300269196748,0.5764996844077859,0.0,4.194184571504593,49.412179589271545,0.12327865362167359
7.911999999999351,-0.17722917923405637,-0.0036123689822992015,-0.17710740412973058,0.3481244454313231,0.0,0.3481244454313231,0.4285849492942437,0.4033177195629975,1.1836437715859565,0.5764991752773232,0.0,4.194184571504593,49.412179589271545,0.12327865362167359
7.92199999999935,-0.17726096342475559,-0.0032725635483162128,-0.17705700376769024,0.34878370995749236,0.0,0.34878370995749236,0.4285941655890986,0.4034150288464758,1.1845889344240998,0.5764986660465535,0.0,4.194184571504593,49.412179589271545,0.12327865362167359
7.9319999999993485,-0.17729659056919084,-0.0036138277018636124,-0.17702212373015613,0.3486344262664937,0.0,0.3486344262664937,0.42860348033911927,0.40351040745161637,1.1843726000130512,0.5764981561728777,0.0,4.194184571504593,49.412179589271545,0.12327865362167359
7.941999999999347,-0.1773334469244136,-0.0036960741367898873,-0.17699197739674605,0.34884096924580305,0.0,0.34884096924580305,0.42861290533908397,0.4036038936843106,1.1846268454431648,0.5764976461642549,0.0,4.194184571504593,49.412179589271545,0.12327865362167359
7.951999999999346,-0.17736579966600094,-0.002843556235227352,-0.176957506868306,0.3484236837434018,0.0,0.3484236837434018,0.428622451699326,0.40369552509043655,1.1839838180193352,0.5764971365203365,0.0,4.2811510264873505,49.38575625419617,0.11808294653892518
7.961999999999345,-0.17738714453014442,-0.0018075950285818994,-0.17692587860623563,0.34867962755631265,0.0,0.34867962755631265,0.4286321287553835,0.4037853384709381,1.1842660585514155,0.5764966270808363,0.0,4.2811510264873505,49.38575625419617,0.11808294653892518
7.971999999999344,-0.17739892192031617,-0.0006895364985666074,-0.17689648813274148,0.34845822542420735,0.0,0.34845822542420735,0.42864194312762016,0.40387336989660483,1.1838674941539056,0.5764961176137648,0.0,4.2811510264873505,49.38575625419617,0.11808294653892518
7.981999999999343,-0.17740068964939923,0.0003148660272865155,-0.17687138885776396,0.3484787399398221,0.0,0.3484787399398221,0.4286518989328199,0.40395965472255874,1.183799900402439,0.5764956080103635,0.0,4.2811510264873505,49.38575625419617,0.11808294653892518
7.991999999999342,-0.17739062314904944,0.0016313676328132826,-0.17684501711175926,0.3481519917294877,0.0,0.3481519917294877,0.4286619978735992,0.40404422760245384,1.1832433883886047,0.5764950985441397,0.0,4.2811510264873505,49.38575625419617,0.11808294653892518
8.001999999999342,-0.17736423399252577,0.003077229712461927,-0.17681717666530475,0.34870576119110375,0.0,0.34870576119110375,0.4286722390364783,0.40412712250239335,1.1839232133068287,0.5764945892823546,0.0,4.299763470888138,49.36412513256073,0.1083185076713562
8.011999999999345,-0.177327421457937,0.004133539167612381,-0.17679783494204235,0.3486541997467088,0.0,0.3486541997467088,0.42868261853415407,0.40420837271457133,1.1837637333771578,0.5764940798422835,0.0,4.299763470888138,49.36412513256073,0.1083185076713562
8.021999999999348,-0.1772754177078677,0.0062342737833123545,-0.17676625962460427,0.3476607153076943,0.0,0.3476607153076943,0.4286931303332582,0.4042880108706435,1.1822990952044614,0.5764935710807773,0.0,4.299763470888138,49.36412513256073,0.1083185076713562
8.031999999999352,-0.17720146639130327,0.008019316529475325,-0.1767324630824138,0.34787565637294116,0.0,0.34787565637294116,0.4287037656117967,0.40436606895483257,1.1825476359783302,0.5764930625342731,0.0,4.299763470888138,49.36412513256073,0.1083185076713562
8.041999999999355,-0.17711083232680716,0.009673647382071318,-0.1766964347733683,0.3476780515332958,0.0,0.3476780515332958,0.42871451201935734,0.40444257831677405,1.1822438612702968,0.5764925541987429,0.0,4.299763470888138,49.36412513256073,0.1083185076713562
8.051999999999358,-0.1770075663875681,0.010414601748078922,-0.17666783670851954,0.3483393809458564,0.0,0.3483393809458564,0.42872535463880806,0.40451756968410646,1.1831715861600234,0.5764920456083459,0.0,4.239079907536507,49.3548858165741,0.0996583342552185
8.061999999999362,-0.17690150920194395,0.010911879226927542,-0.17664417341481917,0.3477168536906507,0.0,0.3477168536906507,0.42873627718026924,0.4045910731748124,1.1823310534352196,0.5764915368976947,0.0,4.239079907536507,49.3548858165741,0.0996583342552185
8.071999999999365,-0.17678696266622537,0.011595080946660927,-0.17661557998092392,0.34797414836214474,0.0,0.34797414836214474,0.42874726345581476,0.4046631183093145,1.182754448206847,0.5764910285126856,0.0,4.239079907536507,49.3548858165741,0.0996583342552185
8.081999999999368,-0.17667432427704718,0.01102331259383426,-0.1766019921029784,0.34821043504792404,0.0,0.34821043504792404,0.4287582970328348,0.40473373402233137,1.183180092107316,0.5764905194462625,0.0,4.239079907536507,49.3548858165741,0.0996583342552185
8.091999999999372,-0.17656780391518767,0.010193477731177021,-0.1765936285520968,0.3486386394201264,0.0,0.3486386394201264,0.42876936271554594,0.4048029486744983,1.183903930921082,0.5764900101577413,0.0,4.239079907536507,49.3548858165741,0.0996583342552185
8.101999999999375,-0.176473694033938,0.008838721887214447,-0.17659465599084534,0.34883688213193237,0.0,0.34883688213193237,0.4287804475790305,0.40487079006375726,1.1843321406451435,0.5764895003362367,0.0,4.138510778546333,49.392021894454956,0.09955989718437194
8.111999999999378,-0.17639310248464715,0.007763257831919484,-0.17659326004082065,0.3487374800687884,0.0,0.3487374800687884,0.42879154190672997,0.4049372854365217,1.1843652727206564,0.5764889903213816,0.0,4.138510778546333,49.392021894454956,0.09955989718437194
8.121999999999382,-0.17631711157016672,0.007544647063712027,-0.1765807724510278,0.34838076438032317,0.0,0.34838076438032317,0.42880263902353416,0.4050024614986184,1.184058157037497,0.5764884808624224,0.0,4.138510778546333,49.392021894454956,0.09955989718437194
8.131999999999385,-0.17624895061083057,0.006038357100799762,-0.17658164067587914,0.3493907521140037,0.0,0.3493907521140037,0.42881373379754045,0.40506634442601386,1.1856824019102816,0.5764879707859192,0.0,4.138510778546333,49.392021894454956,0.09955989718437194
8.141999999999388,-0.17620041509994108,0.004226009210365946,-0.17659114146770372,0.34914718894770963,0.0,0.34914718894770963,0.428824823175572,0.4051289598753264,1.1855624595810705,0.5764874602702746,0.0,4.138510778546333,49.392021894454956,0.09955989718437194
8.151999999999392,-0.17616704453126814,0.0029676382058555547,-0.17659605408880188,0.34875308756193785,0.0,0.34875308756193785,0.42883590777459285,0.4051903329941307,1.185238333293855,0.5764869498835137,0.0,4.092429086565971,49.424574971199036,0.10642454624176026
8.161999999999395,-0.17614134111134416,0.002243958220699482,-0.1765898088667691,0.3488665182424605,0.0,0.3488665182424605,0.4288469910530777,0.4052504884310577,1.1856281366878405,0.5764864397703149,0.0,4.092429086565971,49.424574971199036,0.10642454624176026
8.171999999999398,-0.1761248281100225,0.0013001518844684128,-0.1765847571661338,0.3490055939075286,0.0,0.3490055939075286,0.428858077965167,0.4053094503456935,1.1860531981170064,0.5764859296145982,0.0,4.092429086565971,49.424574971199036,0.10642454624176026
8.181999999999402,-0.17611600996266683,0.0005389942847036297,-0.17657577056693152,0.34885183593370134,0.0,0.34885183593370134,0.4288691747938225,0.40536724241828276,1.1860642763056666,0.5764854196684491,0.0,4.092429086565971,49.424574971199036,0.10642454624176026
8.191999999999405,-0.1761130011562165,0.00016586470998536038,-0.17655981651156227,0.34836962485063866,0.0,0.34836962485063866,0.4288802888846251,0.4054238878592388,1.1856085951769306,0.5764849100877831,0.0,4.092429086565971,49.424574971199036,0.10642454624176026
8.201999999999408,-0.17610895263565357,0.0003250755451302857,-0.1765321014935204,0.34834182277468323,0.0,0.34834182277468323,0.42889142809424396,0.4054794094184656,1.185781153828833,0.5764844011558177,0.0,4.113627776503563,49.414668679237366,0.11193975806236267
8.211999999999412,-0.17610606816604274,0.00021489619809003137,-0.17650398493833858,0.34787595713358105,0.0,0.34787595713358105,0.42890259972021255,0.4055338293944946,1.1853308835449363,0.5764838924081347,0.0,4.113627776503563,49.414668679237366,0.11193975806236267
8.221999999999415,-0.1761054240728965,-2.8187081941525444e-05,-0.17647409391931324,0.3479041254168041,0.0,0.3479041254168041,0.42891381071361856,0.40558716964344005,1.1855606175616478,0.5764833838280636,0.0,4.113627776503563,49.414668679237366,0.11193975806236267
8.231999999999418,-0.17610542736866283,-0.00020167049556468926,-0.17643993270137026,0.34794838276689916,0.0,0.34794838276689916,0.42892506787315965,0.40563945158777676,1.185799818166127,0.5764828755494253,0.0,4.113627776503563,49.414668679237366,0.11193975806236267
8.241999999999422,-0.1761072130540475,-5.8404521740803086e-05,-0.17640010964924882,0.3471227450923019,0.0,0.3471227450923019,0.42893637772037047,0.4056906962249443,1.1848062406820659,0.5764823676418619,0.0,4.113627776503563,49.414668679237366,0.11193975806236267
8.251999999999425,-0.17610517342151402,0.0003513382023593442,-0.17635362178649916,0.34709712062051173,0.0,0.34709712062051173,0.42894774647365624,0.40574092413577945,1.1849181553224695,0.5764818602587564,0.0,4.162231415510178,49.37904357910156,0.11228536963462829
8.261999999999428,-0.1761005723756407,0.000773225276967356,-0.17630739959254257,0.34633411707077155,0.0,0.34633411707077155,0.4289591792885442,0.405790155492782,1.1839837898987229,0.5764813533067624,0.0,4.162231415510178,49.37904357910156,0.11228536963462829
8.271999999999432,-0.17608727830240792,0.0015714348327255066,-0.1762508978195487,0.34629053829390843,0.0,0.34629053829390843,0.42897068018131446,0.4058384100682165,1.1840447940106826,0.5764808470075059,0.0,4.162231415510178,49.37904357910156,0.11228536963462829
8.281999999999435,-0.1760691211362153,0.0018597392469933693,-0.17619653976878988,0.3463755971673642,0.0,0.3463755971673642,0.42898225139227575,0.40588570724205325,1.18427440356717,0.5764803407650622,0.0,4.162231415510178,49.37904357910156,0.11228536963462829
8.291999999999438,-0.17604997788264096,0.001748402884862825,-0.1761458607164289,0.34642641172243405,0.0,0.34642641172243405,0.4289938939469729,0.4059320660097513,1.1844440178492215,0.5764798344987141,0.0,4.162231415510178,49.37904357910156,0.11228536963462829
8.301999999999442,-0.1760348050703905,0.0014065314801053885,-0.17610096384206858,0.34632210820165654,0.0,0.34632210820165654,0.42900560862625087,0.4059775049898878,1.184382974872126,0.5764793281425266,0.0,4.195529997348785,49.35339629650116,0.10936131477355956
8.311999999999445,-0.17602481307904483,0.0007568660054268518,-0.17606570435993774,0.3464856708613516,0.0,0.3464856708613516,0.4290173967554219,0.4060220424316357,1.1846834880230754,0.5764788216576813,0.0,4.195529997348785,49.35339629650116,0.10936131477355956
8.321999999999449,-0.17602030305864652,0.00034326057065455114,-0.17603209760322577,0.3461671086355888,0.0,0.3461671086355888,0.4290292604828064,0.40606569622209226,1.1842951529463537,0.5764783151902162,0.0,4.195529997348785,49.35339629650116,0.10936131477355956
8.331999999999452,-0.17601443652306825,0.000878463265224956,-0.17598901002369013,0.3459330735257861,0.0,0.3459330735257861,0.42904120269476387,0.4061084838934636,1.1840124965451975,0.5764778092939428,0.0,4.195529997348785,49.35339629650116,0.10936131477355956
8.341999999999455,-0.1760039702699746,0.0011927006278911103,-0.1759477211817008,0.34609509916297404,0.0,0.34609509916297404,0.42905322581578015,0.40615042263010553,1.184274188682284,0.5764773034338696,0.0,4.195529997348785,49.35339629650116,0.10936131477355956
8.351999999999459,-0.17599338780431528,0.0013353592456875462,-0.17591106057744457,0.345458298093422,0.0,0.345458298093422,0.42906533126027646,0.4061915292754253,1.1834074988014092,0.5764767974962296,0.0,4.221106126904488,49.33487832546234,0.10647084116935729
8.361999999999462,-0.17597427592168902,0.0022250972591189577,-0.1758660126702524,0.34556798729795757,0.0,0.34556798729795757,0.42907751992165727,0.4062318203386463,1.1835792732751607,0.5764762922555622,0.0,4.221106126904488,49.33487832546234,0.10647084116935729
8.371999999999465,-0.17595460057598916,0.0018807372504411456,-0.1758367294787352,0.3460213371271676,0.0,0.3460213371271676,0.42908979130232283,0.40627131200143823,1.1842268951918642,0.5764757863468837,0.0,4.221106126904488,49.33487832546234,0.10647084116935729
8.381999999999469,-0.17593366311190045,0.0024565447467503852,-0.17579967189209325,0.3454426478493471,0.0,0.3454426478493471,0.4291021445364496,0.40631002012441625,1.1834244035610313,0.5764752809116531,0.0,4.221106126904488,49.33487832546234,0.10647084116935729
8.391999999999472,-0.17590533878913672,0.002839771887165653,-0.1757634891725698,0.3459632815589049,0.0,0.3459632815589049,0.42911457836757033,0.40634796025351066,1.18415948757609,0.5764747755484686,0.0,4.221106126904488,49.33487832546234,0.10647084116935729
8.401999999999475,-0.17587758065193831,0.002685872195313469,-0.1757365850139141,0.34602892273160524,0.0,0.34602892273160524,0.42912709041954167,0.4063851476262107,1.184256060465949,0.5764742698383103,0.0,4.2302640080451965,49.32519018650055,0.1033354640007019
8.411999999999479,-0.175848500563517,0.0031445349925535767,-0.17570609834571974,0.3456414688015461,0.0,0.3456414688015461,0.42913967831631716,0.406421597177684,1.1837178547625735,0.5764737644654155,0.0,4.2302640080451965,49.32519018650055,0.1033354640007019
8.421999999999482,-0.17581689859082922,0.0033273955854810564,-0.17567983134161883,0.34544480906848163,0.0,0.34544480906848163,0.4291523395200275,0.406457323546775,1.1834485972899789,0.5764732589660327,0.0,4.2302640080451965,49.32519018650055,0.1033354640007019
8.431999999999485,-0.17577883570617042,0.0039003149149296774,-0.17564822473206798,0.3458434216855969,0.0,0.3458434216855969,0.4291650709869859,0.4064923410818839,1.1840166575173363,0.5764727538195162,0.0,4.2302640080451965,49.32519018650055,0.1033354640007019
8.441999999999489,-0.17574203771262067,0.003501924125385745,-0.17563004177395683,0.3459441935179744,0.0,0.3459441935179744,0.42917786885225867,0.4065266638467299,1.1841720089371341,0.5764722480820204,0.0,4.2302640080451965,49.32519018650055,0.1033354640007019
8.451999999999492,-0.17571190344053636,0.0026378133461334944,-0.17562230554665248,0.3463573576691844,0.0,0.3463573576691844,0.4291907295841427,0.4065603056259987,1.1847676282431463,0.5764717418478645,0.0,4.213767975568771,49.335203766822815,0.1019715428352356
8.461999999999495,-0.1756919088897541,0.0017746629359701848,-0.17562093157673725,0.34634221827334,0.0,0.34634221827334,0.4292036511530728,0.4065932799308791,1.1847645498387598,0.5764712352268109,0.0,4.213767975568771,49.335203766822815,0.1019715428352356
8.471999999999499,-0.1756763320392303,0.001447473161062321,-0.17561766539259502,0.34646406489598636,0.0,0.34646406489598636,0.4292166333601567,0.40662560000448933,1.1849544500558802,0.5764707287077472,0.0,4.213767975568771,49.335203766822815,0.1019715428352356
8.481999999999502,-0.1756645656866575,0.001021256637071758,-0.17561882057623698,0.34668278855714246,0.0,0.34668278855714246,0.4292296769447966,0.4066572788271956,1.1852815134701344,0.5764702219753159,0.0,4.213767975568771,49.335203766822815,0.1019715428352356
8.491999999999505,-0.17565438110052597,0.0010888868650228267,-0.1756165548554892,0.34646174735734403,0.0,0.34646174735734403,0.4292427832450161,0.40668832912182545,1.1849945683706988,0.5764697154103926,0.0,4.213767975568771,49.335203766822815,0.1019715428352356
8.501999999999509,-0.17563805666985302,0.0023621188772972226,-0.17559890845235537,0.3453797556169573,0.0,0.3453797556169573,0.4292559536754595,0.4067187633587774,1.1835059439219064,0.5764692096396227,0.0,4.204673126339912,49.3256801366806,0.10206071734428404
8.511999999999512,-0.17560645627965019,0.0036817629709415874,-0.17557377637136573,0.345365257020559,0.0,0.345365257020559,0.42926918819153953,0.40674859376102923,1.1835204272085933,0.5764687043807452,0.0,4.204673126339912,49.3256801366806,0.10206071734428404
8.521999999999515,-0.17556255251892008,0.004842711377408713,-0.17554390558908506,0.3453168288504002,0.0,0.3453168288504002,0.42928248396412355,0.40677783230904707,1.1834979444092804,0.5764681994330807,0.0,4.204673126339912,49.3256801366806,0.10206071734428404
8.531999999999519,-0.17551010083950164,0.005541708064537741,-0.17551436051212319,0.34522774995166694,0.0,0.34522774995166694,0.42929583591905707,0.40680649074559694,1.183430180086408,0.5764676945547744,0.0,4.204673126339912,49.3256801366806,0.10206071734428404
8.541999999999522,-0.17544621122014384,0.006855695103629659,-0.17547147874885613,0.3449050864589898,0.0,0.3449050864589898,0.42930923746844424,0.4068345805804609,1.1830485618839932,0.576467190434329,0.0,4.204673126339912,49.3256801366806,0.10206071734428404
8.551999999999525,-0.17537168143962348,0.007868689891942036,-0.1754256418890643,0.3445072642043905,0.0,0.3445072642043905,0.4293226802962789,0.40686211309505965,1.182576830647364,0.5764666866236776,0.0,4.209935769438744,49.30708348751068,0.09906442165374754
8.561999999999529,-0.17528769004776187,0.008946640491137468,-0.17537437304308368,0.34403160741684763,0.0,0.34403160741684763,0.4293361545292926,0.40688909934698314,1.1820124568171972,0.5764661833695305,0.0,4.209935769438744,49.30708348751068,0.09906442165374754
8.571999999999532,-0.1751923807890829,0.009751930433648864,-0.17531790653785964,0.3441294531063483,0.0,0.3441294531063483,0.4293496489712437,0.40691555017443176,1.1822694132087264,0.5764656805325635,0.0,4.209935769438744,49.30708348751068,0.09906442165374754
8.581999999999535,-0.17509592633644294,0.009328720892860234,-0.1752717069197292,0.34446668883627907,0.0,0.34446668883627907,0.42936315119632457,0.4069414762005691,1.1828784927527447,0.5764651773440783,0.0,4.209935769438744,49.30708348751068,0.09906442165374754
8.591999999999539,-0.17500237700316926,0.009614074470452394,-0.17521651279533923,0.34342365415547893,0.0,0.34342365415547893,0.42937664933115643,0.40696688783778834,1.181569006238139,0.5764646747313744,0.0,4.209935769438744,49.30708348751068,0.09906442165374754
8.601999999999542,-0.1749014789591547,0.01052512186213773,-0.17514716252141022,0.3429757315144093,0.0,0.3429757315144093,0.4293901325855681,0.40699179529189417,1.181108097917353,0.5764641730103065,0.0,4.2010157853364944,49.29780662059784,0.0951686382293701
8.611999999999545,-0.17479360237649547,0.010616107545686733,-0.17507965185469773,0.3433234779661533,0.0,0.3433234779661533,0.4294035896092902,0.4070162085662017,1.1817774297517842,0.57646367147694,0.0,4.2010157853364944,49.29780662059784,0.0951686382293701
8.621999999999549,-0.17469643906027485,0.008985409597898116,-0.17503238805742427,0.3437914175077447,0.0,0.3437914175077447,0.42941700883120865,0.40704013746555373,1.182626311740717,0.5764631691180483,0.0,4.2010157853364944,49.29780662059784,0.0951686382293701
8.631999999999552,-0.17461789236825298,0.007124055209548584,-0.17499325711312347,0.34385731253466956,0.0,0.34385731253466956,0.42943038139777245,0.4070635916002587,1.1829170954595671,0.5764626664835567,0.0,4.2010157853364944,49.29780662059784,0.0951686382293701
8.641999999999555,-0.1745569929083059,0.0055885853928600016,-0.17495544425607912,0.3434641819195936,0.0,0.3434641819195936,0.4294437025911772,0.4070865803899504,1.18256537859902,0.5764621638919789,0.0,4.2010157853364944,49.29780662059784,0.0951686382293701
8.651999999999559,-0.17450129789176058,0.005597342534737967,-0.17489848850121087,0.34292487360778157,0.0,0.34292487360778157,0.429456971253324,0.40710911306737124,1.1820076414398508,0.5764616623502798,0.0,4.179747208952904,49.30722653865814,0.09556066989898682
8.661999999999562,-0.17444398871034258,0.005839289476126984,-0.1748321554523701,0.34263358170040104,0.0,0.34263358170040104,0.4294701875049278,0.40713119868208,1.1817957264856496,0.5764611613542554,0.0,4.179747208952904,49.30722653865814,0.09556066989898682
8.671999999999565,-0.17438633451980382,0.005710587040909506,-0.17476504137201673,0.34226813561382824,0.0,0.34226813561382824,0.4294833512756662,0.40715284610408636,1.1814769972780947,0.5764606605898865,0.0,4.179747208952904,49.30722653865814,0.09556066989898682
8.681999999999569,-0.17433282228978716,0.0051305796566476596,-0.17470086311719935,0.34250540842664134,0.0,0.34250540842664134,0.4294964625470635,0.40717406402741346,1.181996221730902,0.5764601598720723,0.0,4.179747208952904,49.30722653865814,0.09556066989898682
8.691999999999572,-0.17428624851751612,0.004338179563222362,-0.17463897029168637,0.3422856972193512,0.0,0.3422856972193512,0.4295095221104426,0.4071948609735894,1.1818668036014264,0.5764596592260143,0.0,4.179747208952904,49.30722653865814,0.09556066989898682
8.701999999999575,-0.17424552397422793,0.00389594476207138,-0.17457361769044918,0.34209747223242704,0.0,0.34209747223242704,0.4295225320518644,0.40721524529506975,1.1817701573714723,0.5764591589771443,0.0,4.198892891407013,49.286214113235474,0.0968702495098114
8.711999999999579,-0.1742095175914497,0.003412673327256744,-0.17451048105669764,0.34194471159977685,0.0,0.34194471159977685,0.4295354955029534,0.40723522517859206,1.1817109694173875,0.5764586589882319,0.0,4.198892891407013,49.286214113235474,0.0968702495098114
8.721999999999582,-0.17417545205921053,0.0035052037092840344,-0.17443969794728692,0.3413834601119047,0.0,0.3413834601119047,0.4295484162993355,0.4072548086484637,1.181066812585145,0.5764581595632031,0.0,4.198892891407013,49.286214113235474,0.0968702495098114
8.731999999999585,-0.17413549128230985,0.00421308305855253,-0.1743570517900212,0.34104195433669066,0.0,0.34104195433669066,0.429561298318601,0.4072740035697847,1.1807184686154237,0.5764576609419833,0.0,4.198892891407013,49.286214113235474,0.0968702495098114
8.741999999999589,-0.17409307770243446,0.004391612683337298,-0.17427748981478441,0.34080721206180065,0.0,0.34080721206180065,0.4295741443286926,0.4072928176516066,1.1805077076293597,0.5764571623999023,0.0,4.198892891407013,49.286214113235474,0.0968702495098114
8.751999999999592,-0.17405037199317894,0.004210044458004053,-0.17420201009111794,0.3407709336968898,0.0,0.3407709336968898,0.429586956354371,0.407311258450028,1.1805622433552794,0.5764566639749638,0.0,4.239456683397293,49.24589514732361,0.09562418460845948
8.761999999999595,-0.17400907613104444,0.004040363245012054,-0.17413107053562663,0.3405557744382673,0.0,0.3405557744382673,0.429599736263234,0.40732933337123034,1.1803540175466052,0.5764561658947782,0.0,4.239456683397293,49.24589514732361,0.09562418460845948
8.771999999999599,-0.173968788822277,0.003980784656126748,-0.17405963110286243,0.34047607876406255,0.0,0.34047607876406255,0.4296124860702825,0.4073470496744512,1.1803236477848404,0.5764556680443614,0.0,4.239456683397293,49.24589514732361,0.09562418460845948
8.781999999999602,-0.17392980043436773,0.0038982704528474094,-0.17398974063202707,0.340426319800154,0.0,0.340426319800154,0.4296252079249378,0.40736441447490035,1.1803233106550446,0.5764551703191563,0.0,4.239456683397293,49.24589514732361,0.09562418460845948
8.791999999999605,-0.17389202636154827,0.0036349596792663655,-0.1739234908124949,0.340518587095762,0.0,0.340518587095762,0.42963790405821023,0.4073814347466173,1.1805101727662046,0.576454672613207,0.0,4.239456683397293,49.24589514732361,0.09562418460845948
8.801999999999609,-0.173855944619492,0.0036696825362670694,-0.17385717787446214,0.3401373404985682,0.0,0.3401373404985682,0.4296505768437541,0.4073981173252722,1.1800222382875858,0.5764541751654516,0.0,4.266569346189499,49.215171337127686,0.09332764148712158
8.811999999999612,-0.17382723245474063,0.0019770339275751708,-0.17381829499832738,0.3412797007107365,0.0,0.3412797007107365,0.4296632288572488,0.4070239453768595,1.181374609558165,0.5764536767854639,0.0,4.266569346189499,49.215171337127686,0.09332764148712158
8.821999999999615,-0.17382027803160371,-0.00013887491340605108,-0.17379800907261667,0.34158483112032195,0.0,0.34158483112032195,0.4296758641786832,0.40666219722645763,1.1813759487163535,0.5764531775610438,0.0,4.266569346189499,49.215171337127686,0.09332764148712158
8.831999999999619,-0.17382628191386124,-0.0008431215013030968,-0.17377206175242368,0.34138742299541536,0.0,0.34138742299541536,0.42968849047351193,0.4063544659072609,1.1808111936268937,0.5764526786810699,0.0,4.266569346189499,49.215171337127686,0.09332764148712158
8.841999999999622,-0.17384033581307629,-0.00189933258014645,-0.17375706279374567,0.341809118497046,0.0,0.341809118497046,0.42970111745384915,0.40587455438000575,1.1809185327218465,0.5764521793212801,0.0,4.266569346189499,49.215171337127686,0.09332764148712158
8.851999999999626,-0.1738665126936999,-0.003074648150942468,-0.17375263095794907,0.3421900076526395,0.0,0.3421900076526395,0.4297137559054649,0.40549266494271624,1.1810177970966247,0.5764516794110522,0.0,4.263819634914398,49.240158796310425,0.09577694535255432
8.861999999999629,-0.1739100250365725,-0.005310171908168163,-0.17377051388410328,0.3430822856515344,0.0,0.3430822856515344,0.42972641821819485,0.4051920205714644,1.181859721405795,0.5764511781767382,0.0,4.263819634914398,49.240158796310425,0.09577694535255432
8.871999999999632,-0.1739753511380277,-0.007201212655125579,-0.17380099744389885,0.3434432125641264,0.0,0.3434432125641264,0.42973911931529096,0.40492192074950745,1.1820049765547531,0.5764506762426251,0.0,4.263819634914398,49.240158796310425,0.09577694535255432
8.881999999999636,-0.17405959445078414,-0.009234798204529058,-0.17384821981506476,0.3441892478348653,0.0,0.3441892478348653,0.42975187718180535,0.4045637699800868,1.1825580166139682,0.5764501733697915,0.0,4.263819634914398,49.240158796310425,0.09577694535255432
8.891999999999639,-0.1741586384966537,-0.010280450599795422,-0.17389833566754828,0.34410120645880754,0.0,0.34410120645880754,0.4297647121860254,0.40428384770094417,1.1820178900836869,0.5764496702110639,0.0,4.263819634914398,49.240158796310425,0.09577694535255432
8.901999999999642,-0.17425768602260333,-0.009389270073718219,-0.17393289027908548,0.34350108558195946,0.0,0.34350108558195946,0.4297776459777411,0.4042625613735362,1.180956136157858,0.5764491676388324,0.0,4.292653679847717,49.267048835754395,0.10155496001243591
8.911999999999646,-0.17434181591357636,-0.007967066208846999,-0.17395739608045913,0.3438353239601238,0.0,0.3438353239601238,0.42979069858215235,0.4041163404142267,1.1811277828744866,0.5764486652635481,0.0,4.292653679847717,49.267048835754395,0.10155496001243591
8.921999999999649,-0.17442113288157574,-0.008195901833713513,-0.1740039778625234,0.3449660884390928,0.0,0.3449660884390928,0.42980388612548837,0.4035918094625132,1.1820666206506247,0.5764481616875675,0.0,4.292653679847717,49.267048835754395,0.10155496001243591
8.931999999999652,-0.17450808651281768,-0.008940204843396835,-0.17406769387070234,0.34529660142247426,0.0,0.34529660142247426,0.42981722263563554,0.4033050251058946,1.1819767457185402,0.5764476570907588,0.0,4.292653679847717,49.267048835754395,0.10155496001243591
8.941999999999656,-0.17459967419495653,-0.009301174152142764,-0.17413742927424805,0.3455768572214175,0.0,0.3455768572214175,0.4298307222161722,0.4029237416448769,1.1818109748969663,0.5764471520025919,0.0,4.292653679847717,49.267048835754395,0.10155496001243591
8.951999999999659,-0.1746914343409349,-0.00901242079899946,-0.1742071199849764,0.3457487889703925,0.0,0.3457487889703925,0.42984439878652747,0.4025204499565734,1.1814190806954068,0.5764466466401511,0.0,4.321067363023758,49.300445914268494,0.10469035506248472
8.961999999999662,-0.17478147826399287,-0.008945288600704102,-0.17428260229605064,0.34630104244770327,0.0,0.34630104244770327,0.4298582652353345,0.4021074235148709,1.1815335194130459,0.5764461404882248,0.0,4.321067363023758,49.300445914268494,0.10469035506248472
8.971999999999666,-0.1748658345234332,-0.007787304201511188,-0.17435105462548664,0.34563156445517484,0.0,0.34563156445517484,0.4298723330312262,0.40180698219759575,1.1800674705413803,0.5764456344758672,0.0,4.321067363023758,49.300445914268494,0.10469035506248472
8.981999999999669,-0.1749277663307737,-0.005189540813577793,-0.174399353933595,0.3455726650506282,0.0,0.3455726650506282,0.42988661130249556,0.40153538529589244,1.1795056402689648,0.5764451293129479,0.0,4.321067363023758,49.300445914268494,0.10469035506248472
8.991999999999672,-0.17497729155573236,-0.004889463577352178,-0.17447251441893807,0.34658986785783275,0.0,0.34658986785783275,0.4299011045152711,0.40122709522110017,1.1804192025513045,0.5764446227294179,0.0,4.321067363023758,49.300445914268494,0.10469035506248472
9.001999999999676,-0.17502303497747349,-0.004390313805934095,-0.17454755634272273,0.34688659950932943,0.0,0.34688659950932943,0.42991581413548696,0.4004839516769625,1.1799615645814985,0.5764441157832891,0.0,4.316080391407013,49.32623624801636,0.10462154746055602
9.011999999999679,-0.17506296455884213,-0.0038094394200780327,-0.17462218858761394,0.3472815706225543,0.0,0.3472815706225543,0.42993074045844193,0.39993355467947345,1.179697729347946,0.576443608436232,0.0,4.316080391407013,49.32623624801636,0.10462154746055602
9.021999999999682,-0.17509081175983593,-0.001980798157932709,-0.17468218199036045,0.34653682437232314,0.0,0.34653682437232314,0.42994588236856746,0.39954721736090326,1.1780907154544096,0.5764431016239812,0.0,4.316080391407013,49.32623624801636,0.10462154746055602
9.031999999999686,-0.17510267385216896,-0.0008840253163712192,-0.17474562834365523,0.3471659298378498,0.0,0.3471659298378498,0.42996123624256805,0.3992117819288201,1.1785093608146742,0.5764425944680348,0.0,4.316080391407013,49.32623624801636,0.10462154746055602
9.041999999999689,-0.1751121181015246,-0.0009601918867581556,-0.17482375101885855,0.3475276765139634,0.0,0.3475276765139634,0.429976795734957,0.3984930541952171,1.178242416758877,0.5764420863677413,0.0,4.316080391407013,49.32623624801636,0.10462154746055602
9.051999999999692,-0.17512773285323427,-0.002211201290449596,-0.17491924418032473,0.34890101916809846,0.0,0.34890101916809846,0.4299925541212981,0.3976541347330184,1.179229795980733,0.576441577065098,0.0,4.251894682645798,49.375497698783875,0.10618786811828612
9.061999999999696,-0.1751614892477243,-0.00443788654045426,-0.1750327693077366,0.3500117170226531,0.0,0.3500117170226531,0.43000850625137715,0.3966058624897895,1.1797034543442149,0.5764410662254934,0.0,4.251894682645798,49.375497698783875,0.10618786811828612
9.071999999999699,-0.1752263537990374,-0.00803037159079049,-0.17517883041684768,0.3514799443297517,0.0,0.3514799443297517,0.430024650720147,0.3953851762076698,1.1804933192948073,0.5764405534018505,0.0,4.251894682645798,49.375497698783875,0.10618786811828612
9.081999999999702,-0.17532948511816945,-0.01167703351777588,-0.17534646550928656,0.35209355128529396,0.0,0.35209355128529396,0.4300409920094648,0.39405471364849,1.1800086373019294,0.5764400390520027,0.0,4.251894682645798,49.375497698783875,0.10618786811828612
9.091999999999706,-0.1754709605306532,-0.015739755920659473,-0.17553899816089752,0.35337242834469773,0.0,0.35337242834469773,0.43005754140392904,0.39254558093087877,1.1802960564649936,0.5764395229536682,0.0,4.251894682645798,49.375497698783875,0.10618786811828612
9.101999999999709,-0.17565517608468417,-0.020281063102548173,-0.17575711400484725,0.3550864862089559,0.0,0.3550864862089559,0.4300743167501474,0.3907972680377032,1.1808570235769813,0.5764390048166858,0.0,4.139770299196243,49.4917768239975,0.12577612996101378
9.111999999999712,-0.1758824172171052,-0.02443708445440309,-0.17598572900182646,0.35624790866501216,0.0,0.35624790866501216,0.4300913427454008,0.3890311846118175,1.180615890977051,0.5764384848037505,0.0,4.139770299196243,49.4917768239975,0.12577612996101378
9.121999999999716,-0.17615744042170417,-0.029670648049066536,-0.17625256976241674,0.3580964011526687,0.0,0.3580964011526687,0.430108650661686,0.3873830637468472,1.181371493712855,0.5764379622364554,0.0,4.139770299196243,49.4917768239975,0.12577612996101378
9.131999999999719,-0.17648400471438833,-0.0344548912848265,-0.17654373430195502,0.35923193279138266,0.0,0.35923193279138266,0.4301262786959556,0.3858581195782997,1.1812761298285759,0.5764374376841062,0.0,4.139770299196243,49.4917768239975,0.12577612996101378
9.141999999999722,-0.1768506843883348,-0.03811138786255974,-0.1768463049149371,0.36033284884054273,0.0,0.36033284884054273,0.43014427190411125,0.38431057030507215,1.1810603457398983,0.5764369117255084,0.0,4.139770299196243,49.4917768239975,0.12577612996101378
9.151999999999726,-0.17725037811857489,-0.04101154401586087,-0.17715900730305842,0.36131772162753684,0.0,0.36131772162753684,0.43016267987813545,0.38287938678518246,1.1807406130621187,0.5764363841651441,0.0,4.154806166887283,49.591408371925354,0.16385951042175292
9.161999999999729,-0.17767006550730016,-0.0425193925655419,-0.17746162648970754,0.36206206769906674,0.0,0.36206206769906674,0.4301815547494136,0.38143389457340177,1.180027610035429,0.5764358553341733,0.0,4.154806166887283,49.591408371925354,0.16385951042175292
9.171999999999732,-0.1781009339160745,-0.04332061093671909,-0.1777687604523796,0.3626979457280789,0.0,0.3626979457280789,0.43020094869008674,0.38026351393939917,1.1793628626038344,0.5764353253994015,0.0,4.154806166887283,49.591408371925354,0.16385951042175292
9.181999999999736,-0.1785343905184631,-0.043222455664143886,-0.17807517018107033,0.36335848535650117,0.0,0.36335848535650117,0.43022091203329316,0.3791165437511361,1.178677859487605,0.5764347946090722,0.0,4.154806166887283,49.591408371925354,0.16385951042175292
9.191999999999739,-0.17896350624067142,-0.042594532630533394,-0.17838259043574414,0.3640207757543634,0.0,0.3640207757543634,0.4302414917163688,0.3782602033422985,1.1782933190179359,0.576434262880128,0.0,4.154806166887283,49.591408371925354,0.16385951042175292
9.201999999999742,-0.17938498758137092,-0.041753647347611986,-0.1786927195575327,0.3649186320474279,0.0,0.3649186320474279,0.4302627301401249,0.37751903509066054,1.1782533821350987,0.576433730009839,0.0,4.32348507642746,49.58800554275513,0.17756953239440917
9.211999999999746,-0.17979427300475684,-0.0400416168577669,-0.1789933196922725,0.3649872627769114,0.0,0.3649872627769114,0.4302846647490128,0.3771056587976012,1.1773575335855415,0.5764331962666998,0.0,4.32348507642746,49.58800554275513,0.17756953239440917
9.221999999999749,-0.18017889573386467,-0.03738533853752855,-0.17928314426131833,0.3654966859257433,0.0,0.3654966859257433,0.43030732724700343,0.37690550449406557,1.1773238852612786,0.5764326622142992,0.0,4.32348507642746,49.58800554275513,0.17756953239440917
9.231999999999752,-0.18053730220491832,-0.03498239617496417,-0.17957479264741472,0.36642130599329037,0.0,0.36642130599329037,0.43033074192767196,0.3767931319728574,1.177923855332398,0.5764321272314211,0.0,4.32348507642746,49.58800554275513,0.17756953239440917
9.241999999999756,-0.18087303293712173,-0.032594993293517685,-0.17986800961792623,0.3667062345171649,0.0,0.3667062345171649,0.43035492575880535,0.37685405279268985,1.1778266028787954,0.5764315913176996,0.0,4.32348507642746,49.58800554275513,0.17756953239440917
9.251999999999759,-0.1811809110860222,-0.02987733598401078,-0.18015546152625891,0.36760528601390907,0.0,0.36760528601390907,0.43037988922912535,0.37678753871677106,1.1785225141102413,0.5764310547925791,0.0,4.393384039402008,49.59577143192291,0.17036576271057127
9.261999999999762,-0.18146855672331197,-0.028088000499477093,-0.18045218942038896,0.36841593576744214,0.0,0.36841593576744214,0.43040563628495904,0.37645743445098256,1.1787784904984961,0.5764305166915255,0.0,4.393384039402008,49.59577143192291,0.17036576271057127
9.271999999999766,-0.18173390344031562,-0.025357024082367334,-0.18073954646596754,0.3683217896725162,0.0,0.3683217896725162,0.4304321657443376,0.37607492383557606,1.1777687515897954,0.5764299782167607,0.0,4.393384039402008,49.59577143192291,0.17036576271057127
9.281999999999769,-0.18197048717629194,-0.022665444350561826,-0.18102334025665193,0.3692849999004786,0.0,0.3692849999004786,0.4304594713501191,0.3756366494696661,1.1782355673538318,0.5764294391008654,0.0,4.393384039402008,49.59577143192291,0.17036576271057127
9.291999999999772,-0.18217918594979016,-0.01975951554108275,-0.1813000864092916,0.36933302957054337,0.0,0.36933302957054337,0.4304875410862209,0.3750708864263114,1.1772682083383563,0.5764288995306909,0.0,4.393384039402008,49.59577143192291,0.17036576271057127
9.301999999999776,-0.1823623319633727,-0.0174697301807828,-0.18157800271655133,0.3700351399922074,0.0,0.3700351399922074,0.43051635762231477,0.374582455568393,1.1773327272956233,0.5764283590766979,0.0,4.273874640464783,49.642332792282104,0.16344145238399505
9.31199999999978,-0.18252573867498745,-0.015763669202488364,-0.18185739777307885,0.37078229220510867,0.0,0.37078229220510867,0.43054589919209413,0.3740721509066553,1.177469132187742,0.5764278176568718,0.0,4.273874640464783,49.642332792282104,0.16344145238399505
9.321999999999782,-0.18267671203348973,-0.01477976248079934,-0.18214275239907213,0.37148467598429635,0.0,0.37148467598429635,0.4305761410312145,0.37402654254704437,1.1780174467190252,0.5764272751205866,0.0,4.273874640464783,49.642332792282104,0.16344145238399505
9.331999999999786,-0.18282234425364194,-0.014447343694748123,-0.18243505501858365,0.3721983915975457,0.0,0.3721983915975457,0.4306070569732039,0.37417561224708057,1.1789095991796346,0.5764267313989792,0.0,4.273874640464783,49.642332792282104,0.16344145238399505
9.34199999999979,-0.18295916483617597,-0.012949448408338185,-0.18271066803290645,0.3717782992423279,0.0,0.3717782992423279,0.43063862078284987,0.37436392432608817,1.1782733148176379,0.5764261876755277,0.0,4.273874640464783,49.642332792282104,0.16344145238399505
9.351999999999792,-0.1830747853907747,-0.010451208035327326,-0.1829624677997798,0.37138854631386325,0.0,0.37138854631386325,0.43067080552383125,0.3748491058753155,1.1779876373071376,0.5764256443847896,0.0,4.049453765153885,49.694052934646606,0.16644531190395354
9.361999999999796,-0.18316168473069636,-0.007665506419017847,-0.18319194349424592,0.3713786769954959,0.0,0.3713786769954959,0.4307035814149136,0.375410919367023,1.1784840902338782,0.5764251015432962,0.0,4.049453765153885,49.694052934646606,0.16644531190395354
9.3719999999998,-0.18322503255958517,-0.005416430791709221,-0.18340781811199727,0.37104098890801807,0.0,0.37104098890801807,0.4307369148054879,0.3759029571345155,1.1785477728275682,0.5764245586916141,0.0,4.049453765153885,49.694052934646606,0.16644531190395354
9.381999999999802,-0.18326508231904048,-0.0033032406108720117,-0.18360356223051363,0.3712777954786337,0.0,0.3712777954786337,0.4307707690730565,0.3759625953164476,1.1790406017989565,0.5764240161943536,0.0,4.049453765153885,49.694052934646606,0.16644531190395354
9.391999999999806,-0.18329320323927106,-0.0027965520115434683,-0.18379973141110825,0.37169979606185777,0.0,0.37169979606185777,0.43080510528041316,0.3761969978730116,1.1799565241474421,0.576423473110937,0.0,4.049453765153885,49.694052934646606,0.16644531190395354
9.40199999999981,-0.18332212583221905,-0.0028104761062809278,-0.1839890614890258,0.3715963486819386,0.0,0.3715963486819386,0.4308398844306134,0.37617626921939185,1.1800501426785266,0.5764229297465161,0.0,3.880720019340515,49.74239528179169,0.17664262354373933
9.411999999999813,-0.183349990799273,-0.0027226553735767295,-0.18416032873266117,0.37152780983246053,0.0,0.37152780983246053,0.4308750696025998,0.37585922375679653,1.179959459186412,0.576422386560831,0.0,3.880720019340515,49.74239528179169,0.17664262354373933
9.421999999999816,-0.1833859695147014,-0.004248928691473865,-0.18433806777328332,0.37207397565710393,0.0,0.37207397565710393,0.430910625977226,0.37518889001098127,1.1803938616971428,0.5764218425801353,0.0,3.880720019340515,49.74239528179169,0.17664262354373933
9.43199999999982,-0.18344064233908947,-0.006360349270080482,-0.1845154197384937,0.37265074937934806,0.0,0.37265074937934806,0.4309465223475619,0.37432665756069466,1.1806851755470043,0.5764212981009638,0.0,3.880720019340515,49.74239528179169,0.17664262354373933
9.441999999999823,-0.18351782391459323,-0.00866629721358583,-0.18468916918568015,0.37276012362875066,0.0,0.37276012362875066,0.43098273285349425,0.37332696803064014,1.1802132322477021,0.5764207532729456,0.0,3.880720019340515,49.74239528179169,0.17664262354373933
9.451999999999826,-0.18361374483121248,-0.010213587084384164,-0.18484541192035628,0.37247043211330005,0.0,0.37247043211330005,0.4310192373343886,0.3723206044482969,1.1791620807132757,0.5764202087246438,0.0,3.8414559811353683,49.76148009300232,0.19313668012619017
9.46199999999983,-0.18372797147021108,-0.012364581154707425,-0.18499828117496223,0.37291840809460297,0.0,0.37291840809460297,0.43105602042246777,0.3711783369824912,1.1790372767374004,0.5764196637742874,0.0,3.8414559811353683,49.76148009300232,0.19313668012619017
9.471999999999833,-0.18387163991195796,-0.016010320689758932,-0.18516613651309066,0.3740572636262186,0.0,0.3740572636262186,0.43109307127358304,0.37005086947954385,1.1798241109932663,0.5764191176940797,0.0,3.8414559811353683,49.76148009300232,0.19313668012619017
9.481999999999836,-0.18406076660922593,-0.020491012794129772,-0.18535156428622654,0.3742529316738048,0.0,0.3742529316738048,0.4311303854413153,0.36926503639623054,1.1795903635615252,0.5764185703029353,0.0,3.8414559811353683,49.76148009300232,0.19313668012619017
9.49199999999984,-0.18428193222272152,-0.02318975507849914,-0.18551803118336388,0.37425335076316063,0.0,0.37425335076316063,0.4311679667490809,0.3686560791707878,1.1792989328859673,0.576418023251288,0.0,3.8414559811353683,49.76148009300232,0.19313668012619017
9.501999999999843,-0.18452632073165406,-0.025303439773483864,-0.1856754471740141,0.3744591200452567,0.0,0.3744591200452567,0.4312058249341616,0.3679283518617707,1.1791688598298418,0.5764174761122569,0.0,3.9801768511533737,49.74714279174805,0.2080185055732727
9.511999999999846,-0.1847925272711692,-0.02739843879702203,-0.18583089279040957,0.3744971857274393,0.0,0.3744971857274393,0.4312439734623212,0.3672444805743745,1.1787400559544736,0.576416928527964,0.0,3.9801768511533737,49.74714279174805,0.2080185055732727
9.52199999999985,-0.18507469999476897,-0.02882383258926715,-0.18597706661423044,0.3746306471379005,0.0,0.3746306471379005,0.43128242873761297,0.36653156299553463,1.1783899609838344,0.5764163809368485,0.0,3.9801768511533737,49.74714279174805,0.2080185055732727
9.531999999999853,-0.18536872970087265,-0.02983336424552301,-0.18611703134259625,0.3748002292394138,0.0,0.3748002292394138,0.4313212089649966,0.3657315235306638,1.1779910489977474,0.5764158332163754,0.0,3.9801768511533737,49.74714279174805,0.2080185055732727
9.541999999999856,-0.18567174185435575,-0.030476438661286534,-0.18625242502430525,0.3747656299625906,0.0,0.3747656299625906,0.43136033316392286,0.36487884995377506,1.1771639120392774,0.5764152853033034,0.0,3.9801768511533737,49.74714279174805,0.2080185055732727
9.55199999999986,-0.18598852263741408,-0.03283548046531526,-0.18641173405113146,0.37639812714145643,0.0,0.37639812714145643,0.431399820544835,0.36367469802221203,1.1782788012307586,0.5764147358407985,0.0,4.21395543217659,49.71686601638794,0.21040306091308592
9.561999999999863,-0.18633478309263057,-0.035911702792743506,-0.18659430713575176,0.3774612793956608,0.0,0.3774612793956608,0.43143969164738466,0.36241618070501347,1.178444391957057,0.5764141846592898,0.0,4.21395543217659,49.71686601638794,0.21040306091308592
9.571999999999866,-0.1867120565500057,-0.03881458480794412,-0.18679502338538495,0.3783186844310091,0.0,0.3783186844310091,0.431479970792267,0.3610633364317837,1.1781248617522286,0.5764136320277699,0.0,4.21395543217659,49.71686601638794,0.21040306091308592
9.58199999999987,-0.18711335920326674,-0.04101065137175012,-0.18700698658432796,0.37921813696741097,0.0,0.37921813696741097,0.4315206861344364,0.3597088462115176,1.1777680940044737,0.5764130782476169,0.0,4.21395543217659,49.71686601638794,0.21040306091308592
9.591999999999873,-0.18753462023798584,-0.04289637757772034,-0.18723500414104732,0.38015318989870067,0.0,0.38015318989870067,0.4315618682832152,0.3583391694367514,1.1774223610963792,0.5764125230420439,0.0,4.21395543217659,49.71686601638794,0.21040306091308592
9.601999999999876,-0.18797559210933587,-0.04503267190283781,-0.18748754721109345,0.38166358007397316,0.0,0.38166358007397316,0.4316035492945216,0.3570283371402195,1.1778160203919223,0.5764119659229356,0.0,4.35868176817894,49.683658480644226,0.20387232005596162
9.61199999999988,-0.18843810378914738,-0.04702569633963029,-0.18776320204444494,0.3828999159314205,0.0,0.3828999159314205,0.4316457625138169,0.355848714848041,1.1778375847791716,0.576411406814549,0.0,4.35868176817894,49.683658480644226,0.20387232005596162
9.621999999999883,-0.18891161411641264,-0.04741077551797504,-0.18804364771409132,0.383515873148826,0.0,0.383515873148826,0.4316885425340518,0.3546809527477038,1.1770037256703185,0.5764108466514573,0.0,4.35868176817894,49.683658480644226,0.20387232005596162
9.631999999999886,-0.18939263279225294,-0.04852323300706261,-0.18835397252886485,0.3852704866048839,0.0,0.3852704866048839,0.4317319233487112,0.3531608665422504,1.1773968211345347,0.5764102841194798,0.0,4.35868176817894,49.683658480644226,0.20387232005596162
9.64199999999989,-0.18988410492370358,-0.04948572151914775,-0.18868848634920432,0.38670913761674636,0.0,0.38670913761674636,0.43177593764976935,0.3515284831849226,1.1770851348307658,0.5764097194241322,0.0,4.35868176817894,49.683658480644226,0.20387232005596162
9.651999999999893,-0.19038321176263365,-0.050189492703934906,-0.1890463067072457,0.3883536299158137,0.0,0.3883536299158137,0.431820617290806,0.34996048165658006,1.1770377046892853,0.5764091525550621,0.0,4.378311961889267,49.67067301273346,0.19514573514461517
9.661999999999896,-0.19088498514701815,-0.05012824392502707,-0.18942109146866726,0.38981398339604284,0.0,0.38981398339604284,0.4318659928596587,0.3487195122681495,1.1769834676280504,0.5764085838057625,0.0,4.378311961889267,49.67067301273346,0.19514573514461517
9.6719999999999,-0.1913874639136053,-0.05029916719724581,-0.1898227719275026,0.3912582803268693,0.0,0.3912582803268693,0.43191209280025694,0.34773212968268286,1.1771376594319243,0.5764080125602623,0.0,4.378311961889267,49.67067301273346,0.19514573514461517
9.681999999999903,-0.19187913244348753,-0.04848978879510874,-0.19022233071941091,0.39221183301660495,0.0,0.39221183301660495,0.4319589429063094,0.34685131247519857,1.1767088732703852,0.5764074402585274,0.0,4.378311961889267,49.67067301273346,0.19514573514461517
9.691999999999906,-0.19235677299633627,-0.047344213752785816,-0.19064624318412682,0.3936882867234792,0.0,0.3936882867234792,0.4320065646437343,0.34600554638199915,1.1770475800125029,0.5764068655216806,0.0,4.378311961889267,49.67067301273346,0.19514573514461517
9.70199999999991,-0.19282059710644858,-0.04573486862648624,-0.19108297263356921,0.39484015543887985,0.0,0.39484015543887985,0.43205497460394326,0.34526911464210275,1.1769524639850806,0.5764062889169411,0.0,4.299756020307541,49.69079852104187,0.19246897101402283
9.711999999999913,-0.19326719987030558,-0.043923189476460525,-0.19153410233356533,0.3961969014321176,0.0,0.3961969014321176,0.4321041848140957,0.3443569888424065,1.1771369306462185,0.5764057104413951,0.0,4.299756020307541,49.69079852104187,0.19246897101402283
9.721999999999916,-0.19369434777712907,-0.04184936381577812,-0.19199505679592402,0.3973994641231526,0.0,0.3973994641231526,0.43215420243821884,0.3433378416719504,1.1769318893473715,0.5764051301478897,0.0,4.299756020307541,49.69079852104187,0.19246897101402283
9.73199999999992,-0.1941007342424237,-0.039867059274254414,-0.19246741769920764,0.3989133179116695,0.0,0.3989133179116695,0.4322050296353061,0.342236577723147,1.1771487341690587,0.5764045479295314,0.0,4.299756020307541,49.69079852104187,0.19246897101402283
9.741999999999923,-0.1944871561407978,-0.0378227805275641,-0.19294811814189602,0.3999035280462881,0.0,0.3999035280462881,0.43225666367454835,0.34133229659205594,1.1767273027116607,0.5764039639082765,0.0,4.299756020307541,49.69079852104187,0.19246897101402283
9.751999999999926,-0.19485436349601123,-0.03588441070951037,-0.19343736156686314,0.401043033351716,0.0,0.401043033351716,0.4323090973941371,0.34062394579623484,1.1768343084759667,0.5764033780682514,0.0,4.209663301706314,49.72765564918518,0.19636170566082
9.76199999999993,-0.19519810404227256,-0.03335184642480485,-0.1939233855731079,0.40203287275536825,0.0,0.40203287275536825,0.4323623195497762,0.3400298269993298,1.1769371076685453,0.5764027910471099,0.0,4.209663301706314,49.72765564918518,0.19636170566082
9.771999999999933,-0.19551636699310523,-0.030852698427177253,-0.19440806048114403,0.40283672516316804,0.0,0.40283672516316804,0.4324163144199787,0.33951495618503574,1.1768847732072483,0.5764022026811961,0.0,4.209663301706314,49.72765564918518,0.19636170566082
9.781999999999936,-0.19581404322951845,-0.02907209540000061,-0.19489844148936486,0.4038484061393108,0.0,0.4038484061393108,0.4324710617787797,0.33935556502618003,1.1775247860374842,0.576401612618353,0.0,4.209663301706314,49.72765564918518,0.19636170566082
9.79199999999994,-0.19609128977043064,-0.026790045373555234,-0.19537813644180335,0.4043492360489036,0.0,0.4043492360489036,0.4325265380035677,0.3392313824779964,1.177584003162696,0.5764010216651863,0.0,4.209663301706314,49.72765564918518,0.19636170566082
9.801999999999943,-0.19634526125915652,-0.02458033384987587,-0.19584905855840337,0.40504255450544996,0.0,0.40504255450544996,0.43258271638230616,0.3394616822232938,1.1783801179138746,0.5764004298217127,0.0,4.0860417783260345,49.76117432117462,0.2024493008852005
9.811999999999946,-0.19657772256266548,-0.022091313605276854,-0.1963067024061853,0.40515447387191883,0.0,0.40515447387191883,0.43263956697960626,0.3394751171730891,1.1783328548104668,0.5763998374860368,0.0,4.0860417783260345,49.76117432117462,0.2024493008852005
9.82199999999995,-0.19677950971816283,-0.018868838667458407,-0.19673444106654767,0.4050239821925168,0.0,0.4050239821925168,0.43269705679655346,0.33928948690915767,1.1777881484621802,0.5763992452856528,0.0,4.0860417783260345,49.76117432117462,0.2024493008852005
9.831999999999953,-0.19694189833057568,-0.014402650966324846,-0.1971182103811564,0.4043537909854992,0.0,0.4043537909854992,0.4327551485700798,0.33878844151968246,1.1763359700373206,0.5763986539893505,0.0,4.0860417783260345,49.76117432117462,0.2024493008852005
9.841999999999956,-0.1970708760841727,-0.01236055771101658,-0.19749831946134175,0.40558513462494256,0.0,0.40558513462494256,0.4328137995281144,0.3381641728865234,1.1774590908220832,0.5763980617691875,0.0,4.0860417783260345,49.76117432117462,0.2024493008852005
9.85199999999996,-0.19719431008727376,-0.012561700107225574,-0.19788626455298958,0.406492501155018,0.0,0.406492501155018,0.4328729632105511,0.3374192991746829,1.1781225132804747,0.576397468149125,0.0,3.9127118438482285,49.791805148124695,0.2109809249639511
9.861999999999963,-0.19732578526676678,-0.013680601416059604,-0.19827468330346015,0.4068936417188292,0.0,0.4068936417188292,0.43293259448287336,0.3368265800559279,1.1782551841634101,0.5763968737158872,0.0,3.9127118438482285,49.791805148124695,0.2109809249639511
9.871999999999966,-0.19746860726232435,-0.014735659292339134,-0.1986470973511827,0.40683520433588855,0.0,0.40683520433588855,0.4329926522414723,0.33653575226551025,1.1780985441590313,0.5763962789002485,0.0,3.9127118438482285,49.791805148124695,0.2109809249639511
9.88199999999997,-0.19762141328028604,-0.01565322415888722,-0.19899926479663355,0.40695226374305365,0.0,0.40695226374305365,0.4330530999447349,0.33614026386533186,1.1782450310309285,0.5763956839485208,0.0,3.9127118438482285,49.791805148124695,0.2109809249639511
9.891999999999973,-0.1977871513188278,-0.01738092017123131,-0.19934151071921685,0.40750014678049096,0.0,0.40750014678049096,0.43311390515598475,0.33582040607867875,1.1790723122699351,0.5763950884415721,0.0,3.9127118438482285,49.791805148124695,0.2109809249639511
9.901999999999976,-0.1979688115510236,-0.018419228236168234,-0.19965804441085072,0.4068568196423471,0.0,0.4068568196423471,0.43317503990485523,0.3353510457375638,1.1781967721214568,0.5763944932098565,0.0,3.8146844059228897,49.78963792324066,0.23186590969562532
9.91199999999998,-0.19815579151374654,-0.01910365016550338,-0.19994793419042195,0.4069654391423538,0.0,0.4069654391423538,0.4332364805837067,0.33485356114509823,1.1783690354616518,0.5763938985976113,0.0,3.8146844059228897,49.78963792324066,0.23186590969562532
9.921999999999983,-0.19836167188660891,-0.021539669750126125,-0.20023890383353954,0.4073515282804692,0.0,0.4073515282804692,0.4332982064394203,0.3342292712620756,1.1788176329026647,0.5763933030889861,0.0,3.8146844059228897,49.78963792324066,0.23186590969562532
9.931999999999986,-0.19858803396392596,-0.02344615444947653,-0.20050586435327225,0.4073861184628863,0.0,0.4073861184628863,0.4333602012693141,0.333675744716663,1.1788349476698547,0.5763927078338582,0.0,3.8146844059228897,49.78963792324066,0.23186590969562532
9.94199999999999,-0.19883247980573396,-0.02478365888513266,-0.20074760579439715,0.4064973448033915,0.0,0.4064973448033915,0.43342245375515936,0.3332958806000104,1.177685828630339,0.5763921129470234,0.0,3.8146844059228897,49.78963792324066,0.23186590969562532
9.951999999999993,-0.1990864707145112,-0.025856642865808646,-0.20096330079540517,0.4065280186298399,0.0,0.4065280186298399,0.4334849564090538,0.3331588957287123,1.1780824746949679,0.5763915185143437,0.0,4.027270406484604,49.76422309875488,0.2529788553714752
9.961999999999996,-0.19935126111166793,-0.026949234409410355,-0.20115751498530282,0.40649497600141243,0.0,0.40649497600141243,0.4335477041212458,0.33321698232287816,1.1785342140121056,0.5763909242960236,0.0,4.027270406484604,49.76422309875488,0.2529788553714752
9.972,-0.19962535280512128,-0.027834637190585036,-0.20133136142592564,0.4062784279463987,0.0,0.4062784279463987,0.43361069397011975,0.3333306838800713,1.1787724400175588,0.5763903304970515,0.0,4.027270406484604,49.76422309875488,0.2529788553714752
9.982000000000003,-0.19991069081957508,-0.028943433034004946,-0.2014931801498986,0.40601229488767776,0.0,0.40601229488767776,0.43367392491892187,0.33348534624928045,1.1789354788031583,0.5763897367700991,0.0,4.027270406484604,49.76422309875488,0.2529788553714752
9.992000000000006,-0.2002028635728737,-0.02936548367862878,-0.20163308969847626,0.40563198923364896,0.0,0.40563198923364896,0.43373739783080617,0.33377574851421665,1.1790356984379584,0.5763891436299574,0.0,4.027270406484604,49.76422309875488,0.2529788553714752
