t,df_hz,rocof_hz_s,dfv_hz,p_vsg_mw,p_pv_support_mw,p_bess_mw,p_diesel_mw,p_wind_mw,p_load_mw,soc,sat_mw,H_v,D_v,alpha
0.002,0.0,0.0,0.0,0.0,0.0,0.06453125010656707,0.425,0.37862863657576173,0.8681598866823288,0.3409728780249555,0.0,2.832872103154659,23.61870363354683,0.5168535530567169
0.012,-3.147144808513726e-06,-0.00035039245248129195,-6.878444622462118e-06,-9.374631069908813e-05,0.0,0.06443750379586799,0.425000000079364,0.37862863657576173,0.8680281678463575,0.3409727834475932,0.0,2.832872103154659,23.61870363354683,0.5168535530567169
0.022000000000000006,-9.890218807669852e-06,-0.001017503191970301,-2.0508775874655536e-05,0.00029468143516021015,0.0,0.06482593154172728,0.42500000079552425,0.3786173773118121,0.8685593300521458,0.3409726886371228,0.0,2.832872103154659,23.61870363354683,0.5168535530567169
0.032000000000000015,-1.616497112693559e-05,-0.0005696682572328879,-1.903106975007026e-05,0.0002544150202436676,0.0,0.06478566512681073,0.4250000033509956,0.3786047598070711,0.8685008047640261,0.340972594316512,0.0,2.832872103154659,23.61870363354683,0.5168535530567169
0.04200000000000002,-2.6109056071945833e-05,-0.0012220283137630386,-3.48104932795982e-05,0.000203369873957172,0.0,0.06473461998052424,0.4250000089609051,0.3785828162851803,0.8683911443874501,0.34097249941477564,0.0,2.832872103154659,23.61870363354683,0.5168535530567169
0.05200000000000003,-4.346240042642514e-05,-0.0020027630854547924,-5.7480863275995345e-05,0.0005803985884393364,0.0,0.06511164869500641,0.4250000193954613,0.3785837253890118,0.8689142644690683,0.3409724042484357,0.0,3.0119119288865477,25.506037771701813,0.5977778643369674
0.06200000000000004,-6.426796993808451e-05,-0.002219868450155451,-7.479873311339097e-05,0.000749259595524137,0.0,0.0652805097020912,0.4250000376296864,0.3785831082716961,0.8691417143591929,0.3409723091995315,0.0,3.0119119288865477,25.506037771701813,0.5977778643369674
0.07200000000000005,-8.677617369260164e-05,-0.002094421815123956,-8.909876656241933e-05,0.00027394191751756766,0.0,0.06480519202408463,0.4250000671820641,0.3785840115823287,0.8684661587204323,0.34097221422953344,0.0,3.0119119288865477,25.506037771701813,0.5977778643369674
0.08200000000000006,-0.00011174832548066885,-0.0026105815077641023,-0.00011369112823918149,0.00046761447864494945,0.0,0.06499886458521202,0.42500011163803325,0.3785848969707013,0.8687246671003327,0.3409721188704295,0.0,3.0119119288865477,25.506037771701813,0.5977778643369674
0.09200000000000007,-0.0001362839836134108,-0.002078291289135519,-0.00012491232498487508,0.00014942566712186918,0.0,0.06468067577368894,0.4250001747625841,0.37858576479240313,0.8682637726863427,0.3409720239512772,0.0,3.0119119288865477,25.506037771701813,0.5977778643369674
0.10200000000000008,-0.00015812005800952786,-0.0023705724445371684,-0.00014525383976316425,0.0008019961014795845,0.0,0.06533324620804666,0.42500025995583746,0.3785866153959681,0.8691606534717774,0.3409719286795249,0.0,3.1667585596442223,28.71876448392868,0.6043565362691878
0.11200000000000009,-0.0001805767454125961,-0.001999788673031336,-0.00015762106996247566,0.0004905382634991086,0.0,0.06502178837006618,0.4250003699951757,0.37858744912301506,0.8687055623412497,0.34097183362268885,0.0,3.1667585596442223,28.71876448392868,0.6043565362691878
0.1220000000000001,-0.0002012028058318663,-0.0020555048890769064,-0.00017481018541560224,0.00033258005756509057,0.0,0.06486383016413216,0.4250005074038056,0.37858826630838477,0.8684641775588088,0.3409717383655428,0.0,3.1667585596442223,28.71876448392868,0.6043565362691878
0.1320000000000001,-0.00021739607640685617,-0.001540074321609085,-0.00018260225724780086,0.0006861851429331757,0.0,0.06521743524950024,0.42500067412900727,0.3785890672802749,0.8689383304633291,0.3409716434366176,0.0,3.1667585596442223,28.71876448392868,0.6043565362691878
0.1420000000000001,-0.00022994134382721147,-0.0007323443959456704,-0.0001850662708788772,-0.0001864677019800765,0.0,0.06434478240458699,0.4250008712915243,0.3785898523603711,0.8676957873879633,0.34097154868811647,0.0,3.1667585596442223,28.71876448392868,0.6043565362691878
0.1520000000000001,-0.0002234205533672067,0.0015398630057522852,-0.00015719484542335265,-0.000695390235116056,0.0,0.06383585987145102,0.42500109876567915,0.3785906218639768,0.8669661672361783,0.3409714550837922,0.0,3.2209684252738953,30.592357218265533,0.5742412149906158
0.16200000000000012,-0.00019452836523761434,0.0040665562198131874,-0.00011210293326819956,-0.0013937126570056268,0.0,0.06313753744956145,0.42500135303158343,0.37859137610013943,0.8659788229264115,0.3409713621833869,0.0,3.2209684252738953,30.592357218265533,0.5742412149906158
0.17200000000000013,-0.00014155148841604344,0.0058944187543390845,-6.042373009492711e-05,-0.0012747970850520908,0.0,0.06325645302151499,0.4250016263041347,0.37859211537177484,0.8661468626359802,0.34097126962440405,0.0,3.2209684252738953,30.592357218265533,0.5742412149906158
0.18200000000000013,-7.288592785418353e-05,0.007554470984531266,-7.677436170133492e-07,-0.0016323470732178852,0.0,0.06289890303334919,0.4250019069021716,0.3785928399757888,0.8656599274650635,0.3409711774602394,0.0,3.2209684252738953,30.592357218265533,0.5742412149906158
0.19200000000000014,8.791197636220775e-06,0.00864196164765125,6.048149020078516e-05,-0.0018861781857683238,0.0,0.06264507192079875,0.42500218074547147,0.3785935502031963,0.8653318308355735,0.34097108546422655,0.0,3.2209684252738953,30.592357218265533,0.5742412149906158
0.20200000000000015,0.000105800734178971,0.010256624895372546,0.00013899716608224913,-0.0021121832451496403,0.0,0.06241906686141743,0.42500243205346405,0.37859424633923844,0.8650577728439225,0.34097099424903216,0.0,3.24889187887311,31.370468735694885,0.5415768325328827
0.21200000000000016,0.00021472227718905815,0.01126527456786219,0.00021866965168946775,-0.0023512800328114774,0.0,0.06217997007375559,0.4250026433117357,0.3785949286634968,0.8647818270314026,0.3409709032455688,0.0,3.24889187887311,31.370468735694885,0.5415768325328827
0.22200000000000017,0.0003217802137229515,0.010141379905452313,0.00027245180311179446,-0.0016476749102564408,0.0,0.06288357519631063,0.4250027960184103,0.3785955974500061,0.8658406883627652,0.340970811389654,0.0,3.24889187887311,31.370468735694885,0.5415768325328827
0.23200000000000018,0.00041597993130248307,0.008577108787892217,0.0003147892273873313,-0.0009243943382269142,0.0,0.06360685576834016,0.4250028732979269,0.3785962529673638,0.8669378484194346,0.34097071919162636,0.0,3.24889187887311,31.370468735694885,0.5415768325328827
0.2420000000000002,0.00048443361644546,0.005957939936588942,0.0003301643445464126,-0.0009786461407671257,0.0,0.06355260396579995,0.42500286215653854,0.3785968954788385,0.8669520433391315,0.3409706260189763,0.0,3.24889187887311,31.370468735694885,0.5415768325328827
0.25200000000000017,0.0005333976205559341,0.0045522236112618,0.0003512964835384755,-0.0014555692629351616,0.0,0.06307568084363191,0.42500275512193525,0.37859752524247514,0.8663762588766183,0.3409705330925324,0.0,3.2050290256738663,31.77576392889023,0.5136157244443893
0.2620000000000002,0.000577083473395065,0.003982555294015703,0.0003830466273917272,-0.0009954642942907013,0.0,0.06353578581227637,0.4250025489513139,0.378598142511199,0.867113866734017,0.34097044061899845,0.0,3.2050290256738663,31.77576392889023,0.5136157244443893
0.2720000000000002,0.0006109579113991239,0.003345513087527092,0.0004111430726889277,-0.001539739859572441,0.0,0.06299151024699463,0.42500224221308214,0.37859874753291717,0.8664442978843352,0.34097034805579896,0.0,3.2050290256738663,31.77576392889023,0.5136157244443893
0.2820000000000002,0.0006431987917444287,0.002953319805138232,0.00044480639124722153,-0.0012222328274617122,0.0,0.06330901727910536,0.42500183516152507,0.37859934055061795,0.8669794995987068,0.34097025576541656,0.0,3.2050290256738663,31.77576392889023,0.5136157244443893
0.2920000000000002,0.0006682329891518385,0.0024108181916719534,0.0004752314668472759,-0.0015962010197492335,0.0,0.06293504908681784,0.4250013288194491,0.3785999218024688,0.8665423399796565,0.3409701634081488,0.0,3.2050290256738663,31.77576392889023,0.5136157244443893
0.3020000000000002,0.0006951419661032659,0.0028641850056400674,0.0005225733235754683,-0.0019094387370109781,0.0,0.0626218113695561,0.4250007252796939,0.37860049152191166,0.8661854477502947,0.34097007174980654,0.0,3.15127488411963,31.72634243965149,0.4956454783678055
0.3120000000000002,0.0007256528636126303,0.0032020824123387094,0.0005739996059336133,-0.0019258214257566078,0.0,0.06260542868081047,0.4250000264193501,0.3786010499377569,0.8662393258137011,0.3409699803077837,0.0,3.15127488411963,31.72634243965149,0.4956454783678055
0.32200000000000023,0.0007568508640401344,0.003272300297590389,0.0006249289909821482,-0.0024214746271517765,0.0,0.0621097754794153,0.4249992334305527,0.37860159727427506,0.8656162780772705,0.34096988894035074,0.0,3.15127488411963,31.72634243965149,0.4956454783678055
0.33200000000000024,0.0007853049945822586,0.002513000510415299,0.0006656035074584306,-0.0019056994743823815,0.0,0.0626255506321847,0.4249983473285794,0.37860213375128715,0.8664020724003186,0.340969797286501,0.0,3.15127488411963,31.72634243965149,0.4956454783678055
0.34200000000000025,0.0008120719217877848,0.0029660887741525172,0.0007220723360736506,-0.0025607871159510575,0.0,0.06197046299061602,0.42499736966969154,0.3786026595842526,0.8655398123990953,0.3409697062973815,0.0,3.15127488411963,31.72634243965149,0.4956454783678055
0.35200000000000026,0.0008433628193056847,0.0030177690353439817,0.0007777574505329972,-0.0020712987849651455,0.0,0.062459951321601925,0.4249963022029689,0.37860317498435614,0.8662725170649105,0.34096961538264314,0.0,3.11497151106596,31.35240226984024,0.48595191538333893
0.36200000000000027,0.0008663290415382121,0.0015415564436715467,0.0008096637758342964,-0.001433424869439271,0.0,0.0630978252371278,0.42499514610325356,0.37860368015859247,0.8672032717028288,0.3409695236559042,0.0,3.11497151106596,31.35240226984024,0.48595191538333893
0.3720000000000003,0.0008717216226119333,-9.10824269040182e-05,0.0008281122056942638,-0.001333857328629429,0.0,0.06319739277793765,0.42499390413299,0.37860417530984936,0.867366837178335,0.3409694314830235,0.0,3.11497151106596,31.35240226984024,0.48595191538333893
0.3820000000000003,0.000859039119960023,-0.0019339804602061807,0.0008316058545048508,-0.0011478605481063892,0.0,0.06338338955846068,0.42499258220818625,0.378604660636989,0.8676357123797938,0.3409693387873563,0.0,3.11497151106596,31.35240226984024,0.48595191538333893
0.3920000000000003,0.0008285671107553782,-0.003992447522769489,0.000819707087416316,-0.0004773740180973389,0.0,0.06405387608846973,0.42499118936106073,0.3786051363349282,0.8685653140696121,0.34096924553115254,0.0,3.11497151106596,31.35240226984024,0.48595191538333893
0.4020000000000003,0.000771702262992606,-0.006924138183162976,0.0007776322739191475,0.0005242785751603607,0.0,0.06505552868172744,0.4249897377862165,0.37860560259471643,0.8699376372467968,0.3409691511349454,0.0,3.0630269711837173,30.97210705280304,0.4799774795770645
0.4120000000000003,0.0006863013339594693,-0.009539057823696887,0.0007181996833718297,0.0006131534204038816,0.0,0.06514440352697096,0.424988243917675,0.37860605960361265,0.8700077724059526,0.3409690560290433,0.0,3.0630269711837173,30.97210705280304,0.4799774795770645
0.4220000000000003,0.0005808515070880193,-0.010811638221893743,0.0006595107432585811,0.00018047393531645648,0.0,0.06471172404188352,0.4249867284959552,0.37860650754516056,0.869322378941047,0.3409689608368668,0.0,3.0630269711837173,30.97210705280304,0.4799774795770645
0.43200000000000033,0.0004743144233692155,-0.01053825543522185,0.0006160596970008043,0.00026286319019837046,0.0,0.06479411329676545,0.42498521454425786,0.37860694659926203,0.8693355346195044,0.3409688660996271,0.0,3.0630269711837173,30.97210705280304,0.4799774795770645
0.44200000000000034,0.00037222099375459986,-0.010086925233214755,0.0005731383166251173,0.00037949403411463985,0.0,0.06491074414068171,0.42498372402128465,0.3786073769422496,0.8693771686136225,0.3409687713045778,0.0,3.0630269711837173,30.97210705280304,0.4799774795770645
0.45200000000000035,0.00027390272973510586,-0.009746608606815347,0.0005257259585645443,0.0005306394244531403,0.0,0.06506188953102021,0.4249822766067684,0.3786077987469575,0.8694499324261012,0.34096867627018307,0.0,3.0174396147485822,30.535250306129456,0.4807340055704117
0.46200000000000035,0.00018391884996661392,-0.008525010312512604,0.0004888779034675262,0.0003377771696794033,0.0,0.06486902727624648,0.42498088978856674,0.37860821218279056,0.8690269543994961,0.34096858153837695,0.0,3.0174396147485822,30.535250306129456,0.4807340055704117
0.47200000000000036,0.00010363270529944504,-0.008081959818900948,0.0004416984712092262,0.000977141624426575,0.0,0.06550839173099365,0.42497957821366694,0.3786086174157926,0.8697592546530496,0.34096848637491567,0.0,3.0174396147485822,30.535250306129456,0.4807340055704117
0.4820000000000004,1.652579345008499e-05,-0.009080685743340502,0.00036405434482496073,0.0013691212852201171,0.0,0.06590037139178719,0.4249783539709921,0.37860901460871305,0.8701357365408662,0.3409683900254477,0.0,3.0174396147485822,30.535250306129456,0.4807340055704117
0.4920000000000004,-7.156277882531608e-05,-0.008510773111501703,0.0002985527253014365,0.0012268271395700736,0.0,0.06575807724613715,0.42497722913438424,0.3786094039210723,0.8697565366665628,0.3409682939719122,0.0,3.0174396147485822,30.535250306129456,0.4807340055704117
0.5020000000000003,-0.00015280392777393054,-0.007573974801786779,0.00023495336999742418,0.0010034548476898417,0.0,0.06553470495425691,0.42497621510087397,0.3786097855092257,0.8692607726835245,0.3409681978671294,0.0,3.007841897313483,30.131539404392242,0.48487781286239623
0.5120000000000003,-0.00022282534430984735,-0.006519275952836537,0.0001730424801513228,0.0011368132919049327,0.0,0.065668063398472,0.4249753210397185,0.37861015952642635,0.869265812049631,0.34096810171417924,0.0,3.007841897313483,30.131539404392242,0.48487781286239623
0.5220000000000004,-0.00028052103957141417,-0.005196901556351121,0.00011573308980875745,0.0010756566825016584,0.0,0.06560690678906873,0.4249745532820793,0.37861052612288687,0.869003926303315,0.34096800561736146,0.0,3.007841897313483,30.131539404392242,0.48487781286239623
0.5320000000000004,-0.00032877845300527685,-0.004672685873549608,4.7703526011097175e-05,0.0016884365177901033,0.0,0.06621968662435718,0.42497391527809153,0.3786108854458394,0.8696946820207652,0.3409679090379562,0.0,3.007841897313483,30.131539404392242,0.48487781286239623
0.5420000000000004,-0.0003721233435204217,-0.004043040442722533,-2.187944841654747e-05,0.0016368071790281806,0.0,0.06616805728559526,0.42497340834054076,0.3786112376395951,0.8694664533694945,0.3409678122803979,0.0,3.007841897313483,30.131539404392242,0.48487781286239623
0.5520000000000004,-0.0004055559217764373,-0.0029574250037146797,-8.429163427856729e-05,0.0018046132606161884,0.0,0.06633586336718326,0.424973032433066,0.3786115828456017,0.869560180086895,0.34096771565467965,0.0,3.0349478516727686,29.879654943943024,0.4898493260145187
0.5620000000000004,-0.0004407192258131858,-0.0039033282673704758,-0.00017846446943045995,0.002448652895330062,0.0,0.06697990300189713,0.42497278577757625,0.3786119212025007,0.8703368893734217,0.3409676177566839,0.0,3.0349478516727686,29.879654943943024,0.4898493260145187
0.5720000000000004,-0.0004825658263295026,-0.004072217804870193,-0.0002709188469044536,0.0023877377051253856,0.0,0.06691898781169246,0.424972666827255,0.37861225284618266,0.8701419186682687,0.34096751975065953,0.0,3.0349478516727686,29.879654943943024,0.4898493260145187
0.5820000000000004,-0.0005251370867341259,-0.004340194231722241,-0.0003678855344993522,0.0027814076179978548,0.0,0.06731265772456493,0.42497267510388825,0.37861257790984215,0.8706007433163497,0.3409674214235953,0.0,3.0349478516727686,29.879654943943024,0.4898493260145187
0.5920000000000004,-0.002506575939086454,-0.3711356546292119,-0.0064915106831460396,0.1882253959851042,0.0,0.25275664609167126,0.4249728349438725,0.378612896524031,1.1299042760098206,0.34096710581417256,0.0,3.0349478516727686,29.879654943943024,0.4898493260145187
0.6020000000000004,-0.0079503842890726,-0.6268782385081876,-0.013291383368066692,0.18897328777652922,0.0,0.2535045378830963,0.4249735545120462,0.3786132088167109,1.1296519349994685,0.34096673602649785,0.0,4.488429009914398,41.059855818748474,0.20493584275245666
0.6120000000000004,-0.014776087320502456,-0.711801696835718,-0.017888446497210324,0.19065202375472234,0.0,0.2551832738612894,0.42497582223235947,0.3786135149133045,1.129494947433363,0.34096636399237423,0.0,4.488429009914398,41.059855818748474,0.20493584275245666
0.6220000000000004,-0.022155557900271024,-0.7503077486473234,-0.02234884494574484,0.19330761610478336,0.0,0.25783886621135044,0.4249808501049359,0.3786138149367463,1.1294128727185102,0.3409659882300687,0.0,4.488429009914398,41.059855818748474,0.20493584275245666
0.6320000000000005,-0.029722710943706397,-0.7579874368193268,-0.026678941028407812,0.1966079681326362,0.0,0.2611392182392033,0.4249898778034061,0.3786141090075313,1.1289984610918924,0.3409656087319524,0.0,4.488429009914398,41.059855818748474,0.20493584275245666
0.6420000000000005,-0.03724793174211241,-0.7465123164638227,-0.030918825428397502,0.20009067478424872,0.0,0.2646219248908158,0.42500409625233704,0.378614397243764,1.127690820658299,0.3409652236573715,0.0,4.488429009914398,41.059855818748474,0.20493584275245666
0.6520000000000005,-0.044587872095983985,-0.7300983061908775,-0.0353200674421293,0.20500820136614517,0.0,0.26953945147271224,0.42502460389009505,0.3786146797612057,1.1273564131192568,0.34096483253099286,0.0,3.641249790787697,36.211058497428894,0.13332812190055846
0.6620000000000005,-0.051892704455286896,-0.7274826275695175,-0.040608723457447676,0.21062270433019084,0.0,0.27515395443675794,0.4250523896286807,0.378614956673321,1.1271699863807148,0.3409644336691177,0.0,3.641249790787697,36.211058497428894,0.13332812190055846
0.6720000000000005,-0.05904973591802452,-0.7060826535937228,-0.045843532914617756,0.21716144878755478,0.0,0.28169269889412185,0.42508835564758335,0.37861522809132314,1.1276429709491231,0.3409640259545428,0.0,3.641249790787697,36.211058497428894,0.13332812190055846
0.6820000000000005,-0.06592232039094463,-0.6734937799854953,-0.05104993334159508,0.223771090428946,0.0,0.28830234053551307,0.4251333076728557,0.3786154941242187,1.1277333018697027,0.34096360838876566,0.0,3.641249790787697,36.211058497428894,0.13332812190055846
0.6920000000000005,-0.07241562222681487,-0.6322046702536342,-0.05621326962287086,0.2299928228131312,0.0,0.2945240729196983,0.4251879340108313,0.3786157548788517,1.1269627734386776,0.3409631816641115,0.0,3.641249790787697,36.211058497428894,0.13332812190055846
0.7020000000000005,-0.078487866090722,-0.5971447625057743,-0.06165027551675459,0.23672837378681,0.0,0.30125962389337707,0.42525279422674067,0.37861601045994614,1.126767791958033,0.340962745043871,0.0,2.585709184408188,41.40193045139313,0.19126937091350554
0.7120000000000005,-0.08440833268840002,-0.5853162509877858,-0.068157078277479,0.24396899787069945,0.0,0.3085002479772665,0.4253283257647921,0.3786162609701485,1.127402101557009,0.34096229832048347,0.0,2.585709184408188,41.40193045139313,0.19126937091350554
0.7220000000000005,-0.09007565624755198,-0.552647891540518,-0.07446637655024926,0.25062295965398246,0.0,0.31515420976054953,0.425414888477575,0.3786165065100684,1.1275537792624508,0.34096184200840535,0.0,2.585709184408188,41.40193045139313,0.19126937091350554
0.7320000000000005,-0.09536264736835316,-0.5118076875806942,-0.08063758309719635,0.25769337751083565,0.0,0.3222246276174027,0.42551275945521116,0.37861674717831945,1.1287706144658545,0.340961374730649,0.0,2.585709184408188,41.40193045139313,0.19126937091350554
0.7420000000000005,-0.10020134460631389,-0.46489989198150294,-0.0866217337238766,0.2640327823442208,0.0,0.32856403245078786,0.4256221133771699,0.3786169830715587,1.1295792847661774,0.3409608983467294,0.0,2.585709184408188,41.40193045139313,0.19126937091350554
0.7520000000000006,-0.10454935853543278,-0.41049747096740513,-0.09225247336852867,0.27004131914347296,0.0,0.33457256925004003,0.42574301590607627,0.37861721428452544,1.1306635710324722,0.34096041283613054,0.0,2.9207878962159155,42.995396852493286,0.1729681760072708
0.7620000000000006,-0.10822093609344516,-0.3399619136343346,-0.09700538273619493,0.27476776959862836,0.0,0.33929901970519544,0.425875418580103,0.3786174409100792,1.1307429376956302,0.3409599193579516,0.0,2.9207878962159155,42.995396852493286,0.1729681760072708
0.7720000000000006,-0.11125517681000305,-0.2803377903225885,-0.10158820728651445,0.2785732684843549,0.0,0.34310451859092195,0.42601913911021067,0.3786176630392373,1.1303883530250933,0.3409594199100107,0.0,2.9207878962159155,42.995396852493286,0.1729681760072708
0.7820000000000006,-0.11374160045003638,-0.22849039290637066,-0.10598347014858647,0.2817836296490184,0.0,0.34631487975558545,0.42617387311367994,0.37861788076121095,1.1301457782290454,0.3409589155315035,0.0,2.9207878962159155,42.995396852493286,0.1729681760072708
0.7920000000000006,-0.11575474920165602,-0.1838276133013148,-0.11019248882579884,0.2843382138782329,0.0,0.34886946398479995,0.4263392198479857,0.37861809416344155,1.1300003443490927,0.34095840664535715,0.0,2.9207878962159155,42.995396852493286,0.1729681760072708
0.8020000000000006,-0.11733438259075607,-0.13380784532332882,-0.11387611777834833,0.2867683655506103,0.0,0.3512996156571774,0.42651470347380693,0.37861830333163565,1.130744671271338,0.34095789421149825,0.0,4.691502183675766,44.20176684856415,0.1766144871711731
0.8120000000000006,-0.118205516646612,-0.06023129789533037,-0.11612717480320477,0.28791768277502666,0.0,0.35244893288159374,0.42669977934687325,0.3786185083497991,1.130686282893371,0.34095737964868844,0.0,4.691502183675766,44.20176684856415,0.1766144871711731
0.8220000000000006,-0.11849794435634245,-0.011321173639168049,-0.11828670270413938,0.2880560127021153,0.0,0.35258726280868236,0.4268938023732275,0.3786187093002713,1.1301605958527396,0.34095686438028533,0.0,4.691502183675766,44.20176684856415,0.1766144871711731
0.8320000000000006,-0.11841202651380804,0.020114051877245236,-0.12035869744860338,0.2881746374301451,0.0,0.35270588753671217,0.42709604983283755,0.37861890626375777,1.1305649762714105,0.34095634842002176,0.0,4.691502183675766,44.20176684856415,0.1766144871711731
0.8420000000000006,-0.11808446547742105,0.03977370456955537,-0.12232709117332438,0.2879849967826491,0.0,0.3525162468892162,0.42730576566445844,0.37861909931936294,1.1314829469760965,0.34095583289634135,0.0,4.691502183675766,44.20176684856415,0.1766144871711731
0.8520000000000006,-0.11760195568634092,0.05600899032796479,-0.12404502938835762,0.2863685486835864,0.0,0.3508997987901535,0.4275221903955147,0.37861928854462157,1.1313171501117143,0.3409553190578546,0.0,5.848463654518127,46.94643020629883,0.12224262356758117
0.8620000000000007,-0.11690479140459989,0.07656439040462497,-0.1251537022633586,0.2851258122215059,0.0,0.349657062328073,0.4277445762298152,0.37861947401553014,1.1324995581035169,0.3409548070904142,0.0,5.848463654518127,46.94643020629883,0.12224262356758117
0.8720000000000007,-0.11608417647026847,0.08449758244291031,-0.12617122550264934,0.2820653821658185,0.0,0.3465966322723856,0.42797218225906875,0.37861965580657747,1.1318730347475863,0.34095429840652247,0.0,5.848463654518127,46.94643020629883,0.12224262356758117
0.8820000000000007,-0.11523168439308362,0.08495326809582941,-0.12707602535362436,0.2784224864372179,0.0,0.34295373654378497,0.4282042881562268,0.3786198339907743,1.1310976471497063,0.3409537947604978,0.0,5.848463654518127,46.94643020629883,0.12224262356758117
0.8920000000000007,-0.11440625194752227,0.08024810256999004,-0.12785851359887165,0.2743157155425699,0.0,0.33884696564913697,0.4284402113838238,0.37862000863968287,1.1302612222342492,0.3409532971315683,0.0,5.848463654518127,46.94643020629883,0.12224262356758117
0.9020000000000007,-0.11366329316040683,0.07006672928220573,-0.1285281628052567,0.27049724090315425,0.0,0.3350284910097213,0.42867931726380204,0.3786201798234455,1.1303253151712238,0.34095280463087296,0.0,5.0893605053424835,48.010907769203186,0.0682694435119629
0.9120000000000007,-0.11304285105598658,0.05626307441825473,-0.129056168458708,0.26696051125187675,0.0,0.3314917613584438,0.42892102674299976,0.37862034761081287,1.131172723562785,0.34095231737412746,0.0,5.0893605053424835,48.010907769203186,0.0682694435119629
0.9220000000000007,-0.11257023221669767,0.04103887848458474,-0.12944288965008363,0.26205693219341825,0.0,0.3265881822999853,0.42916482120332555,0.3786205120691718,1.1303813283951087,0.3409518372001025,0.0,5.0893605053424835,48.010907769203186,0.0682694435119629
0.9320000000000007,-0.11226364152065091,0.023543099203447975,-0.12970307583294027,0.2574282994026698,0.0,0.3219595495092369,0.42941024377782827,0.3786206732645718,1.1301369814776114,0.3409513636165773,0.0,5.0893605053424835,48.010907769203186,0.0682694435119629
0.9420000000000007,-0.11213966989375242,0.004779687602184503,-0.12983694284523495,0.2529254051142187,0.0,0.31745665522078576,0.42965689924476574,0.3786208312617522,1.130113748874392,0.34095089696539255,0.0,5.0893605053424835,48.010907769203186,0.0682694435119629
0.9520000000000007,-0.11221198501541431,-0.015973927363273917,-0.12987524763636962,0.24865600735528434,0.0,0.3131872574618514,0.4299044534431616,0.3786209861241676,1.1303459865560967,0.3409504368388738,0.0,3.9707604348659515,47.42552101612091,0.05560439229011535
0.9620000000000007,-0.11250779690878349,-0.03854221744422812,-0.12986040519951833,0.24422992101637303,0.0,0.3087611711229401,0.4301526325608847,0.3786211379140137,1.130176230357328,0.34094998297477114,0.0,3.9707604348659515,47.42552101612091,0.05560439229011535
0.9720000000000008,-0.11301616790354686,-0.05878932198167684,-0.12970819316972856,0.23969137258253345,0.0,0.3042226226891005,0.4304012234830611,0.3786212866922523,1.1295561858514402,0.3409495356821545,0.0,3.9707604348659515,47.42552101612091,0.05560439229011535
0.9820000000000008,-0.11372086685170943,-0.07809774154019541,-0.12944482398901877,0.23613435733524676,0.0,0.3006656074418138,0.43065006853742505,0.37862143251863567,1.129911548324685,0.34094909410264496,0.0,3.9707604348659515,47.42552101612091,0.05560439229011535
0.9920000000000008,-0.11461587386041576,-0.09676755500416262,-0.12909425752574682,0.23260452259859388,0.0,0.29713577270516095,0.4308990589047776,0.3786215754517304,1.1298068838711364,0.3409486574015856,0.0,3.9707604348659515,47.42552101612091,0.05560439229011535
1.0020000000000007,-0.11568298926598049,-0.11423057409230353,-0.12869388277887414,0.22907645032198515,0.0,0.2936077004285522,0.43114812979225275,0.3786217155489413,1.1291200471908596,0.3409482263275099,0.0,3.5632759630680084,45.7952618598938,0.0784004509449005
1.0120000000000007,-0.11694733157226964,-0.13380101621865773,-0.12839913346253193,0.2261112408623981,0.0,0.29064249096896516,0.4313972553851073,0.37862185286653405,1.1285804015660919,0.3409477999121358,0.0,3.5632759630680084,45.7952618598938,0.0784004509449005
1.0220000000000007,-0.1183839713922453,-0.14972464380023834,-0.1280528483879517,0.22437315704480343,0.0,0.2889044071513705,0.4316464487672881,0.3786219874596581,1.1290660800242276,0.3409473764967683,0.0,3.5632759630680084,45.7952618598938,0.0784004509449005
1.0320000000000007,-0.11995246682072037,-0.1609845941886632,-0.1276525563886297,0.22190455148892088,0.0,0.286435801595488,0.4318957556619847,0.3786221193823685,1.1277873156326272,0.34094695631690936,0.0,3.5632759630680084,45.7952618598938,0.0784004509449005
1.0420000000000007,-0.1216075127822663,-0.16849668751620367,-0.12721701116776568,0.22117622064327433,0.0,0.2857074707498414,0.43214524422058376,0.3786222486876481,1.1281742452382988,0.34094653873049807,0.0,3.5632759630680084,45.7952618598938,0.0784004509449005
1.0520000000000007,-0.12334043183404143,-0.17873116223374413,-0.12690964839183755,0.22106391371691167,0.0,0.2855951638234787,0.43239499538768167,0.3786223754274283,1.1286361997213497,0.3409461213255477,0.0,4.492199748754501,42.65786409378052,0.13846043944358824
1.0620000000000007,-0.12524559946827585,-0.19698204160205302,-0.12704592419575028,0.22188293211839644,0.0,0.2864141822249635,0.43264510194846173,0.3786224996526104,1.1296432801446903,0.3409457030975418,0.0,4.492199748754501,42.65786409378052,0.13846043944358824
1.0720000000000007,-0.12727667192376882,-0.2061585236752246,-0.12719640998331644,0.2225288826303147,0.0,0.2870601327368818,0.43289568051030686,0.3786226214130855,1.1296785586544966,0.34094528377034294,0.0,4.492199748754501,42.65786409378052,0.13846043944358824
1.0820000000000007,-0.12935662186103003,-0.208423177380856,-0.12736810360782017,0.22378969060497825,0.0,0.28832094071154535,0.43314686397061397,0.37862274075775504,1.1298683067998474,0.34094486293389686,0.0,4.492199748754501,42.65786409378052,0.13846043944358824
1.0920000000000007,-0.13142559031409964,-0.20532649390868524,-0.12756985668295606,0.2255037155182345,0.0,0.2900349656248016,0.43339878557337,0.37862285773455007,1.1300251506785588,0.3409444400627117,0.0,4.492199748754501,42.65786409378052,0.13846043944358824
1.1020000000000008,-0.13344412351424711,-0.19914534889279786,-0.1278280551233317,0.22805466087126575,0.0,0.2925859109778328,0.4336515671825478,0.37862297239045073,1.130737532385507,0.3409440137393656,0.0,5.591345310211182,42.12019741535187,0.18540709018707274
1.1120000000000008,-0.13538138259048413,-0.18961473826045522,-0.12814228933185443,0.23086544152565788,0.0,0.29539669163222493,0.4339053120808861,0.37862308477150514,1.131259076097262,0.34094358368302724,0.0,5.591345310211182,42.12019741535187,0.18540709018707274
1.1220000000000008,-0.13720765731604548,-0.17760692264434708,-0.12851602099171522,0.23415921729297043,0.0,0.29869046739953753,0.4341600999785467,0.37862319492284763,1.131974043397261,0.34094314890577354,0.0,5.591345310211182,42.12019741535187,0.18540709018707274
1.1320000000000008,-0.13889471144626903,-0.16244114026753753,-0.1289427063850744,0.23729963098921777,0.0,0.3018308810957848,0.43441598279149457,0.37862330288871715,1.1320712628737992,0.3409427096925096,0.0,5.591345310211182,42.12019741535187,0.18540709018707274
1.1420000000000008,-0.14041999927538507,-0.1456120513449496,-0.12943518075029536,0.24102097487318283,0.0,0.3055522249797499,0.4346729810667932,0.37862340871247485,1.1326674252500288,0.34094226506158076,0.0,5.591345310211182,42.12019741535187,0.18540709018707274
1.1520000000000008,-0.14175863784487716,-0.12508912917431045,-0.12995040992010057,0.24424450096579403,0.0,0.3087757510723611,0.4349310815334498,0.37862351243662157,1.1323464034366164,0.3409418156939204,0.0,6.627119660377502,42.760286927223206,0.20340493619441985
1.1620000000000008,-0.14285641465830856,-0.09944729428206867,-0.13039308363434185,0.24698438962599548,0.0,0.3115156397325626,0.43519023395965173,0.37862361410281503,1.1312192801216243,0.3409413616486125,0.0,6.627119660377502,42.760286927223206,0.20340493619441985
1.1720000000000008,-0.14370168864031238,-0.07504855966397996,-0.1308912842639365,0.2516626482973725,0.0,0.3161938984039396,0.4354503446330515,0.37862371375188625,1.132775077545316,0.3409409021453821,0.0,6.627119660377502,42.760286927223206,0.20340493619441985
1.1820000000000008,-0.1443043333040998,-0.050180045335862594,-0.1314328602369348,0.25395645550722445,0.0,0.3184877056137915,0.4357112766552038,0.3786238114238562,1.1310607741589136,0.3409404379806452,0.0,6.627119660377502,42.760286927223206,0.20340493619441985
1.1920000000000008,-0.1446594786601818,-0.025696674938827664,-0.13201691267916413,0.25726941617499643,0.0,0.3218006662815635,0.4359728541792621,0.37862390715795197,1.1309455144880751,0.34093996912811797,0.0,6.627119660377502,42.760286927223206,0.20340493619441985
1.2020000000000008,-0.1447659327194113,0.001112128104573118,-0.13255974748325486,0.2602804321514604,0.0,0.3248116822580275,0.43623486474531264,0.3786240009926221,1.1306777779475752,0.34093949599629836,0.0,7.151175916194916,46.4206600189209,0.2146515816450119
1.2120000000000009,-0.14455597610319634,0.033367690249173645,-0.13284022526534528,0.26335752367897686,0.0,0.32788877378554393,0.4364970599862795,0.37862409296555244,1.1308395368772084,0.34093901804347,0.0,7.151175916194916,46.4206600189209,0.2146515816450119
1.2220000000000009,-0.14405761197817601,0.060286818423925956,-0.13315706597538732,0.2659803329732123,0.0,0.33051158307977935,0.4367591489209756,0.37862418311368107,1.1307695482946876,0.3409385362454202,0.0,7.151175916194916,46.4206600189209,0.2146515816450119
1.2320000000000009,-0.143316855823272,0.08287566906371399,-0.1335071566665454,0.26821749594747174,0.0,0.3327487460540388,0.43702080425677375,0.37862427147321326,1.1306413123501855,0.34093805076900235,0.0,7.151175916194916,46.4206600189209,0.2146515816450119
1.2420000000000009,-0.14236464370530583,0.10301207573562175,-0.133872359683767,0.2696679700430206,0.0,0.3341992201495877,0.43728167390428496,0.3786243580796359,1.1299615084378247,0.3409375630607912,0.0,7.151175916194916,46.4206600189209,0.2146515816450119
1.252000000000001,-0.14123116437839744,0.12096451680427395,-0.13421477005319613,0.27129408429170304,0.0,0.3358253343982701,0.43754138936486014,0.37862444296773184,1.1301348051384803,0.34093707262422124,0.0,7.304759502410889,48.687317967414856,0.2299328953027725
1.262000000000001,-0.1398968384284623,0.1409826394442484,-0.1343863180124023,0.2717739057387958,0.0,0.33630515584536286,0.43779957177811063,0.3786245261715937,1.1293414847266843,0.34093658129162724,0.0,7.304759502410889,48.687317967414856,0.2299328953027725
1.272000000000001,-0.13839516240257863,0.15558002617305938,-0.13456071197095365,0.27214379011416984,0.0,0.3366750402207369,0.43805583158608086,0.37862460772463785,1.1290593627199308,0.3409360892240946,0.0,7.304759502410889,48.687317967414856,0.2299328953027725
1.282000000000001,-0.13677608440174363,0.16564913640604523,-0.13473158215913444,0.27210944330135234,0.0,0.3366406934079194,0.43830977496381873,0.37862468765961743,1.1288966270532597,0.34093559696141945,0.0,7.304759502410889,48.687317967414856,0.2299328953027725
1.292000000000001,-0.13507612078710587,0.17247805219948736,-0.13488388746828334,0.2711535117179642,0.0,0.3356847618245313,0.43856101387463065,0.378624766008636,1.1281372460786638,0.3409351058169911,0.0,7.304759502410889,48.687317967414856,0.2299328953027725
1.302000000000001,-0.13333369837535716,0.17519346984523815,-0.1350132787468949,0.27043014424920414,0.0,0.3349613943557712,0.4388091734017925,0.37862484280316,1.1283916879744242,0.3409346154019095,0.0,7.134680926799774,49.22100245952606,0.20077369809150697
1.312000000000001,-0.13157600251475246,0.17557409079538658,-0.1350784035060321,0.26913767949453743,0.0,0.3336689296011045,0.4390538983929767,0.37862491807403165,1.1285127934425414,0.34093412691766983,0.0,7.134680926799774,49.22100245952606,0.20077369809150697
1.322000000000001,-0.12983690420438895,0.17228817631012042,-0.1351117117019138,0.2673360289711624,0.0,0.33186727907772945,0.4392948582412698,0.3786249918514811,1.1285495714632825,0.34093364093598144,0.0,7.134680926799774,49.22100245952606,0.20077369809150697
1.332000000000001,-0.12814904469586166,0.16607932250998483,-0.13510399547423987,0.26447746740748995,0.0,0.329008717514057,0.43953175181138715,0.37862506416513875,1.127690533696757,0.34093315832622306,0.0,7.134680926799774,49.22100245952606,0.20077369809150697
1.342000000000001,-0.12654168201782148,0.15685201949334082,-0.13505282683108033,0.2618832900537185,0.0,0.3264145401602856,0.4397643121063111,0.37862513504404727,1.1277304663114927,0.34093267941352035,0.0,7.134680926799774,49.22100245952606,0.20077369809150697
1.352000000000001,-0.12504467928439744,0.14446013560876153,-0.13495990515051345,0.25938542319099117,0.0,0.32391667329755824,0.43999230995903593,0.378625204516673,1.1283677238153802,0.340932204363425,0.0,6.680529594421387,49.03968155384064,0.15122247040271758
1.362000000000001,-0.12369164415506968,0.12910622475954986,-0.1348296069560867,0.25616018203769814,0.0,0.3206914321442652,0.44021555762625675,0.37862527261091744,1.1283717833287623,0.3409317332950472,0.0,6.680529594421387,49.03968155384064,0.15122247040271758
1.372000000000001,-0.12250007753680482,0.1123735339140326,-0.1346412338041288,0.252848917220354,0.0,0.3173801673269211,0.44043391224870265,0.37862533935412857,1.1285573069898351,0.3409312672051032,0.0,6.680529594421387,49.03968155384064,0.15122247040271758
1.382000000000001,-0.12148076775764782,0.09492644212145052,-0.13438812762385433,0.24857596397342238,0.0,0.3131072140799894,0.4406472766203555,0.37862540477311174,1.1276113013167635,0.340930806785793,0.0,6.680529594421387,49.03968155384064,0.15122247040271758
1.392000000000001,-0.12063619742380338,0.07746875003654483,-0.13406261111765977,0.2441461571432241,0.0,0.3086774072497912,0.440855598234117,0.3786254688941405,1.1265729680464531,0.34093035283219,0.0,6.680529594421387,49.03968155384064,0.15122247040271758
1.402000000000001,-0.11997603341221855,0.05689710204541897,-0.13373116787857253,0.2404053061843964,0.0,0.3049365562909635,0.44105886698281743,0.3786255317429671,1.1265379556695307,0.3409299046550671,0.0,6.141925632953644,46.177998781204224,0.10638204216957092
1.412000000000001,-0.11956885874977723,0.03023198941705884,-0.13355665556039087,0.23699928349756297,0.0,0.30153053360413007,0.44125711544848784,0.3786255933448328,1.12693491490917,0.3409294618867431,0.0,6.141925632953644,46.177998781204224,0.10638204216957092
1.422000000000001,-0.11941614999898291,0.005663005920377188,-0.13332443360281307,0.23354045727530534,0.0,0.2980717073818724,0.44145042650453287,0.3786256537244782,1.127136177135333,0.3409290237959525,0.0,6.141925632953644,46.177998781204224,0.10638204216957092
1.432000000000001,-0.11949486142663847,-0.016913793581548695,-0.13303247328811113,0.2307391779056944,0.0,0.29527042801226144,0.4416389314262717,0.3786257129061529,1.1280428141163017,0.3409285906936675,0.0,6.141925632953644,46.177998781204224,0.10638204216957092
1.442000000000001,-0.11979621626693111,-0.038672893446611414,-0.13269735991847909,0.2279930155634808,0.0,0.29252426567004786,0.44182280258288475,0.3786257709136253,1.1287206504861924,0.34092816152369426,0.0,6.141925632953644,46.177998781204224,0.10638204216957092
1.452000000000001,-0.12031317836385365,-0.06247235775189326,-0.13242107086123997,0.2251651539392283,0.0,0.2896964040457954,0.4420022482808636,0.3786258277701925,1.1288939361688661,0.34092773639431534,0.0,5.839509546756744,41.50706768035889,0.10185386538505553
1.462000000000001,-0.1211343043183674,-0.09407170125584423,-0.1325038245019336,0.22310236333620395,0.0,0.28763361344277105,0.44217751116042636,0.378625883498689,1.129705468534298,0.3409273148816753,0.0,5.839509546756744,41.50706768035889,0.10185386538505553
1.472000000000001,-0.12222465498923478,-0.1180150691682349,-0.1325391781052629,0.2207956036763355,0.0,0.28532685378290257,0.44234887783722404,0.37862593812149653,1.1296939423853727,0.3409268964497298,0.0,5.839509546756744,41.50706768035889,0.10185386538505553
1.482000000000001,-0.12351905361725336,-0.1363322633302945,-0.1325325907632344,0.21898894561170199,0.0,0.28352019571826903,0.4425166716105023,0.37862599166055266,1.129842261777584,0.34092648083953625,0.0,5.839509546756744,41.50706768035889,0.10185386538505553
1.492000000000001,-0.12497075601449874,-0.15047041351353893,-0.13249491130971644,0.21765307622547636,0.0,0.28218432633204343,0.4426812373667389,0.37862604413735973,1.1300619272250927,0.340926067401116,0.0,5.839509546756744,41.50706768035889,0.10185386538505553
1.5020000000000011,-0.12654187552388016,-0.16170853011312222,-0.13245548430563014,0.21689170492619467,0.0,0.2814229550327617,0.4428429305215803,0.3786260955729934,1.1304631583586868,0.3409256557230765,0.0,6.095674514770508,40.506115555763245,0.1618793249130249
1.5120000000000011,-0.12822303947271058,-0.171498840834481,-0.13248752762381275,0.21572961657591064,0.0,0.28026086668247774,0.4430021091957098,0.37862614598811134,1.1296648495821517,0.34092524530058677,0.0,6.095674514770508,40.506115555763245,0.1618793249130249
1.5220000000000011,-0.12997545828323137,-0.17743266805336147,-0.1325142935365544,0.21637919814992762,0.0,0.2809104482564947,0.44315913040358446,0.37862619540296116,1.1307610420712706,0.34092483519171,0.0,6.095674514770508,40.506115555763245,0.1618793249130249
1.5320000000000011,-0.13176756132011933,-0.17975793894721817,-0.13254459250988337,0.2161096575081275,0.0,0.28064090761469457,0.443314343380576,0.37862624383738874,1.1299287250728427,0.34092442476078644,0.0,6.095674514770508,40.506115555763245,0.1618793249130249
1.5420000000000011,-0.13356330373680458,-0.1792219163208799,-0.13258896969890904,0.21750510524610983,0.0,0.2820363553526769,0.44346808311826846,0.37862629131084635,1.1308014979834045,0.3409240132476806,0.0,6.095674514770508,40.506115555763245,0.1618793249130249
1.5520000000000012,-0.13533896997751135,-0.17618354918790707,-0.1326661464496052,0.2183850278750987,0.0,0.28291627798166574,0.44362066447183235,0.37862633784240024,1.130351204712042,0.34092360000114547,0.0,6.597341179847717,39.94010150432587,0.22427425682544708
1.5620000000000012,-0.13707041780141413,-0.17059559116267975,-0.1328021907744388,0.21953045445496436,0.0,0.28406170456153146,0.4437723783049687,0.37862638345073835,1.1297141858425204,0.3409231851711765,0.0,6.597341179847717,39.94010150432587,0.22427425682544708
1.5720000000000012,-0.13872487143525555,-0.16161068109259114,-0.13296310921365428,0.22150461738983854,0.0,0.28603586749640564,0.4439234879634375,0.3786264281541779,1.1297324489236469,0.34092276808222316,0.0,6.597341179847717,39.94010150432587,0.22427425682544708
1.5820000000000012,-0.1402742762448723,-0.1502093628209442,-0.1331583867192622,0.22375904630808738,0.0,0.2882902964146544,0.44407422481988096,0.37862647197067273,1.129697998465247,0.34092234793593335,0.0,6.597341179847717,39.94010150432587,0.22427425682544708
1.5920000000000012,-0.1416963585731136,-0.13667057963429713,-0.1333921673388415,0.22636683462730803,0.0,0.29089808473387513,0.44422478471303894,0.3786265149178203,1.129780154364763,0.34092192432773755,0.0,6.597341179847717,39.94010150432587,0.22427425682544708
1.6020000000000012,-0.14296694956285894,-0.12032695305100424,-0.13365753402167715,0.22826340630132408,0.0,0.29279465640789115,0.4443753257339538,0.37862655701286896,1.1285636662152303,0.34092149768462454,0.0,7.185274839401245,39.70669209957123,0.2702558912336826
1.6120000000000012,-0.14407298698612686,-0.10410406159558219,-0.1339763698060173,0.23233389774233526,0.0,0.29686514784890233,0.4445259660981092,0.37862659827272505,1.1301686106462623,0.34092106590364635,0.0,7.185274839401245,39.70669209957123,0.2702558912336826
1.6220000000000012,-0.14501064840279465,-0.08653188002620592,-0.1343395750433462,0.2348350548988224,0.0,0.29936630500538947,0.4446767842008729,0.37862663871395924,1.1294316882818247,0.3409206296081982,0.0,7.185274839401245,39.70669209957123,0.2702558912336826
1.6320000000000012,-0.1457579246009836,-0.06681027448876531,-0.1347333533104108,0.23756051798387084,0.0,0.3020917680904379,0.44482781994490866,0.37862667835281344,1.1289515770550032,0.3409201898732941,0.0,7.185274839401245,39.70669209957123,0.2702558912336826
1.6420000000000012,-0.14630995136575756,-0.047566509077252545,-0.13517463064275356,0.24106895173767762,0.0,0.3056002018442447,0.44497907371752976,0.37862671720520746,1.129598194758506,0.3409197451897726,0.0,7.185274839401245,39.70669209957123,0.2702558912336826
1.6520000000000012,-0.1466672479306596,-0.025613891079051758,-0.13557180948840986,0.24428030918779559,0.0,0.30881155929436266,0.4451305079520063,0.37862675528674516,1.1299401539366258,0.340919295461404,0.0,7.569857120513916,44.523855447769165,0.32775460146367547
1.6620000000000013,-0.14673150519941783,0.005587529587635937,-0.13564094632573254,0.2466487692066611,0.0,0.31118001931322814,0.44528204740749217,0.3786267926127209,1.1292650394620471,0.3409188419389097,0.0,7.569857120513916,44.523855447769165,0.32775460146367547
1.6720000000000013,-0.14651807585525986,0.031244866160284705,-0.1357518135123189,0.2493992036278867,0.0,0.3139304537344538,0.44543356752220353,0.3786268291981254,1.1293506614119495,0.34091838449922995,0.0,7.569857120513916,44.523855447769165,0.32775460146367547
1.6820000000000013,-0.14607213566292435,0.05295809872070661,-0.13590187312497573,0.2518662536989301,0.0,0.3163975038054972,0.44558489827844167,0.37862686505765214,1.1293410175351863,0.3409179232605514,0.0,7.569857120513916,44.523855447769165,0.32775460146367547
1.6920000000000013,-0.14542652485460744,0.07189713525055556,-0.13608474083544683,0.2540287188768357,0.0,0.3185599689834028,0.44573583600092387,0.37862690020570294,1.1292747829115086,0.34091745869044476,0.0,7.569857120513916,44.523855447769165,0.32775460146367547
1.7020000000000013,-0.14460235719979597,0.0906086631044425,-0.13623782403631152,0.2556535892592983,0.0,0.3201848393658654,0.44588615226964906,0.378626934656394,1.1288870364491403,0.34091699130030156,0.0,7.72227543592453,47.64441788196564,0.43206699341535565
1.7120000000000013,-0.14355658881844924,0.11305410891021811,-0.13618495930958277,0.2569446512612486,0.0,0.3214759013678157,0.4460355985305541,0.3786269684235613,1.1285009170592808,0.3409165222059153,0.0,7.72227543592453,47.64441788196564,0.43206699341535565
1.7220000000000013,-0.14232584061932424,0.12907988234018317,-0.1361612426869303,0.25851341941398875,0.0,0.3230446695205558,0.4461839025784461,0.37862700152076645,1.1290066968764396,0.3409160505940799,0.0,7.72227543592453,47.64441788196564,0.43206699341535565
1.7320000000000013,-0.14095533616015488,0.14197544257746916,-0.1361452070635189,0.258668342709724,0.0,0.32319959281629107,0.4463307755983819,0.3786270339613019,1.1280698421775928,0.34091557834144515,0.0,7.72227543592453,47.64441788196564,0.43206699341535565
1.7420000000000013,-0.13947544934527129,0.1516945384228319,-0.13613312253506152,0.25869349831893634,0.0,0.3232247484255034,0.4464759222657366,0.3786270657581963,1.127516266782448,0.3409151057703222,0.0,7.72227543592453,47.64441788196564,0.43206699341535565
1.7520000000000013,-0.13791931730823004,0.15809651504448463,-0.13611269833869716,0.2588495128350521,0.0,0.32338076294161916,0.4466190475906626,0.3786270969242201,1.127725709436207,0.3409146327284912,0.0,7.627116620540619,48.42056691646576,0.3796394646167755
1.7620000000000013,-0.13630805447847877,0.1626173135966299,-0.1360365065549106,0.258684806141845,0.0,0.3232160562484121,0.44675986334621753,0.3786271274718901,1.1280614171702372,0.3409141598486417,0.0,7.627116620540619,48.42056691646576,0.3796394646167755
1.7720000000000014,-0.1346707941778012,0.16411222144114115,-0.1359483061800876,0.25741025636144566,0.0,0.32194150646801273,0.44689809251832474,0.3786271574134748,1.1274063866686719,0.34091368826618135,0.0,7.627116620540619,48.42056691646576,0.3796394646167755
1.7820000000000014,-0.1330352539659418,0.16285647570049339,-0.1358416117500968,0.25610682281575725,0.0,0.3206380729223243,0.4470334741116853,0.3786271867609993,1.1272563606929347,0.3409132186027735,0.0,7.627116620540619,48.42056691646576,0.3796394646167755
1.7920000000000014,-0.1314296834967124,0.15862825611858344,-0.13571464773271447,0.2547074461931658,0.0,0.3192386962997329,0.4471657677892199,0.3786272155262502,1.1274888827252143,0.3409127510730146,0.0,7.627116620540619,48.42056691646576,0.3796394646167755
1.8020000000000014,-0.1298739538170227,0.15372587790531134,-0.1355334126715982,0.2516813550992093,0.0,0.3162126052057764,0.44729475809311214,0.37862724372078016,1.1259227129440292,0.34091228732992046,0.0,7.252140522003174,49.19261395931244,0.28296432495117185
1.8120000000000014,-0.12836985838458093,0.14769009875810002,-0.1352557593445938,0.24928399728642547,0.0,0.31381524739299255,0.44742025650101297,0.3786272713559127,1.1256670087884237,0.3409118269519347,0.0,7.252140522003174,49.19261395931244,0.28296432495117185
1.8220000000000014,-0.12694092497087228,0.13936647387926238,-0.13493526629252556,0.24604043815105645,0.0,0.3105716882576235,0.4475421010824172,0.3786272984427465,1.1245989623311647,0.34091137105300306,0.0,7.252140522003174,49.19261395931244,0.28296432495117185
1.8320000000000014,-0.12560803827074205,0.1289425535351931,-0.13457036604703812,0.2425958241646434,0.0,0.30712707427121044,0.44766015880390564,0.37862732499216023,1.1235637439424282,0.34091091989358135,0.0,7.252140522003174,49.19261395931244,0.28296432495117185
1.8420000000000014,-0.12439413133615747,0.11614751092381392,-0.13416571656254006,0.23963683097781321,0.0,0.3041680810843803,0.44777432793416494,0.3786273510148166,1.1234569532709529,0.34091047320082835,0.0,7.252140522003174,49.19261395931244,0.28296432495117185
1.8520000000000014,-0.12331631361106113,0.10182906637606534,-0.133718257372488,0.23650817112084058,0.0,0.3010394212274077,0.4478845403122246,0.37862737652116685,1.1232901768824015,0.3409100314906684,0.0,6.891052603721619,48.86203348636627,0.22281180024147035
1.8620000000000014,-0.12239593124516512,0.08541825745533838,-0.13324086092244203,0.2333044308756974,0.0,0.2978356809822645,0.4479907627366366,0.3786274015214548,1.1231203447192666,0.34090959406888355,0.0,6.891052603721619,48.86203348636627,0.22281180024147035
1.8720000000000014,-0.12164966477282943,0.06729521976444187,-0.13273240973759245,0.23079455969489754,0.0,0.2953258098014646,0.4480929985127627,0.3786274260257211,1.1239439704906302,0.3409091605521896,0.0,6.891052603721619,48.86203348636627,0.22281180024147035
1.8820000000000014,-0.12108792491639594,0.048662174337851326,-0.1321899630698195,0.22809130335634867,0.0,0.29262255346291577,0.4481912883008258,0.37862745004380705,1.1244367737237546,0.34090873126775706,0.0,6.891052603721619,48.86203348636627,0.22281180024147035
1.8920000000000015,-0.12071478170952991,0.02978769295350998,-0.1316176674679919,0.22518723039117372,0.0,0.2897184804977408,0.44828570957964015,0.3786274735853589,1.1245086972505054,0.34090830597281413,0.0,6.891052603721619,48.86203348636627,0.22281180024147035
1.9020000000000015,-0.12053114557872496,0.009512108136618949,-0.13106997942683177,0.2224423481015174,0.0,0.28697359820808443,0.4483763748114168,0.3786274966598313,1.1245877149280505,0.3409078848263905,0.0,6.78371000289917,45.89841961860657,0.19515599906444547
1.9120000000000015,-0.12058613801996401,-0.014871863333704941,-0.13070807361146278,0.21969462094235287,0.0,0.28422587104891994,0.44846343044858594,0.37862751927649146,1.124394283738669,0.3409074677705839,0.0,6.78371000289917,45.89841961860657,0.19515599906444547
1.9220000000000015,-0.12086044306718913,-0.03558025967684676,-0.13031744747029597,0.2179793471702465,0.0,0.2825105972768136,0.4485470612998946,0.3786275414444226,1.1253235142688323,0.34090705400019555,0.0,6.78371000289917,45.89841961860657,0.19515599906444547
1.9320000000000015,-0.12132775292457905,-0.05358830835960156,-0.12990643232495147,0.21559947516997105,0.0,0.28013072527653815,0.4486274858276482,0.3786275631725278,1.1249358644614242,0.3409066429133949,0.0,6.78371000289917,45.89841961860657,0.19515599906444547
1.9420000000000015,-0.12195369402056638,-0.06830092131613198,-0.12946915630147807,0.21388032751165648,0.0,0.27841157761822355,0.4487049480799675,0.37862758446953354,1.1250350052042863,0.34090623504535833,0.0,6.78371000289917,45.89841961860657,0.19515599906444547
1.9520000000000015,-0.12272393901611031,-0.08550388604337258,-0.12914274640051351,0.21267358933011715,0.0,0.2772048394366842,0.4487797095351977,0.37862760534399315,1.1253703372957058,0.34090582909406525,0.0,6.896554410457611,39.563539028167725,0.22320311665534973
1.9620000000000015,-0.12374305366068847,-0.11109074825201623,-0.12927454244082104,0.21100115090352012,0.0,0.2755324010100872,0.4488520474417018,0.37862762580429005,1.1245743267950217,0.34090542519727557,0.0,6.896554410457611,39.563539028167725,0.22320311665534973
1.9720000000000015,-0.12495377658731403,-0.12675902807509817,-0.12937537033691512,0.2099142713009097,0.0,0.2744455214074768,0.4489222672840625,0.37862764585864167,1.1241210961561243,0.3409050235262283,0.0,6.896554410457611,39.563539028167725,0.22320311665534973
1.9820000000000015,-0.12628516224300884,-0.1368167455563995,-0.12946382735755474,0.20973699369115967,0.0,0.27426824379772674,0.44899069359155314,0.37862766551510213,1.1244488838366555,0.3409046226341098,0.0,6.896554410457611,39.563539028167725,0.22320311665534973
1.9920000000000015,-0.1276972160507166,-0.14365991645577084,-0.12955698569163465,0.2100464496906353,0.0,0.27457769979720237,0.44905765463658254,0.3786276847815659,1.1249553398047853,0.34090422115539964,0.0,6.896554410457611,39.563539028167725,0.22320311665534973
2.002000000000001,-0.12915254285848138,-0.14686711392262997,-0.12966531636063802,0.2100865313241274,0.0,0.2746177814306945,0.44912347362297717,0.37862770366577064,1.124581528964948,0.34090381993161445,0.0,7.03672993183136,38.407447934150696,0.26965935006737707
2.012,-0.1306420052933442,-0.14965454043834786,-0.12986731959542264,0.21078549454002882,0.0,0.2753167446465959,0.4491884621171136,0.3786277221753007,1.1246458956787246,0.3409034175466587,0.0,7.03672993183136,38.407447934150696,0.26965935006737707
2.021999999999999,-0.1321342669559394,-0.14839687561879175,-0.13007678555896515,0.2117978005881263,0.0,0.2763290506946934,0.4492529175343453,0.3786277403175899,1.1246886225123027,0.34090301408782125,0.0,7.03672993183136,38.407447934150696,0.26965935006737707
2.031999999999998,-0.13359470360671888,-0.14421094875222293,-0.13030075128237464,0.21323911120875566,0.0,0.27777036131532273,0.4493171183364985,0.3786277580999245,1.1249018718844837,0.34090260895530916,0.0,7.03672993183136,38.407447934150696,0.26965935006737707
2.0419999999999967,-0.13500220525143358,-0.1381006897631376,-0.13054991722477927,0.21493428932591213,0.0,0.2794655394324792,0.4493813185364401,0.37862777552944615,1.1250762013604234,0.3409022012228196,0.0,7.03672993183136,38.407447934150696,0.26965935006737707
2.0519999999999956,-0.13633153970230633,-0.12901872107103823,-0.1308169988629794,0.21610168531276208,0.0,0.28063293541932915,0.44944574467354664,0.378627792613155,1.124161354607297,0.34090179155827693,0.0,7.4175538420677185,38.16785514354706,0.2820240452885628
2.0619999999999945,-0.13755607728883615,-0.11797967562043421,-0.1311099499059055,0.2182332705401252,0.0,0.2827645206466923,0.4495105925589756,0.3786278093579122,1.124302213874982,0.3409013795549486,0.0,7.4175538420677185,38.16785514354706,0.2820240452885628
2.0719999999999934,-0.13866108127237897,-0.1053970188275358,-0.1314284195274066,0.22022488998792109,0.0,0.28475614009448813,0.4495760242775136,0.3786278257704427,1.124011086605369,0.3409009646608427,0.0,7.4175538420677185,38.16785514354706,0.2820240452885628
2.0819999999999923,-0.13963253723769029,-0.09140034054217275,-0.131772679319341,0.2220503599496362,0.0,0.2865816100562033,0.4496421672414207,0.3786278418573381,1.1233133767492984,0.3409005467937773,0.0,7.4175538420677185,38.16785514354706,0.2820240452885628
2.091999999999991,-0.14045822534437127,-0.07666138625292916,-0.132145871522674,0.22434908485801106,0.0,0.2888803349645781,0.44970911362459043,0.3786278576250593,1.1231705281303865,0.3409001256248028,0.0,7.4175538420677185,38.16785514354706,0.2820240452885628
2.10199999999999,-0.14113317175162926,-0.06071448231503959,-0.1325245821085191,0.22702782803220084,0.0,0.2915590781387679,0.44977692050915136,0.3786278730799387,1.123517320810679,0.34089970077143766,0.0,7.621396958827972,39.593324065208435,0.35314014628529544
2.111999999999989,-0.14162822459435595,-0.04208477520520424,-0.1328289254194453,0.22925522581054047,0.0,0.29378647591710755,0.4498456104753962,0.3786278882281835,1.1232461186030238,0.34089927217364413,0.0,7.621396958827972,39.593324065208435,0.35314014628529544
2.121999999999988,-0.1419396490154456,-0.023993350847631476,-0.1331559915731485,0.23146478190569603,0.0,0.2959960320122631,0.44991516939765175,0.3786279030758774,1.1230256593597792,0.3408988408252887,0.0,7.621396958827972,39.593324065208435,0.35314014628529544
2.131999999999987,-0.14207905818931504,-0.007333346349090242,-0.13351285548665495,0.2337924530362,0.0,0.29832370314276707,0.44998554777892297,0.3786279176289837,1.1231126518381926,0.3408984060354759,0.0,7.621396958827972,39.593324065208435,0.35314014628529544
2.1419999999999857,-0.14205337903866125,0.009159010696447754,-0.13388707032182032,0.23534426368678552,0.0,0.2998755137933526,0.45005666516903803,0.378627931893347,1.1223178438130312,0.34089796885452883,0.0,7.621396958827972,39.593324065208435,0.35314014628529544
2.1519999999999846,-0.14186379929156476,0.027485507266951585,-0.1341924860873182,0.23712864490968566,0.0,0.30165989501625273,0.450128413759214,0.37862794587469617,1.1221135736306187,0.3408975288383653,0.0,7.734868705272675,44.7511351108551,0.4802615523338318
2.1619999999999835,-0.14143092608669672,0.05265219549725687,-0.13416318922313716,0.239390852462277,0.0,0.3039221025688441,0.4502006586596995,0.3786279595786465,1.1228660495260123,0.34089708599778223,0.0,7.734868705272675,44.7511351108551,0.4802615523338318
2.1719999999999824,-0.14078949870558596,0.07125588920649413,-0.13416247939219822,0.24026208319244202,0.0,0.3047933332990091,0.4502732290107015,0.3786279730107016,1.1219853819698447,0.3408966406138921,0.0,7.734868705272675,44.7511351108551,0.4802615523338318
2.1819999999999813,-0.13998572475002707,0.0861062264854843,-0.13417809876321182,0.2412330248208959,0.0,0.30576427492746294,0.4503459243681665,0.37862798617625626,1.1216007239274532,0.34089619373597807,0.0,7.734868705272675,44.7511351108551,0.4802615523338318
2.19199999999998,-0.1390479177897583,0.09846887900328118,-0.1342008794352811,0.24184627002273903,0.0,0.3063775201293061,0.45041852588496056,0.3786279990805979,1.1211097421151595,0.34089574616236473,0.0,7.734868705272675,44.7511351108551,0.4802615523338318
2.201999999999979,-0.13800335041212292,0.10871152754387994,-0.13421026339767794,0.24235145736928407,0.0,0.3068827074758511,0.4504908035849266,0.37862801172890914,1.1208910808598629,0.3408952976175006,0.0,7.718100428581238,46.093990206718445,0.4655614599585533
2.211999999999978,-0.13685327944947268,0.11861818124625284,-0.1341327220944528,0.24265151119389303,0.0,0.30718276130046007,0.4505625219570366,0.37862802412626984,1.120820832181543,0.3408948485874732,0.0,7.718100428581238,46.093990206718445,0.4655614599585533
2.221999999999977,-0.13562934879992858,0.1245144659384244,-0.13406226182765932,0.24283304239250467,0.0,0.3073642924990717,0.45063344213645457,0.37862803627765895,1.1210251571747547,0.340894399117911,0.0,7.718100428581238,46.093990206718445,0.4655614599585533
2.231999999999976,-0.1343650659372092,0.1271336384912902,-0.13399421097253028,0.2433561853725374,0.0,0.30788743547910447,0.4507033276628384,0.37862804818795676,1.1221491452653962,0.34089394962032216,0.0,7.718100428581238,46.093990206718445,0.4655614599585533
2.2419999999999747,-0.1331009386394288,0.12557397245172908,-0.13393875331197289,0.24357415927216472,0.0,0.30810540937873176,0.4507719513536092,0.3786280598619466,1.1232749808494873,0.3408934991542128,0.0,7.718100428581238,46.093990206718445,0.4655614599585533
2.2519999999999736,-0.13186350419090892,0.12319487401287843,-0.1338475209591092,0.24272421167069658,0.0,0.30725546177726365,0.4508391023572599,0.3786280713043171,1.1233119783570784,0.34089304919893104,0.0,7.525686204433441,47.86061108112335,0.38224950954318043
2.2619999999999725,-0.1306303254452713,0.12286824420494462,-0.13361392031560274,0.24171258815554433,0.0,0.30624383826211143,0.45090458962566604,0.3786280825196636,1.1234949924651954,0.3408926010542591,0.0,7.525686204433441,47.86061108112335,0.38224950954318043
2.2719999999999714,-0.12942261899290475,0.11905146690959498,-0.1333688771797849,0.2401182660714542,0.0,0.3046495161780213,0.45096823842481787,0.37862809351249055,1.1231985263596087,0.3408921545818564,0.0,7.525686204433441,47.86061108112335,0.38224950954318043
2.2819999999999703,-0.1282613474140459,0.11378919587187145,-0.13309714089251642,0.23831055657364586,0.0,0.30284180668021293,0.4510298922948156,0.3786281042872127,1.122905267167359,0.34089171117498096,0.0,7.525686204433441,47.86061108112335,0.38224950954318043
2.291999999999969,-0.12716852134707543,0.1062374543633535,-0.13280643054723387,0.2359874698130961,0.0,0.30051871991966317,0.4510894163634834,0.3786281148481575,1.122152929183716,0.34089127021610843,0.0,7.525686204433441,47.86061108112335,0.38224950954318043
2.301999999999968,-0.12615820796322252,0.09769206459961181,-0.13247762218909018,0.23408661660238886,0.0,0.29861786670895596,0.45114669997394774,0.3786281251995664,1.122209253975333,0.3408908323205698,0.0,7.234204292297363,48.419819474220276,0.28666856847703454
2.311999999999967,-0.1252342056789798,0.08853965506679778,-0.1320780667916264,0.23234141068163977,0.0,0.29687266078820684,0.4512016578937321,0.37862813534559675,1.1226469542008566,0.34089039711214786,0.0,7.234204292297363,48.419819474220276,0.28666856847703454
2.321999999999966,-0.12441034432644389,0.0779361131436748,-0.13165315524259227,0.2302358041385782,0.0,0.29476705424514527,0.45125422988007646,0.3786281452903234,1.1226873340533166,0.3408899652102487,0.0,7.234204292297363,48.419819474220276,0.28666856847703454
2.3319999999999648,-0.12370441184455887,0.06554154497688926,-0.13121146032530434,0.22837366760743574,0.0,0.29290491771400284,0.4513043815500399,0.3786281550377403,1.1231201406490472,0.34088953594947974,0.0,7.234204292297363,48.419819474220276,0.28666856847703454
2.3419999999999637,-0.12313003908280182,0.05189657082963948,-0.1307547691364405,0.2268074923157744,0.0,0.2913387424223415,0.45135210596710296,0.3786281645917622,1.1239603340564521,0.3408891092263373,0.0,7.234204292297363,48.419819474220276,0.28666856847703454
2.3519999999999626,-0.12270035861667453,0.03645742911762093,-0.13031319242008582,0.22497192928296803,0.0,0.28950317938953507,0.45139742453439397,0.3786281739562261,1.1243565436298368,0.340888684781155,0.0,7.121629297733307,46.88376486301422,0.2577362582087517
2.3619999999999615,-0.12244843197450389,0.017855195622144566,-0.12996829669942703,0.22404375159681475,0.0,0.2885750017033818,0.4514403880700372,0.3786281831348932,1.1259061841740934,0.34088826225650326,0.0,7.121629297733307,46.88376486301422,0.2577362582087517
2.3719999999999604,-0.12237267292291155,0.0013087854872507586,-0.12960882284976752,0.22178043428564417,0.0,0.2863116843922112,0.4514810800622749,0.3786281921314497,1.1254161491384147,0.3408878419016015,0.0,7.121629297733307,46.88376486301422,0.2577362582087517
2.3819999999999593,-0.12244070522842429,-0.011958903534671191,-0.12921844326089182,0.21976394247999162,0.0,0.28429519258655866,0.4515196142886783,0.3786282009495088,1.1250533797752404,0.34088742514342035,0.0,7.121629297733307,46.88376486301422,0.2577362582087517
2.391999999999958,-0.12262782346961938,-0.023102389161070012,-0.12880369404438427,0.21785846050538465,0.0,0.2823897106119517,0.45155612703127723,0.37862820959261184,1.1245877581722987,0.34088701151389356,0.0,7.121629297733307,46.88376486301422,0.2577362582087517
2.401999999999957,-0.12292294872114982,-0.03583581313768101,-0.12846475530180168,0.21573009580948088,0.0,0.28026134591604795,0.45159077055513547,0.37862821806423025,1.1235162319526222,0.34088660077882105,0.0,7.181003570556641,41.52155518531799,0.2713278315961361
2.411999999999956,-0.12341348144799863,-0.05671219417602096,-0.12849388468788628,0.2143135878924897,0.0,0.2788448379990568,0.45162371181765804,0.3786282263677663,1.1231480957655258,0.34088619202168785,0.0,7.181003570556641,41.52155518531799,0.2713278315961361
2.421999999999955,-0.12406873484490212,-0.07080612895252365,-0.12849976843844663,0.21348047890732955,0.0,0.2780117290138966,0.4516551433440691,0.3786282345065549,1.1232958737000927,0.34088578517158524,0.0,7.181003570556641,41.52155518531799,0.2713278315961361
2.4319999999999538,-0.12484295518851592,-0.08134523501748706,-0.12849766718952702,0.21288360301179046,0.0,0.27741485311835756,0.45168527839266553,0.3786282424838648,1.1234493594602462,0.3408853789860073,0.0,7.181003570556641,41.52155518531799,0.2713278315961361
2.4419999999999527,-0.12570511620413308,-0.08902343739805693,-0.12849018900396916,0.21283252841759964,0.0,0.2773637785241667,0.4517143403899676,0.37862825030289976,1.124022118909997,0.3408849732624927,0.0,7.181003570556641,41.52155518531799,0.2713278315961361
2.4519999999999516,-0.1266286700169755,-0.09530931679455913,-0.12851475081850805,0.2127771437560258,0.0,0.2773083938625929,0.4517425557917491,0.3786282579668001,1.1242330595860013,0.3408845680806676,0.0,7.269685447216034,39.36342656612396,0.3027155023999512
2.4619999999999505,-0.1276364597570606,-0.10389491061807507,-0.12869753627842145,0.2132487236426508,0.0,0.27777997374921787,0.45177014961307327,0.37862826547864376,1.1248327201612522,0.3408841621930736,0.0,7.269685447216034,39.36342656612396,0.3027155023999512
2.4719999999999493,-0.1287047799744544,-0.10827032123695343,-0.12888125657988048,0.21354971998919622,0.0,0.27808097009576327,0.4517973475750533,0.37862827284144757,1.1248514195684138,0.3408837558030743,0.0,7.269685447216034,39.36342656612396,0.3027155023999512
2.4819999999999482,-0.12979974322804136,-0.11007183707038024,-0.1290741378332392,0.2145905279912452,0.0,0.27912177809781225,0.4518243723069378,0.3786282800581687,1.125571473278804,0.3408833482057986,0.0,7.269685447216034,39.36342656612396,0.3027155023999512
2.491999999999947,-0.13089482686327186,-0.10859036209929801,-0.129269261705569,0.2148137675952984,0.0,0.2793450177018655,0.45185143695079494,0.3786282871317055,1.1248253183885142,0.34088293996751384,0.0,7.269685447216034,39.36342656612396,0.3027155023999512
2.501999999999946,-0.13195854749181068,-0.10462663017454235,-0.12946665357388046,0.2156225382235439,0.0,0.28015378833011095,0.4518787401103867,0.3786282940648988,1.1246024777523878,0.3408825308539196,0.0,7.487314224243164,39.45303738117218,0.3389978129416704
2.511999999999945,-0.13296859394325256,-0.09846050029629623,-0.1296614898746028,0.2165796973187264,0.0,0.28111094742529347,0.45190646083355324,0.3786283008605332,1.1243190424503613,0.3408821205659761,0.0,7.487314224243164,39.45303738117218,0.3389978129416704
2.521999999999944,-0.13391550176443476,-0.09201094710453045,-0.12987877828256308,0.21837680283046657,0.0,0.28290805293703364,0.45193475553477547,0.3786283075213377,1.1249751003915427,0.3408817078421299,0.0,7.487314224243164,39.45303738117218,0.3389978129416704
2.5319999999999427,-0.1347877731651613,-0.08381818761575804,-0.13010878103213971,0.21918567734137387,0.0,0.28371692744794097,0.451963757170177,0.37862831404998765,1.1240467023451135,0.3408812934910446,0.0,7.487314224243164,39.45303738117218,0.3389978129416704
2.5419999999999416,-0.13557627666468783,-0.07565772843044728,-0.13036559818651094,0.22186149482505435,0.0,0.2863927449316214,0.4519935746024467,0.37862832044910505,1.1255726346300918,0.34088087624077046,0.0,7.487314224243164,39.45303738117218,0.3389978129416704
2.5519999999999405,-0.13628163666794263,-0.0664258911243251,-0.13063158895021382,0.2232006039049781,0.0,0.28773185401154516,0.4520242925589667,0.3786283267212598,1.1251058079867735,0.3408804559539432,0.0,7.652127325534821,40.45917510986328,0.4144058436155319
2.5619999999999394,-0.13687286520853925,-0.05414817819663687,-0.13084334640369036,0.22483177876104024,0.0,0.28936302886760734,0.4520559723628339,0.378628332868971,1.124964921928406,0.3408800333812351,0.0,7.652127325534821,40.45917510986328,0.4144058436155319
2.5719999999999383,-0.13733997813734466,-0.041798812526457146,-0.13107252540703865,0.22667106037637805,0.0,0.2912023104829451,0.45208864862735787,0.37862833889470776,1.1250778773534773,0.34087960873333173,0.0,7.652127325534821,40.45917510986328,0.4144058436155319
2.5819999999999372,-0.13768827140102077,-0.030144513980844608,-0.1313264816256264,0.228349001965948,0.0,0.2928802520725151,0.45212232874853725,0.37862834480089,1.1249757881019802,0.34087918130172057,0.0,7.652127325534821,40.45917510986328,0.4144058436155319
2.591999999999936,-0.13792223957918487,-0.01905746782336886,-0.13160432635931632,0.23064327053951397,0.0,0.2951745206460811,0.4521569955216005,0.37862835058988986,1.1257938116592863,0.34087875111074367,0.0,7.652127325534821,40.45917510986328,0.4144058436155319
2.601999999999935,-0.1380374435919673,-0.005506361276611665,-0.13185212381315914,0.23115098597758515,0.0,0.29568223608415223,0.45219260972414005,0.37862835626403224,1.1242138987021546,0.3408783195446328,0.0,7.732267260551453,42.64881253242493,0.49663884639739986
2.611999999999934,-0.13798969084603402,0.011160654133766544,-0.13196429753964678,0.2325696157590559,0.0,0.297100865865623,0.45222910985443265,0.37862836182559595,1.1240498770367435,0.34087788609804476,0.0,7.732267260551453,42.64881253242493,0.49663884639739986
2.621999999999933,-0.13779228985091815,0.025031558166953207,-0.13209333666560516,0.23387758853830615,0.0,0.2984088386448732,0.45226640729865814,0.37862836727681476,1.1239069523844278,0.34087745083023835,0.0,7.732267260551453,42.64881253242493,0.49663884639739986
2.6319999999999317,-0.1374729738821962,0.03637687369834031,-0.132242134178505,0.23492807074723995,0.0,0.299459320853807,0.45230438967945746,0.37862837261987786,1.1236175665057773,0.3408770134316173,0.0,7.732267260551453,42.64881253242493,0.49663884639739986
2.6419999999999306,-0.13704629903331106,0.04661208745432603,-0.13239907611923002,0.23577023797242908,0.0,0.30030148807899615,0.452342927586303,0.3786283778569312,1.1232852801085942,0.3408765749177048,0.0,7.732267260551453,42.64881253242493,0.49663884639739986
2.6519999999999295,-0.13652391658083765,0.05623761817297461,-0.13254024300772327,0.2366959375740624,0.0,0.3012271876806295,0.4523818789899851,0.378628382990078,1.1233497115728595,0.34087613527859056,0.0,7.724966585636139,44.03807878494263,0.4835501581430435
2.6619999999999284,-0.1358989444997544,0.06621823864259532,-0.13259772417517307,0.2374014318375173,0.0,0.3019326819440844,0.45242109200081326,0.3786283880213799,1.1234014385798574,0.34087569434972187,0.0,7.724966585636139,44.03807878494263,0.4835501581430435
2.6719999999999273,-0.1351942043797194,0.0729917073177995,-0.13266627628922892,0.2380986789369585,0.0,0.3026299290435256,0.45246040544687494,0.3786283929528576,1.1237486115875246,0.34087525226039317,0.0,7.724966585636139,44.03807878494263,0.4835501581430435
2.681999999999926,-0.13443313358501568,0.07824428884310036,-0.13273384452155956,0.2374435726211409,0.0,0.301974822727708,0.45249965336573583,0.3786283977864916,1.1225199896849478,0.34087481007927584,0.0,7.724966585636139,44.03807878494263,0.4835501581430435
2.691999999999925,-0.13362561182833357,0.08208497211546892,-0.1327943709126804,0.23757861887845869,0.0,0.3021098689850258,0.4525386698020862,0.3786284025242232,1.1227249841099132,0.34087436837162566,0.0,7.724966585636139,44.03807878494263,0.4835501581430435
2.701999999999924,-0.13279002265229128,0.08515410086920105,-0.1328185595524246,0.23708167942109057,0.0,0.3016129295276576,0.45257729145525755,0.3786284071679552,1.1223727172391027,0.34087392691934043,0.0,7.617418944835663,45.870129466056824,0.4226310506463051
2.711999999999923,-0.13190371170783952,0.09047690252127574,-0.13270028592485308,0.2361402495732641,0.0,0.3006714996798312,0.45261536003121433,0.3786284117195526,1.1217111887684816,0.34087348695594644,0.0,7.617418944835663,45.870129466056824,0.4226310506463051
2.721999999999922,-0.1309882644575268,0.09183604566092782,-0.13257686851499922,0.23553508093172837,0.0,0.30006633103829544,0.45265271958625336,0.37862841618084336,1.1218178626175854,0.34087304777469263,0.0,7.617418944835663,45.870129466056824,0.4226310506463051
2.7319999999999207,-0.13007515703851802,0.09078642536395004,-0.13244156958032188,0.23435855262340968,0.0,0.2988898027299768,0.452689219716563,0.37862842055361934,1.1214038017832348,0.34087260999312624,0.0,7.617418944835663,45.870129466056824,0.4226310506463051
2.7419999999999196,-0.12918824340108206,0.08676368778361468,-0.1323008254819806,0.23422415830294904,0.0,0.2987554084095161,0.45272472126514335,0.3786284248396367,1.1227056878241326,0.340872173071057,0.0,7.617418944835663,45.870129466056824,0.4226310506463051
2.7519999999999185,-0.1283538449763199,0.08171110253645365,-0.13212793558766087,0.2329707606781354,0.0,0.2975020107847025,0.45275910068175207,0.37862842904061667,1.1226646758047787,0.340871737327476,0.0,7.423986077308655,47.12727904319763,0.3397015824913978
2.7619999999999174,-0.12756183499324142,0.07697650348979725,-0.1318557223356343,0.23239769818803438,0.0,0.2969289482946015,0.4527922531823962,0.37862843315824646,1.1237586170573008,0.34087130277830263,0.0,7.423986077308655,47.12727904319763,0.3397015824913978
2.7719999999999163,-0.12683351477878108,0.06981036098377956,-0.13157549334606544,0.23146264995309893,0.0,0.29599390005966597,0.4528240912521816,0.37862843719417993,1.1244832296830274,0.34087086968157854,0.0,7.423986077308655,47.12727904319763,0.3397015824913978
2.781999999999915,-0.1261896796370119,0.06077344796474957,-0.13128868538960478,0.2300410204757149,0.0,0.29457227058228197,0.45285454678379716,0.3786284411500378,1.1246225392824294,0.34087043793356514,0.0,7.423986077308655,47.12727904319763,0.3397015824913978
2.791999999999914,-0.12563581660276735,0.05165064168885383,-0.13098262493704724,0.22854109493690328,0.0,0.29307234504347035,0.4528835736851464,0.378628445027409,1.1247069807006036,0.34087000867073813,0.0,7.423986077308655,47.12727904319763,0.3397015824913978
2.801999999999913,-0.1251772290754035,0.041699735402396826,-0.1306695245828213,0.22720692534549733,0.0,0.2917381754520644,0.45291114788036874,0.3786284488278506,1.1250378058036994,0.34086958147533714,0.0,7.285526871681213,46.67559862136841,0.28973279558122156
2.811999999999912,-0.12482899501635261,0.03040052847424622,-0.13037419622032678,0.22594407793532725,0.0,0.29047532804189435,0.4529372670442628,0.37862845255288907,1.1254418972859228,0.34086915594337297,0.0,7.285526871681213,46.67559862136841,0.28973279558122156
2.821999999999911,-0.12459226909957717,0.01908523200250603,-0.13006940816202042,0.2251478885080532,0.0,0.28967913861462025,0.4529619514732664,0.37862845620402036,1.1264317907569943,0.3408687320380418,0.0,7.285526871681213,46.67559862136841,0.28973279558122156
2.8319999999999097,-0.12446739831542684,0.008059673066820091,-0.12975615546353764,0.2240671464222182,0.0,0.2885983965287853,0.4529852432032447,0.3786284597827109,1.1269131189639139,0.3408683096947497,0.0,7.285526871681213,46.67559862136841,0.28973279558122156
2.8419999999999086,-0.12445113038918568,-0.0027446505482546426,-0.12943797290582887,0.22326444319113675,0.0,0.2877956932977038,0.4530072044287043,0.37862846329039795,1.127634019876516,0.34086788863357104,0.0,7.285526871681213,46.67559862136841,0.28973279558122156
2.8519999999999075,-0.12454538980332884,-0.015278744855655316,-0.12918289552881695,0.22221716259478416,0.0,0.2867484127013512,0.45302791557226024,0.3786284667284902,1.12782500489807,0.34086746879301594,0.0,7.266229867935181,42.884798645973206,0.28710307739675045
2.8619999999999064,-0.12481316826963461,-0.033763382514549786,-0.12919207864286736,0.22188651556176056,0.0,0.28641776566832766,0.4530474756781152,0.3786284700983686,1.1288204912076978,0.3408670496829629,0.0,7.266229867935181,42.884798645973206,0.28710307739675045
2.8719999999999053,-0.125239183321467,-0.048016172022349826,-0.12919734492814527,0.2219873488518594,0.0,0.28651859895842646,0.4530660101378723,0.37862847340138645,1.1302023359388147,0.34086663088677166,0.0,7.266229867935181,42.884798645973206,0.28710307739675045
2.881999999999904,-0.12578743805079154,-0.058918541224481716,-0.12919754040905104,0.2215413751623789,0.0,0.28607262526894595,0.453083667600936,0.3786284766388702,1.1305724558550476,0.34086621251250065,0.0,7.266229867935181,42.884798645973206,0.28710307739675045
2.891999999999903,-0.12642900299487914,-0.06729988078036406,-0.12919480077798706,0.22123438617065994,0.0,0.285765636277227,0.4531006113432849,0.37862847981212033,1.1308694202829699,0.3408657943909486,0.0,7.266229867935181,42.884798645973206,0.28710307739675045
2.901999999999902,-0.12714244941453146,-0.07498756226104186,-0.1292385451424805,0.22098768211809333,0.0,0.2855189322246604,0.4531170124888907,0.3786284829224111,1.130967879521526,0.34086537671691064,0.0,7.3442657589912415,39.95249688625336,0.3205076586455107
2.911999999999901,-0.12796245222371808,-0.08606154817440964,-0.12948805850362824,0.22150940403799138,0.0,0.2860406541445585,0.45313304637564666,0.37862848597099175,1.1318669777413797,0.3408649587542954,0.0,7.3442657589912415,39.95249688625336,0.3205076586455107
2.9219999999999,-0.1288627525588849,-0.09221007545432824,-0.1297312239938024,0.22167006603914083,0.0,0.2862013161457079,0.45314889616250414,0.3786284889590866,1.1319908605613938,0.34086454075916534,0.0,7.3442657589912415,39.95249688625336,0.3205076586455107
2.9319999999998987,-0.12980663547722116,-0.0952975897651866,-0.12997484253237016,0.2216819064089571,0.0,0.28621315651552415,0.4531647485326267,0.37862849188789566,1.131637891380228,0.3408641221548863,0.0,7.3442657589912415,39.95249688625336,0.3205076586455107
2.9419999999998976,-0.13076041285489745,-0.0950933905541644,-0.13021104640998232,0.22184527082818695,0.0,0.286376520934754,0.45318078601188455,0.37862849475859534,1.1312370061281023,0.3408637036263811,0.0,7.3442657589912415,39.95249688625336,0.3205076586455107
2.9519999999998965,-0.1317009109951605,-0.09331856081522195,-0.1304494440241163,0.22284077598505375,0.0,0.2873720260916208,0.45319718073888593,0.3786284975723385,1.131756338730347,0.34086328421531986,0.0,7.496209621429443,39.99068796634674,0.36718254983425136
2.9619999999998954,-0.13261473609928284,-0.0897420282578267,-0.13068613791056755,0.22305914670025867,0.0,0.28759039680682574,0.45321409054260553,0.37862850033025514,1.1309581666219848,0.3408628638231025,0.0,7.496209621429443,39.99068796634674,0.36718254983425136
2.9719999999998943,-0.1334774057487818,-0.08375029241468432,-0.13091741045158528,0.22315496135323482,0.0,0.2876862114598019,0.45323165668809695,0.37862850303345297,1.1297843620419112,0.34086244335866067,0.0,7.496209621429443,39.99068796634674,0.36718254983425136
2.981999999999893,-0.13427583471708832,-0.07715943249608997,-0.13115666965065118,0.2242773801323278,0.0,0.2888086302388949,0.4532500005689042,0.3786285056830177,1.1298742331058458,0.340862021647425,0.0,7.496209621429443,39.99068796634674,0.36718254983425136
2.991999999999892,-0.13500385861964856,-0.06989886703876554,-0.13140513149014998,0.225312047936989,0.0,0.2898432980435561,0.453269222272343,0.3786285082800134,1.1296979111468493,0.34086159856223985,0.0,7.496209621429443,39.99068796634674,0.36718254983425136
3.001999999999891,-0.1356577895877159,-0.06190384405480747,-0.13165458624631582,0.22657044584845776,0.0,0.29110169595502483,0.45328940072483015,0.37862851082548293,1.1297232418440935,0.3408611736150049,0.0,7.642027318477631,40.712153911590576,0.41996268182992935
3.01199999999989,-0.13621432178131773,-0.051670427208199775,-0.13185886664393623,0.2275985387963129,0.0,0.29212978890288,0.45331059374823823,0.3786285133204488,1.1293456338521553,0.3408607473746772,0.0,7.642027318477631,40.712153911590576,0.41996268182992935
3.0219999999998888,-0.1366718488310438,-0.0418189119048059,-0.132076436156929,0.22849636167823878,0.0,0.29302761178480585,0.453332835905096,0.3786285157659129,1.1287392609016842,0.3408603194461308,0.0,7.642027318477631,40.712153911590576,0.41996268182992935
3.0319999999998877,-0.13703146156727192,-0.03211638769844128,-0.13230632148334573,0.22986320583972994,0.0,0.294394455946297,0.45335613915133993,0.3786285181628574,1.1287810429014753,0.3408598898875914,0.0,7.642027318477631,40.712153911590576,0.41996268182992935
3.0419999999998866,-0.13729881781471093,-0.02314912428891453,-0.13255426277988475,0.2312983327726579,0.0,0.295829582879225,0.45338049471325265,0.37862852051224505,1.1289462794194502,0.3408594581503213,0.0,7.642027318477631,40.712153911590576,0.41996268182992935
3.0519999999998855,-0.1374723896787196,-0.012922446627823981,-0.13278781564882505,0.2320219236743726,0.0,0.2965531737809397,0.4534058753702462,0.3786285228150194,1.128178816189937,0.3408590251631272,0.0,7.700300395488739,41.946579813957214,0.47089554816484447
3.0619999999998844,-0.13753307573793128,-0.0017953511926194383,-0.13295405399059146,0.23364703148095223,0.0,0.2981782815875193,0.4534322361033825,0.37862852507210515,1.1287658777164058,0.34085858995718865,0.0,7.700300395488739,41.946579813957214,0.47089554816484447
3.0719999999998833,-0.13749393416922598,0.0074790510979380696,-0.13313712527317187,0.23503409513069234,0.0,0.2995653452372594,0.4534595127777166,0.3786285272844089,1.129137490943119,0.34085815281093185,0.0,7.700300395488739,41.946579813957214,0.47089554816484447
3.081999999999882,-0.13736640754463872,0.016291194057582378,-0.13332720932688508,0.23529009044838028,0.0,0.29982134055494736,0.453487625226724,0.37862852945281916,1.1280728179972477,0.3408577145736067,0.0,7.700300395488739,41.946579813957214,0.47089554816484447
3.091999999999881,-0.13715360514367894,0.024509410360195945,-0.1335215133969946,0.23604283437025972,0.0,0.30057408447682676,0.45351648055489785,0.37862853157820675,1.1278812826425448,0.3408572754865391,0.0,7.700300395488739,41.946579813957214,0.47089554816484447
3.10199999999988,-0.13686406456090833,0.03219529078565515,-0.13370094372656302,0.23706466565708428,0.0,0.30159591576365136,0.4535459749658683,0.3786285336614253,1.1282695114017423,0.3408568351945179,0.0,7.688931107521057,43.266868591308594,0.46914353668689723
3.111999999999879,-0.1364916149890342,0.040257305219242596,-0.13380248141991485,0.23799965149643543,0.0,0.3025309016030025,0.4535759957955177,0.3786285357033114,1.1287492864470665,0.3408563933248459,0.0,7.688931107521057,43.266868591308594,0.46914353668689723
3.1219999999998778,-0.13605605502060641,0.04555071297329856,-0.133916432703187,0.23866194418791914,0.0,0.3031931942944862,0.45360642196437406,0.37862853770468524,1.1290678649465775,0.3408559500685969,0.0,7.688931107521057,43.266868591308594,0.46914353668689723
3.1319999999998767,-0.13557191275805391,0.050131472190624624,-0.13402697570155014,0.23867995503746606,0.0,0.3032112051440331,0.4536371277102213,0.3786285396663505,1.128715266336282,0.3408555068329611,0.0,7.688931107521057,43.266868591308594,0.46914353668689723
3.1419999999998756,-0.13504836881069074,0.0537298648105311,-0.13413296325490792,0.23835392878054812,0.0,0.3028851788871152,0.45366798601581865,0.37862854158909515,1.1281211229184354,0.340855063730297,0.0,7.688931107521057,43.266868591308594,0.46914353668689723
3.1519999999998745,-0.134493716224843,0.05698335928810755,-0.13420798966307487,0.2384484537060751,0.0,0.30297970381264216,0.4536988706014257,0.37862854347369135,1.1283604098615392,0.3408546208514123,0.0,7.611722826957703,44.728302359580994,0.4337619379162788
3.1619999999998734,-0.13390185118512016,0.060259212806181975,-0.13418708840048807,0.23866614151793195,0.0,0.303197391624499,0.4537296572660888,0.37862854532089585,1.1290047444404978,0.34085417734351675,0.0,7.611722826957703,44.728302359580994,0.4337619379162788
3.1719999999998723,-0.13329516713097936,0.0605183484757505,-0.13416869842774148,0.23908155133627493,0.0,0.303612801442842,0.4537602236918731,0.37862854713145067,1.1301426911315997,0.34085373366556854,0.0,7.611722826957703,44.728302359580994,0.4337619379162788
3.181999999999871,-0.13269299044730215,0.059817682418069305,-0.13413958881795002,0.23825393133008071,0.0,0.3027851814366478,0.45379045302503546,0.37862854890608294,1.1297442785364789,0.3408532909981161,0.0,7.611722826957703,44.728302359580994,0.4337619379162788
3.19199999999987,-0.13211273196203133,0.05654848707296184,-0.13411316283267122,0.23830227326000836,0.0,0.30283352336657543,0.4538202374523948,0.3786285506455054,1.1307612975507304,0.34085284816729833,0.0,7.611722826957703,44.728302359580994,0.4337619379162788
3.201999999999869,-0.13157200814519088,0.0528294626072289,-0.13406572992107804,0.23747034335577685,0.0,0.3020015934623439,0.4538494811707553,0.3786285523504166,1.1307111452730376,0.34085240598333594,0.0,7.505673944950104,45.536083579063416,0.378918507695198
3.211999999999868,-0.13106062591559092,0.049714451939270696,-0.13395135129938213,0.23703042838681085,0.0,0.3015616784933779,0.45387810243927285,0.37862855402150125,1.1313484859478586,0.3408519647935831,0.0,7.505673944950104,45.536083579063416,0.378918507695198
3.2219999999998667,-0.1305902887402443,0.04525882537157844,-0.13382758718709864,0.23601080287194123,0.0,0.30054205297850833,0.45390603187690215,0.3786285556594305,1.1312839265622445,0.34085152473897073,0.0,7.505673944950104,45.536083579063416,0.378918507695198
3.2319999999998656,-0.13016814773057014,0.03980239978815573,-0.1336924734673346,0.23557442968302364,0.0,0.3001056797895907,0.4539332131781103,0.37862855726486216,1.1321207009308214,0.3408510860278114,0.0,7.505673944950104,45.536083579063416,0.378918507695198
3.2419999999998645,-0.1298131376418604,0.032634307498535235,-0.13355732647395727,0.2350435754232835,0.0,0.2995748255298506,0.45395960425010606,0.3786285588384411,1.1328783480773876,0.3408506476757243,0.0,7.505673944950104,45.536083579063416,0.378918507695198
3.2519999999998634,-0.1295220138353884,0.02677541334267534,-0.13340304167858766,0.23269413391386926,0.0,0.2972253840204363,0.4539851791935123,0.3786285603807992,1.131113716200383,0.3408502120425241,0.0,7.392843246459961,45.09394288063049,0.3251348741352558
3.2619999999998623,-0.1292978181889381,0.019698440461328938,-0.13326511972340413,0.2317237835190023,0.0,0.2962550336255694,0.4540099272124305,0.37862856189255595,1.1312823736951176,0.3408497779712656,0.0,7.392843246459961,45.09394288063049,0.3251348741352558
3.2719999999998612,-0.12913841107359786,0.013635268778045082,-0.13310540090655457,0.2300552385166137,0.0,0.29458648862318076,0.45403385186557244,0.3786285633743184,1.1304503880651122,0.34084934617055973,0.0,7.392843246459961,45.09394288063049,0.3251348741352558
3.28199999999986,-0.12903398319383516,0.008214608670326041,-0.13292429108595497,0.22896646020949812,0.0,0.2934977103160652,0.45405696974289533,0.3786285648266818,1.130383945086713,0.340848916666736,0.0,7.392843246459961,45.09394288063049,0.3251348741352558
3.291999999999859,-0.12899160645795166,0.001493054681414108,-0.13274149130617824,0.22855313930979268,0.0,0.2930843894163597,0.45407930807953145,0.37862856625022934,1.1311907540175352,0.3408484877901349,0.0,7.392843246459961,45.09394288063049,0.3251348741352558
3.301999999999858,-0.1290176481561565,-0.006144444713849541,-0.13258596124730276,0.22756757485268628,0.0,0.2920988249592533,0.4541009050124729,0.3786285676455329,1.1310953793432754,0.34084806028233705,0.0,7.35090959072113,43.00668179988861,0.3111405853182077
3.311999999999857,-0.12914478588486908,-0.016750164815383835,-0.13256669199654378,0.22672969979878782,0.0,0.2912609499053549,0.454121810781882,0.3786285690131526,1.131095204507307,0.3408476341574645,0.0,7.35090959072113,43.00668179988861,0.3111405853182077
3.3219999999998557,-0.12936134837145263,-0.024661800023250163,-0.13253346636119334,0.22582764845543093,0.0,0.29035889856199804,0.4541420915163615,0.37862857035363795,1.1308800496106781,0.34084720929455603,0.0,7.35090959072113,43.00668179988861,0.3111405853182077
3.3319999999998546,-0.12964874320350167,-0.03135330410727454,-0.13249402529008047,0.22545590875781898,0.0,0.2899871588643861,0.4541618269045727,0.3786285716675272,1.1312629176613056,0.34084678505776234,0.0,7.35090959072113,43.00668179988861,0.3111405853182077
3.3419999999998535,-0.12999220300931194,-0.03600655132037682,-0.1324409286207556,0.2243759443682664,0.0,0.2889071944748335,0.45418110564252595,0.3786285729553481,1.1304922419521881,0.34084636210439845,0.0,7.35090959072113,43.00668179988861,0.3111405853182077
3.3519999999998524,-0.13037534463366904,-0.041068211017511846,-0.13242339373069473,0.2240948680851041,0.0,0.28862611819167117,0.45420002161190687,0.3786285742176178,1.1306689405779011,0.34084594019887227,0.0,7.375475645065308,40.44581055641174,0.34482848346233363
3.3619999999998513,-0.13084649189123154,-0.05065638712183681,-0.13259185296594975,0.22429060843482565,0.0,0.28882185854139275,0.45421867185912446,0.37862857545484324,1.131345265178409,0.340845517948673,0.0,7.375475645065308,40.44581055641174,0.34482848346233363
3.3719999999998502,-0.13138528683466436,-0.05542984764393493,-0.1327417842666237,0.22304135250821677,0.0,0.28757260261478385,0.4542371627198504,0.37862857666752125,1.1298315625640285,0.34084509691173664,0.0,7.375475645065308,40.44581055641174,0.34482848346233363
3.381999999999849,-0.1319567625409457,-0.05806300821892914,-0.13288398773152799,0.22301959367211896,0.0,0.287550843778686,0.454255606594021,0.37862857785613896,1.1298700749635713,0.34084467619769376,0.0,7.375475645065308,40.44581055641174,0.34482848346233363
3.391999999999848,-0.13254539118890113,-0.05916419339378775,-0.1330216304977493,0.22292106344712323,0.0,0.2874523135536903,0.454274115021676,0.3786285790211738,1.1296341668486933,0.34084425554477304,0.0,7.375475645065308,40.44581055641174,0.34482848346233363
3.401999999999847,-0.13313303258896989,-0.058428689072506645,-0.13315309449023352,0.2225170257399842,0.0,0.28704827584655124,0.4542927952379641,0.3786285801630936,1.1288083251653682,0.34084383550225167,0.0,7.473178684711456,40.17236828804016,0.38225136101245877
3.411999999999846,-0.1337136215288193,-0.0579179944030703,-0.1333053241176925,0.2236786073441239,0.0,0.28820985745069094,0.454311747119291,0.3786285812823569,1.1300224902175975,0.3408434149009819,0.0,7.473178684711456,40.17236828804016,0.38225136101245877
3.4219999999998447,-0.13429354129632376,-0.05790499787229706,-0.1334741817403551,0.2245826397136422,0.0,0.28911388982020925,0.4543310624015974,0.3786285823794133,1.1307291587010928,0.34084299247160965,0.0,7.473178684711456,40.17236828804016,0.38225136101245877
3.4319999999998436,-0.13486843020845382,-0.05711510509571506,-0.13365237964510118,0.22568148166955607,0.0,0.29021273177612317,0.4543508259490661,0.37862858345470346,1.131567779179834,0.34084256882089137,0.0,7.473178684711456,40.17236828804016,0.38225136101245877
3.4419999999998425,-0.1354302742885379,-0.05528587773102195,-0.13383840183881046,0.22608267274512492,0.0,0.29061392285169196,0.4543711155088431,0.37862858450865927,1.1312997943189287,0.3408421440581708,0.0,7.473178684711456,40.17236828804016,0.38225136101245877
3.4519999999998414,-0.1359650405057451,-0.05203092153975271,-0.13402172109294183,0.2269724510604162,0.0,0.29150370116698326,0.454392000412887,0.37862858554170387,1.1316023254758205,0.34084171843989935,0.0,7.588129222393036,40.56157648563385,0.4160228595137596
3.4619999999998403,-0.13645676579831478,-0.04733104091671301,-0.13418304840685985,0.22781236483867945,0.0,0.2923436149452465,0.45441353944157037,0.37862858655425213,1.1317375615961578,0.3408412917251568,0.0,7.588129222393036,40.56157648563385,0.4160228595137596
3.471999999999839,-0.13690347507992617,-0.042846772055162886,-0.13435742143333365,0.22894082618384157,0.0,0.2934720762904086,0.4544357787468818,0.37862858754671086,1.1321968104321534,0.340840863456771,0.0,7.588129222393036,40.56157648563385,0.4160228595137596
3.481999999999838,-0.13730232024720768,-0.037746696473832345,-0.13453924674476841,0.22930877384659537,0.0,0.29384002395316244,0.4544587518953871,0.37862858851947856,1.1315320556975323,0.34084043410490805,0.0,7.588129222393036,40.56157648563385,0.4160228595137596
3.491999999999837,-0.13764794312041403,-0.032391839854600465,-0.13473006749023506,0.2301470487704033,0.0,0.2946782988769704,0.4544824801312723,0.3786285894729459,1.1314904146102274,0.3408400035161518,0.0,7.588129222393036,40.56157648563385,0.4160228595137596
3.501999999999836,-0.13793491880123646,-0.02614044587000066,-0.13491778875275146,0.23119283987768796,0.0,0.29572408998425503,0.4545069722310879,0.3786285904074959,1.131728355980354,0.3408395720538782,0.0,7.64826226234436,40.98584294319153,0.44476155340671536
3.511999999999835,-0.13816021615953314,-0.020311064568916907,-0.13509427542943894,0.23265089512303233,0.0,0.2971821452295994,0.45453222428513557,0.37862859132350374,1.1325530468047835,0.3408391383818748,0.0,7.64826226234436,40.98584294319153,0.44476155340671536
3.5219999999998337,-0.1383319173502838,-0.015143374389196742,-0.1352859537887871,0.2335982579354494,0.0,0.29812950804201643,0.45455822015894914,0.3786285922213375,1.1326894332748152,0.34083870291233875,0.0,7.64826226234436,40.98584294319153,0.44476155340671536
3.5319999999998326,-0.13845210439393035,-0.009724356436097452,-0.1354855255625378,0.23404844194586497,0.0,0.29857969205243207,0.45458493360171043,0.3786285931013576,1.1321769759184477,0.34083826626607755,0.0,7.64826226234436,40.98584294319153,0.44476155340671536
3.5419999999998315,-0.1385142834386961,-0.0039390144641405014,-0.13568756168559323,0.2349860700961336,0.0,0.29951732020270067,0.4546123292612147,0.3786285939639175,1.132418264728806,0.3408378289208573,0.0,7.64826226234436,40.98584294319153,0.44476155340671536
3.5519999999998304,-0.13852223767601143,0.0018853242532597403,-0.13587991269464678,0.23542542599344263,0.0,0.2999566761000097,0.45464036249948486,0.3786285948093637,1.1320537637012187,0.3408373902571525,0.0,7.657090902328491,42.047738432884216,0.458799560368061
3.5619999999998293,-0.13845424171187057,0.009866730814182042,-0.1359960273075127,0.23576790324240912,0.0,0.30029915334897617,0.4546689799254474,0.37862859563803575,1.1316592127124174,0.3408369512813504,0.0,7.657090902328491,42.047738432884216,0.458799560368061
3.571999999999828,-0.13831165752037006,0.016931403999658357,-0.13610986190619906,0.2361044017793806,0.0,0.30063565188594765,0.45469811702781676,0.37862859645026636,1.1313784826796591,0.3408365122268493,0.0,7.657090902328491,42.047738432884216,0.458799560368061
3.581999999999827,-0.13811185332242634,0.02172801713393093,-0.13623435304976445,0.23695934506953736,0.0,0.30149059517610444,0.45472769883220543,0.3786285972463818,1.1319618717729045,0.34083607192900084,0.0,7.657090902328491,42.047738432884216,0.458799560368061
3.591999999999826,-0.1378740702601698,0.024841103656854206,-0.1363686252410174,0.23789573457926735,0.0,0.3024269846858344,0.4547576438938719,0.37862859802670185,1.1328059552005132,0.34083563044009935,0.0,7.657090902328491,42.047738432884216,0.458799560368061
3.601999999999825,-0.13760831859331357,0.028247274391524385,-0.13648348030239862,0.23758251932727706,0.0,0.30211376943384416,0.454787868471203,0.3786285987915398,1.1320528857589442,0.34083518855365247,0.0,7.620100259780884,43.17781746387482,0.45018845498561855
3.611999999999824,-0.13728894893503318,0.0339752459417933,-0.13650761262031533,0.23734686084331216,0.0,0.30187811094987926,0.45481828798616386,0.378628599541203,1.1315635352773286,0.3408347474122566,0.0,7.620100259780884,43.17781746387482,0.45018845498561855
3.6219999999998227,-0.13692630096994376,0.03769791709446954,-0.1365302913790267,0.236959504718048,0.0,0.30149075482461507,0.45484881382182657,0.3786286002759923,1.1310186112113065,0.3408343063377805,0.0,7.620100259780884,43.17781746387482,0.45018845498561855
3.6319999999998216,-0.13653648190616163,0.039596657386641684,-0.13655219270897048,0.23710917206531304,0.0,0.30164042217188014,0.45487935472972657,0.37862860099620294,1.1313840399527098,0.3408338652785064,0.0,7.620100259780884,43.17781746387482,0.45018845498561855
3.6419999999998205,-0.1361395538276144,0.039408254118562885,-0.13657885088005245,0.2377558138101204,0.0,0.30228706391668747,0.4549098204258517,0.37862860170212403,1.1325990255998613,0.3408334237371645,0.0,7.620100259780884,43.17781746387482,0.45018845498561855
3.6519999999998194,-0.1357524456925267,0.03867868489811706,-0.13658889894310916,0.23741963853099982,0.0,0.3019508886375669,0.45494012543875356,0.3786286023940392,1.132581146655275,0.3408329820248676,0.0,7.5642587542533875,44.16075944900513,0.4161720618605613
3.6619999999998183,-0.1353659367979579,0.03844682801903369,-0.13653057262719615,0.2374126918683512,0.0,0.30194394197491825,0.4549701915271189,0.37862860307222646,1.1331505394482573,0.3408325401597403,0.0,7.5642587542533875,44.16075944900513,0.4161720618605613
3.671999999999817,-0.1349929425857308,0.03652344431788576,-0.13647280211339458,0.23714670436534122,0.0,0.30167795447190826,0.4549999466140916,0.37862860373695795,1.1334653019660346,0.3408320983941875,0.0,7.5642587542533875,44.16075944900513,0.4161720618605613
3.681999999999816,-0.13463919923066786,0.03457813961556147,-0.13640287698744938,0.23642697473970506,0.0,0.3009582248462721,0.4550293262010291,0.37862860438850077,1.133239516052957,0.34083165786537223,0.0,7.5642587542533875,44.16075944900513,0.4161720618605613
3.691999999999815,-0.13430949557711253,0.03187336591712708,-0.13632590241784606,0.2357811711368254,0.0,0.30031242124339247,0.45505827425791656,0.3786286050271166,1.1331990477472231,0.34083121814828843,0.0,7.5642587542533875,44.16075944900513,0.4161720618605613
3.701999999999814,-0.1340047490541922,0.029338030220580225,-0.13623248770293242,0.23499471988867873,0.0,0.29952596999524583,0.455086743507629,0.37862860565306183,1.1330290913574195,0.3408307799673976,0.0,7.494515061378479,44.234817028045654,0.38133519664406773
3.711999999999813,-0.1337294091862735,0.02615452397455409,-0.13612590173309125,0.2344793968285932,0.0,0.2990106469351603,0.45511469529112925,0.3786286062665879,1.1332897674142037,0.34083034266544865,0.0,7.494515061378479,44.234817028045654,0.38133519664406773
3.7219999999998117,-0.13349117314230574,0.02224769849249776,-0.13601326897293162,0.2337096466729149,0.0,0.29824089677948196,0.4551420998048196,0.37862860686794125,1.1332259650861727,0.34082990617418985,0.0,7.494515061378479,44.234817028045654,0.38133519664406773
3.7319999999998106,-0.1332938009189463,0.018107213423202782,-0.1358921528204856,0.23293042807176606,0.0,0.29746167817833313,0.4551689369069354,0.3786286074573634,1.1331614048481082,0.3408294707260612,0.0,7.494515061378479,44.234817028045654,0.38133519664406773
3.7419999999998095,-0.13313307310553985,0.015046060535666437,-0.135751343241224,0.23093801153109886,0.0,0.29546926163766596,0.4551951961959566,0.378628608035091,1.1313935831212754,0.3408290373335766,0.0,7.494515061378479,44.234817028045654,0.38133519664406773
3.7519999999998084,-0.13299442626933464,0.01290976063304328,-0.13559742144737624,0.22918087071341695,0.0,0.293712120819984,0.4552208754111301,0.37862860860135616,1.1299400220964428,0.34082860679312754,0.0,7.438867270946503,43.40107560157776,0.3589297585189342
3.7619999999998073,-0.13288816799666742,0.009117000362798442,-0.13548547059655372,0.22837155244411594,0.0,0.292902802550683,0.45524597778236614,0.3786286091563862,1.1297935569696738,0.3408281781443744,0.0,7.438867270946503,43.40107560157776,0.3589297585189342
3.771999999999806,-0.13282262086859797,0.004773441190519681,-0.13536901983097235,0.22802702221971985,0.0,0.29255827232628695,0.4552705130172294,0.37862860970040413,1.1302649726566427,0.3408277501776509,0.0,7.438867270946503,43.40107560157776,0.3589297585189342
3.781999999999805,-0.13280234279554184,7.077718139542923e-05,-0.13525000252023128,0.2279432830489,0.0,0.29247453315546706,0.45529449862210725,0.3786286102336284,1.1310493301823947,0.3408273227336353,0.0,7.438867270946503,43.40107560157776,0.3589297585189342
3.791999999999804,-0.13283140775826,-0.004847101478134153,-0.13513101999036473,0.22757510158401942,0.0,0.2921063516905865,0.45531796027973037,0.3786286107562732,1.131363872860794,0.34082689558720386,0.0,7.438867270946503,43.40107560157776,0.3589297585189342
3.801999999999803,-0.13290943579142403,-0.010173862976024881,-0.13503295416946387,0.22690548233356078,0.0,0.29143673244012785,0.4553409319058016,0.37862861126854835,1.1311675980775964,0.34082646903213903,0.0,7.42577064037323,42.06676781177521,0.36326240524649617
3.8119999999998018,-0.13305541895018122,-0.017463657684471667,-0.13502784192555561,0.2272336277157541,0.0,0.2917648778223212,0.4553634555546417,0.3786286117706596,1.1322737791150796,0.3408260429515562,0.0,7.42577064037323,42.06676781177521,0.36326240524649617
3.8219999999998007,-0.13326477464458023,-0.022697867267839268,-0.135017611961048,0.22608316682287635,0.0,0.29061441692944345,0.4553855836147319,0.37862861226280864,1.131205786880678,0.34082561732657507,0.0,7.42577064037323,42.06676781177521,0.36326240524649617
3.8319999999997996,-0.13350957914063472,-0.025796048693004295,-0.13499361762708267,0.2259383171495704,0.0,0.2904695672561375,0.45540737717723,0.37862861274519316,1.1314355720737366,0.3408251929427201,0.0,7.42577064037323,42.06676781177521,0.36326240524649617
3.8419999999997985,-0.13378519349168805,-0.028559714558204757,-0.13497087728845414,0.22559880109775493,0.0,0.290130051204322,0.45542890096216515,0.3786286132180069,1.1312749879328718,0.3408247685046214,0.0,7.42577064037323,42.06676781177521,0.36326240524649617
3.8519999999997974,-0.1340844647170581,-0.03143503441450251,-0.1349710263519451,0.2257656152235155,0.0,0.2902968653300826,0.45545022140130637,0.3786286136814397,1.1316999742448055,0.3408243443100111,0.0,7.464989602565765,40.685131549835205,0.38648883700370784
3.8619999999997963,-0.1344250538850836,-0.03546654353024669,-0.13506418073437967,0.2252512248527599,0.0,0.28978247495932696,0.4554714058566074,0.3786286141356776,1.1310533414822221,0.34082392061353833,0.0,7.464989602565765,40.685131549835205,0.38648883700370784
3.871999999999795,-0.1347955747399021,-0.03783106894808042,-0.13515661829502135,0.22556715724302054,0.0,0.2900984073495876,0.4554925246333364,0.37862861458090324,1.1314568112338939,0.3408234967586401,0.0,7.464989602565765,40.685131549835205,0.38648883700370784
3.881999999999794,-0.13518284143956508,-0.03910842276787902,-0.1352505252534106,0.22557610834236524,0.0,0.2901073584489323,0.4555136492307393,0.37862861501729533,1.1313185224293938,0.34082307255471966,0.0,7.464989602565765,40.685131549835205,0.38648883700370784
3.891999999999793,-0.13557477290011033,-0.039175715190683816,-0.13534324854064608,0.22575089348607014,0.0,0.2902821435926372,0.4555348495591127,0.378628615445029,1.1313035105617786,0.3408226482331452,0.0,7.464989602565765,40.685131549835205,0.38648883700370784
3.901999999999792,-0.13596238265208108,-0.038248847342044465,-0.13543901935925232,0.22548271282455712,0.0,0.2900139629311242,0.45555619177772555,0.3786286158642762,1.1305650402966796,0.34082222382568644,0.0,7.536561369895935,40.41935682296753,0.41208263039588927
3.9119999999997908,-0.1363395859184501,-0.037421610216603535,-0.13555577391718326,0.2264427944491865,0.0,0.2909740445557536,0.4555777365972717,0.3786286162752053,1.131454412394858,0.34082179894424924,0.0,7.536561369895935,40.41935682296753,0.41208263039588927
3.9219999999997897,-0.13670971115496006,-0.036786703517420125,-0.13568474376415288,0.22750708736420103,0.0,0.29203833747076813,0.4555995385996946,0.37862861667798126,1.1324053299944667,0.3408213726990383,0.0,7.536561369895935,40.41935682296753,0.41208263039588927
3.9319999999997886,-0.13707438234703634,-0.035980064805633205,-0.1358260027533012,0.2279827416060046,0.0,0.29251399171257164,0.4556216470916643,0.3786286170727659,1.1324533251039681,0.34082094505082516,0.0,7.536561369895935,40.41935682296753,0.41208263039588927
3.9419999999997875,-0.13742234289523628,-0.0340352800176592,-0.13596977519451686,0.22869963105256857,0.0,0.29323088115913565,0.45564410641264647,0.3786286174597178,1.132771358611378,0.34082051684759,0.0,7.536561369895935,40.41935682296753,0.41208263039588927
3.9519999999997864,-0.13774665530696512,-0.031120952671473544,-0.13611425186860776,0.22897592982524823,0.0,0.2935071799318153,0.45566695451630784,0.3786286178389924,1.1324179441608835,0.34082008801089547,0.0,7.595580697059631,40.54934740066528,0.43555774837732314
3.9619999999997852,-0.13803340117936136,-0.02693472302959664,-0.13624746301599194,0.22915168682594167,0.0,0.29368293693250874,0.45569022165001727,0.3786286182107419,1.1318850702229342,0.3408196589373244,0.0,7.595580697059631,40.54934740066528,0.43555774837732314
3.971999999999784,-0.13827859514292806,-0.022857623567575654,-0.13638599559534625,0.22963743000348705,0.0,0.29416868011005415,0.45571392850015435,0.37862861857511565,1.1317644267170766,0.34081922907096995,0.0,7.595580697059631,40.54934740066528,0.43555774837732314
3.981999999999783,-0.13847994987747583,-0.018193980768375702,-0.13652400579706583,0.229768721192431,0.0,0.2942999712989981,0.4557380858843015,0.3786286189322599,1.1311424018989287,0.3408187989217053,0.0,7.595580697059631,40.54934740066528,0.43555774837732314
3.991999999999782,-0.13863214266520524,-0.01327412979833134,-0.1366615007267803,0.23005806368909362,0.0,0.29458931379566067,0.4557626948802088,0.3786286192823182,1.1307559204483961,0.34081836849299324,0.0,7.595580697059631,40.54934740066528,0.43555774837732314
4.001999999999781,-0.13873535492908376,-0.007929393404563318,-0.13678670856546216,0.23027309037938856,0.0,0.2948043404859556,0.45578774665915905,0.37862861962543115,1.1302970631599791,0.3408179376020868,0.0,7.620396196842194,41.31235718727112,0.44981939196586607
4.01199999999978,-0.1387722405555616,-0.0012742700147838626,-0.1368562925814924,0.23094497066086755,0.0,0.2954762207674346,0.45581322260342794,0.3786286199617365,1.1305234601202032,0.3408175065254905,0.0,7.620396196842194,41.31235718727112,0.44981939196586607
4.021999999999779,-0.13875631632149296,0.0034240802037233554,-0.13693759431297314,0.23137511910080366,0.0,0.29590636920737073,0.4558390927848418,0.37862862029136946,1.1304678177543712,0.3408170742225146,0.0,7.620396196842194,41.31235718727112,0.44981939196586607
4.031999999999778,-0.1387053209785939,0.006142050449881682,-0.13703590436389626,0.2322872209310824,0.0,0.29681847103764947,0.4558653185780428,0.3786286206144622,1.1311529428908518,0.3408166401920494,0.0,7.620396196842194,41.31235718727112,0.44981939196586607
4.041999999999777,-0.13862735725111097,0.008771690271455095,-0.13713834306536116,0.2330372253328468,0.0,0.2975684754394139,0.45589185667010973,0.3786286209311445,1.1316847364280145,0.3408162055521908,0.0,7.620396196842194,41.31235718727112,0.44981939196586607
4.051999999999776,-0.13852471951877346,0.01159813728808328,-0.13723013857348865,0.23324475151124882,0.0,0.2977760016178159,0.45591866112441604,0.3786286212415437,1.131539804053424,0.34081577020374376,0.0,7.61236447095871,42.1872079372406,0.4497730165719986
4.061999999999775,-0.13838443901292882,0.015355622640876023,-0.1372654556729317,0.23408077641304975,0.0,0.2986120265196168,0.4559456836805425,0.37862862154578436,1.132359903005748,0.3408153341238957,0.0,7.61236447095871,42.1872079372406,0.4497730165719986
4.071999999999774,-0.1382117154919444,0.018548558451391424,-0.13730001043077888,0.23375652399037253,0.0,0.29828777409693963,0.45597287227898775,0.3786286218439887,1.1316431169758807,0.34081489802213455,0.0,7.61236447095871,42.1872079372406,0.4497730165719986
4.0819999999997725,-0.1380081435355195,0.02121107525776371,-0.13733154965889616,0.23420688598422934,0.0,0.2987381360907964,0.4560001717085212,0.3786286221362765,1.1321069462849036,0.34081446211039346,0.0,7.61236447095871,42.1872079372406,0.4497730165719986
4.091999999999771,-0.13778590689974107,0.022842793255093037,-0.13736577451619825,0.23379854382161622,0.0,0.29832979392818326,0.45602752463903384,0.3786286224227652,1.1314677870835634,0.3408140258760323,0.0,7.61236447095871,42.1872079372406,0.4497730165719986
4.10199999999977,-0.13754580004302033,0.025016527916462816,-0.13738049108179495,0.2333926205716621,0.0,0.2979238706782292,0.456054873697661,0.37862862270356973,1.1309339122185453,0.34081359028545943,0.0,7.578920602798462,42.81782925128937,0.43572777062654494
4.111999999999769,-0.13727839229165267,0.027749405402756375,-0.13734528882039365,0.23302153036132392,0.0,0.297552780467891,0.45608216169860066,0.3786286229788029,1.1305496841851927,0.3408131550997487,0.0,7.578920602798462,42.81782925128937,0.43572777062654494
4.121999999999768,-0.13699041937308715,0.0293587223692323,-0.13730526469429585,0.2326651837945942,0.0,0.29719643390116124,0.45610933039806784,0.37862862324857527,1.130284347116386,0.3408127204347932,0.0,7.578920602798462,42.81782925128937,0.43572777062654494
4.131999999999767,-0.13669184003969703,0.03003607956936758,-0.13726034257080408,0.2323578989924692,0.0,0.2968891490990363,0.4561363216133705,0.3786286235129952,1.1301836191156691,0.340812286309511,0.0,7.578920602798462,42.81782925128937,0.43572777062654494
4.141999999999766,-0.13639351318075021,0.029521463339216188,-0.13721424035360685,0.2322145268276392,0.0,0.2967457769342063,0.4561630792078636,0.37862862377216877,1.130402987639766,0.3408118524032776,0.0,7.578920602798462,42.81782925128937,0.43572777062654494
4.151999999999765,-0.13610898241596162,0.027747588906743524,-0.13716322535049955,0.23278166864969016,0.0,0.2973129187562572,0.4561895511665724,0.37862862402620023,1.1316978283176706,0.3408114181309342,0.0,7.538311958312988,43.38181734085083,0.41193074733018875
4.161999999999764,-0.13584102610517249,0.02594822343378908,-0.137075987325609,0.2328257086546506,0.0,0.2973569587612177,0.4562156917186905,0.3786286242751915,1.1323235382811918,0.34081098359213463,0.0,7.538311958312988,43.38181734085083,0.41193074733018875
4.171999999999763,-0.13559927088274448,0.02275779786672775,-0.13699456243957137,0.23297718738220521,0.0,0.2975084374887723,0.4562414618992479,0.3786286245192427,1.1331462015366283,0.3408105487574341,0.0,7.538311958312988,43.38181734085083,0.41193074733018875
4.1819999999997615,-0.13539421499466067,0.019099968372925318,-0.13691530683829684,0.23250609505254546,0.0,0.2970373451591125,0.4562668308363322,0.37862862475845177,1.1331273684324534,0.3408101139321357,0.0,7.538311958312988,43.38181734085083,0.41193074733018875
4.19199999999976,-0.13522477680065684,0.015624673298038523,-0.1368324326037546,0.23234692771624374,0.0,0.2968781778228108,0.4562917770578626,0.3786286249929147,1.1335617865773675,0.3408096796299899,0.0,7.538311958312988,43.38181734085083,0.41193074733018875
4.201999999999759,-0.1350874591918208,0.012331051475078948,-0.13675006537064172,0.23157884790922367,0.0,0.29611009801579075,0.4563162877897039,0.37862862522272583,1.133148539249322,0.34080924620786485,0.0,7.500809907913208,42.937246561050415,0.3950108736753464
4.211999999999758,-0.1349900346452163,0.007755064963905697,-0.13669890908418375,0.23207492893655624,0.0,0.2966061790431233,0.4563403579875742,0.3786286254479773,1.1345010960735618,0.34080881303396426,0.0,7.500809907913208,42.937246561050415,0.3950108736753464
4.221999999999757,-0.13493897200184873,0.0034351850242489435,-0.13664762746099599,0.23156730210308366,0.0,0.29609855220965076,0.45636399113435977,0.37862862566875966,1.1344297696771637,0.3408083799953093,0.0,7.500809907913208,42.937246561050415,0.3950108736753464
4.231999999999756,-0.13492669950268865,-0.0001560142489222087,-0.1365905254527875,0.2309544325892664,0.0,0.2954856826958335,0.456387199645282,0.37862862588516155,1.1341798081196974,0.34080794760163774,0.0,7.500809907913208,42.937246561050415,0.3950108736753464
4.241999999999755,-0.13494482007043426,-0.002521238801129382,-0.13652175370252786,0.22975374778779298,0.0,0.29428499789436,0.45641000307640145,0.37862862609726994,1.133065165453183,0.34080751638246753,0.0,7.500809907913208,42.937246561050415,0.3950108736753464
4.251999999999754,-0.13498067789908821,-0.004802758557043499,-0.13645883752028015,0.22941270399998934,0.0,0.2939439541065564,0.4564324257619945,0.3786286263051699,1.1331075693280752,0.3408070864075005,0.0,7.48745995759964,41.955087780952454,0.39232600331306455
4.261999999999753,-0.13505627979203755,-0.009123258978404464,-0.13646487845758568,0.22908449380646073,0.0,0.2936157439130278,0.45645449498830815,0.378628626508945,1.133118616698058,0.34080665672273974,0.0,7.48745995759964,41.955087780952454,0.39232600331306455
4.2719999999997516,-0.13516942030856244,-0.012633311581399095,-0.13646830383671646,0.2291138377813635,0.0,0.29364508788793053,0.45647624365423156,0.37862862670867714,1.1335756245224673,0.340806227256052,0.0,7.48745995759964,41.955087780952454,0.39232600331306455
4.2819999999997505,-0.13531556863308608,-0.0158546821430025,-0.1364729559346712,0.22921073267659647,0.0,0.29374198278316355,0.45649771010573664,0.3786286269044463,1.1340632523634557,0.34080579767318325,0.0,7.48745995759964,41.955087780952454,0.39232600331306455
4.291999999999749,-0.13548696375567038,-0.017811109553956574,-0.1364704812377337,0.22863311147479246,0.0,0.2931643615813595,0.45651893674255883,0.3786286270963314,1.133534971693353,0.3408053687081874,0.0,7.48745995759964,41.955087780952454,0.39232600331306455
4.301999999999748,-0.135672266440613,-0.01937566212075739,-0.13647675388591898,0.228310611912904,0.0,0.29284186201947104,0.45653996814182485,0.3786286272844093,1.1332902839306151,0.34080494044908627,0.0,7.5032501220703125,41.04077458381653,0.4012265637516975
4.311999999999747,-0.1358893697158053,-0.02325122850189076,-0.13655562332971183,0.22919440822112055,0.0,0.2937256583276876,0.4565608493660656,0.37862862746875564,1.1346630279351886,0.3408045115597113,0.0,7.5032501220703125,41.04077458381653,0.4012265637516975
4.321999999999746,-0.1361375244428999,-0.025445110813345287,-0.1366316370116317,0.2285372785103232,0.0,0.29306852861689026,0.45658162836518335,0.3786286276494445,1.133804092024519,0.3408040827289987,0.0,7.5032501220703125,41.04077458381653,0.4012265637516975
4.331999999999745,-0.1363967497967716,-0.026233548223259177,-0.1367009445913161,0.22860950352575382,0.0,0.2931407536323209,0.4566023556499678,0.3786286278265483,1.1338937639625013,0.34080365431476256,0.0,7.5032501220703125,41.04077458381653,0.4012265637516975
4.341999999999744,-0.13666533664859,-0.027208186937915803,-0.13677675682338883,0.22901055062232265,0.0,0.2935418007288897,0.4566230808970059,0.37862862800013825,1.1343710961941813,0.34080322515702904,0.0,7.5032501220703125,41.04077458381653,0.4012265637516975
4.351999999999743,-0.13693714026896045,-0.027366713158625273,-0.13685746162255386,0.2292143266760189,0.0,0.29374557678258595,0.45664385214070957,0.3786286281702841,1.134500143352846,0.3408027961675624,0.0,7.536595046520233,40.5501914024353,0.41688628047704696
4.361999999999742,-0.1372164095762011,-0.028200098766360253,-0.1369760915985581,0.22949593252362802,0.0,0.2940271826301951,0.4566647150244397,0.37862862833705413,1.134672868162152,0.34080236671692,0.0,7.536595046520233,40.5501914024353,0.41688628047704696
4.3719999999997405,-0.1374981863008129,-0.028165249589879496,-0.13709563949529047,0.22969981928907807,0.0,0.29423106939564514,0.4566857132096098,0.3786286285005154,1.1346771022070326,0.34080193690404104,0.0,7.536595046520233,40.5501914024353,0.41688628047704696
4.381999999999739,-0.1377787069132651,-0.02787503890540051,-0.13722068275220808,0.23010359692240853,0.0,0.2946348470289756,0.4567068878765413,0.3786286286607334,1.1349055787047084,0.340801506316999,0.0,7.536595046520233,40.5501914024353,0.41688628047704696
4.391999999999738,-0.138049905717597,-0.026334191601424,-0.13734203053649943,0.22981578326873428,0.0,0.2943470333753013,0.45672827695776763,0.3786286288177726,1.1341161043080286,0.3408010757598864,0.0,7.536595046520233,40.5501914024353,0.41688628047704696
4.401999999999737,-0.1383033876467975,-0.024742726886223643,-0.1374654069456195,0.2306432417894312,0.0,0.2951744918959983,0.4567499137463346,0.3786286289716961,1.134848565634893,0.34080064461289344,0.0,7.574009478092194,40.621017813682556,0.43284160643815994
4.411999999999736,-0.13853775794527334,-0.02254208467554887,-0.13758412521931593,0.2308527626942973,0.0,0.29538401280086435,0.4567718257780911,0.3786286291225656,1.1346830038403677,0.34080021309095815,0.0,7.574009478092194,40.621017813682556,0.43284160643815994
4.421999999999735,-0.13875200194940024,-0.020701983034100008,-0.1377096678858227,0.23144888458268234,0.0,0.29598013468924944,0.4567940347645614,0.3786286292704417,1.1350346164512715,0.34079978067694877,0.0,7.574009478092194,40.621017813682556,0.43284160643815994
4.431999999999734,-0.13894849388729713,-0.018925453655617125,-0.13784123233120457,0.23206621927261525,0.0,0.2965974693791823,0.4568165568134735,0.37862862941538394,1.135399130971039,0.3407993474251225,0.0,7.574009478092194,40.621017813682556,0.43284160643815994
4.441999999999733,-0.13912615113686758,-0.01685571435665681,-0.13797595956082606,0.23223274818067305,0.0,0.2967639982872401,0.4568394031579762,0.37862862955745047,1.1351241311777893,0.3407989135761481,0.0,7.574009478092194,40.621017813682556,0.43284160643815994
4.451999999999732,-0.13927993978263198,-0.01418770901445536,-0.13810489675074009,0.2323713441381339,0.0,0.296902594244701,0.45686258021358156,0.37862862969669825,1.1348121373423325,0.34079847933893703,0.0,7.59694504737854,40.97755670547485,0.4436252206563949
4.461999999999731,-0.139396491628064,-0.009981083736226772,-0.13820184131376423,0.2324246429559089,0.0,0.29695589306247594,0.45688608887595517,0.37862862983318324,1.1343924640828493,0.340798045340133,0.0,7.59694504737854,40.97755670547485,0.4436252206563949
4.4719999999997295,-0.1394809050096688,-0.007516490442473905,-0.13831122832074905,0.23342815083454901,0.0,0.29795940094111606,0.4569099227957803,0.37862862996696034,1.1353246131480836,0.34079760999379655,0.0,7.59694504737854,40.97755670547485,0.4436252206563949
4.481999999999728,-0.13953588930141508,-0.00428124203911604,-0.13841481003711592,0.23339096023444475,0.0,0.29792221034101185,0.45693406937614217,0.3786286300980831,1.1348289156478404,0.340797174906172,0.0,7.59694504737854,40.97755670547485,0.4436252206563949
4.491999999999727,-0.139560160856367,-0.0010825737061024958,-0.13851693894637937,0.23308649127410294,0.0,0.29761774138067,0.45695851088825773,0.37862863022660437,1.133999582298891,0.3407967396979307,0.0,7.59694504737854,40.97755670547485,0.4436252206563949
4.501999999999726,-0.13954837897140387,0.002757102993135004,-0.13860041033123388,0.2332583659043597,0.0,0.2977896160109268,0.4569832243846877,0.3786286303525757,1.1338895501369564,0.3407963048183375,0.0,7.5957788825035095,41.65238618850708,0.4463113948702812
4.511999999999725,-0.13950239646631826,0.00565708446541237,-0.13865041897553584,0.23403753058140148,0.0,0.29856878068796855,0.457008181341412,0.3786286304760477,1.1346841518120518,0.3407958683795935,0.0,7.5957788825035095,41.65238618850708,0.4463113948702812
4.521999999999724,-0.1394308877965856,0.008180373079020795,-0.1386999743899826,0.2339736542212053,0.0,0.2985049043277724,0.4570333484419804,0.3786286305970699,1.134352375392325,0.34079543185739025,0.0,7.5957788825035095,41.65238618850708,0.4463113948702812
4.531999999999723,-0.13933581432825834,0.010345119598520252,-0.13874806140396426,0.23403147633829563,0.0,0.2985627264448627,0.45705868931240884,0.378628630715691,1.1342516356516903,0.34079499534720914,0.0,7.5957788825035095,41.65238618850708,0.4463113948702812
4.541999999999722,-0.13921793121581622,0.012885946344027037,-0.13878775264025817,0.23334819792037984,0.0,0.2978794480269469,0.4570841652976344,0.3786286308319586,1.1331795845941066,0.3407945594711923,0.0,7.5957788825035095,41.65238618850708,0.4463113948702812
4.551999999999721,-0.1390776278345629,0.014839625477293871,-0.13881733138327979,0.23383754271020993,0.0,0.298368792816777,0.4571097357444145,0.3786286309459193,1.133821970408373,0.3407941235215656,0.0,7.5772892236709595,42.19392776489258,0.4397137492895126
4.56199999999972,-0.13892033058925293,0.016055107135104454,-0.13881750964644518,0.2345092977089776,0.0,0.2990405478155447,0.45713535834788094,0.37862863105761896,1.1347878359535706,0.3407936866345487,0.0,7.5772892236709595,42.19392776489258,0.4397137492895126
4.5719999999997185,-0.13875902086930733,0.016050967074291832,-0.13882355274894717,0.23456528405348884,0.0,0.2990965341600559,0.4571609905098803,0.37862863116710244,1.1349528603656214,0.34079324922061566,0.0,7.5772892236709595,42.19392776489258,0.4397137492895126
4.581999999999717,-0.13859860970270957,0.01596883640156356,-0.13882730117997982,0.23449077377978136,0.0,0.29902202388634846,0.45718659155027563,0.3786286312744137,1.1349933124566967,0.3407928119963578,0.0,7.5772892236709595,42.19392776489258,0.4397137492895126
4.591999999999716,-0.13844134202851008,0.015643526014076127,-0.13882927300736933,0.23406296847854413,0.0,0.2985942185851112,0.4572121237309169,0.3786286313795958,1.134594884842762,0.3407923749203324,0.0,7.5772892236709595,42.19392776489258,0.4397137492895126
4.601999999999715,-0.13828074962539097,0.0166706830911792,-0.13881037167793264,0.2328774807887121,0.0,0.2974087308952792,0.4572375523910395,0.37862863148269105,1.1331902662352773,0.3407919392940911,0.0,7.550172686576843,42.443541288375854,0.4262156203389168
4.611999999999714,-0.13810044306081345,0.01890516301873376,-0.138754155442227,0.23187870443547978,0.0,0.2964099545420469,0.4572628444336171,0.37862863158374077,1.1321039110820825,0.34079150542898207,0.0,7.550172686576843,42.443541288375854,0.4262156203389168
4.621999999999713,-0.13790271342583807,0.02008349830411233,-0.13869006475940068,0.23168465381062092,0.0,0.296215903917188,0.45728796562419316,0.37862863168278565,1.132201095077479,0.34079107240990797,0.0,7.550172686576843,42.443541288375854,0.4262156203389168
4.631999999999712,-0.13770296212156735,0.01968663428143238,-0.13862674303145456,0.2316351267843683,0.0,0.2961663768909354,0.4573128810316678,0.37862863177986544,1.1325515869859226,0.34079063948162736,0.0,7.550172686576843,42.443541288375854,0.4262156203389168
4.641999999999711,-0.13750868364162566,0.019336812943042535,-0.13855401216499083,0.23061009415057693,0.0,0.295141344257144,0.45733755777250445,0.3786286318750191,1.1315792886552374,0.34079020754698625,0.0,7.550172686576843,42.443541288375854,0.4262156203389168
4.65199999999971,-0.13731839854781483,0.01896625387447378,-0.13846778465197143,0.22989077847502776,0.0,0.29442202858159483,0.45736196630882275,0.37862863196828483,1.1310734282884611,0.3407897766152457,0.0,7.519359767436981,42.672752141952515,0.410532434284687
4.661999999999709,-0.13713006081239573,0.018504250741271197,-0.13835809738148871,0.2296427748199436,0.0,0.2941740249265107,0.4573860800543016,0.37862863205970015,1.1312583963657217,0.34078934648401255,0.0,7.519359767436981,42.672752141952515,0.410532434284687
4.6719999999997075,-0.13695068948777508,0.017694083447758427,-0.13824140187735964,0.22845091135404735,0.0,0.2929821614606144,0.457409875130165,0.3786286321493017,1.1301429146789894,0.34078891724568955,0.0,7.519359767436981,42.672752141952515,0.410532434284687
4.681999999999706,-0.13677592011916107,0.017477533224061592,-0.13810868768631585,0.22707922068373748,0.0,0.29161047079030455,0.4574333310510194,0.37862863223712545,1.1287911878207508,0.3407884897227498,0.0,7.519359767436981,42.672752141952515,0.410532434284687
4.691999999999705,-0.13660049096677643,0.01736279810936911,-0.13796138078941514,0.226666867963771,0.0,0.2911981180703381,0.4574564299018572,0.3786286323232068,1.128795076325692,0.34078806383302257,0.0,7.519359767436981,42.672752141952515,0.410532434284687
4.701999999999704,-0.13643191041813127,0.01651359075072927,-0.13781102480687804,0.22568717743675826,0.0,0.29021842754332533,0.4574791554717744,0.37862863240758016,1.1280099823182566,0.3407876388732605,0.0,7.491993486881256,42.48672127723694,0.40061622560024257
4.711999999999703,-0.13627879312982322,0.014457583525414458,-0.1376715989209772,0.22560130449961352,0.0,0.2901325546061806,0.45750149428871806,0.3786286324902795,1.1284744442187133,0.3407872144789776,0.0,7.491993486881256,42.48672127723694,0.40061622560024257
4.721999999999702,-0.1361488460743995,0.012143708899112638,-0.1375300425805741,0.2248573197480914,0.0,0.28938856985465844,0.45752343716262445,0.37862863257133805,1.1280051450745092,0.34078679061819045,0.0,7.491993486881256,42.48672127723694,0.40061622560024257
4.731999999999701,-0.1360382484874107,0.010364255892709052,-0.1373795834713548,0.22434469026231615,0.0,0.2888759403688832,0.4575449801906741,0.37862863265078833,1.1278388443807352,0.3407863678988997,0.0,7.491993486881256,42.48672127723694,0.40061622560024257
4.7419999999997,-0.1359453840106138,0.008694329906003186,-0.13722361205294403,0.22351037219420386,0.0,0.2880416223007709,0.45756612394797946,0.3786286327286623,1.1271939414562044,0.3407859460409788,0.0,7.491993486881256,42.48672127723694,0.40061622560024257
4.751999999999699,-0.13586894042414657,0.006440405065804601,-0.13707538685343254,0.22369894650700425,0.0,0.2882301966135713,0.45758687273034643,0.3786286328049912,1.1279463054857835,0.3407855248362386,0.0,7.486130177974701,41.90160632133484,0.3986625865101814
4.761999999999698,-0.1358282682385661,0.0024813263625202663,-0.13697429931914593,0.22379677375273016,0.0,0.28832802385929723,0.4576072345984747,0.3786286328798057,1.128530117136212,0.34078510355584374,0.0,7.486130177974701,41.90160632133484,0.3986625865101814
4.7719999999996965,-0.13582302342490407,-0.0006800304732127935,-0.1368723685876853,0.22337013016445226,0.0,0.2879013802710193,0.45762722395114946,0.3786286329531358,1.1283304776857555,0.3407846825962677,0.0,7.486130177974701,41.90160632133484,0.3986625865101814
4.781999999999695,-0.13584641411871146,-0.00348762276719994,-0.13677172546773098,0.22335476693119252,0.0,0.2878860170377596,0.4576468613680202,0.3786286330250111,1.1286503958127923,0.340784261774246,0.0,7.486130177974701,41.90160632133484,0.3986625865101814
4.791999999999694,-0.13589904889993815,-0.006589730128590387,-0.13667918887960306,0.22385938166787872,0.0,0.2883906317744458,0.4576661720792952,0.3786286330954603,1.1296338604870835,0.3407838404828184,0.0,7.486130177974701,41.90160632133484,0.3986625865101814
4.801999999999693,-0.13598864708052544,-0.010933674973765762,-0.13661639440319576,0.22481109377815536,0.0,0.28934234388472246,0.4576851857320888,0.37862863316451173,1.131168333437043,0.34078341798125417,0.0,7.504121840000153,41.16132199764252,0.4041067406535148
4.811999999999692,-0.1361310485301873,-0.016330223684068394,-0.1366183498958655,0.22545362342031294,0.0,0.28998487352688,0.4577039376561983,0.3786286332321931,1.1321890368446401,0.3407829946176928,0.0,7.504121840000153,41.16132199764252,0.4041067406535148
4.821999999999691,-0.13631967276042398,-0.02007092751585976,-0.1366258661609895,0.22505851156653248,0.0,0.2895897616730996,0.45772247088930573,0.3786286332985317,1.1316715812133218,0.3407825707510746,0.0,7.504121840000153,41.16132199764252,0.4041067406535148
4.83199999999969,-0.1365272229767247,-0.021106195654377366,-0.13662253137394037,0.22471997135215457,0.0,0.2892512214587216,0.4577408343648831,0.37862863336355407,1.1311493581331273,0.340782147831788,0.0,7.504121840000153,41.16132199764252,0.4041067406535148
4.841999999999689,-0.13674430974140733,-0.022244829562055157,-0.13662773354492586,0.22569884368203622,0.0,0.2902300937886033,0.4577590779208378,0.3786286334272863,1.1323910207438328,0.3407817241662033,0.0,7.504121840000153,41.16132199764252,0.4041067406535148
4.851999999999688,-0.13697259015657656,-0.023377951418739357,-0.13665248270370217,0.2257007165363772,0.0,0.29023196664294426,0.45777725016937154,0.37862863348975406,1.1321832199662847,0.3407812998744214,0.0,7.539436995983124,40.461891293525696,0.4184433504939079
4.861999999999687,-0.1372174892316711,-0.025055996206288424,-0.13673136862299612,0.22606885106970462,0.0,0.29060010117627166,0.45779539878434317,0.3786286335509825,1.13241413861266,0.3407808751544642,0.0,7.539436995983124,40.461891293525696,0.4184433504939079
4.8719999999996855,-0.13747321793728343,-0.02600231032924842,-0.1368182194195386,0.22706555221810973,0.0,0.2915968023246768,0.45781357119733246,0.37862863361099597,1.1334581080864803,0.34078044954057846,0.0,7.539436995983124,40.461891293525696,0.4184433504939079
4.881999999999684,-0.1377399148025922,-0.02695695356144559,-0.13692023410842452,0.22779438598872617,0.0,0.2923256360952933,0.4578318139404415,0.3786286336698188,1.1340617974864702,0.34078002236733096,0.0,7.539436995983124,40.461891293525696,0.4184433504939079
4.891999999999683,-0.13800888307056974,-0.026808117804623173,-0.13702728500466546,0.2284612079796962,0.0,0.2929924580862633,0.4578501722569914,0.3786286337274746,1.1345179661366116,0.34077959450447587,0.0,7.539436995983124,40.461891293525696,0.4184433504939079
4.901999999999682,-0.13826977957390613,-0.025469887504538796,-0.13713451749508698,0.2286037300277746,0.0,0.2931349801343417,0.45786868869749403,0.3786286337839865,1.1341879153631693,0.34077916618319903,0.0,7.580724835395813,40.57173490524292,0.4359585627913475
4.911999999999681,-0.13851074437679123,-0.02292719746786135,-0.13723386704640814,0.22837428427879325,0.0,0.2929055343853603,0.45788740118739424,0.37862863383937706,1.1332952512360728,0.3407787375669859,0.0,7.580724835395813,40.57173490524292,0.4359585627913475
4.92199999999968,-0.13871832950826593,-0.01933549859073499,-0.13732800630777772,0.2285669696681756,0.0,0.2930982197747427,0.457906340950817,0.3786286338936687,1.1329663880732541,0.3407783091843697,0.0,7.580724835395813,40.57173490524292,0.4359585627913475
4.931999999999679,-0.13889247267334037,-0.016169317848301404,-0.13742822130443558,0.22923942056753102,0.0,0.2937706706740981,0.45792553067833397,0.37862863394688306,1.1332960036405781,0.34077788003440496,0.0,7.580724835395813,40.57173490524292,0.4359585627913475
4.941999999999678,-0.13903309891490906,-0.01262710615604042,-0.13752862140337732,0.2292357952325414,0.0,0.29376704533910847,0.45794498477287016,0.37862863399904173,1.132678055664532,0.3407774506290073,0.0,7.580724835395813,40.57173490524292,0.4359585627913475
4.951999999999677,-0.13913945613922488,-0.009323567747092061,-0.13762779417274507,0.23015315796947208,0.0,0.29468440807603913,0.4579647098714531,0.3786286340501655,1.1333621594324765,0.3407770204241718,0.0,7.604988098144531,40.9834361076355,0.4471233293414116
4.961999999999676,-0.13921505249086574,-0.006839863820571083,-0.13771511912366532,0.23175265150987837,0.0,0.29628390161644547,0.4579847052801281,0.37862863410027486,1.1350200812173297,0.3407765883839495,0.0,7.604988098144531,40.9834361076355,0.4471233293414116
4.9719999999996745,-0.1392733740547795,-0.005281562323814892,-0.13781748953198264,0.2325329848438197,0.0,0.2970642349503868,0.4580049643957001,0.37862863414939013,1.1355522920324486,0.34077615477855777,0.0,7.604988098144531,40.9834361076355,0.4471233293414116
4.981999999999673,-0.13931729967338868,-0.003753485647896033,-0.13792852392441185,0.23299547735980794,0.0,0.297526727466375,0.4580254772416879,0.37862863419753096,1.135667446777922,0.3407757201468197,0.0,7.604988098144531,40.9834361076355,0.4471233293414116
4.991999999999672,-0.13934406509383182,-0.0017438316601478803,-0.13804222074076175,0.23326316258987148,0.0,0.2977944126964386,0.4580462314140364,0.37862863424471654,1.1355464143028065,0.3407752850069811,0.0,7.604988098144531,40.9834361076355,0.4471233293414116
5.001999999999671,-0.139349208836302,0.0004212997882285449,-0.13815200880487052,0.23384718306198665,0.0,0.2983784331685537,0.45806721169699455,0.378628634290966,1.1359152048962606,0.3407748492094695,0.0,7.608591794967651,41.43604636192322,0.4500148236751556
5.01199999999967,-0.13933364839733156,0.002231864219228623,-0.13824333086352525,0.2347165052686295,0.0,0.29924775537519654,0.45808839955334635,0.37862863433629773,1.136732727463424,0.3407744118873655,0.0,7.608591794967651,41.43604636192322,0.4500148236751556
5.021999999999669,-0.13930470476597806,0.0032216556332550182,-0.13834454753553083,0.23560732550280605,0.0,0.3001385756093731,0.4581097736326949,0.37862863438073013,1.1376306134678067,0.3407739734545328,0.0,7.608591794967651,41.43604636192322,0.4500148236751556
5.031999999999668,-0.1392693493084181,0.0036015039010740737,-0.13845524184867947,0.2364209640439038,0.0,0.3009522141504709,0.4581313112319868,0.37862863442428096,1.1384732894408058,0.34077353392431126,0.0,7.608591794967651,41.43604636192322,0.4500148236751556
5.041999999999667,-0.13923369710978845,0.0036224032272944365,-0.1385743093086438,0.23693019505542282,0.0,0.3014614451619899,0.45815298981398256,0.37862863446696776,1.1389434426530518,0.34077309336996975,0.0,7.608591794967651,41.43604636192322,0.4500148236751556
5.051999999999666,-0.13919811761358641,0.003561084204648478,-0.13869539016988022,0.23766026210091187,0.0,0.302191512207479,0.4581747880393484,0.37862863450880757,1.1397779461549618,0.3407726519946279,0.0,7.596591293811798,41.65300488471985,0.44604587852954863
5.0619999999996645,-0.13915974839257628,0.004020032338787009,-0.1388030856394966,0.23775619951414284,0.0,0.3022874496207099,0.45819668585239254,0.3786286345498173,1.1397788648353209,0.3407722101362579,0.0,7.596591293811798,41.65300488471985,0.44604587852954863
5.0719999999996634,-0.13911538806127516,0.004763862176864267,-0.1389074864827605,0.23741012944220924,0.0,0.3019413795487763,0.45821866392432725,0.3786286345900134,1.1392161803652892,0.340771768310488,0.0,7.596591293811798,41.65300488471985,0.44604587852954863
5.081999999999662,-0.13906002621310284,0.00607581455835211,-0.1390029018225593,0.23716345390891314,0.0,0.3016947040154802,0.45824070296159736,0.37862863462941193,1.1388512275041462,0.3407713270368879,0.0,7.596591293811798,41.65300488471985,0.44604587852954863
5.091999999999661,-0.13899070249815557,0.007638239781430738,-0.1390888310251264,0.23644892234039186,0.0,0.30098017244695896,0.4582627828227414,0.37862863466802876,1.1378934263773732,0.3407708863812393,0.0,7.596591293811798,41.65300488471985,0.44604587852954863
5.10199999999966,-0.13890239917770433,0.00992443126974032,-0.13915364612694306,0.23561351667969835,0.0,0.30014476678626545,0.4582848819130781,0.3785569072535925,1.1368308220247232,0.34077044684899116,0.0,7.566281735897064,41.99648320674896,0.4366397678852081
5.111999999999659,-0.13878806492806292,0.011988770257731832,-0.1391867601798992,0.2362970809679805,0.0,0.30082833107454754,0.4583069762662655,0.3782185713085469,1.137590299090121,0.3407700077921664,0.0,7.566281735897064,41.99648320674896,0.4366397678852081
5.121999999999658,-0.13867155341848098,0.011453058491068136,-0.13923147733234018,0.23614954451754983,0.0,0.3006807946241169,0.4583290391426515,0.37797574016573393,1.1373507344349,0.3407695676122792,0.0,7.566281735897064,41.99648320674896,0.4366397678852081
5.131999999999657,-0.13855667780527395,0.011347647358572873,-0.13926545282079394,0.23601091623092066,0.0,0.30054216633748776,0.45835104473541527,0.37781044844327294,1.1373007600134288,0.3407691282851223,0.0,7.566281735897064,41.99648320674896,0.4366397678852081
5.141999999999656,-0.1384513992232903,0.009742736013934345,-0.13930478451188455,0.23655217229048514,0.0,0.3010834223970522,0.4583729695312253,0.3776776032164184,1.1382368251859254,0.3407686883970781,0.0,7.566281735897064,41.99648320674896,0.4366397678852081
5.151999999999655,-0.13836297667750797,0.008207939387600135,-0.1393370410086805,0.23614878719548268,0.0,0.30068003730204973,0.45839479350321755,0.37763056450846705,1.1380153913254794,0.34076824871431793,0.0,7.541985988616943,42.197171449661255,0.422792811691761
5.1619999999996535,-0.13828931917776688,0.006537312558811334,-0.13935443482836998,0.23650922556055753,0.0,0.3010404756671246,0.4584165011852448,0.37754903305713533,1.1388196710443137,0.340767808983086,0.0,7.541985988616943,42.197171449661255,0.422792811691761
5.171999999999652,-0.13823991497354876,0.00398398117842382,-0.1393762938009114,0.23646221733199665,0.0,0.3009934674385637,0.45843808143217923,0.37757045308051035,1.1391927643535944,0.3407673688068752,0.0,7.541985988616943,42.197171449661255,0.422792811691761
5.181999999999651,-0.13820655411452387,0.0032123034762168625,-0.13937941183279876,0.2347800327417105,0.0,0.29931128284827757,0.45845952831388154,0.3775914481169401,1.1372861698007077,0.34076693024466925,0.0,7.541985988616943,42.197171449661255,0.422792811691761
5.19199999999965,-0.1381757301651222,0.002882619737515921,-0.1393683119535141,0.23441366143683126,0.0,0.2989449115433983,0.4584808394167075,0.37761202659843723,1.1372289990142508,0.3407664929475602,0.0,7.541985988616943,42.197171449661255,0.422792811691761
5.201999999999649,-0.1381498485088931,0.002161723715846022,-0.13935396568260452,0.23384459623492632,0.0,0.2983758463414934,0.45850201342128943,0.37761567248364575,1.1368757067667152,0.34076605644153396,0.0,7.522052705287933,41.90962791442871,0.412791508436203
5.211999999999648,-0.13813719745373468,0.0008642184408369762,-0.1393522689519447,0.23319121750406918,0.0,0.29772246761063625,0.45852305033977275,0.3776042329367664,1.1363828456271805,0.34076562070846533,0.0,7.522052705287933,41.90962791442871,0.412791508436203
5.221999999999647,-0.1381365375435061,-0.0005070621328026603,-0.1393441085324453,0.23309128006009128,0.0,0.29762253016665835,0.45854395262118175,0.37728916700177456,1.1364475766263813,0.34076518555745905,0.0,7.522052705287933,41.90962791442871,0.412791508436203
5.231999999999646,-0.1381544555956685,-0.0027297098264145864,-0.13933836047973067,0.23331826098608513,0.0,0.29784951109265223,0.45856472519882646,0.3768692621048402,1.1367834465664897,0.34076475021308905,0.0,7.522052705287933,41.90962791442871,0.412791508436203
5.241999999999645,-0.1381983507871259,-0.0055840243179308,-0.1393370711982341,0.2336696036471473,0.0,0.2982008537537144,0.4585853764132195,0.3763369671876261,1.1371478383018876,0.34076431448693384,0.0,7.522052705287933,41.90962791442871,0.412791508436203
5.251999999999644,-0.13826826386986948,-0.008276622567105277,-0.1393427349317849,0.2333967015105665,0.0,0.2979279516171336,0.4586059190806273,0.3757778596624591,1.136511005202291,0.3407638790727264,0.0,7.514642655849457,41.34733855724335,0.413579086959362
5.2619999999996425,-0.13837113442274054,-0.011528160139976165,-0.13938624349877493,0.23308564738790666,0.0,0.29761689749447373,0.4586263705378673,0.37525846371657,1.1359069713276544,0.34076344393541064,0.0,7.514642655849457,41.34733855724335,0.413579086959362
5.271999999999641,-0.13850052504716204,-0.013813414619738822,-0.13942513858318395,0.23298144567001944,0.0,0.2975126957765865,0.4586467531265184,0.37465307462461755,1.1354028196372432,0.3407630091026665,0.0,7.514642655849457,41.34733855724335,0.413579086959362
5.28199999999964,-0.13864833184048939,-0.015324879694007245,-0.139458975166346,0.23248126932029467,0.0,0.29701251942686174,0.4586670929095825,0.3743750664102431,1.1346068726988296,0.34076257462479664,0.0,7.514642655849457,41.34733855724335,0.413579086959362
5.291999999999639,-0.13880964401013274,-0.016639761495022137,-0.13949156581085964,0.2326633287797183,0.0,0.29719457888628537,0.4586874178644101,0.3741093280069527,1.134751802920325,0.3407621401767176,0.0,7.514642655849457,41.34733855724335,0.413579086959362
5.301999999999638,-0.1389878320893787,-0.018721735649176313,-0.13954221075356696,0.23273436447343177,0.0,0.29726561457999884,0.4587077568761102,0.3737095996765674,1.1345852271812458,0.34076170520372817,0.0,7.528524875640869,40.642611384391785,0.4241142079234123
5.311999999999637,-0.13919028067632644,-0.021168589280824452,-0.13963954489584093,0.2330585202485002,0.0,0.2975897703550673,0.4587281402406208,0.37317800227530395,1.1346133420623663,0.34076127053856053,0.0,7.528524875640869,40.642611384391785,0.4241142079234123
5.321999999999636,-0.13941470417476487,-0.023117069872339052,-0.1397404595688298,0.2330564280719324,0.0,0.29758767817849946,0.45874860068988854,0.3723730332486014,1.1338612938031354,0.3407608353224767,0.0,7.528524875640869,40.642611384391785,0.4241142079234123
5.331999999999635,-0.1396572833934041,-0.025197061088154955,-0.139849629275637,0.2342742304482258,0.0,0.29880548055479283,0.4587691729021848,0.3715539197734809,1.1346812860836812,0.3407603991361685,0.0,7.528524875640869,40.642611384391785,0.4241142079234123
5.341999999999634,-0.1399226304760346,-0.027324743917405987,-0.13996988298434165,0.23491792741164547,0.0,0.29944917751821254,0.45878989288604416,0.37090343857177377,1.134789796364731,0.3407599617010424,0.0,7.528524875640869,40.642611384391785,0.4241142079234123
5.351999999999633,-0.1402072889298791,-0.0291435785563913,-0.1400980600339478,0.23579251716543548,0.0,0.30032376727200255,0.4588107983428516,0.37035269331741816,1.1352547117891052,0.34075952316913594,0.0,7.563845992088318,40.7003790140152,0.4410677939653396
5.3619999999996315,-0.14050497743574009,-0.02996388449998523,-0.14022581098509904,0.23580906365442,0.0,0.3003403137609871,0.45883192798336087,0.3698277463819868,1.1345448476593603,0.3407590839483847,0.0,7.563845992088318,40.7003790140152,0.4410677939653396
5.37199999999963,-0.1408052285126935,-0.030152171572916983,-0.1403568124735525,0.23667062374760076,0.0,0.30120187385416786,0.4588533201047984,0.3691861183896192,1.1348210820478406,0.3407586441362471,0.0,7.563845992088318,40.7003790140152,0.4410677939653396
5.381999999999629,-0.14110615149415257,-0.029860812831784996,-0.1404930583863772,0.23700200393026083,0.0,0.3015332540368279,0.4588750109225823,0.3684765877568237,1.1342124126663506,0.3407582035400704,0.0,7.563845992088318,40.7003790140152,0.4410677939653396
5.391999999999628,-0.1414047798506761,-0.029990984409894665,-0.14064151582807471,0.238364460201502,0.0,0.30289571030806905,0.458897033952145,0.36768999149505377,1.13490336117645,0.3407577615319061,0.0,7.563845992088318,40.7003790140152,0.4410677939653396
5.401999999999627,-0.14170594724424063,-0.03013028640222091,-0.14080152954008873,0.23913791292484973,0.0,0.3036691630314168,0.45891941988001717,0.36725730745021745,1.1350275909096565,0.3407573180247164,0.0,7.602851569652557,40.75814485549927,0.4588451117277145
5.411999999999626,-0.14200411489327802,-0.029476135487304822,-0.14096361089199164,0.23962164276228407,0.0,0.30415289286885117,0.45894219729309743,0.3667756409622151,1.1347047513126984,0.3407568735113469,0.0,7.602851569652557,40.75814485549927,0.4588451117277145
5.421999999999625,-0.1422942774372453,-0.02879584293626839,-0.14113602403223457,0.24101810238393268,0.0,0.30554935249049975,0.4589653919156597,0.3665920429274383,1.1358484820686807,0.3407564276855506,0.0,7.602851569652557,40.75814485549927,0.4588451117277145
5.431999999999624,-0.142575923413993,-0.027528920099938268,-0.14131528703651144,0.24123723784343432,0.0,0.3057684879500014,0.458989025912636,0.3665633760668771,1.1355171094980863,0.3407559808295527,0.0,7.602851569652557,40.75814485549927,0.4588451117277145
5.441999999999623,-0.14284119381787483,-0.025795117670176018,-0.14149978164677401,0.24190359848213036,0.0,0.3064348485886974,0.45901311769926995,0.3665265115240644,1.1357709622948935,0.34075553307756484,0.0,7.602851569652557,40.75814485549927,0.4588451117277145
5.451999999999622,-0.14308273272283964,-0.02288611477053266,-0.14167989300780245,0.24213855851430768,0.0,0.3066698086208748,0.45903768088440583,0.3665730874335087,1.1355087388215965,0.3407550850495265,0.0,7.62824821472168,40.88865578174591,0.4721352398395538
5.4619999999996205,-0.143292905215722,-0.01972123699823538,-0.14185405083519154,0.24263471518309346,0.0,0.30716596528966056,0.4590627230913663,0.3667494610647186,1.1357097332714878,0.3407546362229654,0.0,7.62824821472168,40.88865578174591,0.4721352398395538
5.471999999999619,-0.1434690127102208,-0.016081481784655394,-0.14202655438446657,0.2427395367072297,0.0,0.30727078681379677,0.4590882449694032,0.36685393397748955,1.1353943956277603,0.3407541871278557,0.0,7.62824821472168,40.88865578174591,0.4721352398395538
5.481999999999618,-0.1436081608572758,-0.012638820483585516,-0.14220051366147532,0.2434658631843548,0.0,0.3079971132909219,0.45911424000407813,0.36664956597803017,1.1356308504022845,0.340753737492234,0.0,7.62824821472168,40.88865578174591,0.4721352398395538
5.491999999999617,-0.14371729026108787,-0.00963867001434822,-0.14237943811974016,0.24353732435838474,0.0,0.30806857446495184,0.4591406947210484,0.36639761626900685,1.134922953138624,0.34075328698982826,0.0,7.62824821472168,40.88865578174591,0.4721352398395538
5.501999999999616,-0.1437949046792904,-0.006572782631588704,-0.1425574362170681,0.24409819568679608,0.0,0.30862944579336316,0.45916759008584435,0.36639107863577675,1.1351730667968862,0.34075283611402046,0.0,7.632652103900909,40.90588629245758,0.47523467242717743
5.511999999999615,-0.1438425304606475,-0.003703418590858239,-0.14273471118560455,0.24458596116774056,0.0,0.30911721127430764,0.45919490189560275,0.36615591021607097,1.1352469291270921,0.3407523847564815,0.0,7.632652103900909,40.90588629245758,0.47523467242717743
5.521999999999614,-0.14386777215775542,-0.001768685067467246,-0.14291881930419714,0.24509724704130437,0.0,0.30962849714787144,0.45922260148044064,0.36572274459393955,1.135179152911542,0.34075193235743517,0.0,7.632652103900909,40.90588629245758,0.47523467242717743
5.531999999999613,-0.14387261893438447,0.0003042628230051289,-0.14310065537585054,0.2451089126031095,0.0,0.30964016270967654,0.4592506572549088,0.365062445834398,1.1342244797187355,0.34075147972291325,0.0,7.632652103900909,40.90588629245758,0.47523467242717743
5.541999999999612,-0.1438637640945598,0.0010981296510992593,-0.14329111703169514,0.24624345091069258,0.0,0.3107747010172597,0.4592790355752381,0.3645029606068785,1.1350139765240348,0.3407510258769027,0.0,7.632652103900909,40.90588629245758,0.47523467242717743
5.551999999999611,-0.14385219910715435,0.0012499949163051992,-0.14348713266746096,0.24672806415987023,0.0,0.31125931426643727,0.4593077022081974,0.3639312106087406,1.1349286851661502,0.34075057100412487,0.0,7.61403876543045,40.95083475112915,0.46837902069091797
5.5619999999996095,-0.14384475241379444,0.00024533900719694336,-0.14369147186847583,0.24807762855543355,0.0,0.3126088786620006,0.45933662432837735,0.3634433774325191,1.136266787287099,0.3407501146489529,0.0,7.61403876543045,40.95083475112915,0.46837902069091797
5.571999999999608,-0.14384835998527606,-0.0008078904939251477,-0.14389883225243214,0.24836646430236028,0.0,0.31289771440892733,0.45936577193432804,0.36265065103259025,1.1359011921798357,0.34074965753078085,0.0,7.61403876543045,40.95083475112915,0.46837902069091797
5.581999999999607,-0.143863088376453,-0.0020373014861024483,-0.14410827619870556,0.24886124858046907,0.0,0.3133924986870361,0.4593951188646787,0.3618420922737042,1.1358176668669455,0.3407491997291631,0.0,7.61403876543045,40.95083475112915,0.46837902069091797
5.591999999999606,-0.14389109727308633,-0.00345250695523271,-0.14431897373286795,0.2492920967521262,0.0,0.3138233468586933,0.45942464274262157,0.360960987757197,1.1356608501777248,0.3407487413132223,0.0,7.61403876543045,40.95083475112915,0.46837902069091797
5.601999999999605,-0.14393203303219607,-0.004422501489601601,-0.14452384926406603,0.24889928718131557,0.0,0.3134305372878826,0.45945432511725426,0.3601855133105525,1.1344391902736721,0.3407482828225871,0.0,7.587182402610779,41.01146340370178,0.4603161171078682
5.611999999999604,-0.14398046135314035,-0.005402915205116607,-0.1447205958409865,0.24970192394611296,0.0,0.31423317405268003,0.45948415101833445,0.35944579427684803,1.135023638220209,0.34074782421679123,0.0,7.587182402610779,41.01146340370178,0.4603161171078682
5.621999999999603,-0.14405271975378614,-0.008513293854585336,-0.1449329958087362,0.2507387856970572,0.0,0.3152700358036243,0.4595141082537382,0.3587630614534492,1.1360050665325816,0.3407473637342486,0.0,7.587182402610779,41.01146340370178,0.4603161171078682
5.631999999999602,-0.14415363858100383,-0.011000159315927146,-0.14514177511163148,0.25059457635591986,0.0,0.31512582646248694,0.45954418972634437,0.3580554683804988,1.1353927882308161,0.34074690306396177,0.0,7.587182402610779,41.01146340370178,0.4603161171078682
5.641999999999601,-0.1442810291424842,-0.014097043870932085,-0.14535457882378128,0.2515309748665607,0.0,0.31606222497312775,0.4595743941467518,0.3570733320845302,1.1360623479273029,0.34074644153630557,0.0,7.587182402610779,41.01146340370178,0.4603161171078682
5.6519999999996,-0.1444431178591948,-0.017451620521829157,-0.14557148687034294,0.25177746281214114,0.0,0.3163087129187082,0.45960472560196886,0.3559446682577443,1.1356102106271253,0.34074597908813614,0.0,7.570445716381073,41.0385662317276,0.45676391422748563
5.6619999999995985,-0.14463916167437768,-0.021144735216877895,-0.1457919943395078,0.2528348585127749,0.0,0.31736610861934195,0.4596351943306187,0.35461813307417933,1.1360630244190286,0.3407455156505846,0.0,7.570445716381073,41.0385662317276,0.45676391422748563
5.671999999999597,-0.1448713661568225,-0.024667482995435447,-0.1460148379305127,0.25335996260725774,0.0,0.3178912127138248,0.45966581645667276,0.35323546560835617,1.1357116154429905,0.3407450514742328,0.0,7.570445716381073,41.0385662317276,0.45676391422748563
5.681999999999596,-0.1451449100767476,-0.029282712685560354,-0.1462521431237831,0.2547995336421683,0.0,0.31933078374873536,0.45969661396882705,0.35159488007986933,1.1363726764692232,0.3407445854705713,0.0,7.570445716381073,41.0385662317276,0.45676391422748563
5.691999999999595,-0.1454683704893876,-0.03440408492234675,-0.14650409750995175,0.25586081903530233,0.0,0.3203920691418694,0.45972761531443007,0.34980714936405344,1.1363005793340184,0.34074411758558826,0.0,7.570445716381073,41.0385662317276,0.45676391422748563
5.701999999999594,-0.1458422517963665,-0.03930841567300952,-0.14676649760959834,0.25697938922172575,0.0,0.3215106393282928,0.4597588564240592,0.347903911954785,1.1360709276025882,0.340743648087959,0.0,7.584153592586517,41.075459122657776,0.46515856981277465
5.711999999999593,-0.14626427996406358,-0.04409215033473481,-0.14703932349653118,0.25821273229214914,0.0,0.3227439823987162,0.459790380364853,0.3462355974253874,1.1361244543283064,0.3407431767397165,0.0,7.584153592586517,41.075459122657776,0.46515856981277465
5.721999999999592,-0.14673002003350616,-0.04796368217950108,-0.1473194800193344,0.2587915810757748,0.0,0.3233228311823419,0.45982223639579317,0.3445963785987014,1.1353189599516234,0.3407427040760902,0.0,7.584153592586517,41.075459122657776,0.46515856981277465
5.731999999999591,-0.14722847359483632,-0.05117003174121568,-0.14760684600051927,0.26024838436454184,0.0,0.3247796344711089,0.4598544784947269,0.3428548025634268,1.1354848282563146,0.34074223009674715,0.0,7.584153592586517,41.075459122657776,0.46515856981277465
5.74199999999959,-0.14776191202743755,-0.05472940466710332,-0.1479123914983526,0.26175469961010017,0.0,0.32628594971666725,0.4598871633058341,0.3413519391257776,1.1357728862277299,0.3407417537963266,0.0,7.584153592586517,41.075459122657776,0.46515856981277465
5.7519999999995886,-0.14832739246804164,-0.05755553886616343,-0.14822614232763626,0.26313155985028924,0.0,0.3276628099568563,0.45992034993121794,0.34012254558977795,1.136132193549026,0.34074127558284734,0.0,7.6289703249931335,41.31033480167389,0.484748700261116
5.7619999999995875,-0.14891265351587987,-0.05920127436453721,-0.14853243014319692,0.2644288198219042,0.0,0.32896006992847127,0.45995409907395557,0.3389747567896711,1.1363365335050686,0.34074079553085074,0.0,7.6289703249931335,41.31033480167389,0.484748700261116
5.771999999999586,-0.14950862328360207,-0.05973794561342115,-0.14884519772954463,0.26502412716356394,0.0,0.329555377270131,0.4599884707915203,0.3380364027565364,1.1356367434656034,0.34074031415250466,0.0,7.6289703249931335,41.31033480167389,0.484748700261116
5.781999999999585,-0.15009907193840932,-0.05832265840653847,-0.1491545805522268,0.26516531708716345,0.0,0.3296965671937305,0.4600235224721371,0.3372387726212292,1.1344090049405147,0.34073983232124766,0.0,7.6289703249931335,41.31033480167389,0.484748700261116
5.791999999999584,-0.1506698025012995,-0.056267131937035336,-0.14946705286428788,0.2662155413266294,0.0,0.33074679143319646,0.4600593059233465,0.3362744820218322,1.1342301914807005,0.340739349467146,0.0,7.6289703249931335,41.31033480167389,0.484748700261116
5.801999999999583,-0.15122533600945245,-0.05494896427526812,-0.1497936770545747,0.267930635774582,0.0,0.33246188588114906,0.46009586530026064,0.335248159309573,1.134758141257786,0.34073886420913874,0.0,7.676382541656494,41.50108993053436,0.5103697389364242
5.811999999999582,-0.15176117003712328,-0.05273339020554443,-0.15011383198431366,0.2692671239131588,0.0,0.3337983740197259,0.46013323790164123,0.3344647836048349,1.1349689166525176,0.34073837726916145,0.0,7.676382541656494,41.50108993053436,0.5103697389364242
5.821999999999581,-0.15227371042851712,-0.050304179860076195,-0.15044448237294697,0.2703068011470193,0.0,0.3348380512535864,0.46017145400840687,0.33359483646401056,1.1346573760563037,0.3407378885995607,0.0,7.676382541656494,41.50108993053436,0.5103697389364242
5.83199999999958,-0.15276560897740252,-0.04835491399704582,-0.15079289570302423,0.2718876942090048,0.0,0.3364189443155719,0.4602105366494269,0.3326423475296805,1.1349691643121629,0.34073739751458837,0.0,7.676382541656494,41.50108993053436,0.5103697389364242
5.841999999999579,-0.153236191907932,-0.046298214793922404,-0.15115529262242514,0.2734193468477856,0.0,0.3379505969543527,0.460250502376383,0.33161708195084927,1.1350676284573302,0.3407369043172886,0.0,7.676382541656494,41.50108993053436,0.5103697389364242
5.8519999999995775,-0.15368510223914392,-0.043831483135712244,-0.1515284044626386,0.2748380226974224,0.0,0.3393692728039895,0.46029136175434393,0.33067865052554696,1.135096716296708,0.340736409097165,0.0,7.713935554027557,41.57675325870514,0.529384109377861
5.861999999999576,-0.15410834046450547,-0.04121473165252906,-0.15190867975492997,0.27615450642782746,0.0,0.34068575653439453,0.4603331195138565,0.3297559252900995,1.1349796051928234,0.3407359116513198,0.0,7.713935554027557,41.57675325870514,0.529384109377861
5.871999999999575,-0.15450206221256071,-0.03835931933876633,-0.15229894160691262,0.2779039377903417,0.0,0.3424351878969088,0.460375774206513,0.3285972564664249,1.1353081985217486,0.34073541237338206,0.0,7.713935554027557,41.57675325870514,0.529384109377861
5.881999999999574,-0.15487559903052991,-0.03661243801324145,-0.15271193097927002,0.2794907082272417,0.0,0.3440219583338088,0.4604193182151365,0.32752772046555306,1.135390761137082,0.34073491007154083,0.0,7.713935554027557,41.57675325870514,0.529384109377861
5.891999999999573,-0.15522337323452387,-0.03356051011701631,-0.15312681890189983,0.2803740152270689,0.0,0.34490526533363597,0.46046373936013124,0.32665704085051844,1.1347546191959248,0.34073440659198556,0.0,7.713935554027557,41.57675325870514,0.529384109377861
5.901999999999572,-0.1555410939099164,-0.030410472881060076,-0.15354765204927784,0.2812664971087257,0.0,0.3457977472152928,0.4605090205730903,0.32611304497169186,1.1344957586942086,0.3407339013497243,0.0,7.720573127269745,41.68903410434723,0.5277867347002029
5.911999999999571,-0.15581969569908688,-0.026399618779061277,-0.1539586979630334,0.2824027636197994,0.0,0.34693401372636645,0.4605551391123198,0.32561940541008066,1.1347089847806586,0.34073339514860107,0.0,7.720573127269745,41.68903410434723,0.5277867347002029
5.92199999999957,-0.15606326643154034,-0.02302594177400674,-0.15437694950837338,0.2831472098548125,0.0,0.3476784599613796,0.4606020657263486,0.3251736578457652,1.1345332223299844,0.3407328872853898,0.0,7.720573127269745,41.68903410434723,0.5277867347002029
5.931999999999569,-0.15627686662104612,-0.02028030562191939,-0.1548018689207264,0.2842113649423217,0.0,0.34874261504888876,0.46064976552480186,0.32459414594461505,1.1347397282451634,0.3407323777939294,0.0,7.720573127269745,41.68903410434723,0.5277867347002029
5.941999999999568,-0.15646016382158456,-0.017235111980008377,-0.15522385831435218,0.2850449513135413,0.0,0.34957620142010837,0.4606981993364912,0.3241064283909116,1.134844876178216,0.3407318675350571,0.0,7.720573127269745,41.68903410434723,0.5277867347002029
5.9519999999995665,-0.15661819073965938,-0.014998060087917939,-0.15564989845634702,0.2859583742238484,0.0,0.3504896243304155,0.46074732421663356,0.32359815879738635,1.1350876378079904,0.3407313558628931,0.0,7.693250954151154,41.711827516555786,0.5064874529838561
5.961999999999565,-0.15675455640506006,-0.012792244764319892,-0.15607229585805252,0.28626128930475364,0.0,0.3507925394113207,0.4607970945191569,0.3231946264718517,1.1347373083332424,0.3407308434244006,0.0,7.693250954151154,41.711827516555786,0.5064874529838561
5.971999999999564,-0.1568733646363956,-0.011205298537633659,-0.15649419295971578,0.28661098281798925,0.0,0.3511422329245563,0.46084746290357803,0.32270419545681417,1.134418287311934,0.3407303299994714,0.0,7.693250954151154,41.711827516555786,0.5064874529838561
5.981999999999563,-0.15697718684628126,-0.009829214439899692,-0.15691035909587797,0.2871659562484916,0.0,0.3516972063550587,0.46089838120055093,0.3225236646736597,1.1347970122746533,0.3407298160668866,0.0,7.693250954151154,41.711827516555786,0.5064874529838561
5.991999999999562,-0.15706937902289383,-0.008643457373382242,-0.1573187027954535,0.28708470568123023,0.0,0.3516159557877973,0.46094980114274886,0.3224517190086305,1.1346074709640404,0.3407293018282571,0.0,7.693250954151154,41.711827516555786,0.5064874529838561
6.001999999999561,-0.15715296060136888,-0.008529580455838084,-0.1577241786933421,0.28796848388293855,0.0,0.3524997339895056,0.4610016748879006,0.32218353673066163,1.1356921410116334,0.34072878693010444,0.0,7.6417394280433655,41.70123279094696,0.4788751512765884
6.01199999999956,-0.15724193026067004,-0.009241884531758279,-0.15812897835757586,0.2883611270237152,0.0,0.35289237713028226,0.4610539560403839,0.3216857671721752,1.1359871124833723,0.34072827137366357,0.0,7.6417394280433655,41.70123279094696,0.4788751512765884
6.021999999999559,-0.15733853879663146,-0.009937395447272377,-0.15852273677982137,0.28806488691587484,0.0,0.3525961370224419,0.4611066017955311,0.321299990457209,1.1354247263209292,0.34072775582600906,0.0,7.6417394280433655,41.70123279094696,0.4788751512765884
6.031999999999558,-0.15744613628208307,-0.011169399253683392,-0.15890821379838024,0.2880068430880272,0.0,0.3525380931945943,0.4611595734384009,0.3209097059317337,1.1353337535958465,0.3407272400647237,0.0,7.6417394280433655,41.70123279094696,0.4788751512765884
6.041999999999557,-0.15756415684809535,-0.012289532873484017,-0.1592781012661326,0.2877726611717411,0.0,0.3523039112783082,0.46121283658310885,0.3206774888257314,1.1352262435629943,0.3407267247738307,0.0,7.6417394280433655,41.70123279094696,0.4788751512765884
6.0519999999995555,-0.1576852831295478,-0.011691377149279777,-0.15961439618127912,0.285825215925901,0.0,0.35035646603246806,0.4612663609048148,0.3207465888307404,1.1330666388471777,0.34072621144525705,0.0,7.5810481905937195,41.81271970272064,0.45698074996471405
6.061999999999554,-0.1577925461523211,-0.010254157136984753,-0.1599111463394563,0.2849111140661434,0.0,0.34944236417271046,0.46132011825755453,0.3211122090066336,1.1327427263341003,0.3407257002080084,0.0,7.5810481905937195,41.81271970272064,0.45698074996471405
6.071999999999553,-0.15789197656756399,-0.009844895869798873,-0.1601880516857924,0.28404422371460847,0.0,0.34857547382117554,0.4613740799351967,0.3213469655812106,1.1325015057967667,0.34072519002402635,0.0,7.5810481905937195,41.81271970272064,0.45698074996471405
6.081999999999552,-0.15799193260357214,-0.010117813988528299,-0.16044453097503672,0.28320544902944317,0.0,0.34773669913601024,0.4614282174802576,0.32150787759975064,1.1322698731720546,0.3407246809933265,0.0,7.5810481905937195,41.81271970272064,0.45698074996471405
6.091999999999551,-0.15809791733200643,-0.011057276235047937,-0.1606816269766285,0.282840348798742,0.0,0.34737159890530905,0.46148250426557214,0.321850511846004,1.132927745502951,0.34072417307468666,0.0,7.5810481905937195,41.81271970272064,0.45698074996471405
6.10199999999955,-0.15821859157995857,-0.012771461062213545,-0.16090455807816698,0.28194447497203134,0.0,0.3464757250785984,0.46153691659302937,0.3221903555215057,1.1328223843611411,0.34072366605408183,0.0,7.5389097929000854,41.714441776275635,0.45096273422241206
6.111999999999549,-0.15835492431852488,-0.014228643135060209,-0.1611106005871503,0.28066578434977146,0.0,0.34519703445633854,0.4615914349672173,0.3224996433646594,1.132231287182166,0.34072316082012477,0.0,7.5389097929000854,41.714441776275635,0.45096273422241206
6.121999999999548,-0.15850869498674505,-0.01600461281078803,-0.1612980837972599,0.2796571100092837,0.0,0.3441883601158508,0.4616460442232727,0.32280915629612655,1.1320120437081083,0.3407226567366491,0.0,7.5389097929000854,41.714441776275635,0.45096273422241206
6.131999999999547,-0.1586761750357879,-0.017363982455317242,-0.16146051268389133,0.27907175431645476,0.0,0.34360300442302183,0.4617007334015703,0.32303068151759856,1.1322947728352446,0.3407221544320339,0.0,7.5389097929000854,41.714441776275635,0.45096273422241206
6.141999999999546,-0.15886449122193266,-0.019729434446720366,-0.16161205715917504,0.27820737100952725,0.0,0.3427386211160943,0.4617554951549394,0.32349877600476645,1.1323749387769286,0.34072165270032284,0.0,7.5389097929000854,41.714441776275635,0.45096273422241206
6.1519999999995445,-0.1590767554232081,-0.02210659145971089,-0.16174942437267162,0.27722849445363495,0.0,0.34175974456020203,0.46181032650316334,0.32384567407137804,1.132225510979111,0.3407211520682843,0.0,7.531830549240112,41.607768535614014,0.4533733054995537
6.161999999999543,-0.15930685528655505,-0.023533536202217237,-0.1618694109931828,0.2758912063689337,0.0,0.3404224564755008,0.4618652291310326,0.3241000113224564,1.1313922096520572,0.3407206534643907,0.0,7.531830549240112,41.607768535614014,0.4533733054995537
6.171999999999542,-0.1595487216666288,-0.024861553822074292,-0.16197109963523468,0.27562797311496545,0.0,0.3401592232215325,0.4619202080319547,0.32437215718945994,1.1320063395130968,0.340720156202091,0.0,7.531830549240112,41.607768535614014,0.4533733054995537
6.181999999999541,-0.15981036225074752,-0.02688617191425502,-0.16206563718675313,0.27472484235155575,0.0,0.3392560924581228,0.46197527041654723,0.32487507529310755,1.1318929844955457,0.34071965932592274,0.0,7.531830549240112,41.607768535614014,0.4533733054995537
6.19199999999954,-0.16008357297751086,-0.027605250032842078,-0.16213726547235238,0.27380410408859557,0.0,0.33833535419516264,0.4620304264276058,0.32546357413840515,1.1317669663853005,0.340719164261105,0.0,7.531830549240112,41.607768535614014,0.4533733054995537
6.201999999999539,-0.16036608053221815,-0.028769295781876092,-0.1622026527597764,0.2734022979173818,0.0,0.33793354802394887,0.46208568786207305,0.32609419106628873,1.1323648150398598,0.3407186698393616,0.0,7.551197588443756,41.47029101848602,0.46146861761808394
6.211999999999538,-0.16065536515376144,-0.028742746778540704,-0.16225743217983404,0.2717258667884215,0.0,0.33625711689498855,0.4621410674619318,0.3264161257234283,1.1308495069647493,0.34071817723083375,0.0,7.551197588443756,41.47029101848602,0.46146861761808394
6.221999999999537,-0.16093520618182083,-0.027606360323734508,-0.16229007310703963,0.27099162915419456,0.0,0.33552287926076163,0.46219657802318115,0.326769678118348,1.1305008764179574,0.3407176864705984,0.0,7.551197588443756,41.47029101848602,0.46146861761808394
6.231999999999536,-0.16120717267460602,-0.026857386960686073,-0.16231489604045096,0.27043635639296937,0.0,0.33496760649953644,0.4622522299336863,0.3269534901528288,1.1302359130708135,0.3407171963278302,0.0,7.551197588443756,41.47029101848602,0.46146861761808394
6.241999999999535,-0.16147056392722764,-0.02613168648614439,-0.16233151960669676,0.2703206715524652,0.0,0.33485192165903227,0.4623080311171205,0.32690960797546625,1.130286756370229,0.34071670685977173,0.0,7.551197588443756,41.47029101848602,0.46146861761808394
6.2519999999995335,-0.16172971102251082,-0.025809436485589976,-0.16235077132040956,0.2699519029989697,0.0,0.3344831531055368,0.46236398732068407,0.3268259837815631,1.1297932776964086,0.3407162175880307,0.0,7.58323746919632,41.22231364250183,0.4823593974113464
6.261999999999532,-0.16199254182054365,-0.026532334901114986,-0.16239400522077693,0.2702877221045259,0.0,0.33481897221109297,0.46242010299889075,0.32675676567916023,1.130192323470465,0.34071572799510663,0.0,7.58323746919632,41.22231364250183,0.4823593974113464
6.271999999999531,-0.16226137010725641,-0.0271692836776151,-0.16244096980065514,0.2707247041656148,0.0,0.33525595427218186,0.4624763827508346,0.32679119101696696,1.1307607677494118,0.34071523796523645,0.0,7.58323746919632,41.22231364250183,0.4823593974113464
6.28199999999953,-0.16253170191477792,-0.026851049062057847,-0.16248576015223962,0.27046155115515674,0.0,0.3349928012617238,0.4625328318584413,0.32714567641501036,1.1305126714571665,0.3407147480151104,0.0,7.58323746919632,41.22231364250183,0.4823593974113464
6.291999999999529,-0.16279391546455355,-0.025581596644456712,-0.1625267702325222,0.2702343597505044,0.0,0.3347656098570715,0.4625894553223373,0.3277867497903392,1.1306064315498787,0.3407142582941433,0.0,7.58323746919632,41.22231364250183,0.4823593974113464
6.301999999999528,-0.1630340816897124,-0.02282043571304377,-0.1625568352512012,0.2696200228505215,0.0,0.3341512729570886,0.46264625597720205,0.3284020933649555,1.1301258101218554,0.3407137695026,0.0,7.623890519142151,41.19630515575409,0.5051275670528412
6.311999999999527,-0.16324867394026243,-0.020631417798432472,-0.16259251323437132,0.2700812149519073,0.0,0.33461246505847436,0.46270323218319437,0.32873479834505664,1.1307857870525746,0.34071328032203935,0.0,7.623890519142151,41.19630515575409,0.5051275670528412
6.321999999999526,-0.16344227336128292,-0.018368635762140793,-0.1626307262072336,0.27002676584175944,0.0,0.3345580159483265,0.46276037744897053,0.3292048378048027,1.1307551409330063,0.3407127908247174,0.0,7.623890519142151,41.19630515575409,0.5051275670528412
6.331999999999525,-0.1636038845234428,-0.014517205114380257,-0.16265707190462295,0.269317912375651,0.0,0.3338491624822181,0.4628176812284401,0.3298751687187736,1.13003543349878,0.34071230230352517,0.0,7.623890519142151,41.19630515575409,0.5051275670528412
6.341999999999524,-0.16372640779694575,-0.010888142248992013,-0.1626827405520309,0.26972380668611884,0.0,0.3342550567926859,0.4628751273858115,0.33047121662644996,1.1307505367711501,0.34071181378372684,0.0,7.623890519142151,41.19630515575409,0.5051275670528412
6.3519999999995225,-0.16381662277833087,-0.007808550849412515,-0.16271341532997002,0.27029368400060244,0.0,0.3348249341071695,0.46293269343261223,0.3310884641069984,1.1317523287303075,0.34071132478831206,0.0,7.651937186717987,41.17495119571686,0.5167339116334915
6.361999999999521,-0.16388346286253871,-0.005978688592186976,-0.16275862265413574,0.2709135106063603,0.0,0.3354447607129274,0.462990352011837,0.3317448043416152,1.1328051493485574,0.3407108345603559,0.0,7.651937186717987,41.17495119571686,0.5167339116334915
6.37199999999952,-0.16393309256071492,-0.0042686601818857015,-0.1628109952198348,0.27134278026971986,0.0,0.33587403037628694,0.46304807293699884,0.3322508767666023,1.1335259676410638,0.3407103435747489,0.0,7.651937186717987,41.17495119571686,0.5167339116334915
6.381999999999519,-0.1639609552254139,-0.0015412945290199653,-0.1628599057543896,0.2709205061330432,0.0,0.33545175623961027,0.4631058245574047,0.3327107884527996,1.1330029039035203,0.34070985277254956,0.0,7.651937186717987,41.17495119571686,0.5167339116334915
6.391999999999518,-0.16395547636593608,0.0019889798413439894,-0.16290158115881945,0.2706392703472508,0.0,0.3351705204538179,0.4631635729484684,0.3329238566085021,1.132502329521412,0.34070936250861544,0.0,7.651937186717987,41.17495119571686,0.5167339116334915
6.401999999999517,-0.16392113739726005,0.004264903799378137,-0.1629512014843982,0.2714918403530168,0.0,0.3360230904595839,0.46322128027298126,0.33276744648935064,1.133241094116615,0.340708871358528,0.0,7.649973511695862,41.21147572994232,0.5111504435539245
6.411999999999516,-0.16386310312789773,0.00673591732290417,-0.16299721478401807,0.2716567554367322,0.0,0.33618800554329925,0.4632789057075437,0.3326826510119649,1.1330778231926497,0.340708380137134,0.0,7.649973511695862,41.21147572994232,0.5111504435539245
6.421999999999515,-0.16377891043304665,0.009818872131005631,-0.16303628540118292,0.2705964696981385,0.0,0.33512771980470557,0.46333640660328046,0.332830984516055,1.1314741697914688,0.34070788942782376,0.0,7.649973511695862,41.21147572994232,0.5111504435539245
6.431999999999514,-0.1636584686980757,0.013638433375458411,-0.16306175459340927,0.2699939851285336,0.0,0.3345252352351007,0.4633937380185939,0.3332453652605679,1.1307812145761922,0.3407073998553575,0.0,7.649973511695862,41.21147572994232,0.5111504435539245
6.441999999999513,-0.16350405661307907,0.01650853913939083,-0.1630848418681766,0.27017273828752464,0.0,0.3347039883940917,0.46345085137752207,0.33386593555873756,1.1315583185284979,0.3407069104400252,0.0,7.649973511695862,41.21147572994232,0.5111504435539245
6.4519999999995115,-0.1633230686174177,0.019256506985661614,-0.16310058214103323,0.2693813548496247,0.0,0.3339126049561918,0.4635076951129766,0.33460029416017323,1.131107977912492,0.3407064216826114,0.0,7.621249139308929,41.18476450443268,0.49365338087081906
6.46199999999951,-0.16311087864536494,0.022762894660052595,-0.1630995102946232,0.2678868771050468,0.0,0.33241812721161385,0.4635642160211287,0.3354738445955265,1.129970375011017,0.340705934607439,0.0,7.621249139308929,41.18476450443268,0.49365338087081906
6.471999999999509,-0.1628637019167867,0.02596157465265111,-0.16308375497706493,0.2672810530484643,0.0,0.33181230315503135,0.46362035870474777,0.33633006323228726,1.1301582752286046,0.34070544886092125,0.0,7.621249139308929,41.18476450443268,0.49365338087081906
6.481999999999508,-0.16258523794041918,0.028906304851019193,-0.1630517105419195,0.2664415163960616,0.0,0.3309727665026287,0.46367606520518323,0.33716929394440986,1.1301049578073128,0.3407049646211692,0.0,7.621249139308929,41.18476450443268,0.49365338087081906
6.491999999999507,-0.16228484118474465,0.03049041212010344,-0.1630124793481249,0.26632753498934664,0.0,0.3308587850959137,0.4637312759280903,0.3379918737831697,1.131154806895612,0.3407044811077867,0.0,7.621249139308929,41.18476450443268,0.49365338087081906
6.501999999999506,-0.1619759083578227,0.031163847124987848,-0.16296448482102868,0.26538327835423836,0.0,0.32991452846080543,0.4637859316036515,0.33879813311252943,1.1311249299278352,0.34070399836285303,0.0,7.5675769448280334,41.239540576934814,0.46994899362325665
6.511999999999505,-0.16166204430748948,0.0313607075981201,-0.1629008079521073,0.2646429528293845,0.0,0.32917420293595157,0.46383997560405094,0.33958839574181987,1.1314582039586893,0.34070351669896515,0.0,7.5675769448280334,41.239540576934814,0.46994899362325665
6.521999999999504,-0.1613512131071852,0.030936802264333596,-0.16282692636860785,0.26362995729771965,0.0,0.3281612074042867,0.4638933548971669,0.34036297905578794,1.1314795303556888,0.3407030360993472,0.0,7.5675769448280334,41.239540576934814,0.46994899362325665
6.531999999999503,-0.1610413687350897,0.031054845223705673,-0.16273137421900175,0.26227558380562704,0.0,0.3268068339121941,0.4639460210585784,0.3410984942146947,1.131086346693127,0.3407025576159782,0.0,7.5675769448280334,41.239540576934814,0.46994899362325665
6.5419999999995015,-0.16073124992351248,0.03083130120454746,-0.1626183366328966,0.2613597926549351,0.0,0.32589104276150216,0.4639979298181872,0.3417825690406199,1.13128133337134,0.3407020809295786,0.0,7.5675769448280334,41.239540576934814,0.46994899362325665
6.5519999999995004,-0.16042772461929586,0.029979500486418877,-0.16249283765883252,0.25999637318265556,0.0,0.32452762328922263,0.4640490407105815,0.34251361855487505,1.1309840140806497,0.34070160585331755,0.0,7.518665373325348,41.11559569835663,0.4591140806674957
6.561999999999499,-0.16013703805350935,0.02837896896445459,-0.16236210605526077,0.2589659162785684,0.0,0.3234971663851355,0.46409931800875726,0.34323016357983077,1.1311917702407763,0.3407011324277262,0.0,7.518665373325348,41.11559569835663,0.4591140806674957
6.571999999999498,-0.15987063699607315,0.02543444943029611,-0.16222695573847068,0.2584921803214999,0.0,0.32302343042806697,0.4641487317804635,0.34393249189381897,1.1322039163375655,0.34070065970983293,0.0,7.518665373325348,41.11559569835663,0.4591140806674957
6.581999999999497,-0.15963341280837673,0.022754748854094668,-0.16207685742209313,0.2570817080055106,0.0,0.3216129581120777,0.46419725956759184,0.34462088556546583,1.1319125837283208,0.3407001886429731,0.0,7.518665373325348,41.11559569835663,0.4591140806674957
6.591999999999496,-0.1594181090888002,0.02053143632729424,-0.16190739295817108,0.25603258824932523,0.0,0.3205638383558923,0.4642448866933928,0.345243372234401,1.132108701771764,0.34069971966234613,0.0,7.518665373325348,41.11559569835663,0.4591140806674957
6.601999999999495,-0.15922654943203488,0.018106136268452838,-0.16172566679151912,0.25488090918989653,0.0,0.3194121592964636,0.4642916048074444,0.34548787535420983,1.1317919269075096,0.3406992523311598,0.0,7.489145576953888,41.02926254272461,0.45226971507072444
6.611999999999494,-0.15906352137620075,0.015192056577026294,-0.16153991578431354,0.25371237149647896,0.0,0.31824362160304603,0.46433741165820264,0.3457679262695753,1.1313765758824477,0.3406987863924591,0.0,7.489145576953888,41.02926254272461,0.45226971507072444
6.621999999999493,-0.15892974327095472,0.012293700304735452,-0.16134280851898733,0.2526688008398529,0.0,0.31720005094641995,0.4643823114578567,0.3460657860720558,1.1312350353535887,0.3406983219049135,0.0,7.489145576953888,41.02926254272461,0.45226971507072444
6.631999999999492,-0.15882794161843147,0.008765160485327056,-0.16114168250997107,0.2523390005662,0.0,0.3168702506727671,0.4644263147142643,0.3458910640327018,1.131593813898011,0.34069785824848103,0.0,7.489145576953888,41.02926254272461,0.45226971507072444
6.6419999999994905,-0.15876680577733815,0.0041473766024778536,-0.16094527794142516,0.2526165221120827,0.0,0.31714777221864976,0.4644694383836026,0.3454789566257368,1.132395392687397,0.34069739466001164,0.0,7.489145576953888,41.02926254272461,0.45226971507072444
6.651999999999489,-0.15875117687687024,-0.00022222920075215362,-0.16074942948736926,0.2518933613222145,0.0,0.3164246114287816,0.46451170700190025,0.34539333083816537,1.1319771920767718,0.34069693168693105,0.0,7.500773847103119,40.92927694320679,0.4552615016698837
6.661999999999488,-0.15877627818402834,-0.003870563973800605,-0.16055596620995244,0.2510921501269485,0.0,0.3156234002335156,0.46455315298832356,0.3452719123645227,1.1314621040054307,0.34069646974106804,0.0,7.500773847103119,40.92927694320679,0.4552615016698837
6.671999999999487,-0.1588361623737163,-0.00753171185672555,-0.16036463706223997,0.2514165858624203,0.0,0.3159478359689874,0.4645938152032747,0.34478414975798716,1.1320289234326817,0.3406960080729272,0.0,7.500773847103119,40.92927694320679,0.4552615016698837
6.681999999999486,-0.15892899089185986,-0.010534305770178252,-0.16017293481460376,0.251139508168785,0.0,0.31567075827535207,0.4646337375109606,0.34426668097754154,1.1315740470172773,0.34069554689530746,0.0,7.500773847103119,40.92927694320679,0.4552615016698837
6.691999999999485,-0.15905363326400543,-0.013707475205591195,-0.15999000751910042,0.2512195753169886,0.0,0.31575082542355565,0.46467296795143304,0.34375198978728005,1.1315066806805676,0.34069508539776894,0.0,7.500773847103119,40.92927694320679,0.4552615016698837
6.701999999999484,-0.15920893108209697,-0.016821178320807102,-0.15981864053643227,0.25175802062932123,0.0,0.3162892707358883,0.4647115581283233,0.3433424686076443,1.1320247979876612,0.34069462348349094,0.0,7.545233249664307,40.84841191768646,0.47273342609405516
6.711999999999483,-0.15939798584485898,-0.020130307997230514,-0.1596696213021208,0.25229332626208617,0.0,0.31682457636865324,0.46474956287053,0.34292138800139854,1.1323871955965945,0.34069416065986,0.0,7.545233249664307,40.84841191768646,0.47273342609405516
6.721999999999482,-0.15961458681117882,-0.02249395895250134,-0.15953032491308783,0.25262004805804733,0.0,0.3171512981646144,0.4647870402337072,0.3427089529071059,1.132549217594274,0.34069369732465365,0.0,7.545233249664307,40.84841191768646,0.47273342609405516
6.731999999999481,-0.15985163193509205,-0.0242259376178331,-0.15940403231690686,0.2530502927237496,0.0,0.3175815428303167,0.46482405023811646,0.3425492918700712,1.1327219953820649,0.3406932331613523,0.0,7.545233249664307,40.84841191768646,0.47273342609405516
6.7419999999994795,-0.16009326180388186,-0.02396930316199506,-0.1592780787640273,0.2528867489793104,0.0,0.3174179990858775,0.46486065308164654,0.34262738217414934,1.1321565681662553,0.34069276927016817,0.0,7.545233249664307,40.84841191768646,0.47273342609405516
6.751999999999478,-0.16032290119738235,-0.021984466288413544,-0.15915077760617619,0.2522632233075097,0.0,0.3167944734140768,0.4648969062223496,0.34267138221585475,1.1308733174811634,0.3406923057393178,0.0,7.6114495396614075,40.89057981967926,0.5029439806938172
6.761999999999477,-0.16052720449347546,-0.019428681480418472,-0.15902703803790155,0.2528189126177301,0.0,0.31735016272429717,0.4649328612253053,0.34255825474745627,1.1309578411412935,0.34069184196071034,0.0,7.6114495396614075,40.89057981967926,0.5029439806938172
6.771999999999476,-0.16070875954552824,-0.01727952755063841,-0.1589196029969429,0.2536425597205577,0.0,0.3181738098271248,0.4649685618566549,0.3426171377812964,1.131467670042466,0.3406913770109953,0.0,7.6114495396614075,40.89057981967926,0.5029439806938172
6.781999999999475,-0.16086435998519982,-0.014199143690699426,-0.15881957372723268,0.25367669806959214,0.0,0.3182079481761592,0.4650040446475659,0.3425238427533013,1.1307107719223595,0.34069091164939663,0.0,7.6114495396614075,40.89057981967926,0.5029439806938172
6.791999999999474,-0.1609858843717321,-0.010587694624895633,-0.15872841779690822,0.25403487510636275,0.0,0.3185661252129298,0.465039338742963,0.34219692636038856,1.1300962859809944,0.34069044572863305,0.0,7.6114495396614075,40.89057981967926,0.5029439806938172
6.801999999999473,-0.16106692778748455,-0.006527799538445312,-0.15864382755408746,0.25505526066524464,0.0,0.3195865107718117,0.465074464869237,0.3416922606619151,1.1301946020725664,0.34068997923855815,0.0,7.665827751159668,41.003000140190125,0.525155833363533
6.811999999999472,-0.16111659587987612,-0.004350357661254316,-0.15858247177434134,0.2572748891282762,0.0,0.32180613923484325,0.4651094349080331,0.3411386890796707,1.1317944748058786,0.34068951006122156,0.0,7.665827751159668,41.003000140190125,0.525155833363533
6.821999999999471,-0.16115203642358067,-0.0027897677161339406,-0.158548452785892,0.25808650860753296,0.0,0.32261775871410003,0.46514425421583666,0.34087542221944295,1.1316755978506503,0.34068903854716004,0.0,7.665827751159668,41.003000140190125,0.525155833363533
6.83199999999947,-0.16116748751359677,-0.0005322423250243326,-0.158529819310983,0.25895768817489334,0.0,0.3234889382814604,0.46517892472053846,0.34073108376589023,1.1318317434191743,0.34068856572024875,0.0,7.665827751159668,41.003000140190125,0.525155833363533
6.8419999999994685,-0.161155648646088,0.002231008729904494,-0.15852459692404583,0.26027691225752436,0.0,0.32480816236409144,0.4652134444550656,0.3405029220568964,1.1325699940013767,0.34068809172524345,0.0,7.665827751159668,41.003000140190125,0.525155833363533
6.851999999999467,-0.16111415990598102,0.005509019804356401,-0.15852966395917406,0.2606743735091758,0.0,0.3252056236157429,0.4652478065517499,0.34014668034240386,1.1318738413969585,0.3406876166593108,0.0,7.693718254566193,41.082393527030945,0.5359382897615432
6.861999999999466,-0.16103740317692236,0.00906658694354006,-0.15853968568817603,0.2616272689288833,0.0,0.3261585190354504,0.46528199889717203,0.3397300494357022,1.1319407311380352,0.3406871405423242,0.0,7.693718254566193,41.082393527030945,0.5359382897615432
6.871999999999465,-0.16092584703437177,0.012723012566233502,-0.15855906656700158,0.2616542684765281,0.0,0.3261855185830952,0.4653160036397348,0.3392110020232742,1.1306953374568216,0.34068666354716237,0.0,7.693718254566193,41.082393527030945,0.5359382897615432
6.881999999999464,-0.16077828682970793,0.015925808719167774,-0.158589139291499,0.2629348598331674,0.0,0.32746610993973446,0.46534979743203364,0.338749619734455,1.1312681628318306,0.34068618553689856,0.0,7.693718254566193,41.082393527030945,0.5359382897615432
6.891999999999463,-0.1606057758976797,0.018214178748244193,-0.15863500771186148,0.2635459637064951,0.0,0.32807721381306215,0.4653833519883812,0.3382656406141183,1.1310304753741283,0.3406857060151175,0.0,7.693718254566193,41.082393527030945,0.5359382897615432
6.901999999999462,-0.16040846246386886,0.020708698619193236,-0.15868540933648007,0.26393506568197606,0.0,0.32846631578854313,0.4654166360527205,0.3376070393955989,1.130429389583272,0.3406852259365799,0.0,7.673925340175629,41.1022686958313,0.5167715668678283
6.911999999999461,-0.16018828955793646,0.02289416892809707,-0.15874096339976293,0.2645395614664918,0.0,0.3290708115730589,0.46544961600754686,0.33682873690073856,1.1300528871341233,0.34068474513068353,0.0,7.673925340175629,41.1022686958313,0.5167715668678283
6.92199999999946,-0.15995318521801802,0.023735587648126978,-0.15881015984800403,0.2656944172945033,0.0,0.3302256674010704,0.46548225640933494,0.33592095507752723,1.130475436783765,0.3406842629562152,0.0,7.673925340175629,41.1022686958313,0.5167715668678283
6.931999999999459,-0.15971357473167588,0.024210943002588546,-0.1588865628831756,0.26575308035197154,0.0,0.3302843304585386,0.46551452170425606,0.3348090459656658,1.1292852696803173,0.3406837799581145,0.0,7.673925340175629,41.1022686958313,0.5167715668678283
6.9419999999994575,-0.15946962487681082,0.02428667396938669,-0.1589670978455929,0.26649681223228705,0.0,0.3310280623388541,0.4655463779724716,0.3336721620958215,1.1290449021453834,0.3406832964049392,0.0,7.673925340175629,41.1022686958313,0.5167715668678283
6.951999999999456,-0.15922725486092137,0.02438180939822051,-0.15904706624074455,0.26603807374041705,0.0,0.3305693238469841,0.4655777933247004,0.3330307773045547,1.1276671698274847,0.3406828126272847,0.0,7.627154171466827,41.14753723144531,0.49051130712032315
6.961999999999455,-0.15897993289142143,0.024834225630574174,-0.15911637424916916,0.26603024138398856,0.0,0.33056149149055564,0.4656087384519898,0.33257317627375144,1.1273635184495836,0.34068232932087256,0.0,7.627154171466827,41.14753723144531,0.49051130712032315
6.971999999999454,-0.15873922850656472,0.023418553344081154,-0.15919516884954665,0.26672207956858274,0.0,0.3312533296751498,0.4656391858596132,0.3321306484582782,1.1281192338912014,0.3406818449933403,0.0,7.627154171466827,41.14753723144531,0.49051130712032315
6.981999999999453,-0.15851433286328298,0.02177278301993121,-0.1592720832472509,0.2667614305529708,0.0,0.3312926806595379,0.46566911158683,0.33167495291307464,1.1280769053994173,0.34068136064482557,0.0,7.627154171466827,41.14753723144531,0.49051130712032315
6.991999999999452,-0.1583114245701507,0.019128305952602863,-0.15935252857329377,0.2671612065079553,0.0,0.33169245661452235,0.4656984968406991,0.3312793470472528,1.1286502769857383,0.34068087579399803,0.0,7.627154171466827,41.14753723144531,0.49051130712032315
7.001999999999451,-0.1581374799053289,0.01630781842309288,-0.15942909083024537,0.2669828199641129,0.0,0.33151407007067996,0.46572732891486046,0.33100615949064394,1.1285779688453013,0.34068039086924407,0.0,7.575429558753967,41.27269446849823,0.46923907250165936
7.01199999999945,-0.15798589437444657,0.014345997248483688,-0.1594843224793728,0.26647657003061076,0.0,0.33100782013717783,0.4657556018609569,0.33085506394291614,1.128303108431194,0.3406799067777037,0.0,7.575429558753967,41.27269446849823,0.46923907250165936
7.021999999999449,-0.15785902011750752,0.011379249495696402,-0.1595385906984534,0.2667434825607941,0.0,0.3312747326673612,0.4657833151805207,0.3302373055003422,1.128830209573085,0.34067942264144313,0.0,7.575429558753967,41.27269446849823,0.46923907250165936
7.031999999999448,-0.15777019826306865,0.007154200134164984,-0.1595979194149929,0.2669901542866389,0.0,0.331521404393206,0.4658104739279014,0.3295416863752292,1.1291241465300597,0.34067893792019915,0.0,7.575429558753967,41.27269446849823,0.46923907250165936
7.0419999999994465,-0.1577266380941857,0.002531291150791688,-0.15965817623119832,0.26704249216153697,0.0,0.33157374226810404,0.4658370906372285,0.3287394569339351,1.1291542554350644,0.34067845297166394,0.0,7.575429558753967,41.27269446849823,0.46923907250165936
7.051999999999445,-0.1577280061493237,-0.0018098664986382178,-0.15971442337170846,0.26685497036239403,0.0,0.3313862204689611,0.4658631862043544,0.3277048211504165,1.1285022266774822,0.34067796827869307,0.0,7.55149382352829,41.251590847969055,0.46523342132568357
7.061999999999444,-0.1577714125971913,-0.005997956427805,-0.1597678024965112,0.26670193653194435,0.0,0.3312331866385114,0.4658887892925751,0.3269418246069672,1.1281789590043254,0.3406774838769515,0.0,7.55149382352829,41.251590847969055,0.46523342132568357
7.071999999999443,-0.15785989034615566,-0.010747392984733484,-0.15982421364805313,0.26700606265820576,0.0,0.33153731276477283,0.46591393536808057,0.3264155582650631,1.1287123274106188,0.3406769990767909,0.0,7.55149382352829,41.251590847969055,0.46523342132568357
7.081999999999442,-0.15799406432180652,-0.015061124905427822,-0.15987778102726705,0.266840734356566,0.0,0.3313719844631331,0.46593866668405304,0.32580293044209385,1.1284888567634748,0.34067651439281393,0.0,7.55149382352829,41.251590847969055,0.46523342132568357
7.091999999999441,-0.1581656454719413,-0.018465533403694105,-0.15992338196850472,0.2664944678016785,0.0,0.3310257179082456,0.46596303178241244,0.32520408753481955,1.1279249812607737,0.34067603029100735,0.0,7.55149382352829,41.251590847969055,0.46523342132568357
7.10199999999944,-0.15837479127077814,-0.022522402010456903,-0.1599746083446953,0.26712217097186786,0.0,0.33165342107843493,0.4659870836988699,0.3246035786472168,1.1287168821510825,0.34067554557319873,0.0,7.565324187278748,41.253564953804016,0.47194452285766597
7.111999999999439,-0.15862136535414847,-0.026043382858617972,-0.16002484357340085,0.2670878283265826,0.0,0.3316190784331497,0.4660108794661462,0.32406066553335916,1.128458220959562,0.3406750607990741,0.0,7.565324187278748,41.253564953804016,0.47194452285766597
7.121999999999438,-0.15890372857853358,-0.02974084038203577,-0.16008152385924287,0.26772265076247137,0.0,0.33225390086903844,0.4660344797837221,0.3239677324567461,1.1294514365268902,0.34067457532888157,0.0,7.565324187278748,41.253564953804016,0.47194452285766597
7.131999999999437,-0.15921631111753035,-0.032060903288151296,-0.16013385753061915,0.2673450930288146,0.0,0.33187634313538167,0.4660579483822687,0.3238365490589912,1.1290220714730679,0.34067409010728944,0.0,7.565324187278748,41.253564953804016,0.47194452285766597
7.1419999999994355,-0.15954957666729744,-0.03397964472512199,-0.1601883279396818,0.2673937352199686,0.0,0.3319249853265357,0.4660813506130255,0.32373012312088123,1.129054945115506,0.34067360456893,0.0,7.565324187278748,41.253564953804016,0.47194452285766597
7.151999999999434,-0.15989721379999206,-0.03517643491255263,-0.16024363123887858,0.2676295764707196,0.0,0.3321608265772867,0.4661047515266789,0.32385764278906115,1.1294172449829785,0.34067311888208784,0.0,7.604695737361908,41.22089385986328,0.4936605781316757
7.161999999999433,-0.16025350019857784,-0.03578103235065094,-0.16030288006888127,0.2678191574114559,0.0,0.33235040751802297,0.4661282146420394,0.3240034319242151,1.129726955249199,0.34067263293099165,0.0,7.604695737361908,41.22089385986328,0.4936605781316757
7.171999999999432,-0.16060994709818321,-0.035513183698966014,-0.16036186747498077,0.2679869677121896,0.0,0.3325182178187567,0.4661518007347194,0.3241637763129836,1.129833051319153,0.3406721468617607,0.0,7.604695737361908,41.22089385986328,0.4936605781316757
7.181999999999431,-0.1609605483348859,-0.03482942516583841,-0.1604244484000128,0.2684941310114297,0.0,0.3330253811179968,0.46617556645344743,0.3243956414945459,1.1304308175267097,0.3406716603287138,0.0,7.604695737361908,41.22089385986328,0.4936605781316757
7.19199999999943,-0.1613014977471497,-0.033561229464547065,-0.16049054265191207,0.2687598898917431,0.0,0.33329113999831017,0.4661995633882158,0.32471163531054903,1.1306137538232799,0.3406711733276625,0.0,7.604695737361908,41.22089385986328,0.4936605781316757
7.201999999999429,-0.1616268424802661,-0.031923602449646704,-0.16056052387553907,0.26952898500330574,0.0,0.3340602351098728,0.46622383749923124,0.325445863924994,1.1318825238141863,0.340670685658923,0.0,7.654839634895325,41.301254630088806,0.5190638840198516
7.211999999999428,-0.16193242850589595,-0.02941582312081053,-0.16062747719008222,0.26927706090516795,0.0,0.333808311011735,0.46624842843349307,0.32596526153269606,1.1314601134587292,0.3406701974564286,0.0,7.654839634895325,41.301254630088806,0.5190638840198516
7.221999999999427,-0.16220304926757828,-0.025465246634743133,-0.16068810463892624,0.26926920984262925,0.0,0.3338004599491963,0.46627336876846565,0.3265198027258918,1.1313709983582945,0.34066970966619203,0.0,7.654839634895325,41.301254630088806,0.5190638840198516
7.2319999999994256,-0.162430237645532,-0.02067995953895438,-0.16074484030665623,0.26869210914328256,0.0,0.33322335924984964,0.46629868193851776,0.3270866027189746,1.1304240783272863,0.34066922207927,0.0,7.654839634895325,41.301254630088806,0.5190638840198516
7.2419999999994245,-0.16260567835732848,-0.015571487260157817,-0.16079894212357929,0.2690833379946498,0.0,0.33361458810121686,0.466324380908324,0.3277703944452191,1.1308736345157886,0.3406687345972443,0.0,7.654839634895325,41.301254630088806,0.5190638840198516
7.251999999999423,-0.16273304506724692,-0.010725466247036913,-0.16085698528455386,0.2690568515211344,0.0,0.33358810162770147,0.4663504676336052,0.32822795532289584,1.1306727414799647,0.34066824670111606,0.0,7.683489501476288,41.25919222831726,0.5303782701492309
7.261999999999422,-0.1628097660966688,-0.005587876961935401,-0.1609153782006935,0.2689903666841159,0.0,0.333521616790683,0.4663769340584788,0.3286008296666366,1.1301821195130581,0.3406677589340663,0.0,7.683489501476288,41.25919222831726,0.5303782701492309
7.271999999999421,-0.16283573296757162,-0.0007008502396444946,-0.16097483293887044,0.269384729066152,0.0,0.3339159791727191,0.46640376252204396,0.3290677393095336,1.1305435759132396,0.34066727093125254,0.0,7.683489501476288,41.25919222831726,0.5303782701492309
7.28199999999942,-0.1628180082559057,0.0034054944181587023,-0.16104071855167937,0.2698885678014399,0.0,0.33441981790800696,0.4664309264946303,0.3293274602308652,1.1309202033410384,0.3406667822002383,0.0,7.683489501476288,41.25919222831726,0.5303782701492309
7.291999999999419,-0.16275806561302464,0.007794757164329485,-0.16110415910652434,0.2696410530260309,0.0,0.334172303132598,0.46645839231685826,0.3293433402250408,1.1300138849309609,0.34066629353073913,0.0,7.683489501476288,41.25919222831726,0.5303782701492309
7.301999999999418,-0.16265328828564557,0.012172243961674177,-0.16116522534458438,0.26961123811681015,0.0,0.3341424882233772,0.4664861200213334,0.32927166604415337,1.1294135612654912,0.34066580505507454,0.0,7.670738875865936,41.19190990924835,0.5180218875408172
7.311999999999417,-0.16251455609588267,0.014921445925094798,-0.16124055937781012,0.2701609513742252,0.0,0.33469220148079226,0.46651406361601894,0.3294044568148684,1.129878376047476,0.34066531565257385,0.0,7.670738875865936,41.19190990924835,0.5180218875408172
7.321999999999416,-0.1623537082578263,0.016776417706346324,-0.16132261964115854,0.2708270281566975,0.0,0.3353582782632646,0.4665421734090999,0.3292880780800133,1.1304707790685184,0.34066482545870413,0.0,7.670738875865936,41.19190990924835,0.5180218875408172
7.3319999999994145,-0.16217818411351895,0.018051254507938645,-0.16140918878792032,0.2713407291911938,0.0,0.33587197929776086,0.4665703985743568,0.3293014898021744,1.130914209393445,0.3406643346573757,0.0,7.670738875865936,41.19190990924835,0.5180218875408172
7.341999999999413,-0.16199356890979236,0.018712320524189162,-0.16149979725455496,0.2716543156619173,0.0,0.33618556576848435,0.46659868871772453,0.3292990280544203,1.1312093281897992,0.34066384328116406,0.0,7.670738875865936,41.19190990924835,0.5180218875408172
7.351999999999412,-0.16180561379330755,0.0188628319249299,-0.16159229015734633,0.2719202973002251,0.0,0.3364515474067922,0.4666269950070459,0.3296914848468308,1.1318913906995234,0.3406633514207171,0.0,7.63110476732254,41.24589204788208,0.4944544047117233
7.361999999999411,-0.16161827749566737,0.018696445937153645,-0.16168177628138408,0.27165081817523057,0.0,0.33618206828179764,0.46665527119693834,0.3303520862214864,1.132151049999821,0.3406628592354435,0.0,7.63110476732254,41.24589204788208,0.4944544047117233
7.37199999999941,-0.16142992996003572,0.019133209589149158,-0.16176111104722718,0.27089628194915477,0.0,0.33542753205572184,0.4666834742481314,0.33130489316686107,1.1322259996735018,0.3406623677473684,0.0,7.63110476732254,41.24589204788208,0.4944544047117233
7.381999999999409,-0.16122835112881215,0.02087126214715663,-0.16181768058098686,0.2699126730774906,0.0,0.3344439231840577,0.4667115637004625,0.33224382646276357,1.1320665642025909,0.34066187812213244,0.0,7.63110476732254,41.24589204788208,0.4944544047117233
7.391999999999408,-0.16100773151821215,0.02277794598704616,-0.16185486021297424,0.26896444509367023,0.0,0.3334956952002373,0.4667394994921725,0.3331641307223589,1.1320401335101828,0.34066139011023927,0.0,7.63110476732254,41.24589204788208,0.4944544047117233
7.401999999999407,-0.160769860626298,0.024523236495214724,-0.1618720635705913,0.26760569602302203,0.0,0.3321369461295891,0.4667672408208786,0.33406617555762613,1.1315222599748562,0.34066090366958013,0.0,7.575252532958984,41.31904125213623,0.47059967815876
7.411999999999406,-0.16051294681800107,0.026397968869083757,-0.161860631249229,0.26633529475670037,0.0,0.33086654486326744,0.4667947463529216,0.33495032324720664,1.1312097645913934,0.34066041921126855,0.0,7.575252532958984,41.31904125213623,0.47059967815876
7.421999999999405,-0.16023985925572912,0.0278702008934303,-0.16182761005959734,0.2648845523471919,0.0,0.32941580245375895,0.4668219741707947,0.3358169288819021,1.1307234281377112,0.3406599367137955,0.0,7.575252532958984,41.31904125213623,0.47059967815876
7.4319999999994035,-0.15995715534376773,0.028194127277199894,-0.16177885941376444,0.2644355866865192,0.0,0.32896683679308625,0.466848882315714,0.33666634050728605,1.131713086248856,0.3406594557087219,0.0,7.575252532958984,41.31904125213623,0.47059967815876
7.441999999999402,-0.15967763110697009,0.0276835585575003,-0.16171512685610046,0.2632889100032602,0.0,0.3278201601098273,0.4668754302687593,0.33749889926348536,1.1317883711903551,0.3406589761608537,0.0,7.575252532958984,41.31904125213623,0.47059967815876
7.451999999999401,-0.1594081304938855,0.026520140941795056,-0.16163817028378147,0.26167925091318117,0.0,0.32621050101974824,0.46690158108585156,0.33831493952218883,1.1312662925098016,0.34065849821061167,0.0,7.5219361782073975,41.17712199687958,0.458344130218029
7.4619999999994,-0.1591484716281928,0.025567638510147962,-0.16154617753237357,0.26004483589810407,0.0,0.32457608600467114,0.4669273024727142,0.3391147890209376,1.1307514111711798,0.34065802281664503,0.0,7.5219361782073975,41.17712199687958,0.458344130218029
7.471999999999399,-0.15889589596433432,0.02497963215424264,-0.1614274304763179,0.2582606852135724,0.0,0.3227919353201395,0.4669525666124801,0.3398987689947505,1.1300602890377802,0.3406575500237206,0.0,7.5219361782073975,41.17712199687958,0.458344130218029
7.481999999999398,-0.15864867848399525,0.024637192569263368,-0.16128136764054432,0.2562201183542267,0.0,0.3207513684607938,0.46697734942683317,0.3406671943051384,1.1290336427965724,0.3406570799440206,0.0,7.5219361782073975,41.17712199687958,0.458344130218029
7.491999999999397,-0.15840365724698138,0.024518028452032894,-0.16110645622733213,0.25409128948210763,0.0,0.3186225395886747,0.4670016298896186,0.34142037356655885,1.1278977303787547,0.34065661278144455,0.0,7.5219361782073975,41.17712199687958,0.458344130218029
7.501999999999396,-0.15816472486930203,0.023326445156044782,-0.16091690757983818,0.2528411811393443,0.0,0.31737243124591136,0.4670253893794871,0.3421586092703613,1.1279957140867172,0.3406561477443218,0.0,7.4815438985824585,40.957854986190796,0.4514869451522827
7.511999999999395,-0.15793963834707406,0.022178065838448495,-0.16071696847281647,0.25052068450265336,0.0,0.31505193460922043,0.46704861233203565,0.3428821979062736,1.126586800326833,0.34065568565279647,0.0,7.4815438985824585,40.957854986190796,0.4514869451522827
7.521999999999394,-0.1577289175558616,0.01997488176476024,-0.1605026238161028,0.25037671383732435,0.0,0.3149079639438914,0.4670712872175326,0.34359143008147824,1.1282071725258405,0.3406552253218399,0.0,7.4815438985824585,40.957854986190796,0.4514869451522827
7.5319999999993925,-0.15755349969330634,0.015790916603372313,-0.16029001029057566,0.249922159283685,0.0,0.31445340939025207,0.4670934070354192,0.34428659063732525,1.12935394254824,0.3406547653503258,0.0,7.4815438985824585,40.957854986190796,0.4514869451522827
7.541999999999391,-0.15741851818245897,0.01212248807147087,-0.1600639897801068,0.24829661414662277,0.0,0.31282786425318987,0.4671149723545782,0.3449679587637306,1.1288015364299393,0.34065430707078537,0.0,7.4815438985824585,40.957854986190796,0.4514869451522827
7.55199999999939,-0.15731619565632177,0.008840040844230535,-0.1598264168004486,0.24734777932723512,0.0,0.3118790294338022,0.46713599184375953,0.34563580811130395,1.129123273890678,0.3406538506232472,0.0,7.475351274013519,40.81526160240173,0.4506617948412895
7.561999999999389,-0.1572489523335509,0.005298947350415714,-0.15959153086125027,0.2466393111152649,0.0,0.31117056122183195,0.4671564806897502,0.34629040690125196,1.1296952229343145,0.34065339555589963,0.0,7.475351274013519,40.81526160240173,0.4506617948412895
7.571999999999388,-0.15721863427319924,0.0016327544061028008,-0.15935307429166395,0.24569748526113347,0.0,0.31022873536770057,0.4671764603406519,0.34693201803310136,1.1298403002990383,0.3406529413640618,0.0,7.475351274013519,40.81526160240173,0.4506617948412895
7.581999999999387,-0.1572205847591388,-0.001288716953769687,-0.1591056463553895,0.24480973680865606,0.0,0.30934098691522316,0.46719595833335303,0.34756089919028443,1.1299482656638604,0.34065248853416324,0.0,7.475351274013519,40.81526160240173,0.4506617948412895
7.591999999999386,-0.1572469085194677,-0.0032228351137732637,-0.1588475068672176,0.24350952492085073,0.0,0.3080407750274178,0.4672150070593925,0.34817730294362936,1.1293573407417958,0.3406520372394394,0.0,7.475351274013519,40.81526160240173,0.4506617948412895
7.601999999999385,-0.15728216368451137,-0.003767075687178753,-0.1585750203864145,0.24236369204259176,0.0,0.3068949421491588,0.4672336416905566,0.3487814768527979,1.1288585356887841,0.34065158810048773,0.0,7.506084322929382,40.68199872970581,0.45843383520841596
7.611999999999384,-0.1573211991795063,-0.0040217690141467356,-0.15830405690965807,0.24135578978583802,0.0,0.30588703989240507,0.4672518973723723,0.34937366356571004,1.128429709821131,0.3406511405417939,0.0,7.506084322929382,40.68199872970581,0.45843383520841596
7.621999999999383,-0.15736356285140896,-0.004423976199762446,-0.1580323395132521,0.24094324161902772,0.0,0.3054744917255948,0.46726980800288465,0.3499541009159958,1.1287109923402825,0.34065069369567996,0.0,7.506084322929382,40.68199872970581,0.45843383520841596
7.6319999999993815,-0.15741194532465666,-0.005139051441688724,-0.15776549584087163,0.24101035551667616,0.0,0.30554160562324323,0.467287406242898,0.3505230220185143,1.129538212011439,0.3406502470640502,0.0,7.506084322929382,40.68199872970581,0.45843383520841596
7.64199999999938,-0.15746502534424037,-0.0052903880402215085,-0.1574997826786573,0.24048028608761804,0.0,0.3050115361941851,0.46730472396490946,0.351080655362977,1.1294030624871703,0.3406498009653522,0.0,7.506084322929382,40.68199872970581,0.45843383520841596
7.651999999999379,-0.1575194905370235,-0.005555018393742662,-0.15724286140414626,0.2407229088309731,0.0,0.30525415893754015,0.467321792002151,0.3516272249057134,1.130226373355535,0.34064935481365205,0.0,7.5552486181259155,40.64745545387268,0.47487157583236694
7.661999999999378,-0.15757211156675452,-0.004870303183641088,-0.15699080549192787,0.23997639670822152,0.0,0.3045076468147886,0.4673386396283506,0.35216295015961646,1.1295455210630823,0.34064890920862195,0.0,7.5552486181259155,40.64745545387268,0.47487157583236694
7.671999999999377,-0.15761368378295185,-0.0036863799798424364,-0.1567430960332116,0.24011103939125528,0.0,0.30464228949782235,0.46735529385360747,0.35268804628230316,1.1299883265053303,0.340648463816933,0.0,7.5552486181259155,40.64745545387268,0.47487157583236694
7.681999999999376,-0.15764096627048213,-0.0020188441744815183,-0.1565011140084157,0.24007538326922437,0.0,0.3046066333757914,0.46737177804512536,0.35320272416252574,1.1300914264145945,0.340648018501663,0.0,7.5552486181259155,40.64745545387268,0.47487157583236694
7.691999999999375,-0.15765034634435557,-0.0001412450294170555,-0.15626769153355993,0.2402575624758838,0.0,0.3047888125824509,0.4673881113502564,0.35370719050486915,1.1304089083251099,0.34064757299726695,0.0,7.5552486181259155,40.64745545387268,0.47487157583236694
7.701999999999374,-0.15763665559415307,0.002451317167287328,-0.15603941114558753,0.24006645761455478,0.0,0.3045977077211218,0.46740430823635354,0.35420164791276715,1.1301253781135996,0.34064712764798427,0.0,7.6021464467048645,40.62841713428497,0.49086987674236293
7.711999999999373,-0.15759095707586437,0.00615010656260088,-0.15581272069083393,0.23939975368430313,0.0,0.30393100379087024,0.4674203777801981,0.35468629496987214,1.1291137182574267,0.3406466829359586,0.0,7.6021464467048645,40.62841713428497,0.49086987674236293
7.721999999999372,-0.15750320913533905,0.010457894960176888,-0.15558636483279517,0.23937532326727312,0.0,0.3039065733738402,0.4674363222768418,0.35516132631980996,1.1289585650015064,0.3406462387347561,0.0,7.6021464467048645,40.62841713428497,0.49086987674236293
7.7319999999993705,-0.15737668820841713,0.014169084195227253,-0.15537099417906908,0.23964627811418898,0.0,0.30417752822075605,0.4674521360787372,0.3556269327443524,1.1291905981581776,0.34064579408329954,0.0,7.6021464467048645,40.62841713428497,0.49086987674236293
7.741999999999369,-0.15721165937979661,0.018053427823513456,-0.15516105773662553,0.23968212732583016,0.0,0.30421337743239724,0.46746780639064034,0.35608330124003934,1.1290825289426154,0.3406453494556936,0.0,7.6021464467048645,40.62841713428497,0.49086987674236293
7.751999999999368,-0.1570074236525082,0.02191400453518673,-0.15495707627387056,0.23992057859529464,0.0,0.3044518287018617,0.4674833139236232,0.3565306150932797,1.1292636643660314,0.3406449047666362,0.0,7.627878665924072,40.64916133880615,0.4973831683397293
7.761999999999367,-0.1567717268933762,0.024698254996542626,-0.15476835950131015,0.24036104131299407,0.0,0.30489229141956115,0.46749863336758385,0.35696905395396306,1.129746448969689,0.3406444590846981,0.0,7.627878665924072,40.64916133880615,0.4973831683397293
7.771999999999366,-0.15650525798734838,0.02778896677061533,-0.15458459363391255,0.24050856626667264,0.0,0.30503981637323974,0.467513734984462,0.3573987939076103,1.1298502549370713,0.34064401340648776,0.0,7.627878665924072,40.64916133880615,0.4973831683397293
7.781999999999365,-0.15621010454211245,0.03057722495677321,-0.15440948348294659,0.24067607272739133,0.0,0.3052073228339584,0.4675285853569038,0.3578200075460933,1.1300260635292063,0.34064356738378293,0.0,7.627878665924072,40.64916133880615,0.4973831683397293
7.791999999999364,-0.15588713145478916,0.03338706522421704,-0.1542390793279025,0.2407222500755485,0.0,0.3052535001821156,0.46754314793635926,0.35823286403695076,1.1300876316338346,0.340643121352193,0.0,7.627878665924072,40.64916133880615,0.4973831683397293
7.801999999999363,-0.15553277434225526,0.03685651495057029,-0.15406460301657202,0.23996022555696891,0.0,0.30449147566353596,0.46755738342047576,0.3586375291913296,1.129085722383934,0.3406426760305318,0.0,7.621012210845947,40.68070590496063,0.4890857070684433
7.811999999999362,-0.15514810989505698,0.039467909662171174,-0.15389373870371173,0.24005381890410557,0.0,0.3045850690106726,0.4675712494010837,0.35903416553057727,1.1293614006878598,0.34064223056193965,0.0,7.621012210845947,40.68070590496063,0.4890857070684433
7.821999999999361,-0.15474160031834924,0.041438258441948594,-0.15372743791571628,0.23984395052872146,0.0,0.30437520063528856,0.4675847008886663,0.35942293235151435,1.1292978340216002,0.34064178508800036,0.0,7.621012210845947,40.68070590496063,0.4890857070684433
7.8319999999993595,-0.15431272933792117,0.04362352788065088,-0.1535563445835163,0.23976643945516604,0.0,0.3042976895617331,0.4675976919087746,0.35980398579041045,1.1295119972988865,0.3406413404430183,0.0,7.621012210845947,40.68070590496063,0.4890857070684433
7.841999999999358,-0.15387233795597363,0.04452318148480926,-0.1533927934343073,0.2392570298489929,0.0,0.30378827995556,0.46761017594775595,0.36017747888569207,1.129216932570496,0.34064089552132787,0.0,7.621012210845947,40.68070590496063,0.4890857070684433
7.851999999999357,-0.15341743171271596,0.04604919691064257,-0.15321541250468595,0.23913262277792782,0.0,0.3036638728844949,0.46762210748954003,0.3605435616394054,1.1295590781162335,0.3406404518395451,0.0,7.582297205924988,40.890987515449524,0.46973498463630675
7.861999999999356,-0.15294725962260206,0.047632836790371516,-0.1530158588884142,0.23806763565092456,0.0,0.3025988857574916,0.4676334418983279,0.36090238107746025,1.1286828366839847,0.3406400089996717,0.0,7.582297205924988,40.890987515449524,0.46973498463630675
7.871999999999355,-0.15246678029371935,0.04814535511949249,-0.1528142060562918,0.23770164768624838,0.0,0.3022328977928155,0.46764413517398307,0.3612540813086786,1.1288821564206466,0.3406395668271718,0.0,7.582297205924988,40.890987515449524,0.46973498463630675
7.881999999999354,-0.1519911561480862,0.046869216408591735,-0.15261896794799443,0.2381698733944897,0.0,0.30270112350105677,0.46765414504569713,0.36159880358267127,1.1303401005061182,0.34063912456407286,0.0,7.582297205924988,40.890987515449524,0.46973498463630675
7.891999999999353,-0.15153406501747507,0.04479802379934463,-0.15242568354581168,0.2377575949657568,0.0,0.3022888450723239,0.46766343368195257,0.3619366863465665,1.1306447935550934,0.34063868259097435,0.0,7.582297205924988,40.890987515449524,0.46973498463630675
7.901999999999352,-0.15110241052807458,0.04246614415107076,-0.15222178726237495,0.2371446771086794,0.0,0.3016759272152465,0.4676719699904927,0.3622678653006133,1.1307364591202007,0.34063824087331085,0.0,7.530366361141205,41.51521444320679,0.4539493784308433
7.911999999999351,-0.15068364699872414,0.04128553619763258,-0.1519633429431157,0.23693664100798917,0.0,0.30146789111455624,0.4676797301723281,0.3625924734526808,1.131447291537371,0.34063779998037463,0.0,7.530366361141205,41.51521444320679,0.4539493784308433
7.92199999999935,-0.15028196750675682,0.03933217062806007,-0.15170186219982468,0.23623072906000625,0.0,0.3007619791665733,0.46768669569252624,0.36291064117167726,1.1314989493709222,0.34063735998442435,0.0,7.530366361141205,41.51521444320679,0.4539493784308433
7.9319999999993485,-0.14990348237801948,0.036941042948478726,-0.1514363892250587,0.23536308156187244,0.0,0.2998943316684395,0.4676928533069083,0.36322249623990843,1.1313499249971313,0.34063692097696086,0.0,7.530366361141205,41.51521444320679,0.4539493784308433
7.941999999999347,-0.14955056821552865,0.03418093285090739,-0.15116679985102982,0.2347122728736801,0.0,0.29924352298024715,0.46769819581499184,0.36352816390439746,1.1315185158696763,0.3406364829819248,0.0,7.530366361141205,41.51521444320679,0.4539493784308433
7.951999999999346,-0.14922991502405442,0.030827698334751335,-0.15089757061841766,0.23418540753983294,0.0,0.2987166576464,0.4677027223567824,0.36382776692718666,1.1318605255318857,0.3406360456512786,0.0,7.50026273727417,41.4798629283905,0.43869429379701613
7.961999999999345,-0.14893977983223752,0.027734123894373457,-0.15062287936285154,0.23353296857505837,0.0,0.29806421868162547,0.46770643895248637,0.364121425634641,1.132014332970142,0.3406356096346658,0.0,7.50026273727417,41.4798629283905,0.43869429379701613
7.971999999999344,-0.14867887647859596,0.025166362679760648,-0.15033935234988205,0.23221569937662875,0.0,0.2967469494831958,0.4677093579929214,0.36440925796577345,1.1312131722511225,0.34063517506493324,0.0,7.50026273727417,41.4798629283905,0.43869429379701613
7.981999999999343,-0.14844339436748547,0.022524899829320544,-0.1500507848029985,0.23176091737356452,0.0,0.2962921674801316,0.4677114973724364,0.3646913795196117,1.1315857510149216,0.34063474163155444,0.0,7.50026273727417,41.4798629283905,0.43869429379701613
7.991999999999342,-0.148238365550611,0.019061424366397177,-0.14976590762385492,0.23142930408736834,0.0,0.2959605541939354,0.4677128795549894,0.3649679036016248,1.1320848880885457,0.34063430857365434,0.0,7.50026273727417,41.4798629283905,0.43869429379701613
8.001999999999342,-0.14806629304940352,0.015516527930810103,-0.1494952879402456,0.23076904697719527,0.0,0.2953002970837624,0.4677135320789718,0.36523894126922896,1.1320649317355955,0.34063387664738465,0.0,7.491117000579834,40.51242232322693,0.43391212075948715
8.011999999999345,-0.14794749646456662,0.009633190040259781,-0.1493053088266249,0.23064276289921634,0.0,0.2951740130057834,0.4677134881505633,0.36550460137639046,1.1327296660910862,0.34063344495236125,0.0,7.491117000579834,40.51242232322693,0.43391212075948715
8.021999999999348,-0.14787654238745165,0.005593619364811309,-0.14910944832480397,0.22987472024748687,0.0,0.2944059703540539,0.4677127891337625,0.36576499061734324,1.1324259414725764,0.3406330142270751,0.0,7.491117000579834,40.51242232322693,0.43391212075948715
8.031999999999352,-0.14784219821812872,0.0018955436976596154,-0.1489163712859478,0.2300632909247978,0.0,0.29459454103136484,0.46771148348510944,0.36602021356943937,1.1333840847492738,0.3406325837227253,0.0,7.491117000579834,40.51242232322693,0.43391212075948715
8.041999999999355,-0.14784195473137263,-0.0009319141908343837,-0.14872337369702993,0.2292508259228056,0.0,0.2937820760293727,0.46770962427323276,0.3662703727351496,1.1328533217370889,0.3406321536641794,0.0,7.491117000579834,40.51242232322693,0.43391212075948715
8.051999999999358,-0.14786323552897498,-0.0030204582655856977,-0.14852811451355658,0.22933084025809175,0.0,0.2938620903646588,0.46770726785872613,0.36651556858323026,1.1334810686705339,0.3406317241760028,0.0,7.505544304847717,40.568442940711975,0.4429972544312477
8.061999999999362,-0.14790563672855045,-0.0047894101720734415,-0.14833396449612943,0.22890960561206453,0.0,0.2934408557186316,0.46770447175589097,0.36675589958907334,1.1333100408077466,0.340631294686255,0.0,7.505544304847717,40.568442940711975,0.4429972544312477
8.071999999999365,-0.14795912241743536,-0.005610728741797235,-0.1481378542585926,0.22852422756133384,0.0,0.2930554776679009,0.46770129385503056,0.36699146227425594,1.133090917250606,0.34063086583259833,0.0,7.505544304847717,40.568442940711975,0.4429972544312477
8.081999999999368,-0.14801844173131518,-0.006293250718829692,-0.14794632964140106,0.22894823394660566,0.0,0.2934794840531727,0.4676977907251764,0.36722235124530567,1.1339080103318784,0.3406304370405726,0.0,7.505544304847717,40.568442940711975,0.4429972544312477
8.091999999999372,-0.14809048548422715,-0.007728603188133804,-0.14777135385170065,0.2295640500870448,0.0,0.29409530019361185,0.467694016822441,0.3674486592316962,1.1348947833678984,0.34063000723295445,0.0,7.505544304847717,40.568442940711975,0.4429972544312477
8.101999999999375,-0.14816997362707157,-0.008085393465770939,-0.1476001323641804,0.2295922108446745,0.0,0.29412346095124153,0.467690025381414,0.3676704771230891,1.1349605584701394,0.3406295775533909,0.0,7.554835557937622,40.55312752723694,0.4536690816283226
8.111999999999378,-0.14824890997146076,-0.007547860615043532,-0.14743435681199754,0.2291108824662453,0.0,0.29364213257281235,0.46768586769633297,0.367887894005837,1.1342206518521243,0.3406291479763915,0.0,7.554835557937622,40.55312752723694,0.4536690816283226
8.121999999999382,-0.14831526631141068,-0.0061821540335127,-0.14727044174780002,0.22970311947462646,0.0,0.29423436958119353,0.46768159150047134,0.3681009971987624,1.1349013010265478,0.34062871863014704,0.0,7.554835557937622,40.55312752723694,0.4536690816283226
8.131999999999385,-0.1483748138873762,-0.005938919880317355,-0.14712704611492183,0.23069333475309764,0.0,0.29522458485966474,0.4676772393248021,0.3683098722882267,1.1360634526033677,0.3406282878410896,0.0,7.554835557937622,40.55312752723694,0.4536690816283226
8.141999999999388,-0.14843197574367534,-0.005415225973922884,-0.1469972811614176,0.23072637659661682,0.0,0.2952576267031839,0.46767284951979166,0.368514603162503,1.1358137044527004,0.3406278561717131,0.0,7.554835557937622,40.55312752723694,0.4536690816283226
8.151999999999392,-0.14847770898447515,-0.0038031115815557667,-0.1468731542672328,0.23090511227725927,0.0,0.2954363623838263,0.46766845718728556,0.36871527204546783,1.1357060072615262,0.34062742431467197,0.0,7.5961761474609375,40.55454194545746,0.4660179018974304
8.161999999999395,-0.14850308298400272,-0.0018614524117878568,-0.14675809719046823,0.23163656878135044,0.0,0.29616781888791754,0.46766409278711124,0.3689119595296232,1.1363240381249056,0.34062699198024715,0.0,7.5961761474609375,40.55454194545746,0.4660179018974304
8.171999999999398,-0.1485154734673298,-0.0008640298866289219,-0.14666492819109966,0.2327520665499311,0.0,0.2972833166564982,0.4676597810633897,0.36910474460846443,1.1374407863371236,0.3406265579527096,0.0,7.5961761474609375,40.55454194545746,0.4660179018974304
8.181999999999402,-0.14851455627358567,0.0009446674220528559,-0.14658112605980989,0.23281498016819638,0.0,0.2973462302747635,0.46765554236720563,0.3692937047082056,1.1370535283544845,0.3406261233016469,0.0,7.5961761474609375,40.55454194545746,0.4660179018974304
8.191999999999405,-0.14848902873091482,0.0036781323607031416,-0.14650159101087212,0.2330084638481135,0.0,0.2975397139546806,0.4676513927866244,0.3694789157188752,1.1368338466605772,0.3406256884673293,0.0,7.5961761474609375,40.55454194545746,0.4660179018974304
8.201999999999408,-0.14843683255822832,0.006269621288247347,-0.14643199178423166,0.2337130577987961,0.0,0.29824430790536316,0.4676473426159356,0.3696372312435468,1.1373289496398453,0.3406252527792658,0.0,7.621964395046234,40.64435124397278,0.4763871729373932
8.211999999999412,-0.14835293027186816,0.009799835234151812,-0.14635832506127525,0.23377034842544853,0.0,0.2983015985320156,0.46764339609866046,0.369795696144062,1.1368871197248156,0.34062481702481273,0.0,7.621964395046234,40.64435124397278,0.4763871729373932
8.221999999999415,-0.14823856657007214,0.012500189131308846,-0.14629798319923126,0.2344125204556061,0.0,0.29894377056217314,0.4676395510466986,0.3699519966432928,1.1373149667524038,0.340624380245656,0.0,7.621964395046234,40.64435124397278,0.4763871729373932
8.231999999999418,-0.14809534918671727,0.015512235932714198,-0.14624194934618132,0.23450779454911524,0.0,0.2990390446556823,0.46763579934731514,0.37012414672150534,1.137034127148458,0.34062394322124834,0.0,7.621964395046234,40.64435124397278,0.4763871729373932
8.241999999999422,-0.14792420124382769,0.018117840863104192,-0.14619427443596644,0.23493542140940352,0.0,0.2994666715159706,0.46763212773565027,0.37029288123221027,1.1372687050415937,0.3406235055773623,0.0,7.621964395046234,40.64435124397278,0.4763871729373932
8.251999999999425,-0.14772754625705484,0.020693221855746027,-0.1461505889028099,0.235210345335985,0.0,0.2997415954425521,0.4676285183523351,0.3703824406859338,1.137292832255185,0.3406230676010535,0.0,7.6223777532577515,40.69384694099426,0.47252252548933027
8.261999999999428,-0.14750711191968083,0.022668541530675115,-0.1461116464246081,0.23607685561552835,0.0,0.3006081057220954,0.4676249494692475,0.37039573362419287,1.1381639539659787,0.34062262896665546,0.0,7.6223777532577515,40.69384694099426,0.47252252548933027
8.271999999999432,-0.14727320972606023,0.023728313585750234,-0.1460842371525894,0.2366424317113529,0.0,0.30117368181792,0.46762139634116234,0.3701668040195493,1.1384478902256414,0.3406221893844936,0.0,7.6223777532577515,40.69384694099426,0.47252252548933027
8.281999999999435,-0.14703757157913558,0.023102207894078575,-0.14607624156934784,0.23803215296398114,0.0,0.3025634030705482,0.46761783321368117,0.3699636533156402,1.1399046739218073,0.3406217481215398,0.0,7.6223777532577515,40.69384694099426,0.47252252548933027
8.291999999999438,-0.1468099833574488,0.022769656720176678,-0.14607457629626142,0.23750460479527155,0.0,0.3020358549018386,0.467614235782816,0.36991417526454823,1.1389236158680562,0.3406213063000103,0.0,7.6223777532577515,40.69384694099426,0.47252252548933027
8.301999999999442,-0.14658242281443573,0.022537269442174074,-0.14607315713153,0.238281376923647,0.0,0.30281262703021405,0.46761058256298216,0.3697250994626066,1.1397656944573493,0.34062086421458293,0.0,7.598448574542999,40.83901345729828,0.46551112085580826
8.311999999999445,-0.1463628935316239,0.021422848162243237,-0.14607426050854097,0.23893975847717616,0.0,0.3034710085837432,0.4676068539085931,0.36960910019275495,1.1405557905755612,0.3406204209152477,0.0,7.598448574542999,40.83901345729828,0.46551112085580826
8.321999999999449,-0.14615576323720994,0.020364569598515417,-0.1460785559977857,0.23890522519618343,0.0,0.30343647530275053,0.4676030330853467,0.3693201299383844,1.1403090241279732,0.34061997732300414,0.0,7.598448574542999,40.83901345729828,0.46551112085580826
8.331999999999452,-0.1459504953039304,0.020816492228640765,-0.14606914874170326,0.23775777784476532,0.0,0.3022890279513324,0.4675991066853204,0.36928917916107856,1.138735497446251,0.3406195349492423,0.0,7.598448574542999,40.83901345729828,0.46551112085580826
8.341999999999455,-0.14574292454283463,0.020675985928468588,-0.14605791486287484,0.23771099940342402,0.0,0.3022422495099911,0.46759506273098406,0.3692404520784621,1.138854552902731,0.3406190927647237,0.0,7.598448574542999,40.83901345729828,0.46551112085580826
8.351999999999459,-0.14554198899403892,0.019571539603204263,-0.14604749414612284,0.238357967672959,0.0,0.30288921777952604,0.4675908899203809,0.36882249374749687,1.1396728463942702,0.34061865031274224,0.0,7.5640066266059875,40.96758961677551,0.4530510663986206
8.361999999999462,-0.1453556957483181,0.017958166952500212,-0.1460308661420473,0.23828631082267065,0.0,0.30281756092923773,0.46758657912854223,0.36836742620055984,1.139416560188042,0.34061820756013755,0.0,7.5640066266059875,40.96758961677551,0.4530510663986206
8.371999999999465,-0.14518410334520176,0.01650196799732502,-0.14600887343960556,0.23794476098139844,0.0,0.3024760110879655,0.46758212465035065,0.3679982477341612,1.138938658946925,0.34061776532769955,0.0,7.5640066266059875,40.96758961677551,0.4530510663986206
8.381999999999469,-0.14502537803877869,0.015622895584521766,-0.14597653140249442,0.2369720677010791,0.0,0.30150331780764617,0.467577524183064,0.36777540877776566,1.1377124319913183,0.3406173240694164,0.0,7.5640066266059875,40.96758961677551,0.4530510663986206
8.391999999999472,-0.14487541422845857,0.014253936718867499,-0.14593913839760272,0.23715628193187027,0.0,0.30168753203843734,0.4675727780624753,0.36762782185971193,1.1382517722797665,0.3406168833461475,0.0,7.5640066266059875,40.96758961677551,0.4530510663986206
8.401999999999475,-0.144745190581705,0.012138755908998235,-0.14590461070102928,0.23666662546505599,0.0,0.30119787557162303,0.4675678887730509,0.36757227598543707,1.1379433625752702,0.340616442756413,0.0,7.534270763397217,40.79060673713684,0.44378875494003295
8.411999999999479,-0.14463733256924682,0.009780576845455115,-0.14587683852938885,0.2363720320446762,0.0,0.3009032821512433,0.4675628624101141,0.36775549084337356,1.1382152692643979,0.3406160028434218,0.0,7.534270763397217,40.79060673713684,0.44378875494003295
8.421999999999482,-0.14455255954918222,0.007546656177750358,-0.14584341802520526,0.23589066025441832,0.0,0.3004219103609854,0.46755770910409467,0.3679398471072799,1.1381938220849586,0.34061556349925504,0.0,7.534270763397217,40.79060673713684,0.44378875494003295
8.431999999999485,-0.14449451001149322,0.004435940109978696,-0.14581324305130922,0.23639686331120813,0.0,0.3009281134177752,0.46755244294879833,0.3681519195174892,1.1396137551712753,0.34061512394801313,0.0,7.534270763397217,40.79060673713684,0.44378875494003295
8.441999999999489,-0.14446725820068088,0.0017408242806331905,-0.14577871116603455,0.2354203969609572,0.0,0.2999516470675243,0.4675470824250612,0.36835978427562477,1.1389395549732848,0.3406146848526146,0.0,7.534270763397217,40.79060673713684,0.44378875494003295
8.451999999999492,-0.14445976584683992,6.537022058210329e-05,-0.14573236308424373,0.23491395415332994,0.0,0.299445204259897,0.4675416505379046,0.3685635248641914,1.1388982255854718,0.340614246987861,0.0,7.519408047199249,40.734713077545166,0.4419591590762138
8.461999999999495,-0.14446599694522888,-0.0009745789197933372,-0.14567768967719294,0.23377543225060557,0.0,0.2983066823571726,0.4675361727669019,0.36876322310934745,1.1379420935728275,0.3406138103457871,0.0,7.519408047199249,40.734713077545166,0.4419591590762138
8.471999999999499,-0.14447704199698938,-0.001234812196350887,-0.1456080195202985,0.232883081843598,0.0,0.2974143319501651,0.46753067545292637,0.36895471524560597,1.1372938554833123,0.34061337516851914,0.0,7.519408047199249,40.734713077545166,0.4419591590762138
8.481999999999502,-0.14449127573881176,-0.0015854911764219288,-0.1455302529452609,0.23235488505503302,0.0,0.2968861351616001,0.46752518426837636,0.36914665202373315,1.1371240232933788,0.34061294087714905,0.0,7.519408047199249,40.734713077545166,0.4419591590762138
8.491999999999505,-0.14451255525025813,-0.002596041179214444,-0.14545134744182805,0.23240869802047082,0.0,0.2969399481270379,0.4675197238373567,0.36933091024757475,1.1377242110452843,0.3406125068737593,0.0,7.519408047199249,40.734713077545166,0.4419591590762138
8.501999999999509,-0.144546507703634,-0.0037658306596005404,-0.14537171255894504,0.2318394121526455,0.0,0.2963706622592126,0.4675143185175136,0.36950917644213527,1.1374015860323676,0.3406120731901533,0.0,7.525856375694275,40.69478929042816,0.4418913796544075
8.511999999999512,-0.14459211271878808,-0.005257762968840065,-0.1452952302741966,0.23219657828112347,0.0,0.2967278283876905,0.4675089932373865,0.3696901123559773,1.1383303601326729,0.3406116396957148,0.0,7.525856375694275,40.69478929042816,0.4418913796544075
8.521999999999515,-0.14465694424289385,-0.0072311329044007135,-0.14522541492274965,0.2321810627592266,0.0,0.2967123128657937,0.46750377364692397,0.36986745838572116,1.1386781834345532,0.34061120578817883,0.0,7.525856375694275,40.69478929042816,0.4418913796544075
8.531999999999519,-0.14474344253322638,-0.00947522505498669,-0.14516338450321645,0.23260152164005907,0.0,0.2971327717466261,0.46749868719115,0.3700412857569603,1.1395705587918443,0.34061077135407997,0.0,7.525856375694275,40.69478929042816,0.4418913796544075
8.541999999999522,-0.1448463509439811,-0.010654121040106022,-0.14509896997463315,0.23209052927137944,0.0,0.29662177937794654,0.46749376341190657,0.3702116642821269,1.139088972019485,0.34061033727863005,0.0,7.525856375694275,40.69478929042816,0.4418913796544075
8.551999999999525,-0.1449507686983976,-0.010070402848803839,-0.14502359301122336,0.23126358232544542,0.0,0.2957948324320125,0.4674890327401661,0.37037866238852973,1.1380975349517979,0.34060990441339584,0.0,7.547170400619507,40.64835488796234,0.4482966810464859
8.561999999999529,-0.1450457086795793,-0.009053200986444687,-0.14494644741604196,0.2310167728601958,0.0,0.29554802296676286,0.46748452370907045,0.3705423471458364,1.1378578184194383,0.3406094722166203,0.0,7.547170400619507,40.64835488796234,0.4482966810464859
8.571999999999532,-0.14512903078881215,-0.007795347735123793,-0.1448670309975875,0.23075304058740465,0.0,0.2952842906939717,0.4674802609944613,0.3706828252812184,1.137521890841519,0.3406090404059784,0.0,7.547170400619507,40.64835488796234,0.4482966810464859
8.581999999999535,-0.1452008184487057,-0.006913423530956718,-0.14479138068219924,0.23119642082813927,0.0,0.2957276709347063,0.4674762651280504,0.37078683612778773,1.1381331715168757,0.34060860845085633,0.0,7.547170400619507,40.64835488796234,0.4482966810464859
8.591999999999539,-0.14526738918219637,-0.006465274372344926,-0.14472373559412202,0.23140632734734484,0.0,0.2959375774539119,0.4674725528993143,0.37070165816986517,1.138109213322434,0.3406081759600303,0.0,7.547170400619507,40.64835488796234,0.4482966810464859
8.601999999999542,-0.14532619092767202,-0.005238652058015296,-0.14465557296465997,0.2306378863163452,0.0,0.29516913642291226,0.46746913851151994,0.3708588605238108,1.1369236125706048,0.34060774370922914,0.0,7.575111567974091,40.63015341758728,0.45526662319898603
8.611999999999545,-0.145362349697741,-0.0026451053302160247,-0.14457845369730674,0.2304929221935271,0.0,0.29502417230009415,0.4674660331525593,0.3710130178434008,1.1365971884770634,0.34060731256586524,0.0,7.575111567974091,40.63015341758728,0.45526662319898603
8.621999999999549,-0.14537880333994865,-0.0010387625853729675,-0.14451048204907646,0.23092992218257935,0.0,0.2954611722891464,0.46746324292221236,0.3711641165833066,1.137060247977713,0.34060688078697227,0.0,7.575111567974091,40.63015341758728,0.45526662319898603
8.631999999999552,-0.14537943818772572,0.0006884859739513926,-0.14444549831879872,0.23095953388576357,0.0,0.29549078399233064,0.467460769364419,0.3713122174277028,1.1369326574231522,0.34060644890006186,0.0,7.575111567974091,40.63015341758728,0.45526662319898603
8.641999999999555,-0.14536049097154644,0.0026961471125467023,-0.1443810977289546,0.23092514237869818,0.0,0.29545639248526523,0.467458610383743,0.37145737985675104,1.1367037886931015,0.34060601711636185,0.0,7.575111567974091,40.63015341758728,0.45526662319898603
8.651999999999559,-0.14532819934708213,0.003589824681735467,-0.144329945186539,0.23155975374506665,0.0,0.2960910038516337,0.46745676008952564,0.3715996621704886,1.1374062208422075,0.34060558428242527,0.0,7.590732455253601,40.64169764518738,0.4591666623950004
8.661999999999562,-0.1452845737806726,0.004758910768149806,-0.1442820339744998,0.2321225616829527,0.0,0.2966538117895198,0.467455209996853,0.3717391215122429,1.1380070817973387,0.3406051512098591,0.0,7.590732455253601,40.64169764518738,0.4591666623950004
8.671999999999565,-0.14523593095257656,0.004983786834898739,-0.14424914345213186,0.23263387942998962,0.0,0.2971651295365567,0.46745394983998495,0.37187581389158125,1.13853907444475,0.3406047169022109,0.0,7.590732455253601,40.64169764518738,0.4591666623950004
8.681999999999569,-0.14518033427002208,0.006087554446849216,-0.14421667096703805,0.23239205187242584,0.0,0.2969233019789929,0.4674529685858508,0.3720097942068052,1.1380237327087475,0.34060428263347936,0.0,7.590732455253601,40.64169764518738,0.4591666623950004
8.691999999999572,-0.14510878599853136,0.007859311646183937,-0.14418205372291973,0.23221903036892194,0.0,0.296750280475489,0.4674522542212206,0.3721411162669991,1.1376208140382134,0.34060384863538523,0.0,7.590732455253601,40.64169764518738,0.4591666623950004
8.701999999999575,-0.14501884089230627,0.009688518116588146,-0.14414757769299963,0.23235469400173114,0.0,0.2968859441082982,0.4674517922922286,0.3722698328136406,1.137674311103022,0.3406034146457181,0.0,7.592053294181824,40.67802906036377,0.4590096578001976
8.711999999999579,-0.14491115381659236,0.01128668322154542,-0.14411325650633316,0.23265956601190163,0.0,0.2971908161184687,0.46745156552651634,0.3723959955417828,1.1379951805401767,0.3406029804815214,0.0,7.592053294181824,40.67802906036377,0.4590096578001976
8.721999999999582,-0.14478841502657833,0.012931490066627783,-0.14407900077362434,0.23240855557369372,0.0,0.2969398056802608,0.4674515542126387,0.3725196551208158,1.137572759299041,0.3406025463905601,0.0,7.592053294181824,40.67802906036377,0.4590096578001976
8.731999999999585,-0.14465015510563337,0.014566111356903878,-0.1440438333448909,0.23218784221185357,0.0,0.29671909231842064,0.4674517367752515,0.37264086121481677,1.1372332832189187,0.3406021124610121,0.0,7.592053294181824,40.67802906036377,0.4590096578001976
8.741999999999589,-0.14449790071823862,0.01553851416723857,-0.1440118287714509,0.23264748304111382,0.0,0.2971787331476809,0.46745208985522557,0.3727596625024959,1.1378917875932806,0.3406016783345314,0.0,7.592053294181824,40.67802906036377,0.4590096578001976
8.751999999999592,-0.14433770116470165,0.016370575871885694,-0.14397979234850705,0.2323707042518712,0.0,0.29690195435843825,0.467452588893131,0.3728761066967467,1.1375657648517798,0.3406012442434631,0.0,7.578160643577576,40.701945424079895,0.4535685181617737
8.761999999999595,-0.14416957083071041,0.01707746443571764,-0.14394520349262468,0.2323550963965695,0.0,0.2968863465031366,0.4674532091748622,0.37299024056380814,1.137653879835006,0.3406008102928745,0.0,7.578160643577576,40.701945424079895,0.4535685181617737
8.771999999999599,-0.14399614566358382,0.017590515110652103,-0.1439094889314651,0.2319470197838488,0.0,0.29647826989041587,0.46745392605486585,0.3731021099420474,1.1372415622580547,0.3406003765242126,0.0,7.578160643577576,40.701945424079895,0.4535685181617737
8.781999999999602,-0.14381674277995335,0.01828256115157345,-0.1438681733810502,0.2314397393636586,0.0,0.2959709894702257,0.46745471533601607,0.373211759760369,1.136740178238786,0.340599943341557,0.0,7.578160643577576,40.701945424079895,0.4535685181617737
8.791999999999605,-0.14362772411329103,0.0192678976861072,-0.143817520397109,0.2309948916386419,0.0,0.29552614174520897,0.467455553151232,0.37331923405625955,1.1363779664062426,0.3405995110949499,0.0,7.578160643577576,40.701945424079895,0.4535685181617737
8.801999999999609,-0.14342606088096793,0.020910062437965674,-0.14375033935402856,0.22988487100893956,0.0,0.29441612111550663,0.46745641537921045,0.3734245759934735,1.1351379400668504,0.340599080213365,0.0,7.5491960644721985,40.8363151550293,0.44408376961946483
8.811999999999612,-0.14320328190522294,0.023298874685631805,-0.1436556848688602,0.22844577240264205,0.0,0.2929770225092091,0.46745727689438005,0.37352782787936895,1.133493223897313,0.34059865102442755,0.0,7.5491960644721985,40.8363151550293,0.44408376961946483
8.821999999999615,-0.14295733293863772,0.02530342483065282,-0.14354709869930948,0.22775736601028235,0.0,0.2922886161168494,0.46745811022598477,0.37362903118189916,1.1329582819053892,0.34059822330793055,0.0,7.5491960644721985,40.8363151550293,0.44408376961946483
8.831999999999619,-0.14269703250398602,0.026277292088577396,-0.14343139017311604,0.2273606486214462,0.0,0.29189189872801324,0.4674588854610902,0.3737282265462665,1.132889245124432,0.3405977964878255,0.0,7.5491960644721985,40.8363151550293,0.44408376961946483
8.841999999999622,-0.14243563893909786,0.026032820215892434,-0.14331381927185521,0.22689765562694325,0.0,0.2914289057335103,0.4674595720766312,0.37382545381124666,1.1327789383786644,0.3405973701083846,0.0,7.5491960644721985,40.8363151550293,0.44408376961946483
8.851999999999626,-0.14217881311309646,0.025469251062361625,-0.14318528116314247,0.22636215397585052,0.0,0.2908934040824176,0.467460141293275,0.37391333814078076,1.1326083024354068,0.3405969445522159,0.0,7.517105221748352,41.087952852249146,0.4351212918758392
8.861999999999629,-0.14192954975340374,0.024624438523459947,-0.1430355178042136,0.22571153290415738,0.0,0.2902427830107245,0.4674605672328646,0.3739982224005963,1.1323107670523878,0.3405965194706995,0.0,7.517105221748352,41.087952852249146,0.4351212918758392
8.871999999999632,-0.14168384531484582,0.024642976191680075,-0.14286773678977396,0.22447231214494903,0.0,0.28900356225151613,0.4674608272560794,0.37406594488631023,1.1311870994702018,0.34059609634901217,0.0,7.517105221748352,41.087952852249146,0.4351212918758392
8.881999999999636,-0.14144209477282244,0.023741468527226646,-0.14269480944049528,0.22397774110361912,0.0,0.2885089912101862,0.4674609011364041,0.37415647160371607,1.1311622444008864,0.34059567409122876,0.0,7.517105221748352,41.087952852249146,0.4351212918758392
8.891999999999639,-0.14121319715285366,0.022184230639726465,-0.14251799262201534,0.22373651149903823,0.0,0.2882677616056053,0.46746077108648654,0.3740298014244234,1.1313638911975774,0.3405952525952189,0.0,7.517105221748352,41.087952852249146,0.4351212918758392
8.901999999999642,-0.14101054757832032,0.018737752057864994,-0.14235612520171545,0.2238883418301566,0.0,0.2884195919367237,0.46746042329249154,0.3737951794338329,1.1319277277717086,0.34059483075022023,0.0,7.498125314712524,40.75527489185333,0.42669095247983935
8.911999999999646,-0.14084571998069714,0.01502486800665872,-0.1422149266514257,0.22337752283417586,0.0,0.2879087729407429,0.46745985016716934,0.3734330156892959,1.131473285015669,0.3405944096388744,0.0,7.498125314712524,40.75527489185333,0.42669095247983935
8.921999999999649,-0.1407203230129362,0.010786260521471408,-0.1420796785535246,0.22366971203779779,0.0,0.28820096214436486,0.4674590519954291,0.37323779375890265,1.132179678633987,0.3405939883387081,0.0,7.498125314712524,40.75527489185333,0.42669095247983935
8.931999999999652,-0.1406354340495424,0.006946827258084813,-0.1419447989237773,0.22343985719462747,0.0,0.2879711073011946,0.4674580369344564,0.37287786937406986,1.132134024385023,0.3405935673271031,0.0,7.498125314712524,40.75527489185333,0.42669095247983935
8.941999999999656,-0.1405842498766354,0.003949673237724303,-0.14180549313114724,0.22290703408290513,0.0,0.2874382841894722,0.4674568205447729,0.3723599471801874,1.1313474663195744,0.3405931470282426,0.0,7.498125314712524,40.75527489185333,0.42669095247983935
8.951999999999659,-0.140561402474867,0.0009840574194364907,-0.14167214401203443,0.22270346127901014,0.0,0.2872347113855772,0.46745542406584095,0.37175306538159353,1.1309179935894291,0.34059272716300193,0.0,7.4935911893844604,40.37930965423584,0.4265563637018204
8.961999999999662,-0.14057677428592086,-0.00322686447217402,-0.14157457177068677,0.22302262029285347,0.0,0.28755387039942054,0.4674538732696547,0.3708459856649632,1.130856923785223,0.3405923069252489,0.0,7.4935911893844604,40.37930965423584,0.4265563637018204
8.971999999999666,-0.1406306286551979,-0.00673981915664092,-0.14148003163192013,0.22306324378650713,0.0,0.28759449389307423,0.46745219954941275,0.36983303577389176,1.1302411512201838,0.3405918866480615,0.0,7.4935911893844604,40.37930965423584,0.4265563637018204
8.981999999999669,-0.1407218618486319,-0.01078661608116334,-0.14139933608911026,0.22395808449447288,0.0,0.28848933460104,0.46745043977513473,0.3686346154133472,1.1305422940444583,0.34059146537026014,0.0,7.4935911893844604,40.37930965423584,0.4265563637018204
8.991999999999672,-0.1408537967963814,-0.014715579017253195,-0.14133130421856255,0.22442351281438203,0.0,0.2889547629209491,0.4674486357558827,0.3675622427412777,1.130239224592685,0.34059104315982613,0.0,7.4935911893844604,40.37930965423584,0.4265563637018204
9.001999999999676,-0.14102423851180867,-0.018579990182859222,-0.1412775450661357,0.22544239002362204,0.0,0.2899736401301891,0.46744683433617157,0.36634752517459834,1.1305280204299644,0.3405906197863793,0.0,7.526046812534332,40.41785657405853,0.437450148165226
9.011999999999679,-0.14123301458465704,-0.022448739385580105,-0.14123981078548695,0.22663900117568583,0.0,0.29117025128225293,0.467445086717414,0.3650467014148266,1.1308157965759862,0.3405901948777134,0.0,7.526046812534332,40.41785657405853,0.437450148165226
9.021999999999682,-0.14147807822304453,-0.025722523758484658,-0.1412176941603044,0.22716049002231117,0.0,0.2916917401288782,0.4674434480347409,0.36389471133991286,1.1302062278747034,0.3405897686667607,0.0,7.526046812534332,40.41785657405853,0.437450148165226
9.031999999999686,-0.14174910754224374,-0.027925308364704256,-0.1412065574267755,0.2278962685301145,0.0,0.2924275186366816,0.467441976496522,0.3627215105148624,1.1297780448008834,0.3405893415315519,0.0,7.526046812534332,40.41785657405853,0.437450148165226
9.041999999999689,-0.14203872607535392,-0.029606012270571656,-0.14121051319188085,0.22912094742009784,0.0,0.29365219752666494,0.4674407313459224,0.3615467097953181,1.1298929750205824,0.3405889130805269,0.0,7.526046812534332,40.41785657405853,0.437450148165226
9.051999999999692,-0.14234419975181628,-0.031088540958804305,-0.14123318144014413,0.2302284507711031,0.0,0.29475970087767017,0.46743977129059266,0.3604994580469877,1.129876688185997,0.34058848288150995,0.0,7.587903618812561,40.459818840026855,0.4587077066302299
9.061999999999696,-0.14266274674165044,-0.03242666142778288,-0.14127482542955608,0.2317526787789033,0.0,0.2962839288854704,0.4674391538479764,0.35929322505420336,1.130213721003085,0.34058805063982217,0.0,7.587903618812561,40.459818840026855,0.4587077066302299
9.071999999999699,-0.14299006583028429,-0.0328107334603893,-0.14133273494589227,0.2325716075687382,0.0,0.2971028576753053,0.4674389349002125,0.3581518032523083,1.1294305178406092,0.34058761683836386,0.0,7.587903618812561,40.459818840026855,0.4587077066302299
9.081999999999702,-0.14331466336135448,-0.03210232347938867,-0.14140373100597484,0.23358177545832473,0.0,0.29811302556489183,0.46743916775615746,0.3572612289506609,1.1291228937060431,0.3405871817256747,0.0,7.587903618812561,40.459818840026855,0.4587077066302299
9.091999999999706,-0.14363216232830156,-0.031474636206765744,-0.14149679959251169,0.23517376363950648,0.0,0.29970501374607356,0.46743990128165214,0.3562235511503087,1.1294509018692493,0.3405867444666085,0.0,7.587903618812561,40.459818840026855,0.4587077066302299
9.101999999999709,-0.14393750151792306,-0.029565799789495542,-0.14159822318248488,0.23580338759163047,0.0,0.30033463769819757,0.46744117919088424,0.35524882190606155,1.128349435420358,0.340586305805532,0.0,7.644587337970734,40.709741711616516,0.48931451737880705
9.111999999999712,-0.1442141408986755,-0.026374295652066428,-0.14169275825389072,0.23686524085497881,0.0,0.30139649096154586,0.46744303911843654,0.35418588706693505,1.1277761520344305,0.34058586582085376,0.0,7.644587337970734,40.709741711616516,0.48931451737880705
9.121999999999716,-0.1444595804901834,-0.02340043079223763,-0.14180506796027165,0.2383384057227646,0.0,0.3028696558293317,0.46744551030669895,0.3530849875858411,1.127680606319771,0.34058542400632175,0.0,7.644587337970734,40.709741711616516,0.48931451737880705
9.131999999999719,-0.1446808365484313,-0.021230280256878155,-0.14194266624162524,0.2398952815405447,0.0,0.30442653164711175,0.46744861353499256,0.3519521754036053,1.1276560756584226,0.340584979638618,0.0,7.644587337970734,40.709741711616516,0.48931451737880705
9.141999999999722,-0.14488088136426788,-0.019367747685861095,-0.1421031064756187,0.24195172718419736,0.0,0.30648297729076446,0.46745236275640206,0.35092866447017135,1.1283475271982948,0.34058453288196794,0.0,7.644587337970734,40.709741711616516,0.48931451737880705
9.151999999999726,-0.14506555756275316,-0.017646723359472434,-0.1422840791221736,0.24330911379742892,0.0,0.307840363903996,0.4674567663951049,0.3502802316669708,1.1284467173760728,0.3405840835010065,0.0,7.685985445976257,40.92811465263367,0.509997296333313
9.161999999999729,-0.1452261581271358,-0.015131650898004157,-0.14246565128888522,0.24501099557044295,0.0,0.30954224567701005,0.46746182835322847,0.349762857788799,1.12923260347079,0.34058363211488696,0.0,7.685985445976257,40.92811465263367,0.509997296333313
9.171999999999732,-0.14536089427951077,-0.01233980689617953,-0.14266201131211714,0.24578837154795571,0.0,0.31031962165452276,0.46746754717697964,0.34917320580931943,1.1286997982961062,0.3405831789485021,0.0,7.685985445976257,40.92811465263367,0.509997296333313
9.181999999999736,-0.14547355520473793,-0.010623423134162443,-0.14288306810869683,0.24785959725209142,0.0,0.3123908473586585,0.46747391590100135,0.3486988905421457,1.1300838478541997,0.3405827230700414,0.0,7.685985445976257,40.92811465263367,0.509997296333313
9.191999999999739,-0.1455651010895186,-0.007964809133863271,-0.14311265169551207,0.24833397382304961,0.0,0.3128652239296167,0.46748092310281214,0.34834104037687963,1.1294138724239646,0.3405822658835366,0.0,7.685985445976257,40.92811465263367,0.509997296333313
9.201999999999742,-0.14562382300992216,-0.004189779990248317,-0.14334156160667677,0.24857162709813183,0.0,0.31310287720469887,0.46748855320684685,0.3481671194003622,1.1286281641239992,0.3405818080577928,0.0,7.692665338516235,41.01419746875763,0.5133313596248626
9.211999999999746,-0.1456337235823949,0.001098689841514365,-0.14355460024553152,0.2485082021264035,0.0,0.3130394522329706,0.4674967845791049,0.34801142422565096,1.1276336024130673,0.3405813505382281,0.0,7.692665338516235,41.01419746875763,0.5133313596248626
9.221999999999749,-0.14559137145022993,0.006349198698093464,-0.1437634453671007,0.24855890240370598,0.0,0.31309015251027306,0.4675055872540038,0.34793313018774824,1.1269400745753737,0.3405808928876516,0.0,7.692665338516235,41.01419746875763,0.5133313596248626
9.231999999999752,-0.14550044903056752,0.010771892593378464,-0.14397186593290714,0.24906973911625235,0.0,0.3136009892228194,0.4675149226443087,0.3476573316415241,1.1268387349540934,0.34058043477657535,0.0,7.692665338516235,41.01419746875763,0.5133313596248626
9.241999999999756,-0.1453776860628155,0.013130284558894112,-0.14419169861538292,0.25023550607320594,0.0,0.314766756179773,0.4675247450481821,0.3472664829713571,1.127719731114548,0.3405799751287197,0.0,7.692665338516235,41.01419746875763,0.5133313596248626
9.251999999999759,-0.14523239719659037,0.015413499044555391,-0.14440911465780668,0.25009384969997134,0.0,0.3146250998065384,0.4675350050517661,0.3468046740197843,1.1267574222791317,0.34057951529226427,0.0,7.6627408266067505,40.952433347702026,0.492427322268486
9.261999999999762,-0.1450684499779547,0.01696861169386593,-0.14462917774372772,0.2502295030820344,0.0,0.31476075318860147,0.46754565171165563,0.34600428391102295,1.1260932207405776,0.34057905517200493,0.0,7.6627408266067505,40.952433347702026,0.492427322268486
9.271999999999766,-0.1448914900044293,0.01782538258106249,-0.14484600230408082,0.25077437200885205,0.0,0.3153056221154191,0.4675566335208132,0.34495567613625694,1.125863624704796,0.3405785948208107,0.0,7.6627408266067505,40.952433347702026,0.492427322268486
9.281999999999769,-0.1447164559143594,0.016998895746230286,-0.14506868514261118,0.2515585076440394,0.0,0.3160897577506065,0.4675678998083039,0.3439708891829185,1.1261062818981191,0.34057813341952475,0.0,7.6627408266067505,40.952433347702026,0.492427322268486
9.291999999999772,-0.14456094863823507,0.014367555718436485,-0.14530128200297793,0.25238813861230225,0.0,0.3169193887188693,0.46757940345818444,0.3428883733586336,1.126477476520245,0.3405776705868355,0.0,7.6627408266067505,40.952433347702026,0.492427322268486
9.301999999999776,-0.14443810576577187,0.01090208783983298,-0.1455368991788746,0.2529589641442213,0.0,0.3174902142507884,0.46759110405193305,0.3419091559199973,1.1266782404199813,0.3405772067216257,0.0,7.604930281639099,41.08684062957764,0.46835307925939557
9.31199999999978,-0.14435080228539499,0.007089639760375372,-0.14576556918359496,0.253589720531534,0.0,0.3181209706381011,0.46760296986588995,0.3409233498722422,1.1270451505885153,0.3405767421327773,0.0,7.604930281639099,41.08684062957764,0.46835307925939557
9.321999999999782,-0.14430410814313893,0.003221187272445898,-0.14599106711134457,0.2531025433597947,0.0,0.3176337934663618,0.4676149781855857,0.3400501860858558,1.126039685695198,0.340576277275363,0.0,7.604930281639099,41.08684062957764,0.46835307925939557
9.331999999999786,-0.14429295208122256,-0.00022789638877960573,-0.14620597746224334,0.25304518297601275,0.0,0.3175764330825798,0.46762711536065765,0.3392703700718213,1.125851104037217,0.3405758128284972,0.0,7.604930281639099,41.08684062957764,0.46835307925939557
9.34199999999979,-0.14431487655201172,-0.0035102136464616046,-0.146409738712947,0.25295499496435875,0.0,0.3174862450709258,0.46763937552726476,0.33822396068970695,1.1254261591838723,0.3405753488679359,0.0,7.604930281639099,41.08684062957764,0.46835307925939557
9.351999999999792,-0.14437865191506824,-0.008448427662214545,-0.14661900478708398,0.25368766368572415,0.0,0.3182189137922912,0.46765175969359957,0.3371076742085825,1.1260562864558574,0.3405748840197385,0.0,7.560995995998383,41.045387983322144,0.45700872540473936
9.361999999999796,-0.14449942494409987,-0.01455123858600492,-0.14683793586833502,0.25442461296049157,0.0,0.31895586306705864,0.4676642769410962,0.3358621469313475,1.1266016904160316,0.3405744181736247,0.0,7.560995995998383,41.045387983322144,0.45700872540473936
9.3719999999998,-0.14468229651995093,-0.02089393865221511,-0.14705894958348215,0.25491837244886434,0.0,0.3194496225554314,0.46767694652494635,0.3343845778775093,1.1265959926455933,0.34057395161683907,0.0,7.560995995998383,41.045387983322144,0.45700872540473936
9.381999999999802,-0.14493602618895327,-0.028325101610860402,-0.14729266444019382,0.25612108698348973,0.0,0.3206523370900568,0.4676897984585156,0.33282170782667053,1.1273745034812355,0.34057348339352994,0.0,7.560995995998383,41.045387983322144,0.45700872540473936
9.391999999999806,-0.14526031974743864,-0.03519711141411713,-0.1475283284261541,0.25664057961263753,0.0,0.3211718297192046,0.46770287415288136,0.3315173397590521,1.1274028382698562,0.34057301443562105,0.0,7.560995995998383,41.045387983322144,0.45700872540473936
9.40199999999981,-0.14565082981713148,-0.0412919798091179,-0.1477637736861352,0.2566957057869376,0.0,0.3212269558935047,0.46771622574753774,0.33009976351393977,1.1266379732804146,0.34057254480217775,0.0,7.562183618545532,41.11700117588043,0.4596886828541755
9.411999999999813,-0.14609382306306284,-0.046420905384774454,-0.14799192670087194,0.257454928308593,0.0,0.3219861784151601,0.4677299142253628,0.32858317600121123,1.126638748822474,0.3405720747632497,0.0,7.562183618545532,41.11700117588043,0.4596886828541755
9.421999999999816,-0.14658836864213856,-0.051513998324381055,-0.14822646008862408,0.2582370414578032,0.0,0.32276829156437026,0.4677440066528123,0.3271629551529607,1.1266113607043813,0.3405716036049748,0.0,7.562183618545532,41.11700117588043,0.4596886828541755
9.43199999999982,-0.14713313648256565,-0.056240950895893864,-0.14846794668675603,0.25861623156374886,0.0,0.32314748167031593,0.4677585752096914,0.3257959031130905,1.1259666976979579,0.34057113125882327,0.0,7.562183618545532,41.11700117588043,0.4596886828541755
9.441999999999823,-0.14772039781713384,-0.06053203689534103,-0.14871666767674604,0.26025974977619626,0.0,0.32479099988276333,0.46777369636698,0.3244145454420975,1.126977032038412,0.3405706576895831,0.0,7.562183618545532,41.11700117588043,0.4596886828541755
9.451999999999826,-0.14835691318009697,-0.06567644724929117,-0.14898705473089274,0.2619126437008779,0.0,0.326443893807445,0.46778944952324525,0.3228628193058505,1.1276860755882363,0.34057018134589295,0.0,7.614732265472412,41.234063506126404,0.4856825917959213
9.46199999999983,-0.1490349218621648,-0.06903049170757145,-0.1492552920299894,0.26259789218722573,0.0,0.3271291422937928,0.46780591741539523,0.32155364151361304,1.127037702192967,0.3405697035953004,0.0,7.614732265472412,41.234063506126404,0.4856825917959213
9.471999999999833,-0.149734027753356,-0.07022891734483971,-0.14952277333912822,0.26281311570179233,0.0,0.3273443658083594,0.4678231844467681,0.3203491680338004,1.1257301146598793,0.3405692252642171,0.0,7.614732265472412,41.234063506126404,0.4856825917959213
9.481999999999836,-0.15044150788981697,-0.07114553588856085,-0.14980266894561867,0.26454666356297213,0.0,0.3290779136695392,0.467841332767518,0.31910716988168747,1.1262999216534264,0.34056874517476576,0.0,7.614732265472412,41.234063506126404,0.4856825917959213
9.49199999999984,-0.15115447236372315,-0.07128474682498945,-0.150094427754754,0.2656241223299405,0.0,0.33015537243650755,0.46786043999021526,0.3180880987997539,1.1260392401195052,0.3405682633407329,0.0,7.614732265472412,41.234063506126404,0.4856825917959213
9.501999999999843,-0.15186729805850216,-0.07104987406274113,-0.15039883786385236,0.2672044257930127,0.0,0.33173567589957975,0.467880578613575,0.31715032721221303,1.1264230216801714,0.3405677791616321,0.0,7.68593031167984,41.49003028869629,0.5243193656206131
9.511999999999846,-0.15256372736947,-0.06859405334227348,-0.15068795731349804,0.26789585015419576,0.0,0.33242710026076283,0.4679018150406716,0.3164786287701446,1.1256603645297925,0.34056729363343324,0.0,7.68593031167984,41.49003028869629,0.5243193656206131
9.52199999999985,-0.15322696678288528,-0.06451318443762986,-0.15097892572237998,0.2682628468064978,0.0,0.3327940969130649,0.4679242070535098,0.31602803108420724,1.1245534568356088,0.3405668072329958,0.0,7.68593031167984,41.49003028869629,0.5243193656206131
9.531999999999853,-0.1538427189295366,-0.05955357645819406,-0.1512743533435197,0.2693366216266661,0.0,0.3338678717332332,0.46794780096395827,0.31555696018407386,1.124350459288816,0.34056631972385926,0.0,7.68593031167984,41.49003028869629,0.5243193656206131
9.541999999999856,-0.15440936547417122,-0.05461082194480396,-0.15158224129433587,0.27046612669364123,0.0,0.3349973768002083,0.4679726298478103,0.31529531894949475,1.1243649292238804,0.34056583036537963,0.0,7.68593031167984,41.49003028869629,0.5243193656206131
9.55199999999986,-0.15492521922396285,-0.04963047865475445,-0.15190102851662432,0.2722763592271432,0.0,0.3368076093337103,0.46799871380768676,0.31495902605809417,1.1252408555548694,0.34056533902668057,0.0,7.743250906467438,41.60310506820679,0.5488787353038788
9.561999999999863,-0.15539047000855394,-0.04442000465228234,-0.15222445860842837,0.2734662109016069,0.0,0.33799746100817396,0.4680260606090627,0.3145665350090093,1.1251105298146828,0.3405648455144833,0.0,7.743250906467438,41.60310506820679,0.5488787353038788
9.571999999999866,-0.1558012460712242,-0.03878960479045276,-0.15255753844988162,0.27455420740119735,0.0,0.3390854575077644,0.46805466639764237,0.31430425433465636,1.1250007802796804,0.34056435033147764,0.0,7.743250906467438,41.60310506820679,0.5488787353038788
9.58199999999987,-0.15615416030911783,-0.03297352632107087,-0.15290012244369186,0.2759371900638395,0.0,0.34046844017040656,0.46808451583027955,0.31387866810053044,1.1251806707072973,0.3405638534685292,0.0,7.743250906467438,41.60310506820679,0.5488787353038788
9.591999999999873,-0.15644999408167334,-0.0272288015400364,-0.15325317268627947,0.2768559041856931,0.0,0.3413871542922602,0.46811558226336675,0.31327297738762916,1.124521013647411,0.3405633548126609,0.0,7.743250906467438,41.60310506820679,0.5488787353038788
9.601999999999876,-0.15668737392223217,-0.021604821299787014,-0.15361378493250993,0.2784499281870315,0.0,0.3429811782935986,0.46814782852693637,0.31272661452740375,1.1249529424990956,0.3405628544976415,0.0,7.749652147293091,41.661314368247986,0.5423586219549179
9.61199999999988,-0.15687133269557882,-0.016293943085533183,-0.15398030753932723,0.2794545080030578,0.0,0.3439857581096249,0.4681812076570903,0.3120978551995612,1.1245757491315673,0.3405623523222392,0.0,7.749652147293091,41.661314368247986,0.5423586219549179
9.621999999999883,-0.15700622359133037,-0.011722620793767772,-0.15435804867502326,0.2808899179923498,0.0,0.3454211680989169,0.46821566437924655,0.3113672398864345,1.124785240593427,0.34056184822671554,0.0,7.749652147293091,41.661314368247986,0.5423586219549179
9.631999999999886,-0.15710037578643724,-0.007865781979985017,-0.15474663901583013,0.2819703056416989,0.0,0.34650155574826597,0.46825113668624213,0.3106630368581992,1.1246248367356448,0.34056134221552387,0.0,7.749652147293091,41.661314368247986,0.5423586219549179
9.64199999999989,-0.15715718412515597,-0.004533591137362292,-0.15514221298376632,0.28351150968520894,0.0,0.348042759791776,0.4682875577426656,0.3098771177842721,1.12518796893998,0.34056083462101344,0.0,7.749652147293091,41.661314368247986,0.5423586219549179
9.651999999999893,-0.1571874704343127,-0.0019353120790253833,-0.15554717919929476,0.28397652730264483,0.0,0.3485077774092119,0.46832485731413287,0.3093211122134127,1.1245419119349505,0.34056032529655483,0.0,7.712983071804047,41.62648677825928,0.519378164410591
9.661999999999896,-0.1571905755656452,0.0008165173253943826,-0.15595278680922806,0.2843558863636451,0.0,0.3488871364702122,0.4683629636537224,0.3089964450930668,1.1242227117802668,0.3405598153183857,0.0,7.712983071804047,41.62648677825928,0.519378164410591
9.6719999999999,-0.15716910936879103,0.002796651622518319,-0.15635915495038127,0.28554199867504637,0.0,0.35007324878161344,0.4684018038810152,0.30858000846256867,1.1251016278906643,0.3405593042862813,0.0,7.712983071804047,41.62648677825928,0.519378164410591
9.681999999999903,-0.15713701899692578,0.0033752924626475386,-0.15677173424514634,0.28629369936691357,0.0,0.35082494947348064,0.4684413047986469,0.3081931180466038,1.1255501502522112,0.34055879169745484,0.0,7.712983071804047,41.62648677825928,0.519378164410591
9.691999999999906,-0.15709893799123262,0.004186171331762353,-0.15717589973267101,0.28604764821804585,0.0,0.3505788983246129,0.4684813953116742,0.30786218551783306,1.1248409292681467,0.3405582788681518,0.0,7.712983071804047,41.62648677825928,0.519378164410591
9.70199999999991,-0.15705206935027968,0.004946937330065591,-0.15756909138827158,0.2860626757169672,0.0,0.35059392582353427,0.4685220072746823,0.3078028903115738,1.1248537612910114,0.3405577661728186,0.0,7.646722376346588,41.59693241119385,0.4818905115127563
9.711999999999913,-0.15699746168466433,0.005967083966460906,-0.15794773311717364,0.2852191158775154,0.0,0.3497503659840825,0.46856307505759176,0.3077629746050496,1.1239344332549885,0.3405572542931512,0.0,7.646722376346588,41.59693241119385,0.4818905115127563
9.721999999999916,-0.15693257393608898,0.006750455472987913,-0.1583065554653702,0.2849473665939358,0.0,0.3494786167005029,0.4686045354185032,0.3079105203235055,1.124067505530424,0.34055674328639535,0.0,7.646722376346588,41.59693241119385,0.4818905115127563
9.73199999999992,-0.15686585202991815,0.006673131486521766,-0.15864946125341473,0.2841754789568112,0.0,0.3487067290633783,0.46864632724341304,0.3083315328716517,1.1239037279372455,0.3405562328441878,0.0,7.646722376346588,41.59693241119385,0.4818905115127563
9.741999999999923,-0.1568025207841315,0.00612924844224194,-0.15897193392793538,0.2835465633235747,0.0,0.34807781343014177,0.46868839279803987,0.3089781972486601,1.1243893993095504,0.34055572341512713,0.0,7.646722376346588,41.59693241119385,0.4818905115127563
9.751999999999926,-0.15674454251332265,0.0057313215487354765,-0.15926717984300998,0.2819718467872502,0.0,0.34650309689381725,0.46873067862698653,0.30978708731350657,1.1238016774759862,0.3405552156918628,0.0,7.556868374347687,41.61215662956238,0.4535029917955398
9.76199999999993,-0.15668757303562783,0.005778388866225798,-0.15952891323518997,0.28028854114765384,0.0,0.3448197912542209,0.4687731355978566,0.310939240922143,1.1234659145820594,0.34055471038212354,0.0,7.556868374347687,41.61215662956238,0.4535029917955398
9.771999999999933,-0.156626756841515,0.006107381045318766,-0.15975270071165712,0.2787191978527807,0.0,0.3432504479593478,0.4688157179110104,0.31216811174608233,1.1236076822441203,0.34055420782869034,0.0,7.556868374347687,41.61215662956238,0.4535029917955398
9.781999999999936,-0.15656686873944883,0.005989400756055592,-0.1599436121052217,0.27670061186865397,0.0,0.34123186197522104,0.4688583822257172,0.31339472362525406,1.1231885653552904,0.3405537076654912,0.0,7.556868374347687,41.61215662956238,0.4535029917955398
9.79199999999994,-0.15650729891063106,0.005850148070774344,-0.1600964701729818,0.2750232573190092,0.0,0.33955450742557625,0.4689010880771748,0.31435039378965424,1.123068389640486,0.3405532104396159,0.0,7.556868374347687,41.61215662956238,0.4535029917955398
9.801999999999943,-0.15645973646130415,0.003687960053300578,-0.16023112051888788,0.274212699416881,0.0,0.33874394952344805,0.4689437979864061,0.31548369840584,1.1244130353986634,0.3405527146921856,0.0,7.497407376766205,41.506304144859314,0.44450891911983487
9.811999999999946,-0.15643870795793688,0.001228499139144983,-0.16034475461495237,0.2720598411433483,0.0,0.3365910912499154,0.4689864794523869,0.3164935112879348,1.123795100582683,0.3405522213412204,0.0,7.497407376766205,41.506304144859314,0.44450891911983487
9.82199999999995,-0.15644042658416138,-0.0011041909201000774,-0.16042541104633665,0.2705075053210457,0.0,0.3350387554276128,0.469029107005007,0.3171915217998091,1.123750226746194,0.34055173064015515,0.0,7.497407376766205,41.506304144859314,0.44450891911983487
9.831999999999953,-0.15646891263386667,-0.0040937969695415116,-0.16048084304951427,0.26915077558042394,0.0,0.333682025686991,0.46907166152743984,0.3178062572792019,1.1238481183396196,0.3405512419813801,0.0,7.497407376766205,41.506304144859314,0.44450891911983487
9.841999999999956,-0.15652973589619357,-0.007457063615502182,-0.16051208419866494,0.2678100506784245,0.0,0.3323413007849916,0.46911413050611284,0.3181969494244787,1.123867049196321,0.34055075533296886,0.0,7.497407376766205,41.506304144859314,0.44450891911983487
9.85199999999996,-0.15663036673021827,-0.01195650982346863,-0.1605322004366921,0.2670688003081619,0.0,0.33160005041472895,0.469156508699993,0.31823558178940176,1.1241938479033755,0.3405502699583995,0.0,7.481541812419891,41.316131949424744,0.44708109498023985
9.861999999999963,-0.15677714229211498,-0.016425717191529722,-0.16054561734855416,0.2657361891632041,0.0,0.33026743926977115,0.46919879907375606,0.31826081142512047,1.12364270544645,0.34054978655371204,0.0,7.481541812419891,41.316131949424744,0.44708109498023985
9.871999999999966,-0.15696521993742168,-0.020255733834769918,-0.16053686387312707,0.2639960781075997,0.0,0.32852732821416675,0.46924101324383466,0.31848457033922917,1.1225417260779156,0.3405493050774167,0.0,7.481541812419891,41.316131949424744,0.44708109498023985
9.88199999999997,-0.1571881525527181,-0.02371923586731977,-0.16050856406204675,0.26339029990398416,0.0,0.32792155001055123,0.4692831701276622,0.31913522612843603,1.1233774729326098,0.340548825354166,0.0,7.481541812419891,41.316131949424744,0.44708109498023985
9.891999999999973,-0.1574485897210927,-0.027326145748028056,-0.1604692059422145,0.26235255282228503,0.0,0.3268838029288521,0.469325294457962,0.31973847275611167,1.12350696324592,0.34054834667460027,0.0,7.481541812419891,41.316131949424744,0.44708109498023985
9.901999999999976,-0.1577400726132571,-0.030288644470886437,-0.16041791692973947,0.2610661303758648,0.0,0.32559738048243186,0.46936741637200763,0.3204431705263536,1.123229844230666,0.34054786958879824,0.0,7.511530697345734,41.084768176078796,0.4597473040223121
9.91199999999998,-0.15805387057647188,-0.03187249537977069,-0.16036044984269396,0.25950420883420555,0.0,0.3240354589407726,0.46940957005486555,0.32143254509927266,1.1226679332288527,0.34054739492114483,0.0,7.511530697345734,41.084768176078796,0.4597473040223121
9.921999999999983,-0.15837975577836627,-0.033268723717057996,-0.16029174325010453,0.2595222923097728,0.0,0.3240535424163399,0.4694517916260355,0.3222777251058414,1.1241468371765415,0.340546921395436,0.0,7.511530697345734,41.084768176078796,0.4597473040223121
9.931999999999986,-0.15872078269436266,-0.03463870195834977,-0.16021872382083924,0.25879683219070726,0.0,0.32332808229727433,0.4694941173524079,0.32318218612919736,1.1244237633102818,0.340546448416275,0.0,7.511530697345734,41.084768176078796,0.4597473040223121
9.94199999999999,-0.1590712057915584,-0.035419175213456014,-0.1601395257855627,0.2585429611747461,0.0,0.3230742112813132,0.46953658372298135,0.323989640022522,1.1251604494796603,0.34054597616312227,0.0,7.511530697345734,41.084768176078796,0.4597473040223121
9.951999999999993,-0.159430188394006,-0.03622156543289724,-0.16006483783263628,0.25845397827764305,0.0,0.3229852283842101,0.46957922661263757,0.3249908866043948,1.1260667245882847,0.34054550393314126,0.0,7.572441875934601,40.96571385860443,0.48617250621318814
9.961999999999996,-0.15979557738492534,-0.03652723051056784,-0.15999998575754876,0.25826572253431984,0.0,0.3227969726408869,0.46962208097298586,0.32599136187391115,1.1267374201188063,0.3405450319335476,0.0,7.572441875934601,40.96571385860443,0.48617250621318814
9.972,-0.16015422868760476,-0.035019329823624205,-0.15992682485130558,0.25710310120611574,0.0,0.3216343513126828,0.46966518023971787,0.3270357190245299,1.1259467295702028,0.3405445608307283,0.0,7.572441875934601,40.96571385860443,0.48617250621318814
9.982000000000003,-0.16048321103244628,-0.03153891100199477,-0.15983914584078715,0.25684249622345684,0.0,0.3213737463300239,0.4697085538570155,0.32805016403341003,1.126253733175556,0.34054409120711737,0.0,7.572441875934601,40.96571385860443,0.48617250621318814
9.992000000000006,-0.16078272837078356,-0.028713678394675375,-0.15976005871213741,0.2567079195628108,0.0,0.3212391696693779,0.46975222374256653,0.329035890021591,1.126592072222344,0.3405436210231197,0.0,7.572441875934601,40.96571385860443,0.48617250621318814
