t,df_hz,rocof_hz_s,dfv_hz,p_vsg_mw,p_pv_support_mw,p_bess_mw,p_diesel_mw,p_wind_mw,p_load_mw,soc,sat_mw,H_v,D_v,alpha
0.002,0.0,0.0,0.0,0.0,0.0,0.2614506508645828,0.425,0.08103115842400496,0.7674818092885878,0.8499642090981643,0.0,3.2875371965312588,6.6325352402217,0.30914036352187396
0.012,-2.279470443429151e-06,-0.0004368912320357429,-6.91719492911526e-06,0.00012600649741330395,0.0,0.2615766573619961,0.42500000002397637,0.08101595201035378,0.7676426416182376,0.8499638265936168,0.0,3.2875371965312588,6.6325352402217,0.30914036352187396
0.022000000000000006,-5.120752285936133e-06,-0.00012525008437873792,-5.051034310296256e-06,-4.6317319216047256e-05,0.0,0.26140433354536674,0.42500000049749276,0.08101625371531328,0.7674006277723787,0.8499634444249345,0.0,3.2875371965312588,6.6325352402217,0.30914036352187396
0.032000000000000015,-6.13183601079481e-06,-6.22777188313114e-05,-5.0411655105584435e-06,-5.060127629898277e-05,0.0,0.26140004958828383,0.4250000019180799,0.08100016138035945,0.7673856087611521,0.8499630621854828,0.0,3.2875371965312588,6.6325352402217,0.30914036352187396
0.04200000000000002,-1.9001709858473458e-06,0.0009827472019428728,1.056004136102244e-05,-0.0005239542690435941,0.0,0.2609266965955392,0.425000004383294,0.08094803368576088,0.766672885206519,0.8499626805470638,0.0,3.2875371965312588,6.6325352402217,0.30914036352187396
0.05200000000000003,1.2983629193064333e-05,0.0016811867350535025,2.917906739142155e-05,-0.00041697022267292433,0.0,0.2610336806419099,0.42500000686049766,0.08088728955027608,0.7667681547388375,0.8499622990325302,0.0,3.288868891529872,6.693974104671703,0.2817941877990961
0.06200000000000004,3.1478978368166206e-05,0.002026168366830971,4.608938023009856e-05,-0.00046070208041976813,0.0,0.26098994878416304,0.42500000657734777,0.08085088522378718,0.7666623641519031,0.8499619174590065,0.0,3.288868891529872,6.693974104671703,0.2817941877990961
0.07200000000000005,5.994595744589271e-05,0.0036921995345073452,8.631200894449816e-05,-0.0014941764030407384,0.0,0.2599564744615421,0.42500000003072974,0.0808389213896514,0.7652222715891147,0.8499615367914816,0.0,3.288868891529872,6.693974104671703,0.2817941877990961
0.08200000000000006,9.876871420044614e-05,0.003697978459539036,0.00011371342854537749,-0.0005118867081626769,0.0,0.26093876415642014,0.4249999820348665,0.08083653746101323,0.7666009740984295,0.8499611556467446,0.0,3.288868891529872,6.693974104671703,0.2817941877990961
0.09200000000000007,0.000130013880365526,0.002837224087465455,0.00012609921369079386,-0.0003764526007905404,0.0,0.26107419826379225,0.42499994616090336,0.08082553550031402,0.7668060800765615,0.8499607739317031,0.0,3.288868891529872,6.693974104671703,0.2817941877990961
0.10200000000000008,0.00015285843624764496,0.0019182564322413587,0.0001329448908905118,-0.00014123726544559734,0.0,0.26130941359913723,0.4249998875560503,0.08079816684938913,0.7671277709299622,0.8499603920063695,0.0,3.152732618283452,6.608347798249522,0.27957255095243455
0.11200000000000009,0.0001652360892620102,0.0006718232773781315,0.00012944790516779077,0.0002883047437915361,0.0,0.26173895560837435,0.42499980340137644,0.08076281740586928,0.7677026083737281,0.8499600096910394,0.0,3.152732618283452,6.608347798249522,0.27957255095243455
0.1220000000000001,0.00015801534006441446,-0.0016389639977124923,9.980745894830177e-05,0.0009026868556979603,0.0,0.26235333772028074,0.42499969327234727,0.080758437104259,0.7685727409480899,0.8499596264061674,0.0,3.152732618283452,6.608347798249522,0.27957255095243455
0.1320000000000001,0.00012684152060349249,-0.004082691130155724,5.243788867169434e-05,0.0012671065201499173,0.0,0.26271775738473274,0.42499956049828985,0.08075588298113927,0.7690891201789811,0.8499592424533742,0.0,3.152732618283452,6.608347798249522,0.27957255095243455
0.1420000000000001,7.904108169413472e-05,-0.004823903912406184,1.5045762896859672e-05,0.0005794648184593074,0.0,0.26203011568304213,0.4249994127334044,0.08074651044230544,0.7681162150046642,0.8499588588501245,0.0,3.152732618283452,6.608347798249522,0.27957255095243455
0.1520000000000001,3.320059085241525e-05,-0.004463312163633297,-7.4296631376318135e-06,0.0004992438873780582,0.0,0.26194989475196084,0.4249992600710066,0.08074905716796771,0.7679928519126087,0.8499584757850542,0.0,3.1731220647096396,6.518383386898288,0.2768973492085934
0.16200000000000012,-1.0177421711066174e-05,-0.004323351030356948,-3.150062292993895e-05,0.0006049466133526947,0.0,0.2620555974779355,0.42499911191074125,0.08075016107631676,0.7681308464079282,0.8499580926476359,0.0,3.1731220647096396,6.518383386898288,0.2768973492085934
0.17200000000000013,-5.450035060411623e-05,-0.004623880769155086,-6.262203825887706e-05,0.0008978514746914668,0.0,0.26234850233927426,0.42499897657538527,0.08073320736319492,0.7685000454187505,0.8499577092385607,0.0,3.1731220647096396,6.518383386898288,0.2768973492085934
0.18200000000000013,-0.00010464465707074369,-0.005123278829705226,-0.0001014471459940377,0.0008530444462423692,0.0,0.26230369531082515,0.42499886206622556,0.08071771636547298,0.7683907082283074,0.8499573255297723,0.0,3.1731220647096396,6.518383386898288,0.2768973492085934
0.19200000000000014,-0.0001497941600798994,-0.004136083803931912,-0.0001197348965634219,0.0004867388539597801,0.0,0.2619373897185426,0.4249987766277121,0.08072393525611628,0.7678498919333601,0.8499569425717284,0.0,3.1731220647096396,6.518383386898288,0.2768973492085934
0.20200000000000015,-0.0001821387410849273,-0.0027152044413150463,-0.0001254545822334293,0.00010338451232187126,0.0,0.2615540353769047,0.42499872703450786,0.08072633151413122,0.7672791581685934,0.8499565600752373,0.0,3.155556115381984,6.55241922080528,0.2764975167810917
0.21200000000000016,-0.00020321043473724867,-0.0016568018934773367,-0.00012969254240920934,9.310356438417638e-05,0.0,0.261543754428967,0.4249987172605919,0.08073237947472246,0.7672341611940536,0.8499561776319883,0.0,3.155556115381984,6.55241922080528,0.2764975167810917
0.22200000000000017,-0.00021586237076873707,-0.0010995761336241943,-0.0001361305357436634,0.00025084155460284105,0.0,0.26170149241918567,0.4249987487489665,0.08073830743991262,0.7674253538810147,0.849955795106131,0.0,3.155556115381984,6.55241922080528,0.2764975167810917
0.23200000000000018,-0.00022025175494597962,0.0001519694339783158,-0.00012980243683709893,-0.00042348672893374804,0.0,0.261027164135649,0.4249988211534749,0.08074411779048708,0.7664535481208121,0.8499554130500395,0.0,3.155556115381984,6.55241922080528,0.2764975167810917
0.2420000000000002,-0.00021227391692106516,0.0010381080791134253,-0.00012099426678125295,-0.0001567818131560423,0.0,0.26129386905142676,0.4249989323867721,0.08074981285999497,0.7668039492872317,0.8499550310894002,0.0,3.155556115381984,6.55241922080528,0.2764975167810917
0.25200000000000017,-0.0001989025210765842,0.001529613444197276,-0.00011465007999752103,-0.00011958996297272848,0.0,0.26133106090161007,0.42499907832165057,0.08075539493568626,0.7668380549479452,0.849954649040403,0.0,3.1601216502106535,6.527079273389494,0.2766859129071236
0.2620000000000002,-0.00018657483060636353,0.0009616864644589138,-0.0001232964910691466,0.000296831251846991,0.0,0.2617474821164298,0.42499925397528554,0.08076086625943044,0.7674080109425074,0.8499542664383419,0.0,3.1601216502106535,6.527079273389494,0.2766859129071236
0.2720000000000002,-0.0001747360132002525,0.001427866613902818,-0.00012006393683560769,-4.228298106953107e-05,0.0,0.2614083678835133,0.42499945478493,0.08076622902861688,0.7669244995548101,0.8499538842730587,0.0,3.1601216502106535,6.527079273389494,0.2766859129071236
0.2820000000000002,-0.00015623026236595108,0.0021092889048215345,-0.0001099938713114132,-0.00023968164442168745,0.0,0.2612109692201611,0.4249996764484997,0.08077148539703734,0.7666458348842875,0.8499535023631011,0.0,3.1601216502106535,6.527079273389494,0.2766859129071236
0.2920000000000002,-0.00012740058199085994,0.0034262450801979746,-8.493736308303344e-05,-0.0008129810841768653,0.0,0.2606376697804059,0.4249999136769916,0.08077663747575099,0.7658488049287261,0.8499531210129009,0.0,3.1601216502106535,6.527079273389494,0.2766859129071236
0.3020000000000002,-8.694939298436762e-05,0.004454673858845432,-5.515980882945637e-05,-0.0007236404408043388,0.0,0.26072701042377844,0.4250001595761931,0.08078168733393223,0.7659891517034391,0.8499527398479356,0.0,3.1655185747345893,6.554496765072495,0.27601973712444305
0.3120000000000002,-4.9215201559864335e-05,0.002978745959635849,-5.7884765163527716e-05,0.00044955302406477805,0.0,0.2619002038886476,0.4250004056594932,0.0807866369997017,0.7676555338122437,0.8499523574890401,0.0,3.1655185747345893,6.554496765072495,0.27601973712444305
0.32200000000000023,-3.0228157773788252e-05,0.0011472815307021712,-7.69446919979706e-05,0.0006940156288571945,0.0,0.26214466649344,0.42500064463162596,0.08079148846094085,0.7680251605309032,0.8499519745209032,0.0,3.1655185747345893,6.554496765072495,0.27601973712444305
0.33200000000000024,-2.9388046087548177e-05,-0.0005440166615698376,-0.00010558342010616314,0.0006705537023240107,0.0,0.2621212045669068,0.4250008730665669,0.08079624366609028,0.7680206805109925,0.8499515911890057,0.0,3.1655185747345893,6.554496765072495,0.27601973712444305
0.34200000000000025,-4.1988927712039905e-05,-0.0018337480220738996,-0.00013724857781931773,0.00100598676770201,0.0,0.26245663763228483,0.4250010912026782,0.0808009045249323,0.7685181696365609,0.8499512077340687,0.0,3.1655185747345893,6.554496765072495,0.27601973712444305
0.35200000000000026,-7.108610099333597e-05,-0.003958839092561081,-0.00018960449417782275,0.0018240458397325277,0.0,0.2632746967043153,0.42500130204546327,0.08080547290935788,0.7696888328205976,0.849950823499092,0.0,3.162985115308043,6.544997218506449,0.2770755708217621
0.36200000000000027,-0.00012160628327304615,-0.005749980507989868,-0.0002516198403351779,0.001846039437654248,0.0,0.26329669030223707,0.4250015116979437,0.08080731514608244,0.7697360326298831,0.8499504388852708,0.0,3.162985115308043,6.544997218506449,0.2770755708217621
0.3720000000000003,-0.0001894149320637048,-0.007086310233239106,-0.00031923754351131906,0.0015150168643007934,0.0,0.2629656677288836,0.42500172986702345,0.08080173184028194,0.7692759510750099,0.8499500540384717,0.0,3.162985115308043,6.544997218506449,0.2770755708217621
0.3820000000000003,-0.00026093749608146403,-0.00727142538113224,-0.0003747269487252755,0.0016486666402607563,0.0,0.26309931750484356,0.42500196868503665,0.08080283340865702,0.769461057897612,0.849949669617473,0.0,3.162985115308043,6.544997218506449,0.2770755708217621
0.3920000000000003,-0.0003348968495641074,-0.00734371985548152,-0.00043056324955284867,0.0013719697736738316,0.0,0.2628226206382566,0.42500224048469637,0.0808073635227975,0.7690704487290875,0.8499492851617105,0.0,3.162985115308043,6.544997218506449,0.2770755708217621
0.4020000000000003,-0.0004046467813080405,-0.006804664765805771,-0.0004762321039820504,0.0013404690970249267,0.0,0.26279111996160776,0.4250025570314879,0.08080728809644305,0.7690153586489084,0.8499489010624932,0.0,3.165524424721965,6.546376242298585,0.27671928629279136
0.4120000000000003,-0.00047164176219845373,-0.006708447767596931,-0.0005262115693994389,0.001470875777833467,0.0,0.26292152664241625,0.4250029286239637,0.08081172982673256,0.7691805827228545,0.8499485167845555,0.0,3.165524424721965,6.546376242298585,0.27671928629279136
0.4220000000000003,-0.0005357724935815962,-0.0062291853780975185,-0.0005703524408937083,0.0012463782400814864,0.0,0.2626970291046643,0.4250033642384542,0.08081608343025609,0.7688467140160034,0.8499481327042648,0.0,3.165524424721965,6.546376242298585,0.27671928629279136
0.43200000000000033,-0.0005944770565802264,-0.005675600855857557,-0.0006109645569758084,0.0011795365793576995,0.0,0.2626301874439405,0.42500387159481945,0.080820350655505,0.7687298766854618,0.8499477487383412,0.0,3.165524424721965,6.546376242298585,0.27671928629279136
0.44200000000000034,-0.0006475024945213688,-0.00512750035011319,-0.0006490230592269216,0.0011099388642286504,0.0,0.26256058972881147,0.42500445678433274,0.08082453321627939,0.7686066214192492,0.8499473648519332,0.0,3.165524424721965,6.546376242298585,0.27671928629279136
0.45200000000000035,-0.0006943365234621181,-0.004345894586248068,-0.0006812847167249077,0.000923633332900692,0.0,0.2623742841974835,0.4250051243371773,0.08082863279237652,0.7683184852100483,0.8499469811664923,0.0,3.160410816607924,6.535114214662808,0.27704501152038574
0.46200000000000035,-0.0007309276760481097,-0.003262052296431718,-0.0007041266886276016,0.0008942383399595666,0.0,0.26234488920454235,0.425005877133601,0.08083265103026542,0.7682505826941333,0.8499465978204789,0.0,3.160410816607924,6.535114214662808,0.27704501152038574
0.47200000000000036,-0.0007639847418327073,-0.0035222662403752,-0.0007427392633135985,0.0014135567030261178,0.0,0.2628642075676089,0.42500671595807504,0.08083658954374805,0.7689523265473664,0.8499462138810763,0.0,3.160410816607924,6.535114214662808,0.27704501152038574
0.4820000000000004,-0.0007948620726707333,-0.002599724027756125,-0.000766325280231334,0.0006650159504482207,0.0,0.262115666815031,0.42500764070771646,0.08084044991460758,0.7678799077046086,0.8499458304832124,0.0,3.160410816607924,6.535114214662808,0.27704501152038574
0.4920000000000004,-0.000816562783750459,-0.0019109451055523386,-0.0007876828751682444,0.000609560778444845,0.0,0.2620602116430276,0.42500865059029175,0.08084423369324355,0.7677815740539818,0.8499454471598397,0.0,3.160410816607924,6.535114214662808,0.27704501152038574
0.5020000000000003,-0.0008317334295579746,-0.0014940706619821652,-0.0008089135953354714,0.0008632783634711218,0.0,0.2623139292280539,0.4250097431578489,0.0808479423992946,0.7681206344990069,0.8499450638334259,0.0,3.1657054285866875,6.529344931010509,0.27704469189047815
0.5120000000000003,-0.0008498941312913901,-0.0019004123045520962,-0.0008432772663446089,0.0009314331533944552,0.0,0.26238208401797725,0.4250109149997449,0.08085157752224877,0.7682035885260611,0.8499446800088956,0.0,3.1657054285866875,6.529344931010509,0.27704469189047815
0.5220000000000004,-0.0008684638248398006,-0.0018004887962033045,-0.0008721672476122687,0.0009751645169563998,0.0,0.2624258153815392,0.42501216315835166,0.08085514052204171,0.7682559604601511,0.849944296374928,0.0,3.1657054285866875,6.529344931010509,0.27704469189047815
0.5320000000000004,-0.000887280921148772,-0.002100106534110347,-0.0009066147435459827,0.0013039923171097945,0.0,0.2627546431816926,0.4250134849420613,0.08085863282964299,0.7687116639974491,0.8499439125239721,0.0,3.1657054285866875,6.529344931010509,0.27704469189047815
0.5420000000000004,-0.000917470554264291,-0.0035307007768703757,-0.0009632925937779584,0.0015378844530288464,0.0,0.2629885353176116,0.4250148780470079,0.08086205584763086,0.7690365817403542,0.8499435278328291,0.0,3.1657054285866875,6.529344931010509,0.27704469189047815
0.5520000000000004,-0.0009554649146217011,-0.0036609966284086954,-0.0010092035461000755,0.0010962896026301173,0.0,0.26254694046721294,0.4250163421948897,0.0808654109507555,0.7684164675387394,0.8499431435190222,0.0,3.1682304933504977,6.544553783058076,0.2769668877124786
0.5620000000000004,-0.0009879682796701812,-0.003118439807850742,-0.001042910851333468,0.0011967792254926018,0.0,0.2626474300900754,0.42501787837986915,0.08086869948649118,0.7685583672267394,0.8499427596411123,0.0,3.1682304933504977,6.544553783058076,0.2769668877124786
0.5720000000000004,-0.0010155178194443573,-0.0026146947222055483,-0.0010735523146297838,0.001203674319591195,0.0,0.262654325184174,0.4250194866961504,0.08085871392271522,0.7685632726467353,0.849942375864224,0.0,3.1682304933504977,6.544553783058076,0.2769668877124786
0.5820000000000004,-0.0010431420781922575,-0.0028400272389987337,-0.0011130622400296545,0.0013533393669506008,0.0,0.2628039902315334,0.4250211662619408,0.0808050003515443,0.7687336222709094,0.8499419917454162,0.0,3.1682304933504977,6.544553783058076,0.2769668877124786
0.5920000000000004,-0.0010807527199200027,-0.004568475297141355,-0.0011778469848218163,0.0022862058141301907,0.0,0.263736856678713,0.42502291622591437,0.08077686591313307,0.7700065465112775,0.8499416066720387,0.0,3.1682304933504977,6.544553783058076,0.2769668877124786
0.6020000000000004,-0.0011423962889128452,-0.007166636980130355,-0.0012696933024152106,0.0027466658140609373,0.0,0.2641973166786437,0.4250247378065261,0.08073669695158774,0.7706311793343542,0.8499412205662509,0.0,3.1693073750691974,6.5358714094353845,0.277682863175869
0.6120000000000004,-0.0012301937144336486,-0.009834054185556407,-0.0013802512045454126,0.003261075673191427,0.0,0.26471172653777425,0.42502663652379974,0.08067645056079492,0.7712875292196215,0.849940833728622,0.0,3.1693073750691974,6.5358714094353845,0.277682863175869
0.6220000000000004,-0.0013404854186516337,-0.01146330483678121,-0.0014934987505883445,0.0029418473912352647,0.0,0.26439249825581806,0.4250286225104494,0.08066178202846254,0.7707980528323023,0.8499404467473782,0.0,3.1693073750691974,6.5358714094353845,0.277682863175869
0.6320000000000005,-0.0014571468147630763,-0.011743443992390341,-0.0015948224309124386,0.0029079493124435345,0.0,0.26435860017702634,0.4250307092202967,0.08066766655471855,0.7707358282519751,0.849940060167321,0.0,3.1693073750691974,6.5358714094353845,0.277682863175869
0.6420000000000005,-0.001571220435531056,-0.011239832118573616,-0.0016854632085870215,0.002745154528948887,0.0,0.2641958053935317,0.4250329105040223,0.08067279510452059,0.7704889629347355,0.8499396739463401,0.0,3.1693073750691974,6.5358714094353845,0.277682863175869
0.6520000000000005,-0.001681370021242744,-0.01082754791676715,-0.0017757248498855387,0.0027122112687257807,0.0,0.2641628621333086,0.4250352388151916,0.08066696400871418,0.7704037343196111,0.8499392877042727,0.0,3.1706838646519975,6.535861096983097,0.2776992604136467
0.6620000000000005,-0.0017868019901324849,-0.010340739390690098,-0.0018631953832115317,0.0025648582726552913,0.0,0.2640155091372381,0.4250377048422638,0.08067418985853217,0.7701695661632092,0.8499389015305671,0.0,3.1706838646519975,6.535861096983097,0.2776992604136467
0.6720000000000005,-0.0018877413913411022,-0.009869678844588003,-0.0019493483054560702,0.002537717900180393,0.0,0.26398836876476317,0.4250403175462026,0.08068127234287449,0.7701005894656,0.8499385153723512,0.0,3.1706838646519975,6.535861096983097,0.2776992604136467
0.6820000000000005,-0.0019760831634086083,-0.008062369300852995,-0.002011768704026298,0.0019442505614937521,0.0,0.2633949014260766,0.4250430841288056,0.0806882143062037,0.7692379101348777,0.8499381300645712,0.0,3.1706838646519975,6.535861096983097,0.2776992604136467
0.6920000000000005,-0.0020449844716229626,-0.005876071627472843,-0.002057662042541376,0.0012910829046441318,0.0,0.26274173376922694,0.4250460087726627,0.08069501853654651,0.7682947100668928,0.8499377453478144,0.0,3.1706838646519975,6.535861096983097,0.2776992604136467
0.7020000000000005,-0.0020920150052170343,-0.003840309376947872,-0.002091760029299366,0.0010560510207902826,0.0,0.26250670188537306,0.42504909145057573,0.0807016877666133,0.7679434276553778,0.8499373610534833,0.0,3.169879194048008,6.527554357398337,0.27776830941438674
0.7120000000000005,-0.002115090882800702,-0.0014183064189329,-0.002105541675295087,0.0008097025573184124,0.0,0.26226035342190124,0.4250523277315764,0.08070822467489579,0.7675858834687165,0.8499369775040861,0.0,3.169879194048008,6.527554357398337,0.27776830941438674
0.7220000000000005,-0.00211658603790564,0.0006988865187412993,-0.002108761120327679,0.0004266510479281869,0.0,0.26187730191251096,0.4250557088305446,0.08071463188674269,0.7670492033014364,0.8499365943422525,0.0,3.169879194048008,6.527554357398337,0.27776830941438674
0.7320000000000005,-0.002099639043681158,0.00191426727124577,-0.0021104277028005623,0.0009559749860557279,0.0,0.2624066258506385,0.42505922214567626,0.08072091197541413,0.7678041597627309,0.8499362112385132,0.0,3.169879194048008,6.527554357398337,0.27776830941438674
0.7420000000000005,-0.002087935185042567,0.00070455098904189,-0.002145319683257242,0.0014404979462309046,0.0,0.2628911488108137,0.4250628526863817,0.08072706746311512,0.7685079724657716,0.8499358268963237,0.0,3.169879194048008,6.527554357398337,0.27776830941438674
0.7520000000000006,-0.002087289807857937,-0.0005456564900242811,-0.0021871013923388106,0.001884861541229461,0.0,0.26333551240581227,0.42506658696664873,0.08073310082200846,0.7691639219575671,0.8499354422835913,0.0,3.1792604855058064,6.536154349936659,0.2777736492455006
0.7620000000000006,-0.002105178669927993,-0.0027319864613582316,-0.0022517125414959083,0.0024671960822241394,0.0,0.2639178469468069,0.4250704145882239,0.08073901447520773,0.7700184192242024,0.849935056798181,0.0,3.1792604855058064,6.536154349936659,0.2777736492455006
0.7720000000000006,-0.0021428665530587926,-0.0043231283064022585,-0.0023207579320258407,0.00230906472661386,0.0,0.26375971559119665,0.4250743292673122,0.08074403517450325,0.7698380469171657,0.8499346711216178,0.0,3.1792604855058064,6.536154349936659,0.2777736492455006
0.7820000000000006,-0.0021924983668806515,-0.005253735569150246,-0.002387936894988314,0.0022452819574781562,0.0,0.26369593282206094,0.42507832876067636,0.08074973188316502,0.769789713035437,0.8499342854882017,0.0,3.1792604855058064,6.536154349936659,0.2777736492455006
0.7920000000000006,-0.002246905373542405,-0.005491853497415154,-0.002447884582272358,0.002079197708776454,0.0,0.26352984857335926,0.42508241321351214,0.08075531556548832,0.7695992823960863,0.8499339000991568,0.0,3.1792604855058064,6.536154349936659,0.2777736492455006
0.8020000000000006,-0.002301136787801066,-0.005522188547191771,-0.0025032299998614866,0.00219739828861243,0.0,0.26364804915319523,0.42508658362981716,0.08076078846398793,0.7698073370014296,0.8499335148590933,0.0,3.179587061396818,6.553500131752545,0.2777993783354759
0.8120000000000006,-0.0023596199321713083,-0.006024975499472997,-0.002565521300670829,0.0022174553926952124,0.0,0.263668106257278,0.4250908410355927,0.08076615277668565,0.7698771311050462,0.8499331293358382,0.0,3.179587061396818,6.553500131752545,0.2777993783354759
0.8220000000000006,-0.002420501397607033,-0.005969630939172547,-0.0026207187068568775,0.001907292172429277,0.0,0.2633579430370121,0.42509518701418786,0.08077141065799315,0.7694825877471824,0.8499327440531029,0.0,3.179587061396818,6.553500131752545,0.2777993783354759
0.8320000000000006,-0.0024731843788744767,-0.004837097555019213,-0.002655122126495751,0.0016476896884763522,0.0,0.26309834055305914,0.42509962324927913,0.08077656421957717,0.7691580804509093,0.8499323595260531,0.0,3.179587061396818,6.553500131752545,0.2777993783354759
0.8420000000000006,-0.0025181822773806973,-0.004201142437733475,-0.0026887871070904053,0.00139518698122333,0.0,0.2628458378458061,0.42510414986577716,0.08076437392821147,0.7688291132993899,0.8499319750131904,0.0,3.179587061396818,6.553500131752545,0.2777993783354759
0.8520000000000006,-0.002556584744779082,-0.003915712021769902,-0.00272066753362141,0.0017524649621416043,0.0,0.2632031158267244,0.4251087653073744,0.08066633325072545,0.7692949410393305,0.8499315905556772,0.0,3.1786465134264703,6.545487119257086,0.27800600454211233
0.8620000000000007,-0.0025935686820283597,-0.003808528349635396,-0.0027522328587114174,0.0019035199676432828,0.0,0.26335417083222606,0.4251134669250745,0.08060456093477737,0.7694488000069905,0.8499312060988075,0.0,3.1786465134264703,6.545487119257086,0.27800600454211233
0.8720000000000007,-0.0026320635343222857,-0.0034989901591579863,-0.0027808169636305636,0.0011014652692719594,0.0,0.26255211613385476,0.4251182519165966,0.08056391970654646,0.7683183432163566,0.8499308217392123,0.0,3.1786465134264703,6.545487119257086,0.27800600454211233
0.8820000000000007,-0.0026635511699763955,-0.003130711169758559,-0.0028024439538501043,0.0015676838443494812,0.0,0.26301833470893227,0.4251231175374424,0.08054649567988809,0.768988590003575,0.8499304376301544,0.0,3.1786465134264703,6.545487119257086,0.27800600454211233
0.8920000000000007,-0.0026936922400189957,-0.002909941456920959,-0.0028236723368289126,0.0014191540300804429,0.0,0.2628698048946632,0.42512806015758353,0.0805096240822815,0.7687788804756157,0.8499300535269853,0.0,3.1786465134264703,6.545487119257086,0.27800600454211233
0.9020000000000007,-0.0027246243340837634,-0.003288691775201992,-0.00285173892238787,0.001529926501832074,0.0,0.2629805773664149,0.42513307592602007,0.08042303804817762,0.7688799423244718,0.8499296691609225,0.0,3.1789097766881493,6.54402761092353,0.2779179409146309
0.9120000000000007,-0.0009628866301591292,0.43023499570247925,0.0037830771777152246,-0.2817868768547821,0.0,-0.020336225990199297,0.4251381488604919,0.08033131407160655,0.37235533657232456,0.849929531297759,0.0,3.1789097766881493,6.54402761092353,0.2779179409146309
0.9220000000000007,0.006383446184661974,0.903165861272796,0.0147987942584016,-0.2826283140799212,0.0,-0.02117766321533837,0.4251428438915324,0.0802304739775025,0.37272484728896704,0.8499295587930253,0.0,3.1789097766881493,6.54402761092353,0.2779179409146309
0.9320000000000007,0.017163534021826136,1.1742009981271775,0.025766636081352948,-0.2850370420346425,0.0,-0.023586391170059673,0.4251457867282689,0.08009597514386856,0.3724947369685797,0.849929588477739,0.0,3.1789097766881493,6.54402761092353,0.2779179409146309
0.9420000000000007,0.029876740058598486,1.3237091153507274,0.03673059483882211,-0.28813418016575804,0.0,-0.026683529301175235,0.42514501586416276,0.07996732919091493,0.37287650703901487,0.8499296218188187,0.0,3.1789097766881493,6.54402761092353,0.2779179409146309
0.9520000000000007,0.043543960777136556,1.3629262868385672,0.04670211663147072,-0.29278388704935415,0.0,-0.03133323618477135,0.4251383213731933,0.0798927852345126,0.37262974232061297,0.8499296606638275,0.0,6.036643642828777,6.250678052204673,0.20341518223285676
0.9620000000000007,0.05650470003187809,1.2561643407981355,0.05257890130863568,-0.2984208727751253,0.0,-0.0369702219105425,0.4251234810968648,0.07980555156796476,0.37272198662716405,0.849929706343798,0.0,6.036643642828777,6.250678052204673,0.20341518223285676
0.9720000000000008,0.06856331497260507,1.174729682712901,0.05854947686327547,-0.3049394598223666,0.0,-0.04348880895778379,0.4250985353162997,0.07964676802276426,0.37326362585273654,0.849929759950591,0.0,6.036643642828777,6.250678052204673,0.20341518223285676
0.9820000000000008,0.07989329672735933,1.1062548639493457,0.06464481633109759,-0.31271071000832,0.0,-0.05126005914373721,0.42506184017250365,0.07947353067429484,0.37358143162746704,0.849929823492887,0.0,6.036643642828777,6.250678052204673,0.20341518223285676
0.9920000000000008,0.09057130801168528,1.0425195368379945,0.07087767715616519,-0.3213841059083651,0.0,-0.05993345504378228,0.4250120164992409,0.07927987698039318,0.37395052824362274,0.8499298978266464,0.0,6.036643642828777,6.250678052204673,0.20341518223285676
1.0020000000000007,0.10062289645730085,0.9784032549366616,0.07720173673895843,-0.33162888168768867,0.0,-0.07017823082310587,0.4249479176330354,0.07905681301208828,0.37314292657956294,0.8499299851535645,0.0,6.5170405125407935,4.934954818491402,0.17430562376976014
1.0120000000000007,0.1099671939841963,0.9055355883745444,0.08337589783938402,-0.3415682596829417,0.0,-0.08011760881835889,0.42486861145365257,0.07883035138200926,0.3735624809492831,0.8499300856579945,0.0,6.5170405125407935,4.934954818491402,0.17430562376976014
1.0220000000000007,0.11859866340460186,0.8351262887412682,0.08972431461153894,-0.35219310782233404,0.0,-0.09074245695775124,0.4247733784095674,0.07869706407541864,0.37366562081776944,0.8499301997755999,0.0,6.5170405125407935,4.934954818491402,0.17430562376976014
1.0320000000000007,0.12653293708742966,0.7657529519157057,0.09625271981043529,-0.36292847047037585,0.0,-0.10147781960579305,0.42466170085638716,0.07857402306932977,0.3738939483737923,0.849930327946963,0.0,6.5170405125407935,4.934954818491402,0.17430562376976014
1.0420000000000007,0.1337783991220152,0.6973876828897483,0.10296516283048922,-0.3740497369467867,0.0,-0.11259908608220393,0.4245332470203936,0.07842800529054188,0.373481048496927,0.8499304704977416,0.0,6.5170405125407935,4.934954818491402,0.17430562376976014
1.0520000000000007,0.14035280803705952,0.6316891232684824,0.10989735057941039,-0.3845047415467176,0.0,-0.1230540906821348,0.4243878568283308,0.07835089396486461,0.3737274785868321,0.849930627558555,0.0,6.301214867642789,5.701163859707618,0.10888971090316771
1.0620000000000007,0.14630171956892402,0.5700494067880995,0.11713265566194284,-0.3940096046465041,0.0,-0.13255895378192128,0.42422552658327284,0.07827236651020322,0.37465749724722364,0.8499307977643176,0.0,6.301214867642789,5.701163859707618,0.10888971090316771
1.0720000000000007,0.1516305381088867,0.508190884598187,0.12451660801444356,-0.4029393342348051,0.0,-0.1414886833702223,0.42404639118016757,0.07811216350814511,0.3753841238963359,0.8499309800521865,0.0,6.301214867642789,5.701163859707618,0.10888971090316771
1.0820000000000007,0.15635032102164506,0.44821491920070766,0.13203387196634783,-0.41123064864636477,0.0,-0.14977999778178197,0.4238507123552743,0.07791460877046803,0.3757266443610885,0.8499311734451696,0.0,6.301214867642789,5.701163859707618,0.10888971090316771
1.0920000000000007,0.16049541560310374,0.39275009777901976,0.13967624472823553,-0.4190259717843073,0.0,-0.15757532091972448,0.42363886762231007,0.07779970640143842,0.3753903102334718,0.8499313774366223,0.0,6.301214867642789,5.701163859707618,0.10888971090316771
1.1020000000000008,0.1641341140178021,0.35145200960541273,0.14767064491993698,-0.4254924846618079,0.0,-0.1640418337972251,0.42341133554397,0.07770545272223642,0.37530424578992194,0.8499315904670439,0.0,5.244447480005649,7.954677679149269,0.03985358476638795
1.1120000000000008,0.16759074917604308,0.3403204843226788,0.1567386880669397,-0.4304606358924295,0.0,-0.1690099850278467,0.4231686695764077,0.07764034597130721,0.37543866340861476,0.8499318110045059,0.0,5.244447480005649,7.954677679149269,0.03985358476638795
1.1220000000000008,0.17088989398047258,0.3224586106877192,0.16583881784802793,-0.43402529411944774,0.0,-0.17257464325486493,0.422911442320797,0.07760074941523096,0.375473573093829,0.8499320371320489,0.0,5.244447480005649,7.954677679149269,0.03985358476638795
1.1320000000000008,0.17399874708515553,0.30327952306455286,0.17492447137488973,-0.43560252543691086,0.0,-0.17415187457232806,0.4226402316670296,0.07758725445193025,0.3761197093490489,0.8499322662776955,0.0,5.244447480005649,7.954677679149269,0.03985358476638795
1.1420000000000008,0.17693297676340056,0.28763401804858274,0.18396692891172065,-0.43626689657674866,0.0,-0.17481624571216586,0.4223556257996059,0.07765558370643007,0.37590391590306504,0.8499324968397296,0.0,5.244447480005649,7.954677679149269,0.03985358476638795
1.1520000000000008,0.179840212615327,0.32588169272976447,0.1942818995053203,-0.4351543726688422,0.0,-0.17370372180425941,0.4220582189649974,0.07771791027596905,0.3759339858950792,0.8499327267328612,0.0,2.9828499469906093,7.954677679149269,0.022363150119781516
1.1620000000000008,0.18420389944528157,0.4978405948955324,0.20977712402425958,-0.43210334313934506,0.0,-0.17065269227476226,0.42174855171125836,0.07774292208817431,0.3760253634938483,0.8499329538196158,0.0,2.9828499469906093,7.954677679149269,0.022363150119781516
1.1720000000000008,0.18984030865859544,0.6009597112319934,0.22489392996073002,-0.4272505425823672,0.0,-0.16579989171778442,0.42142689509677383,0.0777077347300982,0.3757729283345439,0.8499331754351801,0.0,2.9828499469906093,7.954677679149269,0.022363150119781516
1.1820000000000008,0.19626026747858075,0.6656870131194638,0.23954195296250688,-0.4199131379098771,0.0,-0.1584624870452943,0.4210932641643518,0.07764057225145737,0.3763567746103508,0.8499333885621965,0.0,2.9828499469906093,7.954677679149269,0.022363150119781516
1.1920000000000008,0.2032019125378019,0.7115287547551641,0.253663629492083,-0.41158374606383896,0.0,-0.15013309519925616,0.42074752843320534,0.07747234737180317,0.3758253421366171,0.8499335911795617,0.0,2.9828499469906093,7.954677679149269,0.022363150119781516
1.2020000000000008,0.21064481424417003,0.7970787383991821,0.26853752685064697,-0.40197843217354007,0.0,-0.14052778130895727,0.4203894737452084,0.07732861134219497,0.37496304225017474,0.8499337816775968,0.0,1.993228876590729,7.954677679149269,0.07369261980056763
1.2120000000000009,0.21990979088405832,0.9987813570396766,0.2877937601602314,-0.39010695574001375,0.0,-0.12865630487543095,0.42001878367249096,0.07724128990440703,0.37509364811996704,0.849933957864428,0.0,1.993228876590729,7.954677679149269,0.07369261980056763
1.2220000000000009,0.2306771830457472,1.120648846563287,0.30589475893804385,-0.37710528880992233,0.0,-0.11565463794533953,0.41963485874791595,0.07716965937300299,0.37475853805246295,0.8499341176381229,0.0,1.993228876590729,7.954677679149269,0.07369261980056763
1.2320000000000009,0.2423694514606159,1.1973533465628048,0.32278394799206994,-0.3633471356859873,0.0,-0.10189648482140451,0.41923685805056415,0.0770271621222109,0.37375870791551113,0.8499342593117872,0.0,1.993228876590729,7.954677679149269,0.07369261980056763
1.2420000000000009,0.25467654211363366,1.2504305469208488,0.3384602318867337,-0.3486611023033312,0.0,-0.0872104514387484,0.4188238265421897,0.07690645344217217,0.3729169181787737,0.8499343823545856,0.0,1.993228876590729,7.954677679149269,0.07369261980056763
1.252000000000001,0.26743124517047,1.2959960967797997,0.35307754666982333,-0.33289425496811775,0.0,-0.07144360410353495,0.41839476608511184,0.07681514356419489,0.3729583410642465,0.8499344848486917,0.0,1.8467715024948121,7.954677679149269,0.26820607781410216
1.262000000000001,0.28074627623965237,1.3519359243989968,0.36722766711449595,-0.3169248379275486,0.0,-0.05547418706296581,0.41794866750346976,0.07679539126093998,0.3731277945052356,0.849934566372555,0.0,1.8467715024948121,7.954677679149269,0.26820607781410216
1.272000000000001,0.2945050916476836,1.3902975622603897,0.3800400564558684,-0.301889064360578,0.0,-0.040438413495995196,0.4174845020836411,0.07681313889741022,0.3723091879741136,0.8499346275319137,0.0,1.8467715024948121,7.954677679149269,0.26820607781410216
1.282000000000001,0.3085833484205072,1.418099637036181,0.3915687568859831,-0.28672945040918757,0.0,-0.02527879954460477,0.41700123972438746,0.07681749865860278,0.3724252496866961,0.8499346688311763,0.0,1.8467715024948121,7.954677679149269,0.26820607781410216
1.292000000000001,0.3228892892504527,1.4382472994326367,0.40186209559149855,-0.27258893900269976,0.0,-0.011138288138116959,0.4164978748450813,0.07682319569786895,0.3723644429464096,0.8499346906772003,0.0,1.8467715024948121,7.954677679149269,0.26820607781410216
1.302000000000001,0.3373944806494359,1.465905697584603,0.41136848680674387,-0.2595706807370933,0.0,0.0018799701274895275,0.4159734431105586,0.07684784496754644,0.37246895205940467,0.8499346948652101,0.0,1.5553609609603882,7.954677679149269,0.28102645128965376
1.312000000000001,0.35238690559349317,1.5171728839090772,0.42104555327672555,-0.24802680220126155,0.0,0.013423848663321247,0.4154270184616005,0.0768463010015308,0.3725073272825019,0.8499346818733177,0.0,1.5553609609603882,7.954677679149269,0.28102645128965376
1.322000000000001,0.3677318132790603,1.5434697165775888,0.4296432128520571,-0.23822826263501679,0.0,0.023222388229566016,0.4148576725026456,0.07686154250460647,0.3724399815578717,0.8499346535399616,0.0,1.5553609609603882,7.954677679149269,0.28102645128965376
1.332000000000001,0.38323859291451395,1.5540999544957608,0.43732235768155125,-0.23027241079798869,0.0,0.031178240066594115,0.41426449132038545,0.0769097169212482,0.37248374925304517,0.8499346123186075,0.0,1.5553609609603882,7.954677679149269,0.28102645128965376
1.342000000000001,0.398792479876086,1.5552933483666593,0.4442796816385076,-0.22456346477667713,0.0,0.03688718608790567,0.4136466118494704,0.07695060466302071,0.37229834505413895,0.8499345613978173,0.0,1.5553609609603882,7.954677679149269,0.28102645128965376
1.352000000000001,0.4142946046682126,1.5362709027622001,0.45031361931557373,-0.22121004174404937,0.0,0.04024060912053343,0.41300324210645994,0.07702045922928029,0.37192084195520025,0.8499345044047344,0.0,2.3284360647201536,7.954677679149269,0.2726045295596123
1.362000000000001,0.4292618011813099,1.4738190289367197,0.4544149355612412,-0.2196867275497638,0.0,0.04176392331481901,0.4123336859919989,0.07709522592339828,0.3723240215194944,0.8499344441065257,0.0,2.3284360647201536,7.954677679149269,0.2726045295596123
1.372000000000001,0.4437229803894348,1.429177047844077,0.45843227883878224,-0.22043918230903733,0.0,0.041011468555545466,0.4116374104050103,0.07717331733817315,0.37297234153003955,0.8499343834093612,0.0,2.3284360647201536,7.954677679149269,0.2726045295596123
1.382000000000001,0.4577968429957053,1.3937117496246694,0.46253144195025264,-0.2246164990466879,0.0,0.0368341518178949,0.4109140416142676,0.07724985936940026,0.37218518583054505,0.8499343268174201,0.0,2.3284360647201536,7.954677679149269,0.2726045295596123
1.392000000000001,0.4715277809153447,1.3589168731629802,0.46681258458995956,-0.22952237793262875,0.0,0.03192827293195405,0.41016333223485407,0.07732488275783882,0.37360079939529756,0.8499342771205486,0.0,2.3284360647201536,7.954677679149269,0.2726045295596123
1.402000000000001,0.48485782612806944,1.3041314772306882,0.4709047625593679,-0.23754417263303915,0.0,0.023906478231543654,0.40938514449174057,0.07739841763433175,0.3736681562535745,0.849934237199767,0.0,5.121986416610554,7.503860885616102,0.27836090996861457
1.412000000000001,0.49723970959455477,1.1972980216759521,0.47340181946809495,-0.24840372082167306,0.0,0.013046930042909743,0.4085794639865188,0.07747049353190677,0.3726583872544712,0.8499342116242112,0.0,5.121986416610554,7.503860885616102,0.27836090996861457
1.422000000000001,0.5086539576989185,1.1052705369132398,0.476164549707073,-0.26056302125595787,0.0,0.0008876296086249291,0.40774647441844813,0.07754113939763753,0.3725127420361186,0.8499342031056268,0.0,5.121986416610554,7.503860885616102,0.27836090996861457
1.432000000000001,0.5191805065569363,1.0176714634113713,0.4792271997134425,-0.2743493129131738,0.0,-0.012898662048591025,0.4068865608927231,0.0776103836042692,0.3724106601429268,0.8499342127735673,0.0,5.121986416610554,7.503860885616102,0.27836090996861457
1.442000000000001,0.5288259013033062,0.9285968430915778,0.48261263221589057,-0.28878083428329016,0.0,-0.027330183418707354,0.4060002809712113,0.07767825396161357,0.3733188699763219,0.8499342411565195,0.0,5.121986416610554,7.503860885616102,0.27836090996861457
1.452000000000001,0.5375473023990822,0.8301970615762645,0.48617833088849216,-0.30483498427568934,0.0,-0.043384333411106535,0.40508835084169476,0.07774477772771798,0.3734221238844281,0.8499342897244317,0.0,6.16914621646972,7.954677679149269,0.029983967542648315
1.462000000000001,0.5451342175435271,0.7118218376580675,0.48941876042602056,-0.3217633442641096,0.0,-0.06031269339952677,0.40415164537314596,0.07780998161981276,0.37335129747484885,0.8499343604134469,0.0,6.16914621646972,7.954677679149269,0.029983967542648315
1.472000000000001,0.5515701873106613,0.5986194403083747,0.4929908408765891,-0.33951555635583663,0.0,-0.07806490549125383,0.4031912193476392,0.07787389182504127,0.3727279447523595,0.849934454114624,0.0,6.16914621646972,7.954677679149269,0.029983967542648315
1.482000000000001,0.5568861496617268,0.48698478516651883,0.49688534781760385,-0.35638497669044433,0.0,-0.09493432582586153,0.40220830195589735,0.07793653401097728,0.37344882305767735,0.8499345703664448,0.0,6.16914621646972,7.954677679149269,0.029983967542648315
1.492000000000001,0.5610984038019163,0.3777615586246378,0.5011071718791954,-0.37398363832444137,0.0,-0.11253298745985857,0.40120427820305843,0.07799793333593343,0.3727608079677823,0.849934709622272,0.0,6.16914621646972,7.954677679149269,0.029983967542648315
1.5020000000000011,0.5642416626039283,0.27440346914465574,0.505735532312184,-0.39037774898943045,0.0,-0.12892709812484765,0.4001806734080875,0.07805811445906541,0.3728892048468686,0.8499348712958733,0.0,5.623636414927531,7.954677679149269,0.0018021225929260032
1.5120000000000011,0.5664400909391303,0.18310562514041537,0.5110282555823444,-0.4055434108518788,0.0,-0.14409275998729598,0.3991391338183425,0.0781171015502755,0.37337233268082537,0.8499350537076119,0.0,5.623636414927531,7.954677679149269,0.0018021225929260032
1.5220000000000011,0.5677236165898589,0.0921178272471259,0.5166064267857363,-0.41972022237057127,0.0,-0.15826957150598847,0.39808139707768897,0.0781749182999197,0.37341430273478593,0.8499352553344801,0.0,5.623636414927531,7.954677679149269,0.0018021225929260032
1.5320000000000011,0.5681172656465256,0.004884461461051801,0.5224363840513,-0.4322185491666667,0.0,-0.1707678983020839,0.39700927597196783,0.07823158792832216,0.37357649130786963,0.8499354742928745,0.0,5.623636414927531,7.954677679149269,0.0018021225929260032
1.5420000000000011,0.56767302109976,-0.07635796987805372,0.5284739256612964,-0.44269285407037945,0.0,-0.18124220320579665,0.3959246467097479,0.07828713319510106,0.37398291057029476,0.8499357080576921,0.0,5.623636414927531,7.954677679149269,0.0018021225929260032
1.5520000000000012,0.5664763047459708,-0.14337318571661356,0.5348326864764266,-0.4518348625235919,0.0,-0.1903842116590091,0.39482943287542266,0.0783415764083091,0.3733558819220948,0.849935954360497,0.0,5.011481123160221,7.954677679149269,0.003530091047286965
1.5620000000000012,0.5647939941402725,-0.1849041225487338,0.5419332640680995,-0.45785075234794553,0.0,-0.19640010148336273,0.393725580081267,0.07838579795880975,0.37390731802242716,0.8499362107325082,0.0,5.011481123160221,7.954677679149269,0.003530091047286965
1.5720000000000012,0.5627101793787148,-0.22322654129082897,0.5491015184651377,-0.462119787186113,0.0,-0.20066913632153022,0.3926150091729513,0.0784235226191374,0.3734873923302636,0.8499364736784804,0.0,5.011481123160221,7.954677679149269,0.003530091047286965
1.5820000000000012,0.5602830184106674,-0.25427151984303353,0.5562733305665091,-0.4639714840202425,0.0,-0.20252083315565972,0.3914995950129769,0.07845925362912809,0.37290344712627366,0.8499367398243871,0.0,5.011481123160221,7.954677679149269,0.003530091047286965
1.5920000000000012,0.5576100046344709,-0.27468313922850063,0.5633965504426652,-0.46273124572560026,0.0,-0.20128059486101746,0.3903811561784182,0.07848707465565645,0.3730867240256107,0.8499370064056047,0.0,5.011481123160221,7.954677679149269,0.003530091047286965
1.6020000000000012,0.5548900615857045,-0.2390069773377428,0.5716485734864862,-0.45931181931386617,0.0,-0.19786116844928336,0.3892614386629624,0.07843529724134836,0.3726900323700377,0.8499372697962276,0.0,2.6416071176528932,7.954677679149269,0.1289215564727783
1.6120000000000012,0.5535414946226389,-0.07618734443198566,0.5845406000355033,-0.4532815182458299,0.0,-0.1918308673812471,0.3881420523832361,0.07832176079416124,0.3720351916496243,0.8499375264803575,0.0,2.6416071176528932,7.954677679149269,0.1289215564727783
1.6220000000000012,0.5534195059938137,0.0246079325222923,0.5968433445548608,-0.44365700599825897,0.0,-0.18220635513367617,0.387024267429294,0.07828075197526482,0.3725460762350493,0.8499377720514386,0.0,2.6416071176528932,7.954677679149269,0.1289215564727783
1.6320000000000012,0.5540930071582556,0.09288033207729626,0.6084370878125474,-0.4315087912440869,0.0,-0.17005814037950412,0.3859090266515533,0.07829148329642625,0.37303532714576837,0.8499380029030622,0.0,2.6416071176528932,7.954677679149269,0.1289215564727783
1.6420000000000012,0.5553562760784915,0.14750772823888658,0.6192467789507047,-0.4175969907390022,0.0,-0.1561463398744194,0.38479704862922515,0.07831390543457237,0.3727489700967349,0.8499382166304277,0.0,2.6416071176528932,7.954677679149269,0.1289215564727783
1.6520000000000012,0.5571532314665499,0.21076019351942438,0.6295671952708242,-0.40129663965494344,0.0,-0.13984598879036064,0.38368888349666647,0.07829064030789071,0.37291198221383404,0.8499384096940683,0.0,2.1752845287322997,7.954677679149269,0.5845730811357498
1.6620000000000013,0.5598809052464008,0.30967131067458337,0.6404316710350794,-0.3833939178119423,0.0,-0.12194326694735952,0.3825849263096548,0.0782707464542115,0.3728309332089075,0.8499385803646763,0.0,2.1752845287322997,7.954677679149269,0.5845730811357498
1.6720000000000013,0.5634338516166429,0.38324748878932996,0.6500186805816103,-0.36388476600616426,0.0,-0.10243411514158146,0.3814853719035783,0.07826305195244518,0.37298888242802675,0.8499387260522774,0.0,2.1752845287322997,7.954677679149269,0.5845730811357498
1.6820000000000013,0.5676337195998507,0.44334167788837986,0.6582740475247804,-0.34325927678780577,0.0,-0.08180862592322297,0.3803902361021729,0.0782343274360832,0.3732828018462113,0.8499388449655362,0.0,2.1752845287322997,7.954677679149269,0.5845730811357498
1.6920000000000013,0.5723967606100727,0.49778886867313415,0.6651983975208803,-0.3224372155423956,0.0,-0.06098656467781283,0.3792994017560073,0.07815628093964776,0.3729924009687473,0.8499389365591327,0.0,2.1752845287322997,7.954677679149269,0.5845730811357498
1.7020000000000013,0.5776986597793474,0.5549051032893498,0.6709415714408395,-0.3016762757408247,0.0,-0.04022562487624187,0.3782126447586183,0.07804694075913632,0.3724112792420604,0.8499390005936777,0.0,1.9189022421836854,7.954677679149269,0.6717910945415497
1.7120000000000013,0.5836548007981054,0.6208552670182617,0.6758392643745059,-0.28120901847798474,0.0,-0.01975836761340194,0.3771296437078374,0.07796721321332702,0.3718446211092097,0.849939037379068,0.0,1.9189022421836854,7.954677679149269,0.6717910945415497
1.7220000000000013,0.590196479475484,0.6750335533716117,0.6793401693690526,-0.26134857226263547,0.0,0.00010207860194733076,0.3760499717429059,0.07799885435661623,0.37158606186130516,0.849939047689423,0.0,1.9189022421836854,7.954677679149269,0.6717910945415497
1.7320000000000013,0.5972227384822191,0.7202880579236385,0.6815045628396488,-0.24237107115049103,0.0,0.01907957971409177,0.3749731131413771,0.07803451231891576,0.37173922327613496,0.8499390304965634,0.0,1.9189022421836854,7.954677679149269,0.6717910945415497
1.7420000000000013,0.6046709336244014,0.7609782238327802,0.6824845990758321,-0.22567145097294708,0.0,0.03577919989163572,0.37389848889572697,0.07809300557838879,0.3709437617418857,0.8499389875024974,0.0,1.9189022421836854,7.954677679149269,0.6717910945415497
1.7520000000000013,0.6125303645660394,0.8089888982723559,0.6827383355652956,-0.2106454663216268,0.0,0.05080518454295599,0.3728254737321769,0.07813266628729017,0.37051370715331167,0.8499389218666948,0.0,1.6589238286018373,7.207183308889688,0.5209200054407119
1.7620000000000013,0.6210444490446523,0.8755028820441437,0.6831422477057308,-0.19711414789467774,0.0,0.06433650296990506,0.37175339636769705,0.07818475513949458,0.3710768662705972,0.8499388353238857,0.0,1.6589238286018373,7.207183308889688,0.5209200054407119
1.7720000000000014,0.6300730669064946,0.9187844804133156,0.6826724936861813,-0.18678902205757128,0.0,0.07466162880701152,0.37068151090027474,0.07824122959871688,0.370569326298409,0.8499387318435263,0.0,1.6589238286018373,7.207183308889688,0.5209200054407119
1.7820000000000014,0.6394391157964735,0.9465663288751175,0.6815389087571588,-0.1785896884659778,0.0,0.08286096239860499,0.3696090200396297,0.07829658356859677,0.3708041078519796,0.8499386151677373,0.0,1.6589238286018373,7.207183308889688,0.5209200054407119
1.7920000000000014,0.6490086718819515,0.9625431000305842,0.6799386946287471,-0.1730952426620123,0.0,0.08835540820257051,0.3685351141203142,0.07834445905096707,0.3711871819639646,0.8499384888738144,0.0,1.6589238286018373,7.207183308889688,0.5209200054407119
1.8020000000000014,0.6586708199302245,0.9629973520116795,0.6779036681372901,-0.1710213654839108,0.0,0.09042928538067199,0.3674589986735458,0.07839266514642235,0.3708375671531545,0.8499383574763558,0.0,1.9358957886695862,7.954677679149269,0.14903901815414428
1.8120000000000014,0.6681362197428972,0.9367285740274119,0.6750424698209837,-0.171574203418315,0.0,0.0898764474462678,0.36637992049239476,0.07844075934569134,0.37097663975674056,0.8499382252690579,0.0,1.9358957886695862,7.954677679149269,0.14903901815414428
1.8220000000000014,0.6773687677860036,0.9145629767278504,0.6723843680375787,-0.17493237687611393,0.0,0.08651827398846887,0.3652972116990421,0.07845510829689249,0.3712910595032253,0.8499380963603929,0.0,1.9358957886695862,7.954677679149269,0.14903901815414428
1.8320000000000014,0.6863828733845436,0.8922030793190187,0.6701207733726375,-0.18131568987917102,0.0,0.08013496098541179,0.3642102976074832,0.07846229094756978,0.3713138308005248,0.8499379752156433,0.0,1.9358957886695862,7.954677679149269,0.14903901815414428
1.8420000000000014,0.6951610371795909,0.8678335823564254,0.66843860170914,-0.1909290536965596,0.0,0.0705215971680232,0.36311868861891333,0.07849292146756878,0.37055983313391205,0.8499378662828958,0.0,1.9358957886695862,7.954677679149269,0.14903901815414428
1.8520000000000014,0.7036729343796801,0.8411300292353449,0.6675476288615887,-0.20194955782628185,0.0,0.05950109303830095,0.3620219780579899,0.07853219777340566,0.37122659859067886,0.8499377727546612,0.0,4.9147274766303095,7.954677679149269,0.013604933023452781
1.8620000000000014,0.7118916209488182,0.8056943553758685,0.6674831641527322,-0.215637670736076,0.0,0.04581298012850679,0.3609198419485344,0.07853692588692762,0.3710927736922165,0.8499376973195542,0.0,4.9147274766303095,7.954677679149269,0.013604933023452781
1.8720000000000014,0.7196194766166066,0.7483900948797003,0.6677981161588091,-0.2311752705810611,0.0,0.030275380283521697,0.3598120434098783,0.07854775714984348,0.3709025921274133,0.8499376437332057,0.0,4.9147274766303095,7.954677679149269,0.013604933023452781
1.8820000000000014,0.7266720117876706,0.6745144756858078,0.6685268368603956,-0.2480019127831122,0.0,0.013448738081470596,0.35869846116305737,0.07851061229849905,0.37091178555300697,0.84993761415395,0.0,4.9147274766303095,7.954677679149269,0.013604933023452781
1.8920000000000015,0.7329066314250079,0.5880458355542705,0.6696942487667956,-0.2660908167682563,0.0,-0.004640165903673499,0.3575791178129149,0.0784797004375577,0.37073046788886854,0.8499376100504539,0.0,4.9147274766303095,7.954677679149269,0.013604933023452781
1.9020000000000015,0.7382139992305364,0.48986593964487835,0.6712501795123367,-0.284807529428167,0.0,-0.023356878563584205,0.3564541978234252,0.07842850810599046,0.3706789665027086,0.8499376308061405,0.0,6.074031783423749,7.954677679149269,0.0008261203765869141
1.9120000000000015,0.7424345316181756,0.376489314193873,0.6729382195305044,-0.3033360490667126,0.0,-0.041885398202129775,0.3553240596141181,0.07837640019926087,0.3714023639163807,0.8499376761466637,0.0,6.074031783423749,7.954677679149269,0.0008261203765869141
1.9220000000000015,0.745505637928578,0.2606485781235339,0.6749989755054334,-0.3220674864954697,0.0,-0.06061683563088688,0.35418925108568067,0.07831761058627293,0.3717952231936912,0.8499377461554115,0.0,6.074031783423749,7.954677679149269,0.0008261203765869141
1.9320000000000015,0.7474157803928794,0.14476692562858437,0.6774307917287807,-0.34081852995186873,0.0,-0.07936787908728593,0.3530505101317442,0.07826781069107853,0.3715932625458863,0.849937840882097,0.0,6.074031783423749,7.954677679149269,0.0008261203765869141
1.9420000000000015,0.7481784815848976,0.03106290300365893,0.6802239456101885,-0.3587488246312971,0.0,-0.09729817376671429,0.35190875348097833,0.07817728445300333,0.37140621205258306,0.8499379598579611,0.0,6.074031783423749,7.954677679149269,0.0008261203765869141
1.9520000000000015,0.7478298425142966,-0.07716270743505366,0.683395678455596,-0.3760163802483968,0.0,-0.11456572938381399,0.35076506121349116,0.07806054017557743,0.3705033057074153,0.8499381019730001,0.0,5.749650287677129,7.954677679149269,0.00016159415245053932
1.9620000000000015,0.7464610463460326,-0.176194287428693,0.6870311589657152,-0.39111381848585136,0.0,-0.12966316762126856,0.34962065686363025,0.07795533760655934,0.3705323171688968,0.8499382651540542,0.0,5.749650287677129,7.954677679149269,0.00016159415245053932
1.9720000000000015,0.7441335991536393,-0.2695039237347527,0.6909514262357594,-0.40452291906358767,0.0,-0.14307226819900487,0.34847688088900813,0.07779860616425655,0.3703577884959036,0.8499384471942973,0.0,5.749650287677129,7.954677679149269,0.00016159415245053932
1.9820000000000015,0.7409197165046687,-0.35492879977513414,0.695110073484683,-0.4158090143679327,0.0,-0.15435836350334992,0.34733516833876626,0.0776298094655271,0.37020524394905074,0.849938645389943,0.0,5.749650287677129,7.954677679149269,0.00016159415245053932
1.9920000000000015,0.7369037601842319,-0.43146585436998774,0.699444686036893,-0.4239553095274029,0.0,-0.1625046586628201,0.346197027320144,0.07750126225509044,0.37124434501837955,0.8499388560425455,0.0,5.749650287677129,7.954677679149269,0.00016159415245053932
2.002000000000001,0.7322030264576512,-0.48800225775345785,0.7041593019238744,-0.4299458999146738,0.0,-0.168495249050091,0.3450640161770757,0.07738322076514621,0.37182180884930016,0.8499390756658504,0.0,4.447679088751276,7.954677679149269,0.007712978124618519
2.012,0.727220592183049,-0.5055378926836817,0.7100034787819163,-0.43397486316267675,0.0,-0.17252421229809395,0.3439377096606948,0.07728117708494761,0.3713587403453571,0.8499393016740664,0.0,4.447679088751276,7.954677679149269,0.007712978124618519
2.021999999999999,0.7220583561667948,-0.5229098477408257,0.7158555528239313,-0.43506070636474636,0.0,-0.17361005550016356,0.3428196314623354,0.07720549144194885,0.3711040282952317,0.8499395305109303,0.0,4.447679088751276,7.954677679149269,0.007712978124618519
2.031999999999998,0.7167523274371475,-0.5346263724835022,0.7216288048059902,-0.43300789518840727,0.0,-0.17155724432382446,0.34171122919825,0.0771283807756068,0.37126719851619927,0.8499397580934976,0.0,4.447679088751276,7.954677679149269,0.007712978124618519
2.0419999999999967,0.7113835643776939,-0.5371258098344498,0.7272438510418725,-0.42786534121477443,0.0,-0.16641469035019163,0.340613870596346,0.07703724895590952,0.37179638681290594,0.8499399806491085,0.0,4.447679088751276,7.954677679149269,0.007712978124618519
2.0519999999999956,0.7061072689209499,-0.5019121529583085,0.73336496000471,-0.4203622131573269,0.0,-0.1589115622927441,0.33952883226245784,0.07697339020055975,0.37182772411850973,0.8499401943592277,0.0,2.6078590989112853,7.954677679149269,0.21603081822395326
2.0619999999999945,0.701809485620904,-0.3879650159703627,0.7419825426515918,-0.40981460186028235,0.0,-0.14836395099569955,0.33845725779365043,0.07689523858973042,0.37226119286677584,0.8499403959670457,0.0,2.6078590989112853,7.954677679149269,0.21603081822395326
2.0719999999999934,0.6984251744270462,-0.30841503105022255,0.7498934684872246,-0.3967519276437258,0.0,-0.135301276779143,0.3374000323607479,0.07688395388436073,0.3725659247350446,0.8499405816249633,0.0,2.6078590989112853,7.954677679149269,0.21603081822395326
2.0819999999999923,0.6957313926630242,-0.2444449908923542,0.7570045614689922,-0.3818171613420109,0.0,-0.12036651047742808,0.336357788992744,0.07689680732332059,0.37220733614913504,0.849940748455185,0.0,2.6078590989112853,7.954677679149269,0.21603081822395326
2.091999999999991,0.6936403753890997,-0.1856674914174801,0.7632342876844872,-0.364877191566903,0.0,-0.10342654070232021,0.3353309673243539,0.07695575564802558,0.37183790189844446,0.8499408938637386,0.0,2.6078590989112853,7.954677679149269,0.21603081822395326
2.10199999999999,0.692147176490588,-0.12216531260230909,0.7686374244551424,-0.3464336718820477,0.0,-0.08498302101746491,0.334319844095113,0.07703500314435742,0.3712477784664353,0.8499410158327088,0.0,2.3354839980602264,7.954677679149269,0.5986921668052674
2.111999999999989,0.6913805433402367,-0.04755222651739877,0.773420541184775,-0.32636133512062226,0.0,-0.06491068425603946,0.3333245430591374,0.07708219917723183,0.3710861392792951,0.8499411123176105,0.0,2.3354839980602264,7.954677679149269,0.5986921668052674
2.121999999999988,0.6913196163997614,0.020934562064813325,0.7770294733943588,-0.30559464796064845,0.0,-0.044143997096065646,0.33234502650388353,0.07712215762666164,0.3706389604169359,0.8499411816682116,0.0,2.3354839980602264,7.954677679149269,0.5986921668052674
2.131999999999987,0.6919274304085946,0.0872314432679702,0.7794551980839022,-0.284477531925408,0.0,-0.023026881060825177,0.33138110647361024,0.07716181689859052,0.3700787930481756,0.849941223165694,0.0,2.3354839980602264,7.954677679149269,0.5986921668052674
2.1419999999999857,0.6931901133847157,0.15195978631997886,0.7806958946135086,-0.2625622678454006,0.0,-0.0011116169808177978,0.3304324621721203,0.07721290109112412,0.37065492878860273,0.8499412362694438,0.0,2.3354839980602264,7.954677679149269,0.5986921668052674
2.1519999999999846,0.6950846991926831,0.21417870127376104,0.7807525232992841,-0.24142082001872545,0.0,0.020029830845857355,0.32949865248326643,0.0772886577554097,0.3708415181067878,0.8499412190457628,0.0,2.087340760231018,7.954677679149269,0.6814465224742889
2.1619999999999835,0.6975772385864719,0.27208641750838586,0.7795995424887475,-0.2211412295163788,0.0,0.040309421348204005,0.32857912888562535,0.07736220421195915,0.3710962442403595,0.8499411716843851,0.0,2.087340760231018,7.954677679149269,0.6814465224742889
2.1719999999999824,0.7006354301984321,0.32754407193484514,0.7773431674600317,-0.20243636744284915,0.0,0.05901428342173365,0.3276732496606476,0.07743499860696432,0.37101886591428146,0.8499410966406474,0.0,2.087340760231018,7.954677679149269,0.6814465224742889
2.1819999999999813,0.7042210061188313,0.37907117886516306,0.774073903829175,-0.18616738664550397,0.0,0.07528326421907883,0.32678029331745284,0.07750634871467726,0.3699539513377951,0.8499409956234768,0.0,2.087340760231018,7.954677679149269,0.6814465224742889
2.19199999999998,0.7083101479445588,0.4280051311836503,0.769966431680524,-0.17140493733612172,0.0,0.09004571352846108,0.3258994714198656,0.07756881392782956,0.3696895310756906,0.8499408724626778,0.0,2.087340760231018,7.954677679149269,0.6814465224742889
2.201999999999979,0.712842649896632,0.46685841299385494,0.7650202309589521,-0.15834457446594297,0.0,0.10310607639863983,0.32502993954355575,0.0776375090541059,0.37039289792824526,0.8499407290287202,0.0,1.9143436431884766,7.954677679149269,0.5258944809436797
2.211999999999978,0.7176552521515974,0.4906368023992972,0.7591256499845109,-0.14842340998583572,0.0,0.11302724087874708,0.3241708151936887,0.07768398843262098,0.37040800499912685,0.8499405696104795,0.0,1.9143436431884766,7.954677679149269,0.5258944809436797
2.221999999999977,0.7226932564265245,0.5119435208171281,0.7528133437556052,-0.14114048845602606,0.0,0.12031016240855674,0.3233212081709591,0.07774080474614667,0.37073103802640583,0.8499403980127552,0.0,1.9143436431884766,7.954677679149269,0.5258944809436797
2.231999999999976,0.7279054338719079,0.5268311751742286,0.7462364645556605,-0.13655749985812307,0.0,0.12489315100645973,0.3224802354675714,0.07780608746473343,0.3714691126012861,0.8499402174977252,0.0,1.9143436431884766,7.954677679149269,0.5258944809436797
2.2419999999999747,0.7332323032852334,0.5358206590622703,0.7396156517375453,-0.13488247945613033,0.0,0.12656817140845247,0.32164703124143124,0.07786889896154456,0.37239031033397896,0.849940032924343,0.0,1.9143436431884766,7.954677679149269,0.5258944809436797
2.2519999999999736,0.7386310283615771,0.5461785414226893,0.7333620540663993,-0.13676181667716555,0.0,0.12468883418741725,0.3208207580023336,0.07792614186809015,0.37256575107914447,0.8499398492748245,0.0,2.2514898777008057,7.954677679149269,0.13650112152099608
2.2619999999999725,0.7442271007145734,0.5652754517921796,0.7281534222421842,-0.14062405669775813,0.0,0.12082659416682467,0.3200006098289752,0.07798669809947449,0.3740316346440058,0.8499396700456706,0.0,2.2514898777008057,7.954677679149269,0.13650112152099608
2.2719999999999714,0.7498871744503508,0.5644897462438788,0.723357903297124,-0.1479381781642505,0.0,0.1135124727003323,0.31918579658223023,0.07804710213687398,0.3744938859963266,0.8499394993414298,0.0,2.2514898777008057,7.954677679149269,0.13650112152099608
2.2819999999999703,0.7554617831994292,0.5512952437489692,0.7191702910979356,-0.15862514913324965,0.0,0.10282550173133315,0.3183755628711843,0.07810630771959015,0.3737845736869082,0.8499393425217651,0.0,2.2514898777008057,7.954677679149269,0.13650112152099608
2.291999999999969,0.7608399505366772,0.5274707248156124,0.7157127520067508,-0.1711813564755897,0.0,0.09026929438899309,0.3175692156785651,0.07816433862572937,0.37365924992774946,0.849939203111257,0.0,2.2514898777008057,7.954677679149269,0.13650112152099608
2.301999999999968,0.765935774886542,0.502969199602495,0.7133398618743907,-0.18541782184129907,0.0,0.07603282902328373,0.3167661428653695,0.07820410307752776,0.3739622792814351,0.8499390834833369,0.0,5.649321482904772,7.954677679149269,0.002128422260284424
2.311999999999967,0.7709006283703722,0.48656681436775284,0.7126396481218519,-0.2017674606078056,0.0,0.05968319025677721,0.3159658192287666,0.07815921704576172,0.37344501978779854,0.8499389866712241,0.0,5.649321482904772,7.954677679149269,0.002128422260284424
2.321999999999966,0.7754861239790389,0.4362620988301218,0.7123240331476824,-0.21953035218741346,0.0,0.04192029867716934,0.31516778678441865,0.07810368544475554,0.3726340136663967,0.8499389150158897,0.0,5.649321482904772,7.954677679149269,0.002128422260284424
2.3319999999999648,0.7794304432776821,0.3642105069303573,0.7124172072700276,-0.238388361052149,0.0,0.0230622898124338,0.314371688652953,0.07797607196225047,0.3714524415247288,0.8499388702994138,0.0,5.649321482904772,7.954677679149269,0.002128422260284424
2.3419999999999637,0.7825572150796427,0.27667408791767245,0.7129148394370493,-0.2566026387116347,0.0,0.004848012152948111,0.31357731341691397,0.0778285866080658,0.3718314608748984,0.8499388524260529,0.0,5.649321482904772,7.954677679149269,0.002128422260284424
2.3519999999999626,0.7847499886393873,0.17979877683141007,0.7138148311971604,-0.27552052361201473,0.0,-0.014069872747431933,0.31278462014659686,0.07765102834997853,0.3713645139693026,0.8499388612633688,0.0,5.987985245703357,7.954677679149269,0.0001874864101409912
2.3619999999999615,0.785925791444321,0.07553785281278792,0.7150512042163925,-0.29356140393085867,0.0,-0.032110753066275866,0.31199375002660346,0.07756315233101796,0.37183858186867924,0.8499388943169865,0.0,5.987985245703357,7.954677679149269,0.0001874864101409912
2.3719999999999604,0.7860397911469893,-0.03138356165029513,0.7166417188546986,-0.31083233612810446,0.0,-0.04938168526352166,0.31120502984343895,0.07755959619045782,0.3726227018155879,0.8499389503336298,0.0,5.987985245703357,7.954677679149269,0.0001874864101409912
2.3819999999999593,0.7850949394040438,-0.13606548547379604,0.7185851208290506,-0.3281104830411909,0.0,-0.06665983217660809,0.31041896783160083,0.07753787745564501,0.37200660478276093,0.8499390293822963,0.0,5.987985245703357,7.954677679149269,0.0001874864101409912
2.391999999999958,0.7831309919840567,-0.23589968025542613,0.72086166130303,-0.3442568843842477,0.0,-0.08280623351966487,0.30963624049263727,0.07756151686472688,0.37116797300717097,0.8499391303603596,0.0,5.987985245703357,7.954677679149269,0.0001874864101409912
2.401999999999957,0.780209471403792,-0.3276651099141199,0.7234811483038773,-0.35858955167478584,0.0,-0.09713890081020304,0.3088576731987156,0.07762773537843373,0.3706421628183575,0.8499392512537175,0.0,5.536262441773802,7.954677679149269,0.00018222928047179066
2.411999999999956,0.7764506696157581,-0.4073356995593514,0.7265395435437411,-0.3706072149828127,0.0,-0.10915656411822988,0.3080842164372553,0.07769526146549571,0.37069069643993857,0.8499393892563784,0.0,5.536262441773802,7.954677679149269,0.00018222928047179066
2.421999999999955,0.771937986061935,-0.47930872805609753,0.7298246444841389,-0.3810571427101431,0.0,-0.11960649184556033,0.30731691534095584,0.07776144779186006,0.3699173657383088,0.8499395418305609,0.0,5.536262441773802,7.954677679149269,0.00018222928047179066
2.4319999999999538,0.766762518483423,-0.5418205659099649,0.7332806633211364,-0.38835469115110427,0.0,-0.12690404028652147,0.30655688473515214,0.07782632093923474,0.37026889101347527,0.8499397058033566,0.0,5.536262441773802,7.954677679149269,0.00018222928047179066
2.4419999999999527,0.7610269991305831,-0.5930228601409935,0.736850621715349,-0.3937865490247497,0.0,-0.1323358981601669,0.30580528595545337,0.07788990696192964,0.3697347125400663,0.8499398779059363,0.0,5.536262441773802,7.954677679149269,0.00018222928047179066
2.4519999999999516,0.7548776611419893,-0.6194659002513011,0.7408298744805278,-0.39568649657192956,0.0,-0.13423584570734676,0.30506330236781853,0.07795223139732058,0.37050890292285255,0.8499400543834315,0.0,3.696573403214524,7.954677679149269,0.026680827140808105
2.4619999999999505,0.748815017331272,-0.5988432055742833,0.7462163666037694,-0.395549724428148,0.0,-0.1340990735635652,0.30433210066457894,0.07801331927610541,0.37031380578398276,0.8499402315208185,0.0,3.696573403214524,7.954677679149269,0.026680827140808105
2.4719999999999493,0.7429133099401728,-0.5845622115673932,0.7514780806347623,-0.39240064606491765,0.0,-0.13094999520033485,0.30361275154747147,0.07807319513235704,0.3704522598984703,0.8499404060335071,0.0,3.696573403214524,7.954677679149269,0.026680827140808105
2.4819999999999482,0.7371576337887593,-0.569255537639893,0.7565159854349259,-0.38589558459311013,0.0,-0.12444493372852733,0.30290621063848616,0.07813188301337667,0.3714971938830306,0.8499405739887465,0.0,3.696573403214524,7.954677679149269,0.026680827140808105
2.491999999999947,0.7315872295884582,-0.5478822037507328,0.7612461919607414,-0.3775504559203906,0.0,-0.1160998050558078,0.30221332774375387,0.07818940648935169,0.3714920765360329,0.8499407320031724,0.0,3.696573403214524,7.954677679149269,0.026680827140808105
2.501999999999946,0.72630584531224,-0.5067259870710763,0.7658946930762087,-0.36732958534197,0.0,-0.10587893447738722,0.3015348455393576,0.0782457886628219,0.37072743246038387,0.8499408773925339,0.0,2.7437693148851396,7.954677679149269,0.27074493169784547
2.511999999999945,0.7217072460113138,-0.4309804201637268,0.7711537620960739,-0.3541941883641203,0.0,-0.09274353749953751,0.3008713799164781,0.07830105217795799,0.37087922463454215,0.8499410071887213,0.0,2.7437693148851396,7.954677679149269,0.27074493169784547
2.521999999999944,0.717791590961759,-0.366116372265881,0.775685936882195,-0.3391944377894302,0.0,-0.0777437869248474,0.3002233671866315,0.07835521922965581,0.37080652244227186,0.8499411180203977,0.0,2.7437693148851396,7.954677679149269,0.27074493169784547
2.5319999999999427,0.714496444672699,-0.3052922615556699,0.7794079916831992,-0.3223077173346538,0.0,-0.060857066470071,0.2995910662402019,0.07840831157245032,0.37099072608452777,0.8499412071587085,0.0,2.7437693148851396,7.954677679149269,0.27074493169784547
2.5419999999999416,0.711813599615209,-0.24335403854341792,0.7822807324750022,-0.30428116350503714,0.0,-0.042830512640454343,0.29897458209002475,0.07846035052925258,0.3708819463319275,0.8499412731202752,0.0,2.7437693148851396,7.954677679149269,0.27074493169784547
2.5519999999999405,0.7097698661806761,-0.17654299731280787,0.7843282130422722,-0.2852264419169184,0.0,-0.023775791052335626,0.2983738780594418,0.0785113569999135,0.3708581785037719,0.8499413145264435,0.0,2.322605866193771,7.954677679149269,0.5681297391653061
2.5619999999999394,0.7084395750819009,-0.10456851354843227,0.7855999470992947,-0.2657686749010654,0.0,-0.004318024036482626,0.29778877940768905,0.07856135146961761,0.37058825065074597,0.8499413302687497,0.0,2.322605866193771,7.954677679149269,0.5681297391653061
2.5719999999999383,0.7077958863282718,-0.03804689549684326,0.7857768566532062,-0.24522182189791542,0.0,0.016228828966667386,0.2972189717072737,0.07861035401711026,0.37160886493508705,0.849941318359934,0.0,2.322605866193771,7.954677679149269,0.5681297391653061
2.5819999999999372,0.7077952280296901,0.025002234744289642,0.7848720895146117,-0.22517616106271887,0.0,0.03627448980186393,0.29666401362018346,0.07865838432276173,0.37228441346670926,0.8499412769471364,0.0,2.322605866193771,7.954677679149269,0.5681297391653061
2.591999999999936,0.7084133288759314,0.08599387940303338,0.7829393063465078,-0.20589565687744144,0.0,0.055554993987141366,0.2961233540104287,0.07870546167647109,0.3728243543560261,0.849941206994604,0.0,2.322605866193771,7.954677679149269,0.5681297391653061
2.601999999999935,0.7096216203722858,0.1422746769453578,0.7799741359552801,-0.1877736251591677,0.0,0.0736770257054151,0.29559634496225323,0.07875160498541357,0.37323280456565966,0.8499411096758688,0.0,2.112720763683319,7.954677679149269,0.6161211580038071
2.611999999999934,0.7113265480362619,0.18897165436136068,0.7758437098744465,-0.1711873137071294,0.0,0.09026333715745341,0.29508225578122493,0.07879683278163392,0.3735230316021937,0.8499409874732352,0.0,2.112720763683319,7.954677679149269,0.6161211580038071
2.621999999999933,0.7134892305738353,0.23399675566335848,0.7708754687534509,-0.15618099975348038,0.0,0.10526965111110242,0.2945802947883416,0.07884116322948934,0.37412511820741157,0.8499408424857093,0.0,2.112720763683319,7.954677679149269,0.6161211580038071
2.6319999999999317,0.7160766233102702,0.2746337802279593,0.7651762508607115,-0.14322999378117865,0.0,0.11822065708340415,0.29408962319546694,0.0788846141329445,0.3747935719718213,0.8499406769835124,0.0,2.112720763683319,7.954677679149269,0.6161211580038071
2.6419999999999306,0.7190465685306515,0.3111965876489639,0.7589119281321823,-0.132737117086611,0.0,0.1287135337779718,0.2936093654395612,0.07892720294272211,0.3753159609141806,0.8499404947551941,0.0,2.112720763683319,7.954677679149269,0.6161211580038071
2.6519999999999295,0.7223594209428224,0.3441785515249235,0.752271526883313,-0.12569909493474632,0.0,0.13575155592983648,0.29313862058993434,0.078947210164365,0.37455700391946267,0.849940300124485,0.0,2.1201632738113405,7.954677679149269,0.5027936726808548
2.6619999999999284,0.7259693944683516,0.3711952773492256,0.7454112942557788,-0.12027459952033709,0.0,0.1411760513442457,0.29267647266086905,0.07894094553508609,0.3752786469530519,0.8499400964476417,0.0,2.1201632738113405,7.954677679149269,0.5027936726808548
2.6719999999999273,0.7298060690607406,0.39112952490886943,0.7384792072242021,-0.11810431685342769,0.0,0.1433463340111551,0.29222200185124947,0.07897394721517134,0.3753707687931719,0.849939887777154,0.0,2.1201632738113405,7.954677679149269,0.5027936726808548
2.681999999999926,0.7338004887113067,0.40393565814543336,0.7316496994363837,-0.11866769109850382,0.0,0.14278295976607897,0.2917742987745535,0.07889087434900514,0.3754505890965699,0.8499396784391665,0.0,2.1201632738113405,7.954677679149269,0.5027936726808548
2.691999999999925,0.7378765989263849,0.40891899963138667,0.7250780929843783,-0.12202095564145057,0.0,0.13942969522313223,0.2913324782512092,0.07879265066437208,0.3754172927131133,0.8499394723619206,0.0,2.1201632738113405,7.954677679149269,0.5027936726808548
2.701999999999924,0.7419854416787129,0.41997707518214805,0.7193023660220568,-0.12825222093895602,0.0,0.13319842992562678,0.2908956932201874,0.07874881553370046,0.37513083245860757,0.8499392738671935,0.0,3.0764412456821444,7.954677679149269,0.05971725583076476
2.711999999999923,0.7464226994349987,0.45407850046998416,0.7154268513734274,-0.13622946670057284,0.0,0.12522118416400996,0.29046313433271137,0.07864942760450835,0.37573277708447783,0.8499390860557129,0.0,3.0764412456821444,7.954677679149269,0.05971725583076476
2.721999999999922,0.7509961242597073,0.45595854527036206,0.7119985887302471,-0.14709872689350414,0.0,0.11435192397107866,0.29003399010150227,0.07856216099218209,0.3752911903034233,0.8499389126133458,0.0,3.0764412456821444,7.954677679149269,0.05971725583076476
2.7319999999999207,0.7554435367982906,0.4349470776248256,0.7090876876220861,-0.1598574085076437,0.0,0.10159324235693909,0.2896074733771148,0.07847493859935131,0.37490403337442135,0.8499387562846793,0.0,3.0764412456821444,7.954677679149269,0.05971725583076476
2.7419999999999196,0.7595775482347922,0.39726688410155614,0.7067581058386335,-0.17383379857336692,0.0,0.08761685229121588,0.2891828708986807,0.0783802844500005,0.3750850169186045,0.849938619625334,0.0,3.0764412456821444,7.954677679149269,0.05971725583076476
2.7519999999999185,0.7632715647514254,0.3527430275807909,0.7052079508002109,-0.1896144665502475,0.0,0.0718361843143353,0.28875957580545847,0.07828619135447089,0.3746197700701237,0.8499385051629561,0.0,5.911145343434685,7.954677679149269,0.0008679628372192383
2.7619999999999174,0.7665447276696319,0.30682389232338825,0.7046902238818392,-0.20662933993909902,0.0,0.054821310925483785,0.2883371030680017,0.0781411203938189,0.3737206190068483,0.8499384150745586,0.0,5.911145343434685,7.954677679149269,0.0008679628372192383
2.7719999999999163,0.7692207384438489,0.23935066730429444,0.7045345399925976,-0.224142809994703,0.0,0.03730784086987979,0.287915085942016,0.07805401024627644,0.37302870617556705,0.8499383498422735,0.0,5.911145343434685,7.954677679149269,0.0008679628372192383
2.781999999999915,0.7711335784507628,0.1578274406510965,0.7047415914994779,-0.24105250671594125,0.0,0.02039814414864155,0.28749329715143934,0.0780201370015508,0.3736314647885792,0.8499383096836957,0.0,5.911145343434685,7.954677679149269,0.0008679628372192383
2.791999999999914,0.7721809056471888,0.06857008594126149,0.7053157961829746,-0.2583417966583262,0.0,0.003108854206256617,0.2870716719669845,0.07797087669074731,0.3736124391172426,0.8499382950733925,0.0,5.911145343434685,7.954677679149269,0.0008679628372192383
2.801999999999913,0.7723085043931429,-0.024783070091106106,0.7062465574801734,-0.27490161787133066,0.0,-0.01345096700674786,0.2866503173769743,0.077907724609649,0.3740065501434281,0.8499383042758711,0.0,5.840487895909708,7.954677679149269,0.00013863444328310326
2.811999999999912,0.771493924201583,-0.11911114904399664,0.7075227592944017,-0.29089898414815296,0.0,-0.02944833328357016,0.28622951118806034,0.07778794452215616,0.37410693291510067,0.8499383346903144,0.0,5.840487895909708,7.954677679149269,0.00013863444328310326
2.821999999999911,0.7697448065244398,-0.21187832934253023,0.709114657753356,-0.3053094906259848,0.0,-0.04385883976140198,0.28580969457879907,0.07762768639223303,0.37487639436240383,0.8499383851575663,0.0,5.840487895909708,7.954677679149269,0.00013863444328310326
2.8319999999999097,0.7670879195534368,-0.3008343107259795,0.7109902769678793,-0.31869791596025154,0.0,-0.05724726509566874,0.28539145945613414,0.0774803175706685,0.37518356958422205,0.8499384538326851,0.0,5.840487895909708,7.954677679149269,0.00013863444328310326
2.8419999999999086,0.7635781566523867,-0.38348218172927323,0.713120092408047,-0.33070077328052855,0.0,-0.06925012241594575,0.2849755322562047,0.07730592130331602,0.3751210168347644,0.849938539010394,0.0,5.840487895909708,7.954677679149269,0.00013863444328310326
2.8519999999999075,0.7592982273964551,-0.4547911470552824,0.715542409844873,-0.34130664449242665,0.0,-0.07985599362784385,0.28456275367713346,0.07708833623749332,0.3743466746603781,0.8499386390081268,0.0,5.132083688438198,7.954677679149269,0.0007877111434936301
2.8619999999999064,0.7544236237343644,-0.5083139984641888,0.718439499245145,-0.35010021468085606,0.0,-0.08864956381627326,0.28415405249802217,0.07685581505174151,0.3731837362742457,0.8499387518661248,0.0,5.132083688438198,7.954677679149269,0.0007877111434936301
2.8719999999999053,0.7490522193788511,-0.5553967855240899,0.7214757539072459,-0.35545349892831046,0.0,-0.09400284806372766,0.2837504083651506,0.07665212454621498,0.37371501301884824,0.8499388735055128,0.0,5.132083688438198,7.954677679149269,0.0007877111434936301
2.881999999999904,0.7432591288205633,-0.5938361377823622,0.7245873392821048,-0.35886949757976305,0.0,-0.09741884671518025,0.2833528267053813,0.07643760295185965,0.3736434764092609,0.8499390005146736,0.0,5.132083688438198,7.954677679149269,0.0007877111434936301
2.891999999999903,0.737147234245671,-0.621155572119842,0.7277237948250186,-0.35992995104172754,0.0,-0.09847930017714474,0.28296232089041656,0.07623761443277328,0.37349319432534456,0.8499391301835144,0.0,5.132083688438198,7.954677679149269,0.0007877111434936301
2.901999999999902,0.730855426773812,-0.6234723155066615,0.7312136773319176,-0.3574748206165196,0.0,-0.09602416975193678,0.2825798910872998,0.07597636938301915,0.374793442071094,0.8499392583033681,0.0,3.0797394007989434,7.954677679149269,0.0798383116722107
2.911999999999901,0.7249178527504946,-0.576479310463061,0.7361585777642666,-0.3531489790355657,0.0,-0.09169832817098289,0.2822064882180825,0.0756588704301884,0.375139057097714,0.8499393819090233,0.0,3.0797394007989434,7.954677679149269,0.0798383116722107
2.9219999999999,0.7193662271782244,-0.541832403517131,0.7407992962883556,-0.3462221449969977,0.0,-0.08477149413241492,0.28184293334085925,0.07534507114686637,0.37563473413795945,0.8499394976542465,0.0,3.0797394007989434,7.954677679149269,0.0798383116722107
2.9319999999998987,0.714140812413275,-0.5094429583695934,0.7450555152311179,-0.3375283254677441,0.0,-0.07607767460316128,0.2814899073724568,0.07498449852206687,0.37529392039580556,0.84993960278591,0.0,3.0797394007989434,7.954677679149269,0.0798383116722107
2.9419999999998976,0.7092561842991947,-0.474011512606883,0.7488513254153379,-0.3265036538644635,0.0,-0.0650530029998807,0.28114797078080145,0.07460840825338817,0.375159798485018,0.8499396946634366,0.0,3.0797394007989434,7.954677679149269,0.0798383116722107
2.9519999999998965,0.704754808812063,-0.4322613909670892,0.7521437943238124,-0.3133349846780167,0.0,-0.05188433381343388,0.28081756922521717,0.07427232203352438,0.3753698616756219,0.8499397701817027,0.0,2.860704432427883,7.954677679149269,0.39571118801832195
2.9619999999998954,0.700739537910857,-0.3806672448801191,0.7549848687856924,-0.2988591691353389,0.0,-0.037408518270756086,0.2804990315275189,0.0739246265929319,0.37507741855374255,0.8499398272745002,0.0,2.860704432427883,7.954677679149269,0.39571118801832195
2.9719999999998943,0.6972510520880342,-0.3273680220252382,0.7570981899970403,-0.2822167585260611,0.0,-0.020766107661478295,0.28019255995722636,0.07356226617785407,0.3758727866863374,0.8499398634653598,0.0,2.860704432427883,7.954677679149269,0.39571118801832195
2.981999999999893,0.6943116346803742,-0.271142278232034,0.7584387804328792,-0.2648533686527427,0.0,-0.0034027177881599258,0.27989822940832665,0.07322277782733438,0.3762640723532409,0.8499398770806417,0.0,2.860704432427883,7.954677679149269,0.39571118801832195
2.991999999999892,0.6919595884154507,-0.21046645197024538,0.7590029441013186,-0.24738592575671103,0.0,0.014064725107871767,0.2796159912126856,0.07286524251101412,0.3758203671474917,0.8499398666670376,0.0,2.860704432427883,7.954677679149269,0.39571118801832195
3.001999999999891,0.6902379248596401,-0.1469254190232354,0.7587630020915882,-0.22944209711458927,0.0,0.032008553749993535,0.27934567411455663,0.0724996720333524,0.3755899344169391,0.8499398303875242,0.0,2.2678990483284,7.954677679149269,0.5440860688686371
3.01199999999989,0.6891275943163131,-0.08710748414380698,0.7575252044756391,-0.21188748883735392,0.0,0.04956316202722888,0.2790869857064082,0.07218380404756886,0.3749483783366996,0.8499397680870635,0.0,2.2678990483284,7.954677679149269,0.5440860688686371
3.0219999999998888,0.6886072751582014,-0.02899473558573215,0.7553489354003198,-0.19434244745908774,0.0,0.06710820340549506,0.2788395231864885,0.07185631057439097,0.37492365167138575,0.8499396801432626,0.0,2.2678990483284,7.954677679149269,0.5440860688686371
3.0319999999998877,0.6886577837532794,0.027564187572255358,0.7522862692436534,-0.17783127760296405,0.0,0.08361937326161875,0.2786027856913952,0.0715568502556218,0.37459349880796133,0.8499395675070873,0.0,2.2678990483284,7.954677679149269,0.5440860688686371
3.0419999999998866,0.6892676189333122,0.08321272809164085,0.7484310557345483,-0.16320856110373708,0.0,0.09824208976084572,0.2783761848203835,0.0712819840959169,0.3733058572142458,0.8499394322720395,0.0,2.2678990483284,7.954677679149269,0.5440860688686371
3.0519999999998855,0.6904173864676143,0.13505376573768724,0.7438318929024429,-0.14951514278737532,0.0,0.11193550807720748,0.27815905351413817,0.07107361501961558,0.37285573912417047,0.849939276216864,0.0,2.1956249475479126,7.954677679149269,0.58814657330513
3.0619999999998844,0.6920412564372601,0.17978448214775716,0.7384868207767227,-0.1370641435019701,0.0,0.1243865073626127,0.277950656621196,0.07085506807038969,0.3731777481819868,0.849939101767445,0.0,2.1956249475479126,7.954677679149269,0.58814657330513
3.0719999999998833,0.6940842834397822,0.22028709385719328,0.7326099252779822,-0.12722037061249516,0.0,0.13423028025208764,0.2777502078101049,0.07061678755370962,0.3726895921946556,0.8499389110682086,0.0,2.1956249475479126,7.954677679149269,0.58814657330513
3.081999999999882,0.6965028284235154,0.2557266797387301,0.7263368062927946,-0.1194305823933517,0.0,0.1420200684712311,0.27755688452855315,0.07032015436764276,0.3724109477523295,0.8499387073815926,0.0,2.1956249475479126,7.954677679149269,0.58814657330513
3.091999999999881,0.6992418542421739,0.2851194869099181,0.7198040079790549,-0.11347312756661003,0.0,0.14797752329797276,0.2773698400715638,0.07003014768679743,0.372899847943275,0.8499384940560158,0.0,2.1956249475479126,7.954677679149269,0.58814657330513
3.10199999999988,0.7022334457109826,0.3061718021626827,0.7130983544065042,-0.11070470812360249,0.0,0.1507459427409803,0.27718821674733785,0.06980624459064312,0.3724834839117406,0.8499382749612171,0.0,2.089343810081482,7.954677679149269,0.4411385044455528
3.111999999999879,0.705346304849433,0.3144753738242457,0.7061742865764565,-0.11041250549724184,0.0,0.15103814536734095,0.2770111618617028,0.06953369813498367,0.37212884369392596,0.8499380539514939,0.0,2.089343810081482,7.954677679149269,0.4411385044455528
3.1219999999998778,0.7085320948758758,0.3207625990674784,0.699475638413017,-0.11298502739365843,0.0,0.14846562347092437,0.2768378503438763,0.06925003816713145,0.37131564877149803,0.8499378352655027,0.0,2.089343810081482,7.954677679149269,0.4411385044455528
3.1319999999998767,0.7117451317478352,0.3207328285819962,0.6931064481166003,-0.1172243206611717,0.0,0.1442263302034111,0.27666749526264856,0.06904234519341476,0.37168355623502314,0.8499376215717525,0.0,2.089343810081482,7.954677679149269,0.4411385044455528
3.1419999999998756,0.7149214796126642,0.314664008879066,0.6872143799953953,-0.12422853184609291,0.0,0.1372221190184899,0.27649935490057015,0.06882583799174104,0.37148780493096345,0.8499374166579117,0.0,2.089343810081482,7.954677679149269,0.4411385044455528
3.1519999999998745,0.7180317299124676,0.31982530087117705,0.6824193014775733,-0.13339063651732527,0.0,0.12806001434725753,0.276332742615615,0.06860104839848409,0.37130967099346635,0.8499372236349464,0.0,4.183349165544207,7.954677679149269,0.01677730679512024
3.1619999999998734,0.7215124442704881,0.36011006779691246,0.6801173936141132,-0.14452273929297366,0.0,0.11692791157160914,0.27616701841716956,0.06835149188390016,0.3709216772260139,0.8499370457790945,0.0,4.183349165544207,7.954677679149269,0.01677730679512024
3.1719999999998723,0.7251323014491137,0.35869497049949817,0.6782004376120149,-0.15708682032273888,0.0,0.10436383054184392,0.27600152798790084,0.06814233954519851,0.3707080959740161,0.8499368857579013,0.0,4.183349165544207,7.954677679149269,0.01677730679512024
3.181999999999871,0.7285578489092976,0.328950718988209,0.6766912871895749,-0.17070075294329226,0.0,0.09074989792129054,0.27583563328127614,0.06798901721034492,0.3708705841143213,0.849936744872246,0.0,4.183349165544207,7.954677679149269,0.01677730679512024
3.19199999999987,0.731566914978931,0.28023427421777075,0.6756191383223616,-0.18523427786137975,0.0,0.07621637300320305,0.2756687758353963,0.06788522141796648,0.3711825769871391,0.849936624747041,0.0,4.183349165544207,7.954677679149269,0.01677730679512024
3.201999999999869,0.7340109490685569,0.21983848859060892,0.6750310256150944,-0.200652848074344,0.0,0.0607978027902388,0.27550051575539186,0.06773651725978026,0.37119475324196827,0.8499365266755122,0.0,5.922725829082909,7.954677679149269,0.0005278050899505393
3.211999999999868,0.7358105602007963,0.15174150223614108,0.6749393947682546,-0.21664889043807994,0.0,0.04480176042650286,0.27533055277353713,0.0675446389954548,0.3708573138381004,0.8499364520755949,0.0,5.922725829082909,7.954677679149269,0.0005278050899505393
3.2219999999998667,0.7368675609029245,0.0738166185969974,0.67518086951859,-0.23229807926611765,0.0,0.029152571598465155,0.27515873445112055,0.06737506018389583,0.3710774855601089,0.84993640057057,0.0,5.922725829082909,7.954677679149269,0.0005278050899505393
3.2319999999998656,0.7371096736053976,-0.009283937495579986,0.67575033067907,-0.2479973422278048,0.0,0.013453308636777989,0.27498506433491543,0.0672188651263671,0.3708913471866002,0.8499363719586909,0.0,5.922725829082909,7.954677679149269,0.0005278050899505393
3.2419999999998645,0.736508377703601,-0.09408540947737805,0.6766386341036692,-0.2632378804004046,0.0,-0.0017872295358217771,0.2748097052528655,0.06704781719756157,0.37053507416492804,0.8499363657074298,0.0,5.922725829082909,7.954677679149269,0.0005278050899505393
3.2519999999998634,0.7350657851538465,-0.1771102950072663,0.6778459728966262,-0.2776787801610052,0.0,-0.016228129296422422,0.27463297421966054,0.06693130938222822,0.3701147752718029,0.8499363796385656,0.0,5.63280521216303,7.954677679149269,0.00019864439964295544
3.2619999999998623,0.7328242788384617,-0.2551945146401103,0.6793988203085681,-0.29081430990691487,0.0,-0.02936365904233207,0.27445533104287506,0.06684781169615135,0.3699794711725062,0.8499364118291346,0.0,5.63280521216303,7.954677679149269,0.00019864439964295544
3.2719999999998612,0.7298218756728493,-0.32961753383065756,0.681205469232422,-0.30222384598832,0.0,-0.04077319512373717,0.2742773609740408,0.06675998089934429,0.37030781765539333,0.8499364598057173,0.0,5.63280521216303,7.954677679149269,0.00019864439964295544
3.28199999999986,0.7261114101975591,-0.39767559786059103,0.6832368601594009,-0.31250600041045423,0.0,-0.05105534954587143,0.27409975777276285,0.06667943179935565,0.36993727003655896,0.8499365219420769,0.0,5.63280521216303,7.954677679149269,0.00019864439964295544
3.291999999999859,0.7217656234713693,-0.4581082017595436,0.6854509947015889,-0.3206653731939223,0.0,-0.0592147223293395,0.27392330543606036,0.0666141658678514,0.37003321426256586,0.8499365958291213,0.0,5.63280521216303,7.954677679149269,0.00019864439964295544
3.301999999999858,0.7168773897563211,-0.5052928349902428,0.6879202232209888,-0.3267880419855954,0.0,-0.06533739112101261,0.27374885740521876,0.06646099615403375,0.37014117446640926,0.8499366790737872,0.0,4.553074120888855,7.954677679149269,0.006537741422653176
3.311999999999857,0.7116644048853189,-0.5314187582148179,0.6909436936822654,-0.33090092450277103,0.0,-0.06945027363818823,0.2735773104292965,0.06625571524389254,0.37002602691064057,0.8499367687271813,0.0,4.553074120888855,7.954677679149269,0.006537741422653176
3.3219999999998557,0.7062179508002252,-0.5526017386418012,0.6940175751719453,-0.33283164518143693,0.0,-0.07138099431685413,0.27340956416063167,0.06603531792710382,0.3698734000930811,0.8499368620836513,0.0,4.553074120888855,7.954677679149269,0.006537741422653176
3.3319999999998546,0.7006030972546227,-0.5661611551801378,0.6970786158006613,-0.3324626451074996,0.0,-0.07101199424291682,0.27324649937045764,0.0658514566179645,0.3698104223005708,0.8499369561131206,0.0,4.553074120888855,7.954677679149269,0.006537741422653176
3.3419999999998535,0.6949056315256142,-0.5707386208469654,0.7000621839821047,-0.32980965473753776,0.0,-0.06835900387295496,0.27308896546726125,0.06574146963574125,0.369900980126893,0.849937047693484,0.0,4.553074120888855,7.954677679149269,0.006537741422653176
3.3519999999998524,0.6892520480468255,-0.551171755787663,0.703302135426559,-0.32480965561093306,0.0,-0.06335900474635026,0.2729377652311084,0.06561460428085528,0.37024773381838094,0.8499371341215977,0.0,2.678927856683731,7.954677679149269,0.15439637303352355
3.3619999999998513,0.6841445486381442,-0.48637046203653994,0.7078122473970383,-0.3182984452791731,0.0,-0.056847794414590314,0.2727936241606497,0.0654795225677233,0.36965761176982836,0.8499372127243359,0.0,2.678927856683731,7.954677679149269,0.15439637303352355
3.3719999999998502,0.6795925306362283,-0.4360110083279165,0.7118878002882232,-0.30894905297138175,0.0,-0.047498402106798954,0.27265711734265274,0.06532627884704258,0.37015877327560476,0.8499372808643798,0.0,2.678927856683731,7.954677679149269,0.15439637303352355
3.381999999999849,0.6754862055641758,-0.3941321086725017,0.7153859517826809,-0.2972999777550085,0.0,-0.03584932689042569,0.2725286661845728,0.06517872184162388,0.3712622923136484,0.8499373342933925,0.0,2.678927856683731,7.954677679149269,0.15439637303352355
3.391999999999848,0.6717928140424652,-0.35243467443422416,0.7182712105407062,-0.2848370113700994,0.0,-0.023386360505516623,0.2724085682693092,0.06502828868241796,0.3712355330442295,0.8499373717579953,0.0,2.678927856683731,7.954677679149269,0.15439637303352355
3.401999999999847,0.6685282276939052,-0.3088045272380858,0.7204813143348411,-0.2703945022605776,0.0,-0.008943851395994795,0.27229701225743985,0.06480788241227729,0.37202992002813573,0.8499373911977611,0.0,2.670662355422974,7.954677679149269,0.49681938290596006
3.411999999999846,0.6657187188976325,-0.2621499600805174,0.7219706756011748,-0.25487514049455956,0.0,0.006575510370023241,0.27219408256430555,0.06453818244730422,0.37277422468974397,0.8499373906854502,0.0,2.670662355422974,7.954677679149269,0.49681938290596006
3.4219999999998447,0.6633963089372507,-0.21187998914789197,0.7227113687712002,-0.23921451340377559,0.0,0.022236137460807215,0.27209976125998037,0.06425773142643214,0.37265659272437857,0.8499373676005055,0.0,2.670662355422974,7.954677679149269,0.49681938290596006
3.4319999999998436,0.6615980216900501,-0.15781730834180802,0.7227011167777663,-0.22358467365050486,0.0,0.037865977214077945,0.2720139287111083,0.06398093413325294,0.3719330672252651,0.849937321262812,0.0,2.670662355422974,7.954677679149269,0.49681938290596006
3.4419999999998425,0.6603615398702699,-0.10066777445131257,0.721951622248513,-0.2074106128937555,0.0,0.05404003797082729,0.27193636335075266,0.06369711760890309,0.37185697814606333,0.8499372516926224,0.0,2.670662355422974,7.954677679149269,0.49681938290596006
3.4519999999998414,0.6596981059831004,-0.04500080311472046,0.720395030879594,-0.19165723773741516,0.0,0.06979341312716764,0.2718667419159273,0.06339394838105968,0.3715305623902875,0.849937158647452,0.0,2.2225912690162657,7.954677679149269,0.5585988342761994
3.4619999999998403,0.6595289168825043,0.0017181151509663983,0.7177797304905374,-0.176267915322664,0.0,0.0851827355419188,0.2718046458351946,0.06314283062637659,0.37160070761420005,0.8499370430861654,0.0,2.2225912690162657,7.954677679149269,0.5585988342761994
3.471999999999839,0.6598214744728611,0.04729565533275349,0.7143667227581373,-0.16133003186278458,0.0,0.10012061900179822,0.2717495803536329,0.06296226708022679,0.3724374425820012,0.8499369054212522,0.0,2.2225912690162657,7.954677679149269,0.5585988342761994
3.481999999999838,0.6605587710936375,0.09133681657223,0.7102379977984615,-0.14838543447976568,0.0,0.11306521638481712,0.27170098774089385,0.0628780444285224,0.37232662200640443,0.849936747425224,0.0,2.2225912690162657,7.954677679149269,0.5585988342761994
3.491999999999837,0.6617247939136965,0.13310832640614761,0.7054935901216383,-0.13664845963416533,0.0,0.12480219123041747,0.27165825518618686,0.06276056221861753,0.3726416348085875,0.8499365713863177,0.0,2.2225912690162657,7.954677679149269,0.5585988342761994
3.501999999999836,0.6632939524144049,0.17188800342970728,0.7002389454888903,-0.12687035094464402,0.0,0.13458029991993878,0.27162072248362046,0.06265176746681354,0.3726685784764252,0.8499363801814039,0.0,2.1913849472999574,7.954677679149269,0.5458191484212875
3.511999999999835,0.665219167388407,0.20620671204923946,0.6945537203467989,-0.11982353831776608,0.0,0.1416271125468167,0.27158769119160797,0.06258157266539605,0.371662409942202,0.8499361769234959,0.0,2.1913849472999574,7.954677679149269,0.5458191484212875
3.5219999999998337,0.6674667675716875,0.23645578576084267,0.6886144069506444,-0.11417570852565154,0.0,0.14727494233893126,0.2715584360007182,0.062479250284053676,0.37164353831584607,0.8499359644585556,0.0,2.1913849472999574,7.954677679149269,0.5458191484212875
3.5319999999998326,0.6699763906558126,0.2600965854168864,0.6825166678341954,-0.11034133082842552,0.0,0.1511093200361573,0.27153221489196067,0.0623615824466247,0.3721861682563592,0.8499357451352176,0.0,2.1913849472999574,7.954677679149269,0.5458191484212875
3.5419999999998315,0.6726896845024055,0.27777685041092093,0.6764097851285388,-0.10887682590644648,0.0,0.15257382495813632,0.27150828193345883,0.062223600188843854,0.3725852531363457,0.8499355227362404,0.0,2.1913849472999574,7.954677679149269,0.5458191484212875
3.5519999999998304,0.6755304405002442,0.2875370192168946,0.6703933601892608,-0.10937024273108181,0.0,0.152080408133501,0.2714859001656058,0.062031557114248875,0.37339480201165576,0.8499352996437928,0.0,2.204507076740265,7.954677679149269,0.2797504641115665
3.5619999999998293,0.6784343450663928,0.29151108573078743,0.6646390821676806,-0.11269317394222801,0.0,0.1487574769223548,0.2714643558202435,0.06176815595678525,0.37331336430930306,0.8499350798144302,0.0,2.204507076740265,7.954677679149269,0.2797504641115665
3.571999999999828,0.6813408754910032,0.28905328192023116,0.6592522347665458,-0.11800964910454416,0.0,0.14344100176003866,0.2714429701996772,0.061450071421829684,0.37340035233439917,0.8499348668469681,0.0,2.204507076740265,7.954677679149269,0.2797504641115665
3.581999999999827,0.6841759964109274,0.2788087740621852,0.6543172979998951,-0.12504812747245797,0.0,0.13640252339212483,0.2714211099804259,0.061136782034564414,0.3738654119109328,0.84993466310607,0.0,2.204507076740265,7.954677679149269,0.2797504641115665
3.591999999999826,0.6868702136791286,0.2625559891785085,0.6499539475245463,-0.13459194958749082,0.0,0.12685870127709198,0.2713981988576536,0.06089631683713326,0.37345635371924757,0.8499344719082605,0.0,2.204507076740265,7.954677679149269,0.2797504641115665
3.601999999999825,0.6894017404573415,0.25500860184040663,0.6466483669502704,-0.14598620900775447,0.0,0.11546444185682833,0.2713737274042652,0.060695067343575944,0.37276243332378145,0.8499342964517057,0.0,4.898605741207394,7.954677679149269,0.006244611740112316
3.611999999999824,0.6920726250297996,0.2693837677649347,0.645310862070909,-0.15810693338369788,0.0,0.10334371748088492,0.2713472459059922,0.06052166709673083,0.3728529241257448,0.8499341381340676,0.0,4.898605741207394,7.954677679149269,0.006244611740112316
3.6219999999998227,0.6946649854498902,0.24897895337445963,0.6443098622736683,-0.17168715647970956,0.0,0.08976349438487324,0.2713183217360102,0.06038341369762776,0.37230982881906693,0.8499339985351873,0.0,4.898605741207394,7.954677679149269,0.006244611740112316
3.6319999999998216,0.6969198113858938,0.2074641318855269,0.6436787655190562,-0.18579496422814484,0.0,0.07565568663643796,0.271286567983096,0.06015991381530443,0.37195223098399366,0.849933879732285,0.0,4.898605741207394,7.954677679149269,0.006244611740112316
3.6419999999998205,0.6986728426847799,0.1521803599051916,0.6434254397643447,-0.20053203551548082,0.0,0.06091861534910198,0.27125169090327234,0.05984171421307521,0.3712000643003416,0.8499337823501759,0.0,4.898605741207394,7.954677679149269,0.006244611740112316
3.6519999999998194,0.6998147849576167,0.08780516915802596,0.643541000008428,-0.2154931607462028,0.0,0.04595749011837999,0.271213516416102,0.05951873011609333,0.3703307174399295,0.8499337065308016,0.0,5.774136481645732,7.954677679149269,0.0004638075828552468
3.6619999999998183,0.7002688807209876,0.016640143175633733,0.6439645455620164,-0.23043192258334422,0.0,0.031018728281238583,0.2711720037273082,0.05918227647587619,0.3692919455060162,0.8499336523296744,0.0,5.774136481645732,7.954677679149269,0.0004638075828552468
3.671999999999817,0.6999911581664927,-0.05770990801624767,0.6446945134057229,-0.24416616902493068,0.0,0.017284481839652116,0.2711272512153581,0.058846699831110794,0.36934488338445004,0.8499336190774927,0.0,5.774136481645732,7.954677679149269,0.0004638075828552468
3.681999999999816,0.6989633214975404,-0.1326857613751214,0.645712500141911,-0.25766309089860634,0.0,0.0037875599659764614,0.2710794957434926,0.058476839255365815,0.3687375910438675,0.84993360566979,0.0,5.774136481645732,7.954677679149269,0.0004638075828552468
3.691999999999815,0.6971944990302741,-0.2059376504783038,0.6469989493863196,-0.2699876635314304,0.0,-0.008537012666847588,0.27102910650899015,0.05815252071446437,0.36847831251609464,0.8499336103649785,0.0,5.774136481645732,7.954677679149269,0.0004638075828552468
3.701999999999814,0.6947130912682707,-0.27507173122596085,0.6485463903255482,-0.2811110438042592,0.0,-0.01966039293967642,0.2709765741812946,0.05781129847042472,0.3682559541646018,0.8499336302674073,0.0,5.412128752200911,7.954677679149269,0.0005330085754394753
3.711999999999813,0.6915939686953617,-0.3358344432332315,0.6504090526932721,-0.29102330346165217,0.0,-0.02957265259706937,0.27092249609336844,0.057496358285538264,0.3677598642796852,0.8499336642931243,0.0,5.412128752200911,7.954677679149269,0.0005330085754394753
3.7219999999998117,0.6879003898096884,-0.3908808459463474,0.6524632841293915,-0.2991829646187756,0.0,-0.03773231375419278,0.27086755522916983,0.05720638041306136,0.36753527201240666,0.8499337100783769,0.0,5.412128752200911,7.954677679149269,0.0005330085754394753
3.7319999999998106,0.6836976347656858,-0.43879061224941057,0.6546670726781474,-0.3057821449377732,0.0,-0.044331494073190425,0.2708125009560136,0.056885771475763236,0.3670276293455075,0.8499337652963211,0.0,5.412128752200911,7.954677679149269,0.0005330085754394753
3.7419999999998095,0.6790661831587312,-0.4781621775504967,0.6569796243110191,-0.3104952536681903,0.0,-0.04904460280360751,0.2707581310312184,0.056577630177882775,0.36654456550849934,0.8499338276726353,0.0,5.412128752200911,7.954677679149269,0.0005330085754394753
3.7519999999998084,0.6741078310744908,-0.5015102566896089,0.6595499351734805,-0.31287715600905514,0.0,-0.051426505144472334,0.27070527208783696,0.05630967167295967,0.3666611912557445,0.8499338942895002,0.0,3.808877173634902,7.954677679149269,0.03148579001426699
3.7619999999998073,0.6691323670822785,-0.4954135329913447,0.6629357219096553,-0.31356267783225933,0.0,-0.05211202696767653,0.2706547524906127,0.056028588929086354,0.3662800481131233,0.8499339629131194,0.0,3.808877173634902,7.954677679149269,0.03148579001426699
3.771999999999806,0.664201837643185,-0.4913410842257706,0.6662482034290838,-0.31126889833002674,0.0,-0.04981824746544394,0.27060735170745476,0.05575945450117563,0.3671807779689733,0.8499340300014719,0.0,3.808877173634902,7.954677679149269,0.03148579001426699
3.781999999999805,0.6593298785572962,-0.48387080185551334,0.6694289844942543,-0.30747839806912936,0.0,-0.046027747204546554,0.2705637848720335,0.055462595037467886,0.3673137567294721,0.849934093165648,0.0,3.808877173634902,7.954677679149269,0.03148579001426699
3.791999999999804,0.6545603321444672,-0.471662103089911,0.6723970263644006,-0.3010759329847725,0.0,-0.039625282120189675,0.27052470353382874,0.05519078682559258,0.36838626867761093,0.8499341490790535,0.0,3.808877173634902,7.954677679149269,0.03148579001426699
3.801999999999803,0.6499738186759587,-0.4430102616125335,0.6753556134245308,-0.2937365248020578,0.0,-0.03228587393747501,0.2704906909712863,0.0549650025097138,0.36823584474694093,0.8499341958392602,0.0,2.5770120143890383,7.954677679149269,0.21599965989589692
3.8119999999998018,0.6459053446280245,-0.38434861131742254,0.6789166724891761,-0.28527905230750744,0.0,-0.02382840144292464,0.2704622450030884,0.0547142201519875,0.36721879320843165,0.8499342318855966,0.0,2.5770120143890383,7.954677679149269,0.21599965989589692
3.8219999999998007,0.642365366896749,-0.33457464773731843,0.6819528191092514,-0.274696361679627,0.0,-0.01324571081504422,0.2704397314093378,0.054441472650737996,0.36694298892919464,0.8499342550633905,0.0,2.5770120143890383,7.954677679149269,0.21599965989589692
3.8319999999997996,0.6392989014852549,-0.28832323988870356,0.6843927266208207,-0.2626173851061733,0.0,-0.0011667342415904725,0.27042338295231755,0.05415699762325824,0.36688085056045916,0.8499342631990681,0.0,2.5770120143890383,7.954677679149269,0.21599965989589692
3.8419999999997985,0.6366907082252997,-0.24255125696096264,0.6861835820795344,-0.2494122433395661,0.0,0.012038407525016698,0.2704133183261124,0.053877033668934524,0.36689852618316365,0.8499342536670361,0.0,2.5770120143890383,7.954677679149269,0.21599965989589692
3.8519999999997974,0.63453904743137,-0.19625054228316827,0.6872812375262733,-0.23539408570216483,0.0,0.02605656516241797,0.27040955314085285,0.05356257644899167,0.36693536174193053,0.8499342236319795,0.0,2.4229623854160307,7.954677679149269,0.49857987463474274
3.8619999999997963,0.6328704224059867,-0.1471589355017547,0.6877003330796068,-0.22127742527491867,0.0,0.04017322558966413,0.27041200665222065,0.05320480411926946,0.36636236358980634,0.84993417308979,0.0,2.4229623854160307,7.954677679149269,0.49857987463474274
3.871999999999795,0.6316894731457643,-0.09884473541971195,0.6873526562086212,-0.20603161563276323,0.0,0.05541903523181957,0.27042050434201625,0.05285768573596709,0.36712732861562725,0.8499341008718245,0.0,2.4229623854160307,7.954677679149269,0.49857987463474274
3.881999999999794,0.6309946352444503,-0.04972595158419732,0.6862687724372003,-0.1919893220086328,0.0,0.06946132885595,0.27043478308194974,0.052497999670953935,0.3663767323642815,0.8499340074896107,0.0,2.4229623854160307,7.954677679149269,0.49857987463474274
3.891999999999793,0.630792315213347,-0.0005644697182328323,0.6844764021506198,-0.17803224885835356,0.0,0.08341840200622924,0.2704544973760161,0.05213854551501077,0.36610592985891766,0.8499338933928079,0.0,2.4229623854160307,7.954677679149269,0.49857987463474274
3.901999999999792,0.6310766563851762,0.045871662743513994,0.6819575841978923,-0.16469791314168222,0.0,0.09675273772290058,0.27047922429404425,0.051816335659526994,0.3660326553438982,0.8499337597624211,0.0,2.1423207402229307,7.954677679149269,0.555305117368698
3.9119999999997908,0.6317441420457932,0.08043557582976865,0.6784677210173514,-0.1516668273529377,0.0,0.10978382351164509,0.27050847212259865,0.05149420698563767,0.36697902166033936,0.8499336066949735,0.0,2.1423207402229307,7.954677679149269,0.555305117368698
3.9219999999997897,0.6327542669377828,0.11451214514815194,0.6743534570434127,-0.14042614020732408,0.0,0.12102451065725872,0.27054170201781663,0.051165852699734574,0.367222239921568,0.8499334362383708,0.0,2.1423207402229307,7.954677679149269,0.555305117368698
3.9319999999997886,0.6341027328976286,0.14835056812359004,0.6697413386900788,-0.1313859103743484,0.0,0.1300647404902344,0.27057834088715094,0.050823858028879586,0.3665130784087516,0.8499332512950968,0.0,2.1423207402229307,7.954677679149269,0.555305117368698
3.9419999999997875,0.6357749132961583,0.17914691026270443,0.6647197169167166,-0.12342086438179142,0.0,0.13802978648279138,0.2706177853731999,0.05044452452061777,0.3666682002767676,0.8499330538675315,0.0,2.1423207402229307,7.954677679149269,0.555305117368698
3.9519999999997864,0.6377247674746968,0.2051335596582821,0.65938613120361,-0.11660148317197844,0.0,0.14484916769260436,0.27065940783534326,0.05008807319178669,0.3678563663846711,0.8499328458126584,0.0,2.1749072670936584,7.954677679149269,0.5375102758407593
3.9619999999997852,0.6399159569193635,0.22785642099684614,0.6539184179963439,-0.11262958558899511,0.0,0.1488210652755877,0.2707025667305145,0.04973003693124446,0.36783043946959837,0.8499326302135768,0.0,2.1749072670936584,7.954677679149269,0.5375102758407593
3.971999999999784,0.6423116146945052,0.24668775924132497,0.6484191916207442,-0.11119283341027222,0.0,0.15025781745431058,0.2707466154934126,0.04939256250708315,0.3671341828656104,0.8499324112587995,0.0,2.1749072670936584,7.954677679149269,0.5375102758407593
3.981999999999783,0.6448583230918387,0.2589335981641747,0.6429750117679763,-0.11098399802743718,0.0,0.1504666528371456,0.27079091081916734,0.04906365183486278,0.36763213884471846,0.8499321911537014,0.0,2.1749072670936584,7.954677679149269,0.5375102758407593
3.991999999999782,0.6474864552373485,0.2643691036127629,0.6376941258276604,-0.11284119287217936,0.0,0.14860945799240344,0.2708348235241638,0.04876031743659878,0.3681241533963494,0.8499319726959438,0.0,2.1749072670936584,7.954677679149269,0.5375102758407593
4.001999999999781,0.6501374043911007,0.26941190750620536,0.6328708208706247,-0.11646782516174341,0.0,0.14498282570283938,0.27087775148501214,0.04844259311356512,0.3688947730418477,0.8499317582717051,0.0,2.7481194019317625,7.954677679149269,0.1384636580944061
4.01199999999978,0.6529483352138464,0.2860404356670905,0.6291761130304118,-0.12226934799149351,0.0,0.13918130287308927,0.27091912523438894,0.04810674046601619,0.36915845319171003,0.8499315509818761,0.0,2.7481194019317625,7.954677679149269,0.1384636580944061
4.021999999999779,0.65581597723308,0.2851699631108628,0.6258688004764921,-0.13028361736989763,0.0,0.13116703349468517,0.2709583897872382,0.047789833622982184,0.3686229750142942,0.849931354494393,0.0,2.7481194019317625,7.954677679149269,0.1384636580944061
4.031999999999778,0.6585857875975069,0.26987541770746337,0.6229856149824439,-0.1391728975800151,0.0,0.12227775328456769,0.27099501852560315,0.04750904127313793,0.3689816323204783,0.8499311701780031,0.0,2.7481194019317625,7.954677679149269,0.1384636580944061
4.041999999999777,0.6611342828290017,0.24355735008395069,0.620575627689837,-0.14909565143452924,0.0,0.11235499943005356,0.2710285415059476,0.0472137474365322,0.3696488172466146,0.849930999816193,0.0,2.7481194019317625,7.954677679149269,0.1384636580944061
4.051999999999776,0.6633811479109876,0.21519668780539852,0.6188526245933096,-0.1606032786110337,0.0,0.10084737225354909,0.2710585661011147,0.0469324033686393,0.36955594919944434,0.84993084535779,0.0,5.331470066683608,7.954677679149269,0.003118711709976185
4.061999999999775,0.665409380303739,0.19146675636096816,0.6181721529700568,-0.17283892845136045,0.0,0.08861172241322235,0.27108478438148964,0.046685837404881726,0.3695147013314304,0.8499307084319624,0.0,5.331470066683608,7.954677679149269,0.003118711709976185
4.071999999999774,0.6670823658525089,0.14923095464640118,0.6177987420740075,-0.18593517863488532,0.0,0.07551547222969748,0.27110696051178373,0.046507036780817995,0.3690038418491075,0.8499305903935591,0.0,5.331470066683608,7.954677679149269,0.003118711709976185
4.0819999999997725,0.6682592506271969,0.09552209663754152,0.6177385488474441,-0.19933308110631898,0.0,0.062117569758263824,0.271124946881948,0.04635896123097766,0.3684258389590428,0.8499304917705343,0.0,5.331470066683608,7.954677679149269,0.003118711709976185
4.091999999999771,0.6688490872309802,0.033721604929723946,0.6179763176865359,-0.21164911242513948,0.0,0.04980153843944332,0.27113870559708286,0.04621611207639349,0.3693376467320023,0.8499304117559483,0.0,5.331470066683608,7.954677679149269,0.003118711709976185
4.10199999999977,0.6687939135972536,-0.03203565795479712,0.6185037787679474,-0.22457076005251336,0.0,0.03687989081206944,0.27114831912938714,0.046091184181836296,0.3690071318726732,0.8499303503474203,0.0,5.590462699280607,7.954677679149269,0.000524926185607899
4.111999999999769,0.668068110318971,-0.09953643526552404,0.6192860710074484,-0.23669869358042642,0.0,0.024751957284156384,0.2711539933230629,0.04595862358613132,0.36904388571067404,0.8499303071149458,0.0,5.590462699280607,7.954677679149269,0.000524926185607899
4.121999999999768,0.6666718549959675,-0.1661938397566013,0.6203216148427915,-0.24784780724055303,0.0,0.013602843624029776,0.27115605388416186,0.04580406333019368,0.3693532780813611,0.8499302808537266,0.0,5.590462699280607,7.954677679149269,0.000524926185607899
4.131999999999767,0.6646243848022868,-0.2300570184371551,0.6215893896948808,-0.2582132098874337,0.0,0.0032374409771491197,0.2711549381694068,0.04566224780361628,0.3693667399138071,0.8499302703028347,0.0,5.590462699280607,7.954677679149269,0.000524926185607899
4.141999999999766,0.6619603689461097,-0.2899661703892982,0.6230586991013928,-0.2673010971140324,0.0,-0.005850446249449581,0.271151183515438,0.04557521566879301,0.3695602496690078,0.8499302732051073,0.0,5.590462699280607,7.954677679149269,0.000524926185607899
4.151999999999765,0.6587354347574484,-0.3420819936883002,0.6247588526135798,-0.2751666288299126,0.0,-0.013715977965329806,0.2711454131919372,0.045522850036687004,0.3695793999614685,0.8499302872489995,0.0,4.833136776102968,7.954677679149269,0.003367602825164795
4.161999999999764,0.655072116689469,-0.38203385588533867,0.626825116750685,-0.2812081114571203,0.0,-0.019757460592537524,0.2711383180721529,0.04550863232429342,0.37005633511468317,0.8499303103279562,0.0,4.833136776102968,7.954677679149269,0.003367602825164795
4.171999999999763,0.6510364543707443,-0.41732523200868965,0.6290043524018619,-0.2854134631388522,0.0,-0.023962812274269385,0.27113063036667373,0.04551284925713832,0.3707883043522514,0.8499303400586964,0.0,4.833136776102968,7.954677679149269,0.003367602825164795
4.1819999999997615,0.6466902024120104,-0.444929743313228,0.6312648251537273,-0.28915784828120517,0.0,-0.027707197416622364,0.2711231058279899,0.0455509929309648,0.36975814139961727,0.8499303748626051,0.0,4.833136776102968,7.954677679149269,0.003367602825164795
4.19199999999976,0.642119618412437,-0.46405466630396447,0.6335630642823185,-0.29037568646052686,0.0,-0.02892503559594406,0.2711165090891899,0.04564225909457073,0.36980200467434243,0.8499304125507329,0.0,4.833136776102968,7.954677679149269,0.003367602825164795
4.201999999999759,0.6374324918198903,-0.4640301946275127,0.636128784696475,-0.2905016967452216,0.0,-0.02905104588063878,0.27111159606697577,0.045744569461249614,0.3688564479453983,0.8499304510221528,0.0,3.033479488125381,7.954677679149269,0.08986206650733947
4.211999999999758,0.6330112411559392,-0.4289650643498873,0.6397040274273215,-0.28881318079257967,0.0,-0.02736252992799687,0.27110908652536375,0.045872134789358365,0.3678802531899168,0.8499304882029594,0.0,3.033479488125381,7.954677679149269,0.08986206650733947
4.221999999999757,0.6288861533491912,-0.40200560728077034,0.6430881977042726,-0.2845318965938147,0.0,-0.023081245729231925,0.2711096058897466,0.04598474611550009,0.3679894874341938,0.8499305207374069,0.0,3.033479488125381,7.954677679149269,0.08986206650733947
4.231999999999756,0.6250216106137206,-0.3761287533174699,0.6462228584141744,-0.27865137723614164,0.0,-0.01720072637155884,0.2711136768191593,0.046133186690576415,0.3679468580439599,0.8499305466642028,0.0,3.033479488125381,7.954677679149269,0.08986206650733947
4.241999999999755,0.6214247210122599,-0.34851135956479823,0.6490356924715678,-0.2710394162385548,0.0,-0.009588765373972019,0.27112173224380265,0.04631406711956084,0.368136148881962,0.8499305635503851,0.0,3.033479488125381,7.954677679149269,0.08986206650733947
4.251999999999754,0.618131207564501,-0.314219834770149,0.6515546656435977,-0.2619466411000828,0.0,-0.0004959902355000101,0.2711341198646459,0.04648673461013636,0.36842802290651666,0.8499305694699372,0.0,2.5597302436828615,7.954677679149269,0.2968932746909559
4.261999999999753,0.6152573232130052,-0.2698972322868684,0.6539143670093104,-0.25184944887310307,0.0,0.009601201991479735,0.27115109908764634,0.04669520717942371,0.36840389142117047,0.8499305614306998,0.0,2.5597302436828615,7.954677679149269,0.2968932746909559
4.2719999999997516,0.6128138451638111,-0.2271625705864552,0.65571595792013,-0.24072251275129147,0.0,0.020728138113291328,0.27117282841377577,0.04685890751697993,0.36837693569171504,0.8499305376771856,0.0,2.5597302436828615,7.954677679149269,0.2968932746909559
4.2819999999997505,0.6107939579539527,-0.18530566970558718,0.6569033765293384,-0.22806173687439957,0.0,0.03338891399018323,0.2711993673894671,0.04700292041909877,0.3693634259570492,0.8499304962633643,0.0,2.5597302436828615,7.954677679149269,0.2968932746909559
4.291999999999749,0.6091954818005132,-0.14249489002764962,0.6574599362770694,-0.2155526042438991,0.0,0.0458980466206837,0.2712306847707495,0.04709504988614407,0.36939215800465186,0.8499304363964832,0.0,2.5597302436828615,7.954677679149269,0.2968932746909559
4.301999999999748,0.6080439776149661,-0.09686682291693699,0.6574076024389409,-0.2031970388537746,0.0,0.0582536120108082,0.27126666450304276,0.04710946592276884,0.36877681393206396,0.8499303587027383,0.0,2.2347028613090516,7.954677679149269,0.5380961745977402
4.311999999999747,0.6073403947245591,-0.05290642054024339,0.6566514063676832,-0.1904278520039926,0.0,0.07102279886059021,0.27130710756125526,0.0471342847162903,0.36878951730256715,0.849930262402535,0.0,2.2347028613090516,7.954677679149269,0.5380961745977402
4.321999999999746,0.6070601423118547,-0.011884298322471093,0.6551772320168454,-0.17715898569792554,0.0,0.08429166516665726,0.2713517374417494,0.047223930495182746,0.369997506733467,0.8499301468517864,0.0,2.2347028613090516,7.954677679149269,0.5380961745977402
4.331999999999745,0.6071829311431906,0.028111498282389243,0.6530442763747327,-0.16510935034191243,0.0,0.09634130052267037,0.27140021007876036,0.04730407222739161,0.37033503516377075,0.849930013271546,0.0,2.2347028613090516,7.954677679149269,0.5380961745977402
4.341999999999744,0.6076913906141198,0.06590846579688625,0.650289571063374,-0.15387286230358235,0.0,0.10757778856100045,0.2714521226557081,0.047407477845979554,0.370726838891132,0.8499298623297986,0.0,2.2347028613090516,7.954677679149269,0.5380961745977402
4.351999999999743,0.6085709889793521,0.10172034862161901,0.646976197855136,-0.14433877052320015,0.0,0.11711188034138265,0.27150702117889747,0.04756089457176087,0.3702944709122521,0.8499296963962348,0.0,2.118324029445648,7.954677679149269,0.5853886038064957
4.361999999999742,0.6097744540815537,0.1326267806040643,0.6430755979782784,-0.13585457700344625,0.0,0.12559607386113655,0.27156440809693677,0.04767677153562382,0.37017675687484053,0.8499295177723984,0.0,2.118324029445648,7.954677679149269,0.5853886038064957
4.3719999999997405,0.6112758096224474,0.1614769744730021,0.6387904832690955,-0.1287535533741816,0.0,0.1326970974904012,0.27162375351730816,0.0478735234919762,0.3702810235087032,0.8499293277325632,0.0,2.118324029445648,7.954677679149269,0.5853886038064957
4.381999999999739,0.6130493979863718,0.1876509169345536,0.6342263975022031,-0.12338148819203311,0.0,0.1380691626725497,0.2716845036916719,0.04813577071879613,0.3703054155272042,0.8499291287311239,0.0,2.118324029445648,7.954677679149269,0.5853886038064957
4.391999999999738,0.6150602760471561,0.20914608729777437,0.6294696809457773,-0.11887684377378337,0.0,0.14257380709079942,0.27174608806238926,0.04841631042258263,0.3716037195299611,0.8499289227967286,0.0,2.118324029445648,7.954677679149269,0.5853886038064957
4.401999999999737,0.6172554945338651,0.22617418189250538,0.6246349886780861,-0.11691958217695449,0.0,0.14453106868762833,0.27180792810054916,0.04873724024721956,0.3719030286317635,0.8499287124576442,0.0,2.1394974112510683,7.954677679149269,0.4803298324346542
4.411999999999736,0.6196032648623422,0.2399159422234419,0.6198789073812329,-0.1168207478488837,0.0,0.1446299030156991,0.2718694477741602,0.04906109120673628,0.37220421658824443,0.8499285008891028,0.0,2.1394974112510683,7.954677679149269,0.4803298324346542
4.421999999999735,0.6220613245171008,0.248901428541279,0.6152811228159942,-0.11875684105939642,0.0,0.14269380980518637,0.2719300807973743,0.049373655815566346,0.3722224234205356,0.8499282910955901,0.0,2.1394974112510683,7.954677679149269,0.4803298324346542
4.431999999999734,0.6245757172810219,0.25252657644152154,0.6109362581263282,-0.12254518950999439,0.0,0.13890546135458842,0.27198927872960316,0.049701035196441555,0.3721338730003755,0.8499280855344573,0.0,2.1394974112510683,7.954677679149269,0.4803298324346542
4.441999999999733,0.6271008604225001,0.25206728836416403,0.6069666715172143,-0.12847069629363805,0.0,0.13297995457094475,0.2720465203886044,0.050055431415299605,0.37149416720363804,0.8499278874081697,0.0,2.1394974112510683,7.954677679149269,0.4803298324346542
4.451999999999732,0.6296069877459765,0.2550666863997695,0.6036979258000228,-0.13520818302231166,0.0,0.12624246784227114,0.27210131953732436,0.0503823714796329,0.3718781020441051,0.8499276984860302,0.0,3.530333744929612,7.954677679149269,0.05962775945663451
4.461999999999731,0.6322946240253925,0.2737236510167926,0.6018606460412642,-0.1430257312273056,0.0,0.11842491963727719,0.27215322329520086,0.05072240555665145,0.3726675093722023,0.8499275208649232,0.0,3.530333744929612,7.954677679149269,0.05962775945663451
4.4719999999997295,0.6350073324742004,0.2667143737152162,0.6003379606267104,-0.15161306087550308,0.0,0.10983758998907972,0.2722017850472001,0.050989389085761325,0.3739278137254528,0.849927355436698,0.0,3.530333744929612,7.954677679149269,0.05962775945663451
4.481999999999728,0.6375428098061531,0.2433047292325864,0.5991706754019532,-0.16226125385819642,0.0,0.09918939700638638,0.27224658622953574,0.051212849023729946,0.37358466132746515,0.8499272040377008,0.0,3.530333744929612,7.954677679149269,0.05962775945663451
4.491999999999727,0.6397773284748062,0.2089786512500611,0.5983924175365334,-0.1729025598007314,0.0,0.08854809106385139,0.2722872733410114,0.051438971275760983,0.3742778215243131,0.8499270682314867,0.0,3.530333744929612,7.954677679149269,0.05962775945663451
4.501999999999726,0.6416209369269068,0.1677269739234306,0.5980340405797255,-0.18476310460225934,0.0,0.07668754626232346,0.2723235788385166,0.051737615813116575,0.37403990002835685,0.8499269488881332,0.0,5.536676006838798,7.954677679149269,0.002110934257507302
4.511999999999725,0.6430258464481933,0.12126359970649533,0.5980761463842778,-0.19726456705837386,0.0,0.06418608380620894,0.2723553325897232,0.05204043916001036,0.3733275733943895,0.8499268475711921,0.0,5.536676006838798,7.954677679149269,0.002110934257507302
4.521999999999724,0.643922986100861,0.0679246836031433,0.5983951757121161,-0.20927368477982053,0.0,0.05217696608476227,0.2723824662202347,0.052347328013248255,0.3733522373923275,0.8499267642584535,0.0,5.536676006838798,7.954677679149269,0.002110934257507302
4.531999999999723,0.644260456028212,0.010526478012272411,0.5989829547183267,-0.2211216885339429,0.0,0.0403289623306399,0.2724050187965638,0.05274838492450308,0.37343046343212494,0.8499266985478005,0.0,5.536676006838798,7.954677679149269,0.002110934257507302
4.541999999999722,0.6440096090203321,-0.049060851399136164,0.5998230875321021,-0.2320955073941098,0.0,0.029355143470472994,0.27242313963299736,0.0531472782966951,0.37419470505592,0.849926649499842,0.0,5.536676006838798,7.954677679149269,0.002110934257507302
4.551999999999721,0.6431618988494202,-0.10827202397152569,0.6009081655508272,-0.24306403013880035,0.0,0.018386620725782454,0.27243708634404973,0.053588752964718045,0.3741193195446906,0.8499266163913357,0.0,5.409199941499853,7.954677679149269,0.0010161638259887917
4.56199999999972,0.641738429056569,-0.16457323235143181,0.6022439874490912,-0.2532938116970378,0.0,0.008156839167545005,0.2724472187420197,0.054013443322434955,0.37392353081464025,0.8499265984389545,0.0,5.409199941499853,7.954677679149269,0.0010161638259887917
4.5719999999997185,0.6397741488211557,-0.2170188169037723,0.6037937415706314,-0.26246619168203145,0.0,-0.0010155408174486458,0.2724539878254637,0.05441152406350502,0.37374492289429617,0.8499265946542391,0.0,5.409199941499853,7.954677679149269,0.0010161638259887917
4.581999999999717,0.6373160774428198,-0.2642302080059847,0.6055348888824111,-0.27094340612605944,0.0,-0.009492755261476638,0.2724579223552797,0.05480474276070631,0.37290262933982643,0.849926602876371,0.0,5.409199941499853,7.954677679149269,0.0010161638259887917
4.591999999999716,0.634420544016143,-0.305669459308858,0.6074345695565759,-0.27753665189215737,0.0,-0.01608600102757457,0.2724596140364953,0.05519924275394059,0.37285005653880243,0.849926620909258,0.0,5.409199941499853,7.954677679149269,0.0010161638259887917
4.601999999999715,0.631155076254372,-0.33686933905163924,0.6095659317287837,-0.2829299790043253,0.0,-0.021479328139742515,0.27245970189712215,0.05559260785947993,0.37247970809783937,0.8499266466824354,0.0,4.265542400941523,7.954677679149269,0.019062906503677368
4.611999999999714,0.6277034345659644,-0.3506151595953971,0.6122266729163361,-0.2864971497792752,0.0,-0.025046498914692406,0.2724588527356186,0.05599881186767087,0.37251411280962543,0.8499266778714413,0.0,4.265542400941523,7.954677679149269,0.019062906503677368
4.621999999999713,0.6241234220433136,-0.36247212995497646,0.614939734692992,-0.288353800438445,0.0,-0.026903149573862195,0.2724577285088409,0.05643021149323337,0.37270419506918184,0.8499267125438309,0.0,4.265542400941523,7.954677679149269,0.019062906503677368
4.631999999999712,0.620447670888306,-0.37034818257120505,0.6176497073711372,-0.28831325773406286,0.0,-0.026862606869480055,0.27245697173911076,0.05689879682800431,0.3733018613616945,0.8499267482176245,0.0,4.265542400941523,7.954677679149269,0.019062906503677368
4.641999999999711,0.6167297267263331,-0.3719883230929224,0.6203155239585064,-0.286995275524527,0.0,-0.025544624659944226,0.27245719965193166,0.05736969082083147,0.3734029631388992,0.8499267830351641,0.0,4.265542400941523,7.954677679149269,0.019062906503677368
4.65199999999971,0.6130601590511443,-0.3541649264706499,0.6232427850391895,-0.2841047064184772,0.0,-0.02265405555389438,0.27245899503864607,0.05783914945115525,0.3734828158085608,0.8499268146845328,0.0,2.4997495651245116,7.954677679149269,0.1573460519313812
4.661999999999709,0.6098784595519029,-0.2971776379242152,0.6273797224853996,-0.27949838088018925,0.0,-0.018047730015606445,0.27246288243930245,0.05829929372240031,0.3737195740844611,0.8499268412349719,0.0,2.4997495651245116,7.954677679149269,0.1573460519313812
4.6719999999997075,0.6071624761728299,-0.2559347570422945,0.631167123260012,-0.2730917235899964,0.0,-0.011641072725413593,0.272469264969522,0.05875030843740005,0.37431696454832963,0.8499268602424319,0.0,2.4997495651245116,7.954677679149269,0.1573460519313812
4.681999999999706,0.6048119520398003,-0.22156550589680357,0.6345428924982132,-0.26582275298441727,0.0,-0.0043721021198344645,0.27247842530100364,0.059192374732381606,0.37416840466986434,0.8499268699111288,0.0,2.4997495651245116,7.954677679149269,0.1573460519313812
4.691999999999705,0.6027871399738262,-0.1900196384308373,0.637437992715496,-0.2564083587380417,0.0,0.005042292126541115,0.27249055253627513,0.0596256701497137,0.3753162799244453,0.8499268679643399,0.0,2.4997495651245116,7.954677679149269,0.1573460519313812
4.701999999999704,0.6010821577242728,-0.15663854105551872,0.6398381280992125,-0.24736239946046076,0.0,0.014088251404122037,0.27250575662241305,0.06005036870921103,0.37452038307724034,0.8499268525985967,0.0,2.4445073544979095,7.954677679149269,0.4879934549331665
4.711999999999703,0.5997368785445099,-0.11959607282219058,0.6417470339088802,-0.23704619656528164,0.0,0.02440445429930116,0.27252407412205637,0.06046664097802403,0.3743830500538803,0.8499268229574464,0.0,2.4445073544979095,7.954677679149269,0.4879934549331665
4.721999999999702,0.5987753131757954,-0.08066122602842524,0.6430944661330571,-0.2260910954961974,0.0,0.03535955536838539,0.2725454666791451,0.060874654139141934,0.3743526387111067,0.8499267780489271,0.0,2.4445073544979095,7.954677679149269,0.4879934549331665
4.731999999999701,0.5982007910065695,-0.04155439593715206,0.643833777532541,-0.21472425177123386,0.0,0.04672639909334894,0.27256982147021414,0.06127457205853667,0.37445834131067,0.8499267162656176,0.0,2.4445073544979095,7.954677679149269,0.4879934549331665
4.7419999999997,0.5980312308555884,-0.00048054884104094253,0.6439992885317222,-0.2034888882240105,0.0,0.05796176264057229,0.27259695484728985,0.06166655535097463,0.3742942980765841,0.8499266383147733,0.0,2.4445073544979095,7.954677679149269,0.4879934549331665
4.751999999999699,0.5982701323007196,0.03980634588761096,0.6435596275478392,-0.19253495358530914,0.0,0.06891569727927366,0.2726266145126183,0.06205076144452265,0.3740047417243033,0.8499265436769586,0.0,2.0708370447158813,7.954677679149269,0.636841070652008
4.761999999999698,0.5989035013527924,0.07911794307100331,0.6424838383527965,-0.1830312127999416,0.0,0.07841943806464119,0.27265848371800255,0.06242734464377417,0.37230899099335624,0.8499264345788775,0.0,2.0708370447158813,7.954677679149269,0.636841070652008
4.7719999999996965,0.5999250477901094,0.11699729972735468,0.6408390659323457,-0.1730245608941115,0.0,0.0884260899704713,0.27269218803633677,0.06279645619182092,0.37228762864142595,0.8499263110941631,0.0,2.0708370447158813,7.954677679149269,0.636841070652008
4.781999999999695,0.6012986485440487,0.15050281717950575,0.6386279889932711,-0.16323881812641663,0.0,0.09821183273816617,0.2727273017686845,0.06315824433099512,0.3732429243829659,0.8499261730205862,0.0,2.0708370447158813,7.954677679149269,0.636841070652008
4.791999999999694,0.6029928275963523,0.18183918971974214,0.6359523852354215,-0.15556679058403508,0.0,0.10588386028054772,0.27276335802382323,0.06351285436240643,0.3728081665588241,0.8499260225768271,0.0,2.0708370447158813,7.954677679149269,0.636841070652008
4.801999999999693,0.6049909061750249,0.21145963046468286,0.6329156510142206,-0.14913766621634603,0.0,0.11231298464823677,0.27279985791581246,0.06386042870429767,0.37245041175815563,0.8499258620073068,0.0,2.0794988751411436,7.954677679149269,0.548882845044136
4.811999999999692,0.6072647933482018,0.2376371241781094,0.6295932514665525,-0.14382586696382305,0.0,0.11762478390075976,0.2728362769343465,0.06420110694924273,0.37255020598683886,0.8499256927771044,0.0,2.0794988751411436,7.954677679149269,0.548882845044136
4.821999999999691,0.6097790511524842,0.2601562351092117,0.6260793568613823,-0.140131395204552,0.0,0.1213192556600308,0.27287207249983425,0.06453502592020971,0.3725655837822889,0.8499255173047718,0.0,2.0794988751411436,7.954677679149269,0.548882845044136
4.83199999999969,0.6124894955504155,0.27740318613138965,0.6224502507097044,-0.13742712880794394,0.0,0.12402352205663886,0.27290669258835476,0.06486231972551165,0.3734834672755162,0.8499253373726637,0.0,2.0794988751411436,7.954677679149269,0.548882845044136
4.841999999999689,0.6153453871902483,0.2906171707925441,0.6188234319382602,-0.13736398827480625,0.0,0.12408666258977655,0.27293958558965514,0.06518311981266697,0.37304855690773886,0.849925155802237,0.0,2.0794988751411436,7.954677679149269,0.548882845044136
4.851999999999688,0.6183125306682363,0.3010801758805259,0.6153473067076147,-0.13860120395365852,0.0,0.12284944691092428,0.2729702101339645,0.06549755502119137,0.37314307472131847,0.8499249752371685,0.0,2.209882366657257,7.954677679149269,0.29700356908142567
4.861999999999687,0.6213830950288753,0.3098534266050227,0.6122146880736424,-0.14111003109870934,0.0,0.12034061976587346,0.27299804122603166,0.06580575163434225,0.37374706584819994,0.8499247976919145,0.0,2.209882366657257,7.954677679149269,0.29700356908142567
4.8719999999996855,0.6244935410394672,0.310879337197768,0.6093430545129009,-0.14550613941297075,0.0,0.11594451145161205,0.27302257306913136,0.06610783342983657,0.37389308769515006,0.8499246254803065,0.0,2.209882366657257,7.954677679149269,0.29700356908142567
4.881999999999684,0.6275766472590948,0.3057294378536147,0.6068207260069505,-0.15141827341170527,0.0,0.11003237745287753,0.27304332919673047,0.06640392172956229,0.37395706664304995,0.8499244610234198,0.0,2.209882366657257,7.954677679149269,0.29700356908142567
4.891999999999683,0.6305687098795962,0.2942415845539996,0.6047023729912709,-0.1584001054440031,0.0,0.1030505454205797,0.27305987419736616,0.06669413544830362,0.37437578552511297,0.8499243059067092,0.0,2.209882366657257,7.954677679149269,0.29700356908142567
4.901999999999682,0.6334284079730474,0.2829317800205058,0.6031994494799585,-0.1668782557906215,0.0,0.09457239507396131,0.27307182346045644,0.06697859114149952,0.37432435346806847,0.8499241624824212,0.0,4.032520835704593,7.954677679149269,0.024118798971176136
4.911999999999681,0.6362314154482077,0.2758924427166166,0.6026072241185227,-0.17664000260689142,0.0,0.08481064825769138,0.2730788455998686,0.0672574030520546,0.37380410173504175,0.8499240327912335,0.0,4.032520835704593,7.954677679149269,0.024118798971176136
4.92199999999968,0.6388612011268748,0.252882880694234,0.602334121590347,-0.18751081527858718,0.0,0.07393983558599562,0.2730806517026399,0.06753068315622124,0.37276916013759887,0.8499239179333559,0.0,4.032520835704593,7.954677679149269,0.024118798971176136
4.931999999999679,0.6411963958482717,0.2192067729857956,0.6023991399777107,-0.19792274153589573,0.0,0.06352790932868707,0.2730770103302203,0.06779854120857147,0.37313684830497473,0.8499238189595617,0.0,4.032520835704593,7.954677679149269,0.024118798971176136
4.941999999999678,0.6431459059088102,0.17794910978406656,0.6028026059904028,-0.20917318266890164,0.0,0.05227746819568116,0.2730677678186335,0.06806108478607649,0.3727957043352028,0.8499237360408094,0.0,4.032520835704593,7.954677679149269,0.024118798971176136
4.951999999999677,0.6446520975377534,0.1308116330055696,0.6035092414339682,-0.2208144815216222,0.0,0.040636169342960604,0.2730528606038399,0.06831841933131172,0.3720693770280852,0.8499236699798602,0.0,5.551609046954515,7.954677679149269,0.00193819999694822
4.961999999999676,0.6456204644379981,0.07391106691148792,0.6043021334227381,-0.23175992760785177,0.0,0.029690723256731028,0.2730323218823075,0.06857064819480449,0.3721916565424763,0.8499236201081299,0.0,5.551609046954515,7.954677679149269,0.00193819999694822
4.9719999999996745,0.6460132810412546,0.016223883588075208,0.6053319325185655,-0.24248601708905973,0.0,0.01896463377552307,0.2730062913075654,0.06881787267654167,0.3722088221897579,0.8499235860319703,0.0,5.551609046954515,7.954677679149269,0.00193819999694822
4.981999999999673,0.6458280343135195,-0.041590865954626785,0.6065798116465718,-0.25216784041139984,0.0,0.009282810453182966,0.2729750158839544,0.06906019206665373,0.37298912238154514,0.8499235666365225,0.0,5.551609046954515,7.954677679149269,0.00193819999694822
4.991999999999672,0.6450808674037588,-0.09643028773766074,0.6080486028523893,-0.2623565583944024,0.0,-0.0009059075298196162,0.2729388430513715,0.0692974235564514,0.37208856000069224,0.8499235621810483,0.0,5.551609046954515,7.954677679149269,0.00193819999694822
5.001999999999671,0.6438040406952817,-0.1472962877203639,0.6097371618661499,-0.2712055640030358,0.0,-0.009754913138453003,0.2728982105416458,0.06951900568069498,0.3718319099283567,0.8499235702325048,0.0,5.176359933317942,7.954677679149269,0.003103351593017556
5.01199999999967,0.6420626477600478,-0.19158696094166272,0.6117032678659442,-0.2787342254973651,0.0,-0.017283574632782295,0.27285363307018096,0.06974364639586635,0.3719793394379519,0.8499235890001653,0.0,5.176359933317942,7.954677679149269,0.003103351593017556
5.021999999999669,0.6399009581029541,-0.23208682509590767,0.6138228733599113,-0.28520140157871143,0.0,-0.023750750714128632,0.2728056852548784,0.0699673548652642,0.3719572706155809,0.849923617007619,0.0,5.176359933317942,7.954677679149269,0.003103351593017556
5.031999999999668,0.6373668916472383,-0.26684244565696164,0.6160720793620171,-0.2908134475397532,0.0,-0.02936279667517039,0.2727549877801016,0.07018686779455355,0.37131304104894447,0.8499236530085488,0.0,5.176359933317942,7.954677679149269,0.003103351593017556
5.041999999999667,0.6345212812840504,-0.2952416774675828,0.6184160752435024,-0.2952797767264203,0.0,-0.033829125861837506,0.2727021943246594,0.07040202544711827,0.3703255589041793,0.8499236951494348,0.0,5.176359933317942,7.954677679149269,0.003103351593017556
5.051999999999666,0.63145019698042,-0.30924801917844946,0.621027233325381,-0.2977241598391564,0.0,-0.0362735089745736,0.2726479768094039,0.07061291423443039,0.37013512378332947,0.8499237417599596,0.0,3.6449848677313366,7.954677679149269,0.0536664068698883
5.0619999999996645,0.628436310344431,-0.2971085820059616,0.6244635605447542,-0.2983517870282209,0.0,-0.036901136163638104,0.27259300257615,0.07080619254365678,0.37033781690997214,0.8499237903060153,0.0,3.6449848677313366,7.954677679149269,0.0536664068698883
5.0719999999996634,0.6255102920555313,-0.2898139121177389,0.6278461420384934,-0.2972558226820325,0.0,-0.03580517181744969,0.2725378894019906,0.0709422719732271,0.3707064771133346,0.8499238382200098,0.0,3.6449848677313366,7.954677679149269,0.0536664068698883
5.081999999999662,0.622654138172398,-0.282625001950163,0.6311189874498022,-0.2943519751238929,0.0,-0.03290132425931008,0.27248319632364804,0.07108419334931339,0.3714377390021507,0.8499238833156648,0.0,3.6449848677313366,7.954677679149269,0.0536664068698883
5.091999999999661,0.6198869182470637,-0.2719629560527046,0.6342400263962698,-0.2908168946189403,0.0,-0.02936624375435748,0.2724294302634254,0.07125799397431767,0.3710216980303944,0.849923923919562,0.0,3.6449848677313366,7.954677679149269,0.0536664068698883
5.10199999999966,0.6172804867305357,-0.24527815811423506,0.6374710331546635,-0.2856097929508858,0.0,-0.024159142086302987,0.2723770452595009,0.07142927835091714,0.37100504008210855,0.8499239586015654,0.0,2.39532870054245,7.954677679149269,0.2347718685865402
5.111999999999659,0.6151802099581766,-0.18946193259313654,0.6415252561913187,-0.27797228365742055,0.0,-0.016521632792837748,0.2723264257580507,0.07160685239120151,0.37249710871591246,0.8499239844654065,0.0,2.39532870054245,7.954677679149269,0.2347718685865402
5.121999999999658,0.6135386021299338,-0.14846006661621125,0.6451011865075688,-0.2699111550048533,0.0,-0.008460504140270497,0.272277839307433,0.07179383664239473,0.37287633334152004,0.849923999858139,0.0,2.39532870054245,7.954677679149269,0.2347718685865402
5.131999999999657,0.6122727631897765,-0.11236752774511968,0.6481907285048178,-0.2615214565592375,0.0,-7.080569465467423e-05,0.2722314434629571,0.07196677607641752,0.3722270623923657,0.8499240043734739,0.0,2.39532870054245,7.954677679149269,0.2347718685865402
5.141999999999656,0.6113629158415506,-0.07681242973387337,0.6507726151420572,-0.2522275467073885,0.0,0.009223104157194295,0.2721873091738297,0.072145135081987,0.3716554776978298,0.8499239964982404,0.0,2.39532870054245,7.954677679149269,0.2347718685865402
5.151999999999655,0.6108058723183716,-0.04119005644960972,0.652811691590027,-0.24168079637087728,0.0,0.019769854493705524,0.27214543110853817,0.07232143946078255,0.37195420969988047,0.8499239739122199,0.0,2.259020674228668,7.954677679149269,0.6114304631948471
5.1619999999996535,0.6106138288668751,-0.004738156452860874,0.6543142347407301,-0.23080961513577133,0.0,0.030641035728811467,0.2721057331646949,0.0724942458480935,0.37213724455182984,0.8499239353551532,0.0,2.259020674228668,7.954677679149269,0.6114304631948471
5.171999999999652,0.61077965920095,0.030841540752690223,0.6551932977825393,-0.21995356182538237,0.0,0.041497089039200435,0.2720680718456901,0.07265796497359664,0.3720586792261549,0.8499238809072656,0.0,2.259020674228668,7.954677679149269,0.6114304631948471
5.181999999999651,0.6112998968989677,0.06612331085789017,0.6554602249193615,-0.20898012111574507,0.0,0.05247052974883773,0.27203224168529483,0.07282318324289996,0.37224277245863213,0.8499238105807289,0.0,2.259020674228668,7.954677679149269,0.6114304631948471
5.19199999999965,0.612172302868642,0.10112168530893723,0.6551386367274306,-0.19836767826353432,0.0,0.06308297260104848,0.27199798038823736,0.0729860347130994,0.37236301771926905,0.8499237247190767,0.0,2.259020674228668,7.954677679149269,0.6114304631948471
5.201999999999649,0.6133790091250496,0.13294860933628708,0.6542070781608993,-0.18772288440422086,0.0,0.07372776646036194,0.2719649736373125,0.07313357676781194,0.3732812804044072,0.8499236230337711,0.0,2.068440294265747,7.954677679149269,0.6271487176418304
5.211999999999648,0.6148830894613763,0.1622067532950017,0.6526699834122205,-0.17907178848138805,0.0,0.08237886238319475,0.2719328625582958,0.07320504007094804,0.3724145222792884,0.8499235076701394,0.0,2.068440294265747,7.954677679149269,0.6271487176418304
5.221999999999647,0.6166786647279489,0.1909129913820742,0.6506599756927652,-0.17098883469881393,0.0,0.09046181616576887,0.27190125306776347,0.07321745377963963,0.3720380193361216,0.8499233800611572,0.0,2.068440294265747,7.954677679149269,0.6271487176418304
5.231999999999646,0.618748744353456,0.21736115042281756,0.6482337963392177,-0.16366277149019345,0.0,0.09778787937438935,0.2718697208035677,0.07329266430757443,0.3722590840058143,0.8499232413690743,0.0,2.068440294265747,7.954677679149269,0.6271487176418304
5.241999999999645,0.6210627070467807,0.2402973986248948,0.6454565267567767,-0.15770944250628094,0.0,0.10374120835830186,0.2718378167332664,0.07337949377328068,0.37241151244319504,0.8499230929866087,0.0,2.068440294265747,7.954677679149269,0.6271487176418304
5.251999999999644,0.6235945068474122,0.26138665003930595,0.6424535009715949,-0.15357378212307413,0.0,0.10787686874150867,0.2718050749158587,0.07351651705178669,0.3720584455297733,0.8499229376906139,0.0,2.0842623353004455,7.954677679149269,0.5553161740303039
5.2619999999996425,0.6263169028963141,0.2791699993809132,0.6393130165392682,-0.15084054131076255,0.0,0.11061010955382025,0.271771019325672,0.073617917173589,0.3718314160819295,0.8499227771749202,0.0,2.0842623353004455,7.954677679149269,0.5553161740303039
5.271999999999641,0.6292042683724642,0.29472914920318766,0.6361543823615968,-0.15022725140378612,0.0,0.11122339946079668,0.2717351700960257,0.0737267839071761,0.37083322099829896,0.8499226147486019,0.0,2.0842623353004455,7.954677679149269,0.5553161740303039
5.28199999999964,0.6322199701394162,0.3052434518815636,0.6330377535602655,-0.15032429619159265,0.0,0.11112635467299015,0.2716970494409526,0.07387069276698974,0.37110739233382384,0.8499224518836627,0.0,2.0842623353004455,7.954677679149269,0.5553161740303039
5.291999999999639,0.6353206149538196,0.31294960799220417,0.6300930540071673,-0.15313880988543338,0.0,0.10831184097914942,0.2716561891906097,0.07401276097916487,0.3697839383712195,0.8499222917854763,0.0,2.0842623353004455,7.954677679149269,0.5553161740303039
5.301999999999638,0.6384891716133915,0.32086313917069603,0.6275144468127829,-0.1572327555319681,0.0,0.10421789533261469,0.27161213836885095,0.07415201046726849,0.36880723571066887,0.8499221371786514,0.0,2.5103906631469726,7.954677679149269,0.20226902067661284
5.311999999999637,0.6417621572743606,0.32973871446468317,0.6255537926037926,-0.16202666182628161,0.0,0.09942398903830119,0.27156446475469637,0.07427316525902788,0.36884507594449545,0.849921988909233,0.0,2.5103906631469726,7.954677679149269,0.20226902067661284
5.321999999999636,0.6450471600014829,0.3262788452857313,0.623891524149838,-0.16796674015262308,0.0,0.09348391071195972,0.2715127512099764,0.07436238515049126,0.36906359890278007,0.8499218485423538,0.0,2.5103906631469726,7.954677679149269,0.20226902067661284
5.331999999999635,0.6482375409588474,0.3132938399558411,0.622575740064068,-0.17484649133685895,0.0,0.08660415952772385,0.27145661007333993,0.07440696652776098,0.3695682221084693,0.8499217176374595,0.0,2.5103906631469726,7.954677679149269,0.20226902067661284
5.341999999999634,0.6512615715125296,0.29422913056853084,0.6216779421463473,-0.18309638166818118,0.0,0.07835426919640162,0.2713957018142414,0.07438649184269176,0.36949460868459205,0.8499215984699026,0.0,2.5103906631469726,7.954677679149269,0.20226902067661284
5.351999999999633,0.6540618343158171,0.27050963801354516,0.6212489731953554,-0.19230407316037562,0.0,0.06914657770420718,0.2713297465119628,0.07438511931499124,0.3692456525810196,0.8499214920352338,0.0,4.503034296957247,7.954677679149269,0.010796320438385021
5.3619999999996315,0.6566008062780344,0.2412865384040239,0.6212688545292252,-0.20227730090214052,0.0,0.05917334996244228,0.2712585308016981,0.07438411956262399,0.3688057087095272,0.849921399834316,0.0,4.503034296957247,7.954677679149269,0.010796320438385021
5.37199999999963,0.6587859676486599,0.20219120096922563,0.6215606338506849,-0.21214946190502246,0.0,0.049301188959560344,0.2711819127296077,0.0744458563810694,0.369141916660508,0.8499213220134768,0.0,4.503034296957247,7.954677679149269,0.010796320438385021
5.381999999999629,0.6605298305365236,0.15518328181471103,0.6221086193078698,-0.22165345372080428,0.0,0.03979719714377852,0.27109983363660356,0.07455425994645783,0.37036565903264607,0.8499212578696029,0.0,4.503034296957247,7.954677679149269,0.010796320438385021
5.391999999999628,0.6617859609353143,0.10556420468050676,0.6229431091108094,-0.23210850538655392,0.0,0.02934214547802888,0.27101232913210266,0.07462241413144802,0.37023944091244754,0.8499212091229432,0.0,4.503034296957247,7.954677679149269,0.010796320438385021
5.401999999999627,0.662529201653912,0.05228160649553906,0.6240024067292316,-0.24223831060858003,0.0,0.01921234025600277,0.27091953203740826,0.07472438295138079,0.37031459670144584,0.8499211750351607,0.0,5.532261327003741,7.954677679149269,0.0018389761447906716
5.411999999999626,0.6627046906499018,-0.005222490500013041,0.6251302192925564,-0.25279170637967885,0.0,0.008658944484903952,0.2708216716924976,0.07484951340502774,0.36928930882797895,0.8499211562509775,0.0,5.532261327003741,7.954677679149269,0.0018389761447906716
5.421999999999625,0.6623222350677176,-0.05980691221988115,0.6264718443302819,-0.26232011917914455,0.0,-0.0008694683145617499,0.27071907578581134,0.07497216119055089,0.36890319442043873,0.8499211518415677,0.0,5.532261327003741,7.954677679149269,0.0018389761447906716
5.431999999999624,0.6614088595701826,-0.1120379972118597,0.6279994137096819,-0.2703814331756937,0.0,-0.008930782311110885,0.27061216276244143,0.07509237556567154,0.3695283159825701,0.8499211593386365,0.0,5.532261327003741,7.954677679149269,0.0018389761447906716
5.441999999999623,0.659991290316892,-0.16109277256949867,0.6296892185816637,-0.2776513950358352,0.0,-0.01620074417125239,0.2705014301746868,0.07521020481080636,0.3699892295944138,0.8499211769789017,0.0,5.532261327003741,7.954677679149269,0.0018389761447906716
5.451999999999622,0.6581121816141099,-0.20345112141342825,0.6315866460768548,-0.28399223377813626,0.0,-0.02254158291355346,0.27038744349718313,0.07532569624845767,0.3702747717849957,0.8499212034532944,0.0,4.675190768005906,7.954677679149269,0.009594029188156106
5.4619999999996205,0.6558950385073501,-0.23367558360373394,0.6338827183809375,-0.289099541018531,0.0,-0.027648890153948225,0.27027082110943784,0.07543889626221917,0.3706151772924111,0.8499212373338884,0.0,4.675190768005906,7.954677679149269,0.009594029188156106
5.471999999999619,0.6533951153760108,-0.2603491715139593,0.6362890231344098,-0.2935386722558654,0.0,-0.032088021391282584,0.27015220958926905,0.07554985031540441,0.3700643741004612,0.849921277637859,0.0,4.675190768005906,7.954677679149269,0.009594029188156106
5.481999999999618,0.65065619440187,-0.28225478291862494,0.6387656009413797,-0.29623167851511,0.0,-0.03478102765052721,0.2700322686617595,0.07565860296930578,0.37003000858635793,0.8499213224331289,0.0,4.675190768005906,7.954677679149269,0.009594029188156106
5.491999999999617,0.6477227582096163,-0.29987294551364185,0.6412529968187354,-0.2968952421039617,0.0,-0.035444591239378875,0.2699116613117053,0.07576519790109112,0.3708427895287776,0.8499213688052031,0.0,4.675190768005906,7.954677679149269,0.009594029188156106
5.501999999999616,0.6446745280752717,-0.2993725259611401,0.644049465563025,-0.2966944017696351,0.0,-0.035243750905052273,0.269791044042412,0.07586967792134543,0.3708429407889573,0.8499214154351067,0.0,2.815716826915741,7.954677679149269,0.09963183403015136
5.511999999999615,0.6419171251850829,-0.2623936815219791,0.6480422820073989,-0.29449991208213727,0.0,-0.03304926121755447,0.26967104393361846,0.0759720849912643,0.37152373128994765,0.8499214602052766,0.0,2.815716826915741,7.954677679149269,0.09963183403015136
5.521999999999614,0.6394535234243491,-0.23657967778140457,0.6518673014540042,-0.2914667677194297,0.0,-0.030016116854846897,0.26955219807415215,0.07607246023950644,0.3712636731118273,0.8499215016374718,0.0,2.815716826915741,7.954677679149269,0.09963183403015136
5.531999999999613,0.6372145705033503,-0.21545095978498136,0.655453903069958,-0.28691398850954286,0.0,-0.02546333764496006,0.26943494881536934,0.07617084397871167,0.37112613141931927,0.8499215375507936,0.0,2.815716826915741,7.954677679149269,0.09963183403015136
5.541999999999612,0.635186712899891,-0.19416016105232564,0.6587584867756711,-0.28098623653836674,0.0,-0.01953558567378394,0.26931966263177953,0.0762672757216913,0.37105936489197233,0.8499215665429269,0.0,2.815716826915741,7.954677679149269,0.09963183403015136
5.551999999999611,0.633388427306257,-0.1675954708472635,0.6618218063784276,-0.27378565281145506,0.0,-0.01233500194687226,0.26920663806905903,0.07636179419729724,0.3711089500325563,0.849921586718678,0.0,2.3903753995895385,7.954677679149269,0.2989274402847513
5.5619999999996095,0.6319424724449306,-0.13015193340338,0.6648511038901845,-0.2654653492674151,0.0,-0.004014698402832306,0.2690961044071902,0.07645443736597621,0.3712517932652719,0.8499215965617138,0.0,2.3903753995895385,7.954677679149269,0.2989274402847513
5.571999999999608,0.6308390752000457,-0.09757595233131876,0.6673570316569207,-0.2559422463625442,0.0,0.0055084045020386,0.2689882076537158,0.07654524243501547,0.3718415022595233,0.8499215940785425,0.0,2.3903753995895385,7.954677679149269,0.2989274402847513
5.581999999999607,0.6300476047146921,-0.0667352518634928,0.6693058659868271,-0.24609618686410026,0.0,0.015354464000482543,0.2688830147673457,0.07663424587348586,0.37192930328109675,0.849921577153412,0.0,2.3903753995895385,7.954677679149269,0.2989274402847513
5.591999999999606,0.6295694082473688,-0.035306833084448354,0.6706946354607407,-0.23525157397440039,0.0,0.026199076890182416,0.26878052443468153,0.07672148342688864,0.37276338349064486,0.8499215453743105,0.0,2.3903753995895385,7.954677679149269,0.2989274402847513
5.601999999999605,0.6294098930382501,-0.0026182757047708838,0.6715239125517257,-0.22471689575855747,0.0,0.036733755106025334,0.26868067200732243,0.07680699013151145,0.3728259657508538,0.8499214980985375,0.0,2.131789541244507,7.954677679149269,0.6531385481357574
5.611999999999604,0.6295867917037766,0.03111006276448197,0.6718038514327137,-0.21445658594820355,0.0,0.04699406491637925,0.2685833323637459,0.07689080032849961,0.37248294435052076,0.8499214352986657,0.0,2.131789541244507,7.954677679149269,0.6531385481357574
5.621999999999603,0.6300995980578145,0.06454273166481544,0.6714971202376934,-0.2044504096659133,0.0,0.057000241198669505,0.26848832142506723,0.0769729476776482,0.3720845751514714,0.8499213578915897,0.0,2.131789541244507,7.954677679149269,0.6531385481357574
5.631999999999602,0.6309392390587173,0.0970096310958608,0.6706227457791368,-0.1949415989812676,0.0,0.06650905188331521,0.26839540013216356,0.07705346517092045,0.3716079060296127,0.8499212660803709,0.0,2.131789541244507,7.954677679149269,0.6531385481357574
5.641999999999601,0.6320858071658865,0.12624116936612878,0.6691847782056173,-0.18500654865209593,0.0,0.07644410221248688,0.2683042800876093,0.07713238514569797,0.37264672884127414,0.849921159705262,0.0,2.131789541244507,7.954677679149269,0.6531385481357574
5.6519999999996,0.6335232978976665,0.15501786897463218,0.6672808240518697,-0.17705881683410263,0.0,0.08439183403048017,0.26821463082978825,0.07720973929776805,0.3720992700804403,0.8499210410736815,0.0,2.107521378993988,7.954677679149269,0.6256608247756958
5.6619999999995985,0.6352306423220956,0.18095195821954663,0.6649367323441487,-0.16964356176618114,0.0,0.09180708909840166,0.2681260863997366,0.07728555869405333,0.3722541532831478,0.8499209110431205,0.0,2.107521378993988,7.954677679149269,0.6256608247756958
5.671999999999597,0.6371846852262416,0.20482013109740776,0.6622513037838815,-0.16374321354530383,0.0,0.09770743731927897,0.26803825192131525,0.07735987378508886,0.3719531539248394,0.8499207714414343,0.0,2.107521378993988,7.954677679149269,0.6256608247756958
5.681999999999596,0.6393667654625232,0.22708101953059467,0.6593259529377655,-0.15962730103929246,0.0,0.10182334982529034,0.26795071042620033,0.07743271441725164,0.37099749877758004,0.8499206246274301,0.0,2.107521378993988,7.954677679149269,0.6256608247756958
5.691999999999595,0.6417510955269383,0.24545049919882847,0.6562230018701017,-0.15575123515231765,0.0,0.10569941571226515,0.26786302846028054,0.07750410984474745,0.37168699765821656,0.8499204720407018,0.0,2.107521378993988,7.954677679149269,0.6256608247756958
5.701999999999594,0.6442881639596867,0.25860348421718937,0.6530088500832241,-0.15312702622725352,0.0,0.10832362463732928,0.2677747629797675,0.07757408874136001,0.37269535149787625,0.8499203150165392,0.0,2.138024663925171,7.954677679149269,0.506988027691841
5.711999999999593,0.6469335518752102,0.2681179703778111,0.6498077245877613,-0.15271547753311857,0.0,0.10873517333146424,0.26768547156564104,0.07764267921196676,0.37271696033660373,0.8499201559035742,0.0,2.138024663925171,7.954677679149269,0.506988027691841
5.721999999999592,0.6496566571418989,0.2746319341756032,0.6467140000785808,-0.15410295812875727,0.0,0.10734769273582553,0.26759472127637013,0.07770990880382651,0.37232660253790073,0.8499199980038583,0.0,2.138024663925171,7.954677679149269,0.506988027691841
5.731999999999591,0.6524316582240766,0.27893277483066226,0.6438403212067687,-0.1574937968168495,0.0,0.1039568540477333,0.267502094525271,0.07777580451764281,0.37119150056618766,0.8499198442046063,0.0,2.138024663925171,7.954677679149269,0.506988027691841
5.74199999999959,0.6552190586512033,0.27782865755270925,0.6412230269315033,-0.16154103279537546,0.0,0.09990961806920734,0.2674071936990569,0.07784039281840802,0.37110619533137634,0.8499196955263574,0.0,2.138024663925171,7.954677679149269,0.506988027691841
5.7519999999995886,0.657977972467361,0.276460042414931,0.6390566374344848,-0.16713725780172267,0.0,0.09431339306286013,0.2673096478562671,0.07790369964603214,0.37068521233603724,0.849919554353688,0.0,2.836280882358551,7.954677679149269,0.10780336260795592
5.7619999999995875,0.6607637432188991,0.27799588963011834,0.6376338286140372,-0.173390806799379,0.0,0.08805984406520381,0.2672091168270281,0.07796575042576079,0.370970909453498,0.8499194219210183,0.0,2.836280882358551,7.954677679149269,0.10780336260795592
5.771999999999586,0.6634829225289246,0.26646788837403346,0.636532036435342,-0.18068624266314734,0.0,0.08076440820143546,0.26710528430602404,0.07802657007838648,0.37120253863130404,0.8499192995339442,0.0,2.836280882358551,7.954677679149269,0.10780336260795592
5.781999999999585,0.6660323448181775,0.24605277502625506,0.6357934841524009,-0.18880964563121222,0.0,0.07264100523337058,0.2669978709902957,0.07808618303025731,0.37145208443408007,0.8499191887512266,0.0,2.836280882358551,7.954677679149269,0.10780336260795592
5.791999999999584,0.6683397496065585,0.2201386433645005,0.6354595030198279,-0.19873726448493634,0.0,0.06271338637964646,0.2668866524302035,0.07814461322308695,0.37010151205518305,0.8499190911178047,0.0,2.836280882358551,7.954677679149269,0.10780336260795592
5.801999999999583,0.6703639492739925,0.18947382289249362,0.6355342629542833,-0.20825252767736344,0.0,0.053198123187219365,0.2667714693429372,0.07820188412357026,0.36998748278071225,0.8499190077310226,0.0,4.985730557451981,7.954677679149269,0.004958313703536998
5.811999999999582,0.6720208228048684,0.14911128574111257,0.6358283231773904,-0.21800357229414363,0.0,0.04344707857043917,0.2666522328984244,0.07825801873280788,0.3699318338632981,0.8499189383273931,0.0,4.985730557451981,7.954677679149269,0.004958313703536998
5.821999999999581,0.6732420884149125,0.10347418861860522,0.6363657622033699,-0.22761116845066695,0.0,0.03383948241391585,0.266528935056796,0.07831303959554385,0.37019798807153503,0.8499188832987783,0.0,4.985730557451981,7.954677679149269,0.004958313703536998
5.83199999999958,0.6739853370963594,0.05465667528284021,0.6371396654493744,-0.23723798599708334,0.0,0.024212664867499456,0.26640165659576853,0.07836696880922016,0.3702856753445227,0.8499188423527889,0.0,4.985730557451981,7.954677679149269,0.004958313703536998
5.841999999999579,0.6742305649490452,0.004615115970184325,0.6381434537246716,-0.24685687542596965,0.0,0.014593775438613149,0.2662705692042275,0.07841982803285141,0.3699643087609966,0.8499188152145866,0.0,4.985730557451981,7.954677679149269,0.004958313703536998
5.8519999999995775,0.6739797202273914,-0.045030213265623634,0.639358267483065,-0.25610015790594026,0.0,0.005350492958642539,0.2661359330103812,0.07847163849572353,0.36949116431680507,0.8499188019164029,0.0,5.340486404673637,7.954677679149269,0.0027884423732757457
5.861999999999576,0.6732230342354582,-0.09595267636996596,0.6406919702224457,-0.26351374976084224,0.0,-0.002063098896259441,0.2659980906975242,0.07852242100591982,0.3706649220355107,0.8499188005715989,0.0,5.340486404673637,7.954677679149269,0.0027884423732757457
5.871999999999575,0.6719744170490609,-0.1435156337911258,0.6421947170890038,-0.2712577037675652,0.0,-0.009807052902982394,0.2658574627799222,0.07857219595867795,0.3702376085379121,0.8499188095430692,0.0,5.340486404673637,7.954677679149269,0.0027884423732757457
5.881999999999574,0.6702788366354282,-0.18625196185151435,0.6438548887034374,-0.27813880797967205,0.0,-0.016688157115089253,0.2657145392095311,0.07862098334458106,0.3696799249163585,0.8499188280469784,0.0,5.340486404673637,7.954677679149269,0.0027884423732757457
5.891999999999573,0.6681799560521328,-0.22509961629316524,0.6456313144174468,-0.28290806155177844,0.0,-0.021457410687195644,0.2655698659836834,0.07866880275758634,0.3705675676373722,0.8499188538224399,0.0,5.340486404673637,7.954677679149269,0.0027884423732757457
5.901999999999572,0.6657291976904316,-0.25516351808433246,0.6476006555841155,-0.2869013121079441,0.0,-0.025450661243361317,0.26542403236512063,0.07871567340289432,0.3708835407010068,0.849918885420553,0.0,4.198478477576805,7.954677679149269,0.025709009170532204
5.911999999999571,0.6630979643710142,-0.2683933135223977,0.6500611342216907,-0.29006871069582735,0.0,-0.028618059831244547,0.2652776547652111,0.0787616141046621,0.37055327960171847,0.8499189217858222,0.0,4.198478477576805,7.954677679149269,0.025709009170532204
5.92199999999957,0.6603363400057651,-0.2808606844634286,0.6525561990087574,-0.29167166755275087,0.0,-0.030221016688168068,0.2651313464593507,0.07880664331356355,0.37051461781270434,0.849918960724008,0.0,4.198478477576805,7.954677679149269,0.025709009170532204
5.931999999999569,0.6574721352816827,-0.2896363081667007,0.6550514600045964,-0.29157762049090086,0.0,-0.030126969626318056,0.2649857044866357,0.07885077911419928,0.3709160914149794,0.8499190007204235,0.0,4.198478477576805,7.954677679149269,0.025709009170532204
5.941999999999568,0.6545500879558512,-0.2929953443579205,0.6575095630520957,-0.2910336950392659,0.0,-0.029583044174683104,0.26484130477848844,0.07889403923235995,0.3700134028867178,0.849919040111884,0.0,4.198478477576805,7.954677679149269,0.025709009170532204
5.9519999999995665,0.6516608479752237,-0.276937062209698,0.6602574560157056,-0.2888736904818947,0.0,-0.027423039617311906,0.264698694085161,0.07893644104214514,0.3694825596106782,0.8499190776503882,0.0,2.3943526685237884,7.954677679149269,0.16373786330223083
5.961999999999565,0.6492375362124859,-0.22219004432948772,0.6642523656248117,-0.28544044360663795,0.0,-0.02398979274205515,0.2645583663138098,0.07897800157294127,0.36881538117814205,0.8499191115226277,0.0,2.3943526685237884,7.954677679149269,0.16373786330223083
5.971999999999564,0.6472500553867795,-0.18476722165004356,0.6679325062452881,-0.28014301337053055,0.0,-0.018692362505947746,0.2644206999182118,0.07901873751626083,0.36889731184100094,0.8499191390669785,0.0,2.3943526685237884,7.954677679149269,0.16373786330223083
5.981999999999563,0.6455829502272805,-0.15536279659760216,0.6712434795593555,-0.2737688307435918,0.0,-0.012318179879009017,0.26428596031617363,0.07905866523244602,0.3687974005196176,0.8499191587656678,0.0,2.3943526685237884,7.954677679149269,0.16373786330223083
5.991999999999562,0.6441810542734967,-0.1302921691115691,0.6741099734999508,-0.2657067353143287,0.0,-0.0042560844497459005,0.26415432917877957,0.07909780075723943,0.3695767873038992,0.849919168548045,0.0,2.3943526685237884,7.954677679149269,0.16373786330223083
6.001999999999561,0.643030641170166,-0.10411411590752467,0.6765346066393031,-0.25777203812281824,0.0,0.003678612741764564,0.2640259208394636,0.07913615980822426,0.36892880674640216,0.8499191677202226,0.0,2.313186925649643,7.954677679149269,0.4257715389132499
6.01199999999956,0.642166610350101,-0.0746971343441611,0.678534439045838,-0.24888504415098894,0.0,0.012565606713593858,0.263900789017188,0.07917375779113679,0.3686231180921773,0.8499191546937217,0.0,2.313186925649643,7.954677679149269,0.4257715389132499
6.021999999999559,0.6416021699436092,-0.04418824599985039,0.6800181888903657,-0.23977786411913862,0.0,0.021672786745444178,0.2637789256006596,0.07921060980605374,0.3679154386291268,0.849919128539017,0.0,2.313186925649643,7.954677679149269,0.4257715389132499
6.031999999999558,0.6413472596745659,-0.012943908159956594,0.6809644954837951,-0.22999954117167012,0.0,0.03145110969291268,0.26366026163780654,0.07924673065345658,0.367735038080949,0.8499190884344227,0.0,2.313186925649643,7.954677679149269,0.4257715389132499
6.041999999999557,0.6414052731984108,0.01844675303122427,0.6813609256141795,-0.2202377462744667,0.0,0.04121290459011609,0.26354466966885604,0.0792821348401758,0.3674230283444496,0.84991903379059,0.0,2.313186925649643,7.954677679149269,0.4257715389132499
6.0519999999995555,0.6417771199068836,0.049323826203772486,0.6812062946707856,-0.20993570801061473,0.0,0.05151494285396807,0.2634319670389796,0.07931683658521708,0.3680624890076051,0.8499189645265806,0.0,2.0984394788742065,7.954677679149269,0.6799630522727966
6.061999999999554,0.6424437381465149,0.07819245992581395,0.680469291118361,-0.20053925025016336,0.0,0.060911400614419436,0.26332192008870187,0.07935084982547203,0.36792878673473306,0.8499188809707332,0.0,2.0984394788742065,7.954677679149269,0.6799630522727966
6.071999999999553,0.6433932776957384,0.1062439192818683,0.6792079257513176,-0.19207676216790767,0.0,0.06937388869667513,0.26321425083449546,0.07938418822131535,0.3672722579298465,0.8499187841026313,0.0,2.0984394788742065,7.954677679149269,0.6799630522727966
6.081999999999552,0.6446212497821836,0.13354240878454046,0.6774824210268413,-0.18372601693793972,0.0,0.07772463392664308,0.26310864260646516,0.07941686516209122,0.36751479986386715,0.8499186751693102,0.0,2.0984394788742065,7.954677679149269,0.6799630522727966
6.091999999999551,0.6461071100019014,0.15812490259122824,0.6753237629137705,-0.1761540010853422,0.0,0.08529664977924059,0.2630047442897885,0.07944889377149063,0.36796754755505,0.8499185547203724,0.0,2.0984394788742065,7.954677679149269,0.6799630522727966
6.10199999999955,0.6478303098505402,0.18163244538324347,0.6728327111486474,-0.17022235469013397,0.0,0.09122829617444883,0.2629021766711658,0.07948028691282222,0.36763786802229115,0.8499184248852542,0.0,2.1243290066719056,7.954677679149269,0.6295174926519393
6.111999999999549,0.649781350168205,0.20392423906805646,0.670108601838167,-0.1657940859061421,0.0,0.09565656495844069,0.26280053846966855,0.07951105719417832,0.36689548501296787,0.8499182874569347,0.0,2.1243290066719056,7.954677679149269,0.6295174926519393
6.121999999999548,0.6519389275307723,0.22310452778949963,0.6672043844558021,-0.1620698057491736,0.0,0.0993808451154092,0.2626994103747616,0.0795412169734987,0.3669999200850088,0.8499181442514248,0.0,2.1243290066719056,7.954677679149269,0.6295174926519393
6.131999999999547,0.6542658158680631,0.23853887068560864,0.6641945545049074,-0.15997824108930367,0.0,0.10147240977527913,0.26259836096536326,0.07957077836353367,0.3667504265838488,0.8499179970479959,0.0,2.1243290066719056,7.954677679149269,0.6295174926519393
6.141999999999546,0.6567238319626129,0.25006350370269415,0.6611632447310919,-0.1592120463692523,0.0,0.10223860449533051,0.26249695487563407,0.07959975323670886,0.36663335663357866,0.8499178479037067,0.0,2.1243290066719056,7.954677679149269,0.6295174926519393
6.1519999999995445,0.6592724053184909,0.25797274594622793,0.6582100738666007,-0.1595844680582972,0.0,0.1018661828062856,0.2623947609628315,0.0796281532298934,0.36692177670665893,0.849917698693297,0.0,2.215943169593811,7.954677679149269,0.39037489891052246
6.161999999999543,0.6618839518497027,0.26252835695004995,0.6554607930032971,-0.16132211052250586,0.0,0.10012854034207694,0.26229135992573577,0.0796559897490735,0.3672571819623114,0.849917550873369,0.0,2.215943169593811,7.954677679149269,0.39037489891052246
6.171999999999542,0.6645108484676174,0.2619771176488048,0.6529194361949173,-0.16459061385650425,0.0,0.09686003700807855,0.2621863500628105,0.07968327397393328,0.3673268250619395,0.8499174071999358,0.0,2.215943169593811,7.954677679149269,0.39037489891052246
6.181999999999541,0.6671096899028544,0.2579911825831239,0.6506784772633419,-0.16971370560246316,0.0,0.09173694526211965,0.26207935518785885,0.07971001686234484,0.3665626187815878,0.8499172701816193,0.0,2.215943169593811,7.954677679149269,0.39037489891052246
6.19199999999954,0.6696453280525649,0.2498763519657391,0.6487932899053626,-0.17567178012066906,0.0,0.08577887074391374,0.261970031558786,0.07973622915476908,0.3662409131819929,0.8499171414067876,0.0,2.215943169593811,7.954677679149269,0.39037489891052246
6.201999999999539,0.6720731906839351,0.23932423880139703,0.6473689320048926,-0.1824145119655377,0.0,0.0790361388990451,0.26185807336184574,0.07976192137856927,0.36624522129499604,0.84991702171163,0.0,3.1547781776990305,7.954677679149269,0.04909461736679077
6.211999999999538,0.6744233516575204,0.23055431096329765,0.6466257363444966,-0.19034957847553996,0.0,0.07110107238904284,0.26174321704787396,0.0797871038522391,0.3657646202465853,0.8499169130475533,0.0,3.1547781776990305,7.954677679149269,0.04909461736679077
6.221999999999537,0.6766100064778638,0.2092054640638304,0.6461856203759648,-0.19758415864366632,0.0,0.06386649222091648,0.2616252372607415,0.07981178668954675,0.36720386389307713,0.8499168152787038,0.0,3.1547781776990305,7.954677679149269,0.04909461736679077
6.231999999999536,0.6785349067563291,0.18077112392720587,0.6460846842505084,-0.20683461838375128,0.0,0.05461603248083152,0.26150395849664704,0.07983597980359677,0.36651094647206406,0.8499167298804685,0.0,3.1547781776990305,7.954677679149269,0.04909461736679077
6.241999999999535,0.6801479322170871,0.14779179548035215,0.6463424293127265,-0.215658640979743,0.0,0.04579200988483981,0.26137927028019753,0.07985969291081138,0.366846812473946,0.8499166577370307,0.0,3.1547781776990305,7.954677679149269,0.04909461736679077
6.2519999999995335,0.6814045144483789,0.10928475219264006,0.6468953576470543,-0.22494454671405625,0.0,0.03650610415052655,0.2612511333551916,0.0798829355348328,0.3667007843393537,0.8499165988348545,0.0,5.14392373097312,7.954677679149269,0.00346396565437318
6.261999999999532,0.6822004142726376,0.05939668301895105,0.6474715928660971,-0.23303140618507012,0.0,0.02841924467951268,0.26111958490344994,0.07990571701034808,0.3681483041600484,0.8499165522918104,0.0,5.14392373097312,7.954677679149269,0.00346396565437318
6.271999999999531,0.6824949706012435,0.009742585483506379,0.6482600996748331,-0.24223967350019246,0.0,0.01921097736439034,0.26098475107027413,0.07992804648683814,0.3676928492852417,0.8499165188258757,0.0,5.14392373097312,7.954677679149269,0.00346396565437318
6.28199999999953,0.6822978963586326,-0.039251378586681665,0.6492494282816879,-0.25035265339537593,0.0,0.011097997469206866,0.2608468494311444,0.07994993293225232,0.368193365893281,0.8499164978473909,0.0,5.14392373097312,7.954677679149269,0.00346396565437318
6.291999999999529,0.68161853230917,-0.0868772369479881,0.6504217355863076,-0.257884042255806,0.0,0.003566608608776778,0.2607061814034473,0.07997138513661016,0.3686958935492507,0.8499164883724193,0.0,5.14392373097312,7.954677679149269,0.00346396565437318
6.301999999999528,0.6804811882467552,-0.13069527287636398,0.6517831033708352,-0.26563802059558744,0.0,-0.004187369731004642,0.2605631242822754,0.07999241171553155,0.36785693386516705,0.8499164898516082,0.0,4.924390604713961,7.954677679149269,0.006161355972290061
6.311999999999527,0.6789436538986416,-0.1685155449285226,0.653365601788854,-0.27276538857099214,0.0,-0.011314737706409339,0.2604181205264649,0.08001302111369703,0.3666696254788818,0.849916501038154,0.0,4.924390604713961,7.954677679149269,0.006161355972290061
6.321999999999526,0.6770476979919295,-0.2033528816375047,0.6550797833180289,-0.2774986807846478,0.0,-0.016048029920064988,0.26027166272954005,0.08003322160823924,0.3674390513124949,0.8499165197582188,0.0,4.924390604713961,7.954677679149269,0.006161355972290061
6.331999999999525,0.6748237555849524,-0.23445552290998933,0.656890447610395,-0.28161528934046337,0.0,-0.02016463847588057,0.2601242815331071,0.08005302131206726,0.3675325678477188,0.8499165442298,0.0,4.924390604713961,7.954677679149269,0.006161355972290061
6.341999999999524,0.6723251313169486,-0.2592437475739187,0.6587881272968585,-0.2854390562658715,0.0,-0.023988405401288715,0.25997653603627147,0.08007242817712484,0.3663854381542543,0.8499165739995682,0.0,4.924390604713961,7.954677679149269,0.006161355972290061
6.3519999999995225,0.6696285200870501,-0.27172634312014593,0.660914203572399,-0.2872896485723636,0.0,-0.02583899770778081,0.25982900117786667,0.08009144999758411,0.3662758685495493,0.8499166072800307,0.0,3.395694805686067,7.954677679149269,0.060386323928833
6.361999999999521,0.6669794249785683,-0.2610176336605499,0.6637610031116961,-0.28829550247762425,0.0,-0.026844851613041454,0.259682247567842,0.08011009441297583,0.36552602129462297,0.8499166422991429,0.0,3.395694805686067,7.954677679149269,0.060386323928833
6.37199999999952,0.6644150912600724,-0.25377092641432325,0.6665749964608428,-0.2873508344063271,0.0,-0.02590018354174428,0.25953680214810065,0.0801283689112576,0.3656444215017377,0.8499166773349583,0.0,3.395694805686067,7.954677679149269,0.060386323928833
6.381999999999519,0.6619120959297423,-0.24785694559517796,0.669278364763444,-0.28472160214940595,0.0,-0.02327095128482315,0.25939313887232357,0.08014628083182117,0.36629117662871946,0.8499167095699423,0.0,3.395694805686067,7.954677679149269,0.060386323928833
6.391999999999518,0.6594806143711628,-0.23975223641988475,0.67183577103705,-0.2810759259005768,0.0,-0.019625275035993983,0.2592516855537696,0.08016383736844,0.3665985863217054,0.8499167376854763,0.0,3.395694805686067,7.954677679149269,0.060386323928833
6.401999999999517,0.6571646860783353,-0.2203970275432973,0.6744155580207454,-0.2768725567619634,0.0,-0.015421905897380572,0.25911282496191035,0.0801810455721586,0.36602782543871804,0.8499167601218477,0.0,2.331875520944595,7.954677679149269,0.22919844835996628
6.411999999999516,0.6552246393172082,-0.17842154862103293,0.6775421206947385,-0.270909059762649,0.0,-0.009458408898066206,0.2589768840969871,0.08019791235412418,0.3663374394882475,0.8499167757885742,0.0,2.331875520944595,7.954677679149269,0.22919844835996628
6.421999999999515,0.6536342878334471,-0.14703172045967342,0.6802571890236946,-0.2638293531527747,0.0,-0.002378702288191925,0.2588440987081411,0.08021444448836242,0.36676470728144805,0.849916782571424,0.0,2.331875520944595,7.954677679149269,0.22919844835996628
6.431999999999514,0.6523302276848497,-0.11978248963159278,0.682532330419313,-0.25589873052320217,0.0,0.005551920341380634,0.25871461724212247,0.08023064861449793,0.36715208486770645,0.8499167792442228,0.0,2.331875520944595,7.954677679149269,0.22919844835996628
6.441999999999513,0.6512846047761176,-0.09400939521874482,0.6843266287907334,-0.24784697813703505,0.0,0.013603672727547755,0.2585885189613607,0.08024653124042097,0.366716218088431,0.8499167637975847,0.0,2.331875520944595,7.954677679149269,0.22919844835996628
6.4519999999995115,0.6505104096102493,-0.06624700460811528,0.6856602247141538,-0.2390155848928483,0.0,0.022435065971734502,0.25846582352277514,0.08026209874490114,0.3666389369880122,0.8499167363981998,0.0,2.280310797691345,7.954677679149269,0.5634736329317093
6.46199999999951,0.6500200926061075,-0.037785438590917306,0.6865011885870681,-0.22984399661108937,0.0,0.03160665425349343,0.25834649333934906,0.08027735738014916,0.36657778306551925,0.8499166957254722,0.0,2.280310797691345,7.954677679149269,0.5634736329317093
6.471999999999509,0.6498113133249503,-0.009333415955893251,0.6868160391943923,-0.22066927826167707,0.0,0.040781372602905736,0.2582304353011396,0.08029231327432783,0.36634141596281244,0.8499166413123761,0.0,2.280310797691345,7.954677679149269,0.5634736329317093
6.481999999999508,0.6498952301196248,0.020072712821400315,0.6866335133207605,-0.21125282274350565,0.0,0.05019782812107715,0.2581175043761029,0.08030697243401336,0.3665489290379278,0.8499165736889065,0.0,2.280310797691345,7.954677679149269,0.5634736329317093
6.491999999999507,0.6502694106290712,0.0493414357173377,0.6859577138875753,-0.20280330515863262,0.0,0.05864734570595018,0.2580075057772195,0.08032134074660761,0.3657883768913067,0.8499164927298188,0.0,2.280310797691345,7.954677679149269,0.5634736329317093
6.501999999999506,0.6509393617495582,0.07790387988758449,0.6848125818900113,-0.19428704665184773,0.0,0.06716360421273507,0.25790019824806504,0.08033542398270264,0.3657779792061958,0.8499163994730614,0.0,2.0942336082458497,7.954677679149269,0.6687033236026764
6.511999999999505,0.6518732642002019,0.10369248541917173,0.6831578830866106,-0.18696788906979916,0.0,0.07448276179478364,0.2577952976186701,0.08034922779839829,0.36501082021379905,0.8499162949776725,0.0,2.0942336082458497,7.954677679149269,0.6687033236026764
6.521999999999504,0.6530576092294145,0.12799925319275166,0.6811020368156144,-0.17995119664194387,0.0,0.08149945422263893,0.2576924847313665,0.08036275773757376,0.3649805157645062,0.849916179810943,0.0,2.0942336082458497,7.954677679149269,0.6687033236026764
6.531999999999503,0.6544682802685858,0.14934634583070855,0.6786844483960862,-0.17350332689288542,0.0,0.08794732397169738,0.25759141149766024,0.08037601923411411,0.36552204545239464,0.8499160547585063,0.0,2.0942336082458497,7.954677679149269,0.6687033236026764
6.5419999999995015,0.6560833259234709,0.1696120961404944,0.6760075545000579,-0.16907959454256768,0.0,0.09237105632201512,0.25749170765386453,0.08038901761409271,0.36477356140084194,0.8499159221765044,0.0,2.0942336082458497,7.954677679149269,0.6687033236026764
6.5519999999995004,0.657886743318524,0.18746492382781288,0.6731454401999529,-0.16501665401143933,0.0,0.09643399685314347,0.2573929866835594,0.08040175809791021,0.365205767121614,0.8499157833580459,0.0,2.1563719630241396,7.954677679149269,0.6039942115545273
6.561999999999499,0.6598581508422983,0.20291392872437247,0.6702090838862164,-0.16219871930651256,0.0,0.09925193155807024,0.2572948505253705,0.08041424580239113,0.36567738674606876,0.8499156396584162,0.0,2.1563719630241396,7.954677679149269,0.6039942115545273
6.571999999999498,0.66196156263044,0.21484167873184537,0.6672338873426391,-0.16126887355663513,0.0,0.10018177730794767,0.25719689513838556,0.08042648574283902,0.36534621070710327,0.84991549360198,0.0,2.1563719630241396,7.954677679149269,0.6039942115545273
6.581999999999497,0.6641599769261117,0.22264479786268143,0.6642904367040605,-0.16122933763132502,0.0,0.10022131323325778,0.2570987177973232,0.0804384828350505,0.36563107198299816,0.8499153469655846,0.0,2.1563719630241396,7.954677679149269,0.6039942115545273
6.591999999999496,0.6664152063683607,0.22678400889159478,0.6614631183084039,-0.16280630963435933,0.0,0.09864434123022348,0.2569999246296349,0.08045024189728972,0.3654959017488639,0.8499152019081982,0.0,2.1563719630241396,7.954677679149269,0.6039942115545273
6.601999999999495,0.6686837370086361,0.22708530100974592,0.6588337616140596,-0.16524787471544441,0.0,0.09620277614913839,0.2569001379931858,0.08046176765222335,0.3659332130342601,0.8499150596429899,0.0,2.3190036475658418,7.954677679149269,0.25697270035743713
6.611999999999494,0.6709600777557369,0.22756268793402978,0.6565957355927149,-0.16986057754662526,0.0,0.09159007331795754,0.2567990032475839,0.08047306472881736,0.3650029942129537,0.8499149227554083,0.0,2.3190036475658418,7.954677679149269,0.25697270035743713
6.621999999999493,0.6732106349027202,0.22295660289010835,0.6546694253675913,-0.17551104850512161,0.0,0.08593960235946119,0.25669619006162475,0.08048413766419606,0.3641536273294157,0.8499147933377944,0.0,2.3190036475658418,7.954677679149269,0.25697270035743713
6.631999999999492,0.6753933106695327,0.2142328234654156,0.6531138308541048,-0.18141924970629403,0.0,0.08003140115828877,0.2565913969053449,0.08049499090546433,0.36431512211834416,0.8499146731483602,0.0,2.3190036475658418,7.954677679149269,0.25697270035743713
6.6419999999994905,0.677451671761418,0.1996786696798836,0.6519268940805616,-0.18844181829273277,0.0,0.07300883257185004,0.25648435800319164,0.08050562881149363,0.36409576298090107,0.8499145623009345,0.0,2.3190036475658418,7.954677679149269,0.25697270035743713
6.651999999999489,0.6793432936865592,0.18289739851250036,0.6511999149891988,-0.1964263070836273,0.0,0.0650243437809555,0.25637485152294975,0.08051605565467267,0.3634908492895975,0.8499144623319123,0.0,3.594423164074853,7.954677679149269,0.021185803413391102
6.661999999999488,0.6810738017776127,0.1652883631351066,0.6510082499844702,-0.20529203424525974,0.0,0.05615861661932306,0.25626270421612657,0.0805262756226232,0.3623673535750931,0.8499143749181804,0.0,3.594423164074853,7.954677679149269,0.021185803413391102
6.671999999999487,0.6825762446716346,0.13915868116786984,0.6511167970973065,-0.21355106213809683,0.0,0.047899588726485975,0.2561477899666219,0.08053629281988188,0.36256626504640865,0.8499143000929827,0.0,3.594423164074853,7.954677679149269,0.021185803413391102
6.681999999999486,0.6837804430441501,0.10723936349972193,0.6515237255981677,-0.2221926154153699,0.0,0.039258035449212914,0.2560300379918638,0.08054611126954875,0.36246038773757494,0.8499142379176586,0.0,3.594423164074853,7.954677679149269,0.021185803413391102
6.691999999999485,0.6846456684077914,0.07233986633885855,0.6522358142007767,-0.23112046297284447,0.0,0.03033018789173833,0.2559094425082723,0.08055573491490296,0.36193846179938083,0.8499141888171613,0.0,3.594423164074853,7.954677679149269,0.021185803413391102
6.701999999999484,0.6851376203855855,0.0318022805436205,0.6531554933738847,-0.23885646183050083,0.0,0.022594189034081974,0.2557860665193585,0.08056516762098653,0.36282487593908097,0.8499141514256086,0.0,5.03377579845375,7.954677679149269,0.0032716333866119607
6.711999999999483,0.6851575473507954,-0.017730557520445264,0.6540361238771522,-0.24628382492909678,0.0,0.015166825935486017,0.2556600454735559,0.08057441317615653,0.3636601604559342,0.8499141250307445,0.0,5.03377579845375,7.954677679149269,0.0032716333866119607
6.721999999999482,0.6846919180616955,-0.06518052638314775,0.6550873395485725,-0.253810440048606,0.0,0.007640210815976822,0.2555315981513066,0.08058347529360663,0.3636582427260695,0.8499141091198155,0.0,5.03377579845375,7.954677679149269,0.0032716333866119607
6.731999999999481,0.6837793762234119,-0.10807375851600975,0.6563199706631152,-0.2611516055772656,0.0,0.00029904528731722335,0.25540102463398684,0.08059235761285834,0.36301006417664117,0.8499141044130049,0.0,5.03377579845375,7.954677679149269,0.0032716333866119607
6.7419999999994795,0.6824648596946286,-0.14647945308170293,0.6577164220168354,-0.26782264602787403,0.0,-0.006371995163291233,0.2552686935954738,0.08060106370122277,0.36220965035712027,0.8499141094152913,0.0,5.03377579845375,7.954677679149269,0.0032716333866119607
6.751999999999478,0.6807908267609462,-0.17984219006323027,0.6592840399876039,-0.27288740454436894,0.0,-0.011436753679786138,0.2551350287343833,0.0806095970552333,0.362404497831168,0.8499141218329155,0.0,4.4266040874215,7.954677679149269,0.015229779481887806
6.761999999999477,0.6788424705903493,-0.20454074120017027,0.6611342423588326,-0.2772396564150559,0.0,-0.01578900555047308,0.255000495372203,0.08061796110204984,0.3621887296000328,0.8499141404090969,0.0,4.4266040874215,7.954677679149269,0.015229779481887806
6.771999999999476,0.6766662423528692,-0.22605995228074627,0.663076127036417,-0.2801987728106997,0.0,-0.018748121946116914,0.2548655825663897,0.08062615920083524,0.36239466750384164,0.8499141640628732,0.0,4.4266040874215,7.954677679149269,0.015229779481887806
6.781999999999475,0.6742902032043111,-0.2448273316834476,0.6650551305283023,-0.28178085814344767,0.0,-0.020330207278864865,0.2547307912077765,0.08063419464410444,0.3629172427330388,0.8499141902737711,0.0,4.4266040874215,7.954677679149269,0.015229779481887806
6.791999999999474,0.6717538435024651,-0.2585613226937025,0.6670492535641498,-0.2828468083429484,0.0,-0.021396157478365596,0.2545966269750937,0.08064207065904677,0.3624983397056566,0.8499142180245378,0.0,4.4266040874215,7.954677679149269,0.015229779481887806
6.801999999999473,0.6691357469591602,-0.2576170273703004,0.669275658901559,-0.2826572644489416,0.0,-0.021206613584358824,0.25446359157030524,0.08064979040882209,0.3621581003740746,0.8499142462540084,0.0,2.7531495571136473,7.954677679149269,0.10611283779144287
6.811999999999472,0.6667405902153505,-0.22894255350979809,0.67237875001848,-0.2811168884944725,0.0,-0.019666237629889727,0.2543321625263127,0.08065735699383107,0.3619727084824478,0.8499142729703419,0.0,2.7531495571136473,7.954677679149269,0.10611283779144287
6.821999999999471,0.6645681119787704,-0.21033190696079315,0.6753038676283782,-0.27730335664734485,0.0,-0.015852705782762044,0.2542027472681439,0.08066477345296055,0.36324132964811906,0.8499142957908283,0.0,2.7531495571136473,7.954677679149269,0.10611283779144287
6.83199999999947,0.6625577512425253,-0.19491429424621248,0.6780109912465826,-0.27326239267121005,0.0,-0.011811741806627252,0.25407568047596607,0.08067204276480384,0.36319230399833013,0.8499143134683828,0.0,2.7531495571136473,7.954677679149269,0.10611283779144287
6.8419999999994685,0.660706055052228,-0.17855122333862006,0.6804724634157546,-0.26814943866805996,0.0,-0.0066987878034771575,0.2539512396627059,0.08067916784885712,0.36313613246477394,0.8499143251039314,0.0,2.7531495571136473,7.954677679149269,0.10611283779144287
6.851999999999467,0.6590362979248205,-0.15731012200268737,0.6827171924064951,-0.2622859391806431,0.0,-0.0008352883160602786,0.2538296500339196,0.08068615156669183,0.3627827461383024,0.8499143294973305,0.0,2.369764196872711,7.954677679149269,0.2803386926651001
6.861999999999466,0.6576411927040654,-0.12792822392918707,0.684871985623663,-0.2557093530070542,0.0,0.005741297857528582,0.2537110819486968,0.08069299672310405,0.3622475513211161,0.8499143249883434,0.0,2.369764196872711,7.954677679149269,0.2803386926651001
6.871999999999465,0.6565260511443839,-0.10075841173387036,0.6866124234280585,-0.24821573586069315,0.0,0.013234915003889652,0.25359563996250817,0.08069970606724092,0.3620195123183958,0.8499143099222788,0.0,2.369764196872711,7.954677679149269,0.2803386926651001
6.881999999999464,0.6556804014604022,-0.07407429215553363,0.6879124544426857,-0.23964998320315184,0.0,0.02180066766143096,0.2534833641596037,0.0807062822937047,0.36255328577687496,0.8499142833792006,0.0,2.369764196872711,7.954677679149269,0.2803386926651001
6.891999999999463,0.6550920665469646,-0.048838683416418775,0.6887204867131683,-0.23045048398291815,0.0,0.031000166881664654,0.25337423664447,0.08071272804363508,0.36348538641211314,0.8499142437134527,0.0,2.369764196872711,7.954677679149269,0.2803386926651001
6.901999999999462,0.6547468951963411,-0.02485046938440101,0.6890153909858509,-0.221083895079962,0.0,0.04036675578462079,0.25326818773756277,0.0807190459057698,0.3644190608579322,0.8499141900691677,0.0,2.2217604756355285,7.954677679149269,0.6453414738178254
6.911999999999461,0.6546411981184522,-0.0012610183985689236,0.6888009330623575,-0.21164652175739807,0.0,0.049804129107184736,0.25316510201059605,0.08072523841748441,0.36547917626079285,0.8499141227587295,0.0,2.2217604756355285,7.954677679149269,0.6453414738178254
6.92199999999946,0.6547711229159847,0.022523206581583424,0.6880918736254041,-0.2028934780836344,0.0,0.05855717278094841,0.25306482257438145,0.08073130806581133,0.3658689219550594,0.8499140424019644,0.0,2.2217604756355285,7.954677679149269,0.6453414738178254
6.931999999999459,0.6551343090573513,0.04543000000115007,0.6869020468142294,-0.1943974756205844,0.0,0.0670531752439984,0.2529671545621868,0.08073725728843861,0.3664404255396314,0.849913949132295,0.0,2.2217604756355285,7.954677679149269,0.6453414738178254
6.9419999999994575,0.6557266415895016,0.0683462652615631,0.6852867767005414,-0.18654842947984157,0.0,0.07490222138474123,0.2528718684350555,0.08074308847468908,0.36688769131566557,0.8499138441726296,0.0,2.2217604756355285,7.954677679149269,0.6453414738178254
6.951999999999456,0.6565458915109181,0.09075747109209449,0.683292125492038,-0.17984979703697193,0.0,0.08160085382761087,0.252778703290279,0.08074880396647985,0.3667282270057619,0.8499137287218959,0.0,2.1840265512466432,7.954677679149269,0.6788963973522186
6.961999999999455,0.6575806310794191,0.11169017654112223,0.6809543629393667,-0.17388374995336595,0.0,0.08756690091121686,0.25268736981438067,0.08075440605926289,0.3667492027268976,0.849913604202136,0.0,2.1840265512466432,7.954677679149269,0.6788963973522186
6.971999999999454,0.6588134369129917,0.130825847540917,0.6783467063557996,-0.16900995017361525,0.0,0.09244070069096755,0.25259755463298145,0.08075989700294692,0.36662080551230536,0.8499134716475014,0.0,2.1840265512466432,7.954677679149269,0.6788963973522186
6.981999999999453,0.6602263965543382,0.1480165397454254,0.6755416100170681,-0.16507513050075942,0.0,0.09637552036382338,0.25250892554084725,0.08076527900280109,0.3666983747581496,0.8499133327971028,0.0,2.1840265512466432,7.954677679149269,0.6788963973522186
6.991999999999452,0.6617953259775091,0.16219648754029273,0.6725990425785242,-0.16177773280495686,0.0,0.09967291805962594,0.2524211366703496,0.08077055422034055,0.3675108174823615,0.8499131891033874,0.0,2.1840265512466432,7.954677679149269,0.6788963973522186
7.001999999999451,0.6634751242195353,0.17211582049774746,0.6695721656163887,-0.1599030684633197,0.0,0.1015475824012631,0.25233383478027244,0.08077572477419462,0.36802709999714234,0.8499130413146917,0.0,2.263719713687897,7.954677679149269,0.5352522552013397
7.01199999999945,0.665262637629029,0.18278655082796647,0.6666598252007435,-0.16007906406912634,0.0,0.10137158679545646,0.2522466674802734,0.0807807927409577,0.3673925352517856,0.8499128928999128,0.0,2.263719713687897,7.954677679149269,0.5352522552013397
7.021999999999449,0.6671318156862271,0.18915925826789357,0.6638299283906152,-0.16120112921094648,0.0,0.10024952165363632,0.2521592856352626,0.08078576015602318,0.3671453658704841,0.8499127453267565,0.0,2.263719713687897,7.954677679149269,0.5352522552013397
7.031999999999448,0.6690462502832544,0.19232319480735371,0.6611657312784658,-0.16357285518475645,0.0,0.09787779567982635,0.25207134801565295,0.08079062901440096,0.366819399107284,0.8499126008530459,0.0,2.263719713687897,7.954677679149269,0.5352522552013397
7.0419999999994465,0.6709661231569526,0.19112724138076273,0.6587105489932301,-0.1669452132192474,0.0,0.0945054376453354,0.2519825282310195,0.0807954012715187,0.3666863532716296,0.8499124607107553,0.0,2.263719713687897,7.954677679149269,0.5352522552013397
7.051999999999445,0.6728426849371998,0.18588534996746495,0.6565365931667387,-0.17069181328664743,0.0,0.09075883757793538,0.2518925218400233,0.0808000788440071,0.36751037359490923,0.8499123255878603,0.0,2.5675289034843445,7.954677679149269,0.15063005983829497
7.061999999999444,0.6746744009194119,0.17996760504678921,0.6548227216599743,-0.17528072297691683,0.0,0.08616992788766598,0.2518010533289247,0.08080466361046965,0.36847504793667674,0.8499121969668425,0.0,2.5675289034843445,7.954677679149269,0.15063005983829497
7.071999999999443,0.676399819382527,0.16687970920148137,0.6533983208671404,-0.18151313132438254,0.0,0.07993751954020026,0.2517078773832491,0.08080915741223718,0.368277814959717,0.8499120762922125,0.0,2.5675289034843445,7.954677679149269,0.15063005983829497
7.081999999999442,0.6779631910372673,0.14861766499002851,0.652300787893153,-0.18789800086058164,0.0,0.07355265000400116,0.2516127871036974,0.08081356205410736,0.3688145014369516,0.8499119648311629,0.0,2.5675289034843445,7.954677679149269,0.15063005983829497
7.091999999999441,0.6793196644951589,0.12668977098976783,0.6515576109587617,-0.1952330245628142,0.0,0.06621762630176861,0.25151562280149437,0.08081787930506952,0.36875712521944637,0.8499118635647936,0.0,2.5675289034843445,7.954677679149269,0.15063005983829497
7.10199999999944,0.6804448951808275,0.10324562637025869,0.6512153818268243,-0.20296765019595348,0.0,0.058483000668629326,0.25141627740550904,0.08082211089901506,0.36865206651401194,0.8499117736050118,0.0,4.071905771990586,7.954677679149269,0.01011514663696289
7.111999999999439,0.6813190660889552,0.07578785698408949,0.6512238768765077,-0.21042405570124043,0.0,0.051026595163342375,0.25131469783850063,0.0808262585354339,0.3692121916635045,0.8499116947012146,0.0,4.071905771990586,7.954677679149269,0.01011514663696289
7.121999999999438,0.6818803091218192,0.042594239505425874,0.651463370920938,-0.21819974630864397,0.0,0.04325090455593883,0.2512108864938562,0.08083032388009702,0.36936901552552404,0.8499116268448399,0.0,4.071905771990586,7.954677679149269,0.01011514663696289
7.131999999999437,0.6820955329084986,0.007325105673442953,0.651947006021688,-0.22626909240263585,0.0,0.035181558461946955,0.25110490798327645,0.0808343085657254,0.3689340176235827,0.8499115707724476,0.0,4.071905771990586,7.954677679149269,0.01011514663696289
7.1419999999994355,0.6819525101631669,-0.028661956086445395,0.6526658410058981,-0.23418947771433965,0.0,0.02726117315024315,0.250996891601382,0.08083821419264581,0.36830897348106406,0.8499115261704037,0.0,4.071905771990586,7.954677679149269,0.01011514663696289
7.151999999999434,0.6814493695182545,-0.06539187238118957,0.6535758713139201,-0.24132541665917392,0.0,0.020125234205408876,0.2508870293059054,0.08084204232943351,0.36817480742054276,0.8499114924891878,0.0,4.774839038076608,7.954677679149269,0.005688679218292247
7.161999999999433,0.6805607527942685,-0.1041416853291531,0.6545531375491858,-0.24811183951623605,0.0,0.013338811348346746,0.2507755724767787,0.08084579451354222,0.36773667345384864,0.8499114690378954,0.0,4.774839038076608,7.954677679149269,0.005688679218292247
7.171999999999432,0.6793007574750196,-0.14021761299926658,0.6556805048418498,-0.253857973590458,0.0,0.007592677274124826,0.2506628311345585,0.08084947225192164,0.36779062748630653,0.8499114544527027,0.0,4.774839038076608,7.954677679149269,0.005688679218292247
7.181999999999431,0.677694645378976,-0.17390984451266972,0.6569253170572544,-0.2580324754053395,0.0,0.003418175459243278,0.2505491677858651,0.08085307702162255,0.3689209565651881,0.8499114469740366,0.0,4.774839038076608,7.954677679149269,0.005688679218292247
7.19199999999943,0.6757755192157084,-0.20338323575912112,0.6582748771508792,-0.26221095249448,0.0,-0.0007603016298972087,0.2504349885630874,0.08085661027039015,0.36878354998622664,0.8499114459173526,0.0,4.774839038076608,7.954677679149269,0.005688679218292247
7.201999999999429,0.6735941374866428,-0.22565013619988383,0.6597773219723112,-0.2654031373427845,0.0,-0.003952486478201678,0.2503207333549923,0.08086007341724544,0.3686548704065704,0.8499114495945558,0.0,3.81726536404427,7.954677679149269,0.03881961107254028
7.211999999999428,0.6712785852576421,-0.235508576528487,0.6616332210138398,-0.26743456412646527,0.0,-0.0059839132618824675,0.25020686172795603,0.08086346785305513,0.3686738654131091,0.8499114567100686,0.0,3.81726536404427,7.954677679149269,0.03881961107254028
7.221999999999427,0.668867071770319,-0.2445890390040395,0.6635074932024113,-0.2683192396045374,0.0,-0.006868588739954606,0.2500938300862381,0.08086679494109027,0.36875286693854925,0.8499114653493268,0.0,3.81726536404427,7.954677679149269,0.03881961107254028
7.2319999999994256,0.666383381024739,-0.2502935246380964,0.6653740273838802,-0.26847803271045445,0.0,-0.00702738184587165,0.24998208179385134,0.0808700560175737,0.36828049858904177,0.8499114744632353,0.0,3.81726536404427,7.954677679149269,0.03881961107254028
7.2419999999994245,0.6638711603395586,-0.25155956576213,0.6672020931286192,-0.26682443572269826,0.0,-0.00537378485811546,0.24987204281336334,0.0808732523922168,0.36878986467551245,0.849911482806605,0.0,3.81726536404427,7.954677679149269,0.03881961107254028
7.251999999999423,0.6613829918826842,-0.24119703990281832,0.6691506785686363,-0.26510133658773966,0.0,-0.0036506857231568546,0.24976411456789593,0.08087638534874536,0.3678821406257621,0.8499114884962435,0.0,2.3887948393821716,7.954677679149269,0.16932713985443115
7.261999999999422,0.6591776951515878,-0.20847853960781482,0.6717417341213676,-0.2613073566828701,0.0,0.00014329418171271646,0.24965865986149383,0.08087945614541531,0.36836959156170346,0.8499114902292256,0.0,2.3887948393821716,7.954677679149269,0.16932713985443115
7.271999999999421,0.6572452425418385,-0.18352000879599037,0.6740900763785465,-0.2575390498218753,0.0,0.003911601042707491,0.24955596599220048,0.08088246601551798,0.3673862902077245,0.8499114865326522,0.0,2.3887948393821716,7.954677679149269,0.16932713985443115
7.28199999999942,0.6555449178759991,-0.16124410913287077,0.676162448781315,-0.2523792011008594,0.0,0.009071449763723427,0.24945624470715028,0.08088541616787531,0.36706202030120993,0.849911476169164,0.0,2.3887948393821716,7.954677679149269,0.16932713985443115
7.291999999999419,0.6540684502125872,-0.1385622448682542,0.6779325891209178,-0.24685031777594965,0.0,0.01460033308863315,0.2493596451542376,0.08088830778732557,0.3661377455447272,0.8499114582704336,0.0,2.3887948393821716,7.954677679149269,0.16932713985443115
7.301999999999418,0.6528168145428412,-0.11604156193943757,0.6793446762174215,-0.2400376195343609,0.0,0.021413031330221904,0.24926625981580947,0.080891142035199,0.3660894203256265,0.8499114308486622,0.0,2.2980729699134828,7.954677679149269,0.3802246332168579
7.311999999999417,0.6518001309379166,-0.09224490272603282,0.6803950402045132,-0.23247486632647218,0.0,0.028975784538110616,0.2491761280193852,0.08089392004978431,0.3663785336665232,0.8499113930756039,0.0,2.2980729699134828,7.954677679149269,0.3802246332168579
7.321999999999416,0.6510095727547026,-0.07012623643430552,0.6809858647445765,-0.2245586028330498,0.0,0.03689204803153301,0.24908923812600903,0.08089664294678589,0.3666739227361029,0.8499113433543025,0.0,2.2980729699134828,7.954677679149269,0.3802246332168579
7.3319999999994145,0.6504558538515172,-0.04555159452602434,0.6811709119873426,-0.21680781244231367,0.0,0.04464283842226913,0.24900553181093246,0.08089931181977178,0.36648446400474133,0.8499112829259221,0.0,2.2980729699134828,7.954677679149269,0.3802246332168579
7.341999999999413,0.6501488613251535,-0.020871834324046913,0.6809228493794836,-0.20907106185688767,0.0,0.052379589007695126,0.24892490572615072,0.08090192774061296,0.36626338843918693,0.8499112108619931,0.0,2.2980729699134828,7.954677679149269,0.3802246332168579
7.351999999999412,0.6500939783981282,0.004414523822569849,0.6802604483385281,-0.20167541634916186,0.0,0.05977523451542094,0.24884721261820297,0.08090449175991381,0.3657917003726431,0.849911127821743,0.0,2.1257293224334717,7.954677679149269,0.6635389864444732
7.361999999999411,0.6502705999686339,0.026129195372604982,0.6791074425688256,-0.19351183322773893,0.0,0.06793881763684387,0.24877226388559598,0.08090700490743404,0.36685943992141745,0.8499110331675773,0.0,2.1257293224334717,7.954677679149269,0.6635389864444732
7.37199999999941,0.6506626735080477,0.04801844171791088,0.6775638093802286,-0.18712697947380502,0.0,0.07432367139077778,0.24869983590659295,0.08090946819250228,0.36612573555434547,0.8499109281886322,0.0,2.1257293224334717,7.954677679149269,0.6635389864444732
7.381999999999409,0.6512823134895196,0.07091710439115391,0.6757051694202437,-0.18129918915108592,0.0,0.08015146171349688,0.2486296753539024,0.08091188260442139,0.36550917624213586,0.8499108146006021,0.0,2.1257293224334717,7.954677679149269,0.6635389864444732
7.391999999999408,0.6521194070704424,0.09205464834675936,0.6735457692889204,-0.17593292937169797,0.0,0.08551772149288484,0.24856150007599687,0.08091424911286589,0.3653304653999878,0.8499106926116246,0.0,2.1257293224334717,7.954677679149269,0.6635389864444732
7.401999999999407,0.6531589575559785,0.112205399155638,0.6711668139636471,-0.17162059026236726,0.0,0.08983006060221554,0.24849500280217235,0.08091656866827131,0.3649212737147717,0.8499105636110499,0.0,2.2160125970840454,7.954677679149269,0.6521618485450744
7.411999999999406,0.6543997600371746,0.13164641096189994,0.6686790562075776,-0.16798363221675938,0.0,0.09346701864782342,0.248429855668854,0.08091884220221596,0.36493743255353506,0.8499104286543163,0.0,2.2160125970840454,7.954677679149269,0.6521618485450744
7.421999999999405,0.6558193661232434,0.14823186943436606,0.6660857373827083,-0.16536567641809596,0.0,0.09608497444648684,0.24836571299156718,0.080921070627795,0.3649947473182269,0.8499102897833336,0.0,2.2160125970840454,7.954677679149269,0.6521618485450744
7.4319999999994035,0.6573743632497422,0.1598933987578821,0.6634106222668327,-0.1637982127717273,0.0,0.09765243809285551,0.24830221700093294,0.08092325483998719,0.36511694250281024,0.8499101475682593,0.0,2.2160125970840454,7.954677679149269,0.6521618485450744
7.441999999999402,0.6590272770366109,0.1680199023635764,0.6607353316125639,-0.1628495836490388,0.0,0.09860106721554401,0.24823900691145928,0.0809253957160144,0.36594128668472714,0.8499100041035738,0.0,2.2160125970840454,7.954677679149269,0.6521618485450744
7.451999999999401,0.6607370867958342,0.17294800528288787,0.6581309220457098,-0.163715492180587,0.0,0.0977351586839958,0.2481757271997083,0.0809274941156938,0.36579180557481517,0.8499098607451666,0.0,2.3004312098026274,7.954677679149269,0.4277433276176452
7.4619999999994,0.662484149930088,0.17498296552251846,0.6556976097608118,-0.16493293491945768,0.0,0.09651771594512512,0.24811203471134302,0.08092955088178329,0.36667459762561105,0.8499097187340876,0.0,2.3004312098026274,7.954677679149269,0.4277433276176452
7.471999999999399,0.6642219876125434,0.17247234660750216,0.6534248268465237,-0.16773016995253262,0.0,0.09372048091205018,0.24804760327721434,0.08093156684031984,0.3667962501471057,0.8499095799367212,0.0,2.3004312098026274,7.954677679149269,0.4277433276176452
7.481999999999398,0.6659185157135548,0.16765213619234465,0.6513972103702932,-0.17212138689111503,0.0,0.08932926397346777,0.2479821309238608,0.0809335428009514,0.36603785900055774,0.8499094467202427,0.0,2.3004312098026274,7.954677679149269,0.4277433276176452
7.491999999999397,0.6675460590249063,0.1589468327686458,0.6496402462126678,-0.17648431556062222,0.0,0.08496633530396058,0.2479153449078001,0.08093547955726194,0.36654458948110635,0.8499093198934816,0.0,2.3004312098026274,7.954677679149269,0.4277433276176452
7.501999999999396,0.6690678207858767,0.14844175531924467,0.6482366243548848,-0.18206279756564867,0.0,0.07938785329893414,0.24784700577221994,0.08093737788709023,0.36642118168632476,0.849909200541336,0.0,2.801958626508713,7.954677679149269,0.07994416952133179
7.511999999999395,0.67049139010694,0.1371727583419349,0.6473041828227565,-0.18764483023700734,0.0,0.07380582062757546,0.24777691116869985,0.08093923855284223,0.3671741709192671,0.8499090891130208,0.0,2.801958626508713,7.954677679149269,0.07994416952133179
7.521999999999394,0.671763986612755,0.12002250752056379,0.6466716104415123,-0.19439086975964448,0.0,0.06705978110493832,0.2477048946162353,0.08094106230179725,0.36697969450761936,0.8499089871323461,0.0,2.801958626508713,7.954677679149269,0.07994416952133179
7.5319999999993925,0.6728339330840993,0.09759240307392718,0.6463348711779443,-0.20074797136586642,0.0,0.06070267949871638,0.2476308317852142,0.08094284986640815,0.3678119082052361,0.8499088946083727,0.0,2.801958626508713,7.954677679149269,0.07994416952133179
7.541999999999391,0.6736593227861899,0.07236267898039131,0.6463111050916243,-0.20817323588647563,0.0,0.053277414978107174,0.24755464800887392,0.08094460196459541,0.3674195247707518,0.8499088122407358,0.0,2.801958626508713,7.954677679149269,0.07994416952133179
7.55199999999939,0.6742224444336616,0.0446413251100437,0.6465815029058509,-0.21530048830667112,0.0,0.046150162557911684,0.24747632272266226,0.08094631930003553,0.3675017086697161,0.8499087404989679,0.0,4.206132197230697,7.954677679149269,0.008571267127990723
7.561999999999389,0.6744684577829246,0.011008346554601707,0.6469849695485858,-0.22208850182124545,0.0,0.03936214904333735,0.2473958906337198,0.08094800256244362,0.36791250273292386,0.8499086789576772,0.0,4.206132197230697,7.954677679149269,0.008571267127990723
7.571999999999388,0.6743768524125575,-0.022448426929659593,0.6476020918060771,-0.22954012812712818,0.0,0.03191052273745462,0.24731344705033761,0.0809496524278504,0.36705266444162965,0.8499086281538705,0.0,4.206132197230697,7.954677679149269,0.008571267127990723
7.581999999999387,0.6739483734504145,-0.05639825726048292,0.6484042843527403,-0.23566154534826567,0.0,0.025789105516317135,0.2472291481346261,0.08095126955887372,0.36752378717767464,0.8499085867774661,0.0,4.206132197230697,7.954677679149269,0.008571267127990723
7.591999999999386,0.6731854171391671,-0.08938597236799947,0.6493790527497735,-0.24157985459770637,0.0,0.019870796266876434,0.24714320677127402,0.08095285460498462,0.36756617706395633,0.8499085542967626,0.0,4.206132197230697,7.954677679149269,0.008571267127990723
7.601999999999385,0.6721050660600226,-0.12039098647427612,0.6505083782946344,-0.24685176573404197,0.0,0.014598885130540834,0.24705588785792734,0.08095440820276828,0.3676351140899248,0.8499085301118507,0.0,4.2825609684716754,7.954677679149269,0.013651156425476096
7.611999999999384,0.6707216220189693,-0.1498642357032967,0.6517449231393332,-0.25134552232615137,0.0,0.01010512853843143,0.24696750158648195,0.0809559309761796,0.36776865849970186,0.8499085126435634,0.0,4.2825609684716754,7.954677679149269,0.013651156425476096
7.621999999999383,0.6690608088877225,-0.17620899298167927,0.6530821104287058,-0.254936335565579,0.0,0.0065143152990038145,0.24687839695517316,0.0809574235367938,0.36801466730849375,0.8499085008106985,0.0,4.2825609684716754,7.954677679149269,0.013651156425476096
7.6319999999993815,0.6671648720752897,-0.19811364337230744,0.6545062911445744,-0.2576201247362797,0.0,0.003830526128303091,0.24678895374472096,0.08095888648405208,0.36827682397918027,0.8499084939753422,0.0,4.2825609684716754,7.954677679149269,0.013651156425476096
7.64199999999938,0.6650728430829977,-0.21587508679175166,0.6559814830179111,-0.2598016824737058,0.0,0.0016489683908770258,0.24669957232895687,0.08096032040550236,0.3679113817510763,0.8499084903672864,0.0,4.2825609684716754,7.954677679149269,0.013651156425476096
7.651999999999379,0.6628452052916439,-0.22361138259089763,0.6576203408164991,-0.2611536160840641,0.0,0.00029703478051867904,0.2466106638957825,0.08096172587703519,0.36732808532442685,0.8499084893663871,0.0,3.030833005006564,7.954677679149269,0.0829448640346527
7.661999999999378,0.6606643807730002,-0.21491646773070217,0.6597516934661054,-0.26114067905801985,0.0,0.00030997180656294754,0.24652263504149385,0.0809631034631151,0.3672175128576648,0.8499084889947472,0.0,3.030833005006564,7.954677679149269,0.0829448640346527
7.671999999999377,0.6585539437045972,-0.20856553179233844,0.6618307050743549,-0.2601580323959275,0.0,0.0012926184686553044,0.2464358586468144,0.08096445371700729,0.36701014220758865,0.8499084877512593,0.0,3.030833005006564,7.954677679149269,0.0829448640346527
7.681999999999376,0.6565084771496847,-0.2016640864290235,0.6638185528557097,-0.2583777708092387,0.0,0.0030728800553441182,0.2463506675143948,0.08096577718099983,0.3665055388622266,0.8499084842276559,0.0,3.030833005006564,7.954677679149269,0.0829448640346527
7.691999999999375,0.6545442285705184,-0.19304416505480215,0.6656731168681497,-0.2546806022344916,0.0,0.006770048630091174,0.2462673575419353,0.08096707438662144,0.36734082474731455,0.849908476882443,0.0,3.030833005006564,7.954677679149269,0.0829448640346527
7.701999999999374,0.6526796554003722,-0.17926277249415407,0.6674379368447683,-0.25057132554680966,0.0,0.010879325317773136,0.24618618736407116,0.08096834585485495,0.36750398766393677,0.8499084635765463,0.0,2.2930386424064637,7.954677679149269,0.2456343814730644
7.711999999999373,0.6510488831912402,-0.1530920882443802,0.6693718114394561,-0.24611135567808468,0.0,0.015339295186498125,0.2461073741154418,0.08096959209634659,0.3669989389790317,0.8499084440572285,0.0,2.2930386424064637,7.954677679149269,0.2456343814730644
7.721999999999372,0.6496502810292709,-0.1313884643491239,0.6709840492100473,-0.24060351075268654,0.0,0.020847140111896256,0.2460310757679614,0.08097081361161104,0.3669336807480523,0.8499084167531101,0.0,2.2930386424064637,7.954677679149269,0.2456343814730644
7.7319999999993705,0.6484548245709066,-0.11184020463870636,0.6722354768767288,-0.23393748946424045,0.0,0.02751316140034235,0.24595739208890155,0.08097201089123243,0.3676373948167765,0.849908380456798,0.0,2.2930386424064637,7.954677679149269,0.2456343814730644
7.741999999999369,0.6474505132728409,-0.09286383794837767,0.673101119801117,-0.2270332520904348,0.0,0.03441739877414801,0.24588637397139193,0.08097318441606141,0.36801323068683234,0.849908334325134,0.0,2.2930386424064637,7.954677679149269,0.2456343814730644
7.751999999999368,0.6466467295653636,-0.07171463380009538,0.6736029461893267,-0.22064035096013507,0.0,0.04081029990444773,0.24581802890000726,0.08097433465740825,0.3672164797177482,0.8499082786984817,0.0,2.2083749055862425,7.954677679149269,0.5170280814170838
7.761999999999367,0.6460542213765431,-0.05108820785008298,0.6736952169079125,-0.21297437552483242,0.0,0.04847627533975038,0.2457523222556494,0.08097546207723207,0.36795920407286586,0.8499082122277936,0.0,2.2083749055862425,7.954677679149269,0.5170280814170838
7.771999999999366,0.6456671106672417,-0.03057825107563323,0.673370622941323,-0.20539198923462837,0.0,0.05605866162995443,0.24568917852352493,0.08097656712832649,0.3685588056801191,0.8499081349549487,0.0,2.2083749055862425,7.954677679149269,0.5170280814170838
7.781999999999365,0.6454778778699205,-0.011269768414316934,0.6726180613652858,-0.19784916105649678,0.0,0.06360148980808603,0.2456284849674836,0.08097765025450133,0.3692934301127653,0.8499080463972817,0.0,2.2083749055862425,7.954677679149269,0.5170280814170838
7.791999999999364,0.6454768597970308,0.007317099990178204,0.6714601755095982,-0.19055787860800014,0.0,0.07089277225658266,0.2455700956936197,0.08097871189076108,0.37007596806246223,0.8499079469437469,0.0,2.2083749055862425,7.954677679149269,0.5170280814170838
7.801999999999363,0.6456615402854262,0.025590555783540532,0.6699325909174494,-0.18390520059648482,0.0,0.07754545026809798,0.24551383575673394,0.08097975246347935,0.3705645943692647,0.8499078375500071,0.0,2.1542484998703,7.954677679149269,0.6665208220481873
7.811999999999362,0.6460172066305366,0.04234429229140607,0.6680394114764764,-0.17798954197003738,0.0,0.08346110889454542,0.24545950420722357,0.08098077239057025,0.3708102046351033,0.8499077189135685,0.0,2.1542484998703,7.954677679149269,0.6665208220481873
7.821999999999361,0.6465444857245437,0.059761409428840846,0.6658826515207857,-0.17312694078431204,0.0,0.08832371008027076,0.24540687821066245,0.0809817720816562,0.37054091514138543,0.8499075927038373,0.0,2.1542484998703,7.954677679149269,0.6665208220481873
7.8319999999993595,0.6472382048511723,0.07551010406793221,0.6634885678629847,-0.16859736435739248,0.0,0.09285328650719032,0.24535571508312856,0.0809827519382325,0.3709123814281253,0.849907459466738,0.0,2.1542484998703,7.954677679149269,0.6665208220481873
7.841999999999358,0.6480829334244407,0.09017557228067993,0.6609257588989849,-0.16525881495727154,0.0,0.09619183590731126,0.2453057549580653,0.08098371235382847,0.37084468388565883,0.8499073208308443,0.0,2.1542484998703,7.954677679149269,0.6665208220481873
7.851999999999357,0.6490623580280658,0.10350624096769606,0.658265163508599,-0.16268194097747943,0.0,0.09876870988710337,0.24525672507990567,0.08098465371416556,0.37103301246974063,0.8499071778941489,0.0,2.256069839000702,7.954677679149269,0.6006860375404357
7.861999999999356,0.650185530333904,0.11751089274384274,0.6556556897241179,-0.16151793075582135,0.0,0.09993272010876145,0.24520834334747285,0.08098557639731231,0.37062267615609135,0.8499070325323421,0.0,2.256069839000702,7.954677679149269,0.6006860375404357
7.871999999999355,0.651418371403536,0.12648697711571763,0.6530271036208676,-0.16047833287051866,0.0,0.10097231799406414,0.2451603191078705,0.08098648077383609,0.37144630251496613,0.849906885447056,0.0,2.256069839000702,7.954677679149269,0.6006860375404357
7.881999999999354,0.6527169153690208,0.13182615806310496,0.6504460582286087,-0.1612369066344133,0.0,0.10021374423016949,0.24511235973022513,0.08098736720695202,0.37116242635035224,0.8499067383987563,0.0,2.256069839000702,7.954677679149269,0.6006860375404357
7.891999999999353,0.6540535064660415,0.1342125158091279,0.6479803575534551,-0.16249563130808234,0.0,0.09895501955650046,0.24506417915033465,0.08098823605266871,0.3715608329539438,0.8499065932144436,0.0,2.256069839000702,7.954677679149269,0.6006860375404357
7.901999999999352,0.6553895970719332,0.1333096095252652,0.6456754898656383,-0.16551889722763088,0.0,0.09593175363695192,0.24501550372664965,0.08098908765993144,0.37081310638510645,0.8499064508556887,0.0,2.314430069923401,7.954677679149269,0.2806131273508072
7.911999999999351,0.6567151900103199,0.13135761013939856,0.6436403916903172,-0.16886076632331803,0.0,0.09258988454126477,0.24496607816039673,0.08098992237076214,0.3708545619490137,0.8499063135016688,0.0,2.314430069923401,7.954677679149269,0.2806131273508072
7.92199999999935,0.6580002626002665,0.1261960546980771,0.641863942368166,-0.17350106331074516,0.0,0.08794958755383764,0.2449156676998912,0.08099074052039681,0.3702002759890176,0.8499061822479846,0.0,2.314430069923401,7.954677679149269,0.2806131273508072
7.9319999999993485,0.6592112455519136,0.11716492423864862,0.64036645741385,-0.17827485574199756,0.0,0.08317579512258524,0.2448640621785582,0.08099154243742016,0.37034693365559923,0.8499060577709538,0.0,2.314430069923401,7.954677679149269,0.2806131273508072
7.941999999999347,0.6603134166438992,0.10495190993469426,0.639178020858804,-0.1834950340041493,0.0,0.07795561686043351,0.24481108118359649,0.08099232844389756,0.3707005930537689,0.849905941020267,0.0,2.314430069923401,7.954677679149269,0.2806131273508072
7.951999999999346,0.6612685488386801,0.0896016365373219,0.638319980230491,-0.18917025306439095,0.0,0.07228039780019185,0.24475657908567364,0.08099309885550442,0.37107503358920146,0.8499058318726829,0.0,2.9154901072382926,7.954677679149269,0.047355222702026356
7.961999999999345,0.6620715990270047,0.07333212204983612,0.6378701880723955,-0.19501952359415226,0.0,0.06643112727043055,0.24470044931799373,0.0809938539816529,0.3716664618475758,0.8499057311410627,0.0,2.9154901072382926,7.954677679149269,0.047355222702026356
7.971999999999344,0.6626795404021798,0.05184881735190161,0.6376819997577523,-0.20097788272755088,0.0,0.060472768137031924,0.24464262457461822,0.08099459412561628,0.372368744658939,0.8499056391697348,0.0,2.9154901072382926,7.954677679149269,0.047355222702026356
7.981999999999343,0.6630546488194518,0.027965513744996652,0.6377691512259318,-0.20781996401840447,0.0,0.05363068684617833,0.24458308147294852,0.0809953195846507,0.3719032664651859,0.8499055565493705,0.0,2.9154901072382926,7.954677679149269,0.047355222702026356
7.991999999999342,0.6631917976113366,0.004138508370417696,0.6381541725559359,-0.214555188239905,0.0,0.04689546262467781,0.24452184455265688,0.0809960306501145,0.3714655892014399,0.8499054841828031,0.0,2.9154901072382926,7.954677679149269,0.047355222702026356
8.001999999999342,0.6630787816671764,-0.02261643498053384,0.6387541082809397,-0.22050446760465697,0.0,0.04094618325992583,0.24445898472918387,0.08099672760758533,0.37181884689667877,0.8499054207670935,0.0,4.025720135486527,7.954677679149269,0.011198848485946655
8.011999999999345,0.6626600776465251,-0.05439898982869361,0.6393988269877836,-0.22658845216080153,0.0,0.034862198703781266,0.24439461925741082,0.08099741073697479,0.3715057234535506,0.8499053661380129,0.0,4.025720135486527,7.954677679149269,0.011198848485946655
8.021999999999348,0.6619412038059721,-0.08325932313587009,0.6402290503156174,-0.2326740072802813,0.0,0.028776643584301514,0.2443289170538234,0.08099808031264082,0.3705575179906926,0.8499053205782783,0.0,4.025720135486527,7.954677679149269,0.011198848485946655
8.031999999999352,0.6609440446592757,-0.11060643003871304,0.6412090489353403,-0.23707818081670426,0.0,0.02437247004787854,0.24426209523246944,0.08099873660349798,0.3711824046312321,0.8499052824863753,0.0,4.025720135486527,7.954677679149269,0.011198848485946655
8.041999999999355,0.6596780986637346,-0.13684600665927504,0.6423007035024716,-0.24103305417366067,0.0,0.020417596690922135,0.24419441170313902,0.08099937987312533,0.3715190306055256,0.8499052501286704,0.0,4.025720135486527,7.954677679149269,0.011198848485946655
8.051999999999358,0.6581719704761976,-0.1586634043092977,0.6435286421196718,-0.2445193595371765,0.0,0.01693129132740631,0.2441261597423783,0.08100001037987242,0.37147722574870823,0.8499052234322799,0.0,3.6259822278869613,7.954677679149269,0.036819112300872814
8.061999999999362,0.6564911385951764,-0.17394137864609488,0.6449556241568056,-0.24749641503463948,0.0,0.013954235829943318,0.24405765939179108,0.08100062837696292,0.37101186797108465,0.8499052013340872,0.0,3.6259822278869613,7.954677679149269,0.036819112300872814
8.071999999999365,0.6546694828190043,-0.1872207578858991,0.6464379508328909,-0.2491720171019107,0.0,0.012278633762672103,0.24398924403360225,0.08100123411259641,0.3711561297771113,0.8499051822587778,0.0,3.6259822278869613,7.954677679149269,0.036819112300872814
8.081999999999368,0.6527357439831094,-0.19700990749240127,0.6479534733258575,-0.2500962148173799,0.0,0.011354436047202876,0.2439212518587594,0.08100182783004804,0.37109385775273673,0.8499051652881974,0.0,3.6259822278869613,7.954677679149269,0.036819112300872814
8.091999999999372,0.650724247960074,-0.2033086033770455,0.6494652223595693,-0.2502883767235845,0.0,0.011162274140998296,0.24385401961255052,0.08100240976776621,0.37077830776362874,0.8499051488628129,0.0,3.6259822278869613,7.954677679149269,0.036819112300872814
8.101999999999375,0.6486832757788387,-0.20094577878705838,0.651075189386988,-0.24941493939730347,0.0,0.01203571146727933,0.2437878756538717,0.08100298015946837,0.370682842982722,0.8499051318195698,0.0,2.513988959789276,7.954677679149269,0.13841843605041504
8.111999999999378,0.6467833394748291,-0.18355082985319418,0.6531022538882859,-0.24738790156202134,0.0,0.014062749302561461,0.24372312807952268,0.08100353923423484,0.3709228198615847,0.8499051124374549,0.0,2.513988959789276,7.954677679149269,0.13841843605041504
8.121999999999382,0.645031145875773,-0.16988450356097365,0.6549844574332617,-0.24489457565424735,0.0,0.016556075210335447,0.24366003928605287,0.08100408721660084,0.3705711438426502,0.8499050897128911,0.0,2.513988959789276,7.954677679149269,0.13841843605041504
8.131999999999385,0.6434131097695516,-0.15639437577847237,0.6566966202961558,-0.24181637570785633,0.0,0.01963427515672647,0.24359882342356148,0.0810046243266467,0.3698844126080363,0.8499050628338383,0.0,2.513988959789276,7.954677679149269,0.13841843605041504
8.141999999999388,0.6419355701084537,-0.14175230039644837,0.6582042094174773,-0.23795911679683088,0.0,0.023491534067751924,0.2435396521341484,0.08100515078008615,0.36924958753732706,0.8499050306987942,0.0,2.513988959789276,7.954677679149269,0.13841843605041504
8.151999999999392,0.6406231803833669,-0.12339069443073787,0.6595233740373302,-0.2337190785420281,0.0,0.027731572322554687,0.2434826559793931,0.08100566678835314,0.3682493883984521,0.8499049929145709,0.0,2.2646031618118285,7.954677679149269,0.29553776113316416
8.161999999999395,0.6395166922223587,-0.10251283670035996,0.660652823498233,-0.22818748690489735,0.0,0.033263163959685454,0.2434279221416686,0.08100617255868652,0.36830443024527926,0.8499049476155469,0.0,2.2646031618118285,7.954677679149269,0.29553776113316416
8.171999999999398,0.6386094082834473,-0.08296026591912783,0.6614475529314185,-0.2222126610892262,0.0,0.03923798977535661,0.24337549080198156,0.08100666829421342,0.36839321879654885,0.8499048939143355,0.0,2.2646031618118285,7.954677679149269,0.29553776113316416
8.181999999999402,0.6378974378473581,-0.06365928428821599,0.6618964603979148,-0.21588106914355232,0.0,0.04556958172103048,0.24332535832378382,0.08100715419403086,0.36857862277742137,0.8499048313605193,0.0,2.2646031618118285,7.954677679149269,0.29553776113316416
8.191999999999405,0.6373700207674927,-0.04549135342985476,0.6619654624262472,-0.209216214996884,0.0,0.0522344358676988,0.24327748138018385,0.08100763045328556,0.3690177381339723,0.8499047588819062,0.0,2.2646031618118285,7.954677679149269,0.29553776113316416
8.201999999999408,0.6370330768195288,-0.025493421336544343,0.6616995110014728,-0.20374079396632344,0.0,0.05770985689825936,0.24323178129226172,0.08100809726325243,0.36777204775748296,0.8499046776147032,0.0,2.1408915519714355,7.954677679149269,0.5801179349422454
8.211999999999412,0.6369047680889457,-0.00437486289233107,0.6611027766945231,-0.1979258627736314,0.0,0.06352478809095141,0.24318814537825698,0.08100855481141142,0.3671795949881812,0.8499045881493684,0.0,2.1408915519714355,7.954677679149269,0.5801179349422454
8.221999999999415,0.6369893959768207,0.0168388191256353,0.6601895174578337,-0.19218059709629387,0.0,0.06927005376828893,0.24314642628114366,0.08100900328152266,0.3668605612242206,0.8499044904216835,0.0,2.1408915519714355,7.954677679149269,0.5801179349422454
8.231999999999418,0.637272166977896,0.03586676224159001,0.6589459311039975,-0.18659739321475252,0.0,0.07485325764983028,0.24310644372729998,0.08100944285370047,0.3668669151177526,0.8499043839350885,0.0,2.1408915519714355,7.954677679149269,0.5801179349422454
8.241999999999422,0.6377404663388563,0.053858150260610756,0.6574213230298857,-0.18118866657833516,0.0,0.08026198428624765,0.24306798932657073,0.08100987370448551,0.3673482589912488,0.8499042697805977,0.0,2.1408915519714355,7.954677679149269,0.5801179349422454
8.251999999999425,0.6383813509605165,0.07085681485907627,0.6556591075809348,-0.17690327203528514,0.0,0.08454737882929766,0.24303083133838055,0.08101029600691578,0.3671263765975824,0.8499041487960991,0.0,2.1697540283203125,7.954677679149269,0.6481389760971069
8.261999999999428,0.6391881047274762,0.08700977583975082,0.6537215375935135,-0.17334427018786472,0.0,0.08810638067671808,0.2429947187045505,0.0810107099305961,0.36688570183792735,0.84990402203712,0.0,2.1697540283203125,7.954677679149269,0.6481389760971069
8.271999999999432,0.6401450969827556,0.10133774246004826,0.6516385319211149,-0.17079229217121866,0.0,0.09065835869336414,0.24295938423003072,0.0810111156417662,0.3663397043265455,0.8499038906568692,0.0,2.1697540283203125,7.954677679149269,0.6481389760971069
8.281999999999435,0.6412384643011845,0.11439596197668732,0.6494768074660644,-0.16892056958681584,0.0,0.09253008127776696,0.24292454873345257,0.08101151330336757,0.3660288215157821,0.8499037562935308,0.0,2.1697540283203125,7.954677679149269,0.6481389760971069
8.291999999999438,0.6424546606773603,0.12613899027246173,0.6472977216334739,-0.16832653962023766,0.0,0.09312411124434514,0.24288992491362446,0.08099958235700563,0.36516453025624074,0.8499036204785022,0.0,2.1697540283203125,7.954677679149269,0.6481389760971069
8.301999999999442,0.6437798469260333,0.13699457746181934,0.6451814657148378,-0.16863896360342906,0.0,0.09281168726115374,0.24285522078632546,0.08098370082164655,0.36429702063520575,0.8499034846119421,0.0,2.306468439102173,7.954677679149269,0.49606617391109464
8.311999999999445,0.6452086330192336,0.14582909209055228,0.6432113737437677,-0.16890439864072268,0.0,0.09254625222386012,0.2428201426136827,0.08098464241078951,0.36478153633485133,0.8499033489895674,0.0,2.306468439102173,7.954677679149269,0.49606617391109464
8.321999999999449,0.6466949613043375,0.15011004305274123,0.6413413143663438,-0.1708016471479716,0.0,0.09064900371661119,0.2427843976242136,0.08098556531820246,0.36421764779766486,0.8499032151641411,0.0,2.306468439102173,7.954677679149269,0.49606617391109464
8.331999999999452,0.6482052868476904,0.1510223969202482,0.6396294967825187,-0.17324731568765364,0.0,0.08820333517692916,0.24274770185019803,0.08098646991454285,0.3640683605781403,0.8499030847665252,0.0,2.306468439102173,7.954677679149269,0.49606617391109464
8.341999999999455,0.6496982883443377,0.14757068103257634,0.6380918587747679,-0.17619171981738999,0.0,0.08525893104719282,0.24270978692729958,0.08098735656311407,0.3643243857334949,0.8499029583025552,0.0,2.306468439102173,7.954677679149269,0.49606617391109464
8.351999999999459,0.6511413476692205,0.14215957423581535,0.6368022850039482,-0.1804197063318576,0.0,0.08103094453272519,0.24267040698083547,0.0809882256200113,0.36378390435675656,0.8499028373804941,0.0,2.4881076514720917,7.954677679149269,0.1756838858127594
8.361999999999462,0.6525265641850255,0.1352505074806885,0.6358287890370273,-0.1846395546072232,0.0,0.0768110962573596,0.24262934328526983,0.0809890774342646,0.36412721680451154,0.8499027228552944,0.0,2.4881076514720917,7.954677679149269,0.1756838858127594
8.371999999999465,0.653808811539183,0.12295517709994941,0.6350879002714638,-0.18929629700125827,0.0,0.07215435386332453,0.24258640554612176,0.08098991234797907,0.3645867202263403,0.8499026146886733,0.0,2.4881076514720917,7.954677679149269,0.1756838858127594
8.381999999999469,0.6549450029518692,0.10727411303727494,0.6346064942268789,-0.19464538839765425,0.0,0.06680526246692856,0.24254143798078828,0.08099073069647218,0.36464797032707164,0.8499025137748399,0.0,2.4881076514720917,7.954677679149269,0.1756838858127594
8.391999999999472,0.6559102542395575,0.08917690317248023,0.6344017653267973,-0.20025132621388197,0.0,0.061199324650700826,0.24249432530139386,0.08099153280840848,0.36475362717605675,0.8499024207403685,0.0,2.4881076514720917,7.954677679149269,0.1756838858127594
8.401999999999475,0.6566922184629179,0.07076420713385528,0.6345015256214565,-0.20674163760529699,0.0,0.054709013259285816,0.24244499512629838,0.08099231900593164,0.3638509676389088,0.8499023368746436,0.0,3.288585492141433,7.954677679149269,0.02768048644065857
8.411999999999479,0.6572743179739219,0.04960740988678436,0.6348266896952645,-0.2129702712470782,0.0,0.04848037961750459,0.24239341779448517,0.08099308960479376,0.3633743103293786,0.8499022623564715,0.0,3.288585492141433,7.954677679149269,0.02768048644065857
8.421999999999482,0.657631318454439,0.02607228500390007,0.635367805665388,-0.2185621187343772,0.0,0.0428885321302056,0.24233960670320268,0.08099384491448228,0.3636809728878202,0.8499021963373224,0.0,3.288585492141433,7.954677679149269,0.02768048644065857
8.431999999999485,0.6577421465237667,0.0010559896490309334,0.6361087641388932,-0.2239413412965464,0.0,0.037509309568036414,0.24228362027828157,0.08099458523834413,0.3640078992126283,0.8499021382934246,0.0,3.288585492141433,7.954677679149269,0.02768048644065857
8.441999999999489,0.6576023202806671,-0.02392353635211758,0.6370444051613842,-0.22925252780616476,0.0,0.03219812305841804,0.2422255626619054,0.0809953108737077,0.36399032036114076,0.8499020881189808,0.0,3.288585492141433,7.954677679149269,0.02768048644065857
8.451999999999492,0.6572157912684359,-0.04910697188554181,0.6381304181173232,-0.2340179453805721,0.0,0.027432705484010694,0.24216558151137524,0.08099602211200219,0.3641453251506913,0.8499020453851635,0.0,3.7834293136564168,7.954677679149269,0.01872287392616273
8.461999999999495,0.6565574274399355,-0.07645250652456824,0.6392376625371166,-0.23836876936208587,0.0,0.02308188150249693,0.24210386505174372,0.08099671923887461,0.3641601386163845,0.8499020091936922,0.0,3.7834293136564168,7.954677679149269,0.01872287392616273
8.471999999999499,0.6556492163836924,-0.10000401915680884,0.6404740376403001,-0.24230050642473427,0.0,0.019150144439848527,0.2420406422473293,0.08099740253430462,0.3639261422021085,0.8499019792565029,0.0,3.7834293136564168,7.954677679149269,0.01872287392616273
8.481999999999502,0.6545190992944717,-0.12133682133888979,0.6417971966704008,-0.24510186902619222,0.0,0.016348781838390586,0.24197617670714583,0.08099807227271688,0.36433517176192853,0.8499019537521803,0.0,3.7834293136564168,7.954677679149269,0.01872287392616273
8.491999999999505,0.6531960728510979,-0.13882561845140942,0.6431979990427896,-0.24809133470201422,0.0,0.01335931616256858,0.24191075860613429,0.08099872872309126,0.363454873107962,0.8499019323129702,0.0,3.7834293136564168,7.954677679149269,0.01872287392616273
8.501999999999509,0.6517288667316423,-0.1498021197913124,0.6447307908357057,-0.24943606269947993,0.0,0.012014588165102869,0.24184469665544156,0.08099937214907092,0.3637900041861578,0.8499019139741899,0.0,2.9975198819302022,7.954677679149269,0.08165132403373718
8.511999999999512,0.6502353774696293,-0.14915384085212746,0.6466045095709898,-0.25078595553284105,0.0,0.010664695331741747,0.2417783058554058,0.08100000280906819,0.36296594475996136,0.849901897693978,0.0,2.9975198819302022,7.954677679149269,0.08165132403373718
8.521999999999515,0.6487523169688201,-0.1475890874934327,0.6484970602270093,-0.25136845037427175,0.0,0.010082200490311055,0.24171188733829468,0.08100062095636827,0.36203447375305065,0.8499018829500918,0.0,2.9975198819302022,7.954677679149269,0.08165132403373718
8.531999999999519,0.6472868770970094,-0.1457510875650962,0.6503453693015397,-0.2505117143839371,0.0,0.0109389364806457,0.24164572005727655,0.08100122683923112,0.36194761206913373,0.8499018675296955,0.0,2.9975198819302022,7.954677679149269,0.08165132403373718
8.541999999999522,0.6458535485253819,-0.14138341915480215,0.6521305994115721,-0.24936364130175973,0.0,0.012087009562823076,0.24158006040147706,0.08100182070099096,0.36113158316366023,0.8499018507464314,0.0,2.9975198819302022,7.954677679149269,0.08165132403373718
8.551999999999525,0.6444818812028834,-0.13153053624257502,0.6539093067876136,-0.246759201584208,0.0,0.014691449280374802,0.24151514065953555,0.08100240278015418,0.36127515347501127,0.8499018307624875,0.0,2.2483853340148925,7.954677679149269,0.22836475521326066
8.561999999999529,0.6432919573153268,-0.11149077267192872,0.6559128924277471,-0.2428194047272445,0.0,0.018631246137338298,0.24145116261783264,0.08100297331049501,0.3622528730920507,0.849901805783387,0.0,2.2483853340148925,7.954677679149269,0.22836475521326066
8.571999999999532,0.6422719570959193,-0.0961736217080589,0.65766854365714,-0.23866385343667856,0.0,0.022786797427904237,0.24138828129669088,0.08100353252114947,0.36257850783201906,0.8499017751721167,0.0,2.2483853340148925,7.954677679149269,0.22836475521326066
8.581999999999535,0.6413902330914318,-0.0827372012762338,0.6591439935985843,-0.23439624756748606,0.0,0.02705440329709674,0.24132660708134562,0.08100408063670737,0.36223175429733145,0.8499017379566796,0.0,2.2483853340148925,7.954677679149269,0.22836475521326066
8.591999999999539,0.6406530928081813,-0.0675731253879609,0.6603571859659046,-0.2298745205941124,0.0,0.031576130270470404,0.241266214265776,0.08100461787730252,0.3615548139649807,0.8499016944828971,0.0,2.2483853340148925,7.954677679149269,0.22836475521326066
8.601999999999542,0.6400713009595661,-0.05187459464532206,0.6612712432692044,-0.22431282977908448,0.0,0.03713782108549832,0.24120714282042646,0.0810051444587011,0.3618062683323545,0.8499016434736473,0.0,2.1541537046432495,7.954677679149269,0.449917733669281
8.611999999999545,0.6396544448000233,-0.03495088770743421,0.6618879192729746,-0.2188327834457503,0.0,0.0426178674188325,0.24114939857409765,0.08100566059238842,0.3615811548499369,0.8499015845142841,0.0,2.1541537046432495,7.954677679149269,0.449917733669281
8.621999999999549,0.6394056524091862,-0.018321468948779944,0.662162341716805,-0.21283728638061938,0.0,0.04861336448396342,0.24109295379340598,0.08100616648565369,0.36188958943091076,0.8499015171558167,0.0,2.1541537046432495,7.954677679149269,0.449917733669281
8.631999999999552,0.6393148202023093,-0.0029995828673516634,0.6620704287213364,-0.20675740709705967,0.0,0.05469324376752313,0.241037748911729,0.08100666234167346,0.36230553772043306,0.8499014406270305,0.0,2.1541537046432495,7.954677679149269,0.449917733669281
8.641999999999555,0.6393787851653204,0.012631108126806914,0.661643517487102,-0.200947109465594,0.0,0.06050354139898881,0.24098369636318173,0.08100714835959309,0.3625092004578194,0.8499013555520581,0.0,2.1541537046432495,7.954677679149269,0.449917733669281
8.651999999999559,0.6396016299298005,0.028874303304670355,0.6609086378941051,-0.1958775793282834,0.0,0.0655730715362994,0.2409306832290136,0.08100762473460676,0.362012770459342,0.8499012625079296,0.0,2.1301453948020934,7.954677679149269,0.6274312257766723
8.661999999999562,0.6399871224110151,0.04489461899259608,0.6598828929465965,-0.19070762127432542,0.0,0.07074302959025738,0.24087857228921927,0.08100809165803588,0.36215877454606993,0.8499011619797016,0.0,2.1301453948020934,7.954677679149269,0.6274312257766723
8.671999999999565,0.6405363696147504,0.061795209898339934,0.6586251287581488,-0.186866197199777,0.0,0.07458445366480579,0.24082720319812825,0.08100854931740593,0.3610992561671357,0.8499010551474399,0.0,2.1301453948020934,7.954677679149269,0.6274312257766723
8.681999999999569,0.6412568025745735,0.07886107292717162,0.6571776326717972,-0.18345096770450206,0.0,0.07799968316008074,0.24077639371094947,0.08100899789652176,0.36023605362181943,0.8499009429667612,0.0,2.1301453948020934,7.954677679149269,0.6274312257766723
8.691999999999572,0.6421388232076086,0.09391599553235705,0.6555538397732372,-0.17981381678321814,0.0,0.08163683408136466,0.24072594029572558,0.08100943757554142,0.3605963841338157,0.8499008256883631,0.0,2.1301453948020934,7.954677679149269,0.6274312257766723
8.701999999999575,0.6431547123736173,0.10646045506574643,0.6537890143333641,-0.17664008228460745,0.0,0.08481056857997535,0.24067562175279322,0.08100986853104851,0.3613176745806743,0.8499007037583487,0.0,2.214926207065582,7.954677679149269,0.6003595739603043
8.711999999999579,0.6442897813541525,0.11772968344621673,0.6519713618858336,-0.17485243971338635,0.0,0.08659821115119645,0.24062520533964626,0.08101029093612308,0.3611766924029213,0.8499005782315893,0.0,2.214926207065582,7.954677679149269,0.6003595739603043
8.721999999999582,0.6455208147832214,0.12650614143577474,0.6501072385928958,-0.17399551111944764,0.0,0.08745513974513516,0.24057445119292747,0.08101070496041117,0.36085698695560664,0.8499004506437453,0.0,2.214926207065582,7.954677679149269,0.6003595739603043
8.731999999999585,0.6468288092567246,0.1331675030112004,0.6482538883835349,-0.17365715130141485,0.0,0.08779349956316795,0.24052311709560215,0.08101111077019292,0.36096086570569685,0.8499003224693232,0.0,2.214926207065582,7.954677679149269,0.6003595739603043
8.741999999999589,0.6481801199468457,0.13578450061524275,0.6464226418584531,-0.17352357390674916,0.0,0.08792707695783364,0.24047096304919596,0.0810115085284494,0.3619267288083492,0.8499001940088821,0.0,2.214926207065582,7.954677679149269,0.6003595739603043
8.751999999999592,0.6495343446473058,0.1351900799110564,0.6446621127599121,-0.17474482574160388,0.0,0.08670582512297892,0.24041775774941515,0.08101189839492802,0.3621163908989108,0.8499000663197058,0.0,2.2702233672142027,7.954677679149269,0.3656715005636215
8.761999999999595,0.6508819301247897,0.13377366927949141,0.6430717297958701,-0.17664807430139534,0.0,0.08480257656318746,0.2403632852415017,0.0810122805262067,0.3624182648085117,0.8498999414411719,0.0,2.2702233672142027,7.954677679149269,0.3656715005636215
8.771999999999599,0.6521926391910724,0.12915773146339546,0.6416352559640461,-0.17965337322065378,0.0,0.08179727764392902,0.240307347212489,0.08101265507575672,0.36216883112596043,0.8498998199344941,0.0,2.2702233672142027,7.954677679149269,0.3656715005636215
8.781999999999602,0.6534428498610926,0.12181003189371073,0.640392561133495,-0.18267626279379312,0.0,0.07877438807078968,0.2402497669671362,0.08101302219400446,0.3627920753509126,0.849899702941415,0.0,2.2702233672142027,7.954677679149269,0.3656715005636215
8.791999999999605,0.6546031602865053,0.11212051977132695,0.6393712181709875,-0.18703469457249497,0.0,0.07441595629208783,0.24019039324483268,0.08101338202839165,0.36232875375231677,0.8498995912863322,0.0,2.2702233672142027,7.954677679149269,0.3656715005636215
8.801999999999609,0.6556627205636535,0.10208027555125548,0.6386353907178005,-0.1916477317614622,0.0,0.06980291910312061,0.24012910382844216,0.08101373472343476,0.36216309640400834,0.8498994864200525,0.0,2.5456629157066346,7.954677679149269,0.11159169673919678
8.811999999999612,0.6566263316612473,0.09207020032105974,0.6382328628585171,-0.19702297153158752,0.0,0.06442767933299529,0.24006580579805742,0.08101408042078295,0.36143965534417366,0.8498993891970719,0.0,2.5456629157066346,7.954677679149269,0.11159169673919678
8.821999999999615,0.657466348864584,0.0780576471733378,0.6380759425413902,-0.2016581342351808,0.0,0.05979251662940199,0.2400004337095994,0.08101441925927495,0.3621100633380193,0.8498992991461384,0.0,2.5456629157066346,7.954677679149269,0.11159169673919678
8.831999999999619,0.6581460317160076,0.060951856640000315,0.6381605137533298,-0.20688247364662427,0.0,0.054568177217958536,0.23993295263166323,0.08101475137499485,0.36215578423226036,0.8498992162568072,0.0,2.5456629157066346,7.954677679149269,0.11159169673919678
8.841999999999622,0.6586452397664224,0.042481873644122786,0.6384977432859482,-0.21197746174767643,0.0,0.049473189116906374,0.23986336290493968,0.08101507690132675,0.3624217960090741,0.8498991409760073,0.0,2.5456629157066346,7.954677679149269,0.11159169673919678
8.851999999999626,0.6589518730407076,0.021942449016589156,0.6390486359063434,-0.21704389706037533,0.0,0.04440675380420747,0.23979170178132664,0.08101539596900831,0.36260683695651685,0.8498990731659708,0.0,3.286978723268329,7.954677679149269,0.02660336494445803
8.861999999999629,0.6590239080440401,-0.0022833862204675592,0.6396882107723701,-0.22238681320325562,0.0,0.03906383766132718,0.23971804411944111,0.08101570870618324,0.36213728780640386,0.8498990129038324,0.0,3.286978723268329,7.954677679149269,0.02660336494445803
8.871999999999632,0.6588603109888004,-0.025867400991422956,0.6405015820366086,-0.2265415374028992,0.0,0.0349091134616836,0.23964250624793085,0.08101601523845288,0.3629256124850567,0.8498989596553829,0.0,3.286978723268329,7.954677679149269,0.02660336494445803
8.881999999999636,0.6584635165238344,-0.04846906723960428,0.6414687512442212,-0.2311474309989433,0.0,0.030303219865639497,0.23956524446777364,0.08101631568892652,0.36253919981802796,0.8498989127254125,0.0,3.286978723268329,7.954677679149269,0.02660336494445803
8.891999999999639,0.6578571976080911,-0.0686379930814286,0.6425916252995114,-0.23506092207521953,0.0,0.02638972878936327,0.2394864510305269,0.08101661017827085,0.3624563324465899,0.8498988722621079,0.0,3.286978723268329,7.954677679149269,0.02660336494445803
8.901999999999642,0.6570545382327934,-0.08797042428509982,0.6438231826896985,-0.23776727251816068,0.0,0.023683378346422118,0.23940634765983412,0.08101689882475849,0.36328852985454574,0.8498988364497523,0.0,3.2629063986193843,7.954677679149269,0.04026428461074827
8.911999999999646,0.6560595673885151,-0.10684210775003741,0.6451225466588151,-0.24004597147470272,0.0,0.021404679389880082,0.23932518071467804,0.08101718174431545,0.3638469961789006,0.8498988035357073,0.0,3.2629063986193843,7.954677679149269,0.04026428461074827
8.921999999999649,0.6548945878575227,-0.12241228061117809,0.6464901768779406,-0.24192769006903378,0.0,0.01952296079554902,0.23924321802274998,0.08101745905056769,0.36401007620288384,0.849898773844256,0.0,3.2629063986193843,7.954677679149269,0.04026428461074827
8.931999999999652,0.6535925945818732,-0.13495476152782654,0.6478962411987645,-0.24298371126618337,0.0,0.01846693959839943,0.23916074302562276,0.08101773085488677,0.3643229924410557,0.849898746264298,0.0,3.2629063986193843,7.954677679149269,0.04026428461074827
8.941999999999656,0.6521857604898406,-0.14378700350618864,0.6493203917375973,-0.24393867748280043,0.0,0.01751197338178237,0.23907804720369077,0.08101799726643456,0.3637367906719855,0.8498987200319759,0.0,3.2629063986193843,7.954677679149269,0.04026428461074827
8.951999999999659,0.6507198368460352,-0.14617554785701076,0.650816351326723,-0.24361933185031945,0.0,0.017831319014263353,0.23899542278066457,0.08101825839220707,0.3638833562080126,0.849898694199029,0.0,2.548484367132187,7.954677679149269,0.1288050413131714
8.961999999999662,0.64931310540288,-0.13720369949306482,0.6525905337102155,-0.24328157881433743,0.0,0.018169072050245372,0.2389131520410576,0.08101851433707745,0.362990455441648,0.8498986679266237,0.0,2.548484367132187,7.954677679149269,0.1288050413131714
8.971999999999666,0.6479848113929905,-0.13012713738657766,0.6542718481434768,-0.2413784629573073,0.0,0.020072187907275496,0.23883148864887058,0.08101876520383812,0.36324323984726814,0.8498986396968441,0.0,2.548484367132187,7.954677679149269,0.1288050413131714
8.981999999999669,0.6467206947273765,-0.12385201359733314,0.6558099249873425,-0.23867879116507792,0.0,0.022771859699504876,0.23875065358561579,0.08101901109324204,0.36362150451687714,0.8498986079540289,0.0,2.548484367132187,7.954677679149269,0.1288050413131714
8.991999999999672,0.6455201951060274,-0.11741279915163105,0.6571673410867493,-0.2351025644678007,0.0,0.0263480863967821,0.23867083944112313,0.08101925210404312,0.3643131589959999,0.8498985715098398,0.0,2.548484367132187,7.954677679149269,0.1288050413131714
9.001999999999676,0.6443940097223022,-0.10838259492671701,0.658357039050438,-0.23107369730094995,0.0,0.030376953563632847,0.2385922123912071,0.08101948833303597,0.3648189296989035,0.849898529583979,0.0,2.1782991170883177,7.954677679149269,0.2849460940808058
9.011999999999679,0.6433924366149576,-0.09477469618146377,0.6594435940797069,-0.22690297131982334,0.0,0.03454767954475946,0.2385149109812911,0.08101971987509474,0.36480439971515144,0.8498984814987307,0.0,2.1782991170883177,7.954677679149269,0.2849460940808058
9.021999999999682,0.6425213922215495,-0.08179919243979199,0.6602531555781486,-0.22237488766240976,0.0,0.03907576320217304,0.23843903997281188,0.08101994682321116,0.3646943121314614,0.8498984268104667,0.0,2.1782991170883177,7.954677679149269,0.2849460940808058
9.031999999999686,0.641788415940551,-0.06739533110547424,0.6607957728775488,-0.21780373945542197,0.0,0.04364691140916083,0.23836467012827522,0.08102016926853198,0.36419316248143985,0.849898365648311,0.0,2.1782991170883177,7.954677679149269,0.2849460940808058
9.041999999999689,0.6412033341758224,-0.05245680420224146,0.6610484981815758,-0.21267160440578464,0.0,0.04877904645879816,0.2382918391701891,0.08102038730039557,0.3641801859908962,0.8498982972997975,0.0,2.1782991170883177,7.954677679149269,0.2849460940808058
9.051999999999692,0.6407747124520291,-0.036594570604455215,0.6610155674006235,-0.20756105180308848,0.0,0.05388959906149432,0.23822055205688036,0.08102060100636772,0.36399899800945823,0.8498982217539182,0.0,2.1389281392097472,7.954677679149269,0.519523736834526
9.061999999999696,0.640497446071813,-0.021916859873011632,0.660660530740057,-0.20206984780855794,0.0,0.05938080305602486,0.23815078180902305,0.0810208104722769,0.3643734159644897,0.8498981380750926,0.0,2.1389281392097472,7.954677679149269,0.519523736834526
9.071999999999699,0.6403616216878042,-0.008293001867248039,0.6599878891757038,-0.19623305271877758,0.0,0.06521759814580522,0.23808247244370306,0.08102101578224863,0.3654123059895732,0.8498980462270275,0.0,2.1389281392097472,7.954677679149269,0.519523736834526
9.081999999999702,0.6403583857169355,0.0053557025381451365,0.6590263002981325,-0.19162051531497162,0.0,0.06983013554961118,0.23801554298524952,0.0810212170187394,0.36507000315032034,0.849897946780051,0.0,2.1389281392097472,7.954677679149269,0.519523736834526
9.091999999999706,0.6404926572348152,0.01895153647430304,0.6578069662623174,-0.1870666799097525,0.0,0.07438397095483029,0.23794989047526188,0.08102141426256966,0.3651236225966882,0.8498978403897316,0.0,2.1389281392097472,7.954677679149269,0.519523736834526
9.101999999999709,0.6407629491339031,0.032343252464803185,0.6563628293644971,-0.18280279903727295,0.0,0.07864785182730985,0.23788539108294152,0.08102160759295635,0.36538316174532526,0.8498977277536853,0.0,2.1423774003982543,7.954677679149269,0.6160660833120346
9.111999999999712,0.6411647207579325,0.04530557619997471,0.6547307328234376,-0.17936916030632252,0.0,0.08208149055826028,0.23782190186692323,0.08102179708754466,0.36521157434628493,0.8498976096537634,0.0,2.1423774003982543,7.954677679149269,0.6160660833120346
9.121999999999716,0.6416835888173971,0.05576073017070013,0.6529163228023686,-0.175519210571303,0.0,0.08593144029327979,0.23775926312534085,0.08102198282243932,0.3664563375733245,0.8498974861931378,0.0,2.1423774003982543,7.954677679149269,0.6160660833120346
9.131999999999719,0.6422924862415201,0.06418160937907755,0.6509586852617057,-0.17293624332852608,0.0,0.08851440753605672,0.23769730266751102,0.08102216487223503,0.366842170628232,0.8498973582697412,0.0,2.1423774003982543,7.954677679149269,0.6160660833120346
9.141999999999722,0.6429833642014671,0.07205296455121013,0.6489313000233452,-0.17157382705617932,0.0,0.08987682380840348,0.23763584135805557,0.08102234331004651,0.3664961304547413,0.8498972276738206,0.0,2.1423774003982543,7.954677679149269,0.6160660833120346
9.151999999999726,0.6437474549667266,0.07940777573023447,0.6468954459456244,-0.1705135371611309,0.0,0.0909371137034519,0.23757469582061963,0.08102251820753786,0.3667450252633374,0.8498970954384133,0.0,2.24580842256546,7.954677679149269,0.5234262377023696
9.161999999999729,0.6445757067329411,0.08456773481045707,0.6449030284454319,-0.16956736980645642,0.0,0.09188328105812638,0.23751368043203552,0.08102268963495127,0.36786334649453367,0.8498969614220363,0.0,2.24580842256546,7.954677679149269,0.5234262377023696
9.171999999999732,0.6454370798630318,0.08725307254409206,0.6429523491155549,-0.17048601151424367,0.0,0.09096463935033913,0.2374526099975845,0.08102285766113528,0.36738936095279096,0.8498968275788747,0.0,2.24580842256546,7.954677679149269,0.5234262377023696
9.181999999999736,0.6463159125374878,0.08824718775121178,0.641099862480117,-0.17190837210267693,0.0,0.08954227876190587,0.23739130501983233,0.08102302235357248,0.3672024340467319,0.8498966954247662,0.0,2.24580842256546,7.954677679149269,0.5234262377023696
9.191999999999739,0.6471863758459524,0.08530756783402954,0.6393466569728488,-0.1725013170098963,0.0,0.08894933385468651,0.23732959507140058,0.08102318377840653,0.36912127034516784,0.8498965650381721,0.0,2.24580842256546,7.954677679149269,0.5234262377023696
9.201999999999742,0.6480062353002082,0.0798739629537075,0.6377339105297362,-0.1751526439981564,0.0,0.08629800686642641,0.2372673237346674,0.08102334200046878,0.36903158163575767,0.8498964373439132,0.0,2.3027599096298217,7.954677679149269,0.25527643561363217
9.211999999999746,0.6487694225769535,0.07375417141801138,0.6363372065420673,-0.17830099823562623,0.0,0.08314965262895657,0.2372043547501898,0.08102349708330424,0.3690292293219306,0.8498963138860391,0.0,2.3027599096298217,7.954677679149269,0.25527643561363217
9.221999999999749,0.6494592303326431,0.06542633414548682,0.6351463659004132,-0.18180798392643624,0.0,0.07964266693814656,0.23714057295932114,0.08102364908919721,0.36920345249402964,0.8498961953613687,0.0,2.3027599096298217,7.954677679149269,0.25527643561363217
9.231999999999752,0.6500535049974504,0.05494392614784852,0.6341768491624644,-0.18541370509837207,0.0,0.07603694576621073,0.23707588609495583,0.08102379807919617,0.3698007779922011,0.8498960822848071,0.0,2.3027599096298217,7.954677679149269,0.25527643561363217
9.241999999999756,0.6505257766814191,0.04208860106933495,0.6334293483000653,-0.18972900733953132,0.0,0.07172164352505148,0.23701022772102032,0.08102394411313839,0.36983624894238665,0.849895974775898,0.0,2.3027599096298217,7.954677679149269,0.25527643561363217
9.251999999999759,0.6508649361998504,0.028510485679277865,0.6329395952741915,-0.19403288362713783,0.0,0.06741776723744497,0.23694356016904528,0.08100164072320423,0.370164521924523,0.8498958736817324,0.0,2.572482079267502,7.954677679149269,0.07788618206977843
9.261999999999762,0.6510671774022704,0.014171889962870214,0.6327166306981584,-0.19840062642970768,0.0,0.06305002443487512,0.23687587500796795,0.08099123562286942,0.37055314279044393,0.8498957791212445,0.0,2.572482079267502,7.954677679149269,0.07788618206977843
9.271999999999766,0.6511068631389518,-0.0032503520667028288,0.632689395449801,-0.2022705396111999,0.0,0.059180111253382905,0.2368071924645575,0.08099202771674346,0.37165844199765896,0.8498956903830145,0.0,2.572482079267502,7.954677679149269,0.07788618206977843
9.281999999999769,0.6509612796313703,-0.02214017460390287,0.6328556184593581,-0.20644865980140303,0.0,0.05500199106317977,0.23673756390303508,0.0809840724794071,0.3721845675200913,0.8498956074881052,0.0,2.572482079267502,7.954677679149269,0.07788618206977843
9.291999999999772,0.6506318836205549,-0.040320419551183664,0.6332315227184238,-0.21055322122092035,0.0,0.05089742964366245,0.236667073723938,0.08085774242276558,0.3724461841800918,0.8498955310193375,0.0,2.572482079267502,7.954677679149269,0.07788618206977843
9.301999999999776,0.6501169318022648,-0.05916120310846262,0.6337644014548444,-0.214961676377255,0.0,0.046488974487327805,0.2365958373341127,0.0807100020984353,0.3718072040718018,0.849895460159909,0.0,3.114799377800947,7.954677679149269,0.03359658122062681
9.31199999999978,0.6494073497467987,-0.07844715607085215,0.6343834173031626,-0.21880098424297773,0.0,0.042649666621605076,0.23652399932705248,0.08058162359344274,0.3714502607173681,0.8498953954008193,0.0,3.114799377800947,7.954677679149269,0.03359658122062681
9.321999999999782,0.648519582469819,-0.09553948868768099,0.6351394752421599,-0.22209351652887782,0.0,0.03935713433570498,0.23645173240503234,0.08053170318220718,0.3713283029515465,0.849895335949333,0.0,3.114799377800947,7.954677679149269,0.03359658122062681
9.331999999999786,0.6474706282906004,-0.11097237771838087,0.6360019944127119,-0.22464685323049763,0.0,0.03680379763408517,0.23637923281454193,0.08047474042299456,0.3715087942641464,0.8498952807485912,0.0,3.114799377800947,7.954677679149269,0.03359658122062681
9.34199999999979,0.6462772877897289,-0.12484866104264802,0.6369417860265676,-0.2265263305432159,0.0,0.034924320321366914,0.23630671511602075,0.08045622993570863,0.3718736732070492,0.8498952287800511,0.0,3.114799377800947,7.954677679149269,0.03359658122062681
9.351999999999792,0.6449572578851512,-0.13596176620556122,0.6379523584645393,-0.22812678715063517,0.0,0.03332386371394763,0.236234407570281,0.08046116493531917,0.3717907436243719,0.8498951792059839,0.0,2.8691665336489676,7.954677679149269,0.08082155585289
9.361999999999796,0.6435526675165113,-0.14329862100975668,0.6390566787103371,-0.2288568347916067,0.0,0.032593816072976095,0.2361625469236112,0.08047247397020153,0.37203507638663924,0.8498951309979165,0.0,2.8691665336489676,7.954677679149269,0.08082155585289
9.3719999999998,0.6420898970240925,-0.1479159817638397,0.6401788139955253,-0.2294132541975563,0.0,0.03203739666702651,0.2360913704341004,0.08048355862660851,0.37158837842738235,0.8498950839050146,0.0,2.8691665336489676,7.954677679149269,0.08082155585289
9.381999999999802,0.6405951587243571,-0.1501613249641062,0.6412843713551066,-0.22909373408619768,0.0,0.03235691677838512,0.23602110997673253,0.08049442335635236,0.37143186309940857,0.849895036775873,0.0,2.8691665336489676,7.954677679149269,0.08082155585289
9.391999999999806,0.6390950850325624,-0.14958589438368153,0.642350582535144,-0.22824120831126632,0.0,0.03320944255331648,0.23595198712900747,0.08050507252291855,0.37110277020962723,0.8498949888344592,0.0,2.8691665336489676,7.954677679149269,0.08082155585289
9.40199999999981,0.6376140962715668,-0.1459073429735955,0.6433735450346783,-0.22599551502716703,0.0,0.035455135837415774,0.23588420861096557,0.08051551040321824,0.37184153358199656,0.8498949384649296,0.0,2.3259069681167603,7.954677679149269,0.20794326066970825
9.411999999999813,0.6362133692308847,-0.1363554118172846,0.6444451395939143,-0.22383376310130476,0.0,0.03761688776327804,0.23581796136063443,0.08052574118930587,0.3716195572883113,0.8498948848714748,0.0,2.3259069681167603,7.954677679149269,0.20794326066970825
9.421999999999816,0.6349077247486115,-0.1268290140821844,0.6453675492555583,-0.22105558438400655,0.0,0.04039506648057625,0.2357534037706534,0.08053576899006291,0.3714825874771064,0.8498948276917606,0.0,2.3259069681167603,7.954677679149269,0.20794326066970825
9.43199999999982,0.6336924004701404,-0.11769239884321189,0.6460921500557375,-0.21790698265821065,0.0,0.04354366820637215,0.23569066368312966,0.08054559783284797,0.37117721406034176,0.8498947655229246,0.0,2.3259069681167603,7.954677679149269,0.20794326066970825
9.441999999999823,0.6325845354383183,-0.10634172995369148,0.646636698458901,-0.214005798981363,0.0,0.04744485188321981,0.2356298405861083,0.08055523166511429,0.3713444150248596,0.8498946987619785,0.0,2.3259069681167603,7.954677679149269,0.20794326066970825
9.451999999999826,0.6315863298686931,-0.09522268729247711,0.6469418586149666,-0.20977435237570802,0.0,0.05167629848887478,0.2355710050278517,0.08056467435599513,0.37151029916045375,0.8498946256302384,0.0,2.1992532849311828,7.954677679149269,0.3980332851409912
9.46199999999983,0.6307074783125552,-0.08281927102470922,0.6470173695001428,-0.20553150655810523,0.0,0.05591914430647757,0.23551419935612322,0.08057392969785762,0.37135359185319283,0.849894546305849,0.0,2.1992532849311828,7.954677679149269,0.3980332851409912
9.471999999999833,0.629955418270425,-0.06986201437397636,0.6468400712436134,-0.20124649949429602,0.0,0.060204151370286785,0.23545943804342695,0.08058300140782598,0.37105106666405085,0.8498944604665047,0.0,2.1992532849311828,7.954677679149269,0.3980332851409912
9.481999999999836,0.629343703334076,-0.05536296697552807,0.646431533242308,-0.19676258452927803,0.0,0.06468806633530477,0.23540670787012447,0.08059189312927427,0.3709608474491236,0.8498943685542265,0.0,2.1992532849311828,7.954677679149269,0.3980332851409912
9.49199999999984,0.628884744904226,-0.03933089433925344,0.6458057900607491,-0.19314751464171145,0.0,0.06830313622287135,0.23535596741837572,0.08060060843328971,0.3697280437007179,0.8498942708226861,0.0,2.1992532849311828,7.954677679149269,0.3980332851409912
9.501999999999843,0.6285929442343627,-0.022824508355608758,0.6449692404259599,-0.18889874379166272,0.0,0.07255190707292009,0.23530714634151864,0.0805990566190729,0.3695848328036322,0.8498941674493046,0.0,2.15056859254837,7.954677679149269,0.5701528996229172
9.511999999999846,0.6284557199285329,-0.007634006754702119,0.6438988362582905,-0.18526491021843305,0.0,0.07618574064614975,0.23526014531629819,0.08060762979487526,0.36893665093849803,0.849894058126473,0.0,2.15056859254837,7.954677679149269,0.5701528996229172
9.52199999999985,0.6284706952401079,0.007282855613178346,0.6426417405498129,-0.1814485091079328,0.0,0.08000214175664999,0.23521483965982679,0.08061603287339383,0.3690142035456897,0.8498939435754279,0.0,2.15056859254837,7.954677679149269,0.5701528996229172
9.531999999999853,0.6286214123151744,0.020074978033498073,0.6411909998042652,-0.17796923431975642,0.0,0.08348141654482638,0.23517108225465788,0.08057133627641448,0.3691637056863404,0.8498938235316333,0.0,2.15056859254837,7.954677679149269,0.5701528996229172
9.541999999999856,0.628891555985987,0.03133176170993807,0.6395820651939981,-0.17477767947120998,0.0,0.08667297139337282,0.23512870798366223,0.08051719839092755,0.3695670054041045,0.849893698803922,0.0,2.15056859254837,7.954677679149269,0.5701528996229172
9.55199999999986,0.6292644966379399,0.04130537285439422,0.6378515236420798,-0.17273281184125902,0.0,0.08871783902332378,0.23508753843266902,0.08041968456944629,0.36908220220528665,0.8498935701458459,0.0,2.174450731277466,7.954677679149269,0.5793133854866028
9.561999999999863,0.629732577667966,0.050220456933210145,0.6360500427950656,-0.17073126681409212,0.0,0.09071938405049068,0.2350473858836401,0.08042040480472873,0.36943862699157615,0.8498934384794444,0.0,2.174450731277466,7.954677679149269,0.5793133854866028
9.571999999999866,0.6302832883645556,0.05808627936093255,0.6342123342011103,-0.16984763027500913,0.0,0.09160302058957367,0.23500805598318178,0.08041687179516557,0.36911725799057027,0.8498933050451424,0.0,2.174450731277466,7.954677679149269,0.5793133854866028
9.58199999999987,0.6309038798309055,0.06458650145223666,0.6323759157088553,-0.16963473119043904,0.0,0.09181591967414376,0.23496935066467536,0.08028817770540127,0.3686564937151816,0.8498931707870129,0.0,2.174450731277466,7.954677679149269,0.5793133854866028
9.591999999999873,0.6315809575673584,0.06920177478889761,0.6305752077112463,-0.1695859525267353,0.0,0.0918646983378475,0.23493107098658422,0.0800972278609225,0.36877777431965475,0.8498930365900966,0.0,2.174450731277466,7.954677679149269,0.5793133854866028
9.601999999999876,0.6322880529208599,0.07207044028127024,0.6288491750863641,-0.17074070041423234,0.0,0.09070995045035046,0.23489302043013865,0.07993732642783148,0.36812415527573095,0.8498929030818131,0.0,2.274867498874664,7.954677679149269,0.41485418081283565
9.61199999999988,0.6330237035025124,0.07419606840297893,0.6272791630527685,-0.17211457321398693,0.0,0.08933607765059587,0.23485500905343967,0.07978858438196124,0.36805762700554623,0.8498927713065824,0.0,2.274867498874664,7.954677679149269,0.41485418081283565
9.621999999999883,0.6337627149465184,0.07321889894330337,0.6258305160993072,-0.17380550974609402,0.0,0.08764514111848878,0.23481685469900604,0.07960112699965452,0.36828887811456645,0.849892642052467,0.0,2.274867498874664,7.954677679149269,0.41485418081283565
9.631999999999886,0.6344704570365998,0.06924329579785937,0.6245193484761533,-0.1764775035627319,0.0,0.0849731473018509,0.2347783871880018,0.07938206306514223,0.3678667382825819,0.8498925158048006,0.0,2.274867498874664,7.954677679149269,0.41485418081283565
9.64199999999989,0.6351371579602411,0.06486427883292158,0.6234132870357258,-0.17979588618010614,0.0,0.08165476468447666,0.2347394536958497,0.07909484157652957,0.36712035665933307,0.8498923944421163,0.0,2.274867498874664,7.954677679149269,0.41485418081283565
9.651999999999893,0.6357421383309995,0.05741212893461186,0.6224914892607032,-0.18255902276155167,0.0,0.07889162810303113,0.2346999203874392,0.07877033080641248,0.3676581494777277,0.8498922773346899,0.0,2.361488974094391,7.954677679149269,0.18826942741870878
9.661999999999896,0.6362630668706055,0.0481611626587013,0.6217864271604302,-0.1861055041550784,0.0,0.0753451467095044,0.23465967498423976,0.0784186770604519,0.36752873977518785,0.8498921650592342,0.0,2.361488974094391,7.954677679149269,0.18826942741870878
9.6719999999999,0.6366810711038718,0.03738964596092763,0.6212938724633907,-0.1898903171275257,0.0,0.07156033373705711,0.234618629892477,0.0780579799569015,0.3673760692557253,0.8498920583636047,0.0,2.361488974094391,7.954677679149269,0.18826942741870878
9.681999999999903,0.6369826595470368,0.02513164191017981,0.6210153813217566,-0.19389599453118955,0.0,0.06755465633339325,0.2345767240841837,0.07770770426824972,0.36712704841921695,0.8498919573913738,0.0,2.361488974094391,7.954677679149269,0.18826942741870878
9.691999999999906,0.6371495374656538,0.010893140237194787,0.6209339743344987,-0.19762562053584254,0.0,0.06382503032874026,0.23453392417888624,0.07732286804372408,0.367300240718594,0.8498918617701204,0.0,2.361488974094391,7.954677679149269,0.18826942741870878
9.70199999999991,0.6371762822178422,-0.0027199037519465286,0.6210777762455506,-0.2021140013616519,0.0,0.05933664950293091,0.23449022594999097,0.0769123871551088,0.36634435158528356,0.849891772522427,0.0,2.664689192175865,7.954677679149269,0.06823818683624266
9.711999999999913,0.6370547752164496,-0.018672037534186656,0.6213762779978813,-0.20537849592389018,0.0,0.05607215494069262,0.23444565359061767,0.07650940216968297,0.3669333566945221,0.8498916885542255,0.0,2.664689192175865,7.954677679149269,0.06823818683624266
9.721999999999916,0.6367753413535664,-0.03408035982220125,0.6218513614809662,-0.2093918312245908,0.0,0.05205881963999201,0.2344002593692759,0.07608424241258868,0.3661515874938732,0.8498916102604834,0.0,2.664689192175865,7.954677679149269,0.06823818683624266
9.73199999999992,0.6363415021037613,-0.04947421096298827,0.6224769390545967,-0.21266424827974054,0.0,0.048786402584842264,0.23435412335733588,0.07573209298034918,0.36606290714631606,0.849891536906689,0.0,2.664689192175865,7.954677679149269,0.06823818683624266
9.741999999999923,0.6357518965394655,-0.06518517586555708,0.6232204139630273,-0.21518397356525718,0.0,0.046266677299325626,0.23430735104241704,0.07543185732022198,0.3665877542347371,0.8498914675414829,0.0,2.664689192175865,7.954677679149269,0.06823818683624266
9.751999999999926,0.6350106160479583,-0.08030393449194681,0.624059926255466,-0.21741579025183583,0.0,0.04403486061274697,0.2342600716083215,0.0751163983402957,0.3669058307465648,0.8498914018911751,0.0,2.8475031957030295,7.954677679149269,0.06135404706001282
9.76199999999993,0.634113089438502,-0.09557230597414743,0.6249289013258603,-0.21939795505783852,0.0,0.042052695806744284,0.234212435818272,0.07475997826116525,0.36685553068854215,0.849891339056167,0.0,2.8475031957030295,7.954677679149269,0.06135404706001282
9.771999999999933,0.6330789599767148,-0.10860991474616506,0.625855425394328,-0.22024920135874107,0.0,0.04120144950584173,0.23416461441615888,0.07441246817478382,0.3676419101264379,0.8498912785553224,0.0,2.8475031957030295,7.954677679149269,0.06135404706001282
9.781999999999936,0.6319205601551175,-0.12013549489325523,0.6267981050163225,-0.2211881657092996,0.0,0.04026248515528319,0.23411679370224506,0.07408165976111206,0.36754147543705296,0.8498912190258004,0.0,2.8475031957030295,7.954677679149269,0.06135404706001282
9.79199999999994,0.6306702841737402,-0.12768492503465334,0.6277703649304566,-0.22207820953827564,0.0,0.039372441326307156,0.23406917117797862,0.07382201903806743,0.3667479843937663,0.8498911609256519,0.0,2.8475031957030295,7.954677679149269,0.06135404706001282
9.801999999999943,0.6293614898134099,-0.13246391766386437,0.6287494470046527,-0.2210200919679676,0.0,0.040430558896615204,0.2340219487114532,0.07365317906757363,0.3679487436286938,0.8498911026479191,0.0,2.499055749177933,7.954677679149269,0.14522271752357482
9.811999999999946,0.6280281507143785,-0.1341123736977451,0.6297551601711817,-0.2195549641492268,0.0,0.04189568671535601,0.23397532548075378,0.0734428726845646,0.36886223408316177,0.8498910424821863,0.0,2.499055749177933,7.954677679149269,0.14522271752357482
9.82199999999995,0.626675204622268,-0.13587774919756634,0.6306524270874271,-0.2176843323810719,0.0,0.043766318483510896,0.23392949217510428,0.07328912241044229,0.36954934957609675,0.8498909795943821,0.0,2.499055749177933,7.954677679149269,0.14522271752357482
9.831999999999953,0.62531245779352,-0.1362135899049717,0.6314270446203912,-0.21538072863318988,0.0,0.04606992223139292,0.23388462948148916,0.07319802671144847,0.3701338305152948,0.8498909135169627,0.0,2.499055749177933,7.954677679149269,0.14522271752357482
9.841999999999956,0.6239714917795506,-0.13245524038709833,0.6321002935833873,-0.21334426163907613,0.0,0.04810638922550667,0.2338409065669772,0.07310524493189871,0.36961884896870545,0.849890844818748,0.0,2.499055749177933,7.954677679149269,0.14522271752357482
9.85199999999996,0.622679351581569,-0.1263983309563463,0.6326373792501516,-0.21053864364438205,0.0,0.050912007220200756,0.23379847607673848,0.072955650760698,0.36947553934454547,0.8498907720347237,0.0,2.183733069896698,7.954677679149269,0.29311141837388277
9.861999999999963,0.6214697781041771,-0.11756852190325603,0.6330502369121563,-0.20700820254657784,0.0,0.05444244831800496,0.2337574693432054,0.07283848184460082,0.369801593679694,0.8498906947209514,0.0,2.183733069896698,7.954677679149269,0.29311141837388277
9.871999999999966,0.6203409541800845,-0.1096832141954298,0.6332284617673736,-0.20312963529535955,0.0,0.058321015569223256,0.233717992296044,0.07272188239003118,0.37012370699055364,0.8498906115627264,0.0,2.183733069896698,7.954677679149269,0.29311141837388277
9.88199999999997,0.6192955380763893,-0.10069503594158265,0.6331830889157749,-0.19922078811080146,0.0,0.06222986275378134,0.2336801264461362,0.07273794453629849,0.3702480376716415,0.8498905227337449,0.0,2.183733069896698,7.954677679149269,0.29311141837388277
9.891999999999973,0.6183489408239775,-0.09048463235845731,0.632913786535693,-0.19508413983253134,0.0,0.06636651103205146,0.23364392985619767,0.07281537783943554,0.3705194065565649,0.8498904281238654,0.0,2.183733069896698,7.954677679149269,0.29311141837388277
9.901999999999976,0.61751292618765,-0.07859963971000063,0.6324296730165933,-0.19150779601101092,0.0,0.06994285485357188,0.23360943601288972,0.07294703278422036,0.3699326502384054,0.8498903278426309,0.0,2.1977147817611695,7.954677679149269,0.5118630349636077
9.91199999999998,0.6168083005091369,-0.06483806320384863,0.6317517108576779,-0.18776668986042333,0.0,0.07368396100415947,0.23357665286043003,0.07309537000015194,0.36960539929565395,0.8498902222566105,0.0,2.1977147817611695,7.954677679149269,0.5118630349636077
9.921999999999983,0.616244473265574,-0.050938970607306705,0.6308678923374942,-0.18358874143155224,0.0,0.07786190943303056,0.23354556085940203,0.07324491350418559,0.3700154890130699,0.8498901110267858,0.0,2.1977147817611695,7.954677679149269,0.5118630349636077
9.931999999999986,0.6158166367566182,-0.03743378285049181,0.6297806300472576,-0.1800974299343284,0.0,0.0813532209302544,0.23351611310074938,0.07339674965492818,0.3697127238928397,0.8498899941176358,0.0,2.1977147817611695,7.954677679149269,0.5118630349636077
9.94199999999999,0.615524338245703,-0.02344181771898792,0.6285234971411712,-0.1771383091913634,0.0,0.08431234167321941,0.2334882378156301,0.07354234008283976,0.36902272223179666,0.8498898723018771,0.0,2.1977147817611695,7.954677679149269,0.5118630349636077
9.951999999999993,0.615376407647364,-0.009338004095540108,0.6271240815629617,-0.1739752508852899,0.0,0.0874753999792929,0.2334618400125309,0.0736258484952108,0.36902762543507417,0.8498897462901698,0.0,2.177163243293762,7.954677679149269,0.6012139201164246
9.961999999999996,0.6153588664205782,0.0030681022638147717,0.6255733088369181,-0.17116068282449218,0.0,0.09028996804009062,0.23343680214831414,0.07370606223346514,0.36909087478271607,0.8498896160093761,0.0,2.177163243293762,7.954677679149269,0.6012139201164246
9.972,0.6154550006156709,0.013704089894778053,0.623898597904392,-0.16875551969057886,0.0,0.09269513117400394,0.2334129879610453,0.07381528069135289,0.3692730869552464,0.8498894818274733,0.0,2.177163243293762,7.954677679149269,0.6012139201164246
9.982000000000003,0.6156489513766757,0.022996808802968997,0.6221351487113024,-0.1668225993694241,0.0,0.09462805149515871,0.2333902471838905,0.07382168194929331,0.3694092437100115,0.8498893445887581,0.0,2.177163243293762,7.954677679149269,0.6012139201164246
9.992000000000006,0.6159250871931966,0.030297129853741785,0.6203053399735302,-0.16520969667242474,0.0,0.09624095419215806,0.2333684196535441,0.07383098368886985,0.3698428508199695,0.8498892048273997,0.0,2.177163243293762,7.954677679149269,0.6012139201164246
