t,df_hz,rocof_hz_s,dfv_hz,p_vsg_mw,p_pv_support_mw,p_bess_mw,p_diesel_mw,p_wind_mw,p_load_mw,soc,sat_mw,H_v,D_v,alpha
0.002,0.0,0.0,0.0,0.0,0.0,0.2614506508645828,0.425,0.08103115842400496,0.7674818092885878,0.8499642090981643,0.0,2.9233632899820803,6.852801990518326,0.29215701576322317
0.012,-2.417488502514293e-06,-0.0004632967171176747,-7.774949259687054e-06,0.00012598755666490554,0.0,0.26157663842124773,0.4250000000254305,0.08101595201035378,0.7676426416182376,0.8499638265936252,0.0,2.9233632899820803,6.852801990518326,0.29215701576322317
0.022000000000000006,-5.429052250449533e-06,-0.00013264277153426202,-5.661437343845695e-06,-4.6398245565555505e-05,0.0,0.26140425261901723,0.4250000005275793,0.08101625371531328,0.7674006277723787,0.8499634444250275,0.0,2.9233632899820803,6.852801990518326,0.29215701576322317
0.032000000000000015,-6.500989577161199e-06,-6.612636798365052e-05,-5.636385472445193e-06,-5.07261164932496e-05,0.0,0.26139992474808954,0.4250000020338313,0.08100016138035945,0.7673856087611521,0.8499630621857327,0.0,2.9233632899820803,6.852801990518326,0.29215701576322317
0.04200000000000002,-2.016048944665754e-06,0.0010417316403789128,1.1916154338220781e-05,-0.0005240822419305624,0.0,0.26092656862265223,0.42500000464762283,0.08094803368576088,0.766672885206519,0.8499626805475154,0.0,2.9233632899820803,6.852801990518326,0.29215701576322317
0.05200000000000003,1.3748730691314307e-05,0.0017770013094738969,3.269656076590001e-05,-0.0004169132494589859,0.0,0.26103373761512383,0.4250000072744877,0.08088728955027608,0.7667681547388375,0.8499622990330272,0.0,3.0359389168606175,6.528608479676441,0.2802818611264229
0.06200000000000004,3.3195401222822446e-05,0.0021244116141581693,5.097269855639964e-05,-0.00046034282451780357,0.0,0.260990308040065,0.425000006980772,0.08085088522378718,0.7666623641519031,0.8499619174591652,0.0,3.0359389168606175,6.528608479676441,0.2802818611264229
0.07200000000000005,6.293917478133185e-05,0.0038522067806207477,9.447385108713848e-05,-0.0014933823083076963,0.0,0.2599572685562751,0.42500000008487293,0.0808389213896514,0.7652222715891147,0.8499615367907581,0.0,3.0359389168606175,6.528608479676441,0.2802818611264229
0.08200000000000006,0.00010342483557398125,0.0038563683906010773,0.00012403744758176572,-0.000510430353661117,0.0,0.2609402205109217,0.4249999811720689,0.08083653746101323,0.7666009740984295,0.8499611556442964,0.0,3.0359389168606175,6.528608479676441,0.2802818611264229
0.09200000000000007,0.00013602929393989152,0.0029624475152493675,0.00013729485640693475,-0.00037426251878084596,0.0,0.26107638834580194,0.42499994354213255,0.08082553550031402,0.7668060800765615,0.849960773926485,0.0,3.0359389168606175,6.528608479676441,0.2802818611264229
0.10200000000000008,0.00015992417652176008,0.0020096519031591047,0.00014449047645997759,-0.00013830413533984196,0.0,0.261312346729243,0.4249998821350159,0.08079816684938913,0.7671277709299622,0.8499603919972946,0.0,3.0336241024409705,6.183730086088253,0.2768496550619602
0.11200000000000009,0.00017299818331216547,0.0007260256106485077,0.00014069396852084705,0.00029193124945520296,0.0,0.261742582114038,0.42499979400181376,0.08076281740586928,0.7677026083737281,0.8499600096770589,0.0,3.0336241024409705,6.183730086088253,0.2768496550619602
0.1220000000000001,0.00016600880166776224,-0.0016356338027219738,0.00010969916932720306,0.0009068841951323027,0.0,0.2623575350597151,0.4249996786679738,0.080758437104259,0.7685727409480899,0.8499596263863645,0.0,3.0336241024409705,6.183730086088253,0.2768496550619602
0.1320000000000001,0.0001345639875529505,-0.004129411605951236,6.025138870067144e-05,0.0012716768373249158,0.0,0.26272232770190773,0.4249995395059814,0.08075588298113927,0.7690891201789811,0.8499592424270807,0.0,3.0336241024409705,6.183730086088253,0.2768496550619602
0.1420000000000001,8.615239424482197e-05,-0.0048863486897685665,2.11513642624034e-05,0.0005841730797674864,0.0,0.2620348239443503,0.4249993843069512,0.08074651044230544,0.7681162150046642,0.8499588588170028,0.0,3.0336241024409705,6.183730086088253,0.2768496550619602
0.1520000000000001,3.972887869078483e-05,-0.004518981622414713,-2.4248024630768257e-06,0.0005039106511060305,0.0,0.26195456151568886,0.42499922335353185,0.08074905716796771,0.7679928519126087,0.8499584757450663,0.0,3.07411725176103,6.004918445716959,0.271860422194004
0.16200000000000012,-4.163270401481619e-06,-0.004373511833257672,-2.7515301910469508e-05,0.0006094167533172675,0.0,0.26206006761790007,0.4249990662237641,0.08075016107631676,0.7681308464079282,0.84995809260098,0.0,3.07411725176103,6.004918445716959,0.271860422194004
0.17200000000000013,-4.900213354581769e-05,-0.0046786980874849,-5.988285422774376e-05,0.0009019703443304395,0.0,0.26235262120891323,0.42499892139564793,0.08073320736319492,0.7685000454187505,0.8499577091856587,0.0,3.07411725176103,6.004918445716959,0.271860422194004
0.18200000000000013,-9.976965267651555e-05,-0.005188498878225126,-0.0001002002578549875,0.0008566400321327697,0.0,0.26230729089671556,0.42499879701717685,0.08071771636547298,0.7683907082283074,0.8499573254712869,0.0,3.07411725176103,6.004918445716959,0.271860422194004
0.19200000000000014,-0.00014549937960795601,-0.004189944425036551,-0.00011930712146680398,0.000489664809053519,0.0,0.2619403156736363,0.4249987014855118,0.08072393525611628,0.7678498919333601,0.8499569425085607,0.0,3.07411725176103,6.004918445716959,0.271860422194004
0.20200000000000015,-0.00017827181889369632,-0.0027519964362422737,-0.00012541387814224704,0.0001055491696407624,0.0,0.2615562000342236,0.4249986417108347,0.08072633151413122,0.7672791581685934,0.8499565600084517,0.0,3.0939940982295515,5.9184005270406566,0.27130211815238
0.21200000000000016,-0.00019964530603694145,-0.0016826038214525262,-0.00012993416932158226,9.444895930218241e-05,0.0,0.26154509982388496,0.4249986217664729,0.08073237947472246,0.7672341611940536,0.8499561775627511,0.0,3.0939940982295515,5.9184005270406566,0.27130211815238
0.22200000000000017,-0.0002125284392744906,-0.001122143666762537,-0.0001366655519265497,0.00025133163482838884,0.0,0.2617019824994112,0.4249986431634755,0.08073830743991262,0.7674253538810147,0.8499557950356736,0.0,3.0939940982295515,5.9184005270406566,0.27130211815238
0.23200000000000018,-0.00021710077895674743,0.00013787666410337195,-0.00013034330085972678,-0.00042387058965046536,0.0,0.2610267802749323,0.4249987056050439,0.08074411779048708,0.7664535481208121,0.8499554129796323,0.0,3.0939940982295515,5.9184005270406566,0.27130211815238
0.2420000000000002,-0.0002092263005760235,0.0010283498173598823,-0.00012144710000677805,-0.00015801937286886766,0.0,0.26129263149171394,0.42499880703901,0.08074981285999497,0.7668039492872317,0.8499550310203061,0.0,3.0939940982295515,5.9184005270406566,0.27130211815238
0.25200000000000017,-0.0001959511817188527,0.0015198414142949383,-0.00011503083703838297,-0.00012164865528819386,0.0,0.2613290022092946,0.424998943357836,0.08075539493568626,0.7668380549479452,0.8499546489738433,0.0,3.1147443699409276,5.880120467080611,0.2720201946794987
0.2620000000000002,-0.0001837709496914233,0.0009430933336519197,-0.00012381932053930753,0.0002939942247889129,0.0,0.26174464508937173,0.42499910959488746,0.08076086625943044,0.7674080109425074,0.8499542663754794,0.0,3.1147443699409276,5.880120467080611,0.2720201946794987
0.2720000000000002,-0.00017212961011232002,0.0014081173698675695,-0.00012053094588143081,-4.584887353287317e-05,0.0,0.26140480199104993,0.42499930121144186,0.08076622902861688,0.7669244995548101,0.8499538842149913,0.0,3.1147443699409276,5.880120467080611,0.2720201946794987
0.2820000000000002,-0.00015381454948737146,0.002090609574072521,-0.00011027207053329634,-0.0002438978125161665,0.0,0.26120675305206664,0.4249995139363818,0.08077148539703734,0.7666458348842875,0.8499535023108278,0.0,3.1147443699409276,5.880120467080611,0.2720201946794987
0.2920000000000002,-0.00012513412546448136,0.0034141754736018363,-8.477140639258495e-05,-0.0008177458287986295,0.0,0.2606329050357842,0.4249997425082629,0.08077663747575099,0.7658488049287261,0.8499531209672863,0.0,3.1147443699409276,5.880120467080611,0.2720201946794987
0.3020000000000002,-8.477070547061194e-05,0.004447981503205211,-5.444912530385945e-05,-0.0007288268679988871,0.0,0.2607218239965839,0.42499998005062345,0.08078168733393223,0.7659891517034391,0.8499527398096728,0.0,3.125211041503342,5.855986009777084,0.273722206056118
0.3120000000000002,-4.715792250255169e-05,0.0029608922384980114,-5.7060829955307495e-05,0.00044407343908328304,0.0,0.26189472430366606,0.4250002180828044,0.0807866369997017,0.7676555338122437,0.84995235745863,0.0,3.125211041503342,5.855986009777084,0.273722206056118
0.32200000000000023,-2.8426762482274322e-05,0.001116371051744045,-7.622192794514626e-05,0.0006883443722963397,0.0,0.2621389952368791,0.4250004493217606,0.08079148846094085,0.7680251605309032,0.8499519744986838,0.0,3.125211041503342,5.855986009777084,0.273722206056118
0.33200000000000024,-2.7971225189120017e-05,-0.00058698830280655,-0.00010510496729929026,0.0006647834295260024,0.0,0.26211543429410883,0.42500067037699824,0.08079624366609028,0.7680206805109925,0.8499515911751746,0.0,3.125211041503342,5.855986009777084,0.273722206056118
0.34200000000000025,-4.105454206258321e-05,-0.0018861111197615095,-0.0001370812815442263,0.0010002056951690687,0.0,0.26245085655975187,0.42500088154405913,0.0808009045249323,0.7685181696365609,0.8499512077286931,0.0,3.125211041503342,5.855986009777084,0.273722206056118
0.35200000000000026,-7.074656567507994e-05,-0.004023663523878894,-0.00018998851358290622,0.0018183314824702763,0.0,0.2632689823470531,0.425001085901443,0.08080547290935788,0.7696888328205976,0.8499508235021174,0.0,3.1375386106457825,5.832877345141354,0.2729165151715279
0.36200000000000027,-0.0001219482084600598,-0.0058205468258126615,-0.000252519345252202,0.0018404571933074137,0.0,0.2632911080578902,0.4250012896409498,0.08080731514608244,0.7697360326298831,0.8499504388965426,0.0,3.1375386106457825,5.832877345141354,0.2729165151715279
0.3720000000000003,-0.0001905068244020103,-0.007162951397365944,-0.00032077553957658765,0.0015096272403109245,0.0,0.26296027810489375,0.425001502569071,0.08080173184028194,0.7692759510750099,0.8499500540577419,0.0,3.1375386106457825,5.832877345141354,0.2729165151715279
0.3820000000000003,-0.0002628081374953456,-0.007350496235741054,-0.0003768762787977617,0.001643525508560796,0.0,0.2630941763731436,0.4250017369226573,0.08080283340865702,0.769461057897612,0.8499496696444112,0.0,3.1375386106457825,5.832877345141354,0.2729165151715279
0.3920000000000003,-0.0003375761022587257,-0.007425278734007882,-0.000433396753700426,0.001367124780658546,0.0,0.26281777564524134,0.4250020051379033,0.0808073635227975,0.7690704487290875,0.8499492851959101,0.0,3.1375386106457825,5.832877345141354,0.2729165151715279
0.4020000000000003,-0.0004081417959220597,-0.006886994617278672,-0.00047975039291249717,0.0013359615421051202,0.0,0.26278661240668794,0.42500231908102815,0.08080728809644305,0.7690153586489084,0.8499489011034845,0.0,3.1347896006205533,5.814864928478727,0.27304172068834304
0.4120000000000003,-0.00047598561687329176,-0.00679524532501438,-0.0005305913262384018,0.0014667338075389131,0.0,0.2629173846721217,0.4250026891461318,0.08081172982673256,0.7691805827228545,0.8499485168318183,0.0,3.1347896006205533,5.814864928478727,0.27304172068834304
0.4220000000000003,-0.0005409940479256326,-0.006317543180028424,-0.000575599696889511,0.0012426150161045338,0.0,0.2626932658806873,0.42500312440338905,0.08081608343025609,0.7688467140160034,0.8499481327572521,0.0,3.1347896006205533,5.814864928478727,0.27304172068834304
0.43200000000000033,-0.0006005840209115592,-0.005764391475873342,-0.0006171014948666377,0.0011761582414156059,0.0,0.2626268091059984,0.42500363266452956,0.080820350655505,0.7687298766854618,0.849947748796493,0.0,3.1347896006205533,5.814864928478727,0.27304172068834304
0.44200000000000034,-0.0006544951416078295,-0.005216228114094388,-0.0006560774392838518,0.0011069428430866223,0.0,0.2625575937076694,0.42500422010692973,0.08082453321627939,0.7686066214192492,0.8499473649146879,0.0,3.1347896006205533,5.814864928478727,0.27304172068834304
0.45200000000000035,-0.0007022074297567359,-0.0044324782789804534,-0.0006892326940321554,0.0009210079940679715,0.0,0.26237165885865077,0.42500489134003355,0.08082863279237652,0.7683184852100483,0.8499469812333003,0.0,3.137097372236249,5.814113660402867,0.2731444425880909
0.46200000000000035,-0.000739631259052936,-0.00334343993763998,-0.0007128653484659655,0.0008919715703724575,0.0,0.26234262243495526,0.4250056493145955,0.08083265103026542,0.7682505826941333,0.8499465978908093,0.0,3.137097372236249,5.814113660402867,0.2731444425880909
0.47200000000000036,-0.0007735009596255428,-0.003604269892977053,-0.0007524233520915169,0.001411629867209094,0.0,0.2628622807317919,0.4250064948717308,0.08083658954374805,0.7689523265473664,0.8499462139544192,0.0,3.137097372236249,5.814113660402867,0.2731444425880909
0.4820000000000004,-0.0008051847305737202,-0.0026787494296066196,-0.0007768889001354432,0.0006633958070475167,0.0,0.2621140466716303,0.4250074279558678,0.08084044991460758,0.7678799077046086,0.8499458305590997,0.0,3.137097372236249,5.814113660402867,0.2731444425880909
0.4920000000000004,-0.000827662288759394,-0.0019878560350103194,-0.0007991365669037273,0.00060821440145054,0.0,0.26205886526603334,0.4250084478153751,0.08084423369324355,0.7677815740539818,0.849945447237851,0.0,3.137097372236249,5.814113660402867,0.2731444425880909
0.5020000000000003,-0.0008435900067073473,-0.0015699050067434432,-0.0008212823255388855,0.0008621662555990854,0.0,0.2623128171201819,0.42500955203343693,0.0808479423992946,0.7681206344990069,0.849945063913195,0.0,3.1400666488074314,5.815901389200615,0.2734778121113777
0.5120000000000003,-0.0008625276116112035,-0.0019788657277410872,-0.0008567037542311881,0.0009305035060735218,0.0,0.26238115437065634,0.425010737223939,0.08085157752224877,0.7682035885260611,0.8499446800901234,0.0,3.1400666488074314,5.815901389200615,0.2734778121113777
0.5220000000000004,-0.0008818870542259075,-0.0018797103779313498,-0.000886638936760767,0.0009743577487871137,0.0,0.2624250086133699,0.4250120004533122,0.08085514052204171,0.7682559604601511,0.8499442964574001,0.0,3.1400666488074314,5.815901389200615,0.2734778121113777
0.5320000000000004,-0.0009015071818814552,-0.0021818276060977227,-0.0009222039813584676,0.0013032457227220968,0.0,0.2627538965873049,0.42501333905348626,0.08085863282964299,0.7687116639974491,0.8499439126075632,0.0,3.1400666488074314,5.815901389200615,0.2734778121113777
0.5420000000000004,-0.0009325619859957126,-0.003620143611994432,-0.000980221127799585,0.0015371223227466741,0.0,0.26298777318732947,0.42501475074447265,0.08086205584763086,0.7690365817403542,0.8499435279175156,0.0,3.1400666488074314,5.815901389200615,0.2734778121113777
0.5520000000000004,-0.0009714783538512622,-0.003754135033504126,-0.001027444431534594,0.0010954268837737066,0.0,0.26254607774835653,0.42501623527966226,0.0808654109507555,0.7684164675387394,0.8499431436049015,0.0,3.1394398427132373,5.80897995570651,0.2735339507460594
0.5620000000000004,-0.0010049242698186443,-0.00321392855490776,-0.0010624460939826638,0.001195737070764601,0.0,0.2626463879353474,0.4250177936915726,0.08086869948649118,0.7685583672267394,0.8499427597284013,0.0,3.1394398427132373,5.80897995570651,0.2735339507460594
0.5720000000000004,-0.0010334363318113245,-0.002711812575817,-0.0010943713493122874,0.0012023760567653695,0.0,0.2626530269213482,0.4250194261132672,0.08085871392271522,0.7685632726467353,0.8499423759532528,0.0,3.1394398427132373,5.80897995570651,0.2735339507460594
0.5820000000000004,-0.0010620598070299049,-0.0029417099453457446,-0.0011352628387025277,0.0013517100347505565,0.0,0.26280236089933334,0.42502113170163297,0.0808050003515443,0.7687336222709094,0.8499419918366244,0.0,3.1394398427132373,5.80897995570651,0.2735339507460594
0.5920000000000004,-0.0011007513452631983,-0.004681829333540639,-0.0012016874962017968,0.0022841660401080907,0.0,0.2637348169046909,0.4250229096469763,0.08077686591313307,0.7700065465112775,0.8499416067659789,0.0,3.1394398427132373,5.80897995570651,0.2735339507460594
0.6020000000000004,-0.001163628026254565,-0.007295804448625697,-0.0012954472951573028,0.002744119772643421,0.0,0.26419477063722624,0.42502476122142263,0.08073669695158774,0.7706311793343542,0.8499412206636051,0.0,3.1451412293461174,5.803406727181613,0.272633546590805
0.6120000000000004,-0.0012528002416939091,-0.00997742219168511,-0.0014080228837116558,0.0032579241047162133,0.0,0.264708574969299,0.42502669202115867,0.08067645056079492,0.7712875292196215,0.849940833830218,0.0,3.1451412293461174,5.803406727181613,0.272633546590805
0.6220000000000004,-0.001364610312023245,-0.011619712403663959,-0.0015233968857696599,0.0029379908353907853,0.0,0.26438864169997356,0.42502871227628913,0.08066178202846254,0.7707980528323023,0.8499404468541887,0.0,3.1451412293461174,5.803406727181613,0.272633546590805
0.6320000000000005,-0.001482893109108451,-0.011909343002099101,-0.0016268300899844612,0.0029032990817831985,0.0,0.264353949946366,0.4250308355562272,0.08066766655471855,0.7707358282519751,0.8499400602804564,0.0,3.1451412293461174,5.803406727181613,0.272633546590805
0.6420000000000005,-0.0015986679156582764,-0.01141304331780962,-0.0017195580496523284,0.0027396363489738903,0.0,0.2641902872135567,0.42503307583783606,0.08067279510452059,0.7704889629347355,0.8499396740670278,0.0,3.1451412293461174,5.803406727181613,0.272633546590805
0.6520000000000005,-0.0017106022271403342,-0.01101053848510066,-0.0018120009570383165,0.0027057645989289145,0.0,0.2641564154635117,0.42503544570611673,0.08066696400871418,0.7704037343196111,0.8499392878338361,0.0,3.139628757199187,5.791936909558934,0.2721292108297348
0.6620000000000005,-0.0018179517846085378,-0.01053788383988611,-0.0019018586920453813,0.002557425576500415,0.0,0.2640080764410832,0.42503795598684146,0.08067418985853217,0.7701695661632092,0.8499389016704135,0.0,3.139628757199187,5.791936909558934,0.2721292108297348
0.6720000000000005,-0.0019209371311487554,-0.010078721855241368,-0.001990426573482417,0.002529249414799537,0.0,0.26397990027938234,0.4250406157912136,0.08068127234287449,0.7701005894656,0.8499385155239678,0.0,3.139628757199187,5.791936909558934,0.2721292108297348
0.6820000000000005,-0.0020113952418597766,-0.008275097958990367,-0.0020550555000904557,0.0019347185414814022,0.0,0.2633853694060642,0.4250434324827898,0.0806882143062037,0.7692379101348777,0.8499381302295005,0.0,3.139628757199187,5.791936909558934,0.2721292108297348
0.6920000000000005,-0.0020824330328448482,-0.006088982052768895,-0.0021029994011805197,0.0012804910593680737,0.0,0.26273114192395086,0.42504641040621804,0.08069501853654651,0.7682947100668928,0.8499377455276111,0.0,3.139628757199187,5.791936909558934,0.2721292108297348
0.7020000000000005,-0.0021315910037043636,-0.0040520885218519554,-0.00213900744520253,0.0010444332865742775,0.0,0.2624950841511571,0.42504954968642467,0.0807016877666133,0.7679434276553778,0.8499373612496703,0.0,3.1399998925685093,5.798091665565713,0.2727275758981705
0.7120000000000005,-0.0021567471871066553,-0.001624351941641337,-0.002154428542856132,0.0007971243265424753,0.0,0.2622477751911253,0.4250528460292195,0.08070822467489579,0.7675858834687165,0.8499369777181104,0.0,3.1399998925685093,5.798091665565713,0.2727275758981705
0.7220000000000005,-0.002160272071445703,0.0004981313674201371,-0.002159148413917878,0.0004132068736215112,0.0,0.2618638577382043,0.4250562907656937,0.08071463188674269,0.7670492033014364,0.8499365945754381,0.0,3.1399998925685093,5.798091665565713,0.2727275758981705
0.7320000000000005,-0.002145306825067571,0.0017158860435805092,-0.002162254085357353,0.0009417840547336918,0.0,0.2623924349193165,0.4250598713888986,0.08072091197541413,0.7678041597627309,0.8499362114920239,0.0,3.1399998925685093,5.798091665565713,0.2727275758981705
0.7420000000000005,-0.002135638716452667,0.000497654313217857,-0.0021988801190669597,0.0014256798138464507,0.0,0.26287633067842925,0.4250635729862361,0.08072706746311512,0.7685079724657716,0.8499358271711448,0.0,3.1399998925685093,5.798091665565713,0.2727275758981705
0.7520000000000006,-0.0021371099767894084,-0.0007617961022583566,-0.002242484400479531,0.0018695321189616586,0.0,0.2633201829835445,0.4250673821496564,0.08073310082200846,0.7691639219575671,0.8499354425805388,0.0,3.1451572995242048,5.797787033354454,0.2731543958187103
0.7620000000000006,-0.0021572538324542254,-0.002964257547048308,-0.0023092539882049643,0.0024514622832144013,0.0,0.2639021131477972,0.4250712885668733,0.08073901447520773,0.7700184192242024,0.849935057117906,0.0,3.1451572995242048,5.797787033354454,0.2731543958187103
0.7720000000000006,-0.0021973443186148562,-0.004567925488753544,-0.0023805522545858487,0.002293019299555212,0.0,0.263743670164138,0.42507528605665107,0.08074403517450325,0.7698380469171657,0.8499346714646295,0.0,3.1451572995242048,5.797787033354454,0.2731543958187103
0.7820000000000006,-0.0022494800126982017,-0.00550705243770895,-0.002450013400290416,0.002229017831355725,0.0,0.2636796686959385,0.4250793724955563,0.08074973188316502,0.769789713035437,0.8499342858548744,0.0,3.1451572995242048,5.797787033354454,0.2731543958187103
0.7920000000000006,-0.00230644823825385,-0.005749357540123524,-0.002512212805096766,0.0020628096382335095,0.0,0.2635134605028163,0.425083548156343,0.08075531556548832,0.7695992823960863,0.8499339004897273,0.0,3.1451572995242048,5.797787033354454,0.2731543958187103
0.8020000000000006,-0.002363266903824087,-0.005783256395493936,-0.002569839299819338,0.0021809836466055786,0.0,0.2636316345111884,0.42508781416926233,0.08076078846398793,0.7698073370014296,0.8499335152736576,0.0,3.1423517396210077,5.785690408286973,0.2731367893517017
0.8120000000000006,-0.002424418921182004,-0.006295136626366717,-0.0026346831350765646,0.0022010956368296035,0.0,0.26365174650141243,0.42509217168099395,0.08076615277668565,0.7698771311050462,0.8499331297743605,0.0,3.1423517396210077,5.785690408286973,0.2731367893517017
0.8220000000000006,-0.0024880303756945987,-0.006243315100435521,-0.002692403522305255,0.0018910548746824865,0.0,0.2633417057392653,0.425096622397527,0.08077141065799315,0.7694825877471824,0.8499327445154433,0.0,3.1423517396210077,5.785690408286973,0.2731367893517017
0.8320000000000006,-0.0025434219456392207,-0.005106014186787458,-0.0027291238248605314,0.001631647220529392,0.0,0.2630822980851122,0.4251011681234715,0.08077656421957717,0.7691580804509093,0.8499323600119705,0.0,3.1423517396210077,5.785690408286973,0.2731367893517017
0.8420000000000006,-0.002591091738027235,-0.004466573529502191,-0.0027651273276129633,0.001379412791259688,0.0,0.2628300636558425,0.4251058090893473,0.08076437392821147,0.7688291132993899,0.8499319755223345,0.0,3.1423517396210077,5.785690408286973,0.2731367893517017
0.8520000000000006,-0.002632121563662533,-0.004178222578587604,-0.0027993461469106758,0.001737026843511569,0.0,0.26318767770809437,0.4251105438252432,0.08066633325072545,0.7692949410393305,0.8499315910875954,0.0,3.142650669826996,5.781313661295325,0.27323289290070535
0.8620000000000007,-0.002671703353792014,-0.004067889791042418,-0.0028332570365827616,0.0018884733440154924,0.0,0.2633391242085983,0.42511536975043873,0.08060456093477737,0.7694488000069905,0.8499312066529588,0.0,3.142650669826996,5.781313661295325,0.27323289290070535
0.8720000000000007,-0.002712778537388115,-0.0037539631315213506,-0.0028641901165704945,0.0010868510644654657,0.0,0.2625375019290483,0.4251202841162924,0.08056391970654646,0.7683183432163566,0.8499308223149867,0.0,3.142650669826996,5.781313661295325,0.27323289290070535
0.8820000000000007,-0.002746777183760259,-0.003380377870253457,-0.0028881093822153295,0.001553541939532585,0.0,0.2630041928041154,0.4251252842182822,0.08054649567988809,0.768988590003575,0.8499304382268844,0.0,3.142650669826996,5.781313661295325,0.27323289290070535
0.8920000000000007,-0.0027793875212680603,-0.003154838230982178,-0.0029116518991331537,0.0014055089547447045,0.0,0.26285615981932753,0.4251303664475438,0.0805096240822815,0.7687788804756157,0.8499300541439573,0.0,3.142650669826996,5.781313661295325,0.27323289290070535
0.9020000000000007,-0.002812756927293517,-0.0035321455314290804,-0.002942140369600768,0.0015167892426793351,0.0,0.26296744010726214,0.42513552695925083,0.08042303804817762,0.7688799423244718,0.849929669797398,0.0,3.142398055478507,5.777556846780287,0.27328360006213187
0.9120000000000007,-0.0010429598011325973,0.43254322684191426,0.003769095388332527,-0.2817983378199184,0.0,-0.02034768695533562,0.42514074969394183,0.08033131407160655,0.37235533657232456,0.8499295319514987,0.0,3.142398055478507,5.777556846780287,0.27328360006213187
0.9220000000000007,0.006346000568279548,0.9085751098820384,0.014922667986680935,-0.28262928853973623,0.0,-0.021178637675153433,0.42514559701444626,0.0802304739775025,0.37272484728896704,0.8499295594546626,0.0,3.142398055478507,5.777556846780287,0.27328360006213187
0.9320000000000007,0.01719392627001389,1.1818138582730155,0.02603924156964443,-0.28501713342145907,0.0,-0.023566482556876267,0.42514868617167856,0.08009597514386856,0.3724947369685797,0.8499295891252457,0.0,3.142398055478507,5.777556846780287,0.27328360006213187
0.9420000000000007,0.029993760538094813,1.333024068211607,0.03716276535553771,-0.28808268589764235,0.0,-0.026632035033059553,0.425148042804764,0.07996732919091493,0.37287650703901487,0.8499296224161924,0.0,3.142398055478507,5.777556846780287,0.27328360006213187
0.9520000000000007,0.0437641072364905,1.3742743278998228,0.047321399477493864,-0.2926899514948429,0.0,-0.031239300630260092,0.4251414413210852,0.0798927852345126,0.37262974232061297,0.8499296611608068,0.0,5.767391543009462,6.4781700384691225,0.5063238978385924
0.9620000000000007,0.056859350403780456,1.2708160427117159,0.05345606601931535,-0.29827004810461444,0.0,-0.03681939724003164,0.42512664138666206,0.07980555156796476,0.37272198662716405,0.849929706673544,0.0,5.767391543009462,6.4781700384691225,0.5063238978385924
0.9720000000000008,0.06907809670384525,1.1915416122152074,0.05968484521041197,-0.3047158349496858,0.0,-0.04326518408510299,0.425101660764591,0.07964676802276426,0.37326362585273654,0.8499297600253082,0.0,5.767391543009462,6.4781700384691225,0.5063238978385924
0.9820000000000008,0.08058589040407527,1.124625727978651,0.06603980344696647,-0.3123997338105473,0.0,-0.05094908294596451,0.4250648296405056,0.07947353067429484,0.37358143162746704,0.8499298232048512,0.0,5.767391543009462,6.4781700384691225,0.5063238978385924
0.9920000000000008,0.09145526532813807,1.062139605202145,0.07253396318926414,-0.3209727327952063,0.0,-0.05952208193062347,0.42501474124282557,0.07927987698039318,0.37395052824362274,0.8499298970501049,0.0,5.767391543009462,6.4781700384691225,0.5063238978385924
1.0020000000000007,0.10171184006920232,1.0001142981925721,0.07914897913091344,-0.3311057237330863,0.0,-0.06965507286850348,0.42495022061250215,0.07905681301208828,0.37314292657956294,0.8499299837468549,0.0,6.048717131668445,5.756264122018678,0.6485404789447784
1.0120000000000007,0.11130259695479824,0.9318977955994755,0.0857247065412155,-0.3409176683338993,0.0,-0.0794670174693165,0.42487030611064924,0.07883035138200926,0.3735624809492831,0.8499300834620934,0.0,6.048717131668445,5.756264122018678,0.6485404789447784
1.0220000000000007,0.12021817161666554,0.8647689396698771,0.09247916925407698,-0.3513975331898875,0.0,-0.08994688232530468,0.4247742435071143,0.07869706407541864,0.37366562081776944,0.8499301966082327,0.0,6.048717131668445,5.756264122018678,0.6485404789447784
1.0320000000000007,0.1284643915417577,0.7979081207367462,0.09941806811680667,-0.36197272478802645,0.0,-0.10052207392344364,0.4246614756746773,0.07857402306932977,0.3738939483737923,0.8499303236045483,0.0,6.048717131668445,5.756264122018678,0.6485404789447784
1.0420000000000007,0.1360441819581006,0.7316358405690007,0.10654534037196706,-0.37292120664125783,0.0,-0.11147055577667503,0.42453162878370354,0.07842800529054188,0.373481048496927,0.8499304647586754,0.0,6.048717131668445,5.756264122018678,0.6485404789447784
1.0520000000000007,0.14297530624106664,0.6692488367248912,0.1139369996654906,-0.38319355313797276,0.0,-0.12174290227338996,0.42438449942705075,0.07835089396486461,0.3737274785868321,0.8499306201867424,0.0,5.690370858152185,6.662297214592053,0.7737954318523407
1.0620000000000007,0.14934462734161527,0.6146893970194935,0.1217972506986835,-0.39249968724800666,0.0,-0.13104903638342386,0.42422003852475076,0.07827236651020322,0.37465749724722364,0.8499307885073049,0.0,5.690370858152185,6.662297214592053,0.7737954318523407
1.0720000000000007,0.15515016909650703,0.5576549149968344,0.12980766410117517,-0.4012120403867432,0.0,-0.13976138952216038,0.42403832776322015,0.07811216350814511,0.3753841238963359,0.8499309686325994,0.0,5.690370858152185,6.662297214592053,0.7737954318523407
1.0820000000000007,0.1603862470855399,0.501149291763052,0.13795077475825662,-0.40927126627476856,0.0,-0.14782061541018576,0.42383956868421746,0.07791460877046803,0.3757266443610885,0.8499311595641128,0.0,5.690370858152185,6.662297214592053,0.7737954318523407
1.0920000000000007,0.16507717849289863,0.4483496335870064,0.14621712901062084,-0.41682400797403385,0.0,-0.15537335710945105,0.4236240753415408,0.07779970640143842,0.3753903102334718,0.8499313607791046,0.0,5.690370858152185,6.662297214592053,0.7737954318523407
1.1020000000000008,0.169265590581595,0.39949647792377196,0.154559858255714,-0.4230418941977271,0.0,-0.16159124333314429,0.42339226184339124,0.07770545272223642,0.37530424578992194,0.8499315707077212,0.0,5.719092055747832,7.097356166160748,0.7772945523262024
1.1120000000000008,0.17298478041652343,0.35450900029359006,0.16289157929608142,-0.42782096341422354,0.0,-0.16637031254964074,0.42314462746894566,0.07764034597130721,0.37543866340861476,0.8499317878513544,0.0,5.719092055747832,7.097356166160748,0.7772945523262024
1.1220000000000008,0.17630001679604315,0.317118154230286,0.17126129003180224,-0.43129816962143186,0.0,-0.16984751875684906,0.42288174304588083,0.07760074941523096,0.375473573093829,0.8499320104160466,0.0,5.719092055747832,7.097356166160748,0.7772945523262024
1.1320000000000008,0.17928338279277561,0.2867568988897096,0.1796284641592677,-0.43288880071761043,0.0,-0.17143814985302763,0.42260423355479637,0.07758725445193025,0.3761197093490489,0.8499322359634611,0.0,5.719092055747832,7.097356166160748,0.7772945523262024
1.1420000000000008,0.18201111469922404,0.26469866862867397,0.18796883352757066,-0.43366500854798706,0.0,-0.17221435768340426,0.42231275982811933,0.07765558370643007,0.37590391590306504,0.8499324630232155,0.0,5.719092055747832,7.097356166160748,0.7772945523262024
1.1520000000000008,0.18456561458302423,0.249481127053275,0.19621036440349232,-0.43275861648942293,0.0,-0.17130796562484013,0.42200800051081,0.07771791027596905,0.3759339858950792,0.8499326896368165,0.0,5.83370622543781,7.319207300290758,0.7417162597179412
1.1620000000000008,0.1869887176769754,0.23892718776093516,0.20420475896623597,-0.4303133680581019,0.0,-0.16886271719351909,0.42169063530869,0.07774292208817431,0.3760253634938483,0.849932913979156,0.0,5.83370622543781,7.319207300290758,0.7417162597179412
1.1720000000000008,0.18936904357799628,0.23883787995897307,0.2120808793200945,-0.426640372187544,0.0,-0.16518972132296122,0.4213613341673721,0.0777077347300982,0.3757729283345439,0.8499331341087966,0.0,5.83370622543781,7.319207300290758,0.7417162597179412
1.1820000000000008,0.19180168047021295,0.24727576629585546,0.21980222229736782,-0.42100724456915195,0.0,-0.15955659370456915,0.42102074113191074,0.07764057225145737,0.3763567746103508,0.8499333477275409,0.0,5.83370622543781,7.319207300290758,0.7417162597179412
1.1920000000000008,0.19436924429329325,0.2641884938757726,0.22734749740095841,-0.4148472702154968,0.0,-0.15339661935091398,0.42066945716793047,0.07747234737180317,0.3758253421366171,0.8499335534602961,0.0,5.83370622543781,7.319207300290758,0.7417162597179412
1.2020000000000008,0.19716074304874956,0.29173890933464114,0.23476701116400592,-0.4078087945431861,0.0,-0.14635814367860328,0.42030802618381113,0.07732861134219497,0.37496304225017474,0.8499337502583464,0.0,5.482417774989013,7.954677679149269,0.6454021394252777
1.2120000000000009,0.2003199974420176,0.3321152879754092,0.24222261729297379,-0.39910356878190917,0.0,-0.13765291791732637,0.41993691975279246,0.07724128990440703,0.37509364811996704,0.8499339365672904,0.0,5.482417774989013,7.954677679149269,0.6454021394252777
1.2220000000000009,0.20389400769059954,0.3744901306179443,0.24942277967003965,-0.38993277584021313,0.0,-0.12848212497563033,0.41955651708626196,0.07716965937300299,0.37475853805246295,0.8499341111814359,0.0,5.482417774989013,7.954677679149269,0.6454021394252777
1.2320000000000009,0.20790704500654764,0.4196622758593127,0.25635347969043076,-0.38052796810376893,0.0,-0.11907731723918613,0.4191670996538514,0.0770271621222109,0.37375870791551113,0.8499342731792988,0.0,5.482417774989013,7.954677679149269,0.6454021394252777
1.2420000000000009,0.21239510006335252,0.4685282997366727,0.26301736154013255,-0.37056848676870474,0.0,-0.10911783590412194,0.41876885250309087,0.07690645344217217,0.3729169181787737,0.849934422601746,0.0,5.482417774989013,7.954677679149269,0.6454021394252777
1.252000000000001,0.21737959597938877,0.5184747628937647,0.2693847698386854,-0.3597463421252578,0.0,-0.098295691260675,0.41836186409000525,0.07681514356419489,0.3729583410642465,0.8499345579013423,0.0,5.58474603076581,7.579689295559499,0.461626373231411
1.262000000000001,0.2228660091496473,0.5689230235389475,0.2754436982349501,-0.3488299917168582,0.0,-0.08737934085227539,0.4179461285028177,0.07679539126093998,0.3731277945052356,0.8499346788491904,0.0,5.58474603076581,7.579689295559499,0.461626373231411
1.272000000000001,0.22886524623106258,0.6208046717187795,0.28122986725570204,-0.33882184065567833,0.0,-0.07737118979109553,0.4175215503903195,0.07681313889741022,0.3723091879741136,0.8499347860972863,0.0,5.58474603076581,7.579689295559499,0.461626373231411
1.282000000000001,0.23538565771985911,0.6725730391831026,0.2867508679125721,-0.3285011228089331,0.0,-0.06705047194435032,0.41708794906483854,0.07681749865860278,0.3724252496866961,0.8499348799864194,0.0,5.58474603076581,7.579689295559499,0.461626373231411
1.292000000000001,0.24241154692032696,0.72235700264982,0.2920090809304934,-0.31885469926968907,0.0,-0.05740404840510627,0.4166450632628937,0.07682319569786895,0.3723644429464096,0.8499349605499522,0.0,5.58474603076581,7.579689295559499,0.461626373231411
1.302000000000001,0.24992436126818296,0.7706476818918214,0.29705025637446547,-0.30984234259894644,0.0,-0.04839169173436364,0.416192559431262,0.07684784496754644,0.37246895205940467,0.8499350290665683,0.0,5.350710246440917,7.954677679149269,0.3147325387224555
1.312000000000001,0.2579155234355571,0.8172911200638378,0.30195166772888593,-0.3017552851549965,0.0,-0.0403046342904137,0.41573004021300547,0.0768463010015308,0.3725073272825019,0.8499350864685983,0.0,5.350710246440917,7.954677679149269,0.3147325387224555
1.322000000000001,0.2663382327991825,0.8581333678679736,0.3066443188368246,-0.29478616707485117,0.0,-0.03333551621026837,0.4152570518812676,0.07686154250460647,0.3724399815578717,0.8499351341016618,0.0,5.350710246440917,7.954677679149269,0.3147325387224555
1.332000000000001,0.27513149020439254,0.8927362373044203,0.3111527247910663,-0.28892730931387495,0.0,-0.027476658449292146,0.41477309699427306,0.0769097169212482,0.37248374925304517,0.8499351732665716,0.0,5.350710246440917,7.954677679149269,0.3147325387224555
1.342000000000001,0.2842340328492457,0.9211028726590686,0.31551082186937607,-0.28450324815632044,0.0,-0.023052597291737642,0.41427764950325036,0.07695060466302071,0.37229834505413895,0.8499352058086986,0.0,5.350710246440917,7.954677679149269,0.3147325387224555
1.352000000000001,0.29358979823768216,0.9463169554558464,0.3198397715589206,-0.2815702298341899,0.0,-0.020119578969607088,0.41377016916116427,0.07702045922928029,0.37192084195520025,0.8499352338854971,0.0,4.87582071803584,7.954677679149269,0.27899597883224486
1.362000000000001,0.30321609048498005,0.9716496095885594,0.32440191678955893,-0.27946799991398896,0.0,-0.01801734904940616,0.4132501120958219,0.07709522592339828,0.3723240215194944,0.8499352587632343,0.0,4.87582071803584,7.954677679149269,0.27899597883224486
1.372000000000001,0.31301587755764454,0.9839734007349243,0.32888891490547156,-0.2785820407860095,0.0,-0.01713138992142671,0.4127169325165863,0.07717331733817315,0.37297234153003955,0.8499352816751202,0.0,4.87582071803584,7.954677679149269,0.27899597883224486
1.382000000000001,0.32287974977651174,0.9869459681110755,0.3333536521755913,-0.2801038799783016,0.0,-0.018653229113718806,0.4121700995131742,0.07724985936940026,0.37218518583054505,0.8499353053191644,0.0,4.87582071803584,7.954677679149269,0.27899597883224486
1.392000000000001,0.3327178725221934,0.9803522754093728,0.3378200218116286,-0.2814043976254778,0.0,-0.019953746760895008,0.4116091176325023,0.07732488275783882,0.37360079939529756,0.8499353309220247,0.0,4.87582071803584,7.954677679149269,0.27899597883224486
1.402000000000001,0.3424285104408289,0.9618294713669154,0.3422279069084535,-0.2849589117458416,0.0,-0.02350826088125879,0.4110335429422226,0.07739841763433175,0.3736681562535745,0.8499353598979908,0.0,5.398483981645603,7.954677679149269,0.33101027719676496
1.412000000000001,0.35184851741757756,0.928845057009734,0.34636880625544014,-0.29050903204483486,0.0,-0.029058381180252058,0.41044300110090165,0.07747049353190677,0.3726583872544712,0.8499353952629094,0.0,5.398483981645603,7.954677679149269,0.33101027719676496
1.422000000000001,0.3609303829021089,0.8939518838165135,0.35061499555461295,-0.29657615953237554,0.0,-0.03512550866779274,0.4098372105720655,0.07754113939763753,0.3725127420361186,0.8499354383835501,0.0,5.398483981645603,7.954677679149269,0.33101027719676496
1.432000000000001,0.36964070519317943,0.8551063025276708,0.3549837413150551,-0.30361746178488286,0.0,-0.04216681092030006,0.4092159886804978,0.0776103836042692,0.3724106601429268,0.8499354902906816,0.0,5.398483981645603,7.954677679149269,0.33101027719676496
1.442000000000001,0.3779322350930531,0.8110324518512948,0.3594847856068232,-0.31079277334631167,0.0,-0.04934212248172887,0.4085792516149545,0.07767825396161357,0.3733188699763219,0.8499355515929888,0.0,5.398483981645603,7.954677679149269,0.33101027719676496
1.452000000000001,0.3857484053103172,0.7602935866694014,0.364078486584316,-0.319230232804542,0.0,-0.05777958193995919,0.4079270169927785,0.07774477772771798,0.3734221238844281,0.849935623204405,0.0,5.730738039127056,7.954677679149269,0.26032808125019075
1.462000000000001,0.3929964482723718,0.7011073963038815,0.3686221256499677,-0.3283125763897439,0.0,-0.06686192552516113,0.4072594087132001,0.07780998161981276,0.37335129747484885,0.849935706693382,0.0,5.730738039127056,7.954677679149269,0.26032808125019075
1.472000000000001,0.39965448451024155,0.6422955837400833,0.3733416094283597,-0.3381309011622664,0.0,-0.0766802502976836,0.40657666530903896,0.07787389182504127,0.3727279447523595,0.8499358027557945,0.0,5.730738039127056,7.954677679149269,0.26032808125019075
1.482000000000001,0.4057177957890042,0.5821001281820781,0.378228250418356,-0.34713735736119544,0.0,-0.08568670649661264,0.4058791376975803,0.07793653401097728,0.37344882305767735,0.849935910939966,0.0,5.730738039127056,7.954677679149269,0.26032808125019075
1.492000000000001,0.4111783837399384,0.5221334307517999,0.3832919843857509,-0.3571006526908649,0.0,-0.09565000182628208,0.4051672823863872,0.07799793333593343,0.3727608079677823,0.8499360319172606,0.0,5.730738039127056,7.954677679149269,0.26032808125019075
1.5020000000000011,0.41604241093189653,0.4621276470654625,0.38851330664823375,-0.3662385123195465,0.0,-0.10478786145496372,0.40444165506254554,0.07805811445906541,0.3728892048468686,0.8499361655223903,0.0,5.815947046739899,7.954677679149269,0.237154957652092
1.5120000000000011,0.4202962903910658,0.40104629643432455,0.3938261038524805,-0.37469483271896525,0.0,-0.11324418185438245,0.4037029029540649,0.0781171015502755,0.37337233268082537,0.8499363107054889,0.0,5.815947046739899,7.954677679149269,0.237154957652092
1.5220000000000011,0.42395289639520206,0.3424198228487276,0.39927973738791744,-0.3828586143516749,0.0,-0.1214079634870921,0.40295175967739555,0.0781749182999197,0.37341430273478593,0.8499364667889461,0.0,5.815947046739899,7.954677679149269,0.237154957652092
1.5320000000000011,0.42704182742038055,0.28702259259539425,0.4048591333158215,-0.39015993352832634,0.0,-0.12870928266374354,0.4021890365607543,0.07823158792832216,0.37357649130786963,0.8499366329042648,0.0,5.815947046739899,7.954677679149269,0.237154957652092
1.5420000000000011,0.42959838712816784,0.2352763755293771,0.4105412595564036,-0.39635673928403237,0.0,-0.13490608841944957,0.4014156109872282,0.07828713319510106,0.37398291057029476,0.8499368076867936,0.0,5.815947046739899,7.954677679149269,0.237154957652092
1.5520000000000012,0.43166750365320056,0.1895992076037748,0.41633565593446625,-0.40222596473305017,0.0,-0.14077531386846737,0.4006324142662281,0.0783415764083091,0.3733558819220948,0.8499369901508157,0.0,5.68743408151087,7.954677679149269,0.2816827096045017
1.5620000000000012,0.433338768424208,0.1525351181985105,0.4223031464832004,-0.40606777114646875,0.0,-0.14461712028188595,0.39984041748374005,0.07838579795880975,0.37390731802242716,0.8499371792247794,0.0,5.68743408151087,7.954677679149269,0.2816827096045017
1.5720000000000012,0.4346655729755839,0.12020604665980653,0.42830577308934115,-0.40932359112521755,0.0,-0.14787294026063474,0.3990406123798712,0.0784235226191374,0.3734873923302636,0.8499373729198118,0.0,5.68743408151087,7.954677679149269,0.2816827096045017
1.5820000000000012,0.43570147401342646,0.09358218797953388,0.4343129895854137,-0.4113429239783792,0.0,-0.14989227311379638,0.39823399754191197,0.07845925362912809,0.37290344712627366,0.8499375694118633,0.0,5.68743408151087,7.954677679149269,0.2816827096045017
1.5920000000000012,0.43651605812668515,0.0741475452942014,0.44030469966558516,-0.41144784116129,0.0,-0.14999719029670722,0.39742156644495685,0.07848707465565645,0.3730867240256107,0.8499377674941967,0.0,5.68743408151087,7.954677679149269,0.2816827096045017
1.6020000000000012,0.43717765513830653,0.0614945219546293,0.4462358668847387,-0.41052441342159496,0.0,-0.14907376255701216,0.3966042937573645,0.07843529724134836,0.3726900323700377,0.8499379650759117,0.0,5.738065597782658,7.954677679149269,0.26567358076572417
1.6120000000000012,0.4377480981524892,0.05514955450043168,0.4520452836828788,-0.4083711100538953,0.0,-0.1469204591893125,0.39578312242420155,0.07832176079416124,0.3720351916496243,0.8499381602958512,0.0,5.738065597782658,7.954677679149269,0.26567358076572417
1.6220000000000012,0.43829742158292384,0.05576472054171118,0.45773511467320305,-0.404090677587564,0.0,-0.1426400267229812,0.39495895251388713,0.07828075197526482,0.3725460762350493,0.8499383506927866,0.0,5.738065597782658,7.954677679149269,0.26567358076572417
1.6320000000000012,0.4388948702443263,0.06331470489385777,0.4632769285982407,-0.3986153475230578,0.0,-0.13716469665847497,0.3941326299282328,0.07829148329642625,0.37303532714576837,0.849938534489503,0.0,5.738065597782658,7.954677679149269,0.26567358076572417
1.6420000000000012,0.43961533590658985,0.07885559476807341,0.46865892966601475,-0.39254061445781796,0.0,-0.13108996359323516,0.3933049356892778,0.07831390543457237,0.3727489700967349,0.8499387109067108,0.0,5.738065597782658,7.954677679149269,0.26567358076572417
1.6520000000000012,0.44053959012919314,0.10611586405757933,0.4740017078052152,-0.3850534488782168,0.0,-0.123602798013634,0.39247657514046796,0.07829064030789071,0.37291198221383404,0.849938877794626,0.0,4.982988503794719,7.954677679149269,0.26696001961827276
1.6620000000000013,0.44189511150003696,0.15440955189950817,0.47973926707921694,-0.3767861784826686,0.0,-0.1153355276180858,0.3916481631373975,0.0782707464542115,0.3728309332089075,0.8499390345826685,0.0,4.982988503794719,7.954677679149269,0.26696001961827276
1.6720000000000013,0.44370735196406447,0.19878777395589392,0.4852084428187264,-0.3675330143918054,0.0,-0.10608236352722261,0.39082019345904434,0.07826305195244518,0.37298888242802675,0.8499391796188579,0.0,4.982988503794719,7.954677679149269,0.26696001961827276
1.6820000000000013,0.4459547189788841,0.24209388391756553,0.49038913153483765,-0.35752822876023804,0.0,-0.09607757789565524,0.3899930369495793,0.0782343274360832,0.3732828018462113,0.8499393117291072,0.0,4.982988503794719,7.954677679149269,0.26696001961827276
1.6920000000000013,0.4486411814449988,0.2865301508064031,0.4952784919459624,-0.347429729578103,0.0,-0.08597907871352017,0.3891669532304852,0.07815628093964776,0.3729924009687473,0.8499394306422803,0.0,4.982988503794719,7.954677679149269,0.26696001961827276
1.7020000000000013,0.4518007222921225,0.34227138131477997,0.5001443413728329,-0.33723352272897456,0.0,-0.07578287186439175,0.38834209741722253,0.07804694075913632,0.3724112792420604,0.8499395360472419,0.0,3.8239377241137564,7.954677679149269,0.2670689351856708
1.7120000000000013,0.45572727305839866,0.4236047964289351,0.5057388512473078,-0.3268848883233569,0.0,-0.06543423745877408,0.3875185145126976,0.07796721321332702,0.3718446211092097,0.8499396278215965,0.0,3.8239377241137564,7.954677679149269,0.2670689351856708
1.7220000000000013,0.4603662377388999,0.4890503121143114,0.5109383589932007,-0.31642908387464624,0.0,-0.05497843301006344,0.3866961036908562,0.07799885435661623,0.37158606186130516,0.8499397059348857,0.0,3.8239377241137564,7.954677679149269,0.2670689351856708
1.7320000000000013,0.4655907555770162,0.5437474484427289,0.5157350321567534,-0.305911898932923,0.0,-0.044461248068340176,0.38587463079750733,0.07803451231891576,0.37173922327613496,0.8499397699028827,0.0,3.8239377241137564,7.954677679149269,0.2670689351856708
1.7420000000000013,0.4713233683087706,0.5925134089059154,0.5201609902011192,-0.2965218161096619,0.0,-0.03507116524507908,0.3850537615458401,0.07809300557838879,0.3709437617418857,0.8499398208574471,0.0,3.8239377241137564,7.954677679149269,0.2670689351856708
1.7520000000000013,0.4775373229810354,0.6455186201143092,0.5244794972154201,-0.28747868281504674,0.0,-0.026028031950463937,0.3842330837933988,0.07813266628729017,0.37051370715331167,0.8499398599889164,0.0,2.9618803832679985,7.954677679149269,0.2536098942160606
1.7620000000000013,0.48441540073473377,0.7127296060954269,0.529308217392707,-0.2784738426103614,0.0,-0.0170231917457786,0.38341211402185305,0.07818475513949458,0.3710768662705972,0.8499398870040235,0.0,2.9618803832679985,7.954677679149269,0.2536098942160606
1.7720000000000014,0.4918462615335968,0.7614368401608193,0.5337372611302337,-0.27111616486887535,0.0,-0.009665514004292552,0.3825902788353147,0.07824122959871688,0.370569326298409,0.8499399034809911,0.0,2.9618803832679985,7.954677679149269,0.2536098942160606
1.7820000000000014,0.4996860216874711,0.7974197204324747,0.5378119516327695,-0.26425324498451125,0.0,-0.0028025941199284476,0.3817669357581035,0.07829658356859677,0.3708041078519796,0.8499399106786808,0.0,2.9618803832679985,7.954677679149269,0.2536098942160606
1.7920000000000014,0.5078230688309754,0.8233957414132939,0.5415703862395818,-0.2584329172309706,0.0,0.003017733633612185,0.3809414067003742,0.07834445905096707,0.3711871819639646,0.8499399094813406,0.0,2.9618803832679985,7.954677679149269,0.2536098942160606
1.8020000000000014,0.5161931847281725,0.8520929488442519,0.5453586941099928,-0.2543815082828359,0.0,0.007069142581746901,0.3801130026691053,0.07839266514642235,0.3708375671531545,0.849939901302861,0.0,2.0983970880508425,7.954677679149269,0.22290002703666686
1.8120000000000014,0.5250195173157468,0.8993312879723887,0.5500160359559119,-0.2512492073719397,0.0,0.010201443492643125,0.3792810314491203,0.07844075934569134,0.37097663975674056,0.8499398879377452,0.0,2.0983970880508425,7.954677679149269,0.22290002703666686
1.8220000000000014,0.5341711081903509,0.9233770770897395,0.5544413237352518,-0.2492453469279525,0.0,0.012205303936630302,0.3784447699129524,0.07845510829689249,0.3712910595032253,0.8499398709979733,0.0,2.0983970880508425,7.954677679149269,0.22290002703666686
1.8320000000000014,0.5434715446865703,0.9327189253784769,0.5587252302952515,-0.24873262742534769,0.0,0.012718023439235115,0.37760348338656863,0.07846229094756978,0.3713138308005248,0.8499398526185867,0.0,2.0983970880508425,7.954677679149269,0.22290002703666686
1.8420000000000014,0.5528060362587738,0.9329379116877149,0.5629657826904907,-0.25009138748630044,0.0,0.011359263378282358,0.3767564612163268,0.07849292146756878,0.37055983313391205,0.8499398351552537,0.0,2.0983970880508425,7.954677679149269,0.22290002703666686
1.8520000000000014,0.562113854698257,0.9345569175299613,0.567484284456282,-0.2517030359572657,0.0,0.009747614907317126,0.3759030383844113,0.07853219777340566,0.37122659859067886,0.8499398199903856,0.0,1.6008408904075624,7.954677679149269,0.26148047447204587
1.8620000000000014,0.571595357010165,0.9543935039642466,0.5731195383931756,-0.2550092898483652,0.0,0.006441361016217617,0.3750425995228992,0.07853692588692762,0.3710927736922165,0.8499398082917362,0.0,1.6008408904075624,7.954677679149269,0.26148047447204587
1.8720000000000014,0.5811642273172676,0.9568045749974589,0.578931302055474,-0.2593794478628689,0.0,0.0020712030017139282,0.3741745499029986,0.07854775714984348,0.3709025921274133,0.849939802549463,0.0,1.6008408904075624,7.954677679149269,0.26148047447204587
1.8820000000000014,0.5906857175978598,0.9476844756608951,0.5849786673738399,-0.2644726964627947,0.0,-0.0030220455982118977,0.37329832415839664,0.07851061229849905,0.37091178555300697,0.8499398037969035,0.0,1.6008408904075624,7.954677679149269,0.26148047447204587
1.8920000000000015,0.6000651656096463,0.9307101905643017,0.5913088642369001,-0.2704897193796979,0.0,-0.0090390685151151,0.3724134109138425,0.0784797004375577,0.37073046788886854,0.8499398124374182,0.0,1.6008408904075624,7.954677679149269,0.26148047447204587
1.9020000000000015,0.6091995900525229,0.887249771979585,0.5973748137063346,-0.2770264424432827,0.0,-0.015575791578699927,0.37151936797038576,0.07842850810599046,0.3706789665027086,0.8499398293539312,0.0,2.8377285957336427,7.954677679149269,0.28482486605644225
1.9120000000000015,0.6174022012710759,0.7801707786306072,0.6013506152628344,-0.28361502463785965,0.0,-0.022164373773276846,0.37061585208502845,0.07837640019926087,0.3714023639163807,0.8499398549297233,0.0,2.8377285957336427,7.954677679149269,0.28482486605644225
1.9220000000000015,0.6246999825604495,0.6987055690132289,0.6055803937647263,-0.2909470793895798,0.0,-0.02949642852499701,0.36970271607005906,0.07831761058627293,0.3717952231936912,0.8499398898247457,0.0,2.8377285957336427,7.954677679149269,0.28482486605644225
1.9320000000000015,0.6312803263203818,0.6325195415064332,0.6100915442062548,-0.2990495806774749,0.0,-0.03759892981289209,0.36878000720679965,0.07826781069107853,0.3715932625458863,0.8499399349698056,0.0,2.8377285957336427,7.954677679149269,0.28482486605644225
1.9420000000000015,0.6372582950255101,0.5756554637503103,0.6149026310122496,-0.3072770022456126,0.0,-0.045826351381029806,0.3678479185458073,0.07817728445300333,0.37140621205258306,0.8499399910429232,0.0,2.8377285957336427,7.954677679149269,0.28482486605644225
1.9520000000000015,0.6426724741949554,0.5087434674830001,0.6195733953196079,-0.3159631870639518,0.0,-0.05451253619936902,0.36690675614662077,0.07806054017557743,0.3705033057074153,0.8499400583232137,0.0,4.932919471415503,7.954677679149269,0.2836373459547758
1.9620000000000015,0.6470850957237393,0.4002256704965226,0.622692710557171,-0.32386435049909673,0.0,-0.06241369963451393,0.3659569335961934,0.07795533760655934,0.3705323171688968,0.8499401364090357,0.0,4.932919471415503,7.954677679149269,0.2836373459547758
1.9720000000000015,0.6505653083331574,0.3156986464888673,0.625990060422589,-0.33166610981475325,0.0,-0.07021545895017045,0.36499902701564263,0.07779860616425655,0.3703577884959036,0.8499402251045046,0.0,4.932919471415503,7.954677679149269,0.2836373459547758
1.9820000000000015,0.6532951993152694,0.24592841090998863,0.629453973626086,-0.33903544738807195,0.0,-0.07758479652348915,0.3640337621911239,0.0776298094655271,0.37020524394905074,0.8499403238861147,0.0,4.932919471415503,7.954677679149269,0.2836373459547758
1.9920000000000015,0.6553832269267598,0.18494519745093727,0.6330561335740126,-0.34502497132377125,0.0,-0.08357432045918844,0.36306196936818513,0.07750126225509044,0.37124434501837955,0.8499404313444971,0.0,4.932919471415503,7.954677679149269,0.2836373459547758
2.002000000000001,0.6568956159907015,0.12808332300898606,0.6367118411364263,-0.35065434831751047,0.0,-0.08920369745292767,0.36208455380715354,0.07738322076514621,0.37182180884930016,0.8499405463473922,0.0,5.3758682347045035,7.954677679149269,0.2135067880153656
2.012,0.6578310971952605,0.0719774135650138,0.640226708696174,-0.3561917543656378,0.0,-0.09474110350105502,0.3611024779139213,0.07728117708494761,0.3713587403453571,0.8499406687276838,0.0,5.3758682347045035,7.954677679149269,0.2135067880153656
2.021999999999999,0.6582641222290706,0.02525560701648489,0.6438265782334293,-0.36066756789982585,0.0,-0.09921691703524305,0.36011675348286293,0.07720549144194885,0.3711040282952317,0.8499407974223966,0.0,5.3758682347045035,7.954677679149269,0.2135067880153656
2.031999999999998,0.6582748675825414,-0.01405403139561126,0.6474817411760332,-0.36381190497356886,0.0,-0.10236125410898606,0.3591284249536327,0.0771283807756068,0.37126719851619927,0.8499409307761296,0.0,5.3758682347045035,7.954677679149269,0.2135067880153656
2.0419999999999967,0.657934549688109,-0.04660181717399455,0.6511659231860639,-0.36556382055631326,0.0,-0.10411316969173046,0.3581385505202127,0.07703724895590952,0.37179638681290594,0.8499410673173764,0.0,5.3758682347045035,7.954677679149269,0.2135067880153656
2.0519999999999956,0.657315648733367,-0.068057787801141,0.6549779286776827,-0.36650908227323603,0.0,-0.10505843140865323,0.3571481864414422,0.07697339020055975,0.37182772411850973,0.8499412053570065,0.0,4.576327032412433,7.954677679149269,0.1942174404859543
2.0619999999999945,0.6566232833172813,-0.07039259601223247,0.659274472967481,-0.3659250060196946,0.0,-0.10447435515511178,0.35615836886110136,0.07689523858973042,0.37226119286677584,0.8499413436377979,0.0,4.576327032412433,7.954677679149269,0.1942174404859543
2.0719999999999934,0.6559000589958042,-0.0733544804483021,0.6634990533717029,-0.36420771830033183,0.0,-0.10275706743574903,0.35517008116788007,0.07688395388436073,0.3725659247350446,0.8499414802348629,0.0,4.576327032412433,7.954677679149269,0.1942174404859543
2.0819999999999923,0.6551623464645834,-0.07340300511008649,0.6676263821499664,-0.36174227725035585,0.0,-0.10029162638577305,0.3541842443465399,0.07689680732332059,0.37220733614913504,0.8499416138921306,0.0,4.576327032412433,7.954677679149269,0.1942174404859543
2.091999999999991,0.6544515941204768,-0.06873881772706622,0.6716298431428516,-0.3581153274172571,0.0,-0.0966646765526743,0.3532017169561869,0.07695575564802558,0.37183790189844446,0.8499417432788268,0.0,4.576327032412433,7.954677679149269,0.1942174404859543
2.10199999999999,0.6538789559222608,-0.03016244336005204,0.6762737825766202,-0.35353144321862595,0.0,-0.09208079235404315,0.3522232906212739,0.07703500314435742,0.3712477784664353,0.8499418672565063,0.0,2.246276891231537,7.954677679149269,0.14480170011520385
2.111999999999989,0.6543116750147923,0.08466425765990115,0.6837257615973709,-0.3474076375873047,0.0,-0.0859569867227219,0.3512496548966277,0.07708219917723183,0.3710861392792951,0.8499419841662655,0.0,2.246276891231537,7.954677679149269,0.14480170011520385
2.121999999999988,0.6556141331692469,0.1563034430304526,0.6906720867776269,-0.3402809481024555,0.0,-0.07883029723787272,0.3502812755847886,0.07712215762666164,0.3706389604169359,0.8499420921325173,0.0,2.246276891231537,7.954677679149269,0.14480170011520385
2.131999999999987,0.6574784755070873,0.20429956947837571,0.6970650089636091,-0.3322085687930865,0.0,-0.07075791792850372,0.34931841178178824,0.07716181689859052,0.3700787930481756,0.8499421898013173,0.0,2.246276891231537,7.954677679149269,0.14480170011520385
2.1419999999999857,0.6597376326710904,0.2388811789081442,0.7028495089928375,-0.32246932737007505,0.0,-0.06101867650549225,0.3483611882453734,0.07721290109112412,0.37065492878860273,0.8499422756283994,0.0,2.246276891231537,7.954677679149269,0.14480170011520385
2.1519999999999846,0.6626675073703621,0.4546191449494039,0.7132650074323209,-0.31238149762947653,0.0,-0.050930846764893734,0.3474096379806121,0.0772886577554097,0.3708415181067878,0.8499423480099132,0.0,0.34865009784698486,7.954677679149269,0.2942284567281604
2.1619999999999835,0.6712217230559833,1.0496952366046646,0.7401071326994125,-0.30069163824553746,0.0,-0.03924098738095466,0.3464635429368932,0.07736220421195915,0.3710962442403595,0.8499424060305674,0.0,0.34865009784698486,7.954677679149269,0.2942284567281604
2.1719999999999824,0.6830492500942331,1.2288207424495605,0.7598481833490582,-0.2875784438269338,0.0,-0.026127792962351015,0.34552176898036085,0.07743499860696432,0.37101886591428146,0.8499424479901967,0.0,0.34865009784698486,7.954677679149269,0.2942284567281604
2.1819999999999813,0.6951253993808103,1.1726186233879456,0.7727188684442143,-0.2742767243570725,0.0,-0.012826073492489709,0.34458260453667283,0.07750634871467726,0.3699539513377951,0.8499424717683608,0.0,0.34865009784698486,7.954677679149269,0.2942284567281604
2.19199999999998,0.7058975274304136,1.0022204305420308,0.7795388691712081,-0.26022774493359146,0.0,0.001222905930991336,0.343644380841857,0.07756881392782956,0.3696895310756906,0.849942477619818,0.0,0.34865009784698486,7.954677679149269,0.2942284567281604
2.201999999999979,0.714571561841468,0.7704709243409793,0.7806021969957033,-0.24599475019288167,0.0,0.015455900671701134,0.34270578388260164,0.0776375090541059,0.37039289792824526,0.8499424632140283,0.0,0.2150544166564945,7.954677679149269,0.480177167057991
2.211999999999978,0.7205620135172534,0.4784137153600581,0.7751992129723397,-0.23340466424065892,0.0,0.02804598662392388,0.34176599375044736,0.07768398843262098,0.37040800499912685,0.8499424297467308,0.0,0.2150544166564945,7.954677679149269,0.480177167057991
2.221999999999977,0.7235460313067604,0.1813162802276466,0.7644429984329382,-0.2224075223183,0.0,0.03904312854628281,0.3408247651998494,0.07774080474614667,0.37073103802640583,0.8499423792309834,0.0,0.2150544166564945,7.954677679149269,0.480177167057991
2.231999999999976,0.7237535882520947,-0.07620796787088414,0.7500267585927931,-0.2134423573427284,0.0,0.0480082935218544,0.3398824461984396,0.07780608746473343,0.3714691126012861,0.8499423137430407,0.0,0.2150544166564945,7.954677679149269,0.480177167057991
2.2419999999999747,0.7218461585313467,-0.2551583497659507,0.7341020835738437,-0.20697592814999555,0.0,0.054474722714587254,0.3389398941550148,0.07786889896154456,0.37239031033397896,0.8499422374088074,0.0,0.2150544166564945,7.954677679149269,0.480177167057991
2.2519999999999736,0.7188964926142802,-0.2511677302714484,0.7210575280455618,-0.20378665267962726,0.0,0.057663998184955545,0.33799831565190913,0.07792614186809015,0.37256575107914447,0.8499421547420329,0.0,1.1934367895126343,7.954677679149269,0.059250694513320934
2.2619999999999725,0.7182213365865777,0.03398332320119716,0.7182718085094403,-0.2018452629618009,0.0,0.059605387902781914,0.3370589832941809,0.07798669809947449,0.3740316346440058,0.8499420685315137,0.0,1.1934367895126343,7.954677679149269,0.059250694513320934
2.2719999999999714,0.7196189650351908,0.19857252747378876,0.715521210249456,-0.20240710569371878,0.0,0.05904354517086402,0.3361227179924083,0.07804710213687398,0.3744938859963266,0.8499419815107714,0.0,1.1934367895126343,7.954677679149269,0.059250694513320934
2.2819999999999703,0.7222314189318954,0.2963471877953042,0.7130949292218032,-0.2055494025356073,0.0,0.0559012483289755,0.3351898776389018,0.07810630771959015,0.3737845736869082,0.8499418977893535,0.0,1.1934367895126343,7.954677679149269,0.059250694513320934
2.291999999999969,0.7255682190158297,0.35448996925222054,0.7111592338210689,-0.20992862248994168,0.0,0.05152202837464112,0.3342605511636935,0.07816433862572937,0.37365924992774946,0.8499418198731505,0.0,1.1934367895126343,7.954677679149269,0.059250694513320934
2.301999999999968,0.7293303601699676,0.3903806992211056,0.7099087315937475,-0.21552178550957488,0.0,0.045928865355007925,0.33333467445714854,0.07820410307752776,0.3739622792814351,0.8499417493560587,0.0,2.1725048422813416,7.954677679149269,0.2682539887726307
2.311999999999967,0.7334017136513753,0.4146357711881307,0.7095736607117793,-0.22296991973333435,0.0,0.03848073113124845,0.3324120979214673,0.07815921704576172,0.37344501978779854,0.8499416887650464,0.0,2.1725048422813416,7.954677679149269,0.2682539887726307
2.321999999999966,0.7375763262991666,0.41702347914854276,0.7097158845195152,-0.23175504019634158,0.0,0.029695610668241224,0.3314926210654735,0.07810368544475554,0.3726340136663967,0.8499416402323172,0.0,2.1725048422813416,7.954677679149269,0.2682539887726307
2.3319999999999648,0.741687620718998,0.40569442080362184,0.7103971312274245,-0.24170905894083303,0.0,0.019741591923749774,0.33057603246258616,0.07797607196225047,0.3714524415247288,0.8499416055604001,0.0,2.1725048422813416,7.954677679149269,0.2682539887726307
2.3419999999999637,0.7456158318354654,0.38297169611806875,0.711613023469329,-0.2512398097971458,0.0,0.010210841067437026,0.3296621435062035,0.0778285866080658,0.3718314608748984,0.8499415848904702,0.0,2.1725048422813416,7.954677679149269,0.2682539887726307
2.3519999999999626,0.7492574240541037,0.3451562747898299,0.7131658052649991,-0.261836559924508,0.0,-0.00038590905992519353,0.32875081052978133,0.07765102834997853,0.3713645139693026,0.8499415795113509,0.0,5.346847207968638,7.954677679149269,0.27651939690113064
2.3619999999999615,0.7522701700664236,0.2722979886620467,0.7141258683581326,-0.27210674054841455,0.0,-0.010656089683831749,0.3278419578752512,0.07756315233101796,0.37183858186867924,0.849941588288724,0.0,5.346847207968638,7.954677679149269,0.27651939690113064
2.3719999999999604,0.7545625516447454,0.20076741795657832,0.7153132292921346,-0.282331994542118,0.0,-0.02088134367753519,0.32693562865313935,0.07755959619045782,0.3726227018155879,0.8499416103356514,0.0,5.346847207968638,7.954677679149269,0.27651939690113064
2.3819999999999593,0.7561551134676375,0.13195001489892977,0.7167461611601671,-0.29341859478196297,0.0,-0.03196794391738017,0.3260319996353147,0.07753787745564501,0.37200660478276093,0.8499416467816318,0.0,5.346847207968638,7.954677679149269,0.27651939690113064
2.391999999999958,0.7570772380557209,0.06604897453022819,0.7184248608698874,-0.304339742229075,0.0,-0.042889091364492204,0.325131368651603,0.07756151686472688,0.37116797300717097,0.8499416977417148,0.0,5.346847207968638,7.954677679149269,0.27651939690113064
2.401999999999957,0.7573567736594484,0.0027178055728291003,0.7203268857875738,-0.31450660871139735,0.0,-0.05305595784681455,0.3242341406398316,0.07762773537843373,0.3706421628183575,0.8499417625526253,0.0,5.4686984343818565,7.954677679149269,0.18931178748607635
2.411999999999956,0.7570123272689339,-0.05883582545801024,0.7223976254556745,-0.3235025073714916,0.0,-0.06205185650690881,0.32334081479465776,0.07769526146549571,0.37069069643993857,0.8499418398733234,0.0,5.4686984343818565,7.954677679149269,0.18931178748607635
2.421999999999955,0.756077121959399,-0.11594398398391721,0.72465255277866,-0.3321338136691839,0.0,-0.07068316280460107,0.32245197366506817,0.07776144779186006,0.3699173657383088,0.8499419287267896,0.0,5.4686984343818565,7.954677679149269,0.18931178748607635
2.4319999999999538,0.7546003687701756,-0.1683121937345487,0.7270633455056364,-0.3388436800229652,0.0,-0.07739302915838242,0.32156827054052833,0.07782632093923474,0.37026889101347527,0.8499420275521226,0.0,5.4686984343818565,7.954677679149269,0.18931178748607635
2.4419999999999527,0.7526318810880848,-0.21497776125006807,0.7296005825509375,-0.34492255389475196,0.0,-0.08347190303016916,0.320690414844403,0.07788990696192964,0.3697347125400663,0.8499421347101727,0.0,5.4686984343818565,7.954677679149269,0.18931178748607635
2.4519999999999516,0.7502450889728053,-0.2497499317069508,0.7323971395005063,-0.3486839059104427,0.0,-0.08723325504585988,0.31981915765651825,0.07795223139732058,0.37050890292285255,0.8499422480616332,0.0,4.135410911545608,7.954677679149269,0.18279094398021697
2.4619999999999505,0.7476805690341277,-0.2612609753897648,0.7359324420085298,-0.3516212381648824,0.0,-0.09017058730029959,0.3189552704558365,0.07801331927610541,0.37031380578398276,0.8499423654876176,0.0,4.135410911545608,7.954677679149269,0.18279094398021697
2.4719999999999493,0.7449899719165259,-0.2740901845893788,0.7394878299418775,-0.3527161571159256,0.0,-0.09126550625134278,0.31809950441939416,0.07807319513235704,0.3704522598984703,0.8499424852800532,0.0,4.135410911545608,7.954677679149269,0.18279094398021697
2.4819999999999482,0.7421826828953461,-0.28487357793051915,0.7430069079830166,-0.35152956855100054,0.0,-0.09007891768641774,0.3172525765301627,0.07813188301337667,0.3714971938830306,0.8499426049766284,0.0,4.135410911545608,7.954677679149269,0.18279094398021697
2.491999999999947,0.7392939814512006,-0.2907674658545779,0.7464431410829909,-0.3494604798349145,0.0,-0.08800982897033172,0.3164151691656532,0.07818940648935169,0.3714920765360329,0.8499427225212884,0.0,4.135410911545608,7.954677679149269,0.18279094398021697
2.501999999999946,0.7364629194682912,-0.25197801238018014,0.7508141382794338,-0.34633731125440087,0.0,-0.08488666038981807,0.3155879247405841,0.0782457886628219,0.37072743246038387,0.8499428363875128,0.0,1.5838120460510254,7.954677679149269,0.12497679591178892
2.511999999999945,0.7348442710417484,-0.11249181780245004,0.7589755003254971,-0.34080055991383906,0.0,-0.07934990904925626,0.3147713976449894,0.07830105217795799,0.37087922463454215,0.8499429444679606,0.0,1.5838120460510254,7.954677679149269,0.12497679591178892
2.521999999999944,0.7342302974001714,-0.03327502026243944,0.7664168222070844,-0.33364516731699684,0.0,-0.07219451645241404,0.31396589027652033,0.07835521922965581,0.37080652244227186,0.8499430438190209,0.0,1.5838120460510254,7.954677679149269,0.12497679591178892
2.5319999999999427,0.734183083685311,0.010916382218073735,0.7730069686736644,-0.32470876746657273,0.0,-0.06325811660198993,0.31317147742966145,0.07840831157245032,0.37099072608452777,0.8499431319255629,0.0,1.5838120460510254,7.954677679149269,0.12497679591178892
2.5419999999999416,0.7344605034789262,0.03723097338496385,0.7786811156518909,-0.31459865300272205,0.0,-0.05314800213813925,0.3123881052351504,0.07846035052925258,0.3708819463319275,0.8499432073332941,0.0,1.5838120460510254,7.954677679149269,0.12497679591178892
2.5519999999999405,0.7353224710639014,0.24510740815076976,0.7887062663128025,-0.30328855894653467,0.0,-0.04183790808195187,0.3116156479678946,0.0785113569999135,0.3708581785037719,0.8499432685092401,0.0,0.21924026012420672,7.954677679149269,0.4404618054628372
2.5619999999999394,0.741323016365024,0.7491052057394081,0.8121877620863283,-0.29022193026514703,0.0,-0.02877127940056423,0.3108537567021011,0.07856135146961761,0.37058825065074597,0.8499433133441476,0.0,0.21924026012420672,7.954677679149269,0.4404618054628372
2.5719999999999383,0.7490703506085531,0.7441474891653563,0.823911699162426,-0.2745286467332846,0.0,-0.013077995868701786,0.3101012785672344,0.07861035401711026,0.37160886493508705,0.8499433388275243,0.0,0.21924026012420672,7.954677679149269,0.4404618054628372
2.5819999999999372,0.7550628456666291,0.4813434799197207,0.8252288178835406,-0.2584850237848473,0.0,0.002965627079735522,0.3093567667352135,0.07865838432276173,0.37228441346670926,0.8499433432623091,0.0,0.21924026012420672,7.954677679149269,0.4404618054628372
2.591999999999936,0.7577456682736868,0.11993081556051916,0.817983579287365,-0.24291822637147903,0.0,0.018532424493103772,0.3086191777072029,0.07870546167647109,0.3728243543560261,0.8499433252705407,0.0,0.21924026012420672,7.954677679149269,0.4404618054628372
2.601999999999935,0.7567131476541419,-0.24801375581039437,0.8040314529988937,-0.22864825698726882,0.0,0.032802393877313984,0.30788815888557847,0.07875160498541357,0.37323280456565966,0.8499432854216944,0.0,0.2182467460632327,7.954677679149269,0.38979235887527464
2.611999999999934,0.7523020691928551,-0.5620844280353849,0.7855174761397746,-0.21631218405053468,0.0,0.04513846681404812,0.30716408566091,0.07879683278163392,0.3735230316021937,0.8499432266500883,0.0,0.2182467460632327,7.954677679149269,0.38979235887527464
2.621999999999933,0.7452082702203633,-0.7967660775056373,0.7642863939331788,-0.20606926668236944,0.0,0.05538138418221336,0.3064479529977134,0.07884116322948934,0.37412511820741157,0.8499431517513332,0.0,0.2182467460632327,7.954677679149269,0.38979235887527464
2.6319999999999317,0.7362663234172845,-0.947089211391439,0.7419012964161404,-0.19838822770465456,0.0,0.06306242315992824,0.30574119992135507,0.0788846141329445,0.3747935719718213,0.8499430637531805,0.0,0.2182467460632327,7.954677679149269,0.38979235887527464
2.6419999999999306,0.7263938918672106,-1.002228390390037,0.7201757997132774,-0.19354691589815726,0.0,0.06790373496642554,0.30504551644151107,0.07892720294272211,0.3753159609141806,0.8499429670904902,0.0,0.2182467460632327,7.954677679149269,0.38979235887527464
2.6519999999999295,0.7167786400056257,-0.8449072766700607,0.7039783697901073,-0.19229977526773745,0.0,0.06915087559684535,0.30436264777881245,0.078947210164365,0.37455700391946267,0.849942866444512,0.0,2.1325276255607606,7.954677679149269,0.040750032663345315
2.6619999999999284,0.7114519135343398,-0.35894362590654405,0.702104830399921,-0.1917771707844742,0.0,0.0696734800801086,0.3036940895016104,0.07894094553508609,0.3752786469530519,0.849942764608559,0.0,2.1325276255607606,7.954677679149269,0.040750032663345315
2.6719999999999273,0.7096886622618174,-0.07494542339311297,0.700300580127106,-0.19301077989195897,0.0,0.06843987097262383,0.3030404957875548,0.07897394721517134,0.3753707687931719,0.8499426636383797,0.0,2.1325276255607606,7.954677679149269,0.040750032663345315
2.681999999999926,0.7099942206164348,0.08855776547503705,0.6986475015206862,-0.19543237621722714,0.0,0.06601827464735566,0.30240176631284255,0.07889087434900514,0.3754505890965699,0.849942565625411,0.0,2.1325276255607606,7.954677679149269,0.040750032663345315
2.691999999999925,0.7114685598479797,0.17912928489348912,0.6972083297500508,-0.19907728268280364,0.0,0.06237336818177916,0.30177738303770346,0.07879265066437208,0.3754172927131133,0.849942472216418,0.0,2.1325276255607606,7.954677679149269,0.040750032663345315
2.701999999999924,0.713568825430224,0.226180081243409,0.6960647433696124,-0.20404292543389035,0.0,0.05740772543069245,0.30116661707599623,0.07874881553370046,0.37513083245860757,0.8499423854473697,0.0,2.181171011924744,7.954677679149269,0.24385243356227873
2.711999999999923,0.7159638472490998,0.24512695927848305,0.695256552722616,-0.20931815443872281,0.0,0.05213249642585999,0.3005686509909811,0.07864942760450835,0.37573277708447783,0.8499423062295469,0.0,2.181171011924744,7.954677679149269,0.24385243356227873
2.721999999999922,0.718435704276638,0.2466982192372326,0.6948230127975988,-0.2161597913845085,0.0,0.0452908594800743,0.2999826514731103,0.07856216099218209,0.3752911903034233,0.849942236259961,0.0,2.181171011924744,7.954677679149269,0.24385243356227873
2.7319999999999207,0.7208477405387752,0.2365957550724265,0.694791285519845,-0.22364476258951058,0.0,0.037805888275072225,0.2994078138282129,0.07847493859935131,0.37490403337442135,0.8499421764118235,0.0,2.181171011924744,7.954677679149269,0.24385243356227873
2.7419999999999196,0.7231103928436584,0.21869478646500354,0.695186041561928,-0.2312062840613347,0.0,0.0302443668032481,0.29884338780487013,0.0783802844500005,0.3750850169186045,0.8499421275082043,0.0,2.181171011924744,7.954677679149269,0.24385243356227873
2.7519999999999185,0.725158700357941,0.19259621422330464,0.6959294406465814,-0.23955897944507692,0.0,0.021891671419505876,0.2982886923279862,0.07828619135447089,0.3746197700701237,0.8499420905181911,0.0,4.527966251666049,7.954677679149269,0.22526949048042297
2.7619999999999174,0.7268281675745203,0.14962125774820556,0.6965747332583673,-0.24833459503565575,0.0,0.013116055828927053,0.297743126851256,0.0781411203938189,0.3737206190068483,0.8499420663023298,0.0,4.527966251666049,7.954677679149269,0.22526949048042297
2.7719999999999163,0.7280577863419482,0.10523374877690217,0.6974448723985197,-0.25699066333331283,0.0,0.004459987531269971,0.29720619379593854,0.07805401024627644,0.37302870617556705,0.8499420543357263,0.0,4.527966251666049,7.954677679149269,0.22526949048042297
2.781999999999915,0.7288372783305709,0.05971806567772221,0.6985276926512366,-0.2645921877346768,0.0,-0.003141536870093997,0.29667750592891656,0.0780201370015508,0.3736314647885792,0.8499420539509648,0.0,4.527966251666049,7.954677679149269,0.22526949048042297
2.791999999999914,0.7291643526494515,0.014800813987873342,0.699820771640637,-0.2722989320670144,0.0,-0.010848281202431587,0.2961567816226597,0.07797087669074731,0.3736124391172426,0.8499420642577323,0.0,4.527966251666049,7.954677679149269,0.22526949048042297
2.801999999999913,0.7290471970928456,-0.02941077637351637,0.7012988589391161,-0.27918342530044715,0.0,-0.01773277443586435,0.2956438383640763,0.077907724609649,0.3740065501434281,0.8499420842163562,0.0,4.600531984434749,7.954677679149269,0.19127268791198732
2.811999999999912,0.7284906020934767,-0.0727436611122319,0.702920202091339,-0.2855978506668974,0.0,-0.02414719980231461,0.2951385849396768,0.07778794452215616,0.37410693291510067,0.8499421126743735,0.0,4.600531984434749,7.954677679149269,0.19127268791198732
2.821999999999911,0.727517941441466,-0.11335281273524342,0.7046836660058403,-0.29070068832215523,0.0,-0.02925003745757243,0.2946410139218668,0.07762768639223303,0.37487639436240383,0.8499421487400004,0.0,4.600531984434749,7.954677679149269,0.19127268791198732
2.8319999999999097,0.7261574487028889,-0.1506001537623664,0.7065605237076046,-0.29523307561431134,0.0,-0.033782424749728535,0.2941511919191796,0.0774803175706685,0.37518356958422205,0.8499421910718753,0.0,4.600531984434749,7.954677679149269,0.19127268791198732
2.8419999999999086,0.7244516509359495,-0.1832980410188239,0.7085297572855879,-0.2989988419259005,0.0,-0.03754819106131768,0.29366924871194355,0.07730592130331602,0.3751210168347644,0.8499422386942131,0.0,4.600531984434749,7.954677679149269,0.19127268791198732
2.8519999999999075,0.7224678677591723,-0.203014182299263,0.7107684678168847,-0.30214162487480195,0.0,-0.04069097401021915,0.29319536474847824,0.07708833623749332,0.3743466746603781,0.8499422908653355,0.0,3.137133799817215,7.954677679149269,0.16534974575042724
2.8619999999999064,0.7204799347016055,-0.1968418464939588,0.7138465598168305,-0.30435752338944466,0.0,-0.04290687252486186,0.2927297499945124,0.07685581505174151,0.3731837362742457,0.8499423467416298,0.0,3.137133799817215,7.954677679149269,0.16534974575042724
2.8719999999999053,0.7185161289772605,-0.19661050786462086,0.716912002017536,-0.3041238507888286,0.0,-0.042673199924245786,0.2922725987185928,0.07665212454621498,0.37371501301884824,0.8499424034924838,0.0,3.137133799817215,7.954677679149269,0.16534974575042724
2.881999999999904,0.7165402309344957,-0.19808717860013253,0.7199043928235037,-0.3030503826397821,0.0,-0.04159973177519932,0.2918240794726363,0.07643760295185965,0.3736434764092609,0.8499424591000623,0.0,3.137133799817215,7.954677679149269,0.16534974575042724
2.891999999999903,0.7145599929780214,-0.19753972271764358,0.7227888326607577,-0.30080457773539726,0.0,-0.03935392687081446,0.29138434284099485,0.07623761443277328,0.37349319432534456,0.8499425123725556,0.0,3.137133799817215,7.954677679149269,0.16534974575042724
2.901999999999902,0.7126663734715125,-0.1601688779603958,0.7264776970073593,-0.29628969651419257,0.0,-0.03483904564960977,0.2909535215069921,0.07597636938301915,0.374793442071094,0.8499425607149445,0.0,1.0849550008773805,7.954677679149269,0.14879177212715147
2.911999999999901,0.7118788966933016,-0.035436812192385196,0.7335334992445627,-0.29106577223915236,0.0,-0.029615121374569564,0.290531692104514,0.0756588704301884,0.375139057097714,0.8499426027630107,0.0,1.0849550008773805,7.954677679149269,0.14879177212715147
2.9219999999999,0.7119281643279205,0.025467173219401,0.7396320849410449,-0.28436968194949064,0.0,-0.022919031084907837,0.2901187322829792,0.07534507114686637,0.37563473413795945,0.8499426366538047,0.0,1.0849550008773805,7.954677679149269,0.14879177212715147
2.9319999999998987,0.7123535920653015,0.05063853509274137,0.744702533594163,-0.277076450922861,0.0,-0.015625800058278183,0.2897143553475777,0.07498449852206687,0.37529392039580556,0.8499426611585309,0.0,1.0849550008773805,7.954677679149269,0.14879177212715147
2.9419999999998976,0.7129059826650415,0.05610670503356039,0.7486886226037093,-0.2686387497541156,0.0,-0.007188098889532812,0.28931820954954396,0.07460840825338817,0.375159798485018,0.8499426751958328,0.0,1.0849550008773805,7.954677679149269,0.14879177212715147
2.9519999999998965,0.7135633456509649,0.11501818214193146,0.753336092870623,-0.2592379620381361,0.0,0.002212688826446707,0.2889299332156411,0.07427232203352438,0.3753698616756219,0.8499426771556554,0.0,0.21975829601287877,7.954677679149269,0.3647431321442127
2.9619999999998954,0.7156345653114156,0.23037875788925813,0.7604664772818298,-0.24935362670524888,0.0,0.012097024159333919,0.2885491260055538,0.0739246265929319,0.37507741855374255,0.849942665273548,0.0,0.21975829601287877,7.954677679149269,0.3647431321442127
2.9719999999998943,0.7174311087499506,0.1256157424292612,0.7606994302648168,-0.23818985817765392,0.0,0.023260792686928877,0.2881752007766774,0.07356226617785407,0.3758727866863374,0.849942637677953,0.0,0.21975829601287877,7.954677679149269,0.3647431321442127
2.981999999999893,0.7175128841768176,-0.0765360208776879,0.7551185722967628,-0.22752129067652158,0.0,0.033929360188061225,0.28780764435488215,0.07322277782733438,0.3762640723532409,0.8499425941129731,0.0,0.21975829601287877,7.954677679149269,0.3647431321442127
2.991999999999892,0.7154340161122918,-0.29237911690552576,0.745248425085317,-0.21816453440705835,0.0,0.04328611645752445,0.2874462912888454,0.07286524251101412,0.3758203671474917,0.8499425360631717,0.0,0.21975829601287877,7.954677679149269,0.3647431321442127
3.001999999999891,0.7114014638278023,-0.45551004166727305,0.7331476473669354,-0.20980318050083074,0.0,0.05164747036375206,0.28709139197744277,0.0724996720333524,0.3755899344169391,0.8499424652969569,0.0,0.29573400020599383,7.954677679149269,0.12832265496253967
3.01199999999989,0.7065402689174849,-0.5056832000416376,0.7220381991261492,-0.20307900180496496,0.0,0.058371649059617836,0.2867435345873822,0.07218380404756886,0.3749483783366996,0.8499423836596764,0.0,0.29573400020599383,7.954677679149269,0.12832265496253967
3.0219999999998888,0.7012157591209993,-0.5488412831885624,0.7099003075422379,-0.19733935210529568,0.0,0.06411129875928712,0.2864034397929845,0.07185631057439097,0.37492365167138575,0.8499422930913582,0.0,0.29573400020599383,7.954677679149269,0.12832265496253967
3.0319999999998877,0.6955771830629027,-0.5701760709048631,0.6974698493109187,-0.19338115112620494,0.0,0.06806949973837786,0.28607186292059417,0.0715568502556218,0.37459349880796133,0.8499421957765207,0.0,0.29573400020599383,7.954677679149269,0.12832265496253967
3.0419999999998866,0.6899163669956629,-0.5582045768531916,0.6855892391557975,-0.1917641499975068,0.0,0.069686500867076,0.2857495588929264,0.0712819840959169,0.3733058572142458,0.8499420946503318,0.0,0.29573400020599383,7.954677679149269,0.12832265496253967
3.0519999999998855,0.6846797467757267,-0.45514687801998055,0.6765053969934826,-0.1911798448663579,0.0,0.07027080599822491,0.2854372263857064,0.07107361501961558,0.37285573912417047,0.8499419918514931,0.0,1.962184274196625,7.954677679149269,0.11584730744361876
3.0619999999998844,0.681853546105613,-0.1869485467004793,0.6749948317886154,-0.1911841440778489,0.0,0.0702665067867339,0.28513538785259335,0.07085506807038969,0.3731777481819868,0.8499418893663526,0.0,1.962184274196625,7.954677679149269,0.11584730744361876
3.0719999999998833,0.6809886170913562,-0.03059267635421338,0.6735555385740364,-0.1926026992372526,0.0,0.0688479516273302,0.2848441074287776,0.07061678755370962,0.3726895921946556,0.8499417878226427,0.0,1.962184274196625,7.954677679149269,0.11584730744361876
3.081999999999882,0.6812585454281006,0.05879966634528798,0.6722427448692242,-0.1946526721316609,0.0,0.0667979787329219,0.28456305136862114,0.07032015436764276,0.3724109477523295,0.8499416885344293,0.0,1.962184274196625,7.954677679149269,0.11584730744361876
3.091999999999881,0.6821642898791407,0.10753317163252757,0.6711008844218826,-0.19691095417479496,0.0,0.06453969668978785,0.2842916736628981,0.07003014768679743,0.372899847943275,0.8499415925899677,0.0,1.962184274196625,7.954677679149269,0.11584730744361876
3.10199999999988,0.6834027752207927,0.132724056000795,0.6702005363263693,-0.20056697788015104,0.0,0.06088367298443176,0.2840293297640736,0.06980624459064312,0.3724834839117406,0.8499415013336805,0.0,2.173841655254364,7.954677679149269,0.2138353854417801
3.111999999999879,0.6848092271223221,0.1441502370748719,0.6696155038180303,-0.20476084227774172,0.0,0.056689808586841084,0.2837753432176771,0.06953369813498367,0.37212884369392596,0.8499414158707297,0.0,2.173841655254364,7.954677679149269,0.2138353854417801
3.1219999999998778,0.6862668733391699,0.145687900393837,0.669318558005458,-0.20978518139577254,0.0,0.05166546946881026,0.2835290421343185,0.06925003816713145,0.37131564877149803,0.8499413375127335,0.0,2.173841655254364,7.954677679149269,0.2138353854417801
3.1319999999998767,0.6876877670286565,0.1387380215420826,0.6692909608709776,-0.21440419371443611,0.0,0.04704645715014669,0.2832897822272776,0.06904234519341476,0.37168355623502314,0.8499412659156469,0.0,2.173841655254364,7.954677679149269,0.2138353854417801
3.1419999999998756,0.6890078813645065,0.1269424559745139,0.6695575448341975,-0.21972376854774145,0.0,0.04172688231684135,0.28305696279330983,0.06882583799174104,0.37148780493096345,0.8499412018391959,0.0,2.173841655254364,7.954677679149269,0.2138353854417801
3.1519999999998745,0.6901840197964634,0.11024193959069395,0.6700791388921243,-0.22519000458112387,0.0,0.03626064628345893,0.2828300368004381,0.06860104839848409,0.37130967099346635,0.8499411454176399,0.0,3.0311711529470715,7.954677679149269,0.19242923855781555
3.1619999999998734,0.691145252043513,0.0867047242615257,0.6707039155018776,-0.23083038816643942,0.0,0.030620262698143386,0.28260851716779023,0.06835149188390016,0.3709216772260139,0.8499410971484902,0.0,3.0311711529470715,7.954677679149269,0.19242923855781555
3.1719999999998723,0.69187035254216,0.06291888732582601,0.6715558229024664,-0.23630086377783102,0.0,0.02514978708675178,0.28239198520615594,0.06814233954519851,0.3707080959740161,0.8499410572653905,0.0,3.0311711529470715,7.954677679149269,0.19242923855781555
3.181999999999871,0.6923499296321187,0.03815212337137351,0.672606093404524,-0.24136085842982508,0.0,0.020089792434757725,0.28218009169955155,0.06798901721034492,0.3708705841143213,0.84994102484764,0.0,3.0311711529470715,7.954677679149269,0.19242923855781555
3.19199999999987,0.6925809817983889,0.013193362497442539,0.6738419220532683,-0.24605199440944883,0.0,0.015398656455133969,0.28197255411349226,0.06788522141796648,0.3711825769871391,0.8499409995326334,0.0,3.0311711529470715,7.954677679149269,0.19242923855781555
3.201999999999869,0.6925651818808515,-0.011555158339476845,0.6752336563380393,-0.2505378392087452,0.0,0.010912811655837573,0.2817691530680947,0.06773651725978026,0.37119475324196827,0.8499409809008704,0.0,3.198969231273251,7.954677679149269,0.19340238869190216
3.211999999999868,0.692303743914439,-0.035569075325599976,0.6767284348105059,-0.254737947968653,0.0,0.00671270289592979,0.2815697281371058,0.0675446389954548,0.3708573138381004,0.8499409689720773,0.0,3.198969231273251,7.954677679149269,0.19340238869190216
3.2219999999998667,0.6918158301680624,-0.05759813721335685,0.6783448213282843,-0.25796202809055246,0.0,0.0034886227740303366,0.281374173257677,0.06737506018389583,0.3710774855601089,0.8499409623134033,0.0,3.198969231273251,7.954677679149269,0.19340238869190216
3.2319999999998656,0.6911203228184915,-0.0771431018453542,0.6800571031014642,-0.26084650529618875,0.0,0.0006041455683940544,0.28118243001450377,0.0672188651263671,0.3708913471866002,0.8499409600121324,0.0,3.198969231273251,7.954677679149269,0.19340238869190216
3.2419999999998645,0.6902468295404746,-0.09377766080305178,0.6818418414011593,-0.2631295396486104,0.0,-0.00167888878402761,0.28099448043321335,0.06704781719756157,0.37053507416492804,0.8499409611139694,0.0,3.198969231273251,7.954677679149269,0.19340238869190216
3.2519999999998634,0.6892360005397024,-0.10292883872253886,0.6837869893884051,-0.264720037390007,0.0,-0.0032693865254241894,0.2808103386973704,0.06693130938222822,0.3701147752718029,0.8499409647044639,0.0,2.4695783138275145,7.954677679149269,0.17182374894618987
3.2619999999998623,0.6882409524926885,-0.0980339896689865,0.686189455601264,-0.26533845562462055,0.0,-0.0038878047600377497,0.28063003854216084,0.06684781169615135,0.3699794711725062,0.8499409698406929,0.0,2.4695783138275145,7.954677679149269,0.17182374894618987
3.2719999999998612,0.687267577712515,-0.09716362425452821,0.6885416258235632,-0.26479347627004407,0.0,-0.0033428254054612694,0.28045360808270836,0.06675998089934429,0.37030781765539333,0.8499409746673114,0.0,2.4695783138275145,7.954677679149269,0.17182374894618987
3.28199999999986,0.6862986155479588,-0.09659675428712061,0.6908177535497434,-0.2639177240332502,0.0,-0.0024670731686673997,0.28028106549750537,0.06667943179935565,0.36993727003655896,0.8499409784870866,0.0,2.4695783138275145,7.954677679149269,0.17182374894618987
3.291999999999859,0.6853397124615916,-0.09530976326770947,0.6929739056009709,-0.2619342538036397,0.0,-0.0004836029390569152,0.28011242282564197,0.0666141658678514,0.37003321426256586,0.8499409801167518,0.0,2.4695783138275145,7.954677679149269,0.17182374894618987
3.301999999999858,0.6844545235371488,-0.06691220560589399,0.6956831836102455,-0.25912862262618974,0.0,0.002322028238393059,0.2799476855746925,0.06646099615403375,0.37014117446640926,0.8499409785056811,0.0,0.873415780067444,7.954677679149269,0.16980122029781342
3.311999999999857,0.6843603323524883,0.021145200444672337,0.7006959761829074,-0.2555776336615921,0.0,0.005873017202990716,0.279786825509656,0.06625571524389254,0.37002602691064057,0.8499409720559692,0.0,0.873415780067444,7.954677679149269,0.16980122029781342
3.3219999999998557,0.6848427860512558,0.06145808216376572,0.7049143920500135,-0.2512101642263889,0.0,0.01024048663819388,0.27962968016338985,0.06603531792710382,0.3698734000930811,0.849940959681098,0.0,0.873415780067444,7.954677679149269,0.16980122029781342
3.3319999999998546,0.6855449000744547,0.07348029058300808,0.7082585209984192,-0.24608171066371268,0.0,0.015368940200870124,0.27947598158575154,0.0658514566179645,0.3698104223005708,0.8499409401752575,0.0,0.873415780067444,7.954677679149269,0.16980122029781342
3.3419999999998535,0.6862572333329056,0.06837094718984815,0.7106634487808199,-0.24035115500192128,0.0,0.02109949586266152,0.27932543187006315,0.06574146963574125,0.369900980126893,0.8499409124577966,0.0,0.873415780067444,7.954677679149269,0.16980122029781342
3.3519999999998524,0.6869018062830545,0.07358206761054302,0.7126639774666046,-0.23406550164668857,0.0,0.027385149217894228,0.27917774688694097,0.06561460428085528,0.37024773381838094,0.8499408760933054,0.0,0.2512458324432374,7.954677679149269,0.2587483048439026
3.3619999999998513,0.6877510677370393,0.07945841890939428,0.7143623562550334,-0.22813101945733225,0.0,0.033319631407250555,0.27903266263301535,0.0654795225677233,0.36965761176982836,0.8499408308014719,0.0,0.2512458324432374,7.954677679149269,0.2587483048439026
3.3719999999998502,0.6881769777391308,0.00907709016335738,0.7129237995996708,-0.22136912187920363,0.0,0.04008152898537917,0.27888991103944405,0.06532627884704258,0.37015877327560476,0.8499407765046006,0.0,0.2512458324432374,7.954677679149269,0.2587483048439026
3.381999999999849,0.687573830376124,-0.10857185554346595,0.7083031922920928,-0.21446480817271313,0.0,0.04698584269186967,0.27874932014043236,0.06517872184162388,0.3712622923136484,0.8499407115680494,0.0,0.2512458324432374,7.954677679149269,0.2587483048439026
3.391999999999848,0.6857829126526841,-0.22325405481123628,0.7015655367378392,-0.20896877517012513,0.0,0.05248187569445767,0.27861092043604097,0.06502828868241796,0.3712355330442295,0.8499406378282255,0.0,0.2512458324432374,7.954677679149269,0.2587483048439026
3.401999999999847,0.6830017164051297,-0.29244986801011014,0.6941382809197822,-0.20366539705166392,0.0,0.05778525381291888,0.27847496469927807,0.06480788241227729,0.37202992002813573,0.8499405562180662,0.0,0.4763449430465698,7.954677679149269,0.11062515377998353
3.411999999999846,0.6803140881128351,-0.2578737904105743,0.6890919673158934,-0.1991404580808961,0.0,0.06231019278368671,0.2783418592937435,0.06453818244730422,0.37277422468974397,0.8499404678601619,0.0,0.4763449430465698,7.954677679149269,0.11062515377998353
3.4219999999998447,0.6778305915870148,-0.24379510561883289,0.683519996446968,-0.19600525898744836,0.0,0.06544539187713444,0.278211985152093,0.06425773142643214,0.37265659272437857,0.8499403741137728,0.0,0.4763449430465698,7.954677679149269,0.11062515377998353
3.4319999999998436,0.675444626279039,-0.23451411668202418,0.6777433764523291,-0.19417852970635666,0.0,0.06727212115822614,0.2780856544626551,0.06398093413325294,0.3719330672252651,0.8499402765797913,0.0,0.4763449430465698,7.954677679149269,0.11062515377998353
3.4419999999998425,0.6731715517048179,-0.22229574131220342,0.6720591325788193,-0.19278426484715772,0.0,0.06866638601742509,0.2779631340337765,0.06369711760890309,0.37185697814606333,0.8499401768875635,0.0,0.4763449430465698,7.954677679149269,0.11062515377998353
3.4519999999998414,0.6710888175293953,-0.18064669282653098,0.667345975637943,-0.19245582351950835,0.0,0.06899482734507445,0.2778446472735042,0.06339394838105968,0.3715305623902875,0.8499400759342605,0.0,1.5621678590774537,7.954677679149269,0.1834513485431671
3.4619999999998403,0.6699918977438306,-0.07034049913063212,0.6657777903370443,-0.1926037077396086,0.0,0.06884694312497419,0.2777303449193746,0.06314283062637659,0.37160070761420005,0.849939975190933,0.0,1.5621678590774537,7.954677679149269,0.1834513485431671
3.471999999999839,0.6696980347359283,-0.006995950192854178,0.6642678410456546,-0.19285415944097392,0.0,0.06859649142360888,0.27762019451638753,0.06296226708022679,0.3724374425820012,0.8499398747920582,0.0,1.5621678590774537,7.954677679149269,0.1834513485431671
3.481999999999838,0.6698571853355557,0.028690287013711027,0.6628675993443826,-0.1944212919629447,0.0,0.06702935890163811,0.2775140050978209,0.0628780444285224,0.37232662200640443,0.8499397757113935,0.0,1.5621678590774537,7.954677679149269,0.1834513485431671
3.491999999999837,0.6702696471088425,0.047981312017051844,0.6616294349684919,-0.1962054818836737,0.0,0.0652451689809091,0.2774115045787169,0.06276056221861753,0.3726416348085875,0.8499396789705064,0.0,1.5621678590774537,7.954677679149269,0.1834513485431671
3.501999999999836,0.6708215094654658,0.06013207497859198,0.6606638164754824,-0.19866582453802856,0.0,0.06278482632655424,0.2773123854156413,0.06265176746681354,0.3726685784764252,0.8499395857388855,0.0,2.15673770904541,7.954677679149269,0.17962781488895416
3.511999999999835,0.6714932440024419,0.07089501102161122,0.6601201825786677,-0.20229694663066766,0.0,0.05915370423391514,0.27721632884016106,0.06258157266539605,0.371662409942202,0.8499394970093713,0.0,2.15673770904541,7.954677679149269,0.17962781488895416
3.5219999999998337,0.6722228647849073,0.07342216861585572,0.6597774585348957,-0.20553285272616412,0.0,0.055917798138418684,0.2771230124759748,0.062479250284053676,0.37164353831584607,0.8499394131337675,0.0,2.15673770904541,7.954677679149269,0.17962781488895416
3.5319999999998326,0.6729337513149918,0.06917884895809354,0.659614775198675,-0.20860564284848526,0.0,0.05284500801609754,0.2770321220061898,0.0623615824466247,0.3721861682563592,0.8499393336726664,0.0,2.15673770904541,7.954677679149269,0.17962781488895416
3.5419999999998315,0.6735825465393909,0.06142876773648689,0.6596588914981283,-0.21193361069164943,0.0,0.049517040172933374,0.27694336506896966,0.062223600188843854,0.3725852531363457,0.849939259392581,0.0,2.15673770904541,7.954677679149269,0.17962781488895416
3.5519999999998304,0.6741272625543123,0.049399914070864456,0.6598677327925948,-0.2150137959847303,0.0,0.046436854879852496,0.27685647920564704,0.062031557114248875,0.37339480201165576,0.8499391894985466,0.0,2.452338433265686,7.954677679149269,0.19736194610595703
3.5619999999998293,0.6745354174084414,0.035117089873322634,0.6602303142300684,-0.21867907783126006,0.0,0.04277157303332274,0.27677123800080733,0.06176815595678525,0.37331336430930306,0.8499391246819674,0.0,2.452338433265686,7.954677679149269,0.19736194610595703
3.571999999999828,0.674801062586279,0.020713539785337416,0.6607740384407116,-0.22210412426073223,0.0,0.03934652660385057,0.27668745483331325,0.061450071421829684,0.37340035233439917,0.8499390652644414,0.0,2.452338433265686,7.954677679149269,0.19736194610595703
3.581999999999827,0.674915982614434,0.005242899002756707,0.6614663360456516,-0.2250748287195126,0.0,0.03637582214507021,0.2766049821286735,0.061136782034564414,0.3738654119109328,0.8499390103896508,0.0,2.452338433265686,7.954677679149269,0.19736194610595703
3.591999999999826,0.6748783536856343,-0.009483648901222053,0.6623125295176766,-0.22847903810337752,0.0,0.03297161276120528,0.276523710258249,0.06089631683713326,0.37345635371924757,0.8499389602786026,0.0,2.452338433265686,7.954677679149269,0.19736194610595703
3.601999999999825,0.6747063965051177,-0.02225180202275641,0.6633188211508856,-0.23181112121011171,0.0,0.029639529654471086,0.27644356513202145,0.060695067343575944,0.37276243332378145,0.8499389152263577,0.0,2.4693753719329834,7.954677679149269,0.18644085824489592
3.611999999999824,0.6744083639639034,-0.03473699456087165,0.6644364261819602,-0.23421668758500247,0.0,0.02723396327958033,0.276364502942411,0.06052166709673083,0.3728529241257448,0.8499388740372913,0.0,2.4693753719329834,7.954677679149269,0.18644085824489592
3.6219999999998227,0.673989739603058,-0.046234445793044004,0.6656483870648824,-0.23668100013313928,0.0,0.02476965073144352,0.2762865063637209,0.06038341369762776,0.37230982881906693,0.8499388361107636,0.0,2.4693753719329834,7.954677679149269,0.18644085824489592
3.6319999999998216,0.673473970949683,-0.05497522179454331,0.6669606457598813,-0.23849075098137223,0.0,0.022959899883210566,0.27620958135440105,0.06015991381530443,0.37195223098399366,0.8499388016648967,0.0,2.4693753719329834,7.954677679149269,0.18644085824489592
3.6419999999998205,0.6728842567358803,-0.061704925909331076,0.6683408476090165,-0.2399901500599753,0.0,0.021460500804607513,0.27613375138652363,0.05984171421307521,0.3712000643003416,0.8499387698063652,0.0,2.4693753719329834,7.954677679149269,0.18644085824489592
3.6519999999998194,0.6722401142951713,-0.06429319511409587,0.6698234398007294,-0.24103613677920746,0.0,0.02041451408537534,0.27605905189713204,0.05951873011609333,0.3703307174399295,0.8499387395313888,0.0,1.9806815266609192,7.954677679149269,0.16988368928432465
3.6619999999998183,0.6716343189130574,-0.058399785592094626,0.6715897696125114,-0.24163972488943436,0.0,0.01981092597514844,0.27598552374372654,0.05918227647587619,0.3692919455060162,0.8499387101332126,0.0,1.9806815266609192,7.954677679149269,0.16988368928432465
3.671999999999817,0.6710717321306651,-0.055233933387104604,0.673313330853157,-0.24088850379892932,0.0,0.020562147065653485,0.2759131984721434,0.058846699831110794,0.36934488338445004,0.8499386805610746,0.0,1.9806815266609192,7.954677679149269,0.16988368928432465
3.681999999999816,0.6705301828375934,-0.05341526180575526,0.6749491080837783,-0.2400351857685569,0.0,0.021415465096025904,0.2758420961795556,0.058476839255365815,0.3687375910438675,0.8499386497410425,0.0,1.9806815266609192,7.954677679149269,0.16988368928432465
3.691999999999815,0.6700054569430782,-0.05173811656673539,0.6764669838082747,-0.23842785173541636,0.0,0.023022799129166438,0.27577223005974194,0.05815252071446437,0.36847831251609464,0.8499386169299975,0.0,1.9806815266609192,7.954677679149269,0.16988368928432465
3.701999999999814,0.6695238965965611,-0.03646861708750306,0.6782070741799606,-0.23631318719634029,0.0,0.025137463668242516,0.275703607961061,0.05781129847042472,0.3682559541646018,0.8499385811332714,0.0,0.8070287466049195,7.954677679149269,0.17557814419269563
3.711999999999813,0.6694733391605953,0.011165955040408349,0.6811140166992699,-0.2338663809491739,0.0,0.02758426991540891,0.275636219155418,0.057496358285538264,0.3677598642796852,0.8499385423873995,0.0,0.8070287466049195,7.954677679149269,0.17557814419269563
3.7219999999998117,0.6697227685538762,0.03119557122286884,0.6834531863486565,-0.23076129033308176,0.0,0.030689360531501036,0.2755699806645878,0.05720638041306136,0.36753527201240666,0.8499384995315339,0.0,0.8070287466049195,7.954677679149269,0.17557814419269563
3.7319999999998106,0.6700647209155528,0.03466419808351856,0.6851741377287943,-0.22744468335411203,0.0,0.034005967510470775,0.2755047551924598,0.056885771475763236,0.3670276293455075,0.8499384518133756,0.0,0.8070287466049195,7.954677679149269,0.17557814419269563
3.7419999999998095,0.6703832354468315,0.02915746739752534,0.6862708917244801,-0.22381846387798568,0.0,0.03763218698659712,0.27544039446282315,0.056577630177882775,0.36654456550849934,0.8499383988882208,0.0,0.8070287466049195,7.954677679149269,0.17557814419269563
3.7519999999998084,0.6706084932026294,0.01893941397336594,0.6867450946013549,-0.21963383249135074,0.0,0.04181681837323206,0.27537676342075007,0.05630967167295967,0.3666611912557445,0.8499383400036618,0.0,0.33673043251037615,7.954677679149269,0.2140776515007019
3.7619999999998073,0.6706834400302384,-0.0037446998805285014,0.6863007246646169,-0.21573044007054712,0.0,0.04572021079403568,0.2753137528406184,0.056028588929086354,0.3662800481131233,0.8499382754506107,0.0,0.33673043251037615,7.954677679149269,0.2140776515007019
3.771999999999806,0.6703719405910253,-0.05131705726683488,0.6843250439551325,-0.2110194185596617,0.0,0.05043123230492111,0.2752512936241274,0.05575945450117563,0.3671807779689733,0.849938204373632,0.0,0.33673043251037615,7.954677679149269,0.2140776515007019
3.781999999999805,0.6695459018828096,-0.10401953955597401,0.6811500894338619,-0.20711340385117719,0.0,0.054337247013405615,0.2751893938073661,0.055462595037467886,0.3673137567294721,0.8499381274227309,0.0,0.33673043251037615,7.954677679149269,0.2140776515007019
3.791999999999804,0.6681737336307076,-0.1596052164956358,0.6768472224019622,-0.20296171610971567,0.0,0.05848893475486713,0.2751281590798611,0.05519078682559258,0.36838626867761093,0.849938044339904,0.0,0.33673043251037615,7.954677679149269,0.2140776515007019
3.801999999999803,0.6663406248171776,-0.18480450205046825,0.6724064973696205,-0.20024334902216617,0.0,0.06120730184241663,0.27506779251688784,0.0549650025097138,0.36823584474694093,0.8499379564892963,0.0,0.6905284166336063,7.954677679149269,0.13493152856826782
3.8119999999998018,0.6647630090932142,-0.14232286449483364,0.6697986421322107,-0.19863497479316242,0.0,0.06281567607142038,0.27500855852119105,0.0547142201519875,0.36721879320843165,0.8499378655037173,0.0,0.6905284166336063,7.954677679149269,0.13493152856826782
3.8219999999998007,0.6635070116156252,-0.11625774569157428,0.6670424589781818,-0.19693781645570918,0.0,0.06451283440887362,0.2749506678733188,0.054441472650737996,0.36694298892919464,0.849937772079566,0.0,0.6905284166336063,7.954677679149269,0.13493152856826782
3.8319999999997996,0.6624496644645148,-0.09984055586347365,0.664195132973411,-0.19558358384471045,0.0,0.06586706701987236,0.2748942540812544,0.05415699762325824,0.36688085056045916,0.849937676617795,0.0,0.6905284166336063,7.954677679149269,0.13493152856826782
3.8419999999997985,0.6615239937741111,-0.08850620490618438,0.6613349081495792,-0.19470318084459404,0.0,0.06674747001998876,0.2748394008890911,0.053877033668934524,0.36689852618316365,0.849937579722656,0.0,0.6905284166336063,7.954677679149269,0.13493152856826782
3.8519999999997974,0.6606979695917085,-0.07181863301446156,0.6587510740413761,-0.19433559850183382,0.0,0.06711505236274898,0.27478615931381833,0.05356257644899167,0.36693536174193053,0.8499374815398925,0.0,1.3432900190353394,7.954677679149269,0.18753722012043
3.8619999999997963,0.6602490711978054,-0.029645033528757046,0.6573645729048855,-0.19483100503735404,0.0,0.06661964582722876,0.2747345489441689,0.05320480411926946,0.36636236358980634,0.8499373836990767,0.0,1.3432900190353394,7.954677679149269,0.18753722012043
3.871999999999795,0.6601072850712446,-0.005835919404412887,0.6560343201388029,-0.19479591151036377,0.0,0.06665473935421903,0.27468452141241567,0.05285768573596709,0.36712732861562725,0.8499372861087734,0.0,1.3432900190353394,7.954677679149269,0.18753722012043
3.881999999999794,0.6601403145601542,0.008600398735880352,0.6548278909965817,-0.19622911616423627,0.0,0.06522153470034653,0.2746359702941967,0.052497999670953935,0.3663767323642815,0.8499371898639966,0.0,1.3432900190353394,7.954677679149269,0.18753722012043
3.891999999999793,0.6602807401645798,0.01712706487385588,0.6537752923522382,-0.19767194124786186,0.0,0.06377870961672094,0.27458875998703564,0.05213854551501077,0.36610592985891766,0.8499370955031057,0.0,1.3432900190353394,7.954677679149269,0.18753722012043
3.901999999999792,0.6604918893748735,0.02446334369675309,0.6529692814440037,-0.1993241431364181,0.0,0.06212650772816469,0.2745427415560001,0.051816335659526994,0.3660326553438982,0.8499370037996508,0.0,1.9411178708076477,7.954677679149269,0.16581881940364837
3.9119999999997908,0.6607797418133029,0.030330629051259286,0.6524724206291476,-0.20051175355081352,0.0,0.06093889731376928,0.2744977602629827,0.05149420698563767,0.36697902166033936,0.8499369139382937,0.0,1.9411178708076477,7.954677679149269,0.16581881940364837
3.9219999999997897,0.6610849251881151,0.029937234775814087,0.6520937863812433,-0.20239580176707322,0.0,0.059054849097509576,0.27445365749965717,0.051165852699734574,0.367222239921568,0.8499368265504256,0.0,1.9411178708076477,7.954677679149269,0.16581881940364837
3.9319999999997886,0.6613695456714286,0.027362744179477115,0.6518769700292132,-0.205103706231065,0.0,0.056346944633517804,0.27441028066542544,0.050823858028879586,0.3665130784087516,0.8499367426878824,0.0,1.9411178708076477,7.954677679149269,0.16581881940364837
3.9419999999997875,0.6616152108360013,0.02224291875842395,0.6518082398002185,-0.2072593146919323,0.0,0.05419133617265051,0.2743674904137068,0.05044452452061777,0.3666682002767676,0.849936662116318,0.0,1.9411178708076477,7.954677679149269,0.16581881940364837
3.9519999999997864,0.6617901340893831,0.013860938923447759,0.6518511222789777,-0.2087198807606419,0.0,0.052730770103940894,0.2743251641475972,0.05008807319178669,0.3678563663846711,0.849936584121634,0.0,2.251597189903259,7.954677679149269,0.1938002496957779
3.9619999999997852,0.6618671188958044,0.0036663791593092437,0.6519956414885569,-0.21102045665645078,0.0,0.05043019420813202,0.27428320088313685,0.04973003693124446,0.36783043946959837,0.8499365089435247,0.0,2.251597189903259,7.954677679149269,0.1938002496957779
3.971999999999784,0.661850482422629,-0.005157537953221457,0.6522868826155015,-0.21372658285806892,0.0,0.04772406800651388,0.2742415245630375,0.04939256250708315,0.3671341828656104,0.8499364377237845,0.0,2.251597189903259,7.954677679149269,0.1938002496957779
3.981999999999783,0.6617430449375878,-0.014712031316172804,0.6526851878676748,-0.21545384511209156,0.0,0.04599680575249124,0.2742000822764593,0.04906365183486278,0.36763213884471846,0.849936369480981,0.0,2.251597189903259,7.954677679149269,0.1938002496957779
3.991999999999782,0.661536401178274,-0.02480177110425301,0.6531714236350163,-0.21701202302175357,0.0,0.04443862784282923,0.2741588423560543,0.04876031743659878,0.3681241533963494,0.8499363037558729,0.0,2.251597189903259,7.954677679149269,0.1938002496957779
4.001999999999781,0.6612222506078852,-0.03588506706325885,0.6537144893165734,-0.2181253845158508,0.0,0.04332526634873199,0.27411779439212625,0.04844259311356512,0.3688947730418477,0.8499362396795014,0.0,2.1889232754707337,7.954677679149269,0.179447677731514
4.01199999999978,0.6607998613483583,-0.04616967634984981,0.6543218938582295,-0.21931274948052132,0.0,0.04213790138406148,0.2740769493467637,0.04810674046601619,0.36915845319171003,0.849936177201081,0.0,2.1889232754707337,7.954677679149269,0.179447677731514
4.021999999999779,0.6602913007683658,-0.0537989194948716,0.6550082451280564,-0.22074909105418278,0.0,0.04070155981040002,0.2740363379140414,0.047789833622982184,0.3686229750142942,0.84993611704177,0.0,2.1889232754707337,7.954677679149269,0.179447677731514
4.031999999999778,0.6597084511460836,-0.061227290173437865,0.6557186418696899,-0.22124370042991665,0.0,0.040206950434666155,0.27399600544921143,0.04750904127313793,0.3689816323204783,0.849936057823496,0.0,2.1889232754707337,7.954677679149269,0.179447677731514
4.041999999999777,0.65905270837901,-0.0684154340788905,0.6564249941405046,-0.22114081822961223,0.0,0.040309832634970566,0.27395600861776953,0.0472137474365322,0.3696488172466146,0.849935998832401,0.0,2.1889232754707337,7.954677679149269,0.179447677731514
4.051999999999776,0.6583332127182935,-0.07317363502741103,0.6571493492360936,-0.22121164432203824,0.0,0.04023900654254456,0.273916414117232,0.0469324033686393,0.36955594919944434,0.8499359398219809,0.0,1.7848285794258119,7.954677679149269,0.17010450661182402
4.061999999999775,0.657600877629434,-0.07324699538117496,0.6579712244297581,-0.2208737416559191,0.0,0.04057690920866369,0.2738772952543789,0.046685837404881726,0.3695147013314304,0.8499358805915069,0.0,1.7848285794258119,7.954677679149269,0.17010450661182402
4.071999999999774,0.656872055569113,-0.07257541161684572,0.6587614553314934,-0.22053219989206152,0.0,0.04091845097252128,0.27383872329560166,0.046507036780817995,0.3690038418491075,0.8499358210777213,0.0,1.7848285794258119,7.954677679149269,0.17010450661182402
4.0819999999997725,0.656154738568001,-0.07097889299662735,0.6594968647152194,-0.21989467211087912,0.0,0.041555978753703676,0.273800763567056,0.04635896123097766,0.3684258389590428,0.8499357607771689,0.0,1.7848285794258119,7.954677679149269,0.17010450661182402
4.091999999999771,0.6554484670932256,-0.07068940954304323,0.6601102595318213,-0.21785691414278927,0.0,0.043593736721793536,0.2737634742633638,0.04621611207639349,0.3693376467320023,0.8499356982528228,0.0,1.7848285794258119,7.954677679149269,0.17010450661182402
4.10199999999977,0.6547505280369315,-0.06700957559098095,0.6606764942804979,-0.2163941606847264,0.0,0.04505649017985641,0.27372690714797765,0.046091184181836296,0.3690071318726732,0.8499356332888932,0.0,0.9193579196929931,7.954677679149269,0.1801546633243561
4.111999999999769,0.6541441918649974,-0.05744999073919316,0.6613393802694589,-0.21437582722461088,0.0,0.047074823639971924,0.27369110620429515,0.04595862358613132,0.36904388571067404,0.84993556564994,0.0,0.9193579196929931,7.954677679149269,0.1801546633243561
4.121999999999768,0.6535862551714021,-0.05570353972888641,0.6616728288763793,-0.21189491152118403,0.0,0.04955573934339877,0.2736560967247307,0.04580406333019368,0.3693532780813611,0.8499354947194949,0.0,0.9193579196929931,7.954677679149269,0.1801546633243561
4.131999999999767,0.653018993653044,-0.05804435234289026,0.6616678412344165,-0.20943054468560074,0.0,0.05202010617898206,0.2736218920953119,0.04566224780361628,0.3693667399138071,0.849935420242117,0.0,0.9193579196929931,7.954677679149269,0.1801546633243561
4.141999999999766,0.6524070113043133,-0.06348530496294233,0.6612933700582745,-0.2067565179860885,0.0,0.05469413287849431,0.27358850561790704,0.04557521566879301,0.3695602496690078,0.8499353417197922,0.0,0.9193579196929931,7.954677679149269,0.1801546633243561
4.151999999999765,0.6517324750623005,-0.07243363814372819,0.6604959786073377,-0.2041733291871325,0.0,0.05727732167745031,0.27355595725749254,0.045522850036687004,0.3695793999614685,0.8499352594329588,0.0,0.5840925693511965,7.954677679149269,0.1811849445104599
4.161999999999764,0.6508792987227706,-0.09379802780963131,0.6588937865756045,-0.20133182442333825,0.0,0.060118826441244555,0.2735242792906772,0.04550863232429342,0.37005633511468317,0.8499351732239279,0.0,0.5840925693511965,7.954677679149269,0.1811849445104599
4.171999999999763,0.6498234104922813,-0.11385602404839594,0.6568171147480164,-0.19843731942030288,0.0,0.06301333144427992,0.2734935335313122,0.04551284925713832,0.3707883043522514,0.8499350829417202,0.0,0.5840925693511965,7.954677679149269,0.1811849445104599
4.1819999999997615,0.6485965249226132,-0.1272407992975984,0.6544425811589828,-0.19702322584408843,0.0,0.06442742502049437,0.27346381592950486,0.0455509929309648,0.36975814139961727,0.8499349895883053,0.0,0.5840925693511965,7.954677679149269,0.1811849445104599
4.19199999999976,0.6472737147386701,-0.13529997478825637,0.6518601986375492,-0.1951291369606847,0.0,0.0663215139038981,0.27343524723739415,0.04564225909457073,0.36980200467434243,0.8499348936744633,0.0,0.5840925693511965,7.954677679149269,0.1811849445104599
4.201999999999759,0.6459179923059037,-0.13043916182308313,0.6493696562230366,-0.19425183972351073,0.0,0.06719881114107207,0.2734079582886514,0.045744569461249614,0.3688564479453983,0.849934795924364,0.0,0.8836833715438845,7.954677679149269,0.15742746591567994
4.211999999999758,0.6447872999098885,-0.10278613441891751,0.6476005696168581,-0.19369901061459527,0.0,0.06775164024998753,0.2733820717439356,0.045872134789358365,0.3678802531899168,0.8499346971514145,0.0,0.8836833715438845,7.954677679149269,0.15742746591567994
4.221999999999757,0.6438678798665485,-0.08549233716061752,0.6457552945011944,-0.19267029184302098,0.0,0.06878035902156182,0.27335766299396613,0.04598474611550009,0.3679894874341938,0.8499345967539191,0.0,0.8836833715438845,7.954677679149269,0.15742746591567994
4.231999999999756,0.6430958612916889,-0.07244373656581371,0.643918696029833,-0.19208001261406266,0.0,0.06937063825052014,0.273334759774411,0.046133186690576415,0.3679468580439599,0.8499344955896537,0.0,0.8836833715438845,7.954677679149269,0.15742746591567994
4.241999999999755,0.6424347353585249,-0.06256620204361016,0.6421075379208526,-0.19167214075082575,0.0,0.06977851011375705,0.27331335764378356,0.04631406711956084,0.368136148881962,0.8499343938380748,0.0,0.8836833715438845,7.954677679149269,0.15742746591567994
4.251999999999754,0.6418726703844407,-0.049471759608764494,0.6404984170637295,-0.19153295654642805,0.0,0.06991769431815475,0.27329342934480066,0.04648673461013636,0.36842802290651666,0.8499342920236593,0.0,1.3940819025039675,7.954677679149269,0.1708292305469513
4.261999999999753,0.6415169965358961,-0.027585481961285227,0.6394277668676218,-0.19192766284575302,0.0,0.06952298801882978,0.27327492613078463,0.04669520717942371,0.36840389142117047,0.8499341900777196,0.0,1.3940819025039675,7.954677679149269,0.1708292305469513
4.2719999999997516,0.6413286192285117,-0.013530952352892173,0.6384354501578065,-0.19258938298174846,0.0,0.06886126788283434,0.27325776452271766,0.04685890751697993,0.36837693569171504,0.8499340889234086,0.0,1.3940819025039675,7.954677679149269,0.1708292305469513
4.2819999999997505,0.6412422778826942,-0.006211229578198356,0.6375020406926402,-0.19275063668187206,0.0,0.06870001418271074,0.27324183271569064,0.04700292041909877,0.3693634259570492,0.84993398828219,0.0,1.3940819025039675,7.954677679149269,0.1708292305469513
4.291999999999749,0.6412035659668084,-0.0023467221091540147,0.6366549222317923,-0.19381397129434874,0.0,0.06763667957023406,0.27322700552617646,0.04709504988614407,0.36939215800465186,0.8499338886260173,0.0,1.3940819025039675,7.954677679149269,0.1708292305469513
4.301999999999748,0.641209559821873,0.0031697527051169003,0.6360089005980035,-0.1954815679415483,0.0,0.0659690829230345,0.2732131550679469,0.04710946592276884,0.36877681393206396,0.849933791416949,0.0,1.814914882183075,7.954677679149269,0.17039659023284912
4.311999999999747,0.6412808789210255,0.00913642854151811,0.635598879537362,-0.19686850550017276,0.0,0.06458214536441004,0.273200151982144,0.0471342847162903,0.36878951730256715,0.8499336962578312,0.0,1.814914882183075,7.954677679149269,0.17039659023284912
4.321999999999746,0.6413789725204337,0.009542275084687205,0.6352593302917151,-0.19757144401692525,0.0,0.06387920684765755,0.2731878633624546,0.047223930495182746,0.369997506733467,0.8499336024188547,0.0,1.814914882183075,7.954677679149269,0.17039659023284912
4.331999999999745,0.6414662998314279,0.00783353808281144,0.6350207254253095,-0.199003318214191,0.0,0.06244733265039179,0.2731761593430781,0.04730407222739161,0.37033503516377075,0.8499335105821446,0.0,1.814914882183075,7.954677679149269,0.17039659023284912
4.341999999999744,0.6415208117506901,0.003863717935983016,0.634866465440725,-0.2004645200673187,0.0,0.06098613079726409,0.27316492020787575,0.047407477845979554,0.370726838891132,0.849933420439496,0.0,1.814914882183075,7.954677679149269,0.17039659023284912
4.351999999999743,0.6415381005101721,0.0004945302234946394,0.6348396913086172,-0.20256974320933688,0.0,0.05888090765524592,0.2731540399504924,0.04756089457176087,0.3702944709122521,0.8499333329713177,0.0,2.024345576763153,7.954677679149269,0.18400472402572632
4.361999999999742,0.6415296155443357,-0.0018666988522725997,0.6349509740323643,-0.20440792552883552,0.0,0.05704272533574728,0.273143426390008,0.04767677153562382,0.37017675687484053,0.8499332487034502,0.0,2.024345576763153,7.954677679149269,0.18400472402572632
4.3719999999997405,0.6414908685705846,-0.005305189138566507,0.635158383265551,-0.20608707484027308,0.0,0.05536357602430972,0.27313299867414326,0.0478735234919762,0.3702810235087032,0.8499331667816632,0.0,2.024345576763153,7.954677679149269,0.18400472402572632
4.381999999999739,0.6414151457031286,-0.008969431016937583,0.6354615059328937,-0.20776888874483118,0.0,0.05368176211975162,0.2731226871613892,0.04813577071879613,0.3703054155272042,0.8499330872397968,0.0,2.024345576763153,7.954677679149269,0.18400472402572632
4.391999999999738,0.6412986925803834,-0.01380751670842801,0.6358320504340207,-0.20844703239215828,0.0,0.05300361847242452,0.2731124339027534,0.04841631042258263,0.3716037195299611,0.8499330094508669,0.0,2.024345576763153,7.954677679149269,0.18400472402572632
4.401999999999737,0.6411282266253713,-0.01897893106965389,0.6362600727172107,-0.20969904022256852,0.0,0.05175161064201428,0.2731021930619943,0.04873724024721956,0.3719030286317635,0.8499329331126926,0.0,1.9415140748023987,7.954677679149269,0.17881294190883634
4.411999999999736,0.6409136499330279,-0.022937515402839982,0.6367671258950196,-0.21077896620436204,0.0,0.05067168466022076,0.27309193195381476,0.04906109120673628,0.37220421658824443,0.849932858459774,0.0,1.9415140748023987,7.954677679149269,0.17881294190883634
4.421999999999735,0.6406673202898584,-0.025818467131151837,0.637338294125779,-0.2118507851897848,0.0,0.04959986567479799,0.27308162868119223,0.049373655815566346,0.3722224234205356,0.8499327855120061,0.0,1.9415140748023987,7.954677679149269,0.17881294190883634
4.431999999999734,0.6403940322843394,-0.028139763730166724,0.6379502204708098,-0.21276358797208653,0.0,0.048687062892496275,0.273071269254823,0.049701035196441555,0.3721338730003755,0.8499327137624526,0.0,1.9415140748023987,7.954677679149269,0.17881294190883634
4.441999999999733,0.6401081466521122,-0.028519440911809954,0.6386162085541578,-0.21387814136456818,0.0,0.047572509500014626,0.2730608457567446,0.050055431415299605,0.37149416720363804,0.8499326435346212,0.0,1.9415140748023987,7.954677679149269,0.17881294190883634
4.451999999999732,0.6398225860282656,-0.027958927673412716,0.6393216240651844,-0.21398723966533195,0.0,0.04746341119925085,0.27305035334220024,0.0503823714796329,0.3718781020441051,0.8499325738669525,0.0,1.6054289460182192,7.954677679149269,0.16697572767734528
4.461999999999731,0.6395666516066797,-0.024606498831313862,0.6401301791557386,-0.21356645327703636,0.0,0.047884197587546445,0.2730397871093927,0.05072240555665145,0.3726675093722023,0.8499325043676543,0.0,1.6054289460182192,7.954677679149269,0.16697572767734528
4.4719999999997295,0.6393235977233215,-0.024698460287506975,0.6408608113837361,-0.21251815045341135,0.0,0.04893250041117145,0.27302913787208766,0.050989389085761325,0.3739278137254528,0.849932433768882,0.0,1.6054289460182192,7.954677679149269,0.16697572767734528
4.481999999999728,0.6390689494210644,-0.025529707740157108,0.6415141789090604,-0.21233834533351592,0.0,0.04911230553106688,0.27301839475298795,0.051212849023729946,0.37358466132746515,0.8499323620407578,0.0,1.6054289460182192,7.954677679149269,0.16697572767734528
4.491999999999727,0.6388101754139006,-0.026125143648609607,0.6420927371244464,-0.21118693087460225,0.0,0.050263719989980554,0.2730075492993708,0.051438971275760983,0.3742778215243131,0.8499322892008903,0.0,1.6054289460182192,7.954677679149269,0.16697572767734528
4.501999999999726,0.6385493070576982,-0.024404962048088334,0.6426312669973344,-0.2105378524167983,0.0,0.05091279844778451,0.2729965948601055,0.051737615813116575,0.37403990002835685,0.8499322149242761,0.0,1.0534374237060549,7.954677679149269,0.17399736642837524
4.511999999999725,0.6383576421829699,-0.01586423518602602,0.643296126558519,-0.21006394215287444,0.0,0.05138670871170836,0.27298552420220323,0.05204043916001036,0.3733275733943895,0.8499321399476838,0.0,1.0534374237060549,7.954677679149269,0.17399736642837524
4.521999999999724,0.6382372192574871,-0.009937419463415184,0.6438416274802496,-0.2088876907962229,0.0,0.05256296006835989,0.2729743188511837,0.052347328013248255,0.3733522373923275,0.8499320637904778,0.0,1.0534374237060549,7.954677679149269,0.17399736642837524
4.531999999999723,0.6381622282153787,-0.006289615111713769,0.6442342379602715,-0.2076057101492636,0.0,0.0538449407153192,0.2729629481360166,0.05274838492450308,0.37343046343212494,0.8499319859759662,0.0,1.0534374237060549,7.954677679149269,0.17399736642837524
4.541999999999722,0.6381076290933017,-0.005443097091609866,0.644429567201453,-0.20577010405062737,0.0,0.05568054681395543,0.27295137481050574,0.0531472782966951,0.37419470505592,0.849931905878621,0.0,1.0534374237060549,7.954677679149269,0.17399736642837524
4.551999999999721,0.638051399402302,-0.0058985858052444315,0.6444278822231848,-0.20450965915146574,0.0,0.05694099171311706,0.27293956038870154,0.053588752964718045,0.3741193195446906,0.8499318234728928,0.0,0.7447689771652222,7.954677679149269,0.17689658403396608
4.56199999999972,0.6379808324090188,-0.007517141296250161,0.6442058612759443,-0.20334032280960496,0.0,0.058110328054977844,0.2729274694472806,0.054013443322434955,0.37392353081464025,0.8499317390440507,0.0,0.7447689771652222,7.954677679149269,0.17689658403396608
4.5719999999997185,0.6379005386131009,-0.0080252825480822,0.6438198711104526,-0.20217498257414687,0.0,0.05927566829043593,0.2729150717260838,0.05441152406350502,0.37374492289429617,0.8499316530519737,0.0,0.7447689771652222,7.954677679149269,0.17689658403396608
4.581999999999717,0.637828743347999,-0.006297346184405521,0.6433239721273095,-0.20158147066117427,0.0,0.059869180203408534,0.272902340974822,0.05480474276070631,0.37290262933982643,0.8499315659013749,0.0,0.7447689771652222,7.954677679149269,0.17689658403396608
4.591999999999716,0.637782234416818,-0.0036263469258565953,0.6427254278935418,-0.2005484081436546,0.0,0.0609022427209282,0.2728892513982113,0.05519924275394059,0.37285005653880243,0.8499314776080931,0.0,0.7447689771652222,7.954677679149269,0.17689658403396608
4.601999999999715,0.6377619309099765,-0.00030458922530441496,0.6420412853475523,-0.19990896312907944,0.0,0.061541687735503364,0.27287577476846353,0.05559260785947993,0.37247970809783937,0.8499313881239515,0.0,0.8387899875640872,7.954677679149269,0.16813580095767974
4.611999999999714,0.6377816523036564,0.0035700774410731342,0.6413177704957713,-0.19917464852902594,0.0,0.06227600233555686,0.272861879617939,0.05599881186767087,0.37251411280962543,0.8499312973236104,0.0,0.8387899875640872,7.954677679149269,0.16813580095767974
4.621999999999713,0.6378386917228892,0.007108096179604673,0.6405445439212316,-0.19855655240177558,0.0,0.06289409846280722,0.2728475296265316,0.05643021149323337,0.37270419506918184,0.8499312056895153,0.0,0.8387899875640872,7.954677679149269,0.16813580095767974
4.631999999999712,0.6379247998533298,0.009403173683664515,0.6397200444921545,-0.19791058472272968,0.0,0.06354006614185312,0.27283268417775647,0.05689879682800431,0.3733018613616945,0.8499311131838798,0.0,0.8387899875640872,7.954677679149269,0.16813580095767974
4.641999999999711,0.6380398261523076,0.012683257273834493,0.638915193509667,-0.19786047441842403,0.0,0.06359017644615877,0.2728173001172705,0.05736969082083147,0.3734029631388992,0.8499310204896743,0.0,0.8387899875640872,7.954677679149269,0.16813580095767974
4.65199999999971,0.6381903736735162,0.01789058842712691,0.6381934097277348,-0.198074752695912,0.0,0.06337589816867081,0.27280133213045693,0.05783914945115525,0.3734828158085608,0.8499309277564455,0.0,1.2499307394027712,7.954677679149269,0.16135389804840086
4.661999999999709,0.6384345760444471,0.027944900491440328,0.6377286524194297,-0.19840337639110509,0.0,0.06304727447347772,0.27278473030599365,0.05829929372240031,0.3737195740844611,0.8499308355160522,0.0,1.2499307394027712,7.954677679149269,0.16135389804840086
4.6719999999997075,0.6387531037937628,0.034086941984963134,0.63730654735735,-0.19868715951149063,0.0,0.06276349135309217,0.27276743235245376,0.05875030843740005,0.37431696454832963,0.8499307436890463,0.0,1.2499307394027712,7.954677679149269,0.16135389804840086
4.681999999999706,0.6391191960320575,0.03823171450997517,0.6369555403832822,-0.19970513088462963,0.0,0.06174551997995317,0.2727493662328731,0.059192374732381606,0.37416840466986434,0.8499306527167655,0.0,1.2499307394027712,7.954677679149269,0.16135389804840086
4.691999999999705,0.63951470221727,0.03999875363543126,0.6366696115858813,-0.1999818656715041,0.0,0.06146878519307869,0.2727304560683716,0.0596256701497137,0.3753162799244453,0.8499305625468978,0.0,1.2499307394027712,7.954677679149269,0.16135389804840086
4.701999999999704,0.639926658009966,0.042669512445056394,0.6365127952508705,-0.20181065390035555,0.0,0.059639996964227254,0.27271062633704596,0.06005036870921103,0.37452038307724034,0.8499304741010786,0.0,1.6113807678222658,7.954677679149269,0.16691097915172576
4.711999999999703,0.6403769258153696,0.04646732458056524,0.6365220146828993,-0.20330677843851744,0.0,0.05814387242606536,0.2726898034745409,0.06046664097802403,0.3743830500538803,0.8499303881308964,0.0,1.6113807678222658,7.954677679149269,0.16691097915172576
4.721999999999702,0.6408647920863357,0.04977042304003809,0.6366688197032031,-0.20483754759177672,0.0,0.05661310327280608,0.27266791284597114,0.060874654139141934,0.3743526387111067,0.8499303047855059,0.0,1.6113807678222658,7.954677679149269,0.16691097915172576
4.731999999999701,0.6413658101765479,0.050534662732952366,0.6369046985625768,-0.20635352859495928,0.0,0.055097122269623516,0.2726448790936952,0.06127457205853667,0.37445834131067,0.8499302232005229,0.0,1.6113807678222658,7.954677679149269,0.16691097915172576
4.7419999999997,0.641878744111548,0.05165810690082456,0.6372818400513123,-0.20811425447303114,0.0,0.05333639639155166,0.2726206298825927,0.06166655535097463,0.3742942980765841,0.8499301444153281,0.0,1.6113807678222658,7.954677679149269,0.16691097915172576
4.751999999999699,0.642392679584124,0.051172834044147485,0.6377568554589327,-0.20998530883072813,0.0,0.051465342033854666,0.27259509687964295,0.06205076144452265,0.3740047417243033,0.8499300678262057,0.0,1.743586564064026,7.954677679149269,0.1715737760066986
4.761999999999698,0.6429124129553363,0.05281078279455176,0.6383839040919274,-0.21285207129971612,0.0,0.048598579564866684,0.272568217079245,0.06242734464377417,0.37230899099335624,0.8499299951613332,0.0,1.743586564064026,7.954677679149269,0.1715737760066986
4.7719999999996965,0.6434520259711273,0.05436634826549991,0.639146753694419,-0.2144860041774121,0.0,0.04696464668717071,0.2725399316696766,0.06279645619182092,0.37228762864142595,0.8499299255861681,0.0,1.743586564064026,7.954677679149269,0.1715737760066986
4.781999999999695,0.6439877494593489,0.0528268275495989,0.6399697918232474,-0.2153558198092296,0.0,0.0460948310553532,0.27251018403309446,0.06315824433099512,0.3732429243829659,0.8499298576049984,0.0,1.743586564064026,7.954677679149269,0.1715737760066986
4.791999999999694,0.6445050677152165,0.05112991795711355,0.6408795787172221,-0.21712326930379192,0.0,0.044327381560790885,0.27247892329765927,0.06351285436240643,0.3728081665588241,0.8499297917906816,0.0,1.743586564064026,7.954677679149269,0.1715737760066986
4.801999999999693,0.6450116314398349,0.05046571860573522,0.6418938122312381,-0.21871474474593078,0.0,0.04273590611865202,0.27244610664505003,0.06386042870429767,0.37245041175815563,0.8499297284282652,0.0,1.6955424904823304,7.954677679149269,0.17007617354393004
4.811999999999692,0.6455112554125318,0.04968980902460979,0.6429912511257923,-0.21983421282486124,0.0,0.041616438039721565,0.272411697803271,0.06420110694924273,0.37255020598683886,0.8499296667549349,0.0,1.6955424904823304,7.954677679149269,0.17007617354393004
4.821999999999691,0.6460020584712259,0.048719395804790004,0.644146197799202,-0.22084814310015746,0.0,0.04060250776442534,0.2723756659006964,0.06453502592020971,0.3725655837822889,0.849929606743952,0.0,1.6955424904823304,7.954677679149269,0.17007617354393004
4.83199999999969,0.646477092329966,0.04631232377376622,0.6453160534388616,-0.22103563499609,0.0,0.040415015868492804,0.2723379854263747,0.06486231972551165,0.3734834672755162,0.8499295475718447,0.0,1.6955424904823304,7.954677679149269,0.17007617354393004
4.841999999999689,0.6469272245728169,0.04435709867164732,0.6465064831684973,-0.2219952435447501,0.0,0.039455407319832714,0.2722986373737038,0.06518311981266697,0.37304855690773886,0.8499294893533669,0.0,1.6955424904823304,7.954677679149269,0.17007617354393004
4.851999999999688,0.6473657595829481,0.04446241093116355,0.6477522655222503,-0.2223752494270906,0.0,0.03907540143749219,0.27225761000924636,0.06549755502119137,0.37314307472131847,0.8499294319852236,0.0,1.4511638164520264,7.954677679149269,0.16095445454120635
4.861999999999687,0.6478337177746843,0.04784296640269938,0.6491323999776848,-0.22217799877903377,0.0,0.03927265208554903,0.27221489556611234,0.06580575163434225,0.37374706584819994,0.8499293747557931,0.0,1.4511638164520264,7.954677679149269,0.16095445454120635
4.8719999999996855,0.6483190147243486,0.04872540596436055,0.6504638957246979,-0.22209098741793168,0.0,0.03935966344665112,0.272170483876958,0.06610783342983657,0.37389308769515006,0.8499293173342332,0.0,1.4511638164520264,7.954677679149269,0.16095445454120635
4.881999999999684,0.6488078050901392,0.04878796888040625,0.6517431313162219,-0.2218532855866542,0.0,0.03959736527792859,0.2721243634999269,0.06640392172956229,0.37395706664304995,0.8499292596360281,0.0,1.4511638164520264,7.954677679149269,0.16095445454120635
4.891999999999683,0.6492870370868564,0.04742837485622372,0.6529292224748189,-0.22116514183537803,0.0,0.040285509029204775,0.27207652478824657,0.06669413544830362,0.37437578552511297,0.8499292009343781,0.0,1.4511638164520264,7.954677679149269,0.16095445454120635
4.901999999999682,0.6497639744543556,0.05037398790297496,0.6541437319266663,-0.22063233591843548,0.0,0.04081831494614732,0.272026961954149,0.06697859114149952,0.37432435346806847,0.8499291415127804,0.0,0.9853777885437012,7.954677679149269,0.17287237644195555
4.911999999999681,0.6503570996179064,0.0641415615457077,0.6556853393850023,-0.22025201545878192,0.0,0.041198635405800876,0.27197566916991645,0.0672574030520546,0.37380410173504175,0.8499290816323946,0.0,0.9853777885437012,7.954677679149269,0.17287237644195555
4.92199999999968,0.6510469510469448,0.07218821995253355,0.657096051708595,-0.2200704362745732,0.0,0.041380214590009595,0.27192262330100825,0.06753068315622124,0.37276916013759887,0.8499290209328627,0.0,0.9853777885437012,7.954677679149269,0.17287237644195555
4.931999999999679,0.6518023016027943,0.07683840330185293,0.6583734665359612,-0.21875091868914756,0.0,0.04269973217543524,0.2718677850664298,0.06779854120857147,0.37313684830497473,0.8499289593353697,0.0,0.9853777885437012,7.954677679149269,0.17287237644195555
4.941999999999678,0.652582496426371,0.0784521740352425,0.659471835795419,-0.2178383116780102,0.0,0.04361233918657259,0.27181110724121704,0.06806108478607649,0.3727957043352028,0.8499288962335109,0.0,0.9853777885437012,7.954677679149269,0.17287237644195555
4.951999999999677,0.6533828773713297,0.08320511487660415,0.6605202366040552,-0.21713954641665903,0.0,0.04431110444792377,0.27175254215330563,0.06831841933131172,0.3720693770280852,0.8499288320220733,0.0,0.660029721260071,7.954677679149269,0.17868772745132444
4.961999999999676,0.6542759112457479,0.09162467135286241,0.6616478493097161,-0.215793725383508,0.0,0.045656925481074806,0.27169204123953233,0.06857064819480449,0.3721916565424763,0.8499287659771835,0.0,0.660029721260071,7.954677679149269,0.17868772745132444
4.9719999999996745,0.6551965853602684,0.0917100358955843,0.6624627881792886,-0.21451750459693686,0.0,0.04693314626764594,0.27162954621005686,0.06881787267654167,0.3722088221897579,0.8499286979815258,0.0,0.660029721260071,7.954677679149269,0.17868772745132444
4.981999999999673,0.6560764629785819,0.08490147692205574,0.6629233208032022,-0.21273899011993147,0.0,0.04871166074465133,0.27156499878880597,0.06906019206665373,0.37298912238154514,0.8499286275654905,0.0,0.660029721260071,7.954677679149269,0.17868772745132444
4.991999999999672,0.6568985391053371,0.08043853999675343,0.6632145483506862,-0.21224900965518034,0.0,0.04920164120940246,0.27149835371569314,0.0692974235564514,0.37208856000069224,0.8499285560197622,0.0,0.660029721260071,7.954677679149269,0.17868772745132444
5.001999999999671,0.6576718067464006,0.07579351355166494,0.663309897081306,-0.21141625445545265,0.0,0.050034396409130155,0.2714295817107735,0.06951900568069498,0.3718319099283567,0.8499284830629961,0.0,0.6975494384765626,7.954677679149269,0.17272994220256804
5.01199999999967,0.658401869061048,0.0713938144405275,0.6632453856775621,-0.21046058704224657,0.0,0.05099006382233623,0.2713586668827719,0.06974364639586635,0.3719793394379519,0.8499284088534766,0.0,0.6975494384765626,7.954677679149269,0.17272994220256804
5.021999999999669,0.6590965245437439,0.0678791391258522,0.6630664796098903,-0.20981341547552324,0.0,0.051637235389059566,0.2712856046901292,0.0699673548652642,0.3719572706155809,0.8499283336616507,0.0,0.6975494384765626,7.954677679149269,0.17272994220256804
5.031999999999668,0.6597732339681585,0.06778536021885118,0.6628701163432907,-0.20981950050924716,0.0,0.05163115035533564,0.27121039980041056,0.07018686779455355,0.37131304104894447,0.8499282582349694,0.0,0.6975494384765626,7.954677679149269,0.17272994220256804
5.041999999999667,0.6604574790448616,0.0699394116597746,0.6626867968406217,-0.21029105959478211,0.0,0.051159591269800686,0.2711330619908861,0.07040202544711827,0.3703255589041793,0.8499281828188319,0.0,0.6975494384765626,7.954677679149269,0.17272994220256804
5.051999999999666,0.6611835503639694,0.07458630883448464,0.6625872814093383,-0.21041821536017727,0.0,0.05103243550440553,0.27105360044578347,0.07061291423443039,0.37013512378332947,0.8499281079808012,0.0,1.0336873054504396,7.954677679149269,0.16185782253742217
5.0619999999996645,0.6619556804651656,0.07878382737476919,0.6625434248885277,-0.21048470899858623,0.0,0.05096594186599657,0.27097201820472894,0.07080619254365678,0.37033781690997214,0.8499280334293672,0.0,1.0336873054504396,7.954677679149269,0.16185782253742217
5.0719999999996634,0.6627531311792866,0.08018596193236534,0.6625050586126368,-0.210612932534006,0.0,0.05083771833057679,0.2708883115157182,0.0709422719732271,0.3707064771133346,0.8499279589253682,0.0,1.0336873054504396,7.954677679149269,0.16185782253742217
5.081999999999662,0.6635528156612805,0.07955913007397145,0.6624850368747863,-0.21068253531802042,0.0,0.05076811554656238,0.2708024739129159,0.07108419334931339,0.3714377390021507,0.8499278846290809,0.0,1.0336873054504396,7.954677679149269,0.16185782253742217
5.091999999999661,0.6643428909201398,0.07921261594791545,0.6625356352872374,-0.21179821580540006,0.0,0.04965243505918274,0.2707145008920028,0.07125799397431767,0.3710216980303944,0.8499278111848597,0.0,1.0336873054504396,7.954677679149269,0.16185782253742217
5.10199999999966,0.6651401598378263,0.07985767525936754,0.6627026204759118,-0.2128092756286859,0.0,0.0486413752358969,0.27062439146710526,0.07142927835091714,0.37100504008210855,0.849927739368151,0.0,1.4755553960800172,7.954677679149269,0.15680174231529234
5.111999999999659,0.6659188239427771,0.07603673492963779,0.6628618431136127,-0.21288447083812487,0.0,0.048566180026457934,0.27053214612105786,0.07160685239120151,0.37249710871591246,0.8499276681876433,0.0,1.4755553960800172,7.954677679149269,0.15680174231529234
5.121999999999658,0.6666488651196526,0.07111458763671333,0.6630680907206568,-0.2138980097687612,0.0,0.04755264109582161,0.2704377709658775,0.07179383664239473,0.37287633334152004,0.8499275978983173,0.0,1.4755553960800172,7.954677679149269,0.15680174231529234
5.131999999999657,0.6673421559795966,0.068355584377797,0.6633979621771107,-0.21573477890650594,0.0,0.04571587195807686,0.2703412824180541,0.07196677607641752,0.3722270623923657,0.8499275298600116,0.0,1.4755553960800172,7.954677679149269,0.15680174231529234
5.141999999999656,0.6680233963992972,0.06803335153782869,0.6638856373916464,-0.21758455905177423,0.0,0.043866091812808566,0.27024270473330936,0.072145135081987,0.3716554776978298,0.8499274647275514,0.0,1.4755553960800172,7.954677679149269,0.15680174231529234
5.151999999999655,0.6686975814874571,0.06648274701778842,0.6644713622668399,-0.2188462324193228,0.0,0.04260441844526,0.2701420651586102,0.07232143946078255,0.37195420969988047,0.8499274017896514,0.0,1.6695237874984743,7.954677679149269,0.16557760834693908
5.1619999999996535,0.6693326976090559,0.06163895175051275,0.6650741214402847,-0.22019235269205947,0.0,0.04125829817252333,0.2700393930432761,0.0724942458480935,0.37213724455182984,0.849927340532991,0.0,1.6695237874984743,7.954677679149269,0.16557760834693908
5.171999999999652,0.6699228100397738,0.05745353074211937,0.6657706001561611,-0.2216954972250895,0.0,0.03975515363949331,0.26993472466388063,0.07265796497359664,0.3720586792261549,0.8499272814036697,0.0,1.6695237874984743,7.954677679149269,0.16557760834693908
5.181999999999651,0.670474394796722,0.05368087343094515,0.6665574498700376,-0.22294890511924362,0.0,0.03850174574533918,0.269828104358165,0.07282318324289996,0.37224277245863213,0.8499272243805256,0.0,1.6695237874984743,7.954677679149269,0.16557760834693908
5.19199999999965,0.670991148234416,0.0501981700006416,0.6674280964217655,-0.22416169290689633,0.0,0.03728895795768647,0.26971958279089664,0.0729860347130994,0.37236301771926905,0.8499271693764677,0.0,1.6695237874984743,7.954677679149269,0.16557760834693908
5.201999999999649,0.6714612611685081,0.04471365086739735,0.6683234374076613,-0.22468242011170156,0.0,0.03676823075288124,0.26960921603376586,0.07313357676781194,0.3732812804044072,0.8499271152876933,0.0,1.6800350427627564,7.954677679149269,0.16499145627021788
5.211999999999648,0.6718830616264975,0.04088364063400702,0.6692882147816187,-0.22629069156195464,0.0,0.03515995930262816,0.26949706701859727,0.07320504007094804,0.3724145222792884,0.8499270630778004,0.0,1.6800350427627564,7.954677679149269,0.16499145627021788
5.221999999999647,0.6722760896451813,0.03829708606563516,0.6703202653156626,-0.2273346829838505,0.0,0.03411596788073229,0.26938320505338115,0.07321745377963963,0.3720380193361216,0.8499270126529763,0.0,1.6800350427627564,7.954677679149269,0.16499145627021788
5.231999999999646,0.6726433501520208,0.03562284330325266,0.6713843080067297,-0.22780643370498044,0.0,0.03364421715960236,0.2692677022885276,0.07329266430757443,0.3722590840058143,0.8499269633438992,0.0,1.6800350427627564,7.954677679149269,0.16499145627021788
5.241999999999645,0.6729785905105282,0.03206232421777092,0.6724443297636553,-0.22815641365317169,0.0,0.033294237211411115,0.26915063264947103,0.07337949377328068,0.37241151244319504,0.8499269144511447,0.0,1.6800350427627564,7.954677679149269,0.16499145627021788
5.251999999999644,0.673289064161345,0.031185543508220614,0.673559800579503,-0.2286986675539959,0.0,0.0327519833105869,0.2690320725465442,0.07351651705178669,0.3720584455297733,0.8499268664476672,0.0,1.4422467231750489,7.954677679149269,0.15648562610149383
5.2619999999996425,0.6736150383747256,0.03351147515051785,0.6747922898489763,-0.2289172385972266,0.0,0.032533412267356204,0.26891209877399563,0.073617917173589,0.3718314160819295,0.8499268185594244,0.0,1.4422467231750489,7.954677679149269,0.15648562610149383
5.271999999999641,0.6739672710671973,0.03641215233675041,0.6760405821171671,-0.22947057368946586,0.0,0.031980077175116944,0.2687907818916919,0.0737267839071761,0.37083322099829896,0.8499267715142165,0.0,1.4422467231750489,7.954677679149269,0.15648562610149383
5.28199999999964,0.6743401301466871,0.03739595392015637,0.6772362534729711,-0.22893444612301683,0.0,0.03251620474156597,0.2686681839032292,0.07387069276698974,0.37110739233382384,0.8499267241564572,0.0,1.4422467231750489,7.954677679149269,0.15648562610149383
5.291999999999639,0.6747278339674985,0.03999033044355636,0.6784159757769079,-0.2293424257901908,0.0,0.03210822507439201,0.2685443599676102,0.07401276097916487,0.3697839383712195,0.8499266770788846,0.0,1.4422467231750489,7.954677679149269,0.15648562610149383
5.301999999999638,0.6751644602482202,0.049143040771458014,0.6797214007763247,-0.2293205918013526,0.0,0.03213005906323019,0.26841935915459614,0.07415201046726849,0.36880723571066887,0.849926630465284,0.0,0.9165878295898438,7.954677679149269,0.17459899485111235
5.311999999999637,0.6757743428101489,0.06706639030378947,0.681400193108799,-0.228382274741379,0.0,0.03306837612320379,0.2682932164672274,0.07427316525902788,0.36884507594449545,0.8499265827415308,0.0,0.9165878295898438,7.954677679149269,0.17459899485111235
5.321999999999636,0.6764906596477968,0.07353344520556054,0.6828425501073092,-0.22710832238990597,0.0,0.03434232847467683,0.2681659361480156,0.07436238515049126,0.36906359890278007,0.8499265332214374,0.0,0.9165878295898438,7.954677679149269,0.17459899485111235
5.331999999999635,0.6772228618928949,0.07263958169354164,0.684016850971015,-0.22546673568711478,0.0,0.03598391517746802,0.268037502381641,0.07440696652776098,0.3695682221084693,0.8499264814476224,0.0,0.9165878295898438,7.954677679149269,0.17459899485111235
5.341999999999634,0.6779360508963779,0.06990952942968146,0.6849835154049482,-0.22408827684175373,0.0,0.037362374022829076,0.2679078974456693,0.07438649184269176,0.36949460868459205,0.8499264279573715,0.0,0.9165878295898438,7.954677679149269,0.17459899485111235
5.351999999999633,0.6786123252230626,0.06745350625373628,0.6857727319527082,-0.22278273243930694,0.0,0.038667918425275866,0.2677771095354345,0.07438511931499124,0.3692456525810196,0.8499263723200348,0.0,0.6200359821319581,7.954677679149269,0.17745301723480222
5.3619999999996315,0.6793071795995472,0.06970175804477119,0.686557595749353,-0.2215868008676579,0.0,0.03986384999692491,0.26764513416015134,0.07438411956262399,0.3688057087095272,0.8499263149443823,0.0,0.6200359821319581,7.954677679149269,0.17745301723480222
5.37199999999963,0.6799771258537609,0.06413787672993487,0.6869778446756025,-0.2198727849115361,0.0,0.04157786595304669,0.26751196688433587,0.0744458563810694,0.369141916660508,0.8499262552244964,0.0,0.6200359821319581,7.954677679149269,0.17745301723480222
5.381999999999629,0.6805320342616857,0.04944896059256524,0.68691046438037,-0.2176310406660032,0.0,0.043819610198579606,0.267377610096029,0.07455425994645783,0.37036565903264607,0.8499261920718693,0.0,0.6200359821319581,7.954677679149269,0.17745301723480222
5.391999999999628,0.6809579507047838,0.0381150590505119,0.686616950607434,-0.2164379206257524,0.0,0.0450127302388304,0.26724208816843936,0.07462241413144802,0.37023944091244754,0.8499261272012093,0.0,0.6200359821319581,7.954677679149269,0.17745301723480222
5.401999999999627,0.6812707733782736,0.02728555996887004,0.6860771814978388,-0.2152609640356421,0.0,0.0461896868289407,0.2671054496287963,0.07472438295138079,0.37031459670144584,0.8499260602308406,0.0,0.7226633310317996,7.954677679149269,0.17042512893676756
5.411999999999626,0.6815237068022747,0.024371796452401888,0.6855392929903544,-0.2150680883164346,0.0,0.04638256254814821,0.26696776190080695,0.07484951340502774,0.36928930882797895,0.8499259925024528,0.0,0.7226633310317996,7.954677679149269,0.17042512893676756
5.421999999999625,0.6817620832614005,0.023918982069355034,0.6849533428136954,-0.21461104292383196,0.0,0.046839607940750844,0.2668291008568834,0.07497216119055089,0.36890319442043873,0.849925924106459,0.0,0.7226633310317996,7.954677679149269,0.17042512893676756
5.431999999999624,0.6819921464785706,0.02209121060022662,0.6842721276046023,-0.21364156542913715,0.0,0.04780908543544565,0.2666895414013205,0.07509237556567154,0.3695283159825701,0.8499258546190569,0.0,0.7226633310317996,7.954677679149269,0.17042512893676756
5.441999999999623,0.6821973940372957,0.01937471507142824,0.6835131977127613,-0.21301298627494356,0.0,0.048437664589639245,0.2665491562297381,0.07521020481080636,0.3699892295944138,0.8499257841415893,0.0,0.7226633310317996,7.954677679149269,0.17042512893676756
5.451999999999622,0.6823777918592084,0.018720748325546342,0.6827738723295087,-0.21273985320599742,0.0,0.04871079765858538,0.26640801853268986,0.07532569624845767,0.3702747717849957,0.8499257130156699,0.0,1.0944660663604737,7.954677679149269,0.15803749859333038
5.4619999999996205,0.6825972297735002,0.02373380099928487,0.6822546976328803,-0.21264462080413202,0.0,0.048806030060450784,0.2662662006108641,0.07543889626221917,0.3706151772924111,0.8499256416511665,0.0,1.0944660663604737,7.954677679149269,0.15803749859333038
5.471999999999619,0.6828640816543022,0.028475057718478462,0.6818177417599318,-0.2133885766379115,0.0,0.0480620742266713,0.26612376426549866,0.07554985031540441,0.3700643741004612,0.8499255711112415,0.0,1.0944660663604737,7.954677679149269,0.15803749859333038
5.481999999999618,0.6831739925275869,0.03246876100823984,0.6814691791457436,-0.21395437774994636,0.0,0.047496273114636445,0.26598075844815505,0.07565860296930578,0.37003000858635793,0.8499255015156651,0.0,1.0944660663604737,7.954677679149269,0.15803749859333038
5.491999999999617,0.6834982382784652,0.032422627946507125,0.6811360296816051,-0.2140897721577045,0.0,0.0473608787068783,0.2658372213866969,0.07576519790109112,0.3708427895287776,0.8499254319578404,0.0,1.0944660663604737,7.954677679149269,0.15803749859333038
5.501999999999616,0.683819715095642,0.032438313295754875,0.6808963014199171,-0.21496020944684896,0.0,0.04649044141773384,0.2656931861612775,0.07586967792134543,0.3708429407889573,0.8499253633186321,0.0,1.5069599866867067,7.954677679149269,0.15862972140312195
5.511999999999615,0.6841455176349597,0.03225498399742847,0.6807721762619342,-0.21547228467051607,0.0,0.04597836619406673,0.26554868409193755,0.0759720849912643,0.37152373128994765,0.8499252956118029,0.0,1.5069599866867067,7.954677679149269,0.15862972140312195
5.521999999999614,0.684465972697751,0.0319132277113365,0.6807458691101824,-0.21675668064154635,0.0,0.04469397022303645,0.2654037444553932,0.07607246023950644,0.3712636731118273,0.8499252295870232,0.0,1.5069599866867067,7.954677679149269,0.15862972140312195
5.531999999999613,0.6847757302313862,0.030652971329350222,0.6808063057800715,-0.21802645924797764,0.0,0.04342419161660516,0.26525839586740674,0.07617084397871167,0.37112613141931927,0.8499251650936925,0.0,1.5069599866867067,7.954677679149269,0.15862972140312195
5.541999999999612,0.6850766422636886,0.02973794498470784,0.6809808518676836,-0.219289705049486,0.0,0.0421609458150968,0.265112667223591,0.0762672757216913,0.37105936489197233,0.8499251026620739,0.0,1.5069599866867067,7.954677679149269,0.15862972140312195
5.551999999999611,0.6853653190700345,0.027992341440396043,0.6812450198316095,-0.22048425895471682,0.0,0.04096639190986598,0.2649665876419156,0.07636179419729724,0.3711089500325563,0.8499250420517053,0.0,1.7309411644935608,7.954677679149269,0.16125065982341766
5.5619999999996095,0.6856266073678088,0.024761504886865703,0.6815621743943685,-0.22159876219469649,0.0,0.039851888669886315,0.264820187198102,0.07645443736597621,0.3712517932652719,0.8499249831967794,0.0,1.7309411644935608,7.954677679149269,0.16125065982341766
5.571999999999608,0.6858487949771186,0.020335778232226723,0.6819327679534664,-0.2223529897219364,0.0,0.0390976611426464,0.2646734994082208,0.07654524243501547,0.3718415022595233,0.8499249255821415,0.0,1.7309411644935608,7.954677679149269,0.16125065982341766
5.581999999999607,0.6860200086681932,0.015175655204758588,0.6823477005613676,-0.2233965081828201,0.0,0.03805414268176269,0.2645265634515982,0.07663424587348586,0.37192930328109675,0.8499248690444968,0.0,1.7309411644935608,7.954677679149269,0.16125065982341766
5.591999999999606,0.6861449485800187,0.010500519541730043,0.682822592565943,-0.22381172739098415,0.0,0.03763892347359865,0.2643794256382646,0.07672148342688864,0.37276338349064486,0.8499248139269177,0.0,1.7309411644935608,7.954677679149269,0.16125065982341766
5.601999999999605,0.6862227281983743,0.005967317346566511,0.6833405774085233,-0.2246590824141107,0.0,0.0367915684504721,0.26423213851821353,0.07680699013151145,0.3728259657508538,0.849924759910772,0.0,1.7315212845802308,7.954677679149269,0.16273233890533448
5.611999999999604,0.6862565580071214,0.0018990322760625497,0.6838973544950053,-0.2256564734465489,0.0,0.035794177418033896,0.2640847602567885,0.07689080032849961,0.37248294435052076,0.8499247069304992,0.0,1.7315212845802308,7.954677679149269,0.16273233890533448
5.621999999999603,0.6862625836839984,-0.00022030324100998783,0.6845174855902343,-0.22653679346351915,0.0,0.03491385740106365,0.26393735344093544,0.0769729476776482,0.3720845751514714,0.849924655504815,0.0,1.7315212845802308,7.954677679149269,0.16273233890533448
5.631999999999602,0.6862495871843266,-0.001682233185000201,0.6851726332210377,-0.2273035108101372,0.0,0.03414714005444561,0.2637899820596353,0.07705346517092045,0.3716079060296127,0.8499246050822126,0.0,1.7315212845802308,7.954677679149269,0.16273233890533448
5.641999999999601,0.6862122916703397,-0.0050453136062013,0.6858005738223939,-0.22680892891647142,0.0,0.03464172194811138,0.2636427095473161,0.07713238514569797,0.37264672884127414,0.8499245544109835,0.0,1.7315212845802308,7.954677679149269,0.16273233890533448
5.6519999999996,0.686154767314737,-0.005480422826703753,0.6864783550488074,-0.2272629824693476,0.0,0.03418766839523521,0.26349559951104223,0.07720973929776805,0.3720992700804403,0.8499245043965468,0.0,1.3857195615768434,7.954677679149269,0.16051251590251922
5.6619999999995985,0.6861159073035731,-0.0031021186089373945,0.6872537699576173,-0.22702315317609983,0.0,0.034427497688482966,0.263348714353067,0.07728555869405333,0.3722541532831478,0.8499244542116431,0.0,1.3857195615768434,7.954677679149269,0.16051251590251922
5.671999999999597,0.6860908949331148,-0.0021056749863537783,0.6879902801233314,-0.22691622744895765,0.0,0.034534423415625154,0.2632021093443538,0.07735987378508886,0.3719531539248394,0.8499244037494693,0.0,1.3857195615768434,7.954677679149269,0.16051251590251922
5.681999999999596,0.6860773803314627,-0.00047477179423993654,0.6887031344005022,-0.22709315848642872,0.0,0.03435749237815408,0.26305583287153106,0.07743271441725164,0.37099749877758004,0.8499243532405537,0.0,1.3857195615768434,7.954677679149269,0.16051251590251922
5.691999999999595,0.6860754725584285,-0.000159446598836481,0.6893418782643312,-0.2259245867304039,0.0,0.035526064134178914,0.2629099273791683,0.07750410984474745,0.37168699765821656,0.8499243018521123,0.0,1.3857195615768434,7.954677679149269,0.16051251590251922
5.701999999999594,0.6860653700968741,-0.0009590872813427728,0.6898899809854498,-0.22437503482771745,0.0,0.03707561603686535,0.2627644302218085,0.07757408874136001,0.37269535149787625,0.8499242485556019,0.0,0.9250272750854491,7.954677679149269,0.17355214655399323
5.711999999999593,0.6860655993612749,0.0004758566742729675,0.690439277113355,-0.22338845058272758,0.0,0.038062200281855224,0.2626193766061129,0.07764267921196676,0.37271696033660373,0.849924193294566,0.0,0.9250272750854491,7.954677679149269,0.17355214655399323
5.721999999999592,0.6860749111226341,0.0011170469020518187,0.6908690916119342,-0.2225748047176738,0.0,0.038875846146909004,0.2624747975220519,0.07770990880382651,0.37232660253790073,0.8499241369743292,0.0,0.9250272750854491,7.954677679149269,0.17355214655399323
5.731999999999591,0.6861023776641227,0.0038485666511859154,0.6912356044482126,-0.22220109676068012,0.0,0.039249554103902684,0.26233071934193797,0.07777580451764281,0.37119150056618766,0.8499240801559641,0.0,0.9250272750854491,7.954677679149269,0.17355214655399323
5.74199999999959,0.6861433848233837,0.003833144903140663,0.6914333004081105,-0.22101665639147772,0.0,0.040433994473105084,0.2621871627850107,0.07784039281840802,0.37110619533137634,0.8499240216543642,0.0,0.9250272750854491,7.954677679149269,0.17355214655399323
5.7519999999995886,0.6861836150733125,0.004019396106368263,0.6915019118374183,-0.22004496167957813,0.0,0.041405689185004674,0.26204414421737343,0.07790369964603214,0.37068521233603724,0.8499239618207096,0.0,0.7257036209106449,7.954677679149269,0.16894885003566742
5.7619999999995875,0.6862104801757364,0.0014977174970240772,0.6913658205746216,-0.21857551132773462,0.0,0.042875139536848184,0.26190167856624463,0.07796575042576079,0.370970909453498,0.8499239000871353,0.0,0.7257036209106449,7.954677679149269,0.16894885003566742
5.771999999999586,0.6861946398072558,-0.003755844625794036,0.6909938794602335,-0.21718839160407075,0.0,0.044262259260512055,0.26175978206719447,0.07802657007838648,0.37120253863130404,0.8499238362443008,0.0,0.7257036209106449,7.954677679149269,0.16894885003566742
5.781999999999585,0.6861269597244244,-0.009277242268702739,0.6904362054926372,-0.21586695227504005,0.0,0.045583698589542754,0.26161847715597597,0.07808618303025731,0.37145208443408007,0.8499237706194842,0.0,0.7257036209106449,7.954677679149269,0.16894885003566742
5.791999999999584,0.6860123743418701,-0.011978726732375829,0.6897749666882701,-0.21579807435924264,0.0,0.04565257650534016,0.2614777942663193,0.07814461322308695,0.37010151205518305,0.8499237038267078,0.0,0.7257036209106449,7.954677679149269,0.16894885003566742
5.801999999999583,0.6858939095227943,-0.011332587937528706,0.6890885074036213,-0.21497918711208241,0.0,0.046471463752500386,0.26133776943564946,0.07820188412357026,0.36998748278071225,0.8499236363442823,0.0,0.8337060928344728,7.954677679149269,0.16546700298786163
5.811999999999582,0.6857886191054919,-0.009671308636629433,0.6883781197747032,-0.21426889034994878,0.0,0.04718176051463402,0.26119843694332295,0.07825801873280788,0.3699318338632981,0.8499235676013353,0.0,0.8337060928344728,7.954677679149269,0.16546700298786163
5.821999999999581,0.6856993320710489,-0.00887166471238033,0.6876124844022896,-0.21349307045055857,0.0,0.04795758041402423,0.2610598256108484,0.07831303959554385,0.37019798807153503,0.8499234979830951,0.0,0.8337060928344728,7.954677679149269,0.16546700298786163
5.83199999999958,0.6856100777614106,-0.008862036802110076,0.6867953676035248,-0.21302183782195439,0.0,0.048428813042628416,0.2609219589418259,0.07836696880922016,0.3702856753445227,0.849923427493476,0.0,0.8337060928344728,7.954677679149269,0.16546700298786163
5.841999999999579,0.6855176460249331,-0.008766387700194327,0.6859612864401613,-0.21302718221690853,0.0,0.04842346864767427,0.26078485791652756,0.07841982803285141,0.3699643087609966,0.8499233564506993,0.0,0.8337060928344728,7.954677679149269,0.16546700298786163
5.8519999999995775,0.6854455057640939,-0.004785968934746879,0.6852400866249646,-0.21332607819987373,0.0,0.04812457266470907,0.2606485414459689,0.07847163849572353,0.36949116431680507,0.8499232857595039,0.0,1.1424506425857546,7.954677679149269,0.15633966028690338
5.861999999999576,0.6854377356247744,0.0008879970953782484,0.6846820323443004,-0.2126204117644778,0.0,0.048830239100105005,0.2605130218227739,0.07852242100591982,0.3706649220355107,0.849923214727407,0.0,1.1424506425857546,7.954677679149269,0.15633966028690338
5.871999999999575,0.6854665793111009,0.004276296988437421,0.6841565738348803,-0.2132178196754099,0.0,0.0482328311891729,0.260378298940211,0.07857219595867795,0.3702376085379121,0.8499231438717273,0.0,1.1424506425857546,7.954677679149269,0.15633966028690338
5.881999999999574,0.6855318569925695,0.008067429153589024,0.6837280965444017,-0.21405681518625186,0.0,0.04739383567833094,0.2602443640387016,0.07862098334458106,0.3696799249163585,0.8499230740849668,0.0,1.1424506425857546,7.954677679149269,0.15633966028690338
5.891999999999573,0.6856200701572327,0.008917672453443402,0.6833344993551959,-0.21399736050935414,0.0,0.04745329035522866,0.2601112013308385,0.07866880275758634,0.3705675676373722,0.8499230045745728,0.0,1.1424506425857546,7.954677679149269,0.15633966028690338
5.901999999999572,0.6857077846678238,0.008974861538230648,0.6830073317398984,-0.21446297041373846,0.0,0.04698768045084434,0.25997879114175565,0.07871567340289432,0.3708835407010068,0.8499229355890042,0.0,1.4700619459152222,7.954677679149269,0.1580202430486679
5.911999999999571,0.6858094405327452,0.010922440183596185,0.6828265180988711,-0.21548364300681994,0.0,0.045967007857762865,0.2598471137891795,0.0787616141046621,0.37055327960171847,0.8499228679303278,0.0,1.4700619459152222,7.954677679149269,0.1580202430486679
5.92199999999957,0.6859179015674554,0.010916455070470593,0.6827058706590677,-0.2163662786738492,0.0,0.04508437219073361,0.2597161479605267,0.07880664331356355,0.37051461781270434,0.8499228012330187,0.0,1.4700619459152222,7.954677679149269,0.1580202430486679
5.931999999999569,0.6860255227216316,0.010409215226792404,0.6826674868190307,-0.21698230191651113,0.0,0.04446834894807167,0.259585871619809,0.07885077911419928,0.3709160914149794,0.8499227359111915,0.0,1.4700619459152222,7.954677679149269,0.1580202430486679
5.941999999999568,0.686126788497412,0.010236103496572696,0.6827226775954929,-0.21855421978549056,0.0,0.042896431079092245,0.2594562638436601,0.07889403923235995,0.3700134028867178,0.8499226721948859,0.0,1.4700619459152222,7.954677679149269,0.1580202430486679
5.9519999999995665,0.6862364118111861,0.01133075617718634,0.6828993716373818,-0.21986140739865143,0.0,0.041589243465931375,0.25932730522100317,0.07893644104214514,0.3694825596106782,0.84992261071221,0.0,1.679592275619507,7.954677679149269,0.15393340587615967
5.961999999999565,0.6863561604434268,0.012340164096263928,0.6831651171769594,-0.2212452919948878,0.0,0.04020535886969501,0.25919897571657163,0.07897800157294127,0.36881538117814205,0.8499225514160957,0.0,1.679592275619507,7.954677679149269,0.15393340587615967
5.971999999999564,0.6864759775264356,0.01149269869374879,0.6834838381261883,-0.22205265247561481,0.0,0.039397998388967986,0.2590712541734771,0.07901873751626083,0.36889731184100094,0.8499224932959252,0.0,1.679592275619507,7.954677679149269,0.15393340587615967
5.981999999999563,0.686582657190231,0.010034350464748279,0.6838583226873006,-0.22292743186826813,0.0,0.03852321899631467,0.25894412032048847,0.07905866523244602,0.3687974005196176,0.8499224364294975,0.0,1.679592275619507,7.954677679149269,0.15393340587615967
5.991999999999562,0.6866633401283342,0.006692103736117769,0.6842486259114211,-0.22309216385785474,0.0,0.03835848700672806,0.25881755729006917,0.07909780075723943,0.3695767873038992,0.84992238005176,0.0,1.679592275619507,7.954677679149269,0.15393340587615967
6.001999999999561,0.6867141199041926,0.004463057465152118,0.6846924606811763,-0.22417668330155668,0.0,0.03727396756302612,0.2586915537159018,0.07913615980822426,0.36892880674640216,0.8499223248558274,0.0,1.6281978249549867,7.954677679149269,0.15889644026756286
6.01199999999956,0.6867559544568334,0.003887986554772932,0.685210495649204,-0.22490184964582516,0.0,0.03654880121875764,0.2585661037385888,0.07917375779113679,0.3686231180921773,0.8499222710877926,0.0,1.6281978249549867,7.954677679149269,0.15889644026756286
6.021999999999559,0.6867970424021842,0.004252991302020233,0.6857827924864548,-0.22578724313967793,0.0,0.035663407724904866,0.2584412034236123,0.07921060980605374,0.3679154386291268,0.8499222186037266,0.0,1.6281978249549867,7.954677679149269,0.15889644026756286
6.031999999999558,0.6868416367372729,0.00456184101184625,0.6863841081089657,-0.2261606682024456,0.0,0.035289982662137204,0.25831684875330313,0.07924673065345658,0.367735038080949,0.8499221669444834,0.0,1.6281978249549867,7.954677679149269,0.15889644026756286
6.041999999999557,0.6868841830983423,0.0041323666830593575,0.6869850512698129,-0.22648729509049456,0.0,0.03496335577408824,0.2581930348846394,0.0792821348401758,0.3674230283444496,0.849922115558089,0.0,1.6281978249549867,7.954677679149269,0.15889644026756286
6.0519999999995555,0.6869216133350953,0.003939694770169026,0.6875959408990571,-0.22599115756802632,0.0,0.03545949329655648,0.25806975711300145,0.07931683658521708,0.3680624890076051,0.8499220640781224,0.0,1.287440609931946,7.954677679149269,0.15851486921310423
6.061999999999554,0.6869748219657422,0.0061041139250627915,0.6882864950008517,-0.22589825764214444,0.0,0.03555239322243836,0.2579470110699053,0.07935084982547203,0.36792878673473306,0.8499220122276357,0.0,1.287440609931946,7.954677679149269,0.15851486921310423
6.071999999999553,0.6870397001407722,0.0069480064973431385,0.6889356952636811,-0.22603042636174245,0.0,0.03542022450284035,0.2578247896771292,0.07938418822131535,0.3672722579298465,0.8499219600673537,0.0,1.287440609931946,7.954677679149269,0.15851486921310423
6.081999999999552,0.6871143218846171,0.007579658328105317,0.6895476368880258,-0.22538086069486224,0.0,0.03606979016972056,0.25770308332153996,0.07941686516209122,0.36751479986386715,0.8499219076438534,0.0,1.287440609931946,7.954677679149269,0.15851486921310423
6.091999999999551,0.687184351605145,0.0062396082588060675,0.6900643156156131,-0.22445382868281413,0.0,0.03699682218176867,0.2575818809424106,0.07944889377149063,0.36796754755505,0.849921854054853,0.0,1.287440609931946,7.954677679149269,0.15851486921310423
6.10199999999955,0.6872459911316106,0.006826072426031025,0.6905497308773946,-0.22397348169934167,0.0,0.03747716916524113,0.25746117251895756,0.07948028691282222,0.36763786802229115,0.8499217997621084,0.0,0.9418093681335451,7.954677679149269,0.16928600370883942
6.111999999999549,0.6873377880066391,0.01076388289286169,0.6910808553952392,-0.22368670425406825,0.0,0.03776394661051455,0.2573409490106108,0.07951105719417832,0.36689548501296787,0.8499217447091679,0.0,0.9418093681335451,7.954677679149269,0.16928600370883942
6.121999999999548,0.6874579107343723,0.012437609532927295,0.6915059419924892,-0.22271079025287627,0.0,0.038739860611706534,0.2572211964064917,0.0795412169734987,0.3669999200850088,0.8499216887191867,0.0,0.9418093681335451,7.954677679149269,0.16928600370883942
6.131999999999547,0.6875828743562671,0.012308430778346091,0.6918027795388374,-0.22192812610907198,0.0,0.039522524755510824,0.2571018959951289,0.07957077836353367,0.3667504265838488,0.8499216314902212,0.0,0.9418093681335451,7.954677679149269,0.16928600370883942
6.141999999999546,0.6877003594133742,0.011200651567270896,0.6919709798966608,-0.22101710433717156,0.0,0.04043354652741124,0.2569830287487183,0.07959975323670886,0.36663335663357866,0.8499215729585806,0.0,0.9418093681335451,7.954677679149269,0.16928600370883942
6.1519999999995445,0.6877997046358331,0.00881503166687888,0.6919926009822,-0.21980898672387028,0.0,0.04164166414071252,0.256864577926954,0.0796281532298934,0.36692177670665893,0.8499215128856703,0.0,0.7899712800979617,7.954677679149269,0.1655575543642044
6.161999999999543,0.6878526600238568,0.0030261189199690813,0.6917926496878244,-0.21858758692245764,0.0,0.04286306394212516,0.2567465314157003,0.0796559897490735,0.3672571819623114,0.8499214506741183,0.0,0.7899712800979617,7.954677679149269,0.1655575543642044
6.171999999999542,0.6878557593698263,-0.0017132974090058178,0.6914618886749396,-0.21760367740186579,0.0,0.043846973462717015,0.25662888599232336,0.07968327397393328,0.3673268250619395,0.849921387137571,0.0,0.7899712800979617,7.954677679149269,0.1655575543642044
6.181999999999541,0.6878296168589048,-0.00287982461782358,0.691082531308812,-0.217286728030475,0.0,0.044163922834107805,0.25651164778214847,0.07971001686234484,0.3665626187815878,0.8499213229838143,0.0,0.7899712800979617,7.954677679149269,0.1655575543642044
6.19199999999954,0.687803329429263,-0.0027127095456437947,0.6906519752910109,-0.21674444451491345,0.0,0.04470620634966935,0.2563948274506511,0.07973622915476908,0.3662409131819929,0.8499212581737542,0.0,0.7899712800979617,7.954677679149269,0.1655575543642044
6.201999999999539,0.6877685641460067,-0.0037845574931034964,0.6901243386108593,-0.21607867215634152,0.0,0.04537197870824128,0.25627843526949695,0.07976192137856927,0.36624522129499604,0.8499211921241393,0.0,0.8946834564208985,7.954677679149269,0.1621401071548462
6.211999999999538,0.6877412376014721,-0.0017724146834366059,0.6896262139362775,-0.21588136789958992,0.0,0.04556928296499288,0.2561624815646703,0.0797871038522391,0.3657646202465853,0.8499211256165625,0.0,0.8946834564208985,7.954677679149269,0.1621401071548462
6.221999999999537,0.6877147899419989,-0.0040292790278156215,0.6890093548560983,-0.21444397477109667,0.0,0.04700667609348613,0.25604697445087854,0.07981178668954675,0.36720386389307713,0.8499210576201283,0.0,0.8946834564208985,7.954677679149269,0.1621401071548462
6.231999999999536,0.687662463027595,-0.005480606062534775,0.6883603197691119,-0.21467045500064624,0.0,0.04678019586393656,0.25593192138793164,0.07983597980359677,0.36651094647206406,0.8499209889852184,0.0,0.8946834564208985,7.954677679149269,0.1621401071548462
6.241999999999535,0.6876066476644119,-0.005580996644415255,0.6877296462549208,-0.21430567884734875,0.0,0.047144972017234055,0.2558173329602843,0.07985969291081138,0.366846812473946,0.8499209202455417,0.0,0.8946834564208985,7.954677679149269,0.1621401071548462
6.2519999999995335,0.687550461728066,-0.0046890439679573084,0.6871351377712194,-0.21442808408994202,0.0,0.047022566774640784,0.2557032197244046,0.0798829355348328,0.3667007843393537,0.849920851313123,0.0,1.1528796195983888,7.954677679149269,0.15552477836608886
6.261999999999532,0.6875119781911617,-0.004150285827855815,0.6866062665505626,-0.21354490498656384,0.0,0.04790574587801896,0.25558959049175795,0.07990571701034808,0.3681483041600484,0.849920781494723,0.0,1.1528796195983888,7.954677679149269,0.15552477836608886
6.271999999999531,0.6874721377626793,-0.0034706499169642052,0.6861148790336948,-0.2141430499758209,0.0,0.0473076008887619,0.25547645070001984,0.07992804648683814,0.3676928492852417,0.8499207119351044,0.0,1.1528796195983888,7.954677679149269,0.15552477836608886
6.28199999999953,0.6874386907475184,-0.003473292768834714,0.6856648813779819,-0.21416993426242192,0.0,0.04728071660216088,0.2553638044718286,0.07994993293225232,0.368193365893281,0.849920642715978,0.0,1.1528796195983888,7.954677679149269,0.15552477836608886
6.291999999999529,0.687399741006153,-0.004433634431199283,0.6852492001484373,-0.21429423491323582,0.0,0.04715641595134698,0.2552516543129122,0.07997138513661016,0.3686958935492507,0.849920573756864,0.0,1.1528796195983888,7.954677679149269,0.15552477836608886
6.301999999999528,0.687357184149075,-0.003349218026236535,0.684936367225729,-0.2154603622239032,0.0,0.04599028864067961,0.2551400030549482,0.07999241171553155,0.36785693386516705,0.8499205058637178,0.0,1.4255185365676881,7.954677679149269,0.15592820942401886
6.311999999999527,0.6873477498025252,0.0008617454380242459,0.6847931145316599,-0.21693909774747228,0.0,0.044511553117110525,0.2550288527606425,0.08001302111369703,0.3666696254788818,0.8499204398284559,0.0,1.4255185365676881,7.954677679149269,0.15592820942401886
6.321999999999526,0.6873712552059317,0.002742126971257315,0.6847123491345762,-0.21706512883234616,0.0,0.04438552203223664,0.2549181990672382,0.08003322160823924,0.3674390513124949,0.8499203747848598,0.0,1.4255185365676881,7.954677679149269,0.15592820942401886
6.331999999999525,0.6873975504193792,0.0024475497660721157,0.6846704830460788,-0.21770073211690932,0.0,0.04374991874767348,0.25480803161750365,0.08005302131206726,0.3675325678477188,0.8499203103576571,0.0,1.4255185365676881,7.954677679149269,0.15592820942401886
6.341999999999524,0.6874290108245483,0.0038637433228761245,0.6847377061346414,-0.21923059167703154,0.0,0.042220059187551257,0.2546983391649634,0.08007242817712484,0.3663854381542543,0.849920247747636,0.0,1.4255185365676881,7.954677679149269,0.15592820942401886
6.3519999999995225,0.6874784471154791,0.005318289660184543,0.6848948366139204,-0.22000903653357667,0.0,0.04144161433100613,0.2545891095370611,0.08009144999758411,0.3662758685495493,0.8499201867429048,0.0,1.566144585609436,7.954677679149269,0.15201583206653593
6.361999999999521,0.6875362863139388,0.006319623702668795,0.6851165734462314,-0.22121740032397832,0.0,0.040233250540604476,0.2544803279424853,0.08011009441297583,0.36552602129462297,0.8499201272074426,0.0,1.566144585609436,7.954677679149269,0.15201583206653593
6.37199999999952,0.6876067516894523,0.007137148985932908,0.6854107438861607,-0.2217621922236572,0.0,0.0396884586409256,0.2543719781050492,0.0801283689112576,0.3656444215017377,0.8499200691187255,0.0,1.566144585609436,7.954677679149269,0.15201583206653593
6.381999999999519,0.6876672564033334,0.0051577644111970924,0.6857069610972457,-0.2218704586149268,0.0,0.039580192249656004,0.25426404256969926,0.08014628083182117,0.36629117662871946,0.8499200112048074,0.0,1.566144585609436,7.954677679149269,0.15201583206653593
6.391999999999518,0.6877046761920028,0.0025026669075133012,0.6860219364306437,-0.22214736058211998,0.0,0.03930329028246282,0.25415650632018977,0.08016383736844,0.3665985863217054,0.8499199537769677,0.0,1.566144585609436,7.954677679149269,0.15201583206653593
6.401999999999517,0.6877119107539291,-4.024218829262044e-05,0.6863557486808848,-0.222964947909211,0.0,0.03848570295537179,0.25404935949567,0.0801810455721586,0.36602782543871804,0.849919896766128,0.0,1.4838120937347412,7.954677679149269,0.15738780498504637
6.411999999999516,0.6877055916646901,-0.0013503129842658973,0.6867374198008173,-0.22305588258465694,0.0,0.038394768279925856,0.2539425978216049,0.08019791235412418,0.3663374394882475,0.8499198405071084,0.0,1.4838120937347412,7.954677679149269,0.15738780498504637
6.421999999999515,0.6876767007936803,-0.0040055250969317155,0.6870997190442584,-0.22295633750738045,0.0,0.03849431335720235,0.2538362202051329,0.08021444448836242,0.36676470728144805,0.8499197840855015,0.0,1.4838120937347412,7.954677679149269,0.15738780498504637
6.431999999999514,0.687623066526079,-0.006430555280698136,0.6874570500928003,-0.2227732158445959,0.0,0.03867743501998691,0.2537302294339467,0.08023064861449793,0.36715208486770645,0.8499197277458955,0.0,1.4838120937347412,7.954677679149269,0.15738780498504637
6.441999999999513,0.6875400605468737,-0.008920527436321116,0.6877892667298007,-0.22306308421278162,0.0,0.03838756665180118,0.25362463273047064,0.08024653124042097,0.366716218088431,0.849919671128451,0.0,1.4838120937347412,7.954677679149269,0.15738780498504637
6.4519999999995115,0.6874515111154803,-0.008571965611683247,0.6881620668134075,-0.22298185267720544,0.0,0.03846879818737736,0.25351944146376754,0.08026209874490114,0.3666389369880122,0.8499196151343013,0.0,1.230267906188965,7.954677679149269,0.15918551087379454
6.46199999999951,0.6873767215183886,-0.007274428803489934,0.6885632211736595,-0.22277394766852807,0.0,0.038676703196054735,0.2534146670244509,0.08027735738014916,0.36657778306551925,0.8499195588699303,0.0,1.230267906188965,7.954677679149269,0.15918551087379454
6.471999999999509,0.6873024705860293,-0.007273742031266642,0.6889107888550136,-0.22258008970043822,0.0,0.038870561164144585,0.25331031768541273,0.08029231327432783,0.36634141596281244,0.8499195020078585,0.0,1.230267906188965,7.954677679149269,0.15918551087379454
6.481999999999508,0.6872344035643521,-0.006787609437455648,0.6892323983539992,-0.22196679651604562,0.0,0.039483854348537184,0.253206400125254,0.08030697243401336,0.3665489290379278,0.8499194449321024,0.0,1.230267906188965,7.954677679149269,0.15918551087379454
6.491999999999507,0.6871630785440632,-0.006817500013637373,0.6894914933515016,-0.22195392669206562,0.0,0.03949672417251718,0.2531029194110287,0.08032134074660761,0.3657883768913067,0.8499193870908902,0.0,1.230267906188965,7.954677679149269,0.15918551087379454
6.501999999999506,0.6871012736249225,-0.005870349880044909,0.689722808472335,-0.22132740960516237,0.0,0.040123241259420434,0.2529998798248801,0.08033542398270264,0.3657779792061958,0.849919328826983,0.0,0.9787828445434572,7.954677679149269,0.16514428853988647
6.511999999999505,0.6870622035379406,-0.002692154627676434,0.6899640160613227,-0.22117651563044244,0.0,0.04027413523414036,0.25289728323940214,0.08034922779839829,0.36501082021379905,0.8499192702465318,0.0,0.9787828445434572,7.954677679149269,0.16514428853988647
6.521999999999504,0.6870437354107243,-0.0015551067083889591,0.6901141668787962,-0.2204501570317337,0.0,0.041000493832849094,0.2527951268366274,0.08036275773757376,0.3649805157645062,0.8499192107209637,0.0,0.9787828445434572,7.954677679149269,0.16514428853988647
6.531999999999503,0.6870193112880715,-0.003405452042408441,0.690124168233077,-0.2192859157998685,0.0,0.0421647350647143,0.25269340387374706,0.08037601923411411,0.36552204545239464,0.8499191496366445,0.0,0.9787828445434572,7.954677679149269,0.16514428853988647
6.5419999999995015,0.6869796059421157,-0.0038455621522489464,0.6900681401330819,-0.219033946883858,0.0,0.04241670398072481,0.25259210865944043,0.08038901761409271,0.36477356140084194,0.8499190877831545,0.0,0.9787828445434572,7.954677679149269,0.16514428853988647
6.5519999999995004,0.6869335327204998,-0.0053295493093047375,0.6899085243678392,-0.2179482801694494,0.0,0.04350237069513341,0.2524912380248057,0.08040175809791021,0.365205767121614,0.8499190247524381,0.0,0.8846358299255375,7.954677679149269,0.16080880165100098
6.561999999999499,0.6868573108603815,-0.009320803300311847,0.6895905656020213,-0.21686484421561134,0.0,0.044585806648971466,0.2523907904389278,0.08041424580239113,0.36567738674606876,0.8499189601066808,0.0,0.8846358299255375,7.954677679149269,0.16080880165100098
6.571999999999498,0.6867478794541688,-0.01179926015591054,0.6891987772477409,-0.2164048427656652,0.0,0.04504580809891759,0.2522907696179137,0.08042648574283902,0.36534621070710327,0.8499188945321282,0.0,0.8846358299255375,7.954677679149269,0.16080880165100098
6.581999999999497,0.686616372508898,-0.013974207111627258,0.6887289605026358,-0.21557095175746321,0.0,0.04587969910711959,0.2521911848619747,0.0804384828350505,0.36563107198299816,0.849918827953847,0.0,0.8846358299255375,7.954677679149269,0.16080880165100098
6.591999999999496,0.686471432371949,-0.015002762036972657,0.6882160859244887,-0.21511747130945935,0.0,0.04633317955512345,0.2520920486881005,0.08045024189728972,0.3654959017488639,0.8499187607041457,0.0,0.8846358299255375,7.954677679149269,0.16080880165100098
6.601999999999495,0.686307840738907,-0.017138369778346707,0.6876235655941769,-0.2143476125962591,0.0,0.04710303826832371,0.2519933752513692,0.08046176765222335,0.3659332130342601,0.8499186922340384,0.0,0.9912338972091677,7.954677679149269,0.1585800915956497
6.611999999999494,0.6861407270568642,-0.015609013412389017,0.6870810938389397,-0.21465400680125346,0.0,0.04679664406332934,0.2518951806400491,0.08047306472881736,0.3650029942129537,0.8499186234745465,0.0,0.9912338972091677,7.954677679149269,0.1585800915956497
6.621999999999493,0.6860014571148689,-0.012251773796349494,0.6865846463783054,-0.21500514324855555,0.0,0.046445507616027254,0.2517974797290946,0.08048413766419606,0.3641536273294157,0.8499185550054157,0.0,0.9912338972091677,7.954677679149269,0.1585800915956497
6.631999999999492,0.6859124919712235,-0.007164726546645371,0.6861666838871066,-0.21473886178412188,0.0,0.04671178908046092,0.25170028054498045,0.08049499090546433,0.36431512211834416,0.8499184872344905,0.0,0.9912338972091677,7.954677679149269,0.1585800915956497
6.6419999999994905,0.685855870874739,-0.0047011254416346945,0.6857357588375045,-0.21484983519300288,0.0,0.04660081567157992,0.25160358119119447,0.08050562881149363,0.36409576298090107,0.8499184191145852,0.0,0.9912338972091677,7.954677679149269,0.1585800915956497
6.651999999999489,0.6858222460143406,-0.0018289247316616297,0.6853535862486015,-0.21533977894539624,0.0,0.04611087191918656,0.25150737286068636,0.08051605565467267,0.3634908492895975,0.8499183512383809,0.0,1.1742851495742799,7.954677679149269,0.15551214516162873
6.661999999999488,0.6858402091433058,0.004373428742821851,0.6851210719823445,-0.2162960224124278,0.0,0.04515462845215501,0.25141164168224095,0.0805262756226232,0.3623673535750931,0.8499182845764796,0.0,1.1742851495742799,7.954677679149269,0.15551214516162873
6.671999999999487,0.6859156434606468,0.009216997124117908,0.6849525587576536,-0.2163949062404931,0.0,0.045055744624089705,0.25131636470148355,0.08053629281988188,0.36256626504640865,0.8499182187007449,0.0,1.1742851495742799,7.954677679149269,0.15551214516162873
6.681999999999486,0.6860299060958175,0.01257624638607499,0.6848346056791174,-0.21679040153109985,0.0,0.04466024933348295,0.25122150931123394,0.08054611126954875,0.36246038773757494,0.8499181534500734,0.0,1.1742851495742799,7.954677679149269,0.15551214516162873
6.691999999999485,0.6861774164489381,0.016049139357041282,0.6847975322407125,-0.21755167881488732,0.0,0.04389897204969548,0.25112703693502564,0.08055573491490296,0.36193846179938083,0.849918089269148,0.0,1.1742851495742799,7.954677679149269,0.15551214516162873
6.701999999999484,0.6863408442813372,0.015841336391320994,0.6847601442067072,-0.21736378658782304,0.0,0.04408686427675976,0.25103290488131935,0.08056516762098653,0.36282487593908097,0.8499180250514367,0.0,1.3457101345062257,7.954677679149269,0.15365543067455292
6.711999999999483,0.6864844713088075,0.012973299485245955,0.6847109333412076,-0.21725643058196517,0.0,0.04419422028261763,0.250939070287806,0.08057441317615653,0.3636601604559342,0.8499179605717765,0.0,1.3457101345062257,7.954677679149269,0.15365543067455292
6.721999999999482,0.686587151124899,0.008953647999045827,0.6846581105808184,-0.21777702628108045,0.0,0.04367362458350235,0.25084549663640393,0.08058347529360663,0.3636582427260695,0.8499178960074074,0.0,1.3457101345062257,7.954677679149269,0.15365543067455292
6.731999999999481,0.6866706442944773,0.008232626691802997,0.6847027829949578,-0.21877452964169503,0.0,0.042676121222887775,0.25075215671999684,0.08059235761285834,0.36301006417664117,0.8499178329709113,0.0,1.3457101345062257,7.954677679149269,0.15365543067455292
6.7419999999994795,0.6867607692635768,0.009661081328340981,0.6848495063138068,-0.2198813895555144,0.0,0.041569261309068406,0.2506590286823267,0.08060106370122277,0.36220965035712027,0.8499177715805041,0.0,1.3457101345062257,7.954677679149269,0.15365543067455292
6.751999999999478,0.6868608465395192,0.009999437558293536,0.6850418496971716,-0.2202636654592031,0.0,0.04118698540537971,0.25056609097641075,0.0806095970552333,0.362404497831168,0.84991771103403,0.0,1.4456995725631714,7.954677679149269,0.152336186170578
6.761999999999477,0.6869580405430376,0.009559594706561036,0.6852669051186295,-0.22091247639037884,0.0,0.040538174474203964,0.250473321694215,0.08061796110204984,0.3621887296000328,0.8499176513134347,0.0,1.4456995725631714,7.954677679149269,0.152336186170578
6.771999999999476,0.687056653855847,0.009705892134773651,0.6855517584911817,-0.221220960456591,0.0,0.04022969040799179,0.25038070044115857,0.08062615920083524,0.36239466750384164,0.8499175927215834,0.0,1.4456995725631714,7.954677679149269,0.152336186170578
6.781999999999475,0.6871412342806409,0.007378214576061505,0.6858240625864708,-0.2212523956233063,0.0,0.04019825524127649,0.250288208201315,0.08063419464410444,0.3629172427330388,0.8499175340483108,0.0,1.4456995725631714,7.954677679149269,0.152336186170578
6.791999999999474,0.6871998445618606,0.005320933944203722,0.6861140875928604,-0.22189466069457536,0.0,0.03955599017000744,0.2501958297969727,0.08064207065904677,0.3624983397056566,0.8499174758010751,0.0,1.4456995725631714,7.954677679149269,0.152336186170578
6.801999999999473,0.6872498235820085,0.004679322055931891,0.6864523373711853,-0.22241015619226132,0.0,0.039040494672321485,0.2501035553546796,0.08064979040882209,0.3621581003740746,0.8499174184560767,0.0,1.375679612159729,7.954677679149269,0.15494186282157899
6.811999999999472,0.6872933230072806,0.004306838909512965,0.6868168697678864,-0.22273655518280833,0.0,0.038714095681774474,0.2500113776689804,0.08065735699383107,0.3619727084824478,0.8499173614777794,0.0,1.375679612159729,7.954677679149269,0.15494186282157899
6.821999999999471,0.6873203553286431,0.0013418023036811458,0.687135634537825,-0.22194016743447295,0.0,0.03951048343010985,0.24991929128925724,0.08066477345296055,0.36324132964811906,0.849917303927871,0.0,1.375679612159729,7.954677679149269,0.15494186282157899
6.83199999999947,0.6873137779086913,-0.001861762307523232,0.687425139596379,-0.22199741194442926,0.0,0.03945323892015354,0.24982729441958784,0.08067204276480384,0.36319230399833013,0.8499172460482526,0.0,1.375679612159729,7.954677679149269,0.15494186282157899
6.8419999999994685,0.6872847393216251,-0.003619884261238729,0.6877171452013272,-0.22197096239340938,0.0,0.03947968847117342,0.24973539134092781,0.08067916784885712,0.36313613246477394,0.8499171883445062,0.0,1.375679612159729,7.954677679149269,0.15494186282157899
6.851999999999467,0.6872458942163293,-0.0037198828008178086,0.6880218642816605,-0.2220690165046014,0.0,0.039381634359981404,0.2496435903876778,0.08068615156669183,0.3627827461383024,0.8499171308345709,0.0,1.188212871551514,7.954677679149269,0.1581291228532791
6.861999999999466,0.6872159358270259,-0.0023016870449475355,0.6883546550643228,-0.22221035560177468,0.0,0.03924029526280812,0.2495519009476571,0.08069299672310405,0.3622475513211161,0.8499170733407698,0.0,1.188212871551514,7.954677679149269,0.1581291228532791
6.871999999999465,0.6871990505149864,-0.0013999655974674535,0.6886636743813046,-0.22204988581262217,0.0,0.039400765051960634,0.24946033012759053,0.08069970606724092,0.3620195123183958,0.8499170156694067,0.0,1.188212871551514,7.954677679149269,0.1581291228532791
6.881999999999464,0.6871909967250083,-0.000951684307874158,0.6889382492915004,-0.22127060079792824,0.0,0.040180050066654566,0.24936888204180158,0.0807062822937047,0.36255328577687496,0.8499169576592189,0.0,1.188212871551514,7.954677679149269,0.1581291228532791
6.891999999999463,0.687167913632195,-0.0036191738723686043,0.6890993599186949,-0.2201419426437321,0.0,0.0413087082208507,0.24927755912274327,0.08071272804363508,0.36348538641211314,0.8499168981794792,0.0,1.188212871551514,7.954677679149269,0.1581291228532791
6.901999999999462,0.6870968721138195,-0.009455644624976021,0.6891077771843755,-0.21895885870000556,0.0,0.04249179216457724,0.24918636656397072,0.0807190459057698,0.3644190608579322,0.8499168366396413,0.0,1.009624004364014,7.954677679149269,0.16097188889980316
6.911999999999461,0.686961530492331,-0.016540218457238194,0.6889738866055874,-0.2176450803025424,0.0,0.0438055705620404,0.24909531804980864,0.08072523841748441,0.36547917626079285,0.8499167733654613,0.0,1.009624004364014,7.954677679149269,0.16097188889980316
6.92199999999946,0.6867583174133322,-0.022703808670873973,0.6887326373234354,-0.2167840920084057,0.0,0.0446665588561771,0.24900443867108835,0.08073130806581133,0.3658689219550594,0.849916708738456,0.0,1.009624004364014,7.954677679149269,0.16097188889980316
6.931999999999459,0.6864907337464339,-0.029448184657287352,0.6883584510191854,-0.21578137675368858,0.0,0.04566927411089422,0.24891376469217477,0.08073725728843861,0.3664404255396314,0.8499166424057665,0.0,1.009624004364014,7.954677679149269,0.16097188889980316
6.9419999999994575,0.6861644036569089,-0.03466098421495926,0.6878984506747774,-0.2148698315158359,0.0,0.04658081934874689,0.2488233422204301,0.08074308847468908,0.36688769131566557,0.8499165748684832,0.0,1.009624004364014,7.954677679149269,0.16097188889980316
6.951999999999456,0.6857957008667989,-0.03810278634418414,0.6873761942399377,-0.21440736698507967,0.0,0.04704328387950313,0.24873322530640554,0.08074880396647985,0.3667282270057619,0.8499165063836431,0.0,0.9980908632278442,7.954677679149269,0.15666746199131013
6.961999999999455,0.6854045824241819,-0.03985755547449444,0.6868132969740547,-0.21384419127249993,0.0,0.04760645959208287,0.24864347216895535,0.08075440605926289,0.3667492027268976,0.8499164372305693,0.0,0.9980908632278442,7.954677679149269,0.15666746199131013
6.971999999999454,0.6849956617540337,-0.04139122477955087,0.6861922067610039,-0.2134276751502147,0.0,0.04802297571436809,0.24855414143575166,0.08075989700294692,0.36662080551230536,0.8499163671238296,0.0,0.9980908632278442,7.954677679149269,0.15666746199131013
6.981999999999453,0.6845765955410233,-0.04208685593189328,0.685538302953409,-0.21291439771596243,0.0,0.04853625314862037,0.24846529074418308,0.08076527900280109,0.3666983747581496,0.8499162963385591,0.0,0.9980908632278442,7.954677679149269,0.15666746199131013
6.991999999999452,0.6841521651798289,-0.043032272199340464,0.6848421833265048,-0.21193536111680755,0.0,0.04951528974777525,0.24837697542733828,0.08077055422034055,0.3675108174823615,0.8499162247510116,0.0,0.9980908632278442,7.954677679149269,0.15666746199131013
7.001999999999451,0.6836967485387898,-0.046465528442695726,0.6840453658036009,-0.21123529520734435,0.0,0.05021535565723845,0.2482892482788807,0.08077572477419462,0.36802709999714234,0.8499161514576398,0.0,1.1042763710021974,7.954677679149269,0.15612874925136566
7.01199999999945,0.6832405144659974,-0.0447230716737676,0.6833441913286884,-0.21142696770466526,0.0,0.05002368315991754,0.24820216280856314,0.0807807927409577,0.3673925352517856,0.849916078239432,0.0,1.1042763710021974,7.954677679149269,0.15612874925136566
7.021999999999449,0.6828040153700612,-0.04283719051858311,0.682656466753237,-0.21141209727662447,0.0,0.050038553587958334,0.2481157688143142,0.08078576015602318,0.3671453658704841,0.8499160048724638,0.0,1.1042763710021974,7.954677679149269,0.15612874925136566
7.031999999999448,0.6823975457012239,-0.039334987203816334,0.6820273491857116,-0.2115249947327668,0.0,0.04992565613181599,0.2480301083185043,0.08079062901440096,0.366819399107284,0.8499159319537647,0.0,1.1042763710021974,7.954677679149269,0.15612874925136566
7.0419999999994465,0.6820233410426069,-0.03631255497344669,0.6814270442517412,-0.211571074170275,0.0,0.049879576694307814,0.24794521420833737,0.0807954012715187,0.3666863532716296,0.8499158591199234,0.0,1.1042763710021974,7.954677679149269,0.15612874925136566
7.051999999999445,0.681662117612006,-0.03587682416659847,0.68080726579409,-0.2110028817383699,0.0,0.050447769126212905,0.24786111048110918,0.0808000788440071,0.36751037359490923,0.8499157855646856,0.0,1.2438631772994997,7.954677679149269,0.15421589612960815
7.061999999999444,0.6813078826150466,-0.03574788708196955,0.6802226305171175,-0.21039734964148754,0.0,0.05105330122309526,0.24777781589849107,0.08080466361046965,0.36847504793667674,0.8499157114172077,0.0,1.2438631772994997,7.954677679149269,0.15421589612960815
7.071999999999443,0.6809448051378787,-0.03660802869841738,0.6796345234051202,-0.21067803546045588,0.0,0.05077261540412692,0.24769534628340253,0.08080915741223718,0.368277814959717,0.8499156369430804,0.0,1.2438631772994997,7.954677679149269,0.15421589612960815
7.081999999999442,0.6805730173246655,-0.03772502031071639,0.6790612612473245,-0.21048444311138664,0.0,0.05096620775319616,0.24761371688878725,0.08081356205410736,0.3688145014369516,0.8499155624153407,0.0,1.2438631772994997,7.954677679149269,0.15421589612960815
7.091999999999441,0.6801898340412049,-0.03848626906443296,0.6785154771407425,-0.21075764708575376,0.0,0.05069300377882904,0.24753294305142923,0.08081787930506952,0.36875712521944637,0.8499154880233164,0.0,1.2438631772994997,7.954677679149269,0.15421589612960815
7.10199999999944,0.6798084662426855,-0.037437208195590516,0.6780425895480116,-0.2110987567972186,0.0,0.050351894067364206,0.24745304019004283,0.08082211089901506,0.36865206651401194,0.8499154143045318,0.0,1.390819811820984,7.954677679149269,0.15349005460739135
7.111999999999439,0.6794414224391391,-0.03664363428154335,0.6776279445349341,-0.2109871292484622,0.0,0.05046352161612061,0.2473740213892666,0.0808262585354339,0.3692121916635045,0.849915340660953,0.0,1.390819811820984,7.954677679149269,0.15349005460739135
7.121999999999438,0.6790704115493538,-0.03726871146353741,0.6772220095280937,-0.21117521417977805,0.0,0.05027543668480475,0.24729589593364615,0.08083032388009702,0.36936901552552404,0.8499152669653585,0.0,1.390819811820984,7.954677679149269,0.15349005460739135
7.131999999999437,0.6787002375331475,-0.03667494937001272,0.6768755313247485,-0.2117882275542615,0.0,0.04966242331032131,0.24721867193650343,0.0808343085657254,0.3689340176235827,0.8499151940585347,0.0,1.390819811820984,7.954677679149269,0.15349005460739135
7.1419999999994355,0.6783400004161926,-0.03538131702483533,0.6765872470034495,-0.21252994913018405,0.0,0.04892070173439875,0.2471423559190409,0.08083821419264581,0.36830897348106406,0.8499151219476946,0.0,1.390819811820984,7.954677679149269,0.15349005460739135
7.151999999999434,0.6779960606465659,-0.033735169408214034,0.6763558724850919,-0.21290516151442865,0.0,0.04854548935015415,0.24706695119045213,0.08084204232943351,0.36817480742054276,0.8499150506132249,0.0,1.4481178522109985,7.954677679149269,0.15243134200572966
7.161999999999433,0.6776719649058073,-0.03161322170880908,0.6761854365419575,-0.21347300040588765,0.0,0.04797765045869515,0.24699245687132867,0.08084579451354222,0.36773667345384864,0.8499149800868613,0.0,1.4481178522109985,7.954677679149269,0.15243134200572966
7.171999999999432,0.6773632615001245,-0.03056399104050568,0.676039270314931,-0.21365720075040542,0.0,0.04779345011417738,0.24691886758692388,0.08084947225192164,0.36779062748630653,0.8499149098978255,0.0,1.4481178522109985,7.954677679149269,0.15243134200572966
7.181999999999431,0.677052431739251,-0.03182892224325683,0.6758755471976935,-0.213033710377279,0.0,0.0484169404873038,0.24684617470131162,0.08085307702162255,0.3689209565651881,0.8499148393421624,0.0,1.4481178522109985,7.954677679149269,0.15243134200572966
7.19199999999943,0.67672920593685,-0.03271900565320236,0.6757266420395763,-0.21327094900482957,0.0,0.04817970185975323,0.24677436967242597,0.08085661027039015,0.36878354998622664,0.8499147689623853,0.0,1.4481178522109985,7.954677679149269,0.15243134200572966
7.201999999999429,0.6763985763024923,-0.03338804508666582,0.675589480075161,-0.2134524931053798,0.0,0.04799815775920299,0.2467034458540732,0.08086007341724544,0.3686548704065704,0.8499146987337185,0.0,1.388895034790039,7.954677679149269,0.15442295372486115
7.211999999999428,0.6760646757334593,-0.033454789876638524,0.675468588087043,-0.2134759473037084,0.0,0.04797470356087441,0.24663339770511802,0.08086346785305513,0.3686738654131091,0.8499146287842894,0.0,1.388895034790039,7.954677679149269,0.15442295372486115
7.221999999999427,0.675724209855464,-0.03440011634227823,0.6753310422160795,-0.21340202407193787,0.0,0.04804862679264493,0.24656422002004189,0.08086679494109027,0.36875286693854925,0.8499145585050234,0.0,1.388895034790039,7.954677679149269,0.15442295372486115
7.2319999999994256,0.6753778455833035,-0.034572847052109085,0.6752009594235101,-0.21366662092976593,0.0,0.04778402993481687,0.24649590828692766,0.0808700560175737,0.36828049858904177,0.8499144882834665,0.0,1.388895034790039,7.954677679149269,0.15442295372486115
7.2419999999994245,0.6750395185130111,-0.033855356348267036,0.675088333496531,-0.21317533447202108,0.0,0.04827531639256172,0.2464284583663358,0.0808732523922168,0.36878986467551245,0.8499144182918082,0.0,1.388895034790039,7.954677679149269,0.15442295372486115
7.251999999999423,0.6747002375725012,-0.03350385063720981,0.6749568248539322,-0.213643629441169,0.0,0.04780702142341381,0.2463618646615309,0.08087638534874536,0.3678821406257621,0.849914347966044,0.0,1.2618412256240845,7.954677679149269,0.15534467697143553
7.261999999999422,0.6743650586282259,-0.033724694053416035,0.6747997043616971,-0.21306659810261358,0.0,0.04838405276196922,0.24629612084754055,0.08087945614541531,0.36836959156170346,0.8499142773623827,0.0,1.2618412256240845,7.954677679149269,0.15534467697143553
7.271999999999421,0.6740308338797811,-0.03274411918973048,0.6746445647308668,-0.21349630677351308,0.0,0.04795434409106972,0.2462312197446,0.08088246601551798,0.3673862902077245,0.8499142067114208,0.0,1.2618412256240845,7.954677679149269,0.15534467697143553
7.28199999999942,0.6737174133881241,-0.030318677991221857,0.6745113584575211,-0.2134168898016059,0.0,0.04803376106297691,0.24616715319650478,0.08088541616787531,0.36706202030120993,0.8499141363177035,0.0,1.2618412256240845,7.954677679149269,0.15534467697143553
7.291999999999419,0.6734403339434197,-0.025942551646171604,0.6744210442274072,-0.21373413057939447,0.0,0.04771652028518833,0.24610390892745243,0.08088830778732557,0.3661377455447272,0.8499140665026433,0.0,1.2618412256240845,7.954677679149269,0.15534467697143553
7.301999999999418,0.673198922178621,-0.023264775397173823,0.6743038900833065,-0.21340118498161198,0.0,0.04804946588297082,0.2460414678537223,0.080891142035199,0.3660894203256265,0.8499139962833664,0.0,1.1407937288284302,7.954677679149269,0.15640971064567566
7.311999999999417,0.6729771344017321,-0.021730219615656576,0.6741495148751281,-0.21281147851921456,0.0,0.04863917234536824,0.24597980480503975,0.08089392004978431,0.3663785336665232,0.8499139256357836,0.0,1.1407937288284302,7.954677679149269,0.15640971064567566
7.321999999999416,0.6727489130907176,-0.023453263694713303,0.6738944051086543,-0.21221085280487814,0.0,0.04923979805970466,0.24591889196306305,0.08089664294678589,0.3666739227361029,0.84991385355305,0.0,1.1407937288284302,7.954677679149269,0.15640971064567566
7.3319999999994145,0.6725223052886742,-0.022299075451959714,0.6736604935897539,-0.2119587541967527,0.0,0.049491896667830104,0.24585870327643544,0.08089931181977178,0.36648446400474133,0.8499137816384799,0.0,1.1407937288284302,7.954677679149269,0.15640971064567566
7.341999999999413,0.672303029183914,-0.021895166178844197,0.6733874856545515,-0.21173949429705904,0.0,0.04971115656752376,0.24579921364369578,0.08090192774061296,0.36626338843918693,0.8499137090868866,0.0,1.1407937288284302,7.954677679149269,0.15640971064567566
7.351999999999412,0.6720942782213577,-0.020326526419924343,0.6731154537426056,-0.21171752508991787,0.0,0.04973312577466493,0.24574039755134355,0.08090449175991381,0.3657917003726431,0.8499136364422831,0.0,1.1075154304504395,7.954677679149269,0.15512345731258392
7.361999999999411,0.671887053742911,-0.021490141576896785,0.6727640030764866,-0.21062210075843668,0.0,0.05082855010614612,0.24568222878077478,0.08090700490743404,0.36685943992141745,0.849913562714624,0.0,1.1075154304504395,7.954677679149269,0.15512345731258392
7.37199999999941,0.671669668470048,-0.021618792715840177,0.6723967523979512,-0.21084710481802785,0.0,0.050603546046554954,0.2456246820847758,0.08090946819250228,0.36612573555434547,0.8499134886110169,0.0,1.1075154304504395,7.954677679149269,0.15512345731258392
7.381999999999409,0.6714721525593527,-0.018814923744567627,0.6720836501119077,-0.21102722301286195,0.0,0.05042342785172085,0.24556773449533034,0.08091188260442139,0.36550917624213586,0.8499134150500076,0.0,1.1075154304504395,7.954677679149269,0.15512345731258392
7.391999999999408,0.6712964186037406,-0.016715129687147785,0.6717631461600555,-0.2109378203471603,0.0,0.0505128305174225,0.24551136083936484,0.08091424911286589,0.3653304653999878,0.849913341244292,0.0,1.1075154304504395,7.954677679149269,0.15512345731258392
7.401999999999407,0.671141370652414,-0.014484476108813336,0.6714551315896529,-0.21105992544877336,0.0,0.05039072541580944,0.24545553280373336,0.08091656866827131,0.3649212737147717,0.8499132674146785,0.0,1.164988708496094,7.954677679149269,0.15369169414043427
7.411999999999406,0.6710047693311563,-0.01295015044393364,0.671149403633879,-0.21092686392393353,0.0,0.05052378694064927,0.24540021946466395,0.08091884220221596,0.36493743255353506,0.8499131933044657,0.0,1.164988708496094,7.954677679149269,0.15369169414043427
7.421999999999405,0.670890579562322,-0.010644403409523426,0.6708784218314691,-0.21081382153446251,0.0,0.050636829330120287,0.24534538780471649,0.080921070627795,0.3649947473182269,0.8499131195335247,0.0,1.164988708496094,7.954677679149269,0.15369169414043427
7.4319999999994035,0.6707835629632916,-0.01074045490337839,0.6705734131164258,-0.21070401776855324,0.0,0.05074663309602956,0.24529100265244885,0.08092325483998719,0.36511694250281024,0.8499130451661054,0.0,1.164988708496094,7.954677679149269,0.15369169414043427
7.441999999999402,0.670678190171137,-0.011031340448990068,0.6702743145913607,-0.2101412294627913,0.0,0.05130942140179151,0.24523702908077097,0.0809253957160144,0.36594128668472714,0.8499129707415943,0.0,1.164988708496094,7.954677679149269,0.15369169414043427
7.451999999999401,0.6705627395122181,-0.011749043384704817,0.6699712783095328,-0.21032037040634222,0.0,0.051130280458240585,0.2451834341814891,0.0809274941156938,0.36579180557481517,0.849912896045262,0.0,1.277319884300232,7.954677679149269,0.15269999206066132
7.4619999999994,0.6704365738821152,-0.013584308556219282,0.6696604204814406,-0.20980375095700374,0.0,0.051646899907579064,0.24513018846653756,0.08092955088178329,0.36667459762561105,0.8499128207688954,0.0,1.277319884300232,7.954677679149269,0.15269999206066132
7.471999999999399,0.6702884781059878,-0.015554608783197553,0.6693457439927912,-0.20986712333884758,0.0,0.05158352752573522,0.24507726656583412,0.08093156684031984,0.3667962501471057,0.8499127452875499,0.0,1.277319884300232,7.954677679149269,0.15269999206066132
7.481999999999398,0.6701325704026853,-0.015051285415790261,0.6690909395390878,-0.21058986996203963,0.0,0.05086078090254317,0.24502464840026902,0.0809335428009514,0.36603785900055774,0.8499126705616978,0.0,1.277319884300232,7.954677679149269,0.15269999206066132
7.491999999999397,0.6699835023171922,-0.014929582620752321,0.6688615175483644,-0.21043347677188126,0.0,0.05101717409270154,0.2449723163590185,0.08093547955726194,0.36654458948110635,0.8499125961049345,0.0,1.277319884300232,7.954677679149269,0.15269999206066132
7.501999999999396,0.6698328136298728,-0.014983361755786448,0.6686554941470622,-0.21074519817493859,0.0,0.050705452689644215,0.24492025285810926,0.08093737788709023,0.36642118168632476,0.8499125218468846,0.0,1.3870950937271118,7.954677679149269,0.15107342898845671
7.511999999999395,0.6696747076736924,-0.01652738430414462,0.6684479596795959,-0.2104412546609019,0.0,0.05100939620368089,0.2448684414679347,0.08093923855284223,0.3671741709192671,0.8499124472530595,0.0,1.3870950937271118,7.954677679149269,0.15107342898845671
7.521999999999394,0.6695043847044988,-0.017247769211331532,0.6682709199202278,-0.2108167975215839,0.0,0.050633853342998913,0.24481686815431256,0.08094106230179725,0.36697969450761936,0.849912373061267,0.0,1.3870950937271118,7.954677679149269,0.15107342898845671
7.5319999999993925,0.6693221047257423,-0.01922622689866805,0.6680877980814417,-0.21045466626370538,0.0,0.050995984600877425,0.2447655218737626,0.08094284986640815,0.3678119082052361,0.8499122986902189,0.0,1.3870950937271118,7.954677679149269,0.15107342898845671
7.541999999999391,0.669118774144501,-0.02077517185257796,0.6679183760859742,-0.21095592190057585,0.0,0.050494728964006946,0.24471439470097572,0.08094460196459541,0.3674195247707518,0.8499122244553946,0.0,1.3870950937271118,7.954677679149269,0.15107342898845671
7.55199999999939,0.668907457753501,-0.021484531292160006,0.6677808078404106,-0.2111002762718137,0.0,0.05035037459276909,0.24466348265160692,0.08094631930003553,0.3675017086697161,0.8499121506548062,0.0,1.4278590440750123,7.954677679149269,0.15179800987243652
7.561999999999389,0.6686870842821168,-0.022465911698080036,0.6676529977251173,-0.2109857701512579,0.0,0.05046488071332489,0.24461278372539716,0.08094800256244362,0.36791250273292386,0.8499120769008507,0.0,1.4278590440750123,7.954677679149269,0.15179800987243652
7.571999999999388,0.6684660192626868,-0.021505158016980365,0.6675773459873384,-0.21174924972292652,0.0,0.049701401141656276,0.24456229751496703,0.0809496524278504,0.36705266444162965,0.8499120039653798,0.0,1.4278590440750123,7.954677679149269,0.15179800987243652
7.581999999999387,0.6682495678067635,-0.021811739158404675,0.6674998958578282,-0.21152808506698786,0.0,0.04992256579759494,0.24451202353519366,0.08095126955887372,0.36752378717767464,0.849911930967239,0.0,1.4278590440750123,7.954677679149269,0.15179800987243652
7.591999999999386,0.6680284312742782,-0.022362819104347446,0.6674259071740389,-0.2115755222014853,0.0,0.04987512866309751,0.2444619604926301,0.08095285460498462,0.36756617706395633,0.8499118579916309,0.0,1.4278590440750123,7.954677679149269,0.15179800987243652
7.601999999999385,0.667805579077181,-0.022467564840884975,0.6673660979608081,-0.21156365485444265,0.0,0.049886996010140155,0.2444121077175062,0.08095440820276828,0.3676351140899248,0.8499117852308902,0.0,1.3747279882431032,7.954677679149269,0.15249327421188355
7.611999999999384,0.667573049545522,-0.023706276602950688,0.6672808584714016,-0.21146369439767743,0.0,0.049986956466905375,0.24436246501189282,0.0809559309761796,0.36776865849970186,0.8499117120559575,0.0,1.3747279882431032,7.954677679149269,0.15249327421188355
7.621999999999383,0.6673238942825663,-0.025327534348175418,0.6671731770025143,-0.21124072151629497,0.0,0.05020992934828783,0.24431303384544265,0.0809574235367938,0.36801466730849375,0.8499116384749551,0.0,1.3747279882431032,7.954677679149269,0.15249327421188355
7.6319999999993815,0.667069747674718,-0.025719802777329423,0.6670783919618269,-0.21096376631846053,0.0,0.05048688454612227,0.2442638182256889,0.08095888648405208,0.36827682397918027,0.8499115650566048,0.0,1.3747279882431032,7.954677679149269,0.15249327421188355
7.64199999999938,0.666808187223639,-0.026181408308780137,0.6669674596600159,-0.2110939652926347,0.0,0.05035668557194811,0.24421482309349726,0.08096032040550236,0.3679113817510763,0.8499114913290748,0.0,1.3747279882431032,7.954677679149269,0.15249327421188355
7.651999999999379,0.6665537874204626,-0.024711150763217192,0.6668852973026574,-0.21134097022060952,0.0,0.05010968064397328,0.24416605390408036,0.08096172587703519,0.36732808532442685,0.8499114180367568,0.0,1.2768317222595216,7.954677679149269,0.15372173488140106
7.661999999999378,0.6663127677250025,-0.023620572271051098,0.6667925526344394,-0.21121521481417252,0.0,0.05023543605041028,0.2441175143300773,0.0809631034631151,0.3672175128576648,0.849911344622081,0.0,1.2768317222595216,7.954677679149269,0.15372173488140106
7.671999999999377,0.6660832329490295,-0.02252291035946541,0.6666926410185885,-0.21112795657420105,0.0,0.05032269429038175,0.24406920505169688,0.08096445371700729,0.36701014220758865,0.8499112710565924,0.0,1.2768317222595216,7.954677679149269,0.15372173488140106
7.681999999999376,0.6658660690660978,-0.021130967773077235,0.6665889685181458,-0.21122735198590395,0.0,0.05022329887867885,0.24402112427393852,0.08096577718099983,0.3665055388622266,0.8499111973874343,0.0,1.2768317222595216,7.954677679149269,0.15372173488140106
7.691999999999375,0.6656654858187789,-0.020082810275423406,0.6664721420815182,-0.21034959202264536,0.0,0.05110105884193744,0.24397326759704632,0.08096707438662144,0.36734082474731455,0.8499111234754095,0.0,1.2768317222595216,7.954677679149269,0.15372173488140106
7.701999999999374,0.6654588145547444,-0.02114613615580331,0.666286055517078,-0.20993803669346472,0.0,0.051512614171118076,0.24392562817490981,0.08096834585485495,0.36750398766393677,0.8499110485032432,0.0,1.1908157348632813,7.954677679149269,0.1543698102235794
7.711999999999373,0.6652482467732219,-0.020964345405498526,0.6660903012564703,-0.20999674325824433,0.0,0.05145390760633847,0.24387820005481076,0.08096959209634659,0.3669989389790317,0.8499109734501039,0.0,1.1908157348632813,7.954677679149269,0.1543698102235794
7.721999999999372,0.6650379707651888,-0.021066771610880365,0.665863975240344,-0.209740980460892,0.0,0.05170967040369079,0.24383097824750455,0.08097081361161104,0.3669336807480523,0.84991089787478,0.0,1.1908157348632813,7.954677679149269,0.1543698102235794
7.7319999999993705,0.6648223040010084,-0.02204907663578854,0.6655912128485005,-0.20894209371058817,0.0,0.052508557153994634,0.24378395801195374,0.08097201089123243,0.3676373948167765,0.8499108215398582,0.0,1.1908157348632813,7.954677679149269,0.1543698102235794
7.741999999999369,0.66459283601314,-0.023660768609149417,0.6652695939317632,-0.20838985359857795,0.0,0.05306079726600485,0.24373713590672064,0.08097318441606141,0.36801323068683234,0.8499107443884484,0.0,1.1908157348632813,7.954677679149269,0.1543698102235794
7.751999999999368,0.66435933023792,-0.022868601884701474,0.6649661642962782,-0.20869328593406422,0.0,0.05275736493051858,0.24369051096757335,0.08097433465740825,0.3672164797177482,0.8499106673477101,0.0,1.1815052747726442,7.954677679149269,0.15311391055583953
7.761999999999367,0.6641257100216751,-0.02392523591339922,0.6646089721910958,-0.2079202863073388,0.0,0.053530364557244,0.24364408292197187,0.08097546207723207,0.36795920407286586,0.8499105894426847,0.0,1.1815052747726442,7.954677679149269,0.15311391055583953
7.771999999999366,0.6638792267884539,-0.025337296043178095,0.6642161149062885,-0.20727762619668932,0.0,0.05417302466789348,0.24359785168196232,0.08097656712832649,0.3685588056801191,0.8499105108717423,0.0,1.1815052747726442,7.954677679149269,0.15311391055583953
7.781999999999365,0.663606953763035,-0.028655966104831378,0.6637496737496174,-0.20657057654994904,0.0,0.054880074314633764,0.24355181954571867,0.08097765025450133,0.3692934301127653,0.8499104310879817,0.0,1.1815052747726442,7.954677679149269,0.15311391055583953
7.791999999999364,0.6632953919625696,-0.03279655438336113,0.6632198909447571,-0.20586450806725098,0.0,0.05558614279733182,0.24350599349426272,0.08097871189076108,0.37007596806246223,0.849910350199253,0.0,1.1815052747726442,7.954677679149269,0.15311391055583953
7.801999999999363,0.6629476933725322,-0.03594993483930966,0.6626691088387893,-0.20540544119223086,0.0,0.05604520967235194,0.2434603872491767,0.08097975246347935,0.3705645943692647,0.8499102686704036,0.0,1.2585432529449463,7.954677679149269,0.15253150463104248
7.811999999999362,0.6625743600437154,-0.038007024951896076,0.6621197031932113,-0.2051561690163613,0.0,0.0562944818482215,0.24341502037306986,0.08098077239057025,0.3708102046351033,0.8499101865068474,0.0,1.2585432529449463,7.954677679149269,0.15253150463104248
7.821999999999361,0.6621913530403414,-0.038152663293842225,0.6615978506834231,-0.20530954126520087,0.0,0.05614110959938193,0.24336991578295644,0.0809817720816562,0.37054091514138543,0.8499101044970673,0.0,1.2585432529449463,7.954677679149269,0.15253150463104248
7.8319999999993595,0.661805934987862,-0.03889862097429444,0.6610688526293534,-0.20503892666697496,0.0,0.05641172419760784,0.24332509657333953,0.0809827519382325,0.3709123814281253,0.849910022140562,0.0,1.2585432529449463,7.954677679149269,0.15253150463104248
7.841999999999358,0.6614180223945371,-0.038743549403519144,0.6605628314682123,-0.2051138713047746,0.0,0.0563367795598082,0.24328058466595862,0.08098371235382847,0.37084468388565883,0.8499099398795382,0.0,1.2585432529449463,7.954677679149269,0.15253150463104248
7.851999999999357,0.6610302262925087,-0.03847149215635906,0.6600733673140514,-0.20503515146612236,0.0,0.05641549939846044,0.24323640074647898,0.08098465371416556,0.37103301246974063,0.849909857512228,0.0,1.36576566696167,7.954677679149269,0.15085540115833282
7.861999999999356,0.6606586889528863,-0.03651281731468364,0.6596526786346288,-0.20540825842480023,0.0,0.05604239243978257,0.24319256338501052,0.08098557639731231,0.37062267615609135,0.8499097755329014,0.0,1.36576566696167,7.954677679149269,0.15085540115833282
7.871999999999355,0.6602955424342669,-0.03641748798426884,0.659223056214754,-0.20491944694505101,0.0,0.056531203919531786,0.24314908699094728,0.08098648077383609,0.37144630251496613,0.8499096932140507,0.0,1.36576566696167,7.954677679149269,0.15085540115833282
7.881999999999354,0.6599292548246349,-0.036515296831934885,0.6588042039958459,-0.20523710881186027,0.0,0.056213542052722526,0.24310598311532589,0.08098736720695202,0.37116242635035224,0.8499096108669083,0.0,1.36576566696167,7.954677679149269,0.15085540115833282
7.891999999999353,0.6595688941197838,-0.036026497464095725,0.6584195128123537,-0.20507840105738906,0.0,0.05637224980719374,0.243063262366539,0.08098823605266871,0.3715608329539438,0.849909528879566,0.0,1.36576566696167,7.954677679149269,0.15085540115833282
7.901999999999352,0.6592062716021668,-0.03596474775898525,0.6580449386372352,-0.2057447414471964,0.0,0.0557059094173864,0.243020933593265,0.08098908765993144,0.37081310638510645,0.8499094468157776,0.0,1.4428974390029907,7.954677679149269,0.1509282946586609
7.911999999999351,0.658860017377246,-0.033991179046954055,0.6577424379528644,-0.2058482878745404,0.0,0.0556023629900424,0.24297900447597082,0.08098992237076214,0.3708545619490137,0.8499093655298262,0.0,1.4428974390029907,7.954677679149269,0.1509282946586609
7.92199999999935,0.6585347280887985,-0.031502060611251353,0.6574863603785208,-0.20644480823989628,0.0,0.055005842624686524,0.24293747909622465,0.08099074052039681,0.3702002759890176,0.8499092848934923,0.0,1.4428974390029907,7.954677679149269,0.1509282946586609
7.9319999999993485,0.6582301539447247,-0.029944273405970237,0.6572504756366192,-0.20646121511406385,0.0,0.054989435750518956,0.2428963567866755,0.08099154243742016,0.37034693365559923,0.8499092044841543,0.0,1.4428974390029907,7.954677679149269,0.1509282946586609
7.941999999999347,0.6579393155931729,-0.028892864150169804,0.6570342044268197,-0.20631786345260278,0.0,0.05513278741198002,0.24285563266089452,0.08099232844389756,0.3707005930537689,0.8499091243008872,0.0,1.4428974390029907,7.954677679149269,0.1509282946586609
7.951999999999346,0.6576425725641712,-0.030268764642129957,0.6567843257279142,-0.20614404678718898,0.0,0.05530660407739382,0.24281529941222557,0.08099309885550442,0.37107503358920146,0.8499090434385573,0.0,1.4507454156875612,7.954677679149269,0.1509131133556366
7.961999999999345,0.6573268300373533,-0.03241258305165633,0.6565156334579211,-0.20579595606086376,0.0,0.05565469480371904,0.24277535086952298,0.0809938539816529,0.3716664618475758,0.8499089621186122,0.0,1.4507454156875612,7.954677679149269,0.1509131133556366
7.971999999999344,0.6569872316733654,-0.03510320912466277,0.6562249736426831,-0.20534620136878862,0.0,0.056104449495794184,0.24273578451902256,0.08099459412561628,0.372368744658939,0.8499088802978823,0.0,1.4507454156875612,7.954677679149269,0.1509131133556366
7.981999999999343,0.6566232031179828,-0.03677059061084689,0.6559366096892856,-0.2057054002904519,0.0,0.055745250574130906,0.24269660233835258,0.0809953195846507,0.3719032664651859,0.8499087983779777,0.0,1.4507454156875612,7.954677679149269,0.1509131133556366
7.991999999999342,0.6562613814111159,-0.03565655165990982,0.655703412044675,-0.2060178725110631,0.0,0.0554327783535197,0.2426578100382751,0.0809960306501145,0.3714655892014399,0.8499087172711235,0.0,1.4507454156875612,7.954677679149269,0.1509131133556366
8.001999999999342,0.6559051116166577,-0.03564028449931818,0.6554584762817688,-0.20573769561323504,0.0,0.05571295525134776,0.24261941263629458,0.08099672760758533,0.37181884689667877,0.8499086358791675,0.0,1.4111011505126954,7.954677679149269,0.151548171043396
8.011999999999345,0.6555478284489769,-0.035569087868400975,0.6552115270603689,-0.2059057657864088,0.0,0.05554488507817401,0.2425814134925734,0.08099741073697479,0.3715057234535506,0.8499085544287067,0.0,1.4111011505126954,7.954677679149269,0.151548171043396
8.021999999999348,0.6552064035700527,-0.03310894710165189,0.6550182067848972,-0.20650038743469828,0.0,0.054950263429884516,0.2425438151570822,0.08099808031264082,0.3705575179906926,0.8499084737583855,0.0,1.4111011505126954,7.954677679149269,0.151548171043396
8.031999999999352,0.654886855990984,-0.031581413647207776,0.6548238000831738,-0.20594563283797263,0.0,0.055505018026610176,0.24250661679020827,0.08099873660349798,0.3711824046312321,0.8499083929828182,0.0,1.4111011505126954,7.954677679149269,0.151548171043396
8.041999999999355,0.6545649827713774,-0.03249909711196871,0.654576600487798,-0.20557278253460481,0.0,0.05587786832997799,0.24246981357822356,0.08099937987312533,0.3715190306055256,0.8499083112342043,0.0,1.4111011505126954,7.954677679149269,0.151548171043396
8.051999999999358,0.6542396343729611,-0.032504344341182344,0.6543310493162139,-0.20544837993447654,0.0,0.05600227093010626,0.2424334006466037,0.08100001037987242,0.37147722574870823,0.8499082294397778,0.0,1.3420266389846802,7.954677679149269,0.1520580321550369
8.061999999999362,0.6539162229803189,-0.0318811845766891,0.6540833611548679,-0.20560799063928276,0.0,0.055842660225300045,0.24239737379875662,0.08100062837696292,0.37101186797108465,0.8499081476520538,0.0,1.3420266389846802,7.954677679149269,0.1520580321550369
8.071999999999365,0.6535981068840552,-0.03163762646029265,0.6538204881796469,-0.20531723350746026,0.0,0.056133417357122545,0.24236172833334796,0.08100123411259641,0.3711561297771113,0.8499080655093607,0.0,1.3420266389846802,7.954677679149269,0.1520580321550369
8.081999999999368,0.6532880387722598,-0.030544482935226935,0.653565649893559,-0.20516265621650726,0.0,0.056287994648075546,0.2423264585349208,0.08100182783004804,0.37109385775273673,0.849907983372089,0.0,1.3420266389846802,7.954677679149269,0.1520580321550369
8.091999999999372,0.6529875882696738,-0.029523674313328314,0.6533032825839064,-0.2051815152202842,0.0,0.05626913564429861,0.24229155724709592,0.08100240976776621,0.37077830776362874,0.8499079009960437,0.0,1.3420266389846802,7.954677679149269,0.1520580321550369
8.101999999999375,0.6526997554416754,-0.028202221792335107,0.6530418907045855,-0.20503973239295614,0.0,0.05641091847162666,0.24225701552928441,0.08100298015946837,0.370682842982722,0.8499078185437756,0.0,1.2942710399627686,7.954677679149269,0.15199443697929382
8.111999999999378,0.6524194735226841,-0.027964822457895305,0.6527501951832281,-0.20465948583414545,0.0,0.05679116503043735,0.24222282243223633,0.08100353923423484,0.3709228198615847,0.8499077356227328,0.0,1.2942710399627686,7.954677679149269,0.15199443697929382
8.121999999999382,0.652143930901784,-0.027143341767552932,0.6524580145563521,-0.2047073330854258,0.0,0.056743317779157004,0.2421889659258449,0.08100408721660084,0.3705711438426502,0.8499076525573614,0.0,1.2942710399627686,7.954677679149269,0.15199443697929382
8.131999999999385,0.6518858516766948,-0.02485935803039213,0.6521942911514056,-0.2050037921757051,0.0,0.056446858688877694,0.2421554333092607,0.0810046243266467,0.3698844126080363,0.8499075697920112,0.0,1.2942710399627686,7.954677679149269,0.15199443697929382
8.141999999999388,0.6516558099516153,-0.021615431822327898,0.6519614799637676,-0.20527609763349525,0.0,0.056174553231087554,0.24212220915223762,0.08100515078008615,0.36924958753732706,0.8499074873767307,0.0,1.2942710399627686,7.954677679149269,0.15199443697929382
8.151999999999392,0.6514719613784489,-0.016237895613174444,0.651799552648105,-0.20582568580005456,0.0,0.05562496506452824,0.24208927316727655,0.08100566678835314,0.3682493883984521,0.8499074059406816,0.0,1.2904241561889649,7.954677679149269,0.15096940398216246
8.161999999999395,0.6513337944152547,-0.012547807966951062,0.6516412705728764,-0.2056410306899727,0.0,0.05580962017461011,0.24205659751692132,0.08100617255868652,0.36830443024527926,0.8499073244932703,0.0,1.2904241561889649,7.954677679149269,0.15096940398216246
8.171999999999398,0.6512229198008227,-0.010258928551188165,0.651475867398319,-0.20545465105580343,0.0,0.05599599980877937,0.2420241474421555,0.08100666829421342,0.36839321879654885,0.8499072428627499,0.0,1.2904241561889649,7.954677679149269,0.15096940398216246
8.181999999999402,0.6511322545205224,-0.008806758846607171,0.6513087744117743,-0.20522382121196814,0.0,0.05622682965261466,0.24199188478040298,0.08100715419403086,0.36857862277742137,0.849907161131753,0.0,1.2904241561889649,7.954677679149269,0.15096940398216246
8.191999999999405,0.6510392783004733,-0.009771858104578278,0.6510922961551403,-0.20483792835714387,0.0,0.05661272250743893,0.24195977021567533,0.08100763045328556,0.3690177381339723,0.8499070785673261,0.0,1.2904241561889649,7.954677679149269,0.15096940398216246
8.201999999999408,0.6509453357419778,-0.008571380256373017,0.6509125980487398,-0.2056823688867248,0.0,0.05576828197785799,0.24192776702659283,0.08100809726325243,0.36777204775748296,0.8499069964462539,0.0,1.3321515798568726,7.954677679149269,0.15058309435844422
8.211999999999412,0.6508805170641998,-0.0050801729939301335,0.650804315028108,-0.20608682867419306,0.0,0.05536382219038974,0.24189584052141216,0.08100855481141142,0.3671795949881812,0.8499069152950873,0.0,1.3321515798568726,7.954677679149269,0.15058309435844422
8.221999999999415,0.6508531980270196,-0.0013806965529390702,0.6507395397094307,-0.20632212118922744,0.0,0.055128529675355364,0.24186395304626918,0.08100900328152266,0.3668605612242206,0.8499068347805192,0.0,1.3321515798568726,7.954677679149269,0.15058309435844422
8.231999999999418,0.6508463269178233,-0.00017959391898983434,0.6506561176822833,-0.20635031834050316,0.0,0.05510033252407964,0.2418320626195019,0.08100944285370047,0.3668669151177526,0.8499067539413653,0.0,1.3321515798568726,7.954677679149269,0.15058309435844422
8.241999999999422,0.6508502246649019,0.0005428843200634345,0.6505826595105025,-0.2060630481903071,0.0,0.0553876026742757,0.2418001259113769,0.08100987370448551,0.3673482589912488,0.8499066732219176,0.0,1.3321515798568726,7.954677679149269,0.15058309435844422
8.251999999999425,0.6508589655556549,0.0010939348391849832,0.6505210873718655,-0.20629975577702314,0.0,0.05515089508755966,0.24176810055545292,0.08101029600691578,0.3671263765975824,0.8499065926462656,0.0,1.388433074951172,7.954677679149269,0.14933116436004637
8.261999999999428,0.6508732193110407,0.0016799001573359132,0.6504777317916304,-0.20656878082872226,0.0,0.054881870035860536,0.2417359460441204,0.0810107099305961,0.36688570183792735,0.849906512308652,0.0,1.388433074951172,7.954677679149269,0.14933116436004637
8.271999999999432,0.6508930914645005,0.0023396980044750396,0.6504542277018805,-0.20707167957665046,0.0,0.05437897128793234,0.2417036236578458,0.0810111156417662,0.3663397043265455,0.8499064322764067,0.0,1.388433074951172,7.954677679149269,0.14933116436004637
8.281999999999435,0.6509268579548598,0.004093280565366231,0.6504774247709949,-0.20741909052166224,0.0,0.05403156034292056,0.2416710962212443,0.08101151330336757,0.3660288215157821,0.8499063530004589,0.0,1.388433074951172,7.954677679149269,0.14933116436004637
8.291999999999438,0.6509859095911589,0.007139915571313833,0.6505623855283986,-0.2081641471956897,0.0,0.05328650366889309,0.24163832657723816,0.08099958235700563,0.36516453025624074,0.8499062747492743,0.0,1.388433074951172,7.954677679149269,0.14933116436004637
8.301999999999442,0.6510811623840997,0.011044016958372191,0.6507119499373117,-0.20891061505838956,0.0,0.052540035806193236,0.24160527538973306,0.08098370082164655,0.36429702063520575,0.8499061976121509,0.0,1.4227289199829103,7.954677679149269,0.1479793310165405
8.311999999999445,0.6512034262112132,0.012530598866053282,0.6508594223913301,-0.20870640130965007,0.0,0.05274424955493273,0.24157189951007457,0.08098464241078951,0.36478153633485133,0.8499061205591786,0.0,1.4227289199829103,7.954677679149269,0.1479793310165405
8.321999999999449,0.6513341438729806,0.013612246130630286,0.6510227615918251,-0.20925052037593755,0.0,0.05220013048864525,0.2415381539970411,0.08098556531820246,0.36421764779766486,0.8499060438385656,0.0,1.4227289199829103,7.954677679149269,0.1479793310165405
8.331999999999452,0.651480704390769,0.015132721906709057,0.6512230430349537,-0.2094937074545826,0.0,0.051956943410000206,0.241503995145192,0.08098646991454285,0.3640683605781403,0.8499059678174035,0.0,1.4227289199829103,7.954677679149269,0.1479793310165405
8.341999999999455,0.6516338826711471,0.015222867104343688,0.6514182177236614,-0.20943923062921518,0.0,0.05201142023536762,0.24146937989218228,0.08098735656311407,0.3643243857334949,0.849905891804003,0.0,1.4227289199829103,7.954677679149269,0.1479793310165405
8.351999999999459,0.651790161580167,0.015898464419948112,0.6516389436660895,-0.20994226859215384,0.0,0.05150838227242896,0.2414342671137969,0.0809882256200113,0.36378390435675656,0.849905816302183,0.0,1.4082861661911013,7.954677679149269,0.14823249578475953
8.361999999999462,0.6519550197434539,0.016498947948591358,0.6518779897568904,-0.20979965122916333,0.0,0.05165099963541947,0.24139861816592206,0.0809890774342646,0.36412721680451154,0.8499057411807395,0.0,1.4082861661911013,7.954677679149269,0.14823249578475953
8.371999999999465,0.6521115894490216,0.01490260072748318,0.6520801973497956,-0.20955700732503074,0.0,0.05189364353955206,0.24136239631642656,0.08098991234797907,0.3645867202263403,0.8499056655567832,0.0,1.4082861661911013,7.954677679149269,0.14823249578475953
8.381999999999469,0.6522457410341537,0.012752518793652558,0.6522589961041869,-0.20957937657946998,0.0,0.05187127428511282,0.24132556941314984,0.08099073069647218,0.36464797032707164,0.849905589634564,0.0,1.4082861661911013,7.954677679149269,0.14823249578475953
8.391999999999472,0.6523588064257191,0.010467660803391288,0.6524210601447912,-0.2095485986597392,0.0,0.05190205220484359,0.24128811208422726,0.08099153280840848,0.36475362717605675,0.8499055135180268,0.0,1.4082861661911013,7.954677679149269,0.14823249578475953
8.401999999999475,0.6524625804315676,0.010872800425354781,0.6526251459321324,-0.21021518268156625,0.0,0.05123546818301655,0.24125000530069407,0.08099231900593164,0.3638509676389088,0.8499054381508985,0.0,1.3670444011688234,7.954677679149269,0.14916849732398987
8.411999999999479,0.6525826452960343,0.012835640991397217,0.6528749897097991,-0.21055374637414448,0.0,0.05089690449043832,0.24121123346396242,0.08099308960479376,0.3633743103293786,0.8499053635451363,0.0,1.3670444011688234,7.954677679149269,0.14916849732398987
8.421999999999482,0.6527165743865838,0.013403458078205949,0.6531125462082497,-0.21030896781182784,0.0,0.05114168305275496,0.24117177991226038,0.08099384491448228,0.3636809728878202,0.8499052888598061,0.0,1.3670444011688234,7.954677679149269,0.14916849732398987
8.431999999999485,0.6528456124603876,0.012570756936290499,0.6533174841394644,-0.21002644570902168,0.0,0.05142420515556112,0.24113162742491268,0.08099458523834413,0.3640078992126283,0.8499052137560266,0.0,1.3670444011688234,7.954677679149269,0.14916849732398987
8.441999999999489,0.6529654220042974,0.011631841495751347,0.6535063177874474,-0.20996770100569065,0.0,0.05148294985889215,0.24109076129600115,0.0809953108737077,0.36399032036114076,0.8499051384869711,0.0,1.3670444011688234,7.954677679149269,0.14916849732398987
8.451999999999492,0.6530781315803178,0.011003382127459764,0.6536870099600957,-0.20976484451710561,0.0,0.05168580634747719,0.24104917017882754,0.08099602211200219,0.3641453251506913,0.8499050631477424,0.0,1.3007196187973022,7.954677679149269,0.1501109719276428
8.461999999999495,0.6531825644201925,0.010249819576658645,0.6538504364490723,-0.20964285395081103,0.0,0.05180779691377177,0.24100684569514502,0.08099671923887461,0.3641601386163845,0.8499049875121303,0.0,1.3007196187973022,7.954677679149269,0.1501109719276428
8.471999999999499,0.6532873326743889,0.010581147655338435,0.6540227624679649,-0.20968143256602617,0.0,0.05176921829855663,0.24096378208764652,0.08099740253430462,0.3639261422021085,0.8499049120904439,0.0,1.3007196187973022,7.954677679149269,0.1501109719276428
8.481999999999502,0.6533853955662591,0.009142090731679292,0.6541449079424416,-0.2092464103287238,0.0,0.05220424053585901,0.24091997491870318,0.08099807227271688,0.36433517176192853,0.849904835977516,0.0,1.3007196187973022,7.954677679149269,0.1501109719276428
8.491999999999505,0.6534708550404457,0.008785236540126765,0.6542610606537728,-0.2097211750615946,0.0,0.0517294758029882,0.24087542210537471,0.08099872872309126,0.363454873107962,0.8499047598246219,0.0,1.3007196187973022,7.954677679149269,0.1501109719276428
8.501999999999509,0.6535616182183419,0.009067220246364305,0.6543803032351212,-0.209319806233415,0.0,0.052130844631167794,0.24083012432896944,0.08099937214907092,0.3637900041861578,0.8499046837653221,0.0,1.2537978172302247,7.954677679149269,0.15089323818683623
8.511999999999512,0.6536597182034071,0.01049563355665431,0.6545142012913133,-0.20974178160774548,0.0,0.05170886925683732,0.24078408231782006,0.08100000280906819,0.36296594475996136,0.849904607923423,0.0,1.2537978172302247,7.954677679149269,0.15089323818683623
8.521999999999515,0.6537868796278851,0.014341879405873822,0.6547058169096333,-0.2102391533959877,0.0,0.0512114974685951,0.24073729565420726,0.08100062095636827,0.36203447375305065,0.8499045330001772,0.0,1.2537978172302247,7.954677679149269,0.15089323818683623
8.531999999999519,0.6539456710299618,0.0166758753699682,0.6548869204118999,-0.21013555624667635,0.0,0.051315094617906454,0.2406897592979097,0.08100122683923112,0.36194761206913373,0.8499044580125972,0.0,1.2537978172302247,7.954677679149269,0.15089323818683623
8.541999999999522,0.6541307438727205,0.019754441488383477,0.655093403940831,-0.21055891249688935,0.0,0.05089173836769345,0.2406414632243647,0.08100182070099096,0.36113158316366023,0.8499043834845048,0.0,1.2537978172302247,7.954677679149269,0.15089323818683623
8.551999999999525,0.6543380392379694,0.021212227339427285,0.6552797276878126,-0.21030647642638609,0.0,0.051144174438196716,0.2405923936927987,0.08100240278015418,0.36127515347501127,0.8499043087430651,0.0,1.2270121574401858,7.954677679149269,0.15004054605960845
8.561999999999529,0.6545424759815245,0.019882228007818067,0.655401787016604,-0.20947118872924275,0.0,0.05197946213534005,0.24054253469213788,0.08100297331049501,0.3622528730920507,0.849904233107612,0.0,1.2270121574401858,7.954677679149269,0.15004054605960845
8.571999999999532,0.654731009053047,0.017963631248206664,0.6554873851651388,-0.20911755535202844,0.0,0.052333095512554356,0.24049187234131472,0.08100353252114947,0.36257850783201906,0.8499041569998944,0.0,1.2270121574401858,7.954677679149269,0.15004054605960845
8.581999999999535,0.654895560961381,0.0157577828297081,0.6555360742324413,-0.20926247388350885,0.0,0.05218817698107395,0.24044039755498026,0.08100408063670737,0.36223175429733145,0.8499040803928855,0.0,1.2270121574401858,7.954677679149269,0.15004054605960845
8.591999999999539,0.6550565079719081,0.016457481962378097,0.6556281135179057,-0.20966304722462303,0.0,0.05178760363995977,0.2403881067403109,0.08100461787730252,0.3615548139649807,0.8499040044383936,0.0,1.2270121574401858,7.954677679149269,0.15004054605960845
8.601999999999542,0.6552252749948767,0.016830616825628565,0.6557182356829238,-0.20942127683974923,0.0,0.05202937402483357,0.24033499823015592,0.0810051444587011,0.3618062683323545,0.8499039285070963,0.0,1.258378028869629,7.954677679149269,0.15029817223548889
8.611999999999545,0.6553965104214097,0.01725043089797519,0.6558096895734172,-0.209541592682917,0.0,0.0519090581816658,0.24028107003081192,0.08100566059238842,0.3615811548499369,0.8499038526633732,0.0,1.258378028869629,7.954677679149269,0.15029817223548889
8.621999999999549,0.6555698361626904,0.017125605461265105,0.6558942209275818,-0.20930267808827668,0.0,0.05214797277630612,0.24022632045707756,0.08100616648565369,0.36188958943091076,0.8499037767601103,0.0,1.258378028869629,7.954677679149269,0.15029817223548889
8.631999999999552,0.6557282252143395,0.014836954668777033,0.6559282024903601,-0.20900854786760278,0.0,0.05244210299698002,0.2401707486061773,0.08100666234167346,0.36230553772043306,0.849903700142968,0.0,1.258378028869629,7.954677679149269,0.15029817223548889
8.641999999999555,0.6558646941315184,0.012802436126879528,0.6559505652321769,-0.20888666935221845,0.0,0.052563981512364355,0.24011435712300525,0.08100714835959309,0.3625092004578194,0.8499036233677361,0.0,1.258378028869629,7.954677679149269,0.15029817223548889
8.651999999999559,0.6559849384380226,0.011813598764817516,0.6559831048688718,-0.2092837844884664,0.0,0.052166866376116394,0.24005715337578964,0.08100762473460676,0.362012770459342,0.8499035467595115,0.0,1.3160160303115847,7.954677679149269,0.1486080765724182
8.661999999999562,0.6561002710361504,0.01128377959222493,0.656027869025181,-0.20923879971361214,0.0,0.052211851150970656,0.23999914799181882,0.08100809165803588,0.36215877454606993,0.8499034703732709,0.0,1.3160160303115847,7.954677679149269,0.1486080765724182
8.671999999999565,0.6562197222514069,0.012773612284100802,0.6561230898350177,-0.2100692248359208,0.0,0.051381426028662,0.2399403527308898,0.08100854931740593,0.3610992561671357,0.8499033947906895,0.0,1.3160160303115847,7.954677679149269,0.1486080765724182
8.681999999999569,0.6563641058053562,0.015720962575718235,0.6562800206638206,-0.21077096331156384,0.0,0.050679687553018965,0.2398807782178459,0.08100899789652176,0.36023605362181943,0.8499033202143238,0.0,1.3160160303115847,7.954677679149269,0.1486080765724182
8.691999999999572,0.6565351236251429,0.017568406236886068,0.6564555487375437,-0.21060746713715806,0.0,0.050843183727424746,0.23982043051377935,0.08100943757554142,0.3605963841338157,0.849903246004326,0.0,1.3160160303115847,7.954677679149269,0.1486080765724182
8.701999999999575,0.6567124415787219,0.017332577110598137,0.6566127608906144,-0.210191953588963,0.0,0.0512586972756198,0.2397593112584119,0.08100986853104851,0.3613176745806743,0.8499031716010614,0.0,1.3501675128936768,7.954677679149269,0.14831700325012206
8.711999999999579,0.6568774613734245,0.015819840162170987,0.6567475885213303,-0.21039516038074993,0.0,0.05105549048383287,0.23969742147017753,0.08101029093612308,0.3611766924029213,0.8499030969652048,0.0,1.3501675128936768,7.954677679149269,0.14831700325012206
8.721999999999582,0.6570274301607085,0.014697954438670606,0.6568878980832837,-0.210725553292193,0.0,0.0507250975723898,0.23963476497039551,0.08101070496041117,0.36085698695560664,0.8499030224775131,0.0,1.3501675128936768,7.954677679149269,0.14831700325012206
8.731999999999585,0.6571734456769401,0.014343283942603799,0.6570507241727538,-0.2107495317379825,0.0,0.0507011191266003,0.23957134867844018,0.08101111077019292,0.36096086570569685,0.8499029484168941,0.0,1.3501675128936768,7.954677679149269,0.14831700325012206
8.741999999999589,0.6573056843510778,0.012059563233631637,0.6571784612328491,-0.2101507450883541,0.0,0.0512999057762287,0.23950718095681864,0.0810115085284494,0.3619267288083492,0.8499028738732144,0.0,1.3501675128936768,7.954677679149269,0.14831700325012206
8.751999999999592,0.6574040109370729,0.008562779761351995,0.657263509990994,-0.21009616379626098,0.0,0.051354487068321825,0.23944227321083186,0.08101189839492802,0.3621163908989108,0.8499027987065537,0.0,1.3617029905319216,7.954677679149269,0.14871450662612914
8.761999999999595,0.657479344155988,0.0064820389653703556,0.6573615275334038,-0.20994818072419527,0.0,0.05150247014038753,0.23937664270308623,0.0810122805262067,0.3624182648085117,0.8499027237999635,0.0,1.3617029905319216,7.954677679149269,0.14871450662612914
8.771999999999599,0.6575283603940062,0.004230327536581223,0.6574402459123729,-0.2101780601377375,0.0,0.05127259072684531,0.2393103111644003,0.08101265507575672,0.36216883112596043,0.8499026486242718,0.0,1.3617029905319216,7.954677679149269,0.14871450662612914
8.781999999999602,0.6575581905210721,0.0020053104630947047,0.6575084023546668,-0.20976633620346846,0.0,0.05168431466111434,0.23924330424062226,0.08101302219400446,0.3627920753509126,0.8499025733178432,0.0,1.3617029905319216,7.954677679149269,0.14871450662612914
8.791999999999605,0.6575638799855922,-3.67244618439469e-05,0.6575622188625101,-0.2101105710362851,0.0,0.05134007982829769,0.2391756505582943,0.08101338202839165,0.36232875375231677,0.8499024978095718,0.0,1.3617029905319216,7.954677679149269,0.14871450662612914
8.801999999999609,0.657561002203961,-0.00020257653999145725,0.6576445672767869,-0.21022060617424426,0.0,0.05123004469033854,0.23910738171513557,0.08101373472343476,0.36216309640400834,0.8499024227814608,0.0,1.3411245822906495,7.954677679149269,0.14897586107254027
8.811999999999612,0.6575686301605549,0.0013972902724842043,0.6577700687377137,-0.21070667199288182,0.0,0.050743978871700984,0.23903852937355774,0.08101408042078295,0.36143965534417366,0.8499023484619522,0.0,1.3411245822906495,7.954677679149269,0.14897586107254027
8.821999999999615,0.6575852848162067,0.0014992355992001632,0.6578770860532881,-0.21017464753133075,0.0,0.05127600333325205,0.23896912188628922,0.08101441925927495,0.3621100633380193,0.8499022739098304,0.0,1.3411245822906495,7.954677679149269,0.14897586107254027
8.831999999999619,0.657592599684927,0.00013214246021193976,0.6579462937619404,-0.21006680496836488,0.0,0.05138384589621792,0.23889918476763286,0.08101475137499485,0.36215578423226036,0.8499021988067261,0.0,1.3411245822906495,7.954677679149269,0.14897586107254027
8.841999999999622,0.6575855950916037,-0.0011630256806010805,0.6579981761037007,-0.20978040805069087,0.0,0.05167024281389193,0.23882874391295683,0.08101507690132675,0.3624217960090741,0.8499021234598483,0.0,1.3411245822906495,7.954677679149269,0.14897586107254027
8.851999999999626,0.65756516126757,-0.002692174359253917,0.6580264175360574,-0.2095319081899934,0.0,0.0519187426745894,0.23875782664337844,0.08101539596900831,0.36260683695651685,0.8499020477610209,0.0,1.2902348995208741,7.954677679149269,0.15002250373363493
8.861999999999629,0.6575317345282967,-0.0033473563223812217,0.6580495763766049,-0.20973270668691069,0.0,0.051717944177672115,0.2386864615654456,0.08101570870618324,0.36213728780640386,0.8499019719798317,0.0,1.2902348995208741,7.954677679149269,0.15002250373363493
8.871999999999632,0.6574949636086633,-0.004339146675710545,0.6580536426408353,-0.20901883158999712,0.0,0.05243181927458568,0.23861467798964398,0.08101601523845288,0.3629256124850567,0.8499018959225373,0.0,1.2902348995208741,7.954677679149269,0.15002250373363493
8.881999999999636,0.6574416106569156,-0.005566030507890736,0.6580263100542411,-0.20913050021396798,0.0,0.05232015065061482,0.23854250490888493,0.08101631568892652,0.36253919981802796,0.8499018193829422,0.0,1.2902348995208741,7.954677679149269,0.15002250373363493
8.891999999999639,0.6573899684430704,-0.005103134802500117,0.6580188656801012,-0.20901449438994568,0.0,0.05243615647463712,0.23846997219463856,0.08101661017827085,0.3624563324465899,0.8499017431372632,0.0,1.2902348995208741,7.954677679149269,0.15002250373363493
8.901999999999642,0.657333377975349,-0.006504762269559164,0.6579603731621286,-0.20823711091360922,0.0,0.05321353995097358,0.2383971082419076,0.08101689882475849,0.36328852985454574,0.8499016661211738,0.0,1.2494611024856568,7.954677679149269,0.14971738457679748
8.911999999999646,0.6572391025534381,-0.011283293215947135,0.6577905053179414,-0.2076510385831592,0.0,0.0537996122814236,0.23832394128831477,0.08101718174431545,0.3638469961789006,0.8499015874450885,0.0,1.2494611024856568,7.954677679149269,0.14971738457679748
8.921999999999649,0.657105920448285,-0.014338112249759859,0.6576006881367231,-0.20734644237360372,0.0,0.05410420849097908,0.23825050469239625,0.08101745905056769,0.36401007620288384,0.8499015083926732,0.0,1.2494611024856568,7.954677679149269,0.14971738457679748
8.931999999999652,0.6569475380512845,-0.016722758077341617,0.6573859080032899,-0.20693671911632153,0.0,0.054513931748261274,0.23817683722114905,0.08101773085488677,0.3643229924410557,0.8499014288833792,0.0,1.2494611024856568,7.954677679149269,0.14971738457679748
8.941999999999656,0.6567713953786404,-0.017642607636637192,0.6571685242044392,-0.2071739728071108,0.0,0.054276678057471994,0.2381029802638945,0.08101799726643456,0.3637367906719855,0.8499013492327355,0.0,1.2494611024856568,7.954677679149269,0.14971738457679748
8.951999999999659,0.6565955365853005,-0.017552631087587242,0.65695899706115,-0.20689512482094735,0.0,0.05455552604363545,0.23802897575619783,0.08101825839220707,0.3638833562080126,0.8499012695970172,0.0,1.255083727836609,7.954677679149269,0.14949989318847656
8.961999999999662,0.6564283025022006,-0.015897172497489342,0.6567766736923051,-0.20736853418073228,0.0,0.05408211668385052,0.23795486312968425,0.08101851433707745,0.362990455441648,0.849901190255277,0.0,1.255083727836609,7.954677679149269,0.14949989318847656
8.971999999999666,0.6562776078694325,-0.014743459440503225,0.656593008590889,-0.20703559804881755,0.0,0.05441505281576525,0.2378806775262536,0.08101876520383812,0.36324323984726814,0.8499011108115284,0.0,1.255083727836609,7.954677679149269,0.14949989318847656
8.981999999999669,0.6561281833288798,-0.015102706719632812,0.6563761419783555,-0.20662725113079,0.0,0.0548233997337928,0.2378064490449034,0.08101901109324204,0.36362150451687714,0.8499010307881909,0.0,1.255083727836609,7.954677679149269,0.14949989318847656
8.991999999999672,0.6559668281491982,-0.016961039866680502,0.6561149989142177,-0.2060110540279062,0.0,0.0554395968366766,0.23773220545199608,0.08101925210404312,0.3643131589959999,0.8499009500068856,0.0,1.255083727836609,7.954677679149269,0.14949989318847656
9.001999999999676,0.6557838946144657,-0.01922200993798983,0.655822195813098,-0.20554490048792706,0.0,0.05590575037665574,0.23765797496744426,0.08101948833303597,0.3648189296989035,0.8499008686086453,0.0,1.2890269279479982,7.954677679149269,0.14885753989219666
9.011999999999679,0.6555787469018609,-0.021179061095071353,0.6555132244902335,-0.20546795285718367,0.0,0.055982698007399134,0.23758378798214905,0.08101971987509474,0.36480439971515144,0.8499007867340952,0.0,1.2890269279479982,7.954677679149269,0.14885753989219666
9.021999999999682,0.6553568791055975,-0.022500330929295202,0.6551994735633614,-0.20547667597152797,0.0,0.055973974893054834,0.2375096770011449,0.08101994682321116,0.3646943121314614,0.8499007046417648,0.0,1.2890269279479982,7.954677679149269,0.14885753989219666
9.031999999999686,0.6551350759697128,-0.021676178298931162,0.6549260668585779,-0.20578174406933672,0.0,0.05566890679524608,0.23743567531557108,0.08102016926853198,0.36419316248143985,0.8499006230186847,0.0,1.2890269279479982,7.954677679149269,0.14885753989219666
9.041999999999689,0.6549241877143045,-0.02060697912011078,0.6546711763356962,-0.20575440968038705,0.0,0.05569624118419575,0.23736181397334954,0.08102038730039557,0.3641801859908962,0.8499005415519384,0.0,1.2890269279479982,7.954677679149269,0.14885753989219666
9.051999999999692,0.6547300227658976,-0.018831758139938384,0.6544506393728621,-0.2058625396611729,0.0,0.055588111203409896,0.23728811970530625,0.08102060100636772,0.36399899800945823,0.8499004604644957,0.0,1.3420406579971313,7.954677679149269,0.14771994352340698
9.061999999999696,0.6545425801423809,-0.01888490527062782,0.6542124130524742,-0.20558748052604478,0.0,0.05586317033853802,0.23721461434889238,0.0810208104722769,0.3643734159644897,0.849900378885089,0.0,1.3420406579971313,7.954677679149269,0.14771994352340698
9.071999999999699,0.6543452910498909,-0.020672331245085405,0.6539412237782682,-0.20484961786143469,0.0,0.056601033003148116,0.23714131685768952,0.08102101578224863,0.3654123059895732,0.8499002966728019,0.0,1.3420406579971313,7.954677679149269,0.14771994352340698
9.081999999999702,0.6541251125354703,-0.022390787365166726,0.6536574068604413,-0.2051081185695953,0.0,0.05634253229498751,0.23706824674247592,0.0810212170187394,0.36507000315032034,0.849900214128984,0.0,1.3420406579971313,7.954677679149269,0.14771994352340698
9.091999999999706,0.6538912467893672,-0.023775818763795663,0.6533753372996501,-0.2050912716156136,0.0,0.056359379248969194,0.2369954258981284,0.08102141426256966,0.3651236225966882,0.8499001314821629,0.0,1.3420406579971313,7.954677679149269,0.14771994352340698
9.101999999999709,0.6536481813233433,-0.024593902864470524,0.6531045831975851,-0.20493233476689554,0.0,0.05651831609768726,0.23692287728817912,0.08102160759295635,0.36538316174532526,0.8499000488545969,0.0,1.3913076400756836,7.954677679149269,0.147835636138916
9.111999999999712,0.6534013270596332,-0.024704859287864346,0.6528546583037083,-0.20508339910684983,0.0,0.05636725175773297,0.23685062388138964,0.08102179708754466,0.36521157434628493,0.8498999663178609,0.0,1.3913076400756836,7.954677679149269,0.147835636138916
9.121999999999716,0.6531452013712393,-0.026674742426911584,0.6525730311074432,-0.20422206099336657,0.0,0.057228589871216234,0.23677868769968927,0.08102198282243932,0.3664563375733245,0.8498998831463253,0.0,1.3913076400756836,7.954677679149269,0.147835636138916
9.131999999999719,0.6528609660838877,-0.029489617478766633,0.6522592197257197,-0.20397086112937052,0.0,0.05747978973521228,0.23670709114464977,0.08102216487223503,0.366842170628232,0.8498997993114433,0.0,1.3913076400756836,7.954677679149269,0.147835636138916
9.141999999999722,0.652558340029029,-0.030876160619724112,0.6519617628951446,-0.20423644259973514,0.0,0.05721420826484766,0.23663585966317413,0.08102234331004651,0.3664961304547413,0.8498997156003557,0.0,1.3913076400756836,7.954677679149269,0.147835636138916
9.151999999999726,0.6522471228828659,-0.031401045486405786,0.6516796580109478,-0.2040687650119742,0.0,0.05738188585260859,0.23656502030035165,0.08102251820753786,0.3667450252633374,0.8498996319875791,0.0,1.414240074157715,7.954677679149269,0.1474401354789734
9.161999999999729,0.651915163107962,-0.03450487078600871,0.6513413475246373,-0.2032694203982474,0.0,0.05818123046633539,0.23649459999200023,0.08102268963495127,0.36786334649453367,0.8498995472444202,0.0,1.414240074157715,7.954677679149269,0.1474401354789734
9.171999999999732,0.6515533366788435,-0.03667649763008322,0.6509969787512428,-0.2035945250257112,0.0,0.05785612583887159,0.23642462744293047,0.08102285766113528,0.36738936095279096,0.8498994622385244,0.0,1.414240074157715,7.954677679149269,0.1474401354789734
9.181999999999736,0.6511802260734286,-0.03732656883851781,0.6506731403142454,-0.2037000661059368,0.0,0.057750584758646,0.2363551342662978,0.08102302235357248,0.3672024340467319,0.8498993774165563,0.0,1.414240074157715,7.954677679149269,0.1474401354789734
9.191999999999739,0.650797155565441,-0.0397702114343949,0.6503119788416272,-0.2022858489111881,0.0,0.05916480195339471,0.23628615192268063,0.08102318377840653,0.36912127034516784,0.8498992918265315,0.0,1.414240074157715,7.954677679149269,0.1474401354789734
9.201999999999742,0.6503802206719045,-0.0426675440777036,0.6499125609274156,-0.20228956585425356,0.0,0.05916108501032924,0.23621771192178465,0.08102334200046878,0.36903158163575767,0.8498992054259833,0.0,1.411089301109314,7.954677679149269,0.14804987311363219
9.211999999999746,0.6499420903215278,-0.04432512798275157,0.6495146762983209,-0.20221357257410097,0.0,0.05923707829048183,0.23614984896516564,0.08102349708330424,0.3690292293219306,0.8498991188768595,0.0,1.411089301109314,7.954677679149269,0.14804987311363219
9.221999999999749,0.6494925528601644,-0.045448428334514575,0.6491139743324755,-0.20199407522557833,0.0,0.05945657563900447,0.23608259902157985,0.08102364908919721,0.36920345249402964,0.8498990320972578,0.0,1.411089301109314,7.954677679149269,0.14804987311363219
9.231999999999752,0.6490333250129264,-0.04653749849260237,0.6487017866864072,-0.20145534165206128,0.0,0.059995309212521525,0.23601599745325308,0.08102379807919617,0.3698007779922011,0.8498989449406709,0.0,1.411089301109314,7.954677679149269,0.14804987311363219
9.241999999999756,0.6485550582940831,-0.04837784362330885,0.6482540635188411,-0.20130159113485271,0.0,0.06014905972973009,0.23595007882959773,0.08102394411313839,0.36983624894238665,0.8498988569964641,0.0,1.411089301109314,7.954677679149269,0.14804987311363219
9.251999999999759,0.6480637241394595,-0.04964703897387523,0.6477976448956535,-0.20091123190068602,0.0,0.06053941896389678,0.23588487803545558,0.08100164072320423,0.370164521924523,0.8498987687238784,0.0,1.3898237943649292,7.954677679149269,0.1480063498020172
9.261999999999762,0.6475613550628695,-0.050947545972373186,0.6473213805511597,-0.20046491467909022,0.0,0.06098573618549258,0.2358204295888007,0.08099123562286942,0.37055314279044393,0.8498986800043615,0.0,1.3898237943649292,7.954677679149269,0.1480063498020172
9.271999999999766,0.6470353175353355,-0.05404063084141295,0.6467831126586249,-0.19950703295783334,0.0,0.06194361790674946,0.23575676742654564,0.08099202771674346,0.37165844199765896,0.8498985900446268,0.0,1.3898237943649292,7.954677679149269,0.1480063498020172
9.281999999999769,0.6464723382759673,-0.057724095373946904,0.6461904267465913,-0.19894860797027564,0.0,0.06250204289430716,0.23569392712421758,0.0809840724794071,0.3721845675200913,0.8498984989379175,0.0,1.3898237943649292,7.954677679149269,0.1480063498020172
9.291999999999772,0.645884431399087,-0.05973947066309753,0.6455936910024301,-0.19850904645418943,0.0,0.06294160441039337,0.23563194779818786,0.08085774242276558,0.3724461841800918,0.8498984074898888,0.0,1.3898237943649292,7.954677679149269,0.1480063498020172
9.301999999999776,0.6452729098700762,-0.06169626983843629,0.6449654948379535,-0.19866217335019096,0.0,0.06278847751439184,0.23557087029336832,0.0807100020984353,0.3718072040718018,0.8498983152500491,0.0,1.385425329208374,7.954677679149269,0.14837735295295715
9.31199999999978,0.6446572586847411,-0.06120582068223565,0.6443655727029314,-0.1986184976151363,0.0,0.06283215324944649,0.23551073602825187,0.08058162359344274,0.3714502607173681,0.8498982232072253,0.0,1.385425329208374,7.954677679149269,0.14837735295295715
9.321999999999782,0.644054549513432,-0.059821265304730274,0.6437834111581671,-0.19847481579528284,0.0,0.06297583506929996,0.23545158361082386,0.08053170318220718,0.3713283029515465,0.849898131178471,0.0,1.385425329208374,7.954677679149269,0.14837735295295715
9.331999999999786,0.6434639300615794,-0.058714700210201094,0.6431977515850501,-0.19810742985104207,0.0,0.06334322101354073,0.23539344597112563,0.08047474042299456,0.3715087942641464,0.8498980388215039,0.0,1.385425329208374,7.954677679149269,0.14837735295295715
9.34199999999979,0.6428808858955012,-0.05839945753566712,0.6425956303127844,-0.19763977028928806,0.0,0.06381088057529474,0.23533635054007157,0.08045622993570863,0.3718736732070492,0.8498979459236741,0.0,1.385425329208374,7.954677679149269,0.14837735295295715
9.351999999999792,0.6422969781097098,-0.058229963424633394,0.6419811273474407,-0.197513309076834,0.0,0.06393734178774879,0.2352803206197081,0.08046116493531917,0.3717907436243719,0.8498978525282046,0.0,1.3937436103820802,7.954677679149269,0.1473963975906372
9.361999999999796,0.6417131666413334,-0.0585199579947052,0.6413512213508391,-0.1971732058832946,0.0,0.0642774449812882,0.235225376868379,0.08047247397020153,0.37203507638663924,0.8498977585462777,0.0,1.3937436103820802,7.954677679149269,0.1473963975906372
9.3719999999998,0.6411351721705779,-0.05718076559649288,0.6407479368603547,-0.19733762454592987,0.0,0.06411302631865293,0.23517153751691863,0.08048355862660851,0.37158837842738235,0.849897664708614,0.0,1.3937436103820802,7.954677679149269,0.1473963975906372
9.381999999999802,0.6405733898041474,-0.05543262902881971,0.6401609904378759,-0.1973076105212056,0.0,0.0641430403433772,0.23511881735257853,0.08049442335635236,0.37143186309940857,0.8498975708598197,0.0,1.3937436103820802,7.954677679149269,0.1473963975906372
9.391999999999806,0.6400339204550209,-0.052966034527202055,0.639602819090289,-0.19741539224057672,0.0,0.06403525862400608,0.2350672260083919,0.08050507252291855,0.37110277020962723,0.8498974772125455,0.0,1.3937436103820802,7.954677679149269,0.1473963975906372
9.40199999999981,0.6395122390726617,-0.051829390399333285,0.6390355180916855,-0.19677634283227557,0.0,0.06467430803230723,0.23501676729003454,0.08051551040321824,0.37184153358199656,0.8498973831116463,0.0,1.4267600536346436,7.954677679149269,0.14697293043136597
9.411999999999813,0.638999707132312,-0.050873762103731575,0.6384747408659168,-0.19683975534190934,0.0,0.06461089552267346,0.2349674403159652,0.08052574118930587,0.3716195572883113,0.8498972886816922,0.0,1.4267600536346436,7.954677679149269,0.14697293043136597
9.421999999999816,0.638502123901662,-0.04919421683875248,0.6379398056068537,-0.19685885838204728,0.0,0.06459179248253552,0.2349192411600089,0.08053576899006291,0.3714825874771064,0.8498971944274862,0.0,1.4267600536346436,7.954677679149269,0.14697293043136597
9.43199999999982,0.6380119015293441,-0.04861959479121689,0.6373932785805616,-0.1970148881192811,0.0,0.06443576274530169,0.23487216253481952,0.08054559783284797,0.37117721406034176,0.8498970997269165,0.0,1.4267600536346436,7.954677679149269,0.14697293043136597
9.441999999999823,0.6375422070071609,-0.04627787917181256,0.6368988349201125,-0.19684989490809013,0.0,0.06460075595649267,0.23482619465948437,0.08055523166511429,0.3713444150248596,0.8498970056536911,0.0,1.4267600536346436,7.954677679149269,0.14697293043136597
9.451999999999826,0.6370818067584697,-0.04574016049466254,0.6363863791568605,-0.196701953994253,0.0,0.0647486968703298,0.2347813240750109,0.08056467435599513,0.37151029916045375,0.8498969109867691,0.0,1.4765302181243898,7.954677679149269,0.14611167311668397
9.46199999999983,0.6366306652428306,-0.0445911308033552,0.6359021362353813,-0.19679883344454951,0.0,0.06465181742003329,0.234737535039771,0.08057392969785762,0.37135359185319283,0.8498968163330941,0.0,1.4765302181243898,7.954677679149269,0.14611167311668397
9.471999999999833,0.6361892383692314,-0.04361125839072704,0.6354297269610443,-0.19701263292378263,0.0,0.06443801794080017,0.2346948101317901,0.08058300140782598,0.37105106666405085,0.8498967216601864,0.0,1.4765302181243898,7.954677679149269,0.14611167311668397
9.481999999999836,0.6357667104692212,-0.04141819866716658,0.6350023740414797,-0.19708630073662173,0.0,0.06436435012796107,0.2346531300335176,0.08059189312927427,0.3709608474491236,0.8498966275549884,0.0,1.4765302181243898,7.954677679149269,0.14611167311668397
9.49199999999984,0.6353726244683013,-0.037797085614610024,0.6346334246743489,-0.19798634696738526,0.0,0.06346430389719754,0.2346124721962635,0.08060060843328971,0.3697280437007179,0.8498965342682234,0.0,1.4765302181243898,7.954677679149269,0.14611167311668397
9.501999999999843,0.635022282488381,-0.03356367264925435,0.6343242921956059,-0.19810998450675196,0.0,0.06334066635783084,0.234572808879783,0.0805990566190729,0.3695848328036322,0.8498964418270218,0.0,1.51791467666626,7.954677679149269,0.14524115324020384
9.511999999999846,0.6347069138988963,-0.030174619766536702,0.6340435324681842,-0.19860900600316594,0.0,0.06284164486141686,0.2345341053254348,0.08060762979487526,0.36893665093849803,0.8498963496297296,0.0,1.51791467666626,7.954677679149269,0.14524115324020384
9.52199999999985,0.6344262405430294,-0.026989750127955243,0.6337997499275912,-0.19859523046750233,0.0,0.06285542039708047,0.23449632119225497,0.08061603287339383,0.3690142035456897,0.8498962579668498,0.0,1.51791467666626,7.954677679149269,0.14524115324020384
9.531999999999853,0.6341638914410109,-0.02586048507207967,0.6335463836388097,-0.19850686046917976,0.0,0.06294379039540304,0.23445941164089468,0.08057133627641448,0.3691637056863404,0.8498961660183918,0.0,1.51791467666626,7.954677679149269,0.14524115324020384
9.541999999999856,0.6339078996995148,-0.025653714419071258,0.6332915941030008,-0.19822299354147965,0.0,0.06322765732310315,0.23442333032919813,0.08051719839092755,0.3695670054041045,0.8498960739273608,0.0,1.51791467666626,7.954677679149269,0.14524115324020384
9.55199999999986,0.6336492544562016,-0.025862143781378057,0.6330357082292168,-0.19854226227189306,0.0,0.06290838859268974,0.23438803209235992,0.08041968456944629,0.36908220220528665,0.8498959816865227,0.0,1.535934114456177,7.954677679149269,0.14564239382743835
9.561999999999863,0.633388987341166,-0.02618379715586469,0.6327851273742027,-0.19831380813155408,0.0,0.06313684273302872,0.234353474381955,0.08042040480472873,0.36943862699157615,0.8498958893799727,0.0,1.535934114456177,7.954677679149269,0.14564239382743835
9.571999999999866,0.6331298607686833,-0.025716772990556393,0.6325563703232181,-0.198577769677514,0.0,0.0628728811870688,0.23431961718634292,0.08041687179516557,0.36911725799057027,0.8498957973523971,0.0,1.535934114456177,7.954677679149269,0.14564239382743835
9.58199999999987,0.6328776543456198,-0.024738666246026074,0.6323494051982335,-0.19886571141996923,0.0,0.06258493944461357,0.234286422310889,0.08028817770540127,0.3686564937151816,0.8498957056130882,0.0,1.535934114456177,7.954677679149269,0.14564239382743835
9.591999999999873,0.6326384156871397,-0.023797648340440243,0.6321597004968564,-0.19866396314643706,0.0,0.06278668771814575,0.23425385208502003,0.0800972278609225,0.36877777431965475,0.8498956140936699,0.0,1.535934114456177,7.954677679149269,0.14564239382743835
9.601999999999876,0.6324014274824168,-0.023315432430130213,0.6319692222987267,-0.19901998802530682,0.0,0.06243066283927598,0.23422186874562695,0.07993732642783148,0.36812415527573095,0.8498955224710015,0.0,1.5295963525772096,7.954677679149269,0.14513359665870665
9.61199999999988,0.6321695496322225,-0.023030749120179356,0.6317838644000203,-0.19897454548836888,0.0,0.062476105376213925,0.2341904357240197,0.07978858438196124,0.36805762700554623,0.8498954308652703,0.0,1.5295963525772096,7.954677679149269,0.14513359665870665
9.621999999999883,0.63194035246933,-0.023014403547523543,0.6315993100116942,-0.19866286299186914,0.0,0.06278778787271366,0.2341595175480935,0.07960112699965452,0.36828887811456645,0.8498953391891351,0.0,1.5295963525772096,7.954677679149269,0.14513359665870665
9.631999999999886,0.6317031444572978,-0.023671211045921473,0.631397698407887,-0.19879683281605506,0.0,0.06265381804852774,0.23412908043074698,0.07938206306514223,0.3678667382825819,0.8498952471156643,0.0,1.5295963525772096,7.954677679149269,0.14513359665870665
9.64199999999989,0.6314745646779891,-0.022088918534444654,0.6312426594573382,-0.19910025374826806,0.0,0.06235039711631474,0.23409909339231483,0.07909484157652957,0.36712035665933307,0.849895155790898,0.0,1.5295963525772096,7.954677679149269,0.14513359665870665
9.651999999999893,0.6312529006578577,-0.0223525089373261,0.631061919687044,-0.19843988596330764,0.0,0.06301076490127516,0.23406952583181245,0.07877033080641248,0.3676581494777277,0.8498950639465267,0.0,1.4981927633285523,7.954677679149269,0.14566885828971862
9.661999999999896,0.6310233019456478,-0.02348531439447677,0.6308563525817006,-0.1982338875020369,0.0,0.06321676336254589,0.234040347658127,0.0784186770604519,0.36752873977518785,0.8498949716306013,0.0,1.4981927633285523,7.954677679149269,0.14566885828971862
9.6719999999999,0.6307845071489955,-0.02407341633941032,0.6306488961660689,-0.19802221953759946,0.0,0.06342843132698334,0.23401153187663257,0.0780579799569015,0.3673760692557253,0.8498948791843275,0.0,1.4981927633285523,7.954677679149269,0.14566885828971862
9.681999999999903,0.6305402356284825,-0.024720151623101004,0.6304317890436144,-0.19787555315156125,0.0,0.06357509771302156,0.23398305468529096,0.07770770426824972,0.36712704841921695,0.8498947864713751,0.0,1.4981927633285523,7.954677679149269,0.14566885828971862
9.691999999999906,0.6302820394708669,-0.026621645522386522,0.630175909369609,-0.19738852410053942,0.0,0.06406212676404338,0.2339548948252785,0.07732286804372408,0.367300240718594,0.8498946929714415,0.0,1.4981927633285523,7.954677679149269,0.14566885828971862
9.70199999999991,0.6300139834587795,-0.026578647832598522,0.6299386531895251,-0.19768834411170777,0.0,0.06376230675287503,0.23392703477246526,0.0769123871551088,0.36634435158528356,0.8498945996943653,0.0,1.4710134029388429,7.954677679149269,0.1460987627506256
9.711999999999913,0.6297400946916049,-0.02817970844634296,0.6296608319350645,-0.19688141815272342,0.0,0.06456923271185938,0.23389945976958093,0.07650940216968297,0.3669333566945221,0.8498945056656227,0.0,1.4710134029388429,7.954677679149269,0.1460987627506256
9.721999999999916,0.6294547400248461,-0.028719451995160884,0.6293842836449858,-0.1970270296337489,0.0,0.0644236212308339,0.23387215714599074,0.07608424241258868,0.3661515874938732,0.8498944115278515,0.0,1.4710134029388429,7.954677679149269,0.1460987627506256
9.73199999999992,0.6291617226193629,-0.029618213958637618,0.6290878719107997,-0.1967165228603287,0.0,0.0647341280042541,0.2338451169498333,0.07573209298034918,0.36606290714631606,0.8498943169160688,0.0,1.4710134029388429,7.954677679149269,0.1460987627506256
9.741999999999923,0.6288518949991178,-0.0319067234324762,0.6287451664727137,-0.19601359771132576,0.0,0.06543705315325704,0.23381833135885488,0.07543185732022198,0.3665877542347371,0.8498942213622594,0.0,1.4710134029388429,7.954677679149269,0.1460987627506256
9.751999999999926,0.6285199843739653,-0.03419908778771151,0.6283748439473237,-0.19545077733352675,0.0,0.06599987353105605,0.23379179606495346,0.0751163983402957,0.3669058307465648,0.8498941251799906,0.0,1.459332060813904,7.954677679149269,0.14661038517951966
9.76199999999993,0.6281597265357378,-0.036939733278492336,0.6279629433376231,-0.19512205530457885,0.0,0.06632859556000395,0.23376551127195372,0.07475997826116525,0.36685553068854215,0.8498940281458852,0.0,1.459332060813904,7.954677679149269,0.14661038517951966
9.771999999999933,0.6277774622827081,-0.039457393437168815,0.6275280466858518,-0.1941913943860308,0.0,0.067259256478552,0.2337394821045397,0.07441246817478382,0.3676419101264379,0.8498939305266862,0.0,1.459332060813904,7.954677679149269,0.14661038517951966
9.781999999999936,0.627360196498304,-0.04288333168699088,0.6270389141639584,-0.19391390354996843,0.0,0.06753674731461437,0.23371371793350398,0.07408165976111206,0.36754147543705296,0.8498938317660483,0.0,1.459332060813904,7.954677679149269,0.14661038517951966
9.79199999999994,0.6269240366418767,-0.0436482729568961,0.6265726475921664,-0.19417617446582028,0.0,0.06727447639876252,0.23368823346955822,0.07382201903806743,0.3667479843937663,0.8498937331709101,0.0,1.459332060813904,7.954677679149269,0.14661038517951966
9.801999999999943,0.6264825674301279,-0.045006971252634954,0.6260869747099224,-0.1930882812867863,0.0,0.06836236957779651,0.23366304587160472,0.07365317906757363,0.3679487436286938,0.8498936340044918,0.0,1.479552149772644,7.954677679149269,0.1461630642414093
9.811999999999946,0.626014220302652,-0.048385822108642194,0.6255391696477933,-0.19219608603597818,0.0,0.06925456482860462,0.233638172612979,0.0734428726845646,0.36886223408316177,0.8498935334349548,0.0,1.479552149772644,7.954677679149269,0.1461630642414093
9.82199999999995,0.6255027129837624,-0.05290317660310191,0.6249281541169756,-0.1914909904712349,0.0,0.06995966039334789,0.2336136348866311,0.07328912241044229,0.36954934957609675,0.8498934315031861,0.0,1.479552149772644,7.954677679149269,0.1461630642414093
9.831999999999953,0.624946856055476,-0.05718998049111714,0.6242770654018946,-0.19091841581045746,0.0,0.07053223505412534,0.23358946026537358,0.07319802671144847,0.3701338305152948,0.8498933285857555,0.0,1.479552149772644,7.954677679149269,0.1461630642414093
9.841999999999956,0.6243701987723888,-0.05796874792321667,0.6236648280358379,-0.19113813441280963,0.0,0.07031251645177317,0.23356568236602784,0.07310524493189871,0.36961884896870545,0.8498932260445032,0.0,1.479552149772644,7.954677679149269,0.1461630642414093
9.85199999999996,0.6237864255245755,-0.05840150711459383,0.6230519322491462,-0.1910616904690367,0.0,0.0703889603955461,0.23354233651550255,0.072955650760698,0.36947553934454547,0.8498931231374549,0.0,1.5287543773651124,7.954677679149269,0.14600189924240112
9.861999999999963,0.6232066675622366,-0.058022272105993575,0.622461025662322,-0.19067377275586544,0.0,0.07077687810871736,0.23351945651214387,0.07283848184460082,0.369801593679694,0.8498930200606932,0.0,1.5287543773651124,7.954677679149269,0.14600189924240112
9.871999999999966,0.622618585115918,-0.05933540146251144,0.6218333673677712,-0.19028142195055386,0.0,0.07116922891402894,0.23349707325708646,0.07272188239003118,0.37012370699055364,0.8498929160440308,0.0,1.5287543773651124,7.954677679149269,0.14600189924240112
9.88199999999997,0.6220182062868505,-0.06010312999411415,0.6212036472697189,-0.1901242718111234,0.0,0.0713263790534594,0.2334752165742161,0.07273794453629849,0.3702480376716415,0.8498928116958452,0.0,1.5287543773651124,7.954677679149269,0.14600189924240112
9.891999999999973,0.6214158506541781,-0.0602528679764314,0.620583038846142,-0.18992052515804764,0.0,0.07153012570653516,0.23345391592615503,0.07281537783943554,0.3705194065565649,0.8498927072207545,0.0,1.5287543773651124,7.954677679149269,0.14600189924240112
9.901999999999976,0.6208177190402415,-0.059048970495688934,0.6199911049201995,-0.19037069380279256,0.0,0.07107995706179024,0.23343319880578967,0.07294703278422036,0.3699326502384054,0.8498926029166737,0.0,1.5719497919082643,7.954677679149269,0.14541401267051696
9.91199999999998,0.6202447904448958,-0.055974341491866336,0.619459104811966,-0.19065945983235105,0.0,0.07079119103223175,0.2334130891918122,0.07309537000015194,0.36960539929565395,0.8498924992080982,0.0,1.5719497919082643,7.954677679149269,0.14541401267051696
9.921999999999983,0.6197029109632249,-0.053284441160774375,0.6189501416547772,-0.19042533746848356,0.0,0.07102531339609924,0.23339360428134107,0.07324491350418559,0.3700154890130699,0.8498923956821418,0.0,1.5719497919082643,7.954677679149269,0.14541401267051696
9.931999999999986,0.6191828295858588,-0.051265318245694545,0.6184510255259781,-0.19070593147775527,0.0,0.07074471938682753,0.23337475379369751,0.07339674965492818,0.3697127238928397,0.8498922921016935,0.0,1.5719497919082643,7.954677679149269,0.14541401267051696
9.94199999999999,0.6186842729706036,-0.048477790382328925,0.6179858270492201,-0.19126519560556368,0.0,0.07018545525901912,0.2333565418694184,0.07354234008283976,0.36902272223179666,0.8498921889159842,0.0,1.5719497919082643,7.954677679149269,0.14541401267051696
9.951999999999993,0.6182221088470594,-0.04490140608876328,0.6175689720603281,-0.19129070670669107,0.0,0.07015994415789173,0.23333896725803957,0.0736258484952108,0.36902762543507417,0.8498920863973679,0.0,1.589674162864685,7.954677679149269,0.1450125753879547
9.961999999999996,0.6177906484875735,-0.04216958240829162,0.6171688048739767,-0.19126604627399854,0.0,0.07018460459058426,0.23332202159810295,0.07370606223346514,0.36909087478271607,0.8498919839291901,0.0,1.589674162864685,7.954677679149269,0.1450125753879547
9.972,0.6173788395915003,-0.04071107702187035,0.6167669399242224,-0.1911931483580651,0.0,0.07025750250651769,0.23330569059270928,0.07381528069135289,0.3692730869552464,0.8498918812434901,0.0,1.589674162864685,7.954677679149269,0.1450125753879547
9.982000000000003,0.6169783543590975,-0.039656782619343356,0.6163705115274442,-0.1910870224897006,0.0,0.07036362837488219,0.23328995654537837,0.07382168194929331,0.3694092437100115,0.8498917784722954,0.0,1.589674162864685,7.954677679149269,0.1450125753879547
9.992000000000006,0.6165841899459269,-0.03951876547760892,0.6159665868690272,-0.19075889775177435,0.0,0.07069175311280845,0.23327480014820362,0.07383098368886985,0.3698428508199695,0.8498916753773091,0.0,1.589674162864685,7.954677679149269,0.1450125753879547
