t,df_hz,rocof_hz_s,dfv_hz,p_vsg_mw,p_pv_support_mw,p_bess_mw,p_diesel_mw,p_wind_mw,p_load_mw,soc,sat_mw,H_v,D_v,alpha
0.002,0.0,0.0,0.0,0.0,0.0,0.0,0.3791396131179086,0.40822226345629126,0.7873618765741999,0.5768618512137283,0.0,3.8526907861232758,25.45227289199829,0.27744013667106626
0.012,1.4348573004903687e-06,0.00031912758832690146,4.486707715497383e-06,-0.00029245837118087586,0.0,-0.00029245837118087586,0.3791396130997384,0.408045467509031,0.7868120744366878,0.5768618513976351,0.0,3.8526907861232758,25.45227289199829,0.27744013667106626
0.022000000000000006,1.7456883670627091e-06,-0.0003700223410196734,-3.11815521728468e-06,0.0004470472362429926,0.0,0.0004470472362429926,0.3791396127928845,0.4078108882386417,0.7876261957195382,0.5768618510550728,0.0,3.8526907861232758,25.45227289199829,0.27744013667106626
0.032000000000000015,-1.389357300474214e-06,-0.0003079259883979535,-4.302036401226774e-06,0.00014763435505837553,0.0,0.00014763435505837553,0.37913961221777914,0.40738084485272014,0.7868422640885082,0.5768618509900794,0.0,3.8526907861232758,25.45227289199829,0.27744013667106626
0.04200000000000002,-9.401942287302228e-06,-0.0012316763563949983,-1.9628174807335764e-05,0.0007244285539187562,0.0,0.0007244285539187562,0.3791396120468922,0.40698152087288386,0.7871863136177917,0.5768618502856633,0.0,3.8526907861232758,25.45227289199829,0.27744013667106626
0.05200000000000003,-3.2359596379179066e-05,-0.0030709674431950995,-5.402848367783447e-05,0.0013631103734974318,0.0,0.0013631103734974318,0.3791396139670577,0.40679454206428195,0.7878924315103959,0.57686184865117,0.0,4.235307827591896,29.054145216941833,0.2545543536543846
0.06200000000000004,-7.137009597244927e-05,-0.004425481846187882,-9.1180233794229e-05,0.00147358111089254,0.0,0.00147358111089254,0.3791396223323107,0.40631460902471744,0.7876011446272958,0.5768618466945195,0.0,4.235307827591896,29.054145216941833,0.2545543536543846
0.07200000000000005,-0.0001228517058366692,-0.005798945968493883,-0.0001361336325552314,0.001998446294728732,0.0,0.001998446294728732,0.3791396442352856,0.40557209988464277,0.7876211449221352,0.5768618442853132,0.0,4.235307827591896,29.054145216941833,0.2545543536543846
0.08200000000000006,-0.00018970852371274558,-0.007079357777301014,-0.00018966969075104282,0.0017967545969173437,0.0,0.0017967545969173437,0.37913968885871663,0.40473641744035443,0.7864938324000399,0.5768618413645981,0.0,4.235307827591896,29.054145216941833,0.2545543536543846
0.09200000000000007,-0.0002676603651862776,-0.008415841801483916,-0.00025131665846161213,0.002632521766383382,0.0,0.002632521766383382,0.3791397675277904,0.4037621817407067,0.7866651634288218,0.5768618379496303,0.0,4.235307827591896,29.054145216941833,0.2545543536543846
0.10200000000000008,-0.000362879141274547,-0.010294744883371988,-0.00032984902893449375,0.0032875209187557424,0.0,0.0032875209187557424,0.37913989318291297,0.40288430707715633,0.7865986383475545,0.5768618335434572,0.0,4.375850439071655,31.889113187789917,0.21831123232841493
0.11200000000000009,-0.0004782092495739125,-0.012467137363114372,-0.00042316953478199244,0.004016152179755719,0.0,0.004016152179755719,0.37914008111799186,0.40201539035942857,0.786696681243001,0.5768618280861668,0.0,4.375850439071655,31.889113187789917,0.21831123232841493
0.1220000000000001,-0.0006207611656198514,-0.015535997181786103,-0.0005438360323690015,0.005225269370081481,0.0,0.005225269370081481,0.3791403495481499,0.40098031618550134,0.7872673772327257,0.5768618210355023,0.0,4.375850439071655,31.889113187789917,0.21831123232841493
0.1320000000000001,-0.0007948200004555575,-0.018674733262452173,-0.0006862756742145284,0.006088633624698628,0.0,0.006088633624698628,0.379140720632302,0.40002481067877377,0.7873563861338599,0.5768618126285645,0.0,4.375850439071655,31.889113187789917,0.21831123232841493
0.1420000000000001,-0.0010024179107529813,-0.022026874583103682,-0.0008540094090736202,0.007079295662312942,0.0,0.007079295662312942,0.37914122106070913,0.3990108887428868,0.7875834875072563,0.5768618026411018,0.0,4.375850439071655,31.889113187789917,0.21831123232841493
0.1520000000000001,-0.0012389393201566832,-0.0247050462172195,-0.001036229741549024,0.00789584531318214,0.0,0.00789584531318214,0.37914188198005727,0.3980648142584035,0.7875219470254431,0.5768617916024368,0.0,4.304410248994827,33.50233942270279,0.17808758318424223
0.16200000000000012,-0.0014998282965717341,-0.026807819578417078,-0.0012328608540978197,0.008314032399709176,0.0,0.008314032399709176,0.37914273796375536,0.3973985896053782,0.7871599981791145,0.5768617795192295,0.0,4.304410248994827,33.50233942270279,0.17808758318424223
0.17200000000000013,-0.0017757211157732999,-0.028159420200087406,-0.0014372250661696018,0.009220894053427861,0.0,0.009220894053427861,0.3791438256678027,0.3971955392572205,0.7878726422748396,0.5768617666582118,0.0,4.304410248994827,33.50233942270279,0.17808758318424223
0.18200000000000013,-0.0020581692622415994,-0.028170047261236945,-0.0016393351696247056,0.009138597931671955,0.0,0.009138597931671955,0.3791451820663842,0.39722477474363566,0.7874856950520004,0.5768617535085346,0.0,4.304410248994827,33.50233942270279,0.17808758318424223
0.19200000000000014,-0.0023358430207475276,-0.02753242342296809,-0.0018411267019094305,0.009437657147223414,0.0,0.009437657147223414,0.37914684255326886,0.39692895913828324,0.787321770336067,0.5768617399810416,0.0,4.304410248994827,33.50233942270279,0.17808758318424223
0.20200000000000015,-0.0026037676851841177,-0.026041686116295152,-0.0020393803055184425,0.009164117304262963,0.0,0.009164117304262963,0.37914883908267594,0.39653069727816737,0.7862134512476432,0.5768617263201318,0.0,4.118602007627487,33.52969169616699,0.15438749492168427
0.21200000000000016,-0.0028496737516381697,-0.02350176239482573,-0.002228278099630312,0.008985104203695561,0.0,0.008985104203695561,0.37915119906042083,0.396146825403375,0.7851688214658733,0.5768617130715505,0.0,4.118602007627487,33.52969169616699,0.15438749492168427
0.22200000000000017,-0.003067302632733794,-0.02060392359027982,-0.0024078695760369217,0.009025967107093781,0.0,0.009025967107093781,0.3791539435259221,0.3961774632827458,0.7848097896974927,0.5768616999095105,0.0,4.118602007627487,33.52969169616699,0.15438749492168427
0.23200000000000018,-0.003263599846513944,-0.01904175673430295,-0.0026005650670123336,0.009923816970918856,0.0,0.009923816970918856,0.37915708647869983,0.39627823437930093,0.785839057148108,0.5768616857558061,0.0,4.118602007627487,33.52969169616699,0.15438749492168427
0.2420000000000002,-0.003443738004565799,-0.017064594981157793,-0.0027898262462400765,0.009549241905564327,0.0,0.009549241905564327,0.3791606364323123,0.39640052953750543,0.7850516155914349,0.5768616713875797,0.0,4.118602007627487,33.52969169616699,0.15438749492168427
0.25200000000000017,-0.0035964958590670813,-0.014255455867570713,-0.002965599218882007,0.009777886873117498,0.0,0.009777886873117498,0.37916459747230863,0.3966350802892441,0.7852750617989674,0.5768616574577282,0.0,3.891607031226158,32.33809173107147,0.1517423450946808
0.2620000000000002,-0.003725449325085917,-0.011505762355862932,-0.003143266628050608,0.008902602707507598,0.0,0.008902602707507598,0.3791689680922485,0.3968122447054659,0.7839505793031593,0.5768616436206784,0.0,3.891607031226158,32.33809173107147,0.1517423450946808
0.2720000000000002,-0.0038191302765768695,-0.008405550737131543,-0.0033035079181153388,0.009533028026439929,0.0,0.009533028026439929,0.37917374137834065,0.39667877565490073,0.7845392690700913,0.5768616302661558,0.0,3.891607031226158,32.33809173107147,0.1517423450946808
0.2820000000000002,-0.003895167290011402,-0.007290319412564086,-0.003481543138751767,0.01028077354616178,0.0,0.01028077354616178,0.3791789043505543,0.39600660944595123,0.7847955152188993,0.5768616157834398,0.0,3.891607031226158,32.33809173107147,0.1517423450946808
0.2920000000000002,-0.0039713457592434566,-0.00805731011334466,-0.0036849936811353956,0.011425960577722495,0.0,0.011425960577722495,0.379184441036521,0.3952050743049639,0.7853922913721274,0.5768615997894603,0.0,3.891607031226158,32.33809173107147,0.1517423450946808
0.3020000000000002,-0.004056385360791014,-0.008898803736549865,-0.0038984488914128508,0.011711662198360557,0.0,0.011711662198360557,0.37919033609934205,0.39461618946269045,0.7850742028585813,0.576861583084586,0.0,3.719153881072998,31.35602504014969,0.16286208629608154
0.3120000000000002,-0.0041540008114482625,-0.010286430840750468,-0.004132607445011841,0.01214600801687101,0.0,0.01214600801687101,0.37919657658179823,0.39377658387508313,0.7847549890712842,0.5768615655790984,0.0,3.719153881072998,31.35602504014969,0.16286208629608154
0.32200000000000023,-0.004259874950277289,-0.010894015159247386,-0.004361116122805457,0.012519533083445557,0.0,0.012519533083445557,0.37920315233703394,0.3928506216813412,0.784351103463219,0.5768615478951573,0.0,3.719153881072998,31.35602504014969,0.16286208629608154
0.33200000000000024,-0.004380505010891688,-0.013043835661819117,-0.004613002716173482,0.013543910103648846,0.0,0.013543910103648846,0.37921005542524205,0.3916047902157079,0.7845921026031919,0.576861528760682,0.0,3.719153881072998,31.35602504014969,0.16286208629608154
0.34200000000000025,-0.004528818574614142,-0.0163436139626912,-0.004890034921266479,0.014947709084520228,0.0,0.014947709084520228,0.37921728107404273,0.39002784196341606,0.7850300214481453,0.5768615080544608,0.0,3.719153881072998,31.35602504014969,0.16286208629608154
0.35200000000000026,-0.004718076404400802,-0.020853731129843914,-0.0052005414274358544,0.016045811005898393,0.0,0.016045811005898393,0.37922482998869245,0.38827294981970273,0.7849117554517822,0.5768614854290376,0.0,3.6417152285575867,31.198424696922302,0.1737212598323822
0.36200000000000027,-0.0049584391508827605,-0.026161903704311665,-0.005547693207731924,0.017370737404707553,0.0,0.017370737404707553,0.3792327104642985,0.3863591181191417,0.7849217324526838,0.5768614609047354,0.0,3.6417152285575867,31.198424696922302,0.1737212598323822
0.3720000000000003,-0.005256602368213292,-0.03225845132781795,-0.005931564096865983,0.018851591253299285,0.0,0.018851591253299285,0.3792409397947526,0.38454761430624806,0.7851377330434943,0.5768614341570657,0.0,3.6417152285575867,31.198424696922302,0.1737212598323822
0.3820000000000003,-0.005613890435416908,-0.03782057762972667,-0.006337323316189653,0.019715525280230618,0.0,0.019715525280230618,0.3792495449620331,0.3828730443745901,0.7847432376850076,0.5768614057572604,0.0,3.6417152285575867,31.198424696922302,0.1737212598323822
0.3920000000000003,-0.006024774286650702,-0.043324188799680634,-0.006767418599503111,0.021218593995965485,0.0,0.021218593995965485,0.3792585621475215,0.38118666241480503,0.7851261872512508,0.5768613755665909,0.0,3.6417152285575867,31.198424696922302,0.1737212598323822
0.4020000000000003,-0.006483421703201108,-0.04745013403888957,-0.007203284590560994,0.02167194954730349,0.0,0.02167194954730349,0.3792680351711201,0.37977559558306434,0.7843057808404084,0.5768613443132822,0.0,3.6426524370908737,31.480190753936768,0.1786110520362854
0.4120000000000003,-0.0069825374621705835,-0.05148271507331868,-0.007655655100439961,0.022841340787917053,0.0,0.022841340787917053,0.37927801374774645,0.37842260765604135,0.784511797793583,0.5768613114483374,0.0,3.6426524370908737,31.480190753936768,0.1786110520362854
0.4220000000000003,-0.0075177682224739535,-0.054751988628968226,-0.008116769890661017,0.023632495208127276,0.0,0.023632495208127276,0.37928855168080255,0.3769832218852693,0.7840867436338189,0.5768612773703354,0.0,3.6426524370908737,31.480190753936768,0.1786110520362854
0.43200000000000033,-0.008084382097082642,-0.05770235579003814,-0.008590724677540315,0.024470097668092397,0.0,0.024470097668092397,0.3792997056651828,0.3759303970353705,0.7839678475596785,0.5768612418856159,0.0,3.6426524370908737,31.480190753936768,0.1786110520362854
0.44200000000000034,-0.008676410312899428,-0.060183012800165886,-0.009074098692896944,0.025600828223678096,0.0,0.025600828223678096,0.37931153405097956,0.3752687352011777,0.784611080553616,0.576861205122804,0.0,3.6426524370908737,31.480190753936768,0.1786110520362854
0.45200000000000035,-0.00928903107573507,-0.06188384894046521,-0.009561452694568168,0.02617279502612275,0.0,0.02617279502612275,0.37932409561138225,0.3746341017348385,0.7845681972370598,0.5768611672159648,0.0,3.675649642944336,31.865523159503937,0.1780226022005081
0.46200000000000035,-0.009910524157642561,-0.0622457182452849,-0.010038244899318236,0.026609843841086153,0.0,0.026609843841086153,0.37933744835865013,0.37387596620213626,0.784084661083832,0.5768611285456692,0.0,3.675649642944336,31.865523159503937,0.1780226022005081
0.47200000000000036,-0.010531524065931521,-0.061978334211570195,-0.010513288091713154,0.027293664555193043,0.0,0.027293664555193043,0.37935164746053723,0.373374196749063,0.7841720261889763,0.5768610890637901,0.0,3.675649642944336,31.865523159503937,0.1780226022005081
0.4820000000000004,-0.011144058208779587,-0.06066001990661643,-0.010978934481796026,0.027465364498156977,0.0,0.027465364498156977,0.37936674350189276,0.37306627146457416,0.7836435517019579,0.5768610491058244,0.0,3.675649642944336,31.865523159503937,0.1780226022005081
0.4920000000000004,-0.011737529338508235,-0.05824217499846357,-0.011430049943017455,0.02752548969186914,0.0,0.02752548969186914,0.37938278114709045,0.37294859403782493,0.7831492882801206,0.5768610089131779,0.0,3.675649642944336,31.865523159503937,0.1780226022005081
0.5020000000000003,-0.012302237117166657,-0.055139296837800666,-0.01186589915611864,0.02796568010939935,0.0,0.02796568010939935,0.3793997974497724,0.3727388906766279,0.7831007826976352,0.5768609684478123,0.0,3.744468569755554,32.08686709403992,0.17738914489746094
0.5120000000000003,-0.012843416222059359,-0.05348131209059246,-0.012311948071598683,0.0291258605361463,0.0,0.0291258605361463,0.3794178207022517,0.3724967048069855,0.7839867711659109,0.5768609263139801,0.0,3.744468569755554,32.08686709403992,0.17738914489746094
0.5220000000000004,-0.013375183816292194,-0.05318450520514983,-0.012781896117090186,0.03063308759527549,0.0,0.03063308759527549,0.37943687190109304,0.37222682525091727,0.7852445212010198,0.5768608822823073,0.0,3.744468569755554,32.08686709403992,0.17738914489746094
0.5320000000000004,-0.013907128031878031,-0.05294920392298176,-0.013267274927531478,0.031357693020352816,0.0,0.031357693020352816,0.3794569678900894,0.3719474558045953,0.7854861521771519,0.5768608366750836,0.0,3.744468569755554,32.08686709403992,0.17738914489746094
0.5420000000000004,-0.014426708673810365,-0.05115280652252639,-0.013742108174786445,0.03167251867181731,0.0,0.03167251867181731,0.3794781230063353,0.3716146472487435,0.785064298300488,0.5768607906269335,0.0,3.744468569755554,32.08686709403992,0.17738914489746094
0.5520000000000004,-0.014929768533826864,-0.04998685493617987,-0.014228006122989205,0.033407541090045755,0.0,0.033407541090045755,0.3795003473906829,0.3712105257689037,0.7865436668829859,0.5768607431053672,0.0,3.789779871702194,32.33831703662872,0.17685384750366212
0.5620000000000004,-0.01542943736820561,-0.049576076751713584,-0.014730692283135317,0.0338569802657905,0.0,0.0338569802657905,0.37952364666945826,0.37057098272939576,0.7860223285834727,0.576860693533287,0.0,3.789779871702194,32.33831703662872,0.17685384750366212
0.5720000000000004,-0.015910677054162176,-0.04724722961622051,-0.015214615307548997,0.03438297482560212,0.0,0.03438297482560212,0.37954802380638847,0.3698697349917548,0.785474582671411,0.5768606438608728,0.0,3.789779871702194,32.33831703662872,0.17685384750366212
0.5820000000000004,-0.01637430996411488,-0.04579762583473065,-0.01571155561684259,0.03536624321063658,0.0,0.03536624321063658,0.3795734773916181,0.3697569854140488,0.7861478693157873,0.5768605926863316,0.0,3.789779871702194,32.33831703662872,0.17685384750366212
0.5920000000000004,-0.016821647955012568,-0.04381010127132827,-0.01620506153364898,0.03554501611679356,0.0,0.03554501611679356,0.37960000166153873,0.3698014825005136,0.7858984087435671,0.5768605407228894,0.0,3.789779871702194,32.33831703662872,0.17685384750366212
0.6020000000000004,-0.017245531378227305,-0.04132864565811772,-0.016688911688553635,0.036028625332977585,0.0,0.036028625332977585,0.37962758691557,0.3697405339282799,0.7860505735051041,0.5768604881748787,0.0,3.823819190263748,32.5914791226387,0.17467400729656218
0.6120000000000004,-0.017639298804020175,-0.03792183084693436,-0.01714943917285,0.03601244409275544,0.0,0.03601244409275544,0.3796562186011091,0.3696520646744591,0.7854625101520898,0.5768604354157764,0.0,3.823819190263748,32.5914791226387,0.17467400729656218
0.6220000000000004,-0.017996932628851256,-0.034192276447605204,-0.01759244398558884,0.0359535713613943,0.0,0.0359535713613943,0.37968587633502343,0.3698548743764769,0.7851891900074378,0.576860382575705,0.0,3.823819190263748,32.5914791226387,0.17467400729656218
0.6320000000000005,-0.018311071946260197,-0.02939061570539608,-0.018002891998977102,0.03555116717679686,0.0,0.03555116717679686,0.37971653310866027,0.3701420399993724,0.7845666279609692,0.5768603303701318,0.0,3.823819190263748,32.5914791226387,0.17467400729656218
0.6420000000000005,-0.018577015917444963,-0.024742861869853142,-0.018389556403782894,0.0353204710715774,0.0,0.0353204710715774,0.37974815437141957,0.3704232646050263,0.7842562811413388,0.5768602784665177,0.0,3.823819190263748,32.5914791226387,0.17467400729656218
0.6520000000000005,-0.01879858153542109,-0.020708093233036313,-0.018756917729142158,0.035596364805662285,0.0,0.035596364805662285,0.3797806977590763,0.3704038520763165,0.7845013288330258,0.5768602266733336,0.0,3.8657854050397873,32.58359611034393,0.17398741543292998
0.6620000000000005,-0.01898598047845324,-0.017451734285276063,-0.019109016079687804,0.035344527197128106,0.0,0.035344527197128106,0.37981411445006974,0.3705427367593351,0.7841002319480882,0.5768601747413705,0.0,3.8657854050397873,32.58359611034393,0.17398741543292998
0.6720000000000005,-0.01913181822042008,-0.01263745171262482,-0.019413713133647998,0.034365285219079125,0.0,0.034365285219079125,0.3798483511531446,0.3710118535349199,0.7831439376495726,0.5768601243148732,0.0,3.8657854050397873,32.58359611034393,0.17398741543292998
0.6820000000000005,-0.019229854625703816,-0.008085812347845283,-0.019684811941343888,0.033813565376180924,0.0,0.033813565376180924,0.3798833493625812,0.3712803979934387,0.7827596276748037,0.5768600748551376,0.0,3.8657854050397873,32.58359611034393,0.17398741543292998
0.6920000000000005,-0.01928859182757103,-0.00441749359088146,-0.019931302801046595,0.03324294052953414,0.0,0.03324294052953414,0.37991904477578664,0.37157785720764175,0.7823531623772627,0.5768600260084303,0.0,3.8657854050397873,32.58359611034393,0.17398741543292998
0.7020000000000005,-0.019320204787359577,-0.0026959620185556515,-0.02016963483616585,0.0337028462966835,0.0,0.0337028462966835,0.3799553691412178,0.37204703785009896,0.7836781856508173,0.5768599770949072,0.0,3.893682986497879,32.4250328540802,0.1742252916097641
0.7120000000000005,-0.01934780558724334,-0.003093410874434728,-0.020413350592975013,0.034096488850710774,0.0,0.034096488850710774,0.3799922531918568,0.3726319083783336,0.7851011500760572,0.5768599275670269,0.0,3.893682986497879,32.4250328540802,0.1742252916097641
0.7220000000000005,-0.01938456658449004,-0.003906785365151845,-0.020647255761920752,0.03367175592571554,0.0,0.03367175592571554,0.3800296309357846,0.37316533293365217,0.7854664809772499,0.5768598780251076,0.0,3.893682986497879,32.4250328540802,0.1742252916097641
0.7320000000000005,-0.019426318519919026,-0.00439128616633281,-0.02085804915092325,0.03331459450927958,0.0,0.03331459450927958,0.380067441823918,0.3733789163085092,0.7856408238245193,0.5768598291117261,0.0,3.893682986497879,32.4250328540802,0.1742252916097641
0.7420000000000005,-0.019469335438684985,-0.00407266430735111,-0.021036190237582325,0.03225161790114762,0.0,0.03225161790114762,0.3801056300440954,0.3738065225481634,0.7850405845511983,0.5768597813065769,0.0,3.893682986497879,32.4250328540802,0.1742252916097641
0.7520000000000006,-0.01951093113772719,-0.004166074187676862,-0.02119253525286402,0.03185400469546424,0.0,0.03185400469546424,0.38014414343384373,0.3740503317064128,0.7853338628928305,0.5768597341988166,0.0,3.8640310913324356,32.36849009990692,0.17281261682510377
0.7620000000000006,-0.019551622358297154,-0.004049650351308453,-0.02132007491604616,0.031193343231061113,0.0,0.031193343231061113,0.38018293282202126,0.3744220670329873,0.7853150419138161,0.5768596882194305,0.0,3.8640310913324356,32.36849009990692,0.17281261682510377
0.7720000000000006,-0.019593094072995053,-0.004187153467360652,-0.021423158281523337,0.030370227800207542,0.0,0.030370227800207542,0.3802219519892529,0.37490077334096,0.7851958089664337,0.5768596431216779,0.0,3.8640310913324356,32.36849009990692,0.17281261682510377
0.7820000000000006,-0.01963653474486983,-0.004501296074700716,-0.021501396171496653,0.029944362164672163,0.0,0.029944362164672163,0.38026115775301805,0.37529449449865193,0.7856660355266227,0.5768595989716113,0.0,3.8640310913324356,32.36849009990692,0.17281261682510377
0.7920000000000006,-0.01968678240967823,-0.0056308912415175836,-0.02156514699568183,0.02981802163503192,0.0,0.02981802163503192,0.3803005101198491,0.37563379322816015,0.7864523680556245,0.5768595553428,0.0,3.8640310913324356,32.36849009990692,0.17281261682510377
0.8020000000000006,-0.019752801942324014,-0.007118396476267773,-0.02161575641355438,0.029125887500803433,0.0,0.029125887500803433,0.3803399731443063,0.3760371169390414,0.7864920538724047,0.576859512230369,0.0,3.820341035723686,32.23590940237045,0.17244245409965514
0.8120000000000006,-0.019835427085570505,-0.00875091149276909,-0.021653793619670063,0.028383570118509546,0.0,0.028383570118509546,0.3803795161112273,0.3765177174869772,0.7865406081886167,0.5768594697474454,0.0,3.820341035723686,32.23590940237045,0.17244245409965514
0.8220000000000006,-0.01992695502374714,-0.009282437892081967,-0.021660081625794705,0.027602021410308094,0.0,0.027602021410308094,0.3804191133761711,0.3771285788946723,0.7866046351963483,0.5768594286363934,0.0,3.820341035723686,32.23590940237045,0.17244245409965514
0.8320000000000006,-0.02002284394641385,-0.009944138797900431,-0.02164792616321247,0.02726407435520297,0.0,0.02726407435520297,0.3804587427836353,0.3777454974565649,0.7872874561711392,0.5768593883559612,0.0,3.820341035723686,32.23590940237045,0.17244245409965514
0.8420000000000006,-0.020125544720948282,-0.010516156205393149,-0.021618670952049085,0.02686196711802244,0.0,0.02686196711802244,0.3804983846636533,0.37835017596015064,0.787822649738057,0.5768593488738957,0.0,3.820341035723686,32.23590940237045,0.17244245409965514
0.8520000000000006,-0.020231083680051682,-0.01047679459531843,-0.021567141325424557,0.025939182401774313,0.0,0.025939182401774313,0.38053802191069697,0.3789428572560044,0.7875644508299603,0.5768593104988429,0.0,3.8314556628465652,32.077660858631134,0.174347448348999
0.8620000000000007,-0.020332756748044627,-0.009928210975456753,-0.02149484211786438,0.025086931779613898,0.0,0.025086931779613898,0.38057763904970093,0.3795237793763904,0.7873370963156907,0.5768592733326164,0.0,3.8314556628465652,32.077660858631134,0.174347448348999
0.8720000000000007,-0.020428973832037463,-0.009661766711567255,-0.021410756956343303,0.025093233178321496,0.0,0.025093233178321496,0.38061722101020656,0.38009317563086076,0.7882410446543542,0.5768592368433422,0.0,3.8314556628465652,32.077660858631134,0.174347448348999
0.8820000000000007,-0.020525758585908303,-0.009520490464023295,-0.021319813569302362,0.024374773882804977,0.0,0.024374773882804977,0.38065675293595425,0.3806512746999571,0.7880551896661183,0.5768592008192984,0.0,3.8314556628465652,32.077660858631134,0.174347448348999
0.8920000000000007,-0.02061626071929541,-0.008671004556421537,-0.021211519820172567,0.02369808620795911,0.0,0.02369808620795911,0.38069622083944465,0.3811983007270529,0.7878516975460871,0.576859165757711,0.0,3.8314556628465652,32.077660858631134,0.174347448348999
0.9020000000000007,-0.02069718754597899,-0.007659085458109152,-0.02109343297902153,0.02328850166051077,0.0,0.02328850166051077,0.38073561063797096,0.38173447340837413,0.7879467983813607,0.5768591313650213,0.0,3.895310193300247,32.07494556903839,0.1781779021024704
0.9120000000000007,-0.020768636686190965,-0.006750616240308051,-0.020972315595291755,0.022938294716556423,0.0,0.022938294716556423,0.3807749074564018,0.3822600080812333,0.7880512052738355,0.5768590974073395,0.0,3.895310193300247,32.07494556903839,0.1781779021024704
0.9220000000000007,-0.02083001656442967,-0.005732251770714701,-0.02084733987600407,0.022771395385226587,0.0,0.022771395385226587,0.38081409567339075,0.3827751158105127,0.7883407526062148,0.5768590638564872,0.0,3.895310193300247,32.07494556903839,0.1781779021024704
0.9320000000000007,-0.020881668679101753,-0.004840712974920708,-0.02072401886354208,0.02297221080031453,0.0,0.02297221080031453,0.38085315893617444,0.3832800034734332,0.7890768349685379,0.5768590304643894,0.0,3.895310193300247,32.07494556903839,0.1781779021024704
0.9420000000000007,-0.02092675693949875,-0.0042233078835209005,-0.02060832685747699,0.022822912496913123,0.0,0.022822912496913123,0.3808920802754215,0.3837748738426389,0.7892577821872037,0.5768589969494985,0.0,3.895310193300247,32.07494556903839,0.1781779021024704
0.9520000000000007,-0.020963431476234504,-0.003325250177547989,-0.020494782231463123,0.022878727818699814,0.0,0.022878727818699814,0.3809308426222555,0.3842599256676355,0.7896655276638032,0.5768589635283738,0.0,3.979413092136383,32.271167039871216,0.1786327600479126
0.9620000000000007,-0.020991657932187834,-0.0024249758744084382,-0.02038747538612104,0.022867783944889447,0.0,0.022867783944889447,0.3809694286521343,0.38473535375461143,0.7899247015554351,0.5768589299264151,0.0,3.979413092136383,32.271167039871216,0.1786327600479126
0.9720000000000008,-0.021005351103162657,-0.0005870110765468517,-0.020275220862764953,0.022589523080964458,0.0,0.022589523080964458,0.3810078206379679,0.38520134904467573,0.7897615093155389,0.576858896760021,0.0,3.979413092136383,32.271167039871216,0.1786327600479126
0.9820000000000008,-0.020997972520651425,0.0015095389311372545,-0.020162995590888057,0.022465761781136392,0.0,0.022465761781136392,0.3810459993819739,0.38565809869054424,0.7897762164709999,0.5768588638067454,0.0,3.979413092136383,32.271167039871216,0.1786327600479126
0.9920000000000008,-0.020974282232504738,0.0029736210219766007,-0.020064435359303294,0.02267552500114563,0.0,0.02267552500114563,0.3810839433254493,0.3861057861317031,0.7902273197322771,0.576858830417708,0.0,3.979413092136383,32.271167039871216,0.1786327600479126
1.0020000000000007,-0.020931767256810608,0.005015730630510064,-0.019964802717844683,0.022977433901433492,0.0,0.022977433901433492,0.3811216292883007,0.386544591168082,0.7907852334647343,0.5768587972421105,0.0,4.048671826720238,32.43653863668442,0.17693429589271545
1.0120000000000007,-0.02086762527222997,0.007636961362210074,-0.019861847243923664,0.022243459251188764,0.0,0.022243459251188764,0.38115903231806536,0.3869746900322651,0.7898800357640889,0.5768587643210447,0.0,4.048671826720238,32.43653863668442,0.17693429589271545
1.0220000000000007,-0.020774188791516844,0.01058977451090054,-0.019754635077834714,0.022003370350527744,0.0,0.022003370350527744,0.381196125018221,0.3873962554602696,0.7896648483431282,0.5768587318022829,0.0,4.048671826720238,32.43653863668442,0.17693429589271545
1.0320000000000007,-0.02064409166745035,0.01462015771766699,-0.019629963599844483,0.02134068378981581,0.0,0.02134068378981581,0.3812328764714253,0.3878094567609199,0.7888684299353483,0.5768587003271675,0.0,4.048671826720238,32.43653863668442,0.17693429589271545
1.0420000000000007,-0.020476527181012876,0.018168862386115203,-0.019503450793286616,0.02104371313617998,0.0,0.02104371313617998,0.3812692511888404,0.38821445988384484,0.7886065237126029,0.5768586691775472,0.0,4.048671826720238,32.43653863668442,0.17693429589271545
1.0520000000000007,-0.020273540515320564,0.021796700226836645,-0.01936893231372774,0.0205284074043565,0.0,0.0205284074043565,0.38130520917169924,0.388611427486127,0.7880711579034968,0.5768586386816308,0.0,4.093859896063805,32.37052500247955,0.1748672068119049
1.0620000000000007,-0.02003849394350483,0.024548204166086864,-0.019237959487944187,0.02066107033194317,0.0,0.02066107033194317,0.3813407066523145,0.3890005189976282,0.78848484734191,0.5768586083867415,0.0,4.093859896063805,32.37052500247955,0.1748672068119049
1.0720000000000007,-0.01977839678726758,0.026704714368228886,-0.019107870969932616,0.020850458809122664,0.0,0.020850458809122664,0.38137569708205593,0.3893818906850204,0.7890263886493216,0.5768585782992257,0.0,4.093859896063805,32.37052500247955,0.1748672068119049
1.0820000000000007,-0.019501369265733624,0.028452515407024967,-0.01897884102731678,0.020315478552127026,0.0,0.020315478552127026,0.38141013275660374,0.38975569571454455,0.7886063863650866,0.5768585484016909,0.0,4.093859896063805,32.37052500247955,0.1748672068119049
1.0920000000000007,-0.019203877808915346,0.03057445376123346,-0.018837556419987387,0.019819292532469904,0.0,0.019819292532469904,0.381443966157622,0.3901220842135259,0.7882984118989441,0.5768585193453193,0.0,4.093859896063805,32.37052500247955,0.1748672068119049
1.1020000000000008,-0.018894103972091486,0.031132588551041493,-0.018707584526460857,0.01993400722077378,0.0,0.01993400722077378,0.3814771497933672,0.39048120333066744,0.7889062620522451,0.5768584900386958,0.0,4.0864245891571045,32.22233206033707,0.17338852286338804
1.1120000000000008,-0.01857474902147239,0.032523606005633546,-0.018562425439299837,0.018918100745497143,0.0,0.018918100745497143,0.38150963750129463,0.3908331972951479,0.7879918502152432,0.5768584618318932,0.0,4.0864245891571045,32.22233206033707,0.17338852286338804
1.1220000000000008,-0.01824109890341188,0.033892137467879876,-0.018404427962006413,0.01847183508098763,0.0,0.01847183508098763,0.38154138492048745,0.3911782074745472,0.787938169412296,0.5768584345226548,0.0,4.0864245891571045,32.22233206033707,0.17338852286338804
1.1320000000000008,-0.017896422905821233,0.03461264668332538,-0.018239587397233428,0.01823845935881423,0.0,0.01823845935881423,0.38157234871584295,0.3915163724316218,0.7882453611475494,0.5768584078461829,0.0,4.0864245891571045,32.22233206033707,0.17338852286338804
1.1420000000000008,-0.017550188418615553,0.03484621710373378,-0.01806899621577599,0.017289053267689113,0.0,0.017289053267689113,0.38160248724514856,0.3918478279799551,0.7876087746312169,0.5768583817536826,0.0,4.0864245891571045,32.22233206033707,0.17338852286338804
1.1520000000000008,-0.0171969028616452,0.03534985226837691,-0.017879189004319486,0.017121680430452008,0.0,0.017121680430452008,0.38163176179167907,0.3921727072385018,0.7881233318308837,0.576858356965637,0.0,4.045160293579102,31.931554675102234,0.17250182926654814
1.1620000000000008,-0.016845649379994946,0.03496621009304522,-0.017687306649595145,0.01627817917261739,0.0,0.01627817917261739,0.3816601360693929,0.3924911406850517,0.787742523499547,0.5768583327987112,0.0,4.045160293579102,31.931554675102234,0.17250182926654814
1.1720000000000008,-0.016504137704015532,0.033589303289479844,-0.01749495798672583,0.015983439148194938,0.0,0.015983439148194938,0.38168757737956066,0.39280325620863193,0.7881736468869338,0.5768583090133054,0.0,4.045160293579102,31.931554675102234,0.17250182926654814
1.1820000000000008,-0.01777123273119363,-0.3527229307969664,-0.022473765161462426,0.29749448849246674,0.0,0.29749448849246674,0.38171406905497346,0.3931091791608696,1.1829456661824151,0.5768580389959873,0.0,4.045160293579102,31.931554675102234,0.17250182926654814
1.1920000000000008,-0.02398124913496812,-0.7685915124221512,-0.030667831868481005,0.2985451739522346,0.0,0.2985451739522346,0.3817399721786249,0.3934090324063354,1.1834481876187062,0.5768576031892984,0.0,4.045160293579102,31.931554675102234,0.17250182926654814
1.2020000000000008,-0.03317169271695833,-1.002208505005694,-0.03866022473003258,0.30079443983003806,0.0,0.30079443983003806,0.3817664808766413,0.39370293637188863,1.1837475165787998,0.5768571650867057,0.0,3.8258941024541855,34.103097915649414,0.10076605081558226
1.2120000000000009,-0.04403414208942252,-1.1299642171606754,-0.04667918025012592,0.30393307161519845,0.0,0.30393307161519845,0.3817953016361676,0.39399100909504264,1.18345116866998,0.5768567227221336,0.0,3.8258941024541855,34.103097915649414,0.10076605081558226
1.2220000000000009,-0.05570701645413262,-1.184650017355338,-0.054478168896094706,0.30852297568141185,0.0,0.30852297568141185,0.38182835410724353,0.39427336627137116,1.1834235272934412,0.5768562743923628,0.0,3.8258941024541855,34.103097915649414,0.10076605081558226
1.2320000000000009,-0.06763677025981091,-1.1939972004786943,-0.06210411603727949,0.3145004390061596,0.0,0.3145004390061596,0.38186758674119364,0.39455012130097383,1.1836807989399467,0.5768558183997832,0.0,3.8258941024541855,34.103097915649414,0.10076605081558226
1.2420000000000009,-0.0794839475484483,-1.175442779772267,-0.06961454056298183,0.3215485731232006,0.0,0.3215485731232006,0.3819148639516785,0.39482138533402,1.183920865241856,0.5768553524636355,0.0,3.8258941024541855,34.103097915649414,0.10076605081558226
1.252000000000001,-0.09101158425628947,-1.132311116373401,-0.07688663502142835,0.32905983349864515,0.0,0.32905983349864515,0.38197190242697143,0.39508726731538846,1.1834683533459103,0.5768548760825742,0.0,4.748227179050446,24.804247170686722,0.21971300840377805
1.262000000000001,-0.10192935581883271,-1.065146805188361,-0.08360408557875536,0.3378081521761368,0.0,0.3378081521761368,0.38204023000361576,0.3953478740284222,1.183570113836182,0.576854387612924,0.0,4.748227179050446,24.804247170686722,0.21971300840377805
1.272000000000001,-0.11218611503360497,-0.9992665524983667,-0.09039200259765859,0.34708688983656993,0.0,0.34708688983656993,0.3821211475592712,0.39560331013781436,1.18344430055139,0.5768538854455569,0.0,4.748227179050446,24.804247170686722,0.21971300840377805
1.282000000000001,-0.12177740118512535,-0.9321923867323054,-0.09725289600578443,0.3570057870811827,0.0,0.3570057870811827,0.3822157280979308,0.39585367823164375,1.1835018365692047,0.57685336933818,0.0,4.748227179050446,24.804247170686722,0.21971300840377805
1.292000000000001,-0.13068716175884248,-0.8633149371712809,-0.10419081956770088,0.3667960719873156,0.0,0.3667960719873156,0.3823248300790401,0.39609907886257617,1.1829384684920192,0.5768528389566286,0.0,4.748227179050446,24.804247170686722,0.21971300840377805
1.302000000000001,-0.13893928597952482,-0.8115754967823045,-0.11171894661708014,0.37694999053940514,0.0,0.37694999053940514,0.38244910816981303,0.39633961058824835,1.1827227287939528,0.5768522935382804,0.0,3.338483601808548,27.670405209064484,0.3748137220740318
1.312000000000001,-0.14704472250826064,-0.805046411215182,-0.12126588058780297,0.3870603744009802,0.0,0.3870603744009802,0.3825890421399801,0.3965753700108505,1.1827225764898044,0.5768517338038801,0.0,3.338483601808548,27.670405209064484,0.3748137220740318
1.322000000000001,-0.15490763052039988,-0.7710062161725515,-0.13079589711540035,0.3968000567873373,0.0,0.3968000567873373,0.38274502221547274,0.39680645181592383,1.1828468707709072,0.576851159289576,0.0,3.338483601808548,27.670405209064484,0.3748137220740318
1.332000000000001,-0.16232868006688853,-0.721337265265124,-0.14027980469424303,0.40581192694231344,0.0,0.40581192694231344,0.3829173507764036,0.39703294881038764,1.182840131637464,0.5768505711811065,0.0,3.338483601808548,27.670405209064484,0.3748137220740318
1.342000000000001,-0.16920118810991594,-0.6639346682109674,-0.14969179694898557,0.4140296851226509,0.0,0.4140296851226509,0.3831062100022515,0.39725495195981286,1.182837842545061,0.5768499705783818,0.0,3.338483601808548,27.670405209064484,0.3748137220740318
1.352000000000001,-0.17545784855174415,-0.5939030234248804,-0.15873856066276926,0.42065797995323395,0.0,0.42065797995323395,0.38331164862983014,0.39747255042495544,1.181932761992696,0.5768493593487046,0.0,3.076197781600058,35.62994360923767,0.4271892324090004
1.362000000000001,-0.18081642299571826,-0.49969328448419575,-0.16661927894939968,0.4271929626736318,0.0,0.4271929626736318,0.38353357171500796,0.3976858315975648,1.1823215159611427,0.5768487384586037,0.0,3.076197781600058,35.62994360923767,0.4271892324090004
1.372000000000001,-0.1853290737124091,-0.4206715261171722,-0.17428326083107593,0.4324239339299812,0.0,0.4324239339299812,0.3837717083803757,0.3978948811354824,1.182403079442032,0.5768481091182721,0.0,3.076197781600058,35.62994360923767,0.4271892324090004
1.382000000000001,-0.18911531284712008,-0.3519151855159268,-0.18167816932880412,0.4361878203624255,0.0,0.4361878203624255,0.38402562642627563,0.3980997829970434,1.1820649972604844,0.576847473707329,0.0,3.076197781600058,35.62994360923767,0.4271892324090004
1.392000000000001,-0.19227708697986143,-0.29374619612667036,-0.18880230545642454,0.439694091065054,0.0,0.439694091065054,0.3842947667148072,0.39830061947479595,1.183083376304838,0.5768468328564745,0.0,3.076197781600058,35.62994360923767,0.4271892324090004
1.402000000000001,-0.19487164988231223,-0.22379803639099816,-0.1950464859440664,0.4413654429920665,0.0,0.4413654429920665,0.3845784723329921,0.3984974712285514,1.1832942573983691,0.5768461883706937,0.0,3.4476624354720116,43.28061044216156,0.27410549148917196
1.412000000000001,-0.19637693638270812,-0.1083385412531,-0.1987262184225374,0.4418562887776602,0.0,0.4418562887776602,0.38487599363884434,0.39869041731777904,1.1834457335750677,0.5768455425514474,0.0,3.4476624354720116,43.28061044216156,0.27410549148917196
1.422000000000001,-0.19698737345617,-0.03384015105532866,-0.2021806127056128,0.44144812504208847,0.0,0.44144812504208847,0.3851864236563836,0.3988795352333576,1.1838086773427798,0.5768448967310202,0.0,3.4476624354720116,43.28061044216156,0.27410549148917196
1.432000000000001,-0.19702079142483625,0.014153807090632863,-0.2053866315207286,0.4398424910509128,0.0,0.4398424910509128,0.38550873004796693,0.39906490092869756,1.1839352773363045,0.5768442524293345,0.0,3.4476624354720116,43.28061044216156,0.27410549148917196
1.442000000000001,-0.19668560012176495,0.044304177550160556,-0.20832129929501667,0.43750945118285717,0.0,0.43750945118285717,0.3858418254177372,0.39924658885024494,1.184424496891445,0.5768436112286486,0.0,3.4476624354720116,43.28061044216156,0.27410549148917196
1.452000000000001,-0.19611011036932421,0.07071928873494059,-0.21072274519829934,0.4338753450108464,0.0,0.4338753450108464,0.38618461329645803,0.39942467196738096,1.184386538756894,0.5768429747982073,0.0,2.662175700068474,48.17161321640015,0.49828194975852963
1.462000000000001,-0.19514609835331434,0.11031829278672205,-0.2118681341981078,0.4293841352734889,0.0,0.4293841352734889,0.38653600948695666,0.3995992218017276,1.1842576116998804,0.576842344154838,0.0,2.662175700068474,48.17161321640015,0.49828194975852963
1.472000000000001,-0.1939061200847811,0.13099974427804428,-0.21267732295620767,0.4239002760057495,0.0,0.4239002760057495,0.386894925752202,0.39977030845587214,1.183668364764231,0.5768417211297959,0.0,2.662175700068474,48.17161321640015,0.49828194975852963
1.482000000000001,-0.19254501389980347,0.1381011420557995,-0.21316411220799591,0.41818409235051646,0.0,0.41818409235051646,0.3872602864019365,0.3999380006415218,1.18353838749287,0.5768411062268464,0.0,2.662175700068474,48.17161321640015,0.49828194975852963
1.492000000000001,-0.19117553130634424,0.13522242661414585,-0.21334205804633555,0.4119890201981772,0.0,0.4119890201981772,0.3876310582718585,0.4001023657070996,1.183362543679278,0.5768404999186559,0.0,2.662175700068474,48.17161321640015,0.49828194975852963
1.5020000000000011,-0.18986702567468405,0.12932923741449548,-0.213111482031494,0.40547014023854794,0.0,0.40547014023854794,0.3880062707637146,0.400263469664793,1.1831878804400628,0.5768399032439497,0.0,2.17108758687973,49.016820192337036,0.6116443574428558
1.5120000000000011,-0.1885804373817413,0.12667063977801524,-0.21222185338288513,0.3992479460172352,0.0,0.3992479460172352,0.3883850243206121,0.40042137721706517,1.18367656155003,0.5768393159120794,0.0,2.17108758687973,49.016820192337036,0.6116443574428558
1.5220000000000011,-0.18738053716463388,0.11463056257602494,-0.21107401116182337,0.39274509938497937,0.0,0.39274509938497937,0.38876648369003136,0.40057615178264144,1.1838204554982474,0.5768387379862742,0.0,2.17108758687973,49.016820192337036,0.6116443574428558
1.5320000000000011,-0.18633779596482405,0.09683784813206307,-0.2096888486904948,0.3861540898666048,0.0,0.3861540898666048,0.38914988409280993,0.400727855521979,1.183711522194129,0.5768381696548153,0.0,2.17108758687973,49.016820192337036,0.6116443574428558
1.5420000000000011,-0.1854979026883336,0.07483191218696879,-0.2081068851332658,0.38004962791079466,0.0,0.38004962791079466,0.38953454084399536,0.4008765493622316,1.183983123201485,0.5768376105335439,0.0,2.17108758687973,49.016820192337036,0.6116443574428558
1.5520000000000012,-0.1849041942382174,0.04785088272420287,-0.20642813070394905,0.37419732255723215,0.0,0.37419732255723215,0.38991985390085065,0.4010222930217197,1.184143948891628,0.5768370598086452,0.0,2.443081420660019,48.91300082206726,0.5799353748559952
1.5620000000000012,-0.1846156476257234,0.016772276829444967,-0.20478660201014412,0.3682016719595763,0.0,0.3682016719595763,0.39030531165662896,0.4011651450339141,1.183505753892223,0.5768365180892876,0.0,2.443081420660019,48.91300082206726,0.5799353748559952
1.5720000000000012,-0.1846191654572357,-0.011520116760571804,-0.20303311713068964,0.36302804975698766,0.0,0.36302804975698766,0.39069049480921714,0.40130516277094397,1.1832963312861349,0.5768359844071194,0.0,2.443081420660019,48.91300082206726,0.5799353748559952
1.5820000000000012,-0.18488268360575033,-0.035958204914769615,-0.20117751161597425,0.35769009298467336,0.0,0.35769009298467336,0.3910750694747832,0.4014424024666389,1.1820178970085145,0.5768354587797205,0.0,2.443081420660019,48.91300082206726,0.5799353748559952
1.5920000000000012,-0.18538344037082405,-0.059377910668747876,-0.19929651230927076,0.3539308377926983,0.0,0.3539308377926983,0.39145877573712984,0.40157691923911343,1.1820144275079796,0.5768349392300957,0.0,2.443081420660019,48.91300082206726,0.5799353748559952
1.6020000000000012,-0.1861229775196256,-0.08711211439573538,-0.19759396248211022,0.35067647984089373,0.0,0.35067647984089373,0.39184141854117943,0.40170876711290326,1.1817044806895696,0.5768344245817789,0.0,3.563420355319977,48.09579610824585,0.2826627653092146
1.6120000000000012,-0.1872425229812382,-0.126499232478704,-0.19653566460359467,0.34825728049134047,0.0,0.34825728049134047,0.39222286688763397,0.401725275157642,1.181478675306342,0.5768339141212165,0.0,3.563420355319977,48.09579610824585,0.2826627653092146
1.6220000000000012,-0.18867978233224142,-0.15402323954743646,-0.19549288358934572,0.3473096760282148,0.0,0.3473096760282148,0.39260306909668896,0.4017755192922712,1.1822455620518444,0.5768334059838642,0.0,3.563420355319977,48.09579610824585,0.2826627653092146
1.6320000000000012,-0.19034230618266332,-0.17337731268804923,-0.19449646013075023,0.3466926345374515,0.0,0.3466926345374515,0.39298204038723794,0.40186922226815036,1.182483412875143,0.5768328987973173,0.0,3.563420355319977,48.09579610824585,0.2826627653092146
1.6420000000000012,-0.19216036659834485,-0.18661657211804186,-0.19357232177824257,0.347305095612491,0.0,0.347305095612491,0.3933598403454346,0.401995270663144,1.1834380508908817,0.5768323913254649,0.0,3.563420355319977,48.09579610824585,0.2826627653092146
1.6520000000000012,-0.19408459150429858,-0.19668286003070648,-0.19279668188675061,0.34836816195052955,0.0,0.34836816195052955,0.39373655631130816,0.40211881817747125,1.1839841358155814,0.5768318823564307,0.0,4.2989747524261475,47.52856969833374,0.2168390303850174
1.6620000000000013,-0.1961085953808844,-0.2048668453701074,-0.19229873061832292,0.34954957023640326,0.0,0.34954957023640326,0.394112292561729,0.40223991443020185,1.1837118676215712,0.5768313720930383,0.0,4.2989747524261475,47.52856969833374,0.2168390303850174
1.6720000000000013,-0.19816481263242486,-0.2052640467477252,-0.19188419800213086,0.3519257650802516,0.0,0.3519257650802516,0.3944871653720813,0.40235860805593154,1.1841972941944612,0.5768308589334304,0.0,4.2989747524261475,47.52856969833374,0.2168390303850174
1.6820000000000013,-0.20018149582444136,-0.1984961456893172,-0.19155080492360713,0.35400630960702184,0.0,0.35400630960702184,0.39486129058333896,0.40245261672635824,1.1834277269470206,0.576830342755272,0.0,4.2989747524261475,47.52856969833374,0.2168390303850174
1.6920000000000013,-0.20209062581508846,-0.185142234368392,-0.1912943972454304,0.3561115221250967,0.0,0.3561115221250967,0.39523476943479974,0.40233489127722094,1.1817894797633006,0.5768298235458899,0.0,4.2989747524261475,47.52856969833374,0.2168390303850174
1.7020000000000013,-0.20384524333478152,-0.1679816537755751,-0.191119457318588,0.36065117064348884,0.0,0.36065117064348884,0.3956076765098001,0.40192964480621773,1.1825581520509123,0.5768292988958086,0.0,4.255970299243927,48.38246703147888,0.26209496408700944
1.7120000000000013,-0.205389695074154,-0.14522888792764316,-0.1909307011593896,0.3647068212207505,0.0,0.3647068212207505,0.3959800517041268,0.40148144454039764,1.1820774319293679,0.5768287677819475,0.0,4.255970299243927,48.38246703147888,0.26209496408700944
1.7220000000000013,-0.20670227938900473,-0.12158047100659705,-0.19087156363562985,0.36887252327288894,0.0,0.36887252327288894,0.3963518928241443,0.4013944584996233,1.1816050738210941,0.5768282306015373,0.0,4.255970299243927,48.38246703147888,0.26209496408700944
1.7320000000000013,-0.20776813636789807,-0.09623734981077355,-0.19093380867847837,0.37297489764607966,0.0,0.37297489764607966,0.3967231533342496,0.4015299265110262,1.1810579615089936,0.5768276874083829,0.0,4.255970299243927,48.38246703147888,0.26209496408700944
1.7420000000000013,-0.20857149047624593,-0.06959929823334605,-0.19111569437437884,0.37757135006755316,0.0,0.37757135006755316,0.3970937425488165,0.40166270675055654,1.1810755976695961,0.5768271379507037,0.0,4.255970299243927,48.38246703147888,0.26209496408700944
1.7520000000000013,-0.2090985781038385,-0.040592802627917576,-0.19138256615678734,0.3813456289612341,0.0,0.3813456289612341,0.3974635257546745,0.4017928525453251,1.179942632919725,0.5768265825496535,0.0,4.53986856341362,48.79635691642761,0.29613031754270197
1.7620000000000013,-0.20931165208072244,-0.008740550417214981,-0.19166148864248445,0.38575922150544983,0.0,0.38575922150544983,0.39783232388095174,0.40192041616439855,1.1798425946231466,0.5768260213185523,0.0,4.53986856341362,48.79635691642761,0.29613031754270197
1.7720000000000014,-0.20921694831070092,0.0213286016634783,-0.19204130029604877,0.3899246166806424,0.0,0.3899246166806424,0.39819991089080653,0.4020454488397921,1.179666199989165,0.5768254538179802,0.0,4.53986856341362,48.79635691642761,0.29613031754270197
1.7820000000000014,-0.20883067971148891,0.04992108231348684,-0.19250967881500758,0.3938570683372516,0.0,0.3938570683372516,0.39856601748318027,0.4021680007870448,1.179564400595988,0.5768248804260648,0.0,4.53986856341362,48.79635691642761,0.29613031754270197
1.7920000000000014,-0.20816378153129,0.0776471927895839,-0.19304366690159355,0.3968659109096113,0.0,0.3968659109096113,0.39893033727722105,0.40228812122538754,1.1786917784552495,0.5768243021340851,0.0,4.53986856341362,48.79635691642761,0.29613031754270197
1.8020000000000014,-0.20723366580440092,0.10350748303988985,-0.19362157368313687,0.400405118650278,0.0,0.400405118650278,0.39929253193325004,0.40240585839751003,1.1791941033031597,0.576823718581846,0.0,4.745724380016327,49.275529980659485,0.2979644017294049
1.8120000000000014,-0.20604141319048533,0.12907615608471903,-0.19415406018957848,0.4033928844689369,0.0,0.4033928844689369,0.3996522364493278,0.4025212595889364,1.1796423333440336,0.5768231304819073,0.0,4.745724380016327,49.275529980659485,0.2979644017294049
1.8220000000000014,-0.20461790301585658,0.1506746344431516,-0.19472366511030065,0.40567052131498743,0.0,0.40567052131498743,0.4000090626686588,0.4026343711470158,1.1798880911726202,0.5768225387398952,0.0,4.745724380016327,49.275529980659485,0.2979644017294049
1.8320000000000014,-0.2029996998913081,0.16875269060214176,-0.19531159335393375,0.40715016562679485,0.0,0.40715016562679485,0.40036260645420585,0.4027452384995361,1.179871774712982,0.5768219443142318,0.0,4.745724380016327,49.275529980659485,0.2979644017294049
1.8420000000000014,-0.20122617882542435,0.18260207459817748,-0.19591066384949712,0.408606916233346,0.0,0.408606916233346,0.400712456360816,0.40285201404616283,1.1807236041658056,0.5768213475596488,0.0,4.745724380016327,49.275529980659485,0.2979644017294049
1.8520000000000014,-0.19933510219546907,0.1929137086302676,-0.19649894634862483,0.40900653834058737,0.0,0.40900653834058737,0.40105820205381715,0.40287333680554005,1.1809454429666886,0.5768207497734158,0.0,4.269939541816711,49.52198922634125,0.32481110431253907
1.8620000000000014,-0.19735944398194155,0.2002396438708688,-0.19705325674202384,0.4084276133358017,0.0,0.4084276133358017,0.4013994419453401,0.4029320517203152,1.1807713076532298,0.5768201523723743,0.0,4.269939541816711,49.52198922634125,0.32481110431253907
1.8720000000000014,-0.195329395147901,0.20458911703403526,-0.19754900791919108,0.4068805375204111,0.0,0.4068805375204111,0.40173578941812776,0.4030146887526978,1.180177543178249,0.5768195563505335,0.0,4.269939541816711,49.52198922634125,0.32481110431253907
1.8820000000000014,-0.19327367001754597,0.205876153930955,-0.19796766604938978,0.40509523569508354,0.0,0.40509523569508354,0.40206687801863206,0.40299158953468833,1.1800431310932826,0.5768189628301571,0.0,4.269939541816711,49.52198922634125,0.32481110431253907
1.8920000000000015,-0.19122787614852726,0.203212854512217,-0.19830539154761523,0.4028656584608675,0.0,0.4028656584608675,0.40239236619759217,0.40309536944623436,1.1802821540651074,0.5768183722337387,0.0,4.269939541816711,49.52198922634125,0.32481110431253907
1.9020000000000015,-0.18922074798536026,0.19812393392929037,-0.1985398880758871,0.39933463426679244,0.0,0.39933463426679244,0.4027119426210407,0.4031970902980489,1.179494807001008,0.5768177866722352,0.0,3.6729745119810104,49.361968636512756,0.4236186400055885
1.9120000000000015,-0.18729868418570192,0.18837258426846068,-0.1987116898133046,0.39529515771745644,0.0,0.39529515771745644,0.40302533066417007,0.40329679294319215,1.1787199375830695,0.5768172059364295,0.0,3.6729745119810104,49.361968636512756,0.4236186400055885
1.9220000000000015,-0.18547946258718892,0.17746128120952015,-0.1987301785916255,0.39106798264993226,0.0,0.39106798264993226,0.4033322940870041,0.4033945174241736,1.1783190322647188,0.5768166314700577,0.0,3.6729745119810104,49.361968636512756,0.4236186400055885
1.9320000000000015,-0.18378457480232646,0.16375840812792442,-0.1986073899351908,0.38704549131825094,0.0,0.38704549131825094,0.4036326389229159,0.40349030298903377,1.1787388170525224,0.5768160631877626,0.0,3.6729745119810104,49.361968636512756,0.4236186400055885
1.9420000000000015,-0.1822395911545799,0.14806900736000347,-0.1983346217897342,0.3818801422101271,0.0,0.3818801422101271,0.40392621488302266,0.4035841881071068,1.1779784630173726,0.5768155018727158,0.0,3.6729745119810104,49.361968636512756,0.4236186400055885
1.9520000000000015,-0.18086292413171,0.13070624945854406,-0.19790687921846353,0.37673841906035616,0.0,0.37673841906035616,0.40421291734024706,0.40367621048447083,1.1775509375121975,0.5768149479216038,0.0,3.127705615013838,49.18804705142975,0.49948347508907315
1.9620000000000015,-0.17966554749267258,0.11217238409382295,-0.1973051146090943,0.3719469309702647,0.0,0.3719469309702647,0.404492687863996,0.4037664070790913,1.1777862578155043,0.5768144013141617,0.0,3.127705615013838,49.18804705142975,0.49948347508907315
1.9720000000000015,-0.17867085044989084,0.09083704912529073,-0.19657460705337043,0.36730437770118246,0.0,0.36730437770118246,0.40476551372458885,0.4038548141156641,1.1782698612943439,0.5768138612992086,0.0,3.127705615013838,49.18804705142975,0.49948347508907315
1.9820000000000015,-0.17789015337218123,0.06969695060083064,-0.19569348672464154,0.3618881391589828,0.0,0.3618881391589828,0.405031428900162,0.4039414671001639,1.1775781961144238,0.5768133290635798,0.0,3.127705615013838,49.18804705142975,0.49948347508907315
1.9920000000000015,-0.17732515659520534,0.04745435638868413,-0.19469396849122597,0.35761049030284847,0.0,0.35761049030284847,0.40529051312486164,0.40402640083410407,1.1782632290540223,0.5768128038443842,0.0,3.127705615013838,49.18804705142975,0.49948347508907315
2.002000000000001,-0.17699668753184597,0.0224849206386529,-0.19364245135798272,0.353603570098119,0.0,0.353603570098119,0.40554288956182144,0.40410964942851396,1.1789862838775216,0.5768122843943386,0.0,3.3551284223794937,49.022581577301025,0.4029102638363838
2.012,-0.17693967846457748,-0.005026266789303095,-0.19262010235007232,0.34973598888858,0.0,0.34973598888858,0.4057887258673774,0.4041912463176381,1.1794538469257583,0.5768117705285661,0.0,3.3551284223794937,49.022581577301025,0.4029102638363838
2.021999999999999,-0.17713862293368854,-0.029378632472253866,-0.19152336853784072,0.3458306585843547,0.0,0.3458306585843547,0.406028236410202,0.4042712242723644,1.179317561211436,0.576811262600624,0.0,3.3551284223794937,49.022581577301025,0.4029102638363838
2.031999999999998,-0.1775674217566394,-0.05162261527441158,-0.19037956998027863,0.3427948817741122,0.0,0.3427948817741122,0.40626167688134335,0.40434961541338527,1.1797560566791068,0.5768107597258448,0.0,3.3551284223794937,49.022581577301025,0.4029102638363838
2.0419999999999967,-0.1782044502811134,-0.0713086689788458,-0.18920375674276654,0.33960179062966195,0.0,0.33960179062966195,0.4064893363175817,0.40442645122409815,1.179253056442293,0.5768102614234467,0.0,3.3551284223794937,49.022581577301025,0.4029102638363838
2.0519999999999956,-0.17902898223594835,-0.09142682766865359,-0.18809264166203132,0.3375935118579271,0.0,0.3375935118579271,0.40671153014805417,0.40450176256325,1.179625582978961,0.576809766741109,0.0,4.071603298187256,48.391650915145874,0.27082575112581253
2.0619999999999945,-0.1800907412418311,-0.11498994650340476,-0.18725774789838434,0.33578643811957254,0.0,0.33578643811957254,0.40692859592757363,0.4045755796773301,1.1794716857150116,0.5768092751575551,0.0,4.071603298187256,48.391650915145874,0.27082575112581253
2.0719999999999934,-0.18134612839529984,-0.1315388001139114,-0.1864284338350793,0.33405461081223947,0.0,0.33405461081223947,0.4071408973653441,0.40464793221271833,1.1785978725063109,0.5768087856631249,0.0,4.071603298187256,48.391650915145874,0.27082575112581253
2.0819999999999923,-0.1827296753906855,-0.14251757236261714,-0.18561674199034647,0.33383977181419155,0.0,0.33383977181419155,0.40734881571311354,0.40471884922759127,1.1790082129929575,0.5768082976696786,0.0,4.071603298187256,48.391650915145874,0.27082575112581253
2.091999999999991,-0.18420761261671803,-0.1507431419543628,-0.18486796871417266,0.3344479349356062,0.0,0.3344479349356062,0.40755273628162564,0.40478835920359296,1.1797299538564836,0.5768078089060529,0.0,4.071603298187256,48.391650915145874,0.27082575112581253
2.10199999999999,-0.1857459341553487,-0.15514979734846854,-0.1841792994863308,0.33541321441970556,0.0,0.33541321441970556,0.40775304050519817,0.40485649005727337,1.1801243906377257,0.5768073189639193,0.0,4.4068350195884705,48.81173133850098,0.23612484633922576
2.111999999999989,-0.18730133460712256,-0.15530538128142993,-0.18353769220094837,0.3369677122891811,0.0,0.3369677122891811,0.4079500991433762,0.40492326915130006,1.180544739722087,0.5768068270456178,0.0,4.4068350195884705,48.81173133850098,0.23612484633922576
2.121999999999988,-0.18883489433750156,-0.15168265800427216,-0.1829718596195597,0.33871676566170456,0.0,0.33871676566170456,0.4081442645211738,0.4049887233054481,1.1804841636190182,0.5768063329703363,0.0,4.4068350195884705,48.81173133850098,0.23612484633922576
2.131999999999987,-0.19031346197847765,-0.144601425899302,-0.1824923737730097,0.34066078329536564,0.0,0.34066078329536564,0.4083358638992391,0.40505287880737095,1.1800057074869823,0.5768058359558608,0.0,4.4068350195884705,48.81173133850098,0.23612484633922576
2.1419999999999857,-0.19169407653835166,-0.13321077406227103,-0.18208891046937534,0.34272153814952083,0.0,0.34272153814952083,0.40852519400864007,0.40482399473278613,1.1788473675477649,0.5768053363082144,0.0,4.4068350195884705,48.81173133850098,0.23612484633922576
2.1519999999999846,-0.19294870365599515,-0.11981825508941471,-0.18178312098959348,0.34614837879988813,0.0,0.34614837879988813,0.4087125150038906,0.4046177316833183,1.179052877181655,0.5768048321526362,0.0,4.449266821146011,49.06515896320343,0.2656805321574211
2.1619999999999835,-0.19405202905110644,-0.10377699023490675,-0.1815517691041651,0.34951544116190614,0.0,0.34951544116190614,0.4088980469294432,0.4041734855447658,1.1785576657321055,0.5768043228904801,0.0,4.449266821146011,49.06515896320343,0.2656805321574211
2.1719999999999824,-0.19498543296529997,-0.08648173717258992,-0.18143309121802315,0.3538628167319946,0.0,0.3538628167319946,0.4090819674903441,0.4038891892443116,1.1791274648401484,0.5768038083058038,0.0,4.449266821146011,49.06515896320343,0.2656805321574211
2.1819999999999813,-0.19574231173414958,-0.06841905516719601,-0.1814345285262326,0.35789289910646255,0.0,0.35789289910646255,0.4092644111905782,0.40374988267859807,1.1792402322994093,0.5768032876698421,0.0,4.449266821146011,49.06515896320343,0.2656805321574211
2.19199999999998,-0.19631307788865174,-0.04968682065223688,-0.18155331469024283,0.36234066167285267,0.0,0.36234066167285267,0.40944547047161417,0.4034921406049521,1.1797404041208417,0.5768027607921037,0.0,4.449266821146011,49.06515896320343,0.2656805321574211
2.201999999999979,-0.19669516041046017,-0.029792298946952536,-0.1817735208799043,0.3658363009887855,0.0,0.3658363009887855,0.4096251969634763,0.40349260932786557,1.1791312370338956,0.5768022275884064,0.0,4.66255459189415,49.28261458873749,0.29455858916044236
2.211999999999978,-0.19685680805095943,-0.007294698403780692,-0.18203553744246648,0.3701523224352535,0.0,0.3701523224352535,0.4098036027197564,0.4033063583306642,1.1796489043839928,0.5768016891461574,0.0,4.66255459189415,49.28261458873749,0.29455858916044236
2.221999999999977,-0.19679452606747058,0.01534797220423224,-0.1823775328607159,0.37325540335252194,0.0,0.37325540335252194,0.4099806581368849,0.403273293253249,1.1787609784549107,0.576801145485978,0.0,4.66255459189415,49.28261458873749,0.29455858916044236
2.231999999999976,-0.1965049379317844,0.037812935218175386,-0.18278652495689876,0.37660520040286655,0.0,0.37660520040286655,0.4101562932140712,0.40320980938167333,1.1785742649286766,0.5768005971119743,0.0,4.66255459189415,49.28261458873749,0.29455858916044236
2.2419999999999747,-0.19599926849883836,0.05908392914543239,-0.18326074678098964,0.3794824642346921,0.0,0.3794824642346921,0.4103304001887529,0.40312754348874147,1.1781017986265128,0.5768000439194362,0.0,4.66255459189415,49.28261458873749,0.29455858916044236
2.2519999999999736,-0.19528302900118083,0.07994199623725202,-0.1837673728678133,0.3821304277414152,0.0,0.3821304277414152,0.41050283786288483,0.40313423242603447,1.1778883453071545,0.5767994869493535,0.0,4.7876361310482025,49.493969082832336,0.29651416121050717
2.2619999999999725,-0.19436927231595874,0.09850001419917943,-0.18428904267928314,0.38513308374766203,0.0,0.38513308374766203,0.41067343533354533,0.40292065350010353,1.178605716845231,0.5767989252530038,0.0,4.7876361310482025,49.493969082832336,0.29651416121050717
2.2719999999999714,-0.1932896980890451,0.11383082259243155,-0.18485262835512836,0.3877321638350454,0.0,0.3877321638350454,0.4108419969995954,0.4027719856677571,1.1794080188400446,0.5767983596474759,0.0,4.7876361310482025,49.493969082832336,0.29651416121050717
2.2819999999999703,-0.19206966276443316,0.12729118420238628,-0.18543062805545027,0.3889651467602436,0.0,0.3889651467602436,0.4110083100806175,0.4026072740307744,1.179036552179898,0.5767977915776132,0.0,4.7876361310482025,49.493969082832336,0.29651416121050717
2.291999999999969,-0.19072906872361545,0.13826785204441058,-0.186011334699894,0.39024368007359844,0.0,0.39024368007359844,0.4111721508689329,0.402264738464089,1.1792459589828896,0.5767972216790991,0.0,4.7876361310482025,49.493969082832336,0.29651416121050717
2.301999999999968,-0.18929632175499597,0.14605542141440897,-0.18658849226823954,0.39133824866230116,0.0,0.39133824866230116,0.4113332898093106,0.40168030067426486,1.179724788930926,0.5767966503610178,0.0,4.555719077587128,49.61352229118347,0.30920421639457346
2.311999999999967,-0.1878057040153111,0.15094212039423782,-0.18714945744268818,0.3909569264019493,0.0,0.3909569264019493,0.41149149766979287,0.4013689017464813,1.179087845983451,0.5767960784453777,0.0,4.555719077587128,49.61352229118347,0.30920421639457346
2.321999999999966,-0.18628131895537034,0.15308595272728037,-0.1876743065612429,0.39067458940172417,0.0,0.39067458940172417,0.41164655195728045,0.400978496249543,1.1792815055579806,0.5767955068697699,0.0,4.555719077587128,49.61352229118347,0.30920421639457346
2.3319999999999648,-0.18475019706637982,0.15278095536995928,-0.1881468991246443,0.3894632805657318,0.0,0.3894632805657318,0.41179824174020435,0.4009015840009504,1.1791735197825362,0.5767949366131282,0.0,4.555719077587128,49.61352229118347,0.30920421639457346
2.3419999999999637,-0.183239299455946,0.14960434059675523,-0.18856024002729968,0.38814463818949835,0.0,0.38814463818949835,0.4119463722169735,0.4009555024171224,1.179797122150196,0.5767943682092497,0.0,4.555719077587128,49.61352229118347,0.30920421639457346
2.3519999999999626,-0.1817747103696179,0.14398038099179294,-0.18890554442398752,0.38561147715408983,0.0,0.38561147715408983,0.41209076904635666,0.4008158282658877,1.1791952596725812,0.5767938027779896,0.0,4.176045313477516,49.54088807106018,0.369756968319416
2.3619999999999615,-0.1803834933512915,0.1359399298551337,-0.18918813248408212,0.38264926861928705,0.0,0.38264926861928705,0.4122312822786011,0.4008080280455827,1.1785749284481224,0.5767932413363003,0.0,4.176045313477516,49.54088807106018,0.369756968319416
2.3719999999999604,-0.1790730541136458,0.12771683008619025,-0.1893468213992408,0.3788222630847602,0.0,0.3788222630847602,0.4123677896160928,0.400948246304758,1.1774880634578326,0.5767926852696896,0.0,4.176045313477516,49.54088807106018,0.369756968319416
2.3819999999999593,-0.17785138051472374,0.11830091022334527,-0.18938194515259937,0.37487000424612965,0.0,0.37487000424612965,0.41250019658941145,0.40109256745111205,1.1766639480968326,0.5767921349223316,0.0,4.176045313477516,49.54088807106018,0.369756968319416
2.391999999999958,-0.1767371557457148,0.10668353765259626,-0.18930364276509823,0.37090009427574927,0.0,0.37090009427574927,0.41262843643483227,0.4012340251737415,1.1761603048147025,0.5767915901451813,0.0,4.176045313477516,49.54088807106018,0.369756968319416
2.401999999999957,-0.1757530904735529,0.09235682225060532,-0.18912657331728663,0.3674674220817157,0.0,0.3674674220817157,0.412752471768887,0.401372676284802,1.1766603131344766,0.5767910508722806,0.0,3.7527244091033936,49.309948086738586,0.39915968775749205
2.411999999999956,-0.17493298851972136,0.07510604710412998,-0.18887592551257532,0.36373828311415457,0.0,0.36373828311415457,0.41287229734322983,0.40150857646925975,1.1768976940790885,0.5767905167654533,0.0,3.7527244091033936,49.309948086738586,0.39915968775749205
2.421999999999955,-0.17428754144972908,0.05756969110890593,-0.18851117110641236,0.35950038188930805,0.0,0.35950038188930805,0.4129879436589168,0.40164178030725545,1.1764724514482028,0.5767899885210992,0.0,3.7527244091033936,49.309948086738586,0.39915968775749205
2.4319999999999538,-0.1738221104033341,0.03900303642521432,-0.18804924223400482,0.35627486238058825,0.0,0.35627486238058825,0.4130994770554594,0.4017723412960253,1.1774110324664016,0.5767894657140532,0.0,3.7527244091033936,49.309948086738586,0.39915968775749205
2.4419999999999527,-0.1735468454626845,0.02022735956468146,-0.1874961442639878,0.35201381713052377,0.0,0.35201381713052377,0.41320699849021547,0.40190031187138586,1.176742696845452,0.5767889483373408,0.0,3.7527244091033936,49.309948086738586,0.39915968775749205
2.4519999999999516,-0.173446137617876,0.0030119922074533807,-0.1868437730770913,0.34777751755401515,0.0,0.34777751755401515,0.41331064233915754,0.4020257434287938,1.17585712797792,0.5767884377011783,0.0,3.746934935450554,49.00874316692352,0.35399427860975263
2.4619999999999505,-0.17353898790514222,-0.017551068707213513,-0.18620036459414224,0.345468953154181,0.0,0.345468953154181,0.4134105722708152,0.402148686343987,1.1773340163849475,0.5767879311305953,0.0,3.746934935450554,49.00874316692352,0.35399427860975263
2.4719999999999493,-0.17383400675051291,-0.03718634691003632,-0.18550859902730518,0.3425820099723711,0.0,0.3425820099723711,0.41350698182143786,0.4022691899932165,1.1775785042690745,0.5767874285748074,0.0,3.746934935450554,49.00874316692352,0.35399427860975263
2.4819999999999482,-0.17430980043583688,-0.05408755955860667,-0.18475779259904357,0.3392332146056519,0.0,0.3392332146056519,0.4136000937100137,0.4023873027730771,1.1766773421714913,0.5767869306556793,0.0,3.746934935450554,49.00874316692352,0.35399427860975263
2.491999999999947,-0.17493935943970795,-0.0688920789655744,-0.18396478675738026,0.3371989372151554,0.0,0.3371989372151554,0.41369015378997365,0.4025030721199442,1.17705537951508,0.5767864367984793,0.0,3.746934935450554,49.00874316692352,0.35399427860975263
2.501999999999946,-0.17571590560379471,-0.08421280418107238,-0.183200914875297,0.33576595337298576,0.0,0.33576595337298576,0.41377742451278915,0.40261654452902507,1.1776607347697943,0.5767859453637335,0.0,4.398600935935974,48.792115449905396,0.25580115616321564
2.511999999999945,-0.1766614724778733,-0.10074235804603815,-0.18256729636493854,0.334222903689485,0.0,0.334222903689485,0.41386218254310114,0.40272776557303264,1.1774647038092452,0.5767854559472662,0.0,4.398600935935974,48.792115449905396,0.25580115616321564
2.521999999999944,-0.1777464467964012,-0.1133093707374644,-0.18194149411337604,0.33378571026091847,0.0,0.33378571026091847,0.4139447199785454,0.40283677992048783,1.1781474960000349,0.5767849679354308,0.0,4.398600935935974,48.792115449905396,0.25580115616321564
2.5319999999999427,-0.17894037344086383,-0.12308572266551249,-0.18134574904192738,0.33369122090595965,0.0,0.33369122090595965,0.4140253386393184,0.40294363135365974,1.178623025086827,0.5767844801312308,0.0,4.398600935935974,48.792115449905396,0.25580115616321564
2.5419999999999416,-0.18021239012379775,-0.129597521281627,-0.18078473451185115,0.3339935707235027,0.0,0.3339935707235027,0.4141043429754373,0.4030483627861492,1.1789627330860661,0.5767839922026902,0.0,4.398600935935974,48.792115449905396,0.25580115616321564
2.5519999999999405,-0.18152775227039922,-0.13229917585142,-0.18025235310985468,0.33482882253146123,0.0,0.33482882253146123,0.414182033595157,0.4031510162801239,1.1793681290210554,0.5767835037154342,0.0,4.628817468881607,49.23761427402496,0.2407932177186012
2.5619999999999394,-0.1828504398016623,-0.13207791204224964,-0.1797409443253095,0.33625675273834266,0.0,0.33625675273834266,0.41425870044229196,0.40325163306321127,1.17994204520203,0.5767830129909224,0.0,4.628817468881607,49.23761427402496,0.2407932177186012
2.5719999999999383,-0.18415719624442806,-0.12936478629231152,-0.1792949573054681,0.3376627065754849,0.0,0.3376627065754849,0.4143346166159173,0.40335025354505605,1.17985552686146,0.5767825201199116,0.0,4.628817468881607,49.23761427402496,0.2407932177186012
2.5819999999999372,-0.1854209838150407,-0.12392849585884025,-0.17891849417440825,0.339576009830527,0.0,0.339576009830527,0.4144100343412517,0.4034469173335501,1.1798988755903228,0.5767820246886782,0.0,4.628817468881607,49.23761427402496,0.2407932177186012
2.591999999999936,-0.18661153181986753,-0.11567436337758114,-0.17861281773573187,0.3419881109588946,0.0,0.3419881109588946,0.41448518087421804,0.40354166325073926,1.1801219678317778,0.5767815264340936,0.0,4.628817468881607,49.23761427402496,0.2407932177186012
2.601999999999935,-0.18770895583844108,-0.10524410235966761,-0.17838659586678993,0.3442977366643123,0.0,0.3442977366643123,0.41456025444303946,0.4036073814744581,1.1797256822995732,0.5767810244046556,0.0,4.589869111776352,49.34886157512665,0.2676588088274002
2.611999999999934,-0.18868456108932136,-0.09228283712885989,-0.178225507137092,0.3473696667416195,0.0,0.3473696667416195,0.4146354216175355,0.40367970785845114,1.180053395028378,0.5767805184536787,0.0,4.589869111776352,49.34886157512665,0.2676588088274002
2.621999999999933,-0.1895220429000873,-0.07804886350649703,-0.17815425767698895,0.35063575546847503,0.0,0.35063575546847503,0.41471081425551204,0.40364790932325756,1.1802763611403653,0.5767800080438629,0.0,4.589869111776352,49.34886157512665,0.2676588088274002
2.6319999999999317,-0.1902151252997112,-0.0633880576618635,-0.17818367236221974,0.35417701822034187,0.0,0.35417701822034187,0.4147865284423344,0.4037270650299539,1.1807158661635222,0.5767794923183495,0.0,4.589869111776352,49.34886157512665,0.2676588088274002
2.6419999999999306,-0.19075310063071552,-0.04715604308941834,-0.17829810652435493,0.35726617837069813,0.0,0.35726617837069813,0.41486262533677,0.40381625263791016,1.1804781593438602,0.5767789718408548,0.0,4.589869111776352,49.34886157512665,0.2676588088274002
2.6519999999999295,-0.19112218386725605,-0.029755467992569194,-0.1784896730415233,0.360533921170471,0.0,0.360533921170471,0.4149391314175523,0.4039036707067586,1.180477683948782,0.5767784465358997,0.0,4.724170595407486,49.44350063800812,0.2911120880395174
2.6619999999999284,-0.19130852023189282,-0.011307118595204517,-0.17873776854826431,0.36403478758923374,0.0,0.36403478758923374,0.4150160381130157,0.40398935434528527,1.1808834335411822,0.5767779164686179,0.0,4.724170595407486,49.44350063800812,0.2911120880395174
2.6719999999999273,-0.19131390045890714,0.006613264459130524,-0.17906225035804246,0.36735737931356777,0.0,0.36735737931356777,0.4150933018745946,0.40407333796569567,1.1812087227523103,0.576777381372226,0.0,4.724170595407486,49.44350063800812,0.2911120880395174
2.681999999999926,-0.19114697366568068,0.023252679238928854,-0.17946369525183098,0.3709845729777133,0.0,0.3709845729777133,0.41517084662540465,0.40403547277174545,1.1821373083419084,0.5767768409972517,0.0,4.724170595407486,49.44350063800812,0.2911120880395174
2.691999999999925,-0.1908164988912418,0.03933913099080956,-0.1799248593704145,0.37402128891454234,0.0,0.37402128891454234,0.41524856767131085,0.4040054384621948,1.1825019938213046,0.5767762960911679,0.0,4.724170595407486,49.44350063800812,0.2911120880395174
2.701999999999924,-0.19032861871129148,0.055094900981595425,-0.1804261968821041,0.37635831622945937,0.0,0.37635831622945937,0.415326335435636,0.4040761479486978,1.1824202699891415,0.5767757472551857,0.0,4.774131208658218,49.5669823884964,0.29560067933052775
2.711999999999923,-0.18968176416579152,0.0708024960854967,-0.18093466063373356,0.3784053277718061,0.0,0.3784053277718061,0.4154039982476417,0.4041584095285796,1.1824218197551613,0.5767751952888089,0.0,4.774131208658218,49.5669823884964,0.29560067933052775
2.721999999999922,-0.1888880363763264,0.08506893421903762,-0.1814638208115041,0.3797884238241635,0.0,0.3797884238241635,0.41548138418179426,0.4042390389861743,1.1820161530643378,0.5767746406609068,0.0,4.774131208658218,49.5669823884964,0.29560067933052775
2.7319999999999207,-0.18795695904728774,0.09805898646925529,-0.18199477217717477,0.38111111292478117,0.0,0.38111111292478117,0.4155583044532197,0.40431806870383064,1.1820957893706772,0.5767740844004536,0.0,4.774131208658218,49.5669823884964,0.29560067933052775
2.7419999999999196,-0.18691097661269213,0.10855902873819155,-0.18252814292652178,0.38211019522995743,0.0,0.38211019522995743,0.41563455703310637,0.40439553042141074,1.182326803865473,0.576773526460436,0.0,4.774131208658218,49.5669823884964,0.29560067933052775
2.7519999999999185,-0.18577575768757826,0.11677825971608902,-0.18305109191928948,0.38221394856254615,0.0,0.38221394856254615,0.4157099318918835,0.4044714552490376,1.1819292621745503,0.5767729675334057,0.0,4.669549345970154,49.63693618774414,0.30253135357052086
2.7619999999999174,-0.18456722883675075,0.12295267280819389,-0.1835445936759596,0.3825127370509428,0.0,0.3825127370509428,0.41578421636498236,0.40454587367958955,1.182440450946966,0.5767724086560607,0.0,4.669549345970154,49.63693618774414,0.30253135357052086
2.7719999999999163,-0.18331563732028272,0.1263600953755532,-0.18400903481637984,0.3818521293113152,0.0,0.3818521293113152,0.41585719929019693,0.40461881560094676,1.1822396005040046,0.5767718499585661,0.0,4.669549345970154,49.63693618774414,0.30253135357052086
2.781999999999915,-0.18203992413364495,0.1280047856420767,-0.18442118731867385,0.38064296794720415,0.0,0.38064296794720415,0.4159286763353119,0.4046903103079946,1.1818868925359824,0.5767712928283029,0.0,4.669549345970154,49.63693618774414,0.30253135357052086
2.791999999999914,-0.180763789435963,0.12698209673743652,-0.18478106386341453,0.379345962776175,0.0,0.379345962776175,0.41599845382432493,0.40476038651438956,1.182000862730907,0.5767707374156202,0.0,4.669549345970154,49.63693618774414,0.30253135357052086
2.801999999999913,-0.17951128117365434,0.12359063667541381,-0.1850809650853486,0.37759064195693626,0.0,0.37759064195693626,0.41606635264934433,0.4048290723640905,1.182024193059226,0.5767701845477552,0.0,4.421009302139282,49.60537910461426,0.3432869397103786
2.811999999999912,-0.1783128562719304,0.11688957844049777,-0.18533490281127668,0.37581780398240705,0.0,0.37581780398240705,0.4161322122909553,0.40488992862523954,1.1825209387251332,0.5767696342083514,0.0,4.421009302139282,49.60537910461426,0.3432869397103786
2.821999999999911,-0.17719819975196427,0.10741235977942248,-0.18552619142169605,0.3739144261629035,0.0,0.3739144261629035,0.41619589545925023,0.40495604427671994,1.183280147849304,0.5767690864443302,0.0,4.421009302139282,49.60537910461426,0.3432869397103786
2.8319999999999097,-0.17618775442903728,0.09650006994518724,-0.18563871191726944,0.3713312553517342,0.0,0.3713312553517342,0.41625729237067205,0.40502084815144546,1.18345977707882,0.5767685422859995,0.0,4.421009302139282,49.60537910461426,0.3432869397103786
2.8419999999999086,-0.17529779399457213,0.0835863443793142,-0.185677288571774,0.36901954260437864,0.0,0.36901954260437864,0.41631632301024324,0.40506928147428073,1.1843138496297776,0.5767680017131441,0.0,4.421009302139282,49.60537910461426,0.3432869397103786
2.8519999999999075,-0.17454811284755622,0.06898000382804764,-0.18564565928565083,0.3659770233558059,0.0,0.3659770233558059,0.4163729385098903,0.4051283217250342,1.1843387666771719,0.5767674649931108,0.0,4.089637652039528,49.473797082901,0.3686476983129978
2.8619999999999064,-0.1739529470977397,0.05312435836657935,-0.18554962073072576,0.36303690280596684,0.0,0.36303690280596684,0.41642712276141075,0.4051042068448943,1.184590599055191,0.5767669325681545,0.0,4.089637652039528,49.473797082901,0.3686476983129978
2.8719999999999053,-0.17351967059120285,0.036721127322289625,-0.18537319091714824,0.3601892716396828,0.0,0.3601892716396828,0.4164788929705418,0.40488262937518404,1.1848211620817788,0.576766404360347,0.0,4.089637652039528,49.473797082901,0.3686476983129978
2.881999999999904,-0.17325656820233895,0.01943552791018816,-0.18512866166848607,0.35747635100953234,0.0,0.35747635100953234,0.416528299011025,0.40482459174712093,1.1853315318942472,0.576765879998758,0.0,4.089637652039528,49.473797082901,0.3686476983129978
2.891999999999903,-0.17316747898291937,0.002035853713213461,-0.1848171924528915,0.35473134977970794,0.0,0.35473134977970794,0.41657542261918384,0.4044726410224513,1.1853998959591319,0.5767653596247885,0.0,4.089637652039528,49.473797082901,0.3686476983129978
2.901999999999902,-0.17324673729013457,-0.014572831065979078,-0.18444324444607768,0.35157291104314453,0.0,0.35157291104314453,0.4166203758752474,0.40415821723165374,1.1846407862385384,0.5767648438041096,0.0,4.134081780910492,49.22257423400879,0.31519587021321055
2.911999999999901,-0.1734931858357118,-0.0309869256007254,-0.1840465036743202,0.34838957204385185,0.0,0.34838957204385185,0.4166632982279546,0.4039724170495225,1.183752248575461,0.5767643325046077,0.0,4.134081780910492,49.22257423400879,0.31519587021321055
2.9219999999999,-0.17389513004395007,-0.04610314688402992,-0.18359645814015976,0.3461165297466652,0.0,0.3461165297466652,0.41670435388521354,0.4037546003112246,1.183685624075119,0.5767638249909389,0.0,4.134081780910492,49.22257423400879,0.31519587021321055
2.9319999999998987,-0.17444094303946484,-0.06033654199479217,-0.18310953611456446,0.3444990247799462,0.0,0.3444990247799462,0.41674372801605125,0.40339073059965974,1.1840965199419462,0.5767633206081942,0.0,4.134081780910492,49.22257423400879,0.31519587021321055
2.9419999999998976,-0.17512557890368374,-0.07387084941243033,-0.18260534262097566,0.34309487710233605,0.0,0.34309487710233605,0.41678162303879107,0.40290820171185976,1.1840746693228965,0.5767628184837688,0.0,4.134081780910492,49.22257423400879,0.31519587021321055
2.9519999999998965,-0.17594396065549334,-0.08727201035553696,-0.18211683099130052,0.34221795545770056,0.0,0.34221795545770056,0.4168182561195326,0.4025617332357837,1.1844265089730575,0.5767623177005039,0.0,4.690564453601837,49.18167769908905,0.24350018799304962
2.9619999999998954,-0.1768970257325759,-0.10048851976497078,-0.1816887219898814,0.3419232838364915,0.0,0.3419232838364915,0.4168538571209372,0.40221732348952743,1.1851371113029892,0.5767618178948429,0.0,4.690564453601837,49.18167769908905,0.24350018799304962
2.9719999999998943,-0.1779673929205309,-0.11098816427599864,-0.18127495058905435,0.3414470278846284,0.0,0.3414470278846284,0.41688866724730705,0.40180047652721884,1.184914370432089,0.5767613185147336,0.0,4.690564453601837,49.18167769908905,0.24350018799304962
2.981999999999893,-0.17912251012799185,-0.11818299987071344,-0.1808745223915154,0.3414299730975361,0.0,0.3414299730975361,0.4169229347855544,0.40121818539240955,1.184511435515783,0.5767608195795109,0.0,4.690564453601837,49.18167769908905,0.24350018799304962
2.991999999999892,-0.18033657069069403,-0.12313342152440944,-0.1805066727651598,0.341837870088453,0.0,0.341837870088453,0.41695690840480326,0.4008984346039134,1.1843719605464047,0.5767603199723331,0.0,4.690564453601837,49.18167769908905,0.24350018799304962
3.001999999999891,-0.18157400283313319,-0.12351248794036118,-0.1801445841504425,0.34188511536496297,0.0,0.34188511536496297,0.41699083155965055,0.40052941926853214,1.183184525064691,0.576759820541392,0.0,4.717124134302139,49.45286512374878,0.24425237774848937
3.01199999999989,-0.18279168917890057,-0.12049691841815152,-0.17978065340194269,0.342793823062531,0.0,0.342793823062531,0.4170249357156356,0.4000798376658321,1.1825352861617424,0.5767593200783906,0.0,4.717124134302139,49.45286512374878,0.24425237774848937
3.0219999999998888,-0.1839762174443299,-0.11690364536863117,-0.17947996479501352,0.34475791349604373,0.0,0.34475791349604373,0.41705943330832557,0.39967817140138234,1.182863262986147,0.5767588171077112,0.0,4.717124134302139,49.45286512374878,0.24425237774848937
3.0319999999998877,-0.18511679986723018,-0.11155455225263623,-0.1792422626220817,0.3462715794507123,0.0,0.3462715794507123,0.4170945156673039,0.39949703576802675,1.1822554015643867,0.5767583114525727,0.0,4.717124134302139,49.45286512374878,0.24425237774848937
3.0419999999998866,-0.1861899327899615,-0.10455495451830421,-0.17907132876763845,0.3491608514900893,0.0,0.3491608514900893,0.41713035179738917,0.39916615977118797,1.1830943700261418,0.5767578027376956,0.0,4.717124134302139,49.45286512374878,0.24425237774848937
3.0519999999998855,-0.18718614111443566,-0.09632517103432751,-0.1789786183517612,0.3520526439414054,0.0,0.3520526439414054,0.4171670858427309,0.398772485984035,1.183466864310046,0.5767572900716689,0.0,4.64676621556282,49.46679472923279,0.26330121159553527
3.0619999999998844,-0.18809256082728928,-0.08664572715698024,-0.17896423545389087,0.3547109648556623,0.0,0.3547109648556623,0.4172048363831282,0.39835772034232636,1.183218950922062,0.5767567731397831,0.0,4.64676621556282,49.46679472923279,0.26330121159553527
3.0719999999998833,-0.18889177938648533,-0.07526903144589926,-0.17902563580491151,0.35759677622265496,0.0,0.35759677622265496,0.4172436954814161,0.3976244953615886,1.1827398856616285,0.5767562520431079,0.0,4.64676621556282,49.46679472923279,0.26330121159553527
3.081999999999882,-0.18956622247124974,-0.0618136934201971,-0.17915382864833052,0.36001991088012625,0.0,0.36001991088012625,0.4172837271570444,0.396874071863426,1.1813939806968814,0.5767557270548788,0.0,4.64676621556282,49.46679472923279,0.26330121159553527
3.091999999999881,-0.19009931815414727,-0.04760630036523741,-0.17935475478905197,0.3634494225685464,0.0,0.3634494225685464,0.417324965687383,0.3960893283494302,1.1813435330519466,0.5767551976649078,0.0,4.64676621556282,49.46679472923279,0.26330121159553527
3.10199999999988,-0.19049609226307834,-0.03460219398196602,-0.17964744977160038,0.3677645587729017,0.0,0.3677645587729017,0.41736741477939804,0.39528274379456824,1.1825104033063194,0.5767546624467874,0.0,4.732144802808762,49.511017203330994,0.2785455487668514
3.111999999999879,-0.1907647917397677,-0.02176776207462347,-0.18001540696566032,0.37159194757531877,0.0,0.37159194757531877,0.41741105035424814,0.39457015882812296,1.1831066237602081,0.576754121526278,0.0,4.732144802808762,49.511017203330994,0.2785455487668514
3.1219999999998778,-0.19090959303887475,-0.009659597769376286,-0.18046565228340844,0.3754371275568161,0.0,0.3754371275568161,0.4174558238939429,0.39412951185131645,1.1842048715513338,0.576753574889289,0.0,4.732144802808762,49.511017203330994,0.2785455487668514
3.1319999999998767,-0.19092957364695734,0.003200421171491207,-0.1809728601002068,0.37823184308674557,0.0,0.37823184308674557,0.417501664893279,0.3936285438677065,1.1839900729145454,0.576753023724119,0.0,4.732144802808762,49.511017203330994,0.2785455487668514
3.1419999999998756,-0.1908150816198009,0.017034501068593708,-0.18151750530694563,0.3803647364786077,0.0,0.3803647364786077,0.4175484821817369,0.3931089900165854,1.183033094101865,0.5767524689708858,0.0,4.732144802808762,49.511017203330994,0.2785455487668514
3.1519999999998745,-0.19056274690799524,0.03061157771643572,-0.18209364353360863,0.3830119915827974,0.0,0.3830119915827974,0.4175961637541728,0.3927597864427235,1.183392406670309,0.576751910645952,0.0,4.753583550453186,49.5973002910614,0.28556840121746063
3.1619999999998734,-0.19017350333207914,0.044157409348649125,-0.1826766609919014,0.38493614403318377,0.0,0.38493614403318377,0.41764457760545914,0.3921089169451745,1.1828851108438643,0.5767513494134031,0.0,4.753583550453186,49.5973002910614,0.28556840121746063
3.1719999999998723,-0.18966418250321013,0.05520331521588029,-0.18329205160635875,0.3871126614966432,0.0,0.3871126614966432,0.4176935736374801,0.3914916389021265,1.1831078567771203,0.5767507846502296,0.0,4.753583550453186,49.5973002910614,0.28556840121746063
3.181999999999871,-0.1890560844526192,0.06426618532647108,-0.18392700704553303,0.3889716790021363,0.0,0.3889716790021363,0.417742987994621,0.3909299390612227,1.1834232606653028,0.5767502169903279,0.0,4.753583550453186,49.5973002910614,0.28556840121746063
3.19199999999987,-0.1883675210473783,0.07159698716233923,-0.18456899504301905,0.39049795594021985,0.0,0.39049795594021985,0.4177926482518482,0.39040411647069984,1.1838726644682367,0.5767496470877953,0.0,4.753583550453186,49.5973002910614,0.28556840121746063
3.201999999999869,-0.18762205135492283,0.07626109328177097,-0.18521935754024615,0.39184400599686936,0.0,0.39184400599686936,0.41784237785756106,0.38982668154046746,1.1844817760154396,0.5767490748081511,0.0,4.698194295167923,49.65285778045654,0.2941656460985541
3.211999999999868,-0.18683801240006068,0.07961600256666977,-0.1858528154818979,0.39240130461015205,0.0,0.39240130461015205,0.4178920009312311,0.38915019969138037,1.1844327123977514,0.5767485014428582,0.0,4.698194295167923,49.65285778045654,0.2941656460985541
3.2219999999998667,-0.18603713856232137,0.08006250393430671,-0.18647895535030723,0.39347598991097776,0.0,0.39347598991097776,0.4179413461501938,0.3884377659905403,1.185604149370342,0.5767479266501372,0.0,4.698194295167923,49.65285778045654,0.2941656460985541
3.2319999999998656,-0.18524466042748816,0.07863293848664032,-0.18708178705072628,0.3933736999235537,0.0,0.3933736999235537,0.4179902508221625,0.38724018064290006,1.185176276969858,0.5767473513401778,0.0,4.698194295167923,49.65285778045654,0.2941656460985541
3.2419999999998645,-0.18447438503360672,0.07557428766525806,-0.1876484596890107,0.39344941648543186,0.0,0.39344941648543186,0.4180385650341394,0.38607926502319395,1.1854568851853944,0.5767467763125191,0.0,4.698194295167923,49.65285778045654,0.2941656460985541
3.2519999999998634,-0.18374893071842108,0.0700497969443009,-0.18818517138648946,0.3932703876507712,0.0,0.3932703876507712,0.4180861540632378,0.3848049487338653,1.1856861684511129,0.5767462014949877,0.0,4.553563624620438,49.65820074081421,0.3136473964899778
3.2619999999998623,-0.18310142156194828,0.06118602039241971,-0.18870907665850098,0.3928902229809028,0.0,0.3928902229809028,0.41813290190560476,0.3835930821159779,1.1860519214854977,0.576745626484423,0.0,4.553563624620438,49.65820074081421,0.3136473964899778
3.2719999999998612,-0.18254632275354843,0.05157567022498065,-0.18918108999452066,0.3920484585782071,0.0,0.3920484585782071,0.4181787159353124,0.38266632354103075,1.1863747443598074,0.5767450527768713,0.0,4.553563624620438,49.65820074081421,0.3136473964899778
3.28199999999986,-0.1820927420853633,0.04114508937989349,-0.18959693731368804,0.39068708934589874,0.0,0.39068708934589874,0.4182235286405502,0.38197086622445486,1.1864613780175242,0.5767444807525883,0.0,4.553563624620438,49.65820074081421,0.3136473964899778
3.291999999999859,-0.18174898443996837,0.029929303913125503,-0.1899534217556333,0.38908015107114347,0.0,0.38908015107114347,0.41826729774690574,0.3816348398029096,1.1867834685833598,0.5767439107482003,0.0,4.553563624620438,49.65820074081421,0.3136473964899778
3.301999999999858,-0.1815149150690786,0.018929332386605865,-0.1902386777735633,0.38683139906626207,0.0,0.38683139906626207,0.41831000598489343,0.38136865288095684,1.1864668083419099,0.5767433438720457,0.0,4.430904865264893,49.56740975379944,0.3165685169398785
3.311999999999857,-0.18139726229312064,0.006934638625356914,-0.19047534834136218,0.3850071583398959,0.0,0.3850071583398959,0.41835165976733807,0.38125192046055584,1.187004223371533,0.5767427798764594,0.0,4.430904865264893,49.56740975379944,0.3165685169398785
3.3219999999998557,-0.1813995241353969,-0.004885920567580977,-0.19064064977309242,0.38280414379875505,0.0,0.38280414379875505,0.41839228865499034,0.3810488611599577,1.186952109210366,0.5767422189730317,0.0,4.430904865264893,49.56740975379944,0.3165685169398785
3.3319999999998546,-0.18152094663017485,-0.01717631972016531,-0.19074426093505578,0.38119099040552523,0.0,0.38119099040552523,0.4184319443988361,0.3811331401229868,1.1878748526679062,0.5767416608667204,0.0,4.430904865264893,49.56740975379944,0.3165685169398785
3.3419999999998535,-0.18176456407322175,-0.028928122300356154,-0.19078313623577794,0.3785394812642037,0.0,0.3785394812642037,0.41847069949587745,0.3815226089671648,1.187603022236438,0.5767411058829316,0.0,4.430904865264893,49.56740975379944,0.3165685169398785
3.3519999999998524,-0.1821141313816841,-0.038815731343131876,-0.19074587432268048,0.37537556662974286,0.0,0.37537556662974286,0.41850864580288294,0.3820523471658597,1.1866248851331231,0.576740555097422,0.0,4.596240699291229,49.454633593559265,0.28185229673981665
3.3619999999998513,-0.18255783051397276,-0.04788333763197129,-0.19065707852917144,0.37299877028739037,0.0,0.37299877028739037,0.4185458904756994,0.3825715750203375,1.186522449885147,0.5767400083050966,0.0,4.596240699291229,49.454633593559265,0.28185229673981665
3.3719999999998502,-0.1830880479511471,-0.05661740373451144,-0.1905175909935033,0.3713943740319199,0.0,0.3713943740319199,0.4185825524267754,0.3830805010625408,1.1872293659176043,0.5767394645624799,0.0,4.596240699291229,49.454633593559265,0.28185229673981665
3.381999999999849,-0.18370666210821987,-0.06532935800703378,-0.19034494776700409,0.3699123212957192,0.0,0.3699123212957192,0.41861876017104893,0.3835793296870051,1.187790060817312,0.57673892304342,0.0,4.596240699291229,49.454633593559265,0.28185229673981665
3.391999999999848,-0.18440952831772794,-0.07341988972422846,-0.19014537158949296,0.3686802723421691,0.0,0.3686802723421691,0.41865465107902894,0.3840682612329476,1.1883437411478568,0.5767383835025923,0.0,4.596240699291229,49.454633593559265,0.28185229673981665
3.401999999999847,-0.18518874402315663,-0.08069088043318384,-0.1899278673838237,0.3675261175298339,0.0,0.3675261175298339,0.4186903698733561,0.3845147605714277,1.188597927299032,0.5767378454943339,0.0,4.818813383579254,49.5217889547348,0.25209979712963104
3.411999999999846,-0.1860312820695844,-0.08657418837816123,-0.18969513177697553,0.3670209614572435,0.0,0.3670209614572435,0.41872606643980387,0.3848062377564086,1.1892464017650948,0.5767373088480844,0.0,4.818813383579254,49.5217889547348,0.25209979712963104
3.4219999999998447,-0.18693190812073424,-0.09230481094930758,-0.18947468240669288,0.36712728506867853,0.0,0.36712728506867853,0.41876189308794093,0.3849042153201411,1.1900816619482264,0.5767367721723756,0.0,4.818813383579254,49.5217889547348,0.25209979712963104
3.4319999999998436,-0.18788036376187067,-0.09623531730062704,-0.1892611314158456,0.36691267306927156,0.0,0.36691267306927156,0.418798002955267,0.385037669648851,1.190068637047372,0.5767362357358128,0.0,4.818813383579254,49.5217889547348,0.25209979712963104
3.4419999999998425,-0.1888598114141428,-0.09878510461211985,-0.18906611493664777,0.36724771372902726,0.0,0.36724771372902726,0.4188345477923391,0.38509577143797263,1.1903186526801874,0.5767356988538825,0.0,4.818813383579254,49.5217889547348,0.25209979712963104
3.4519999999998414,-0.1898462390566231,-0.09844378631297819,-0.18887634538868264,0.3676095507257071,0.0,0.3676095507257071,0.4188716745941228,0.3850946217516672,1.1901239633138987,0.5767351621006037,0.0,4.704527586698532,49.56121027469635,0.2499181866645813
3.4619999999998403,-0.19081980890624792,-0.09649781079229752,-0.1887052285349235,0.3682424358628056,0.0,0.3682424358628056,0.41890952138990506,0.38539235154170176,1.1901173423677807,0.5767346242989849,0.0,4.704527586698532,49.56121027469635,0.2499181866645813
3.471999999999839,-0.1917635667809402,-0.09280655251132074,-0.18856261382287018,0.3690432804388931,0.0,0.3690432804388931,0.41894821374830965,0.3856683253888277,1.1900885085075263,0.5767340853926217,0.0,4.704527586698532,49.56121027469635,0.2499181866645813
3.481999999999838,-0.1926663729410697,-0.08847092697649123,-0.1884664118927249,0.3708013007549349,0.0,0.3708013007549349,0.4189878623038304,0.3856334597333347,1.1907268718098576,0.5767335442944158,0.0,4.704527586698532,49.56121027469635,0.2499181866645813
3.491999999999837,-0.1935163990923739,-0.08251709868880826,-0.18841150405964974,0.37211313959318126,0.0,0.37211313959318126,0.41902856135398947,0.385495337428158,1.1902893385734625,0.5767330011544916,0.0,4.704527586698532,49.56121027469635,0.2499181866645813
3.501999999999836,-0.19430061668449314,-0.07564405055732171,-0.1884081121625111,0.3740565615902981,0.0,0.3740565615902981,0.41907038756956794,0.38563048067808864,1.1906920083939976,0.5767324553636318,0.0,4.641267240047455,49.526352286338806,0.2561326324939728
3.511999999999835,-0.19500802207340726,-0.06710472607483255,-0.18845273043089755,0.3754189381832859,0.0,0.3754189381832859,0.4191133986867375,0.38577841679297986,1.1901142064982497,0.5767319072146967,0.0,4.641267240047455,49.526352286338806,0.2561326324939728
3.5219999999998337,-0.19561472539488758,-0.05608868454329546,-0.18852605961525343,0.3766316680089403,0.0,0.3766316680089403,0.4191576322480275,0.38580963352216324,1.1891620956484492,0.5767313573438926,0.0,4.641267240047455,49.526352286338806,0.2561326324939728
3.5319999999998326,-0.19610660949200662,-0.04456892967817433,-0.18864355989721332,0.378705675452672,0.0,0.378705675452672,0.41920310268825745,0.3856920705880274,1.1890877410604084,0.5767308048167445,0.0,4.641267240047455,49.526352286338806,0.2561326324939728
3.5419999999998315,-0.19648565799506834,-0.033620967189878795,-0.18881776232884992,0.38137069589794953,0.0,0.38137069589794953,0.4192498002379552,0.3852299840795345,1.189482290592559,0.5767302488094938,0.0,4.641267240047455,49.526352286338806,0.2561326324939728
3.5519999999998304,-0.19676178834372146,-0.02362296627971645,-0.1890548879416117,0.3841111806260105,0.0,0.3841111806260105,0.4192976928645474,0.3850038593979894,1.1901353968694408,0.5767296887063096,0.0,4.696705520153046,49.55658435821533,0.2630873143672943
3.5619999999998293,-0.19693450205548815,-0.013055846551782765,-0.18933184009372778,0.38644217742528175,0.0,0.38644217742528175,0.4193467293956513,0.38506219278922665,1.1905969863899668,0.5767291252928204,0.0,4.696705520153046,49.55658435821533,0.2630873143672943
3.571999999999828,-0.19699987812308717,-0.0021280362774841674,-0.18964709948429068,0.38803107512637214,0.0,0.38803107512637214,0.4193968408980575,0.38514881768677267,1.190226840938266,0.5767285589246518,0.0,4.696705520153046,49.55658435821533,0.2630873143672943
3.581999999999827,-0.19695319109055415,0.009282816869893556,-0.18998919846943174,0.38972064781521265,0.0,0.38972064781521265,0.41944794117722983,0.38547544573148157,1.1903069321042383,0.5767279901343056,0.0,4.696705520153046,49.55658435821533,0.2630873143672943
3.591999999999826,-0.19679171622867617,0.020610125152093883,-0.19035299036366513,0.3913116147753136,0.0,0.3913116147753136,0.4194999271603109,0.38592675712401253,1.1906928375193415,0.5767274191370712,0.0,4.696705520153046,49.55658435821533,0.2630873143672943
3.601999999999825,-0.19651419535958395,0.03275936967667148,-0.19071574176518805,0.3914932597531121,0.0,0.3914932597531121,0.419552679634144,0.3863691142102536,1.1893695959782449,0.5767268469588858,0.0,4.719343513250351,49.62576746940613,0.2789524935185909
3.611999999999824,-0.19611456975626435,0.04443749765908021,-0.1910695169154127,0.3927579756710477,0.0,0.3927579756710477,0.4196060639578168,0.38680269464936085,1.1898700230736032,0.5767262735500793,0.0,4.719343513250351,49.62576746940613,0.2789524935185909
3.6219999999998227,-0.19561281186956367,0.05363773976778158,-0.1914393911475073,0.39395239467198206,0.0,0.39395239467198206,0.41965993074504154,0.38722767257561924,1.190611924206563,0.5767256982078371,0.0,4.719343513250351,49.62576746940613,0.2789524935185909
3.6319999999998216,-0.1950271242808193,0.06185635672680857,-0.19180549028203717,0.3941610673039496,0.0,0.3941610673039496,0.41971412035931793,0.3876049845721284,1.1902982128011685,0.5767251219958681,0.0,4.719343513250351,49.62576746940613,0.2789524935185909
3.6419999999998205,-0.19436217477173412,0.06944189181879735,-0.19215183457196083,0.39403483847889875,0.0,0.39403483847889875,0.4197684670420838,0.38796446173220683,1.1898909588815325,0.5767245458348389,0.0,4.719343513250351,49.62576746940613,0.2789524935185909
3.6519999999998194,-0.19363473622031738,0.07454524288973727,-0.19249054137547794,0.3947136746350819,0.0,0.3947136746350819,0.41982280086349727,0.3881130757209347,1.1908632836933146,0.5767239690841773,0.0,4.670624762773514,49.65119659900665,0.2935344770550728
3.6619999999998183,-0.1928687602489295,0.07782540479600976,-0.19281168723343575,0.39436267030657035,0.0,0.39436267030657035,0.4198769513856287,0.3881116606346212,1.1906162447667188,0.5767233922498627,0.0,4.670624762773514,49.65119659900665,0.2935344770550728
3.671999999999817,-0.19208095551704,0.07915594370625141,-0.19311131833148282,0.39421734602827957,0.0,0.39421734602827957,0.41993075219559256,0.3882029657723044,1.1911022454623816,0.576722815684618,0.0,4.670624762773514,49.65119659900665,0.2935344770550728
3.681999999999816,-0.19128950377366385,0.079076603579153,-0.1933793443758181,0.3932441187804367,0.0,0.3932441187804367,0.4199840442670454,0.3884057369994149,1.1909058243760138,0.5767222400073375,0.0,4.670624762773514,49.65119659900665,0.2935344770550728
3.691999999999815,-0.1905023895930354,0.07819443343981265,-0.19360056674536075,0.39206911749419143,0.0,0.39206911749419143,0.4200366788533867,0.3887705975825318,1.1909675718400372,0.5767216661649239,0.0,4.670624762773514,49.65119659900665,0.2935344770550728
3.701999999999814,-0.1897357652831941,0.07565554162217591,-0.1937806954888653,0.3904360974386073,0.0,0.3904360974386073,0.4200885189245001,0.3891565310576552,1.1907712059605853,0.5767210940139641,0.0,4.544362008571625,49.65088188648224,0.3134183319285512
3.711999999999813,-0.1889937760683276,0.07307121622325942,-0.193895756714887,0.3884712030518406,0.0,0.3884712030518406,0.4201394411547292,0.38953480736612833,1.1904078803234064,0.5767205250968622,0.0,4.544362008571625,49.65088188648224,0.3134183319285512
3.7219999999998117,-0.18829435572292633,0.06749144582478597,-0.1939742086512676,0.38725276136763015,0.0,0.38725276136763015,0.4201893364427894,0.38990557843102824,1.1913501165832485,0.5767199578401958,0.0,4.544362008571625,49.65088188648224,0.3134183319285512
3.7319999999998106,-0.18765999058830646,0.06060409286217988,-0.19400329981102044,0.3855844515623679,0.0,0.3855844515623679,0.42023811239708925,0.39026899316118124,1.191874996030861,0.5767193930319736,0.0,4.544362008571625,49.65088188648224,0.3134183319285512
3.7419999999998095,-0.18709184030481021,0.05437365033132907,-0.19395790776688776,0.3826816055144775,0.0,0.3826816055144775,0.4202856962582528,0.39060166474131164,1.1908130518987015,0.5767188321784669,0.0,4.544362008571625,49.65088188648224,0.3134183319285512
3.7519999999998084,-0.1865919921868637,0.04697800687251648,-0.19385600493933947,0.3802073233380453,0.0,0.3802073233380453,0.4203320341509872,0.39094534876439013,1.190488061334331,0.5767182746564262,0.0,4.408277004957199,49.57889139652252,0.33208441622555257
3.7619999999998073,-0.18617143244789883,0.03837016407632439,-0.19370615059648527,0.3785299497324094,0.0,0.3785299497324094,0.420377090387379,0.39117042515918454,1.1912371638967538,0.576717720493188,0.0,4.408277004957199,49.57889139652252,0.33208441622555257
3.771999999999806,-0.18584763021485415,0.028395690716942045,-0.19351407572139398,0.37627121594482577,0.0,0.37627121594482577,0.42042084854902273,0.39144183865206894,1.1912475378500467,0.5767171689844072,0.0,4.408277004957199,49.57889139652252,0.33208441622555257
3.781999999999805,-0.18561800908847348,0.019224630685986704,-0.1932582912681171,0.37380827114488674,0.0,0.37380827114488674,0.42046331294635,0.3917747729981948,1.1909664454078708,0.5767166213933551,0.0,4.408277004957199,49.57889139652252,0.33208441622555257
3.791999999999804,-0.18548360325304955,0.009518795832460939,-0.19295827230833887,0.37163164469991916,0.0,0.37163164469991916,0.4205045072696811,0.3921011017142414,1.1910106779066119,0.5767160768770773,0.0,4.408277004957199,49.57889139652252,0.33208441622555257
3.801999999999803,-0.18544537059206315,-0.00019062886293694063,-0.19261929855655127,0.3696683659815304,0.0,0.3696683659815304,0.42054447329572836,0.3924209558601286,1.1912093353729494,0.5767155356108195,0.0,4.565772145986557,49.4904750585556,0.29539398970082403
3.8119999999998018,-0.185512187572631,-0.0108462823383284,-0.19227545065798973,0.36774933078499206,0.0,0.36774933078499206,0.4205832700583016,0.3927344638954639,1.1912797648868343,0.576714996887083,0.0,4.565772145986557,49.4904750585556,0.29539398970082403
3.8219999999998007,-0.18567695245494484,-0.02020100905090528,-0.1918946689428188,0.3658562204636445,0.0,0.3658562204636445,0.4206209737686286,0.3930417517311339,1.191153920984348,0.5767144611768306,0.0,4.565772145986557,49.4904750585556,0.29539398970082403
3.8319999999997996,-0.18593598624122112,-0.029661507182603263,-0.1915005380918802,0.3646811863770487,0.0,0.3646811863770487,0.4206576757188392,0.39333389453050527,1.1917527152393186,0.5767139272996359,0.0,4.565772145986557,49.4904750585556,0.29539398970082403
3.8419999999997985,-0.1862863822438511,-0.03852666185592195,-0.19109651093821062,0.36358128994548117,0.0,0.36358128994548117,0.42069348032156834,0.39362320151928887,1.192152297909855,0.5767133951042248,0.0,4.565772145986557,49.4904750585556,0.29539398970082403
3.8519999999997974,-0.18671296031336665,-0.04512048031326339,-0.19067193457848847,0.3617426041108917,0.0,0.3617426041108917,0.4207285033942676,0.3939128562328468,1.1911884906215064,0.5767128653388677,0.0,4.817334890365601,49.53837037086487,0.26775043085217476
3.8619999999997963,-0.18720239992999743,-0.0514915095724852,-0.19025891726611294,0.36143706488379823,0.0,0.36143706488379823,0.4207628684969945,0.39419676401187914,1.192018748200072,0.576712336718697,0.0,4.817334890365601,49.53837037086487,0.26775043085217476
3.871999999999795,-0.18775271018611353,-0.05742004293802713,-0.18986168880356089,0.36150638738410196,0.0,0.36150638738410196,0.42079670390175344,0.3944750388792376,1.1930056151962947,0.5767118083902939,0.0,4.817334890365601,49.53837037086487,0.26775043085217476
3.881999999999794,-0.18836188892226233,-0.0630792032211495,-0.1894947810656068,0.36181733839096814,0.0,0.36181733839096814,0.420830141616601,0.3947477925954878,1.1939510961467918,0.5767112794684768,0.0,4.817334890365601,49.53837037086487,0.26775043085217476
3.891999999999793,-0.18901597108310778,-0.06664585914449746,-0.18914649707077533,0.3617941146290345,0.0,0.3617941146290345,0.420863316364147,0.395015134703794,1.1940454492797805,0.5767107505365726,0.0,4.817334890365601,49.53837037086487,0.26775043085217476
3.901999999999792,-0.18969018468343476,-0.06762911899062447,-0.18881053403692416,0.3617528209920015,0.0,0.3617528209920015,0.4208963625844296,0.39527717257391437,1.1937393253879174,0.5767102217206179,0.0,4.7294758558273315,49.58924472332001,0.26176202595233916
3.9119999999997908,-0.19036277658214612,-0.06676396296985952,-0.18849032058684106,0.36231107413989344,0.0,0.36231107413989344,0.4209294097526157,0.3955340114453224,1.193912036834635,0.5767096922684256,0.0,4.7294758558273315,49.58924472332001,0.26176202595233916
3.9219999999997897,-0.19101331238789132,-0.06373073779823019,-0.18819206434919591,0.3626782683653936,0.0,0.3626782683653936,0.4209625783120025,0.3957857544694733,1.1934792017706495,0.5767091625059748,0.0,4.7294758558273315,49.58924472332001,0.26176202595233916
3.9319999999997886,-0.19162424692144608,-0.05919211233629935,-0.18792417223303765,0.3634561231703547,0.0,0.3634561231703547,0.42099597623213925,0.3960325027512315,1.1933143086292608,0.5767086318948673,0.0,4.7294758558273315,49.58924472332001,0.26176202595233916
3.9419999999997875,-0.19218669410033798,-0.05405494868264524,-0.1877006109322537,0.36435551402332,0.0,0.36435551402332,0.42102969642362137,0.3962743553894763,1.1930475655091912,0.5767080995570502,0.0,4.7294758558273315,49.58924472332001,0.26176202595233916
3.9519999999997864,-0.1926874783930995,-0.04724034782454699,-0.1875118204294562,0.3654034426130051,0.0,0.3654034426130051,0.4210638157032713,0.396511409516902,1.1927564049153387,0.5767075659413112,0.0,4.678236573934555,49.56306993961334,0.2665668547153473
3.9619999999997852,-0.19311200118250876,-0.03912244888622848,-0.18736128847903652,0.3665292024650804,0.0,0.3665292024650804,0.42109839335476273,0.3967437603390281,1.1923880877135877,0.5767070308722659,0.0,4.678236573934555,49.56306993961334,0.2665668547153473
3.971999999999784,-0.19344664329496744,-0.029511962473900352,-0.18724257777576725,0.36727237658244105,0.0,0.36727237658244105,0.42113346940694224,0.39697150117243585,1.1913477809514943,0.5767064944596689,0.0,4.678236573934555,49.56306993961334,0.2665668547153473
3.981999999999783,-0.19368013585053312,-0.01920357680574268,-0.1871600390421214,0.3685730182133399,0.0,0.3685730182133399,0.4211690632517934,0.3971947234822459,1.1910044018054626,0.5767059563721966,0.0,4.678236573934555,49.56306993961334,0.2665668547153473
3.991999999999782,-0.19381485408906493,-0.009958158352262525,-0.18713302205595062,0.3709473838140719,0.0,0.3709473838140719,0.4212051730173118,0.39741351691885257,1.192132098850175,0.5767054154293215,0.0,4.678236573934555,49.56306993961334,0.2665668547153473
4.001999999999781,-0.19386331061754972,-0.0014250326085894337,-0.18716213688790348,0.3729347704010486,0.0,0.3729347704010486,0.42124177751472835,0.397627969353929,1.1927318609838335,0.5767048713635015,0.0,4.7481644451618195,49.586310386657715,0.27398131638765333
4.01199999999978,-0.19381922649667874,0.008578071300724627,-0.18721629384562988,0.37355399333587275,0.0,0.37355399333587275,0.4212788394221686,0.39783816691571827,1.1914773917079775,0.5767043255665272,0.0,4.7481644451618195,49.586310386657715,0.27398131638765333
4.021999999999779,-0.19366936409420837,0.01944291209065034,-0.18729178890722692,0.37441869202628536,0.0,0.37441869202628536,0.42131630537687415,0.398044194023624,1.190678985007944,0.5767037784020598,0.0,4.7481644451618195,49.586310386657715,0.27398131638765333
4.031999999999778,-0.19340591727689768,0.030936051127929,-0.1873799288330855,0.3750853254750693,0.0,0.3750853254750693,0.4213541047162191,0.39824613342211507,1.1897653650609545,0.5767032303028801,0.0,4.7481644451618195,49.586310386657715,0.27398131638765333
4.041999999999777,-0.19302970318663062,0.04188357866086395,-0.1874844447634511,0.37610953074464154,0.0,0.37610953074464154,0.42139214929221275,0.3984440662139571,1.1895604792641052,0.5767026810215559,0.0,4.7481644451618195,49.586310386657715,0.27398131638765333
4.051999999999776,-0.1925497305008162,0.05189795998403104,-0.18760257274151967,0.37694485076345013,0.0,0.37694485076345013,0.4214303348843642,0.3986380718927852,1.1893387824753097,0.5767021305288882,0.0,4.782013475894928,49.642815589904785,0.2903018306940794
4.061999999999775,-0.1919774798091951,0.06058928881507168,-0.18772888220299355,0.37761651013083947,0.0,0.37761651013083947,0.42146854401590444,0.3988282283750298,1.1891675836592193,0.5767015786938687,0.0,4.782013475894928,49.642815589904785,0.2903018306940794
4.071999999999774,-0.1913265338318643,0.06762509205486263,-0.18786766566837165,0.37885929138359575,0.0,0.37885929138359575,0.4215066491837428,0.3990146120312098,1.190101412372094,0.5767010257841789,0.0,4.782013475894928,49.642815589904785,0.2903018306940794
4.0819999999997725,-0.1906202960681855,0.07253431256839951,-0.1880231893067504,0.379126064146294,0.0,0.379126064146294,0.42154451651471064,0.39919729771660395,1.189991352635837,0.5767004715086189,0.0,4.782013475894928,49.642815589904785,0.2903018306940794
4.091999999999771,-0.1898678619528919,0.07686396855247687,-0.18817163488525165,0.3792299514805152,0.0,0.3792299514805152,0.42158201031985776,0.3993763588013148,1.1899878195676752,0.5766999171849267,0.0,4.782013475894928,49.642815589904785,0.2903018306940794
4.10199999999977,-0.18907832187459955,0.08033694551406687,-0.18830705785479573,0.3787854114408846,0.0,0.3787854114408846,0.42161899550412657,0.3995518671997348,1.1895581497870589,0.5766993631368502,0.0,4.740002483129501,49.66262638568878,0.29760563364252446
4.111999999999769,-0.1882589331687686,0.08303455235313074,-0.18841842232161152,0.37784652668941143,0.0,0.37784652668941143,0.42165533926927745,0.3997238933994292,1.1887790728211052,0.5766988099346789,0.0,4.740002483129501,49.66262638568878,0.29760563364252446
4.121999999999768,-0.18741290083356987,0.08546792354372444,-0.18849098582811194,0.3767219925728191,0.0,0.3767219925728191,0.42169091246913515,0.39989250648944497,1.188079171256602,0.5766982586064328,0.0,4.740002483129501,49.66262638568878,0.29760563364252446
4.131999999999767,-0.18655096921558725,0.08666176271797778,-0.18852821713234,0.37508871554772244,0.0,0.37508871554772244,0.4217255903954173,0.40005777418805816,1.1869963396815721,0.5766977090630632,0.0,4.740002483129501,49.66262638568878,0.29760563364252446
4.141999999999766,-0.18567828167842135,0.08756453501638865,-0.188512043167102,0.3732243313160355,0.0,0.3732243313160355,0.42175925434177536,0.4002197628699708,1.185904177825956,0.5766971624337557,0.0,4.740002483129501,49.66262638568878,0.29760563364252446
4.151999999999765,-0.18480839365260035,0.08612375551196225,-0.188460070949326,0.3720625282828784,0.0,0.3720625282828784,0.4217917925951525,0.4003785375929687,1.186089348161082,0.5766966178901031,0.0,4.630360186100006,49.65332269668579,0.3199155470356345
4.161999999999764,-0.18396628488537872,0.08270210656304683,-0.18837242889778066,0.37025918393957463,0.0,0.37025918393957463,0.42182310280569635,0.40053416212404963,1.1856383821068408,0.5766960754973732,0.0,4.630360186100006,49.65332269668579,0.3199155470356345
4.171999999999763,-0.18317247142523987,0.07686598133122372,-0.18825624986462894,0.3692830826073708,0.0,0.3692830826073708,0.42185309599176174,0.40068669896503323,1.18657063630666,0.5766955349402894,0.0,4.630360186100006,49.65332269668579,0.3199155470356345
4.1819999999997615,-0.18244301298169105,0.07042377963014257,-0.18809530797447327,0.3667763631168862,0.0,0.3667763631168862,0.42188169978092177,0.4008362093776633,1.1855421033594946,0.5766949971888427,0.0,4.630360186100006,49.65332269668579,0.3199155470356345
4.19199999999976,-0.18178036761995442,0.06334236034740348,-0.18788671046479657,0.36491182231449604,0.0,0.36491182231449604,0.42190886020751467,0.4009827534082113,1.1855527944702722,0.5766944625454644,0.0,4.630360186100006,49.65332269668579,0.3199155470356345
4.201999999999759,-0.1811932544390761,0.05555082191173975,-0.18763376574823928,0.36268490660642927,0.0,0.36268490660642927,0.4219345414630534,0.4011263899115925,1.1851505476142554,0.5766939310204915,0.0,4.526125967502594,49.596408009529114,0.3261871501803398
4.211999999999758,-0.1806901988273918,0.04660896973546083,-0.18734624666486926,0.36105033603874304,0.0,0.36105033603874304,0.421958726197814,0.4012671765750029,1.1856251097637427,0.5766934023591864,0.0,4.526125967502594,49.596408009529114,0.3261871501803398
4.221999999999757,-0.18028302912394767,0.036933367783465634,-0.18702424813783397,0.358730090043096,0.0,0.358730090043096,0.421981416082435,0.4014051699410879,1.1851368704635317,0.5766928763919585,0.0,4.526125967502594,49.596408009529114,0.3261871501803398
4.231999999999756,-0.17997117734264007,0.027091815433424697,-0.18666439845181904,0.3571932635555855,0.0,0.3571932635555855,0.4220026324150365,0.4015404254306505,1.1856943077587487,0.5766923534151331,0.0,4.526125967502594,49.596408009529114,0.3261871501803398
4.241999999999755,-0.1797618862792099,0.016698848742189697,-0.18627922340115938,0.35554351123487743,0.0,0.35554351123487743,0.4220224152148557,0.40167299736490963,1.1859936100634327,0.5766918328513114,0.0,4.526125967502594,49.596408009529114,0.3261871501803398
4.251999999999754,-0.179658056886371,0.006025827206297164,-0.1858765487565046,0.35400278460605517,0.0,0.35400278460605517,0.42204082300251433,0.40180293898731656,1.186298307840504,0.5766913146023444,0.0,4.663176566362381,49.54076826572418,0.294596803933382
4.261999999999753,-0.17966561128229908,-0.005180553305043087,-0.1854781759098974,0.3527479958778429,0.0,0.3527479958778429,0.42205793224453036,0.40193030248493855,1.1868131066676462,0.5766907982807477,0.0,4.663176566362381,49.54076826572418,0.294596803933382
4.2719999999997516,-0.1797830592729781,-0.01577377962417334,-0.1850694683365305,0.35110577558952794,0.0,0.35110577558952794,0.4220738369760636,0.4020551390094179,1.1865547677394275,0.5766902836859287,0.0,4.663176566362381,49.54076826572418,0.294596803933382
4.2819999999997505,-0.17999214961983306,-0.0240990276697444,-0.184634247183681,0.3493205334194762,0.0,0.3493205334194762,0.4220886470622173,0.4021774986975159,1.1858317246132024,0.5766897717539649,0.0,4.663176566362381,49.54076826572418,0.294596803933382
4.291999999999749,-0.1802746990413966,-0.03108696578468556,-0.1841837523090991,0.3484572826328234,0.0,0.3484572826328234,0.42210248384448573,0.40229743069124835,1.1861096854014501,0.5766892619400518,0.0,4.663176566362381,49.54076826572418,0.294596803933382
4.301999999999748,-0.18062270556352086,-0.037174893927352994,-0.18373154803501798,0.3475144244884971,0.0,0.3475144244884971,0.42211547591738524,0.40241498315762203,1.1859645502300664,0.576688753635252,0.0,4.837913542985916,49.573543071746826,0.27664531767368317
4.311999999999747,-0.18103198064558965,-0.04347043597523518,-0.18330253625690465,0.3474104412199286,0.0,0.3474104412199286,0.4221277567074228,0.4025302033079796,1.1866665963369245,0.5766882457693544,0.0,4.837913542985916,49.573543071746826,0.27664531767368317
4.321999999999746,-0.18149321379789163,-0.047565894960361524,-0.1828753842607938,0.34630919947138616,0.0,0.34630919947138616,0.42213946316842565,0.4026431374169606,1.1856334432001454,0.5766877390332829,0.0,4.837913542985916,49.573543071746826,0.27664531767368317
4.331999999999745,-0.18198987396561217,-0.05106185426319754,-0.18246996668658338,0.3466945595021715,0.0,0.3466945595021715,0.42215073350151217,0.40275383084108607,1.186341094007003,0.576687232288724,0.0,4.837913542985916,49.573543071746826,0.27664531767368317
4.341999999999744,-0.18251304998960222,-0.05286973485621503,-0.1820831159475705,0.3466336523042918,0.0,0.3466336523042918,0.42216170407757947,0.4028623280369746,1.186084743661416,0.5766867256427561,0.0,4.837913542985916,49.573543071746826,0.27664531767368317
4.351999999999743,-0.1830467235583697,-0.05346119946495484,-0.18172190487724726,0.3469768694878411,0.0,0.3469768694878411,0.4221725073463913,0.40296867257919733,1.1860655502445772,0.5766862185343264,0.0,4.787475198507309,49.60277020931244,0.26942116767168045
4.361999999999742,-0.18357634719507937,-0.052646867302587545,-0.18138491192445794,0.3476782974770359,0.0,0.3476782974770359,0.422183268992893,0.40307290717777783,1.186234438938081,0.5766857106768091,0.0,4.787475198507309,49.60277020931244,0.26942116767168045
4.3719999999997405,-0.18409328635601133,-0.05080448759696475,-0.18108631417493765,0.34857254838934637,0.0,0.34857254838934637,0.4221941056793744,0.40317507369534566,1.1863801357890396,0.5766852015981753,0.0,4.787475198507309,49.60277020931244,0.26942116767168045
4.381999999999739,-0.18457982252904792,-0.04720529176969871,-0.1808187235734895,0.3494707083572133,0.0,0.3494707083572133,0.4222051234263138,0.40327521316394904,1.1862665997752933,0.5766846916176948,0.0,4.787475198507309,49.60277020931244,0.26942116767168045
4.391999999999738,-0.1850321823412763,-0.0438888484857302,-0.18060845295649097,0.35123834259106834,0.0,0.35123834259106834,0.4222164152879104,0.40337336580153416,1.187137213332179,0.5766841791391271,0.0,4.787475198507309,49.60277020931244,0.26942116767168045
4.401999999999737,-0.18544284296414074,-0.03905981011953431,-0.1804402263619757,0.35231132163087997,0.0,0.35231132163087997,0.42222806102806343,0.4034695710280974,1.186835664912143,0.5766836648872302,0.0,4.741708517074585,49.58501577377319,0.27477434054017064
4.411999999999736,-0.1857964949908566,-0.032599402923726414,-0.18031051605366022,0.3532029589753217,0.0,0.3532029589753217,0.4222401265051642,0.40356386748151735,1.1861213248014706,0.576683149013663,0.0,4.741708517074585,49.58501577377319,0.27477434054017064
4.421999999999735,-0.18607626800901733,-0.02485377691463595,-0.18021637505964727,0.3546021110772685,0.0,0.3546021110772685,0.42225266156571745,0.4036562930330723,1.186004223469382,0.5766826315060978,0.0,4.741708517074585,49.58501577377319,0.27477434054017064
4.431999999999734,-0.18627766494837175,-0.01697446237494812,-0.18016858235221841,0.35625419968050115,0.0,0.35625419968050115,0.4222656981121865,0.40374688480265025,1.1861735507204725,0.5766821116477462,0.0,4.741708517074585,49.58501577377319,0.27477434054017064
4.441999999999733,-0.18640321695913253,-0.009459766413730513,-0.1801732569729741,0.35802545292298177,0.0,0.35802545292298177,0.4222792502909949,0.4038356791736569,1.1864859174930966,0.5766815889552587,0.0,4.741708517074585,49.58501577377319,0.27477434054017064
4.451999999999732,-0.18644968213786484,-0.0013936194858386354,-0.18021705121319134,0.3597509720555904,0.0,0.3597509720555904,0.4222933159190035,0.40392271180762795,1.1867546080153357,0.5766810639913704,0.0,4.783944070339203,49.6027147769928,0.28100783228874204
4.461999999999731,-0.18641257316453327,0.007098666512571567,-0.18029384151053265,0.36114183591176585,0.0,0.36114183591176585,0.4223078770943301,0.40400801765855143,1.1866194885793728,0.5766805368509087,0.0,4.783944070339203,49.6027147769928,0.28100783228874204
4.4719999999997295,-0.18629693874690756,0.014324240633260083,-0.18041996698200824,0.3633569154785728,0.0,0.3633569154785728,0.4223229005299852,0.404091630986906,1.1877446569422678,0.5766800066740797,0.0,4.783944070339203,49.6027147769928,0.28100783228874204
4.481999999999728,-0.18610968748386075,0.021614487641163437,-0.18057918480731766,0.36478950012162314,0.0,0.36478950012162314,0.4223383395380884,0.40417358537342035,1.1879171344910895,0.5766794742362992,0.0,4.783944070339203,49.6027147769928,0.28100783228874204
4.491999999999727,-0.18584540021942714,0.029606762352691555,-0.1807545115836746,0.3655484392181495,0.0,0.3655484392181495,0.4223541360530378,0.4042539137325603,1.1873267609410754,0.576678940413531,0.0,4.783944070339203,49.6027147769928,0.28100783228874204
4.501999999999726,-0.18550612927999668,0.036908178438012404,-0.18095101062872124,0.3666362833083695,0.0,0.3666362833083695,0.4223702207329844,0.40433264832574756,1.1874114237407734,0.5766784047661563,0.0,4.81435227394104,49.64442491531372,0.29122519567608834
4.511999999999725,-0.18509145762792878,0.04438052256177955,-0.18114681174958902,0.3673997973154103,0.0,0.3673997973154103,0.4223865139326347,0.4044098207743164,1.1872854807672848,0.576677868182161,0.0,4.81435227394104,49.64442491531372,0.29122519567608834
4.521999999999724,-0.18460745274332455,0.05085024860058507,-0.18135075995841882,0.3679699877874761,0.0,0.3679699877874761,0.4224029266613757,0.4044854620722141,1.1871573480598048,0.5766773305621642,0.0,4.81435227394104,49.64442491531372,0.29122519567608834
4.531999999999723,-0.1840630705240437,0.056477755171830325,-0.181554807864966,0.36866174262626333,0.0,0.36866174262626333,0.4224193623519122,0.4045596025984478,1.1874869702303001,0.5766767923447852,0.0,4.81435227394104,49.64442491531372,0.29122519567608834
4.541999999999722,-0.18347578064605344,0.06014088210171847,-0.18176775461853698,0.36895359874062184,0.0,0.36895359874062184,0.42243571937262,0.4046322721292859,1.1875559589060303,0.5766762530186602,0.0,4.81435227394104,49.64442491531372,0.29122519567608834
4.551999999999721,-0.18285413078110507,0.06332941964079931,-0.18196696475839608,0.36889385924201484,0.0,0.36889385924201484,0.42245189444518144,0.4047034998502166,1.1874378132987338,0.5766757138088091,0.0,4.808712482452393,49.6709018945694,0.2980532138608396
4.56199999999972,-0.18221077352700804,0.06486226818170791,-0.18215762390003107,0.3688310208540527,0.0,0.3688310208540527,0.42246778485088055,0.4047733143676694,1.187620604682607,0.5766751742960549,0.0,4.808712482452393,49.6709018945694,0.2980532138608396
4.5719999999997185,-0.1815557937074853,0.06576689703575934,-0.18232591721829813,0.36835806552337697,0.0,0.36835806552337697,0.4224832907720657,0.4048417437205039,1.1875280928403669,0.576674635511641,0.0,4.808712482452393,49.6709018945694,0.2980532138608396
4.581999999999717,-0.18089923028441982,0.0653129139780047,-0.18247377111323845,0.3679820786126275,0.0,0.3679820786126275,0.4224983172342537,0.404908815391271,1.1878598916954712,0.5766740974130393,0.0,4.808712482452393,49.6709018945694,0.2980532138608396
4.591999999999716,-0.18025615919496865,0.06324233666002171,-0.1826017596362926,0.36756468456582814,0.0,0.36756468456582814,0.42251277586911645,0.40497455631724993,1.188404627921674,0.5766735600273631,0.0,4.808712482452393,49.6709018945694,0.2980532138608396
4.601999999999715,-0.17964330756766123,0.060001861996988176,-0.1827053088989428,0.3663505113291868,0.0,0.3663505113291868,0.42252658751264605,0.4050389929012674,1.1880801675884087,0.576673023673785,0.0,4.753223240375519,49.67206597328186,0.3133019462227821
4.611999999999714,-0.17905878436743253,0.05737320404599136,-0.18275787813998534,0.36439737220341156,0.0,0.36439737220341156,0.4225396844283006,0.40510215102230085,1.1869425418549175,0.5766724899572336,0.0,4.753223240375519,49.67206597328186,0.3133019462227821
4.621999999999713,-0.1785054329547751,0.05393077165595874,-0.18276823048152213,0.3628079452350637,0.0,0.3628079452350637,0.4225520097472405,0.40516405604587263,1.186508723325224,0.576671958483628,0.0,4.753223240375519,49.67206597328186,0.3133019462227821
4.631999999999712,-0.17798941764592158,0.049921219760936095,-0.18273187428514162,0.36093152172342463,0.0,0.36093152172342463,0.42256351722800634,0.4052247328342367,1.1858360779690456,0.5766714296320931,0.0,4.753223240375519,49.67206597328186,0.3133019462227821
4.641999999999711,-0.17751638605009798,0.045482243177334944,-0.1826465221141741,0.35897376410202186,0.0,0.35897376410202186,0.4225741717862746,0.4052842057563641,1.185178408328262,0.576670903665685,0.0,4.753223240375519,49.67206597328186,0.3133019462227821
4.65199999999971,-0.17709682264225407,0.0393595821863036,-0.18252839163688941,0.3577378729846762,0.0,0.3577378729846762,0.42258394992357246,0.4053424986977298,1.1856233468335124,0.5766703798627871,0.0,4.699697375297546,49.64132606983185,0.31429228410124777
4.661999999999709,-0.1767441925412754,0.03250109436415114,-0.18237540456497353,0.35596884486884617,0.0,0.35596884486884617,0.4225928410225424,0.405399635069906,1.1853726551801287,0.5766698585598006,0.0,4.699697375297546,49.64132606983185,0.31429228410124777
4.6719999999997075,-0.17646224692485396,0.025452861724981977,-0.1821822482687653,0.3537402604057385,0.0,0.3537402604057385,0.4226008488542805,0.40545563781996397,1.1844890040311058,0.5766693399532925,0.0,4.699697375297546,49.64132606983185,0.31429228410124777
4.681999999999706,-0.17625133031577087,0.01822751991262185,-0.18195101275522885,0.3520326386373262,0.0,0.3520326386373262,0.4226079914206272,0.4055105294396907,1.1843055953397021,0.5766688240473415,0.0,4.699697375297546,49.64132606983185,0.31429228410124777
4.691999999999705,-0.17611518880537733,0.010311304453894865,-0.18169238082565356,0.3509827695298781,0.0,0.3509827695298781,0.42261430018852264,0.40556433197462155,1.1849745006632653,0.5766683103571278,0.0,4.699697375297546,49.64132606983185,0.31429228410124777
4.701999999999704,-0.17606236456231697,0.0024210973821950366,-0.18141020069507033,0.3484242014820357,0.0,0.3484242014820357,0.4226198200127075,0.40561706703289463,1.183421599038034,0.5766677988870009,0.0,4.806047856807709,49.60255563259125,0.2944620933383703
4.711999999999703,-0.17607990859192718,-0.004410943595076254,-0.1810984532444863,0.34696412694921774,0.0,0.34696412694921774,0.42262460915513594,0.4056687557939285,1.1832651676782553,0.5766672905418952,0.0,4.806047856807709,49.60255563259125,0.2944620933383703
4.721999999999702,-0.17616027682748608,-0.010443368707304876,-0.1807563223596742,0.34532706478687164,0.0,0.34532706478687164,0.42262873647044447,0.4057194190169288,1.182690590157619,0.576666784847114,0.0,4.806047856807709,49.60255563259125,0.2944620933383703
4.731999999999701,-0.17630011069100116,-0.016556391713880552,-0.18039897334794347,0.34442615478903416,0.0,0.34442615478903416,0.4226322790489255,0.4057690770492251,1.1829491415406066,0.5766662810240328,0.0,4.806047856807709,49.60255563259125,0.2944620933383703
4.7419999999997,-0.17650217024120532,-0.022628131853217597,-0.18003552735912712,0.34329387517664256,0.0,0.34329387517664256,0.4226353210315757,0.405817749834443,1.1826599403796907,0.5766657785853666,0.0,4.806047856807709,49.60255563259125,0.2944620933383703
4.751999999999699,-0.17676456548666938,-0.02864690866352399,-0.17967522001696584,0.3429638479737354,0.0,0.3429638479737354,0.4226379533620638,0.4058654569205139,1.1832481250354399,0.576665277098881,0.0,4.931392699480057,49.615601897239685,0.28027215600013733
4.761999999999698,-0.17708632448735626,-0.03439073018027868,-0.1793276493531757,0.34237095472872947,0.0,0.34237095472872947,0.42264027298814827,0.4059122174675256,1.1832047727121566,0.5766647762232583,0.0,4.931392699480057,49.615601897239685,0.28027215600013733
4.7719999999996965,-0.17746247972007728,-0.039781159452983605,-0.17899622193219908,0.34271643772613797,0.0,0.34271643772613797,0.4226423820450086,0.4059580502554176,1.184198651697654,0.5766642754110104,0.0,4.931392699480057,49.615601897239685,0.28027215600013733
4.781999999999695,-0.1778846331896114,-0.04354474122805828,-0.17867439933436183,0.34214603952189715,0.0,0.34214603952189715,0.42264438656274084,0.40600297369152355,1.1836249697634225,0.576663774990141,0.0,4.931392699480057,49.615601897239685,0.28027215600013733
4.791999999999694,-0.17833185168829405,-0.045540366784343075,-0.1783603210374151,0.34233524504104323,0.0,0.34233524504104323,0.4226463941877598,0.40604700581796355,1.183830772724563,0.5766632750534083,0.0,4.931392699480057,49.615601897239685,0.28027215600013733
4.801999999999693,-0.17879758006936097,-0.046856800593917614,-0.17807051462333,0.3422820286344706,0.0,0.3422820286344706,0.422648510512212,0.4060901643188908,1.1834176018232523,0.5766627745134888,0.0,4.8760450184345245,49.635425209999084,0.27330050021409985
4.811999999999692,-0.179261144716814,-0.0460101116498779,-0.1777869558470369,0.34257809758679625,0.0,0.34257809758679625,0.4226508371067394,0.4061324665275934,1.1832251163328622,0.5766622741437172,0.0,4.8760450184345245,49.635425209999084,0.27330050021409985
4.821999999999691,-0.17971692566434325,-0.045029763751985516,-0.17753923968152893,0.34342783431264295,0.0,0.34342783431264295,0.42265346845999896,0.406173929433456,1.1835550457364232,0.5766617725085507,0.0,4.8760450184345245,49.635425209999084,0.27330050021409985
4.83199999999969,-0.18015171386734974,-0.042383044566755235,-0.1773134642280386,0.34389611890828625,0.0,0.34389611890828625,0.4226564906233945,0.4062145696887831,1.1831187164448769,0.5766612703192046,0.0,4.8760450184345245,49.635425209999084,0.27330050021409985
4.841999999999689,-0.180556980467354,-0.03933157716397143,-0.17712480565056887,0.34510630345067556,0.0,0.34510630345067556,0.42265997951973705,0.4062544036154867,1.1835144749745679,0.5766607666282466,0.0,4.8760450184345245,49.635425209999084,0.27330050021409985
4.851999999999688,-0.18093236593375434,-0.03627621616298011,-0.17698312030251268,0.34654594755645557,0.0,0.34654594755645557,0.4226639999112507,0.4062934472116417,1.1840510269675266,0.5766602607636506,0.0,4.779438704252243,49.61573243141174,0.2786776341497898
4.861999999999687,-0.18127308719245988,-0.032388040362341025,-0.1768831136342528,0.3476583089023159,0.0,0.3476583089023159,0.4226686057916361,0.406331716157911,1.1839778755793582,0.576659752960325,0.0,4.779438704252243,49.61573243141174,0.2786776341497898
4.8719999999996855,-0.18156070735612714,-0.026274750447525044,-0.17680430015195883,0.34852089977246536,0.0,0.34852089977246536,0.42267383996695346,0.4063692258238432,1.183439020769337,0.5766592442382814,0.0,4.779438704252243,49.61573243141174,0.2786776341497898
4.881999999999684,-0.18178147323291738,-0.019253019076992048,-0.176754788423976,0.3494402135740765,0.0,0.3494402135740765,0.42267973153725785,0.40638956166038903,1.182900407097909,0.5766587340731129,0.0,4.779438704252243,49.61573243141174,0.2786776341497898
4.891999999999683,-0.18193801440149285,-0.013412632776315476,-0.17675754282815884,0.3517072163626861,0.0,0.3517072163626861,0.4226862942484475,0.40619911718935775,1.1840295521575503,0.5766582210740635,0.0,4.779438704252243,49.61573243141174,0.2786776341497898
4.901999999999682,-0.18203615879972476,-0.007336729271674881,-0.17680065110459856,0.3531245496466446,0.0,0.3531245496466446,0.42269352787566766,0.40608248547952924,1.1839812503796106,0.5766577057665707,0.0,4.786608397960663,49.61175560951233,0.2836060468107462
4.911999999999681,-0.18206737623505057,-0.0004589028561416842,-0.1768719821370651,0.3542957117329386,0.0,0.3542957117329386,0.422701419915872,0.4060101422100559,1.1836473949367707,0.5766571887541105,0.0,4.786608397960663,49.61175560951233,0.2836060468107462
4.92199999999968,-0.18203394727810124,0.005835143046860423,-0.17698276003602526,0.35592535042719253,0.0,0.35592535042719253,0.42270994531453526,0.40598212248850424,1.1841126158303377,0.5766566692782844,0.0,4.786608397960663,49.61175560951233,0.2836060468107462
4.931999999999679,-0.18193837496181575,0.012066357410028252,-0.1771243182818784,0.3570571554921742,0.0,0.3570571554921742,0.4227190674901862,0.4059040736325511,1.1839427653446144,0.5766561477198902,0.0,4.786608397960663,49.61175560951233,0.2836060468107462
4.941999999999678,-0.18177411859782305,0.019275123554278156,-0.17727694471679745,0.3579174401803595,0.0,0.3579174401803595,0.4227287395152776,0.4057343476977635,1.1834130520578088,0.5766556251170297,0.0,4.786608397960663,49.61175560951233,0.2836060468107462
4.951999999999677,-0.18154252586597583,0.0256762656976545,-0.17745151582613314,0.35917292658162325,0.0,0.35917292658162325,0.4227389039215326,0.4055313284450437,1.1836236928395762,0.5766551007393758,0.0,4.834020912647247,49.63911592960358,0.2900762401521206
4.961999999999676,-0.1812532409414217,0.031070147067463687,-0.177644803052544,0.36021763769930426,0.0,0.36021763769930426,0.42274949364597875,0.40531677143608574,1.183614772355022,0.5766545744706219,0.0,4.834020912647247,49.63911592960358,0.2900762401521206
4.9719999999996745,-0.18090805721528688,0.03667063327038984,-0.17784053994401394,0.36077871606514034,0.0,0.36077871606514034,0.422760434368895,0.4050210181248438,1.1831696778226746,0.5766540474992157,0.0,4.834020912647247,49.63911592960358,0.2900762401521206
4.981999999999673,-0.18051133879869966,0.04171830835246384,-0.17803957104904655,0.36092709524524674,0.0,0.36092709524524674,0.4227716456755599,0.4046798153618044,1.1822606114322776,0.5766535197646585,0.0,4.834020912647247,49.63911592960358,0.2900762401521206
4.991999999999672,-0.18006815842752816,0.04581410211625548,-0.1782391204944056,0.3616406606906421,0.0,0.3616406606906421,0.4227830422247389,0.40443697797804734,1.1824981366369836,0.5766529914264695,0.0,4.834020912647247,49.63911592960358,0.2900762401521206
5.001999999999671,-0.17959002412127853,0.049211541547943605,-0.17843212635658254,0.3614858092764128,0.0,0.3614858092764128,0.4227945353959342,0.40425288651660307,1.1817908325275142,0.5766524627946312,0.0,4.86873197555542,49.67232525348663,0.29769591344520446
5.01199999999967,-0.17907772237449654,0.05244616640213886,-0.178601461297028,0.3611598423117164,0.0,0.3611598423117164,0.42280603538995337,0.4042567324287219,1.181324422836107,0.5766519346395266,0.0,4.86873197555542,49.67232525348663,0.29769591344520446
5.021999999999669,-0.1785407880189547,0.05419170062557024,-0.17875948524782387,0.36142742191800725,0.0,0.36142742191800725,0.422817451986267,0.4043354110971769,1.1820373052903537,0.5766514066529135,0.0,4.86873197555542,49.67232525348663,0.29769591344520446
5.031999999999668,-0.1780012025274139,0.05372030722210707,-0.17891564809162144,0.3611427954906915,0.0,0.3611427954906915,0.42282869655811733,0.40441129897300054,1.1822243907565397,0.5766508783117,0.0,4.86873197555542,49.67232525348663,0.29769591344520446
5.041999999999667,-0.17746846635792843,0.05292314821031389,-0.17904747668562454,0.3604630110780202,0.0,0.3604630110780202,0.42283968584027803,0.4044869109424922,1.1820948874433637,0.5766503509285917,0.0,4.86873197555542,49.67232525348663,0.29769591344520446
5.051999999999666,-0.17694840279410465,0.051319719148523256,-0.17915471058256052,0.3596963405416501,0.0,0.3596963405416501,0.42285034372942715,0.40456102272221417,1.1820642824838141,0.5766498245811255,0.0,4.840472221374512,49.68013048171997,0.30681581972166894
5.0619999999996645,-0.1764476430061218,0.04909538075245266,-0.17923148105184172,0.35876259304791264,0.0,0.35876259304791264,0.42286060200178727,0.4046336640768896,1.1820009681792587,0.5766492996466345,0.0,4.840472221374512,49.68013048171997,0.30681581972166894
5.0719999999996634,-0.17597642726696833,0.04578151807687171,-0.17928201872624913,0.35754304714060814,0.0,0.35754304714060814,0.42287040124394687,0.4047048641806908,1.1817151226875162,0.576648776002546,0.0,4.840472221374512,49.68013048171997,0.30681581972166894
5.081999999999662,-0.17553926688541419,0.042322023247276734,-0.17929419722371898,0.35610683120134434,0.0,0.35610683120134434,0.4228796921037009,0.40477465162895554,1.1812772072675302,0.5766482544267417,0.0,4.840472221374512,49.68013048171997,0.30681581972166894
5.091999999999661,-0.17514175843305366,0.03787584960081563,-0.17927536339229477,0.3550120169553108,0.0,0.3550120169553108,0.42288843567033163,0.4048430544496721,1.1814406989489337,0.5766477346104214,0.0,4.840472221374512,49.68013048171997,0.30681581972166894
5.10199999999966,-0.1747966349110053,0.03213598978086163,-0.179232842603287,0.3542413834337538,0.0,0.3542413834337538,0.422896604019866,0.4049101001147352,1.182148669565118,0.5766472162546504,0.0,4.84019923210144,49.66271936893463,0.3078399136662483
5.111999999999659,-0.17451591353859464,0.02524986650087645,-0.17917105779583298,0.35325070019768107,0.0,0.35325070019768107,0.42290418181274525,0.40497581555098,1.1826038610128815,0.5766466992816239,0.0,4.84019923210144,49.66271936893463,0.3078399136662483
5.121999999999658,-0.17430485722652278,0.018572969262781267,-0.1790774799199053,0.35142211386700384,0.0,0.35142211386700384,0.42291116772775916,0.4050402271509959,1.1819047996560326,0.5766461843184378,0.0,4.84019923210144,49.66271936893463,0.3078399136662483
5.131999999999657,-0.17416284556824566,0.011181156597993768,-0.17896213629312877,0.35065498223903313,0.0,0.35065498223903313,0.4229175744721048,0.4051033607837265,1.1826766784880078,0.5766456708920289,0.0,4.84019923210144,49.66271936893463,0.3078399136662483
5.141999999999656,-0.1740957505852723,0.003796369255591736,-0.1788233414790436,0.349629629755389,0.0,0.349629629755389,0.4229234280446531,0.4051652418048588,1.1830352807000293,0.5766451591527033,0.0,4.84019923210144,49.66271936893463,0.3078399136662483
5.151999999999655,-0.17409890750232057,-0.0028582913545347963,-0.17865600822645672,0.34779454682244193,0.0,0.34779454682244193,0.42292876759064,0.40522589506700724,1.182175540667785,0.5766446495420265,0.0,4.924431771039963,49.642212986946106,0.293767006136477
5.1619999999996535,-0.1741656099066252,-0.009279353011242691,-0.17846894400557325,0.3468999785426676,0.0,0.3468999785426676,0.4229336436643556,0.40528534492969415,1.1825194814178839,0.5766441418825713,0.0,4.924431771039963,49.642212986946106,0.293767006136477
5.171999999999652,-0.17429904946368352,-0.015980873264128184,-0.17827134326506128,0.34623253121721637,0.0,0.34623253121721637,0.42293811643906887,0.40522943267168343,1.1829938504920896,0.5766436353843055,0.0,4.924431771039963,49.642212986946106,0.293767006136477
5.181999999999651,-0.1744980227656646,-0.0226517808358227,-0.17806615157288275,0.3458297388203135,0.0,0.3458297388203135,0.42294225524485063,0.40495515380697017,1.1833515140158257,0.5766431299112564,0.0,4.924431771039963,49.642212986946106,0.293767006136477
5.19199999999965,-0.17476557778047647,-0.029355488478132515,-0.177862958392887,0.345018145643939,0.0,0.345018145643939,0.4229461379109462,0.40484463326253806,1.1832072759614922,0.5766426249135145,0.0,4.924431771039963,49.642212986946106,0.293767006136477
5.201999999999649,-0.1750937068324357,-0.03525507067114958,-0.17765754969979983,0.34498612306237325,0.0,0.34498612306237325,0.42294985033881155,0.40437190751134,1.1835064025212385,0.5766421206500291,0.0,4.986122131347656,49.65205490589142,0.27852624133229253
5.211999999999648,-0.1754815615277036,-0.04126854585191696,-0.1774672795525284,0.34545051085260625,0.0,0.34545051085260625,0.422953484775849,0.40391597572927357,1.1842886017895329,0.5766416161219942,0.0,4.986122131347656,49.65205490589142,0.27852624133229253
5.221999999999647,-0.17593250820901016,-0.04754210170367047,-0.17730373826302048,0.34615238108970636,0.0,0.34615238108970636,0.42295713902585014,0.40359924368402256,1.1852358963741758,0.5766411105547636,0.0,4.986122131347656,49.65205490589142,0.27852624133229253
5.231999999999646,-0.17643918962603888,-0.05248730032801369,-0.17715673046990105,0.34624461979453786,0.0,0.34624461979453786,0.42296091633480254,0.40349297665946565,1.1853473459980362,0.5766406044767075,0.0,4.986122131347656,49.65205490589142,0.27852624133229253
5.241999999999645,-0.17698682869194804,-0.05610630748196697,-0.17702790070416843,0.34683318063680396,0.0,0.34683318063680396,0.42296492356438814,0.4035555937654613,1.1860084388973748,0.5766400977465571,0.0,4.986122131347656,49.65205490589142,0.27852624133229253
5.251999999999644,-0.17756042755611048,-0.058065423617747594,-0.1769150380603347,0.34734994708920885,0.0,0.34734994708920885,0.4229692681280681,0.40364818347282744,1.1863907776646174,0.5766395904076418,0.0,4.858747750520706,49.65319752693176,0.27128735706210133
5.2619999999996425,-0.1781470683032976,-0.05878673908047707,-0.17682359283503563,0.34786992728592797,0.0,0.34786992728592797,0.4229740549765436,0.40373893614126033,1.1865256592225175,0.5766390820065252,0.0,4.858747750520706,49.65319752693176,0.27128735706210133
5.271999999999641,-0.17872951637274787,-0.05776028000474532,-0.1767495123948019,0.3484589607457682,0.0,0.3484589607457682,0.422979383965853,0.40382788821878596,1.1865195199429512,0.5766385728665742,0.0,4.858747750520706,49.65319752693176,0.27128735706210133
5.28199999999964,-0.1792887348371952,-0.05446950921124817,-0.1766854262730387,0.3485749317376418,0.0,0.3485749317376418,0.42298534690368483,0.40388983134927153,1.1856148685976753,0.5766380633591659,0.0,4.858747750520706,49.65319752693176,0.27128735706210133
5.291999999999639,-0.17980448399670454,-0.04947180151186224,-0.17663307612143464,0.3490145422252982,0.0,0.3490145422252982,0.42299202425565263,0.4039510061495765,1.1849833328200676,0.5766375533575524,0.0,4.858747750520706,49.65319752693176,0.27128735706210133
5.301999999999638,-0.18026802357664426,-0.04433196475363407,-0.17660976807835918,0.3502549860465853,0.0,0.3502549860465853,0.4229994820790462,0.40403575062268365,1.185305347966732,0.5766370418978988,0.0,4.758832186460495,49.61948037147522,0.2740421243011951
5.311999999999637,-0.18068024301702382,-0.038983824326116294,-0.17662195730333288,0.35136467223019247,0.0,0.35136467223019247,0.42300777128900535,0.4041188137113162,1.1853354537216139,0.5766365287376833,0.0,4.758832186460495,49.61948037147522,0.2740421243011951
5.321999999999636,-0.18103561687138214,-0.03337674832694349,-0.17666643538045598,0.35297323931932,0.0,0.35297323931932,0.42301692842313454,0.4041954902534495,1.1859634560363292,0.5766360137132994,0.0,4.758832186460495,49.61948037147522,0.2740421243011951
5.331999999999635,-0.18133492048320077,-0.02761274997245132,-0.17674628053697156,0.3543983070402093,0.0,0.3543983070402093,0.4230269758597257,0.4042753840057785,1.1862759596746866,0.5766354965473494,0.0,4.758832186460495,49.61948037147522,0.2740421243011951
5.341999999999634,-0.18157653764817142,-0.02210326624858122,-0.17686509462857702,0.3563947131242884,0.0,0.3563947131242884,0.4230379226262219,0.4043536926150316,1.1873585896075936,0.5766349769406068,0.0,4.758832186460495,49.61948037147522,0.2740421243011951
5.351999999999633,-0.18177121321911752,-0.01755752569322167,-0.17703471844522142,0.35811835083905647,0.0,0.35811835083905647,0.42304976536388345,0.4044304475314597,1.1880594871847354,0.5766344541022044,0.0,4.761854737997055,49.61577355861664,0.2783653490245342
5.3619999999996315,-0.18191232708433958,-0.01172810058672506,-0.17722707852543584,0.3595211922412035,0.0,0.3595211922412035,0.4230624906049579,0.40450567958132094,1.1883429116704818,0.5766339295036106,0.0,4.761854737997055,49.61577355861664,0.2783653490245342
5.37199999999963,-0.1819921830656147,-0.005357103787444022,-0.17744198640288292,0.3605707301180316,0.0,0.3605707301180316,0.42307607457780294,0.4045794189792606,1.1881973419864171,0.5766334030625543,0.0,4.761854737997055,49.61577355861664,0.2783653490245342
5.381999999999629,-0.18200664614557252,0.0013594069147259118,-0.1776748307566875,0.36148049741450666,0.0,0.36148049741450666,0.42309048240698793,0.4046516953404462,1.1879540714490924,0.5766328749755442,0.0,4.761854737997055,49.61577355861664,0.2783653490245342
5.391999999999628,-0.18195718002783784,0.00734491288048502,-0.17793174741369489,0.3630218846006303,0.0,0.3630218846006303,0.4231056681431984,0.40472253769246147,1.188723120162371,0.576632344847374,0.0,4.761854737997055,49.61577355861664,0.2783653490245342
5.401999999999627,-0.18185094588962164,0.01268274447215295,-0.17820823342726064,0.3647018221631919,0.0,0.3647018221631919,0.42312157587383153,0.4047919744869643,1.189839270936731,0.5766318127665455,0.0,4.818357706069946,49.64331090450287,0.28424348384141923
5.411999999999626,-0.1816942109970421,0.017601077262039983,-0.17849510730905963,0.3655790896639974,0.0,0.3655790896639974,0.4231381417314533,0.4048600336111135,1.1900054991965239,0.5766312789100715,0.0,4.818357706069946,49.64331090450287,0.28424348384141923
5.421999999999625,-0.18148584712566707,0.02307342010706543,-0.17877847499050806,0.365680955789885,0.0,0.365680955789885,0.4231552955910712,0.4049267423987687,1.1892793122743157,0.5766307444172218,0.0,4.818357706069946,49.64331090450287,0.28424348384141923
5.431999999999624,-0.1812234080026783,0.02834705303228968,-0.17905640823268953,0.3659095855825212,0.0,0.3659095855825212,0.4231729614257791,0.40499212764146847,1.1889428611270596,0.5766302094143099,0.0,4.818357706069946,49.64331090450287,0.28424348384141923
5.441999999999623,-0.180909763820692,0.033152009877577326,-0.17932456393070006,0.3663957020646174,0.0,0.3663957020646174,0.42319105739967483,0.40505621559919025,1.1891936231876492,0.576629674169227,0.0,4.818357706069946,49.64331090450287,0.28424348384141923
5.451999999999622,-0.18055728072015445,0.036452387480458925,-0.1795897961529411,0.3667476883980346,0.0,0.3667476883980346,0.42320949701292615,0.4051190320108965,1.1894916343224795,0.576629138205309,0.0,4.883058995008469,49.675610065460205,0.2944705137982964
5.4619999999996205,-0.1801772479017384,0.03879742218304647,-0.17984039601458163,0.36697846590146127,0.0,0.36697846590146127,0.4232281916820757,0.4051806021048723,1.1898561561537553,0.5766286018916653,0.0,4.883058995008469,49.675610065460205,0.2944705137982964
5.471999999999619,-0.1797871188675216,0.038758326810280505,-0.18009563918334495,0.36797254167686305,0.0,0.36797254167686305,0.4232470533145947,0.40524095060885745,1.1915214693945901,0.5766280645832587,0.0,4.883058995008469,49.675610065460205,0.2944705137982964
5.481999999999618,-0.1794054486854936,0.03784418993064476,-0.18034193095417256,0.3674058425256176,0.0,0.3674058425256176,0.4232659977009889,0.40530010175997766,1.19122226210733,0.5766275270456943,0.0,4.883058995008469,49.675610065460205,0.2944705137982964
5.491999999999617,-0.179035104011984,0.03647614453707276,-0.1805688907329548,0.3671936352478418,0.0,0.3671936352478418,0.423284947558562,0.4053580793144786,1.1916284655509308,0.5766269899197121,0.0,4.883058995008469,49.675610065460205,0.2944705137982964
5.501999999999616,-0.17867577059010378,0.0357532194798988,-0.1807582155841394,0.3658639673093992,0.0,0.3658639673093992,0.42330383302177355,0.4054149065572668,1.1906653007959267,0.5766264542944269,0.0,4.873403638601303,49.690022468566895,0.29942354005761446
5.511999999999615,-0.17832175952105114,0.03499316590152329,-0.18090668733869927,0.36500528355393624,0.0,0.36500528355393624,0.42332259097144875,0.4054706063112613,1.190543120821991,0.5766259203963361,0.0,4.873403638601303,49.690022468566895,0.29942354005761446
5.521999999999614,-0.1779877176627403,0.03216319429326202,-0.1810378075453708,0.364587275548654,0.0,0.364587275548654,0.42334116407824207,0.40552520094655997,1.191198961267597,0.5766253870775574,0.0,4.873403638601303,49.690022468566895,0.29942354005761446
5.531999999999613,-0.1776867457449572,0.02871602027888797,-0.18113951248411136,0.36330374034101653,0.0,0.36330374034101653,0.42335950287479823,0.4055787123894235,1.1907777608339476,0.5766248550853627,0.0,4.873403638601303,49.690022468566895,0.29942354005761446
5.541999999999612,-0.17742090196015647,0.02508757283720131,-0.18120512730685023,0.36218144309631606,0.0,0.36218144309631606,0.42337756770877544,0.4056311621310818,1.1906913639274368,0.5766243248973795,0.0,4.873403638601303,49.690022468566895,0.29942354005761446
5.551999999999611,-0.17719080351745348,0.021375926099210248,-0.18123187125525123,0.3610040297071514,0.0,0.3610040297071514,0.4233953286684038,0.4056825712363648,1.1906105907769415,0.5766237968011118,0.0,4.887539476156235,49.6808922290802,0.30386170791462064
5.5619999999996095,-0.17700841475576012,0.015889694699272552,-0.18124204963758755,0.3604124272852586,0.0,0.3604124272852586,0.42341276530989874,0.405732960352163,1.1914032598750923,0.5766232696690331,0.0,4.887539476156235,49.6808922290802,0.30386170791462064
5.571999999999608,-0.17688688575495706,0.00967474264537845,-0.18123117305655384,0.3593365485089574,0.0,0.3593365485089574,0.423429868174492,0.4057823497157192,1.191537099257487,0.5766227437314655,0.0,4.887539476156235,49.6808922290802,0.30386170791462064
5.581999999999607,-0.1768303367943089,0.002963736968171959,-0.18120009436679343,0.35847492900816913,0.0,0.35847492900816913,0.4234466404150035,0.4058307591627563,1.1919573318870702,0.5766222190053478,0.0,4.887539476156235,49.6808922290802,0.30386170791462064
5.591999999999606,-0.17683401172873892,-0.0024424422480969366,-0.18113074611435553,0.35663035727041326,0.0,0.35663035727041326,0.42346309778797797,0.4058782081354441,1.1909568173048608,0.576621696597876,0.0,4.887539476156235,49.6808922290802,0.30386170791462064
5.601999999999605,-0.17688823493734315,-0.007611104739037354,-0.18103250757779796,0.3558829006902717,0.0,0.3558829006902717,0.423479266900101,0.4059247156902071,1.1914220106408162,0.5766211761323254,0.0,4.961085945367813,49.6659916639328,0.29339271560311314
5.611999999999604,-0.1769987328836292,-0.013212240149173844,-0.18092086537382507,0.35460206226506963,0.0,0.35460206226506963,0.4234951829885536,0.40597030050537825,1.191042533801434,0.5766206569348066,0.0,4.961085945367813,49.6659916639328,0.29339271560311314
5.621999999999603,-0.1771648378374043,-0.018900994347506323,-0.18079508136923128,0.35415376352249484,0.0,0.35415376352249484,0.42351088989887997,0.4060149808887004,1.191705044795396,0.5766201389027109,0.0,4.961085945367813,49.6659916639328,0.29339271560311314
5.631999999999602,-0.17738979445842837,-0.024686514483049586,-0.18066276178170917,0.35334400100554797,0.0,0.35334400100554797,0.42352643966565023,0.4059529208465313,1.19165350831793,0.5766196216202394,0.0,4.961085945367813,49.6659916639328,0.29339271560311314
5.641999999999601,-0.17766267191782376,-0.029128355617404456,-0.18051074533664704,0.35282426507169096,0.0,0.35282426507169096,0.4235418920941465,0.4057219644712566,1.1916451177733152,0.5766191058933361,0.0,4.961085945367813,49.6659916639328,0.29339271560311314
5.6519999999996,-0.17798335704373888,-0.03399136925099906,-0.1803632931550145,0.35258323834192434,0.0,0.35258323834192434,0.42355731264587854,0.4054373098766772,1.191778647239041,0.5766185903295579,0.0,4.974835246801376,49.671974778175354,0.2802906185388565
5.6619999999995985,-0.178348638213928,-0.038033118388739816,-0.18021386650201293,0.3520257021308757,0.0,0.3520257021308757,0.42357277159422807,0.40525132862575614,1.1913062731676218,0.576618075278012,0.0,4.974835246801376,49.671974778175354,0.2802906185388565
5.671999999999597,-0.17874478125210208,-0.040710936677957645,-0.18005827025385732,0.35187993301213794,0.0,0.35187993301213794,0.4235883429190127,0.4052640561929555,1.191423967695722,0.5766175610308722,0.0,4.974835246801376,49.671974778175354,0.2802906185388565
5.681999999999596,-0.17916320403777528,-0.04246951850683735,-0.1799043805575743,0.35153971241095366,0.0,0.35153971241095366,0.42360410165679196,0.40532274891452924,1.1911323458472611,0.5766170471321191,0.0,4.974835246801376,49.671974778175354,0.2802906185388565
5.691999999999595,-0.1795907374352756,-0.04266608817906519,-0.1797470256516294,0.3508097980251279,0.0,0.3508097980251279,0.42362012182979714,0.4053802771350187,1.1900831528545845,0.5766165338833745,0.0,4.974835246801376,49.671974778175354,0.2802906185388565
5.701999999999594,-0.18001442767675463,-0.04229743176937975,-0.1795968323096717,0.3513514233977409,0.0,0.3513514233977409,0.42363647394163373,0.4054366639588691,1.190609333255859,0.5766160206644941,0.0,4.898114234209061,49.664931297302246,0.2737517885863781
5.711999999999593,-0.180436073011593,-0.041960225591755954,-0.17946752575030112,0.3517721520751416,0.0,0.3517721520751416,0.4236532230117594,0.405491932032119,1.1907679973525325,0.5766155066080146,0.0,4.898114234209061,49.664931297302246,0.2737517885863781
5.721999999999592,-0.18085199342548083,-0.04119271246340404,-0.17935989750592807,0.35232914477085514,0.0,0.35232914477085514,0.42367042875828803,0.4055461035514947,1.1909291869307386,0.5766149916604252,0.0,4.898114234209061,49.664931297302246,0.2737517885863781
5.731999999999591,-0.1812520640833724,-0.03909625767542567,-0.17926592755736362,0.3527424014199228,0.0,0.3527424014199228,0.4236881452257418,0.4055992002733254,1.1907157340958763,0.5766144762273718,0.0,4.898114234209061,49.664931297302246,0.2737517885863781
5.74199999999959,-0.18162282717072853,-0.03570168883234269,-0.17918432665938475,0.35316065890492077,0.0,0.35316065890492077,0.4237064192080061,0.40565124352228105,1.190356251591306,0.5766139603455056,0.0,4.898114234209061,49.664931297302246,0.2737517885863781
5.7519999999995886,-0.18195787971005029,-0.03206025098293516,-0.17912697850233597,0.35392662589109664,0.0,0.35392662589109664,0.42372528823099176,0.4057022541999363,1.1903532780937152,0.5766134433147385,0.0,4.80371031165123,49.64581608772278,0.27617963030934334
5.7619999999995875,-0.18225445545537672,-0.027785036390857783,-0.1790932267095534,0.3544191114624494,0.0,0.3544191114624494,0.4237447798686399,0.4057522527931652,1.1898605085829408,0.5766129251989504,0.0,4.80371031165123,49.64581608772278,0.27617963030934334
5.771999999999586,-0.18250131416037435,-0.022754562523524553,-0.17907734058989996,0.35576722095944996,0.0,0.35576722095944996,0.42376491156910673,0.40580125938236933,1.1904866655522168,0.5766124061633188,0.0,4.80371031165123,49.64581608772278,0.27617963030934334
5.781999999999585,-0.1826990134762495,-0.01767009047976085,-0.17908807358924295,0.3564584262698811,0.0,0.3564584262698811,0.4237856896100676,0.40584929364954214,1.1901411607559078,0.5766118856430883,0.0,4.80371031165123,49.64581608772278,0.27617963030934334
5.791999999999584,-0.18284043845492012,-0.011770784054470577,-0.1791144734153615,0.3570703554653706,0.0,0.3570703554653706,0.4238071094660077,0.40589637488617375,1.1896615168058695,0.5766113641939238,0.0,4.80371031165123,49.64581608772278,0.27617963030934334
5.801999999999583,-0.1829260327400057,-0.006426474660797994,-0.1791699067386803,0.3582673315431067,0.0,0.3582673315431067,0.4238291555299957,0.40594252200099884,1.19000667630977,0.5766108410193043,0.0,4.800366044044495,49.63891386985779,0.2805964305996895
5.811999999999582,-0.18295576071721462,-0.0007485387433676938,-0.17924416220556563,0.35911071191689115,0.0,0.35911071191689115,0.4238518017546826,0.40598775352759064,1.18988977815456,0.5766103166648325,0.0,4.800366044044495,49.63891386985779,0.2805964305996895
5.821999999999581,-0.18293684120923379,0.003428154719592371,-0.17935590695022577,0.36102181193098176,0.0,0.36102181193098176,0.4238750125690898,0.40603208763180454,1.1913264792150107,0.5766097899502087,0.0,4.800366044044495,49.63891386985779,0.2805964305996895
5.83199999999958,-0.18288210277146102,0.0067812830931819005,-0.1795013457297299,0.36237522037071307,0.0,0.36237522037071307,0.4238987449224034,0.4060755421190737,1.192060984325312,0.5766092609772486,0.0,4.800366044044495,49.63891386985779,0.2805964305996895
5.841999999999579,-0.18279240649726472,0.010370800535396,-0.17966585287169354,0.3633635487631777,0.0,0.3633635487631777,0.4239229509950981,0.40611813444156014,1.19238294505402,0.5766087304879655,0.0,4.800366044044495,49.63891386985779,0.2805964305996895
5.8519999999995775,-0.1826732694303454,0.013140365212778449,-0.17985704784823944,0.364466303947375,0.0,0.364466303947375,0.423947579077353,0.40615988170516387,1.1929816843461853,0.5766081979199171,0.0,4.849321722984314,49.660189151763916,0.284818822145462
5.861999999999576,-0.18252217470740031,0.016444821594413603,-0.18005233450516253,0.3652521197215171,0.0,0.3652521197215171,0.4239725745984596,0.4062008006763928,1.1932688617155993,0.5766076642950122,0.0,4.849321722984314,49.660189151763916,0.284818822145462
5.871999999999575,-0.18233669959456,0.019919986029502373,-0.1802510253804438,0.3656336592240513,0.0,0.3656336592240513,0.4239978801645116,0.4062409077890968,1.193137499648605,0.5766071299052478,0.0,4.849321722984314,49.660189151763916,0.284818822145462
5.881999999999574,-0.18211311928431564,0.024194462401891468,-0.1804386526424783,0.3652845735858798,0.0,0.3652845735858798,0.4240234352811183,0.40628021915106743,1.1921445205504422,0.5766065955718015,0.0,4.849321722984314,49.660189151763916,0.284818822145462
5.891999999999573,-0.18184213222206277,0.02885428543352602,-0.18060796219186656,0.3652475969456651,0.0,0.3652475969456651,0.4240491757101882,0.4063187505505076,1.191764647621454,0.5766060617588005,0.0,4.849321722984314,49.660189151763916,0.284818822145462
5.901999999999572,-0.18153214272503998,0.032250365132639125,-0.18077222727635173,0.3654289680507071,0.0,0.3654289680507071,0.4240750324871732,0.40635651746237206,1.1918755238648213,0.5766055276778804,0.0,4.900048851966858,49.683109521865845,0.2943426501005888
5.911999999999571,-0.18119749509083624,0.03420743245757005,-0.18093167408514702,0.36556912951586484,0.0,0.36556912951586484,0.42410093368757257,0.40639353505458264,1.1921151303954145,0.5766049931281738,0.0,4.900048851966858,49.683109521865845,0.2943426501005888
5.92199999999957,-0.18083824323384015,0.03704140885342662,-0.18105967596957875,0.3643532562565474,0.0,0.3643532562565474,0.42412680714484674,0.40642981819411983,1.1906426865259845,0.576604459950515,0.0,4.900048851966858,49.683109521865845,0.2943426501005888
5.931999999999569,-0.18045280037974612,0.03963702187968418,-0.18115988892093654,0.36332621692333744,0.0,0.36332621692333744,0.4241525808243571,0.4064653814529938,1.1896220257822312,0.5766039280224605,0.0,4.900048851966858,49.683109521865845,0.2943426501005888
5.941999999999568,-0.18004770051885466,0.04098170056541996,-0.1812394065656983,0.3627538610550546,0.0,0.3627538610550546,0.424178182609647,0.40650023911409666,1.1894215988570207,0.5766033970172478,0.0,4.900048851966858,49.683109521865845,0.2943426501005888
5.9519999999995665,-0.17963469860255257,0.04127361834290215,-0.1812962235943883,0.3624014766756555,0.0,0.3624014766756555,0.4242035416822691,0.4065344051769389,1.1897031084310532,0.576602867092537,0.0,4.8855032324790955,49.69230592250824,0.3004434418457094
5.961999999999565,-0.17922847135253317,0.03990578046051394,-0.18133789996735264,0.3619433224113801,0.0,0.3619433224113801,0.4242285907770736,0.40656789336327176,1.1899962022978445,0.5766023378171158,0.0,4.8855032324790955,49.69230592250824,0.3004434418457094
5.971999999999564,-0.17884659085792254,0.03683212184115423,-0.18136991784082157,0.3615848136819775,0.0,0.3615848136819775,0.42425326880811504,0.4066007171225982,1.1905685305712266,0.5766018089835245,0.0,4.8855032324790955,49.69230592250824,0.3004434418457094
5.981999999999563,-0.17850012426806808,0.03303263466702521,-0.18138426665202528,0.36082986981578513,0.0,0.36082986981578513,0.4242775237885147,0.40663288963757444,1.1907026874158793,0.576601281086082,0.0,4.8855032324790955,49.69230592250824,0.3004434418457094
5.991999999999562,-0.17819172128475233,0.02927800674326652,-0.18137156534818877,0.3598552677985122,0.0,0.3598552677985122,0.42430131441593144,0.4066644238293043,1.190623065300169,0.5766007547221262,0.0,4.8855032324790955,49.69230592250824,0.3004434418457094
6.001999999999561,-0.17792066988525604,0.025736990360015727,-0.18132781513911184,0.3581407192361287,0.0,0.3581407192361287,0.4243246099617048,0.40669533236252864,1.1895783453286535,0.5766002302201365,0.0,4.906023472547531,49.684951305389404,0.3040392579510808
6.01199999999956,-0.17768752227126752,0.021522658850927537,-0.18126147364987633,0.3573984824505244,0.0,0.3573984824505244,0.4243473894579728,0.4067256276507119,1.1899427640522033,0.576599707243096,0.0,4.906023472547531,49.684951305389404,0.3040392579510808
6.021999999999559,-0.17749974881378447,0.017125132388816917,-0.18117054567579238,0.35585517251461896,0.0,0.35585517251461896,0.424369641393301,0.4067553218610273,1.189206851339276,0.5765991858920406,0.0,4.906023472547531,49.684951305389404,0.3040392579510808
6.031999999999558,-0.17735487947546227,0.01275196555638211,-0.18105241311053294,0.3548692929673884,0.0,0.3548692929673884,0.4243913641260632,0.4067844269192438,1.189248086579091,0.576598666400824,0.0,4.906023472547531,49.684951305389404,0.3040392579510808
6.041999999999557,-0.17725307373484556,0.008429080746623699,-0.18090853312665905,0.3537062863640072,0.0,0.3537062863640072,0.4244125650371296,0.40681295451451527,1.1890136354740588,0.5765981487616325,0.0,4.906023472547531,49.684951305389404,0.3040392579510808
6.0519999999995555,-0.17719924924352973,0.0032030093912219747,-0.18075380059810045,0.3531319729921664,0.0,0.3531319729921664,0.424433259946363,0.40684091610407536,1.18955094792453,0.5765976322229351,0.0,4.9718968868255615,49.67589616775513,0.2961194509640336
6.061999999999554,-0.17719883256147528,-0.0020222120337520626,-0.18058683412851803,0.35200183871000423,0.0,0.35200183871000423,0.42445347344663087,0.40686832291783886,1.1892321587916008,0.5765971170284268,0.0,4.9718968868255615,49.67589616775513,0.2961194509640336
6.071999999999553,-0.17724796102211005,-0.006742494809814335,-0.18040292162953625,0.35088820841005347,0.0,0.35088820841005347,0.42447323914551,0.4068951859629121,1.1888366629333191,0.5765966033235793,0.0,4.9718968868255615,49.67589616775513,0.2961194509640336
6.081999999999552,-0.17734198423445885,-0.011015783481322858,-0.18020500339687257,0.3499894939614587,0.0,0.3499894939614587,0.4244925984291872,0.4069215160280131,1.1886228754081125,0.5765960909833329,0.0,4.9718968868255615,49.67589616775513,0.2961194509640336
6.091999999999551,-0.17747795354731308,-0.015397835918584462,-0.18000235549093677,0.3496915031155297,0.0,0.3496915031155297,0.42451159900036733,0.40694732368780484,1.1891139081627355,0.5765955795043816,0.0,4.9718968868255615,49.67589616775513,0.2961194509640336
6.10199999999955,-0.1776592928033236,-0.020058069827116845,-0.1798043194443813,0.3495502369689892,0.0,0.3495502369689892,0.4245302939823413,0.4069726193071424,1.1896710903232235,0.5765950683531966,0.0,5.005460113286972,49.678218960762024,0.2849984385073185
6.111999999999549,-0.17788345403165567,-0.0237767220458878,-0.17960420595036033,0.3487353825226174,0.0,0.3487353825226174,0.42454874195870745,0.4069974130452355,1.1891176452863252,0.5765945579388573,0.0,5.005460113286972,49.678218960762024,0.2849984385073185
6.121999999999548,-0.17813645663469,-0.026403025870830363,-0.17939944479802208,0.34870319266312944,0.0,0.34870319266312944,0.42456700588200474,0.40702171485972855,1.1894853355356652,0.5765940483887511,0.0,5.005460113286972,49.678218960762024,0.2849984385073185
6.131999999999547,-0.17841838628849155,-0.029273117309391382,-0.17920972215880923,0.3486585123107554,0.0,0.3486585123107554,0.42458515054330953,0.40704553451069997,1.1896547208137607,0.576593538534009,0.0,5.005460113286972,49.678218960762024,0.2849984385073185
6.141999999999546,-0.1787159732449971,-0.029820687318507295,-0.17900990034680653,0.3476309615458735,0.0,0.3476309615458735,0.4246032418160578,0.407068881564582,1.1882652733233052,0.5765930298295044,0.0,5.005460113286972,49.678218960762024,0.2849984385073185
6.1519999999995445,-0.17901036900630074,-0.029058900881070472,-0.17880668225825685,0.3472326136044421,0.0,0.3472326136044421,0.42462134414145225,0.4070917653980027,1.1875809480021255,0.5765925219030675,0.0,4.978570818901062,49.675686955451965,0.2781890608370304
6.161999999999543,-0.1792935053126128,-0.027587236473084746,-0.17860778397943014,0.34716040375557516,0.0,0.34716040375557516,0.4246395171938458,0.40711419520155195,1.1871858375751403,0.5765920142791466,0.0,4.978570818901062,49.675686955451965,0.2781890608370304
6.171999999999542,-0.17955884973359396,-0.02587537712439754,-0.17842052460545646,0.34751349661233233,0.0,0.34751349661233233,0.424657814320422,0.4071361799834724,1.1872302219251067,0.5765915065477633,0.0,4.978570818901062,49.675686955451965,0.2781890608370304
6.181999999999541,-0.17980645891931393,-0.023905509703214596,-0.17824991511420138,0.34758565709197736,0.0,0.34758565709197736,0.4246762818395748,0.4071410036266902,1.186720434286455,0.5765909983696315,0.0,4.978570818901062,49.675686955451965,0.2781890608370304
6.19199999999954,-0.18003130504026102,-0.021591325783407254,-0.17809704239616314,0.3482963752705804,0.0,0.3482963752705804,0.42469495921674194,0.40714816287903555,1.1869819753933966,0.5765904896372267,0.0,4.978570818901062,49.675686955451965,0.2781890608370304
6.201999999999539,-0.1802310345149295,-0.018729418074828977,-0.17796240015144127,0.3485837445743957,0.0,0.3485837445743957,0.42471387874070377,0.40699373688698237,1.186379997873697,0.5765899802525392,0.0,4.907364875078201,49.670056104660034,0.2805283762514591
6.211999999999538,-0.18040267528333723,-0.016113466387448303,-0.1778551419351153,0.3496516280717,0.0,0.3496516280717,0.42473306534642397,0.4067487335130617,1.1867577157289961,0.5765894696155419,0.0,4.907364875078201,49.670056104660034,0.2805283762514591
6.221999999999537,-0.18055026023894807,-0.0139801041993987,-0.1777823889769974,0.3511028402048582,0.0,0.3511028402048582,0.4247525366911204,0.4063146200881628,1.1873259103615508,0.5765889572728644,0.0,4.907364875078201,49.670056104660034,0.2805283762514591
6.231999999999536,-0.18067560139016456,-0.01143450180778288,-0.17773767149428657,0.35165348401458246,0.0,0.35165348401458246,0.424772304293805,0.4057938573196093,1.1865186543702506,0.5765884434949745,0.0,4.907364875078201,49.670056104660034,0.2805283762514591
6.241999999999535,-0.18077202328366102,-0.008402351140301316,-0.17771745858291402,0.3527114479864263,0.0,0.3527114479864263,0.4247923741226103,0.40540611747084926,1.1864792152060246,0.5765879284130709,0.0,4.907364875078201,49.670056104660034,0.2805283762514591
6.2519999999995335,-0.18083930478710267,-0.005656464676139297,-0.17772927253389917,0.35400246388784345,0.0,0.35400246388784345,0.4248127459484193,0.405089603491027,1.1868285681963007,0.5765874115310653,0.0,4.869487762451172,49.664106965065,0.2830895036458969
6.261999999999532,-0.1808784448955486,-0.002717050637349736,-0.17776848697467784,0.3549872370628148,0.0,0.3549872370628148,0.42483341363333854,0.40481132599378644,1.1867799054228814,0.5765868930727502,0.0,4.869487762451172,49.664106965065,0.2830895036458969
6.271999999999531,-0.18088788808687825,0.00040664841193904615,-0.17783213373452192,0.3558552714832368,0.0,0.3558552714832368,0.4248543656715578,0.4044705676853589,1.1865731405011397,0.5765863730775875,0.0,4.869487762451172,49.664106965065,0.2830895036458969
6.28199999999953,-0.1808641121555485,0.0036905654808930006,-0.17791624661157016,0.35691318909253594,0.0,0.35691318909253594,0.4248755852160034,0.40404187764017424,1.186617260720454,0.5765858517104502,0.0,4.869487762451172,49.664106965065,0.2830895036458969
6.291999999999529,-0.18081056025123451,0.006295645048400456,-0.1780278799965635,0.35850269710992416,0.0,0.35850269710992416,0.4248970499689648,0.4034244556515314,1.187293405087586,0.5765853285027472,0.0,4.869487762451172,49.664106965065,0.2830895036458969
6.301999999999528,-0.18073607399285418,0.008129959014578636,-0.17816860475857926,0.3598333835419326,0.0,0.3598333835419326,0.4249187332318011,0.4025880695139747,1.1874802017892447,0.5765848032532884,0.0,4.887662708759308,49.67307090759277,0.28493068367242813
6.311999999999527,-0.18064294372304268,0.010367179124577209,-0.17832305095294174,0.3602134231549291,0.0,0.3602134231549291,0.42494060574787673,0.40142388346767865,1.186046309054313,0.5765842766888593,0.0,4.887662708759308,49.67307090759277,0.28493068367242813
6.321999999999526,-0.18052365356609296,0.012657562945248045,-0.17848737034698237,0.3616331749444306,0.0,0.3616331749444306,0.42496263615442564,0.4003706451461052,1.186219095497959,0.576583749109269,0.0,4.887662708759308,49.67307090759277,0.28493068367242813
6.331999999999525,-0.18039101153351175,0.013701082455492382,-0.17867621372823778,0.3625114171763391,0.0,0.3625114171763391,0.4249847904435843,0.39939141837606795,1.1858915837537995,0.5765832196159828,0.0,4.887662708759308,49.67307090759277,0.28493068367242813
6.341999999999524,-0.18024651630848496,0.014828577764961241,-0.17887213898825544,0.363227106558995,0.0,0.363227106558995,0.4250070338905114,0.3983518922521785,1.185387188426418,0.5765826891625355,0.0,4.887662708759308,49.67307090759277,0.28493068367242813
6.3519999999995225,-0.180093918564344,0.015520743786354542,-0.17907653814006277,0.36386647558396096,0.0,0.36386647558396096,0.4250293318174112,0.39743787832871574,1.1850225874106666,0.576582157594533,0.0,4.907603144645691,49.691579937934875,0.2876387223601341
6.361999999999521,-0.17993817979587826,0.015474774849613638,-0.1792882749032588,0.36474166048855167,0.0,0.36474166048855167,0.425051650251168,0.39639980459864405,1.1850095107238474,0.5765816248119873,0.0,4.907603144645691,49.691579937934875,0.2876387223601341
6.37199999999952,-0.1797856280018826,0.01512114218183802,-0.1795033839137382,0.36519199385142964,0.0,0.36519199385142964,0.4250739569382482,0.39538982055928873,1.184576481544162,0.576581091213125,0.0,4.907603144645691,49.691579937934875,0.2876387223601341
6.381999999999519,-0.17963625247603585,0.01454538897693522,-0.17971613062704248,0.36572918648791114,0.0,0.36572918648791114,0.4250962222733169,0.39441178359918794,1.1843597800107821,0.5765805571317758,0.0,4.907603144645691,49.691579937934875,0.2876387223601341
6.391999999999518,-0.17949977802500977,0.012797083635306735,-0.17993627294143644,0.36648329295565807,0.0,0.36648329295565807,0.4251184195068786,0.39343901011748034,1.1846103372975432,0.5765800219992178,0.0,4.907603144645691,49.691579937934875,0.2876387223601341
6.401999999999517,-0.17938435331593966,0.01082865473744552,-0.18015409337554475,0.3662023673562298,0.0,0.3662023673562298,0.4251405262589256,0.39242815767535727,1.1834804754185435,0.5765794863331707,0.0,4.916193664073944,49.70012187957764,0.2888502683490515
6.411999999999516,-0.17928364394071258,0.009511548435914112,-0.1803532300782043,0.36625256896047065,0.0,0.36625256896047065,0.4251625255559633,0.39131153846738487,1.1828804631103689,0.576578951042035,0.0,4.916193664073944,49.70012187957764,0.2888502683490515
6.421999999999515,-0.17920033818247097,0.0074729027065045025,-0.18054624808754935,0.36644295764285906,0.0,0.36644295764285906,0.4251844047318386,0.3897859899793667,1.1821406440862212,0.576578415531523,0.0,4.916193664073944,49.70012187957764,0.2888502683490515
6.431999999999514,-0.17914756358122344,0.0036552892851285986,-0.18074751293037414,0.36720888483785646,0.0,0.36720888483785646,0.4252061556038661,0.38826002249831765,1.1822321228650117,0.5765778789795004,0.0,4.916193664073944,49.70012187957764,0.2888502683490515
6.441999999999513,-0.17914474201422986,-0.0021927370366821557,-0.18096726188817663,0.36844908490438083,0.0,0.36844908490438083,0.4252277767001412,0.3865627271649942,1.1829334584872644,0.5765773407615352,0.0,4.916193664073944,49.70012187957764,0.2888502683490515
6.4519999999995115,-0.17920545746703082,-0.008565769844296692,-0.18119612624265233,0.36903542052544064,0.0,0.36903542052544064,0.4252492764606923,0.3849660693559145,1.1827461767937844,0.57657680136601,0.0,4.90651923418045,49.70190107822418,0.2839978661388159
6.46199999999951,-0.17932853978872998,-0.014922457449435649,-0.1814274873067852,0.3699873903853228,0.0,0.3699873903853228,0.4252706749597608,0.3833736844994104,1.1831160814766246,0.5765762611683296,0.0,4.90651923418045,49.70190107822418,0.2839978661388159
6.471999999999509,-0.1795168733169777,-0.021223514122401456,-0.18166248565521062,0.37011354265722063,0.0,0.37011354265722063,0.4252920032813385,0.38232572207338983,1.1827538509376991,0.576575720079287,0.0,4.90651923418045,49.70190107822418,0.2839978661388159
6.481999999999508,-0.17975778361819839,-0.02584356085000598,-0.18187947488154385,0.36976606773866266,0.0,0.36976606773866266,0.4253133028263358,0.3817248865276397,1.1821892534578655,0.576575179361074,0.0,4.90651923418045,49.70190107822418,0.2839978661388159
6.491999999999507,-0.18003664713087716,-0.029055595962882395,-0.18207528412960963,0.36928557005411156,0.0,0.36928557005411156,0.4253346224866852,0.38097080634732117,1.1814204582223176,0.5765746392502537,0.0,4.90651923418045,49.70190107822418,0.2839978661388159
6.501999999999506,-0.18034223157509544,-0.031754862143166473,-0.18225547341852233,0.3694438687033258,0.0,0.3694438687033258,0.4253560152104711,0.3799916560900982,1.1812027341735176,0.5765740995139002,0.0,4.893165111541748,49.694398045539856,0.2751938134431839
6.511999999999505,-0.18067767463063925,-0.03460921728783411,-0.18243165614989149,0.36928754734288766,0.0,0.36928754734288766,0.42537753582504906,0.3791172995301622,1.1805033457148135,0.5765735595689105,0.0,4.893165111541748,49.694398045539856,0.2751938134431839
6.521999999999504,-0.18104160214591977,-0.03746938754538732,-0.1826038514045156,0.36942101903166463,0.0,0.36942101903166463,0.4253992410099039,0.3783154542576279,1.1802909995584072,0.5765730193459343,0.0,4.893165111541748,49.694398045539856,0.2751938134431839
6.531999999999503,-0.18143363847610078,-0.04048814925375756,-0.18277685627779175,0.3702851484447988,0.0,0.3702851484447988,0.4254211890044043,0.37721030161691477,1.1807228190848518,0.5765724785805417,0.0,4.893165111541748,49.694398045539856,0.2751938134431839
6.5419999999995015,-0.1818596803254808,-0.043960012896807545,-0.1829603849010186,0.37089683413101526,0.0,0.37089683413101526,0.4254434395373805,0.37615854311863417,1.1807173759220064,0.5765719366959982,0.0,4.893165111541748,49.694398045539856,0.2751938134431839
6.5519999999995004,-0.18232019954639692,-0.047448555992620066,-0.18315486057909858,0.3718178064802276,0.0,0.3718178064802276,0.42546605450865627,0.37526735262743083,1.1811162188135924,0.5765713936878899,0.0,4.844752728939056,49.683510065078735,0.26774579063057896
6.561999999999499,-0.18281640014514194,-0.05105198944768577,-0.18336755036960853,0.3727173917823823,0.0,0.3727173917823823,0.4254890980476061,0.3746599156984833,1.181665294645587,0.5765708492420856,0.0,4.844752728939056,49.683510065078735,0.26774579063057896
6.571999999999498,-0.1833371917635963,-0.052474135475878834,-0.18357223654534377,0.37261042428393454,0.0,0.37261042428393454,0.4255126363283887,0.3741529034625093,1.1808517279040507,0.576570304634292,0.0,4.844752728939056,49.683510065078735,0.26774579063057896
6.581999999999497,-0.18387003734472357,-0.05386988143946461,-0.18378822997094882,0.3738126664621014,0.0,0.3738126664621014,0.42553673532582065,0.3735447476952514,1.1815991987392747,0.5765697587851748,0.0,4.844752728939056,49.683510065078735,0.26774579063057896
6.591999999999496,-0.18441377777780812,-0.05458487220319063,-0.1840127202300105,0.3743687904128609,0.0,0.3743687904128609,0.42556145859531896,0.373214237890795,1.1816202983008248,0.5765692118142436,0.0,4.844752728939056,49.683510065078735,0.26774579063057896
6.601999999999495,-0.18496081988309876,-0.05466786258525821,-0.18424719887183577,0.37504985995493967,0.0,0.37504985995493967,0.42558686682206326,0.37301717838960097,1.181827683276994,0.5765686636930046,0.0,4.774667352437973,49.66541945934296,0.2622566968202591
6.611999999999494,-0.1854962125310735,-0.05253570064359418,-0.18447432749724443,0.3749613047597758,0.0,0.3749613047597758,0.4256130165151429,0.37278791522983545,1.1808967233830894,0.5765681156130037,0.0,4.774667352437973,49.66541945934296,0.2622566968202591
6.621999999999493,-0.18600647956377123,-0.05005865573601818,-0.18470586938040165,0.37583862131838797,0.0,0.37583862131838797,0.4256399573936427,0.37233056270463133,1.1809212853590065,0.5765675666276587,0.0,4.774667352437973,49.66541945934296,0.2622566968202591
6.631999999999492,-0.18649318907989065,-0.04757934685254524,-0.18494901035817338,0.37673331639765656,0.0,0.37673331639765656,0.4256677304985649,0.37202277604599127,1.1811149930940332,0.5765670163052787,0.0,4.774667352437973,49.66541945934296,0.2622566968202591
6.6419999999994905,-0.1869494691285472,-0.04439260048615849,-0.18519543073067848,0.3773839046524553,0.0,0.3773839046524553,0.4256963685314649,0.37142356392920517,1.180635607945438,0.5765664650938135,0.0,4.774667352437973,49.66541945934296,0.2622566968202591
6.651999999999489,-0.18737576406996373,-0.04139284431192583,-0.18545658837529638,0.37844585411235565,0.0,0.37844585411235565,0.4257258954654236,0.3708810184602983,1.1805711282255131,0.5765659123726581,0.0,4.743080317974091,49.652705788612366,0.2625716909766197
6.661999999999488,-0.1877726397881986,-0.03854174320040791,-0.1857350134174493,0.37952507188698986,0.0,0.37952507188698986,0.425756326958905,0.3706470283036016,1.1808672128035687,0.5765653581028315,0.0,4.743080317974091,49.652705788612366,0.2625716909766197
6.671999999999487,-0.18814179342177684,-0.03578469897195114,-0.18602942214820786,0.38069909974287974,0.0,0.38069909974287974,0.425787671081681,0.37046903874734527,1.1813430352854548,0.5765648021187595,0.0,4.743080317974091,49.652705788612366,0.2625716909766197
6.681999999999486,-0.18847933697633262,-0.0324110209605228,-0.186330443203896,0.3815107889449827,0.0,0.3815107889449827,0.42581992901550864,0.37052118107133847,1.1815192276444826,0.5765642449055227,0.0,4.743080317974091,49.652705788612366,0.2625716909766197
6.691999999999485,-0.18877900383353213,-0.028263626210783908,-0.18663244516859,0.38199183025461747,0.0,0.38199183025461747,0.4258530948552532,0.3708921649221145,1.1815446522647388,0.5765636867599024,0.0,4.743080317974091,49.652705788612366,0.2625716909766197
6.701999999999484,-0.1890299784857361,-0.022841970633266692,-0.18692317046276336,0.3820236212378978,0.0,0.3820236212378978,0.42588715479677797,0.3714630900700627,1.1812589821790547,0.576563128354985,0.0,4.743042021989822,49.66075420379639,0.2667115151882172
6.711999999999483,-0.18922333236031275,-0.017030381656925372,-0.18720433864039004,0.38230701585391547,0.0,0.38230701585391547,0.42592208566950507,0.37188213600558245,1.1812565175756145,0.5765625695793734,0.0,4.743042021989822,49.66075420379639,0.2667115151882172
6.721999999999482,-0.18935903239160845,-0.011318481744778362,-0.18747907318531648,0.3825871317566669,0.0,0.3825871317566669,0.4259578539994854,0.3722549244233388,1.1812488189488721,0.5765620103514698,0.0,4.743042021989822,49.66075420379639,0.2667115151882172
6.731999999999481,-0.18943998739076146,-0.005920876563924498,-0.18774788822013624,0.38273682812118454,0.0,0.38273682812118454,0.4259944166299324,0.3725713669098746,1.1810917603029014,0.5765614506590999,0.0,4.743042021989822,49.66075420379639,0.2667115151882172
6.7419999999994795,-0.18946088424682406,0.0004744842557020349,-0.1879910675331453,0.3821836098016268,0.0,0.3821836098016268,0.42603172177114723,0.37305998860636547,1.1801270975966691,0.5765608916360342,0.0,4.743042021989822,49.66075420379639,0.2667115151882172
6.751999999999478,-0.18941749955644877,0.007026487993734868,-0.18821001452910785,0.3816092264765297,0.0,0.3816092264765297,0.4260697088086835,0.37367362643312774,1.1795126327060772,0.5765603332132837,0.0,4.80025190114975,49.676750898361206,0.2758485272526741
6.761999999999477,-0.18930806517167748,0.013289370546989022,-0.18840180238468393,0.38155743585547924,0.0,0.38155743585547924,0.4261083080525191,0.3741969511936437,1.1796054918204604,0.5765597754573246,0.0,4.80025190114975,49.676750898361206,0.2758485272526741
6.771999999999476,-0.18914839469314043,0.01768028250594654,-0.18858844030272984,0.3814913695755447,0.0,0.3814913695755447,0.4261474414629174,0.374872035121617,1.1800131272714756,0.5765592174369893,0.0,4.80025190114975,49.676750898361206,0.2758485272526741
6.781999999999475,-0.18894927831348893,0.021203382490619926,-0.1887603274865934,0.3814670743244336,0.0,0.3814670743244336,0.4261870258419745,0.3755337249532689,1.1806165638243307,0.5765586597217892,0.0,4.80025190114975,49.676750898361206,0.2758485272526741
6.791999999999474,-0.18872203690710618,0.023610080472995752,-0.18892057049805916,0.3813144206850743,0.0,0.3813144206850743,0.42622697558608663,0.3761822864360257,1.181179157189171,0.5765581021733492,0.0,4.80025190114975,49.676750898361206,0.2758485272526741
6.801999999999473,-0.18847300746983886,0.026028585054309022,-0.18905556728999556,0.38014201160855443,0.0,0.38014201160855443,0.4262672050042622,0.3768179800447147,1.180451451149377,0.5765575455607067,0.0,4.850989460945129,49.68713641166687,0.2864858128130436
6.811999999999472,-0.1882042951877894,0.027101817808523672,-0.18917377847110475,0.3804610434188044,0.0,0.3804610434188044,0.42630762951077417,0.37744106108617637,1.181947521607072,0.5765569893812857,0.0,4.850989460945129,49.68713641166687,0.2864858128130436
6.821999999999471,-0.18793255273514978,0.027343552185454464,-0.18927572644876758,0.3794374905633303,0.0,0.3794374905633303,0.42634816657446617,0.3780517798018006,1.1816898952128734,0.5765564337918063,0.0,4.850989460945129,49.68713641166687,0.2864858128130436
6.83199999999947,-0.18764985649291954,0.028772155104044232,-0.18933290622688287,0.37806793284689266,0.0,0.37806793284689266,0.42638873804773064,0.3786283561263292,1.181067186090015,0.576555880499865,0.0,4.850989460945129,49.68713641166687,0.2864858128130436
6.8419999999994685,-0.18735765550266925,0.02932774868819694,-0.18936265976121217,0.37717106952324847,0.0,0.37717106952324847,0.4264292691174525,0.37892179809234494,1.1809518892649125,0.5765553286314056,0.0,4.850989460945129,49.68713641166687,0.2864858128130436
6.851999999999467,-0.18706692899653743,0.028783794680412943,-0.18936932122259376,0.3763850826589702,0.0,0.3763850826589702,0.42646968835237864,0.37932751283147764,1.1811738000603904,0.5765547779930713,0.0,4.86738908290863,49.69591438770294,0.29178501963615416
6.861999999999466,-0.18678366941172206,0.028017585992213927,-0.18934387657277885,0.3748118456503072,0.0,0.3748118456503072,0.4265099294468673,0.3798572334432285,1.180490032088523,0.5765542291192921,0.0,4.86738908290863,49.69591438770294,0.29178501963615416
6.871999999999465,-0.1865085422696782,0.0269372278987939,-0.1892862254805589,0.3737214347013055,0.0,0.3737214347013055,0.42654993206822933,0.38040517024462867,1.1806171022331633,0.5765536821946133,0.0,4.86738908290863,49.69591438770294,0.29178501963615416
6.881999999999464,-0.18624972157551176,0.024998697977490075,-0.18920443112097823,0.372788404212016,0.0,0.372788404212016,0.4265896419519582,0.3809261313583961,1.1810121075531101,0.5765531368395119,0.0,4.86738908290863,49.69591438770294,0.29178501963615416
6.891999999999463,-0.18601926255098655,0.02166291566175018,-0.1891091966211012,0.37202769252205936,0.0,0.37202769252205936,0.4266290120146,0.38144368996915134,1.1816624566932104,0.5765525925026079,0.0,4.86738908290863,49.69591438770294,0.29178501963615416
6.901999999999462,-0.1858224864998242,0.018335924837457884,-0.18898927126558165,0.3707844672753274,0.0,0.3707844672753274,0.4266680040460558,0.38191723522314336,1.1816208974406706,0.576552049883362,0.0,4.886215358972549,49.69499886035919,0.2931280855089426
6.911999999999461,-0.18565855712088436,0.015139133759554599,-0.1888439290080996,0.36928585790286145,0.0,0.36928585790286145,0.4267065892425951,0.38243914378486354,1.1812705805305967,0.5765515091226684,0.0,4.886215358972549,49.69499886035919,0.2931280855089426
6.92199999999946,-0.18552413020877292,0.012277851675804958,-0.18867047955018743,0.3679188342519728,0.0,0.3679188342519728,0.4267447474499399,0.3829506973473653,1.1810736475466503,0.5765509704247672,0.0,4.886215358972549,49.69499886035919,0.2931280855089426
6.931999999999459,-0.18542015251274438,0.009042244119921664,-0.18847851463024792,0.36703022440409144,0.0,0.36703022440409144,0.42678246611053744,0.38345210136044705,1.1814971823999632,0.5765504333128079,0.0,4.886215358972549,49.69499886035919,0.2931280855089426
6.9419999999994575,-0.18535040221863702,0.005440482073038174,-0.18827262587656196,0.36625307878953006,0.0,0.36625307878953006,0.4268197398960592,0.38394355719765194,1.182008211609373,0.5765498975727523,0.0,4.886215358972549,49.69499886035919,0.2931280855089426
6.951999999999456,-0.1853167085590662,0.0020665717296078877,-0.1880515832412459,0.3651001032902353,0.0,0.3651001032902353,0.42685657093193097,0.3844252622371435,1.1819058896240358,0.5765493633469689,0.0,4.926160007715225,49.68819320201874,0.2883811421692371
6.961999999999455,-0.18531602987326995,-0.001355004334418217,-0.1878215544806074,0.3644412487880361,0.0,0.3644412487880361,0.42689296850253944,0.3848974099409764,1.182393196893422,0.5765488304377957,0.0,4.926160007715225,49.68819320201874,0.2883811421692371
6.971999999999454,-0.18534688822480394,-0.004008586112743198,-0.18757652454972204,0.36290084591902166,0.0,0.36290084591902166,0.4269289481670128,0.38536018993279453,1.1815296705557627,0.5765482990731953,0.0,4.926160007715225,49.68819320201874,0.2883811421692371
6.981999999999453,-0.18539577934594845,-0.005308396892034738,-0.18730849114550896,0.3615534600552881,0.0,0.3615534600552881,0.42696453073255874,0.38581378807398764,1.1808110285193385,0.5765477697732206,0.0,4.926160007715225,49.68819320201874,0.2883811421692371
6.991999999999452,-0.1854564707406153,-0.006497663671604058,-0.1870314605327168,0.36070509357896674,0.0,0.36070509357896674,0.4269997396020293,0.3862583865383369,1.18065980890992,0.576547241783824,0.0,4.926160007715225,49.68819320201874,0.2883811421692371
7.001999999999451,-0.18552598301686646,-0.0072086727039141416,-0.18674534692489675,0.35988097933871765,0.0,0.35988097933871765,0.42703459929470516,0.386694163885179,1.1804060190662704,0.5765467151311583,0.0,4.921492964029312,49.68823969364166,0.282119557633996
7.01199999999945,-0.18559990463835235,-0.007604116987608434,-0.1864545085511771,0.35941597892992666,0.0,0.35941597892992666,0.4270691347103941,0.3871212951311197,1.1805163103714285,0.5765461895776433,0.0,4.921492964029312,49.68823969364166,0.282119557633996
7.021999999999449,-0.18567708512817754,-0.0078673735232071,-0.18616535845180726,0.35898433836643057,0.0,0.35898433836643057,0.4271033703013629,0.38753995182032314,1.1805339333722498,0.5765456647708325,0.0,4.921492964029312,49.68823969364166,0.282119557633996
7.031999999999448,-0.18576020989097305,-0.008449078898961366,-0.18588861942489984,0.3586569038526373,0.0,0.3586569038526373,0.42713732988337344,0.38795030209340803,1.1805582119281688,0.5765451400726869,0.0,4.921492964029312,49.68823969364166,0.282119557633996
7.0419999999994465,-0.18584670359901592,-0.008596426227947939,-0.18562024613717612,0.3585675700593968,0.0,0.3585675700593968,0.427171036960603,0.3883525107549755,1.180778979745382,0.5765446156874194,0.0,4.921492964029312,49.68823969364166,0.282119557633996
7.051999999999445,-0.1859285769069193,-0.00779697329075465,-0.18535551733931607,0.35809250217924005,0.0,0.35809250217924005,0.42720451425435546,0.3887467393397983,1.18032931406192,0.5765440918696952,0.0,4.905900985002518,49.68353867530823,0.2791975803673267
7.061999999999444,-0.1859969650128167,-0.006087112625059558,-0.1850943331763703,0.3577166911934176,0.0,0.3577166911934176,0.4272377822655873,0.3891331461776962,1.179898162898356,0.5765435686157272,0.0,4.905900985002518,49.68353867530823,0.2791975803673267
7.071999999999443,-0.18604170364524797,-0.0034775974487100732,-0.18483517576438174,0.35756487166857837,0.0,0.35756487166857837,0.4272708576481366,0.38951188645712403,1.1796734429843132,0.5765430460051016,0.0,4.905900985002518,49.68353867530823,0.2791975803673267
7.081999999999442,-0.1860623214551571,-0.0012728117429537493,-0.18459376064089877,0.3578659679770191,0.0,0.3578659679770191,0.42730375170132767,0.3898831122874987,1.1799894517150182,0.5765425231113316,0.0,4.905900985002518,49.68353867530823,0.2791975803673267
7.091999999999441,-0.18606802448170645,-3.233997267248004e-05,-0.18438282746809972,0.358464924374372,0.0,0.358464924374372,0.42733647062289454,0.39024697276028897,1.180640182194199,0.5765419991321683,0.0,4.905900985002518,49.68353867530823,0.2791975803673267
7.10199999999944,-0.18606055457485543,0.0013647704611146217,-0.1841940777141044,0.3590323442498775,0.0,0.3590323442498775,0.42736901730158244,0.3906036140088937,1.1811761942965933,0.5765414744655438,0.0,4.899331957101822,49.682846665382385,0.28042655512690545
7.111999999999439,-0.18603465654807827,0.0033644757837364685,-0.1840216860161145,0.35943398470626176,0.0,0.35943398470626176,0.4274013919212961,0.39095317926733186,1.181424362833149,0.5765409493872423,0.0,4.899331957101822,49.682846665382385,0.28042655512690545
7.121999999999438,-0.18598732645029029,0.005830202232423153,-0.18386625685572794,0.35944204307140265,0.0,0.35944204307140265,0.4274335913210223,0.39129580892776794,1.1810814461541035,0.5765404238135475,0.0,4.899331957101822,49.682846665382385,0.28042655512690545
7.131999999999437,-0.1859112060525612,0.008882623018187158,-0.18372295471405933,0.3597053993971832,0.0,0.3597053993971832,0.4274656084218553,0.39163164059689626,1.1810736237660127,0.576539897983567,0.0,4.899331957101822,49.682846665382385,0.28042655512690545
7.1419999999994355,-0.18580138109111322,0.012455668091490742,-0.18358943888446572,0.35977056350380765,0.0,0.35977056350380765,0.42749743124868383,0.3919608091512063,1.1807842322424422,0.5765393719971802,0.0,4.899331957101822,49.682846665382385,0.28042655512690545
7.151999999999434,-0.1856542665138394,0.016295118337790893,-0.18346519424239593,0.3597826757011061,0.0,0.3597826757011061,0.42752904227850175,0.3922834467911519,1.1804349645053336,0.5765388458470814,0.0,4.910355389118195,49.68844175338745,0.2845188584178686
7.161999999999433,-0.18545931372027868,0.021598826069440774,-0.1833309963979215,0.35937100284536105,0.0,0.35937100284536105,0.42756041798799915,0.3925996830942456,1.1795266809720188,0.5765383206055571,0.0,4.910355389118195,49.68844175338745,0.2845188584178686
7.171999999999432,-0.18522183003385106,0.024909934181223524,-0.18322173732832833,0.36023287147812877,0.0,0.36023287147812877,0.427591527615122,0.39290964506709913,1.1804545704502285,0.5765377942992757,0.0,4.910355389118195,49.68844175338745,0.2845188584178686
7.181999999999431,-0.18495539124885754,0.027734222061339547,-0.18312664863670083,0.36042462137183034,0.0,0.36042462137183034,0.42762233458761995,0.393213457196432,1.180508339124956,0.5765372674761857,0.0,4.910355389118195,49.68844175338745,0.2845188584178686
7.19199999999943,-0.18466343716434594,0.0301437682148208,-0.1830434125211677,0.3606434557720452,0.0,0.3606434557720452,0.42765279930516187,0.3935112414990678,1.1806760324137735,0.5765367402338774,0.0,4.910355389118195,49.68844175338745,0.2845188584178686
7.201999999999429,-0.18434918664935715,0.032157602123577884,-0.1829695368196665,0.36102739274012213,0.0,0.36102739274012213,0.4276828801832826,0.39380311757093817,1.1811610853635692,0.5765362126644042,0.0,4.942350119352341,49.70092475414276,0.2912949688732624
7.211999999999428,-0.184016273502148,0.03402277062612116,-0.18289979463521858,0.3609181838312765,0.0,0.3609181838312765,0.42771253449517566,0.39408920263511515,1.1810497108627136,0.5765356849791934,0.0,4.942350119352341,49.70092475414276,0.2912949688732624
7.221999999999427,-0.18366714939002596,0.035560775952414754,-0.1828339484465624,0.36086817113762526,0.0,0.36086817113762526,0.42774171913944187,0.3943696115888904,1.181121678265413,0.5765351572649284,0.0,4.942350119352341,49.70092475414276,0.2912949688732624
7.2319999999994256,-0.18330316093342025,0.0368217244388271,-0.18276793628836835,0.360925535373139,0.0,0.360925535373139,0.427770391159634,0.3946444570499196,1.181449426196506,0.5765346297545365,0.0,4.942350119352341,49.70092475414276,0.2912949688732624
7.2419999999994245,-0.18292978031518659,0.03761780423748432,-0.18270211885606136,0.3606917775787376,0.0,0.3606917775787376,0.42779850818795206,0.3949138494014524,1.1814770234282432,0.5765341024228046,0.0,4.942350119352341,49.70092475414276,0.2912949688732624
7.251999999999423,-0.1825516339277386,0.037801091488701664,-0.18263583327892716,0.3606443694215712,0.0,0.3606443694215712,0.42782602935921227,0.3951778968366642,1.1818727557834219,0.5765335752876205,0.0,4.936085969209671,49.71141576766968,0.2954307597130537
7.261999999999422,-0.18217619153590497,0.037338383922015966,-0.18256841774228832,0.3603968345755307,0.0,0.3603968345755307,0.4278529162783877,0.3954367054021089,1.1820917449125694,0.5765330483161986,0.0,4.936085969209671,49.71141576766968,0.2954307597130537
7.271999999999421,-0.1818050227000832,0.037147657092321706,-0.18248880060966383,0.35933802036206697,0.0,0.35933802036206697,0.4278791341652983,0.39569037904030857,1.1812733652259269,0.5765325222543595,0.0,4.936085969209671,49.71141576766968,0.2954307597130537
7.28199999999942,-0.1814336280578709,0.03691037820576859,-0.18239424582058303,0.3590689672126893,0.0,0.3590689672126893,0.4279046518715345,0.39593901963149974,1.1816556158618339,0.5765319973102275,0.0,4.936085969209671,49.71141576766968,0.2954307597130537
7.291999999999419,-0.18106743193211208,0.03647069772964493,-0.1822858447311361,0.3578606356759167,0.0,0.3578606356759167,0.42792944121377424,0.3961827270345497,1.1808103370530123,0.5765314734511612,0.0,4.936085969209671,49.71141576766968,0.2954307597130537
7.301999999999418,-0.1807051472343861,0.03588099860599289,-0.1821596774533291,0.3571577220193456,0.0,0.3571577220193456,0.4279534774077307,0.3964215991270621,1.1807528402901097,0.5765309509681027,0.0,4.95740818977356,49.709418416023254,0.29685461819171904
7.311999999999417,-0.18035804978735553,0.03390823718223547,-0.18203152689206226,0.3567461682713169,0.0,0.3567461682713169,0.42797673908614237,0.3966557318446864,1.1811720762882092,0.5765304290092259,0.0,4.95740818977356,49.709418416023254,0.29685461819171904
7.321999999999416,-0.18002945710391421,0.03200490544201583,-0.18188640417668134,0.3560983237868818,0.0,0.3560983237868818,0.4279992098234376,0.3968852192196476,1.1813161115404887,0.5765299084283028,0.0,4.95740818977356,49.709418416023254,0.29685461819171904
7.3319999999994145,-0.17972944819235562,0.028582651367107692,-0.18174356507644215,0.3557474240054755,0.0,0.3557474240054755,0.42802087878937956,0.3971101534185111,1.1819167956988201,0.5765293881347101,0.0,4.95740818977356,49.709418416023254,0.29685461819171904
7.341999999999413,-0.17946519539569597,0.024972215248746835,-0.18159272069831373,0.35506805400134883,0.0,0.35506805400134883,0.4280417421084072,0.39733062477919895,1.1820806041994225,0.5765288687286457,0.0,4.95740818977356,49.709418416023254,0.29685461819171904
7.351999999999412,-0.17924094878898483,0.020763715929424498,-0.1814399523409054,0.35455538591036695,0.0,0.35455538591036695,0.428061803858813,0.39754672184727113,1.1824836083981207,0.576528349892381,0.0,5.003978341817856,49.70926821231842,0.2954318513162434
7.361999999999411,-0.1790554339855407,0.017101265005172374,-0.18127431313149334,0.3536698135998563,0.0,0.3536698135998563,0.42808107626619674,0.3977585314114869,1.1823534327887009,0.5765278323353167,0.0,5.003978341817856,49.70926821231842,0.2954318513162434
7.37199999999941,-0.17890139261177782,0.014026706852315928,-0.18109192727471302,0.35301544992672595,0.0,0.35301544992672595,0.4280995788871614,0.3979661385386615,1.182522128513839,0.5765273162637904,0.0,5.003978341817856,49.70926821231842,0.2954318513162434
7.381999999999409,-0.17878397340369662,0.009855418155077207,-0.1809133454674092,0.3529941934850449,0.0,0.3529941934850449,0.4281173370381153,0.39816962660782984,1.1835370611712905,0.5765268004992485,0.0,5.003978341817856,49.70926821231842,0.2954318513162434
7.391999999999408,-0.1787129044938791,0.005555858029283661,-0.18073610690302955,0.3518748319427132,0.0,0.3518748319427132,0.4281343822871677,0.39836907734373384,1.182955485960734,0.5765262851628342,0.0,5.003978341817856,49.70926821231842,0.2954318513162434
7.401999999999407,-0.1786753264957387,0.002624384088456902,-0.18054191000805958,0.3510611705252438,0.0,0.3510611705252438,0.4281507532671347,0.3985645708496441,1.1827303544832175,0.5765257713842296,0.0,5.051182240247726,49.70674157142639,0.289727983251214
7.411999999999406,-0.178665421183824,-0.0001468976167670697,-0.18034340228273343,0.35068040832755026,0.0,0.35068040832755026,0.4281664933231492,0.3987561856395313,1.1830301961253311,0.5765252585387848,0.0,5.051182240247726,49.70674157142639,0.289727983251214
7.421999999999405,-0.1786849434271873,-0.0031891343529877325,-0.18014783368372975,0.35024884144546814,0.0,0.35024884144546814,0.42818164896437466,0.39894399866959884,1.183167142600586,0.5765247460942458,0.0,5.051182240247726,49.70674157142639,0.289727983251214
7.4319999999994035,-0.1787331525431799,-0.006069373327370359,-0.17995422567983954,0.35026628759559586,0.0,0.35026628759559586,0.42819626976372743,0.3991280853691896,1.1838312229780308,0.5765242341029437,0.0,5.051182240247726,49.70674157142639,0.289727983251214
7.441999999999402,-0.17880949639283647,-0.008476852915154836,-0.17976310447633068,0.34952751775559404,0.0,0.34952751775559404,0.42821040811209,0.3993085196710804,1.183326803166306,0.5765237225185293,0.0,5.051182240247726,49.70674157142639,0.289727983251214
7.451999999999401,-0.1789044702563892,-0.010086658014563273,-0.17957041359207496,0.3491909664419103,0.0,0.3491909664419103,0.42822411855872006,0.39948537404117457,1.1832720356201516,0.5765232115793159,0.0,5.051971405744553,49.71019089221954,0.2836297284811735
7.4619999999994,-0.17900943440230355,-0.01058893009053168,-0.17937261490840464,0.3485693442228288,0.0,0.3485693442228288,0.4282374560469495,0.3996587195076054,1.1827036538678908,0.5765227014784912,0.0,5.051971405744553,49.71019089221954,0.2836297284811735
7.471999999999399,-0.1791164760520742,-0.010697386733863733,-0.17917691642266373,0.3483931502364605,0.0,0.3483931502364605,0.42825047409647743,0.39982862568926286,1.1826467735639452,0.5765221918283612,0.0,5.051971405744553,49.71019089221954,0.2836297284811735
7.481999999999398,-0.17922152033425054,-0.010390193154357404,-0.17898489776197818,0.34837471050206537,0.0,0.34837471050206537,0.42826322337167644,0.39999516082375364,1.1827019979902331,0.576521682527457,0.0,5.051971405744553,49.71019089221954,0.2836297284811735
7.491999999999397,-0.17931744486177412,-0.008970770718697485,-0.1787898217261646,0.34769927608124346,0.0,0.34769927608124346,0.42827575095348297,0.40015839179480656,1.1817346422276946,0.5765211739665417,0.0,5.051971405744553,49.71019089221954,0.2836297284811735
7.501999999999396,-0.17939605017193763,-0.007160747469118914,-0.1785977861154218,0.3475997029741151,0.0,0.3475997029741151,0.42828809912471844,0.4003183841591348,1.1814805506061206,0.576520665787679,0.0,5.031841278076172,49.708080887794495,0.2820967152714729
7.511999999999395,-0.17945707177521467,-0.005456636690159182,-0.17841625561966937,0.34762815840296557,0.0,0.34762815840296557,0.42830030424871457,0.4004752021727642,1.1813221261844502,0.5765201575190985,0.0,5.031841278076172,49.708080887794495,0.2820967152714729
7.521999999999394,-0.17949996752825642,-0.0037069156540257137,-0.1782461438421014,0.3480518618048789,0.0,0.3480518618048789,0.42831239692386575,0.4006289088168403,1.1816435364618454,0.5765196490957174,0.0,5.031841278076172,49.708080887794495,0.2820967152714729
7.5319999999993925,-0.17953446922007435,-0.003074151785377715,-0.17810567187999368,0.34840951225677064,0.0,0.34840951225677064,0.4283244025085762,0.4007795658229223,1.1818072858470838,0.5765191393827918,0.0,5.031841278076172,49.708080887794495,0.2820967152714729
7.541999999999391,-0.17956013162461898,-0.0023259711736181576,-0.1779841737256896,0.3494910163511136,0.0,0.3494910163511136,0.42833634281563865,0.4009272336977758,1.1829284342716357,0.5765186289449274,0.0,5.031841278076172,49.708080887794495,0.2820967152714729
7.55199999999939,-0.1795750889685828,-0.0009196648622842012,-0.17787641536679624,0.34967579563421586,0.0,0.34967579563421586,0.4283482365914782,0.4010719717476736,1.182748818219366,0.576518118021662,0.0,4.9966283440589905,49.709407687187195,0.2831809177994728
7.561999999999389,-0.17957071649410697,0.0012530346277109597,-0.1777773023045254,0.3500807524801377,0.0,0.3500807524801377,0.42836009913781303,0.4012138381022142,1.1828459407384524,0.576517606850441,0.0,4.9966283440589905,49.709407687187195,0.2831809177994728
7.571999999999388,-0.17954853108454266,0.0028735533746861597,-0.17770117248649475,0.35059106119057454,0.0,0.35059106119057454,0.4283719411770153,0.4013528897376677,1.1830721132570672,0.5765170945964954,0.0,4.9966283440589905,49.709407687187195,0.2831809177994728
7.581999999999387,-0.17950624634810258,0.005154898619374494,-0.17763473897006002,0.350807928275976,0.0,0.350807928275976,0.4283837691411297,0.4014891824998586,1.1828814520756308,0.576516581984798,0.0,4.9966283440589905,49.709407687187195,0.2831809177994728
7.591999999999386,-0.1794394331636888,0.007537838468650582,-0.17758044697862907,0.35135085725686604,0.0,0.35135085725686604,0.4283955851009654,0.40162277112659456,1.1831559036984622,0.5765160688455049,0.0,4.9966283440589905,49.709407687187195,0.2831809177994728
7.601999999999385,-0.1793575940445689,0.008504066415921914,-0.17755671454134128,0.35255548848787593,0.0,0.35255548848787593,0.4284073864869967,0.40175370926965026,1.1843762678233198,0.57651555404115,0.0,4.990799456834793,49.71022844314575,0.285463635250926
7.611999999999384,-0.17926656245337366,0.009717284167211479,-0.17754859495623165,0.35273007197455564,0.0,0.35273007197455564,0.4284191679314458,0.4018820495163148,1.1841819115312904,0.576515038361463,0.0,4.990799456834793,49.71022844314575,0.285463635250926
7.621999999999383,-0.1791594072073404,0.011458999575344152,-0.17754792671032216,0.3530152384016558,0.0,0.3530152384016558,0.42843092239314634,0.4020078434105119,1.1841813449642704,0.5765145222632251,0.0,4.990799456834793,49.71022844314575,0.285463635250926
7.6319999999993815,-0.1790341434509313,0.013144813568623367,-0.17755713770331097,0.353515672426112,0.0,0.353515672426112,0.4284426402809767,0.4021311414735009,1.1845320473171461,0.5765140055813363,0.0,4.990799456834793,49.71022844314575,0.285463635250926
7.64199999999938,-0.17889295649123016,0.014870034793947181,-0.17757385989636856,0.35364424494026714,0.0,0.35364424494026714,0.42845430926498645,0.40225199322416705,1.184420537453258,0.576513488421307,0.0,4.990799456834793,49.71022844314575,0.285463635250926
7.651999999999379,-0.17873086284428366,0.016954619407417514,-0.1775894938777483,0.35383296349910637,0.0,0.35383296349910637,0.42846591460839667,0.4023704471989095,1.1844612053612116,0.5765129712675371,0.0,4.996907740831375,49.71642792224884,0.2888107761740684
7.661999999999378,-0.1785484669823269,0.018951774304486104,-0.1776053085394562,0.3538915972629103,0.0,0.3538915972629103,0.4284774386894881,0.4024865509711341,1.184395540792446,0.5765124540046209,0.0,4.996907740831375,49.71642792224884,0.2888107761740684
7.671999999999377,-0.17834578740307566,0.02119856694915282,-0.1776154169923081,0.35353593413496764,0.0,0.35353593413496764,0.42848886120601204,0.40260035117035986,1.183831986579038,0.5765119370311181,0.0,4.996907740831375,49.71642792224884,0.2888107761740684
7.681999999999376,-0.17812413502687607,0.02264233048772965,-0.17762746257404938,0.35384221774502583,0.0,0.35384221774502583,0.4285001593306866,0.40271189350094627,1.1842832034288833,0.5765114199170155,0.0,4.996907740831375,49.71642792224884,0.2888107761740684
7.691999999999375,-0.1778911527497061,0.023564567041744946,-0.17763922366589294,0.35380312982035517,0.0,0.35380312982035517,0.42851130830827616,0.40282122276044946,1.18434026634807,0.5765109027847701,0.0,4.996907740831375,49.71642792224884,0.2888107761740684
7.701999999999374,-0.17765645077431827,0.023236539845700958,-0.17765922732662096,0.3541478156040707,0.0,0.3541478156040707,0.4285222830288859,0.40292838285761323,1.1850228521262072,0.5765103851170793,0.0,5.020605951547623,49.720991253852844,0.29319970216602087
7.711999999999373,-0.1774206797624088,0.02371361759469421,-0.17766421050721606,0.3535381144079161,0.0,0.3535381144079161,0.42853305975048,0.4030334168300039,1.184454580851125,0.5765098682451838,0.0,5.020605951547623,49.720991253852844,0.29319970216602087
7.721999999999372,-0.17718383754634062,0.02358102485858389,-0.1776653138386001,0.3533841141921589,0.0,0.3533841141921589,0.4285436163303399,0.40313636686129484,1.1846081091385106,0.5765093515910305,0.0,5.020605951547623,49.720991253852844,0.29319970216602087
7.7319999999993705,-0.17695285877042366,0.02299311443137433,-0.17766170231915557,0.35265157322606255,0.0,0.35265157322606255,0.4285539322152481,0.40323727429820855,1.1840295490270238,0.5765088352106872,0.0,5.020605951547623,49.720991253852844,0.29319970216602087
7.741999999999369,-0.1767237456064422,0.02264337070367471,-0.1776420063994244,0.35248071675294046,0.0,0.35248071675294046,0.4285639893149375,0.4033361796671223,1.1843105624073589,0.5765083198108862,0.0,5.020605951547623,49.720991253852844,0.29319970216602087
7.751999999999368,-0.1765023813294335,0.021826672179724824,-0.17761379144379605,0.35192929553041075,0.0,0.35192929553041075,0.4285737716556053,0.40343312269034387,1.1841245789010089,0.5765078049744693,0.0,5.054689824581146,49.722082018852234,0.29459005035459995
7.761999999999367,-0.17629490956513905,0.01996827748093795,-0.17758381226500627,0.35187000068245994,0.0,0.35187000068245994,0.4285832660332038,0.4035281423020652,1.184684142598137,0.5765072903284886,0.0,5.054689824581146,49.722082018852234,0.29459005035459995
7.771999999999366,-0.17610833207123658,0.017746402487672654,-0.17754748065922005,0.3515154316306303,0.0,0.3515154316306303,0.42859246312008553,0.4036212766639989,1.1848747177083405,0.5765067761523056,0.0,5.054689824581146,49.722082018852234,0.29459005035459995
7.781999999999365,-0.17594763077400116,0.01486389391918753,-0.17750906460060922,0.35147519208053346,0.0,0.35147519208053346,0.4286013585332909,0.403712563180705,1.1855372788815337,0.5765062622088718,0.0,5.054689824581146,49.722082018852234,0.29459005035459995
7.791999999999364,-0.17581926848690652,0.01152315887585978,-0.1774692186271771,0.3512055911769592,0.0,0.3512055911769592,0.4286099535342366,0.403802038514613,1.1858961107222408,0.5765057484615584,0.0,5.054689824581146,49.722082018852234,0.29459005035459995
7.801999999999363,-0.17572288781782644,0.008468488187326258,-0.17742043197734944,0.35072665316385576,0.0,0.35072665316385576,0.4286182557475104,0.40377360206549023,1.185880263820985,0.5765052353706561,0.0,5.096096873283386,49.72320854663849,0.2924803225323558
7.811999999999362,-0.17565084272015768,0.006449384474731083,-0.17735209736017346,0.34979069033989774,0.0,0.34979069033989774,0.42862627864711594,0.4036429872547967,1.1851147219449156,0.5765047236174751,0.0,5.096096873283386,49.72320854663849,0.2924803225323558
7.821999999999361,-0.17559818266565816,0.004405360711788641,-0.17727266264140357,0.3493907821897213,0.0,0.3493907821897213,0.42863403982207354,0.4035685332551561,1.1850708790541373,0.5765042127406091,0.0,5.096096873283386,49.72320854663849,0.2924803225323558
7.8319999999993595,-0.1755696996513652,0.0018358603462583726,-0.17719058049887793,0.34888361480069574,0.0,0.34888361480069574,0.42864155984985775,0.40357783777202433,1.1849518116313313,0.5765037022550002,0.0,5.096096873283386,49.72320854663849,0.2924803225323558
7.841999999999358,-0.17556360045551445,-0.00031401281015198436,-0.17709742081370988,0.3486186763975412,0.0,0.3486186763975412,0.4286488627093104,0.4036222816321692,1.185214751816831,0.5765031926832421,0.0,5.096096873283386,49.72320854663849,0.2924803225323558
7.851999999999357,-0.175584037370247,-0.003181839921014137,-0.17700816513447604,0.3483687317433207,0.0,0.3483687317433207,0.4286559754681373,0.40344809648365065,1.1852337110152817,0.5765026831443103,0.0,5.110544592142105,49.72476780414581,0.28826029077172277
7.861999999999356,-0.17562616970280304,-0.004957907747608729,-0.17690519284496178,0.3478227578569126,0.0,0.3478227578569126,0.4286629284961496,0.40327501076483624,1.18474811452482,0.5765021747001903,0.0,5.110544592142105,49.72476780414581,0.28826029077172277
7.871999999999355,-0.17569008374128056,-0.007316516508037562,-0.17680717710659363,0.34778122855989413,0.0,0.34778122855989413,0.4286697546235061,0.4032543750984515,1.1850576553372145,0.5765016662533029,0.0,5.110544592142105,49.72476780414581,0.28826029077172277
7.881999999999354,-0.17577321820855366,-0.008912420233302392,-0.17670261678292165,0.34719558412847285,0.0,0.34719558412847285,0.42867648870681613,0.40331863529450196,1.1845759226126715,0.5765011584894708,0.0,5.110544592142105,49.72476780414581,0.28826029077172277
7.891999999999353,-0.17587072628244288,-0.01042950146336861,-0.17659854589263702,0.3472170203248694,0.0,0.3472170203248694,0.4286831670390993,0.40318228563603514,1.1847716752655004,0.5765006510037647,0.0,5.110544592142105,49.72476780414581,0.28826029077172277
7.901999999999352,-0.17598311027463795,-0.01164460401209674,-0.17649607692920302,0.3468069275954633,0.0,0.3468069275954633,0.4286898264476927,0.4032184405198924,1.1843300269196748,0.576500143720375,0.0,5.103437930345535,49.723228216171265,0.2836300604045391
7.911999999999351,-0.17609980519491555,-0.0115506147746892,-0.17638327587622232,0.3461911166704945,0.0,0.3461911166704945,0.4286965039579806,0.4033177195629975,1.1836437715859565,0.5764996373686677,0.0,5.103437930345535,49.723228216171265,0.2836300604045391
7.92199999999935,-0.17621483433319873,-0.011808872260410472,-0.17627606538563004,0.34679859501751525,0.0,0.34679859501751525,0.42870323495502194,0.4034150288464758,1.1845889344240998,0.5764991310142409,0.0,5.103437930345535,49.723228216171265,0.2836300604045391
7.9319999999993485,-0.1763383193041294,-0.012555455339881283,-0.176183725222908,0.3466356563761851,0.0,0.3466356563761851,0.42871005242240506,0.40351040745161637,1.1843726000130512,0.5764986240592417,0.0,5.103437930345535,49.723228216171265,0.2836300604045391
7.941999999999347,-0.17646622677130677,-0.012888178945221884,-0.17609826785238936,0.34686673671094226,0.0,0.34686673671094226,0.42871698835046673,0.4036038936843106,1.1846268454431648,0.5764981169557152,0.0,5.103437930345535,49.723228216171265,0.2836300604045391
7.951999999999346,-0.17659129906876173,-0.012120317440992125,-0.17601199530466144,0.3465114313665629,0.0,0.3465114313665629,0.4287240732933105,0.40369552509043655,1.1839838180193352,0.5764976101480358,0.0,5.077757269144058,49.720805287361145,0.28159245327115057
7.961999999999345,-0.17670428964177562,-0.01087196713183379,-0.1759285740325302,0.3468654924531005,0.0,0.3468654924531005,0.42873133499026567,0.4037853384709381,1.1842660585514155,0.5764971034222912,0.0,5.077757269144058,49.720805287361145,0.28159245327115057
7.971999999999344,-0.17680474946944516,-0.009411355805761341,-0.17585242471573315,0.3467763558720612,0.0,0.3467763558720612,0.42873879699185946,0.40387336989660483,1.1838674941539056,0.5764965964952816,0.0,5.077757269144058,49.720805287361145,0.28159245327115057
7.981999999999343,-0.17689075526233322,-0.007898431412307243,-0.1757858191006093,0.34696044948443905,0.0,0.34696044948443905,0.4287464785701764,0.40395965472255874,1.183799900402439,0.5764960892107407,0.0,5.077757269144058,49.720805287361145,0.28159245327115057
7.991999999999342,-0.17695897310751982,-0.0059295957573484055,-0.17572450156246103,0.34682517084912134,0.0,0.34682517084912134,0.4287543946241499,0.40404422760245384,1.1832433883886047,0.5764955817993277,0.0,5.077757269144058,49.720805287361145,0.28159245327115057
8.001999999999342,-0.1770035211337756,-0.0036482331981768906,-0.17566780598884246,0.3475942936702542,0.0,0.3475942936702542,0.4287625553059554,0.40412712250239335,1.1839232133068287,0.5764950742909747,0.0,5.04891711473465,49.719873666763306,0.28304667100310327
8.011999999999345,-0.17702748558784098,-0.0015061994235502328,-0.17562212614705863,0.3477778421887275,0.0,0.3477778421887275,0.4287709654853029,0.40420837271457133,1.1837637333771578,0.5764945662716733,0.0,5.04891711473465,49.719873666763306,0.28304667100310327
8.021999999999348,-0.1770252530487174,0.0016894205857019302,-0.17557322684445298,0.3470345884870476,0.0,0.3470345884870476,0.4287796252579849,0.4042880108706435,1.1822990952044614,0.5764940585733604,0.0,5.04891711473465,49.719873666763306,0.28304667100310327
8.031999999999352,-0.17698970829586635,0.004666931522704634,-0.17552948454114461,0.34750971057967533,0.0,0.34750971057967533,0.4287885292744742,0.40436606895483257,1.1825476359783302,0.5764935507148834,0.0,5.04891711473465,49.719873666763306,0.28304667100310327
8.041999999999355,-0.1769250964634637,0.007584010191410799,-0.1754907270720056,0.34757709276138776,0.0,0.34757709276138776,0.4287976660827855,0.40444257831677405,1.1822438612702968,0.5764930426821708,0.0,5.04891711473465,49.719873666763306,0.28304667100310327
8.051999999999358,-0.17683468838211786,0.009698743706818393,-0.17546455198132188,0.34850298898977533,0.0,0.34850298898977533,0.4288070190852749,0.40451756968410646,1.1831715861600234,0.5764925340069481,0.0,5.0424701273441315,49.7209358215332,0.28687009289860727
8.061999999999362,-0.17672711455791945,0.01162650529060714,-0.1754476878741125,0.34813964611903897,0.0,0.34813964611903897,0.4288165677361356,0.4045910731748124,1.1823310534352196,0.576492024828828,0.0,5.0424701273441315,49.7209358215332,0.28687009289860727
8.071999999999365,-0.17659715276644183,0.013697784121999117,-0.17543248187526966,0.3486456887541133,0.0,0.3486456887541133,0.4288262890110903,0.4046631183093145,1.182754448206847,0.5764915156059907,0.0,5.0424701273441315,49.7209358215332,0.28687009289860727
8.081999999999368,-0.17645491721918619,0.014547066222105227,-0.17543513714502057,0.3491155749047623,0.0,0.3491155749047623,0.4288361572735074,0.40473373402233137,1.183180092107316,0.5764910053508412,0.0,5.0424701273441315,49.7209358215332,0.28687009289860727
8.091999999999372,-0.1763049960715014,0.015080588213093682,-0.17544680953008382,0.34975787224248256,0.0,0.34975787224248256,0.42884614590826603,0.4048029486744983,1.183903930921082,0.5764904945486895,0.0,5.0424701273441315,49.7209358215332,0.28687009289860727
8.101999999999375,-0.1761542393136455,0.014979540785515577,-0.1754714724067923,0.3501467611938924,0.0,0.3501467611938924,0.42885622856977623,0.40487079006375726,1.1843321406451435,0.5764899829206922,0.0,5.051819711923599,49.72494125366211,0.28989648967981335
8.111999999999378,-0.17600613559886535,0.014900372918142096,-0.17550171151579044,0.35021079635284047,0.0,0.35021079635284047,0.42886638041397723,0.4049372854365217,1.1843652727206564,0.5764894708440491,0.0,5.051819711923599,49.72494125366211,0.28989648967981335
8.121999999999382,-0.1758534419092459,0.015554979743676684,-0.17552481818770882,0.3499870388275132,0.0,0.3499870388275132,0.42887657847014554,0.4050024614986184,1.184058157037497,0.5764889591107644,0.0,5.051819711923599,49.72494125366211,0.28989648967981335
8.131999999999385,-0.17570001036997074,0.01491523848395817,-0.17555992122058273,0.35109710491017815,0.0,0.35109710491017815,0.42888680056810385,0.40506634442601386,1.1856824019102816,0.57648844659417,0.0,5.051819711923599,49.72494125366211,0.28989648967981335
8.141999999999388,-0.17555805050795112,0.013844864400093656,-0.17560242599752668,0.3509192740942988,0.0,0.3509192740942988,0.42889702606349617,0.4051289598753264,1.1855624595810705,0.5764879335221081,0.0,5.051819711923599,49.72494125366211,0.28989648967981335
8.151999999999392,-0.1754251456019125,0.013075052204164798,-0.17564168871624344,0.35055554233359276,0.0,0.35055554233359276,0.42890723760481686,0.4051903329941307,1.185238333293855,0.5764874205137704,0.0,5.073998153209686,49.727553725242615,0.29116171784698963
8.161999999999395,-0.175297343251904,0.012514660274161662,-0.1756743125047326,0.3506632808447585,0.0,0.3506632808447585,0.42891742074656936,0.4052504884310577,1.1856281366878405,0.5764869077661637,0.0,5.073998153209686,49.727553725242615,0.29116171784698963
8.171999999999398,-0.17517761005874377,0.011634335505716258,-0.1757053816960085,0.3507608098153867,0.0,0.3507608098153867,0.4289275632196998,0.4053094503456935,1.1860531981170064,0.5764863950159015,0.0,5.073998153209686,49.727553725242615,0.29116171784698963
8.181999999999402,-0.17506596228216842,0.010771992992569378,-0.17573000846925868,0.35053072272207786,0.0,0.35053072272207786,0.4289376550799509,0.40536724241828276,1.1860642763056666,0.5764858825666206,0.0,5.073998153209686,49.727553725242615,0.29116171784698963
8.191999999999405,-0.17496226301686546,0.010101414761466265,-0.17574505405679475,0.34993912104571145,0.0,0.34993912104571145,0.4289476886743953,0.4054238878592388,1.1856085951769306,0.5764853706236539,0.0,5.073998153209686,49.727553725242615,0.29116171784698963
8.201999999999408,-0.17486185491457246,0.009770763418342088,-0.17574556321481247,0.34977111331820715,0.0,0.34977111331820715,0.4289576583681348,0.4054794094184656,1.185781153828833,0.5764848595166358,0.0,5.101472020149231,49.72889482975006,0.29154978375881907
8.211999999999412,-0.1747679098414524,0.009072658604421377,-0.1757390240090499,0.3491372558730198,0.0,0.3491372558730198,0.42896755977439976,0.4055338293944946,1.1853308835449363,0.5764843488236592,0.0,5.101472020149231,49.72889482975006,0.29154978375881907
8.221999999999415,-0.17468310127599426,0.008070937823706709,-0.17572563225422377,0.3489731918809546,0.0,0.3489731918809546,0.4289773900889993,0.40558716964344005,1.1855606175616478,0.5764838385655924,0.0,5.101472020149231,49.72889482975006,0.29154978375881907
8.231999999999418,-0.17460763158637105,0.006977038347394295,-0.17570306515961975,0.34880486345164907,0.0,0.34880486345164907,0.4289871484615677,0.40563945158777676,1.185799818166127,0.5764833289083299,0.0,5.101472020149231,49.72889482975006,0.29154978375881907
8.241999999999422,-0.17454396171379458,0.006040378444926997,-0.17567003914817336,0.3477506004147876,0.0,0.3477506004147876,0.4289968360688165,0.4056906962249443,1.1848062406820659,0.5764828199475319,0.0,5.101472020149231,49.72889482975006,0.29154978375881907
8.251999999999425,-0.17448801729653177,0.005293981502973262,-0.17562435609938332,0.34748478317969644,0.0,0.34748478317969644,0.4290064562174968,0.40574092413577945,1.1849181553224695,0.5764823118561212,0.0,5.126253992319107,49.72909331321716,0.2907381640747189
8.261999999999428,-0.17444036573246094,0.004609827747306065,-0.1755680359453841,0.3464751012305345,0.0,0.3464751012305345,0.42901601366269415,0.405790155492782,1.1839837898987229,0.5764818045533037,0.0,5.126253992319107,49.72909331321716,0.2907381640747189
8.271999999999432,-0.17439633812411287,0.004132293089539841,-0.17549787786040247,0.3461833021105199,0.0,0.3461833021105199,0.42902551433365094,0.4058384100682165,1.1840447940106826,0.5764812982657659,0.0,5.126253992319107,49.72909331321716,0.2907381640747189
8.281999999999435,-0.17436047280789868,0.0031060323097873398,-0.17542423673614627,0.3460234264085754,0.0,0.3460234264085754,0.429034964740606,0.40588570724205325,1.18427440356717,0.5764807923956217,0.0,5.126253992319107,49.72909331321716,0.2907381640747189
8.291999999999438,-0.17433685895821222,0.0016767568635108181,-0.17534877370977062,0.34583739522351714,0.0,0.34583739522351714,0.42904437253365196,0.4059320660097513,1.1844440178492215,0.5764802868531248,0.0,5.126253992319107,49.72909331321716,0.2907381640747189
8.301999999999442,-0.17433011691626965,7.328916368102081e-05,-0.17527281017459026,0.34550900915329114,0.0,0.34550900915329114,0.4290537473395873,0.4059775049898878,1.184382974872126,0.5764797815563872,0.0,5.139171361923218,49.730278849601746,0.28881374225020406
8.311999999999445,-0.17434006589781356,-0.0016845282269908543,-0.17519745778133478,0.34546583621933846,0.0,0.34546583621933846,0.42906310131990333,0.4060220424316357,1.1846834880230754,0.5764792764439214,0.0,5.139171361923218,49.730278849601746,0.28881374225020406
8.321999999999449,-0.17436671191785266,-0.003225477670801497,-0.17512074997398214,0.3449620214918663,0.0,0.3449620214918663,0.42907244908284053,0.40606569622209226,1.1842951529463537,0.5764787716326722,0.0,5.139171361923218,49.730278849601746,0.28881374225020406
8.331999999999452,-0.17440341463287692,-0.0038367957596078476,-0.17503426672135033,0.34456763035280236,0.0,0.34456763035280236,0.42908180739456214,0.4061084838934636,1.1840124965451975,0.5764782676419716,0.0,5.139171361923218,49.730278849601746,0.28881374225020406
8.341999999999455,-0.17444637219865636,-0.00455561112531447,-0.17494789574122133,0.34459705836688787,0.0,0.34459705836688787,0.4290911938930802,0.40615042263010553,1.184274188682284,0.5764777638978744,0.0,5.139171361923218,49.730278849601746,0.28881374225020406
8.351999999999459,-0.17449853847584113,-0.005283288346102227,-0.17486407205236354,0.3438578884371908,0.0,0.3438578884371908,0.4291006263255073,0.4061915292754253,1.1834074988014092,0.5764772602438109,0.0,5.138131856918335,49.730180501937866,0.2859558753669262
8.361999999999462,-0.1745499968161163,-0.0051056199805974995,-0.17477097547432,0.3438973065295519,0.0,0.3438973065295519,0.4291101226677974,0.4062318203386463,1.1835792732751607,0.5764767574084084,0.0,5.138131856918335,49.730180501937866,0.2859558753669262
8.371999999999465,-0.1746067086035688,-0.0059524764480119435,-0.17469198588022367,0.3443137810908899,0.0,0.3443137810908899,0.4291196998786971,0.40627131200143823,1.1842268951918642,0.5764762539785554,0.0,5.138131856918335,49.730180501937866,0.2859558753669262
8.381999999999469,-0.1746666962829738,-0.005804503571323625,-0.1746085746116497,0.34373218176540854,0.0,0.34373218176540854,0.42912937451760047,0.40631002012441625,1.1834244035610313,0.5764757510462742,0.0,5.138131856918335,49.730180501937866,0.2859558753669262
8.391999999999472,-0.1747227056540223,-0.005667070817796504,-0.17452848942591512,0.3442835645305395,0.0,0.3442835645305395,0.4291391624504154,0.40634796025351066,1.18415948757609,0.5764752481607024,0.0,5.138131856918335,49.730180501937866,0.2859558753669262
8.401999999999475,-0.17478034340668927,-0.005839322040808188,-0.17445902436059793,0.3444128934185673,0.0,0.3444128934185673,0.42914907787447937,0.4063851476262107,1.184256060465949,0.5764747448541886,0.0,5.125059515237808,49.72950994968414,0.28474601581692693
8.411999999999479,-0.17483570613269797,-0.005232569823276651,-0.17438923184564625,0.34412072731908316,0.0,0.34412072731908316,0.42915913403419714,0.406421597177684,1.1837178547625735,0.5764742417639112,0.0,5.125059515237808,49.72950994968414,0.28474601581692693
8.421999999999482,-0.17488600307729282,-0.004728781489253802,-0.17432753069432755,0.34404890196751114,0.0,0.34404890196751114,0.42916934272167795,0.406457323546775,1.1834485972899789,0.5764737383816504,0.0,5.125059515237808,49.72950994968414,0.28474601581692693
8.431999999999485,-0.1749260320049967,-0.0037065186018580935,-0.1742664628310511,0.3445992203539172,0.0,0.3445992203539172,0.42917971369534197,0.4064923410818839,1.1840166575173363,0.5764732351458226,0.0,5.125059515237808,49.72950994968414,0.28474601581692693
8.441999999999489,-0.17496140307558652,-0.0034336390060429097,-0.17422191774748802,0.3448754954864564,0.0,0.3448754954864564,0.42919025417890616,0.4065266638467299,1.1841720089371341,0.5764727310759771,0.0,5.125059515237808,49.72950994968414,0.28474601581692693
8.451999999999492,-0.17499571934884225,-0.0034679772474718006,-0.17419211081069513,0.3454845146745252,0.0,0.3454845146745252,0.4292009697416221,0.4065603056259987,1.1847676282431463,0.5764722262346078,0.0,5.10587665438652,49.72967267036438,0.2847453452646732
8.461999999999495,-0.17503130068154515,-0.0034135574581036204,-0.17417484640502465,0.345681681191823,0.0,0.345681681191823,0.42921186524155863,0.4065932799308791,1.1847645498387598,0.5764717207050865,0.0,5.10587665438652,49.72967267036438,0.2847453452646732
8.471999999999499,-0.17506164370781024,-0.00273423982396462,-0.17416204850015377,0.3460279839911267,0.0,0.3460279839911267,0.4292229450717718,0.40662560000448933,1.1849544500558802,0.5764712149559927,0.0,5.10587665438652,49.72967267036438,0.2847453452646732
8.481999999999502,-0.1750850618629677,-0.002045255161588688,-0.17415887893566248,0.3464788736085499,0.0,0.3464788736085499,0.42923421225202085,0.4066572788271956,1.1852815134701344,0.576470708658092,0.0,5.10587665438652,49.72967267036438,0.2847453452646732
8.491999999999505,-0.1750986405434067,-0.0008242038802798099,-0.1741587148002671,0.34649315572312706,0.0,0.34649315572312706,0.42924566804599495,0.40668832912182545,1.1849945683706988,0.5764702021849609,0.0,5.10587665438652,49.72967267036438,0.2847453452646732
8.501999999999509,-0.17509459958902854,0.0015764746930297703,-0.17415106827894938,0.34564495748741714,0.0,0.34564495748741714,0.4292573114677517,0.4067187633587774,1.1835059439219064,0.5764696961627316,0.0,5.094499170780182,49.72885012626648,0.2857049949467182
8.511999999999512,-0.17506374201977679,0.0040810390401183234,-0.17414111091732914,0.3458580340054816,0.0,0.3458580340054816,0.4292691378877122,0.40674859376102923,1.1835204272085933,0.576469190315522,0.0,5.094499170780182,49.72885012626648,0.2857049949467182
8.521999999999515,-0.1750087633571772,0.006420167847023426,-0.1741318403211471,0.3460265839084776,0.0,0.3460265839084776,0.4292811378390973,0.40677783230904707,1.1834979444092804,0.5764686844556011,0.0,5.094499170780182,49.72885012626648,0.2857049949467182
8.531999999999519,-0.17493344002204242,0.008293256577270643,-0.17412688036382815,0.3461397214472739,0.0,0.3461397214472739,0.4292932976553292,0.40680649074559694,1.183430180086408,0.5764681783603026,0.0,5.094499170780182,49.72885012626648,0.2857049949467182
8.541999999999522,-0.17483560548840532,0.010677338462426657,-0.17411430310132162,0.3460006236648458,0.0,0.3460006236648458,0.4293056003563544,0.4068345805804609,1.1830485618839932,0.5764676727431384,0.0,5.094499170780182,49.72885012626648,0.2857049949467182
8.551999999999525,-0.1747166411106183,0.012732253090367131,-0.17410123693865467,0.34576419367304767,0.0,0.34576419367304767,0.4293180256877407,0.40686211309505965,1.182576830647364,0.576467167186472,0.0,5.1027690172195435,49.73078668117523,0.2895350642502308
8.561999999999529,-0.1745777377993406,0.014819316065601325,-0.17408288061710217,0.34542492098399225,0.0,0.34542492098399225,0.42933055051164615,0.40688909934698314,1.1820124568171972,0.5764666619720001,0.0,5.1027690172195435,49.73078668117523,0.2895350642502308
8.571999999999532,-0.1744184538241718,0.016490214604547755,-0.17406152892401514,0.3456316677047068,0.0,0.3456316677047068,0.42934314919363964,0.40691555017443176,1.1822694132087264,0.5764661569991565,0.0,5.1027690172195435,49.73078668117523,0.2895350642502308
8.581999999999535,-0.17424984106730845,0.01685872245274999,-0.17404921041944474,0.34604845331924894,0.0,0.34604845331924894,0.4293557940137812,0.4069414762005691,1.1828784927527447,0.5764656515411548,0.0,5.1027690172195435,49.73078668117523,0.2895350642502308
8.591999999999539,-0.1740773406816015,0.017712089672446793,-0.17402934112670873,0.34505439204323823,0.0,0.34505439204323823,0.42936845721256034,0.40696688783778834,1.181569006238139,0.5764651465693278,0.0,5.1027690172195435,49.73078668117523,0.2895350642502308
8.601999999999542,-0.17389313169229328,0.018988428921480748,-0.17399649502809697,0.34462394978052563,0.0,0.34462394978052563,0.4293811118630035,0.40699179529189417,1.181108097917353,0.5764646424450923,0.0,5.131151705980301,49.73227262496948,0.2933252815157175
8.611999999999545,-0.17369889642035097,0.019366824178376416,-0.17396218434771038,0.34495752935502055,0.0,0.34495752935502055,0.4293937306942591,0.4070162085662017,1.1817774297517842,0.5764641385108006,0.0,5.131151705980301,49.73227262496948,0.2933252815157175
8.621999999999549,-0.17351281987633957,0.017953724668865086,-0.17394218676177112,0.3453804121428823,0.0,0.3453804121428823,0.4294062866881471,0.40704013746555373,1.182626311740717,0.5764636337989243,0.0,5.131151705980301,49.73227262496948,0.2933252815157175
8.631999999999552,-0.1733441960367186,0.016130719820916465,-0.1739261004923325,0.34537168395692663,0.0,0.34537168395692663,0.4294187561263684,0.4070635916002587,1.1829170954595671,0.5764631289034333,0.0,5.131151705980301,49.73227262496948,0.2933252815157175
8.641999999999555,-0.17319403264995745,0.014423090962811672,-0.1739078408062166,0.3448761096535683,0.0,0.3448761096535683,0.4294311202472356,0.4070865803899504,1.18256537859902,0.5764626241845914,0.0,5.131151705980301,49.73227262496948,0.2933252815157175
8.651999999999559,-0.17305262937586377,0.013959590233728232,-0.17387042449935514,0.34420862359335075,0.0,0.34420862359335075,0.42944336502006125,0.40710911306737124,1.1820076414398508,0.5764621206882284,0.0,5.163681238889694,49.73541080951691,0.29375543519854547
8.661999999999562,-0.17291565197746592,0.013525153426625696,-0.1738222935594316,0.3437658406977755,0.0,0.3437658406977755,0.4294554793088793,0.40713119868208,1.1817957264856496,0.5764616179456975,0.0,5.163681238889694,49.73541080951691,0.29375543519854547
8.671999999999565,-0.17278563388870338,0.012631996239011135,-0.17376879629162728,0.34322860518314485,0.0,0.34322860518314485,0.4294674537739279,0.40715284610408636,1.1814769972780947,0.5764611156744996,0.0,5.163681238889694,49.73541080951691,0.29375543519854547
8.681999999999569,-0.17266785985106242,0.011210444600883666,-0.1737127432297036,0.3432773312416564,0.0,0.3432773312416564,0.42947928124724444,0.40717406402741346,1.181996221730902,0.5764606137161428,0.0,5.163681238889694,49.73541080951691,0.29375543519854547
8.691999999999572,-0.1725659744021302,0.009490974107820033,-0.17365351743843127,0.34285617004261026,0.0,0.34285617004261026,0.42949095751867816,0.4071948609735894,1.1818668036014264,0.5764601121169819,0.0,5.163681238889694,49.73541080951691,0.29375543519854547
8.701999999999575,-0.17247985044603079,0.008036988863020875,-0.17358573687129172,0.34245763840387966,0.0,0.34245763840387966,0.42950248184519857,0.40721524529506975,1.1817701573714723,0.5764596112177678,0.0,5.19307616353035,49.73680019378662,0.2927110712975263
8.711999999999579,-0.17240832571361334,0.006555277595413772,-0.17351202605281935,0.3420900459783195,0.0,0.3420900459783195,0.42951385672130876,0.40723522517859206,1.1817109694173875,0.5764591108904783,0.0,5.19307616353035,49.73680019378662,0.2927110712975263
8.721999999999582,-0.17234955267431343,0.005510796782130312,-0.1734275533477994,0.34131375679477405,0.0,0.34131375679477405,0.4295250874307353,0.4072548086484637,1.181066812585145,0.5764586114418182,0.0,5.19307616353035,49.73680019378662,0.2927110712975263
8.731999999999585,-0.1722969605277822,0.004986961020450728,-0.17332907967946706,0.3407610462027971,0.0,0.3407610462027971,0.4295361814032427,0.4072740035697847,1.1807184686154237,0.5764581131084522,0.0,5.19307616353035,49.73680019378662,0.2927110712975263
8.741999999999589,-0.17225394579264078,0.003965491220769661,-0.17322901875946983,0.3403229951799377,0.0,0.3403229951799377,0.4295471471318774,0.4072928176516066,1.1805077076293597,0.5764576151565562,0.0,5.19307616353035,49.73680019378662,0.2927110712975263
8.751999999999592,-0.17222232501881887,0.002687117549764542,-0.1731272014898356,0.34009524016211756,0.0,0.34009524016211756,0.4295579944108534,0.407311258450028,1.1805622433552794,0.5764571176091097,0.0,5.208974212408066,49.73731875419617,0.29037734158337114
8.761999999999595,-0.17220167763292593,0.0016077691061984738,-0.1730205133299313,0.33970449950425047,0.0,0.33970449950425047,0.42956873466418055,0.40732933337123034,1.1803540175466052,0.5764566206728887,0.0,5.208974212408066,49.73731875419617,0.29037734158337114
8.771999999999599,-0.17219143089961636,0.0005995474550439701,-0.17291126042767713,0.33946866154229116,0.0,0.33946866154229116,0.4295793807940739,0.4073470496744512,1.1803236477848404,0.5764561242064453,0.0,5.208974212408066,49.73731875419617,0.29037734158337114
8.781999999999602,-0.17219176831291422,-0.00039873558644004485,-0.17280171962281035,0.3392851048398013,0.0,0.3392851048398013,0.4295899469799805,0.40736441447490035,1.1803233106550446,0.5764556280742046,0.0,5.208974212408066,49.73731875419617,0.29037734158337114
8.791999999999605,-0.17220203211594698,-0.0014898022023283539,-0.17269423405819195,0.3392683701769764,0.0,0.3392683701769764,0.4296004485223521,0.4073814347466173,1.1805101727662046,0.5764551321353425,0.0,5.208974212408066,49.73731875419617,0.29037734158337114
8.801999999999609,-0.17222165097334405,-0.0021574149821560872,-0.17258534134956424,0.3388049137133377,0.0,0.3388049137133377,0.42961090170532107,0.4073981173252722,1.1800222382875858,0.5764546365907278,0.0,5.209773063659668,49.738770723342896,0.2880400188267231
8.811999999999612,-0.17225337394416892,-0.004179051655789443,-0.17249501283444987,0.3398936065178887,0.0,0.3398936065178887,0.42962132355652066,0.4070239453768595,1.181374609558165,0.5764541402092559,0.0,5.209773063659668,49.738770723342896,0.2880400188267231
8.821999999999615,-0.17230947393811938,-0.00653434470605091,-0.17242158276872468,0.34017499631961856,0.0,0.34017499631961856,0.4296317325814188,0.40666219722645763,1.1813759487163535,0.5764536430356527,0.0,5.209773063659668,49.738770723342896,0.2880400188267231
8.831999999999619,-0.17238095696080083,-0.00748069288526265,-0.17234587629633003,0.33998407558946475,0.0,0.33998407558946475,0.429642150429141,0.4063544659072609,1.1808111936268937,0.5764531462146649,0.0,5.209773063659668,49.738770723342896,0.2880400188267231
8.841999999999622,-0.1724620292312966,-0.008615749102693516,-0.17228207980692364,0.34044208439431567,0.0,0.34044208439431567,0.42965260029754887,0.40587455438000575,1.1809185327218465,0.5764526488781545,0.0,5.209773063659668,49.738770723342896,0.2880400188267231
8.851999999999626,-0.17255507682897456,-0.009745135271939072,-0.17223135033791875,0.34088834128664647,0.0,0.34088834128664647,0.429663105802512,0.40549266494271624,1.1810177970966247,0.5764521509125019,0.0,5.185660004615784,49.73836123943329,0.2850097496062517
8.861999999999629,-0.1726643502160586,-0.011786188969627664,-0.17220628243377792,0.34187351041798575,0.0,0.34187351041798575,0.42967369124776905,0.4051920205714644,1.181859721405795,0.5764516515028435,0.0,5.185660004615784,49.73836123943329,0.2850097496062517
8.871999999999632,-0.17279229452414857,-0.013305860785345694,-0.1721962094250448,0.3423529884597487,0.0,0.3423529884597487,0.42968438236968964,0.40492192074950745,1.1820049765547531,0.5764511512348253,0.0,5.185660004615784,49.73836123943329,0.2850097496062517
8.881999999999636,-0.17293434624722942,-0.014777791245774085,-0.17220497876421548,0.34324085711882363,0.0,0.34324085711882363,0.4296952065731507,0.4045637699800868,1.1825580166139682,0.5764506498340448,0.0,5.185660004615784,49.73836123943329,0.2850097496062517
8.891999999999639,-0.17308502664271957,-0.015176087979470922,-0.17222158191597517,0.3433151364182909,0.0,0.3433151364182909,0.4297061920079408,0.40428384770094417,1.1820178900836869,0.5764501479216768,0.0,5.185660004615784,49.73836123943329,0.2850097496062517
8.901999999999642,-0.1732292124689056,-0.013676879279119576,-0.1722320397090438,0.3428944371374438,0.0,0.3428944371374438,0.4297173663133231,0.4042625613735362,1.180956136157858,0.5764496463430623,0.0,5.141703963279724,49.73532319068909,0.28279336653649806
8.911999999999646,-0.17335289765658418,-0.011658759771898935,-0.17224384518854421,0.3434210701466441,0.0,0.3434210701466441,0.42972875378288533,0.4041163404142267,1.1811277828744866,0.5764491446871955,0.0,5.141703963279724,49.73532319068909,0.28279336653649806
8.921999999999649,-0.17346404364934823,-0.011000392772098208,-0.1722794538614773,0.34475326622269964,0.0,0.34475326622269964,0.4297403732833128,0.4035918094625132,1.1820666206506247,0.5764486415409964,0.0,5.141703963279724,49.73532319068909,0.28279336653649806
8.931999999999652,-0.1735728364715188,-0.010703623260973358,-0.1723348225982197,0.3452905500099695,0.0,0.3452905500099695,0.42975223980517857,0.4033050251058946,1.1819767457185402,0.5764481370743498,0.0,5.141703963279724,49.73532319068909,0.28279336653649806
8.941999999999656,-0.1736755411860277,-0.009970164940413528,-0.17240055671459023,0.34577895511674417,0.0,0.34577895511674417,0.42976436634265414,0.4029237416448769,1.1818109748969663,0.5764476318123699,0.0,5.141703963279724,49.73532319068909,0.28279336653649806
8.951999999999659,-0.17376750071929586,-0.00863582302216572,-0.17247270301386813,0.3461563953233139,0.0,0.3461563953233139,0.4297767636064653,0.4025204499565734,1.1814190806954068,0.5764471259736483,0.0,5.098803520202637,49.73470091819763,0.2825402185320854
8.961999999999662,-0.17384819864318987,-0.007626563440144745,-0.17255978361524316,0.34690721661064194,0.0,0.34690721661064194,0.4297894393153303,0.4021074235148709,1.1815335194130459,0.5764466190505664,0.0,5.098803520202637,49.73470091819763,0.2825402185320854
8.971999999999666,-0.17391356937905153,-0.005515482435329306,-0.17264493826554844,0.3464253899533377,0.0,0.3464253899533377,0.4298023981389775,0.40180698219759575,1.1800674705413803,0.5764461119858886,0.0,5.098803520202637,49.73470091819763,0.2825402185320854
8.981999999999669,-0.17394748365851512,-0.002030157324865462,-0.17271642397462914,0.34653947668071405,0.0,0.34653947668071405,0.42981564093453806,0.40153538529589244,1.1795056402689648,0.5764456055087372,0.0,5.098803520202637,49.73470091819763,0.2825402185320854
8.991999999999672,-0.17395933305027608,-0.0007166743450917005,-0.17281181363593848,0.34771174106744795,0.0,0.34771174106744795,0.42982916260178716,0.40122709522110017,1.1804192025513045,0.5764450973734707,0.0,5.098803520202637,49.73470091819763,0.2825402185320854
9.001999999999676,-0.17395773743625442,0.0006854626274054032,-0.17291205789821412,0.3481429362606733,0.0,0.3481429362606733,0.4298429537584517,0.4004839516769625,1.1799615645814985,0.5764445886666639,0.0,5.0851969718933105,49.735146164894104,0.2839783877134323
9.011999999999679,-0.17394260896838465,0.0019851100275126293,-0.1730171645220949,0.34864910147234074,0.0,0.34864910147234074,0.4298570026881265,0.39993355467947345,1.179697729347946,0.5764440793824528,0.0,5.0851969718933105,49.735146164894104,0.2839783877134323
9.021999999999682,-0.1739088660801654,0.004404319383413116,-0.17311064265404047,0.34799013003105145,0.0,0.34799013003105145,0.4298712955107227,0.39954721736090326,1.1780907154544096,0.5764435704925632,0.0,5.0851969718933105,49.735146164894104,0.2839783877134323
9.031999999999686,-0.17385358430134748,0.006050046082998377,-0.17320709005190993,0.3486780007186577,0.0,0.3486780007186577,0.42988581540645365,0.3992117819288201,1.1785093608146742,0.5764430611571324,0.0,5.0851969718933105,49.735146164894104,0.2839783877134323
9.041999999999689,-0.17379056518851654,0.006474589874080807,-0.1733154484157587,0.3490707214527513,0.0,0.3490707214527513,0.42990054261176497,0.3984930541952171,1.178242416758877,0.5764425508157657,0.0,5.0851969718933105,49.735146164894104,0.2839783877134323
9.051999999999692,-0.17372932315302775,0.005602047006238913,-0.17343876304860104,0.35044701064494355,0.0,0.35044701064494355,0.429915456865201,0.3976541347330184,1.179229795980733,0.576442039251358,0.0,5.0867182314395905,49.738332629203796,0.2859361745417118
9.061999999999696,-0.1736841163063469,0.0035271006439141234,-0.173580726047455,0.3515327032060233,0.0,0.3515327032060233,0.42993053957696226,0.3966058624897895,1.1797034543442149,0.5764415261702156,0.0,5.0867182314395905,49.738332629203796,0.2859361745417118
9.071999999999699,-0.17366832152527725,0.00010122900588192991,-0.1737475826564953,0.3529487979864976,0.0,0.3529487979864976,0.42994577637579956,0.3953851762076698,1.1804933192948073,0.576441011165549,0.0,5.0867182314395905,49.738332629203796,0.2859361745417118
9.081999999999702,-0.173689665263111,-0.003495118348049737,-0.1739298761903188,0.3534847390440157,0.0,0.3534847390440157,0.42996115936537577,0.39405471364849,1.1800086373019294,0.5764404947334986,0.0,5.0867182314395905,49.738332629203796,0.2859361745417118
9.091999999999706,-0.17374951987487308,-0.007613306422679612,-0.17413006962926203,0.35466235071325214,0.0,0.35466235071325214,0.4299766881281078,0.39254558093087877,1.1802960564649936,0.5764399766874683,0.0,5.0867182314395905,49.738332629203796,0.2859361745417118
9.101999999999709,-0.17385360585699816,-0.012439894983715333,-0.1743516546623072,0.356253987007841,0.0,0.356253987007841,0.42999236968489307,0.3907972680377032,1.1808570235769813,0.5764394567697089,0.0,5.069943696260452,49.740914702415466,0.2809058792889118
9.111999999999712,-0.174007127684394,-0.017351631067093413,-0.17459055220605366,0.35727388229681983,0.0,0.35727388229681983,0.4300082190758777,0.3890311846118175,1.180615890977051,0.5764389351719285,0.0,5.069943696260452,49.740914702415466,0.2809058792889118
9.121999999999716,-0.17421487283089568,-0.02316619423112015,-0.1748565707527168,0.3589644937551829,0.0,0.3589644937551829,0.4300242597781363,0.3873830637468472,1.181371493712855,0.5764384112414668,0.0,5.069943696260452,49.740914702415466,0.2809058792889118
9.131999999999719,-0.17447992352324151,-0.028555193811429784,-0.17513852168479255,0.3599294877192394,0.0,0.3599294877192394,0.4300405240594935,0.3858581195782997,1.1812761298285759,0.5764378855683028,0.0,5.069943696260452,49.740914702415466,0.2809058792889118
9.141999999999722,-0.17479183316585445,-0.032921513215874304,-0.17542593104632848,0.36085083020834385,0.0,0.36085083020834385,0.43005705268659344,0.38431057030507215,1.1810603457398983,0.576437358746564,0.0,5.069943696260452,49.740914702415466,0.2809058792889118
9.151999999999726,-0.1751446364978895,-0.036796238954977946,-0.17572253337353624,0.361650827943622,0.0,0.361650827943622,0.4300738926495617,0.38287938678518246,1.1807406130621187,0.5764368305906888,0.0,5.00180321931839,49.73637819290161,0.27262651920318604
9.161999999999729,-0.17553182029064207,-0.03986905917448681,-0.17602512826464933,0.3622075603186986,0.0,0.3622075603186986,0.4300910954076819,0.38143389457340177,1.180027610035429,0.5764363014371006,0.0,5.00180321931839,49.73637819290161,0.27262651920318604
9.171999999999732,-0.1759442431066534,-0.04199365312278127,-0.17632685111422822,0.36265610599243603,0.0,0.36265610599243603,0.4301087152426826,0.38026351393939917,1.1793628626038344,0.5764357714542039,0.0,5.00180321931839,49.73637819290161,0.27262651920318604
9.181999999999736,-0.17637171514840277,-0.04309981998162123,-0.1766236557235718,0.3631333532043327,0.0,0.3631333532043327,0.4301268072879816,0.3791165437511361,1.178677859487605,0.5764352408865114,0.0,5.00180321931839,49.73637819290161,0.27262651920318604
9.191999999999739,-0.17680633127231427,-0.043586130617999895,-0.1769173426765388,0.36361999854669974,0.0,0.36361999854669974,0.4301454254795085,0.3782602033422985,1.1782933190179359,0.576434709641882,0.0,5.00180321931839,49.73637819290161,0.27262651920318604
9.201999999999742,-0.17724418158908817,-0.04389899859405782,-0.1772130645479525,0.36435331498841184,0.0,0.36435331498841184,0.4301646210639307,0.37751903509066054,1.1782533821350987,0.576434177503352,0.0,4.929014027118683,49.723381996154785,0.2673816248774528
9.211999999999746,-0.17768370701587466,-0.043622323149615894,-0.17751021695646182,0.36427094587056275,0.0,0.36427094587056275,0.4301844420054607,0.3771056587976012,1.1773575335855415,0.5764336447208547,0.0,4.929014027118683,49.723381996154785,0.2673816248774528
9.221999999999749,-0.17811147128175495,-0.04215706196542012,-0.1777944915671044,0.3646452564986664,0.0,0.3646452564986664,0.4302049324896225,0.37690550449406557,1.1773238852612786,0.5764331118362359,0.0,4.929014027118683,49.723381996154785,0.2673816248774528
9.231999999999752,-0.1785235892744808,-0.04071971361983818,-0.17807751137858158,0.3654532480424092,0.0,0.3654532480424092,0.4302261310055579,0.3767931319728574,1.177923855332398,0.5764325782027468,0.0,4.929014027118683,49.723381996154785,0.2673816248774528
9.241999999999756,-0.1789215924660814,-0.039130461683258094,-0.17835971550884056,0.3656423281296381,0.0,0.3656423281296381,0.43024806985821223,0.37685405279268985,1.1778266028787954,0.576432043790939,0.0,4.929014027118683,49.723381996154785,0.2673816248774528
9.251999999999759,-0.17929918306851667,-0.03715200014730961,-0.17863716960272263,0.3664680898032379,0.0,0.3664680898032379,0.43027077554559906,0.37678753871677106,1.1785225141102413,0.5764315088882506,0.0,4.8995001912117,49.71210598945618,0.26623481065034865
9.261999999999762,-0.17966424924456773,-0.036102109311999434,-0.17892913451207126,0.3672289799158976,0.0,0.3672289799158976,0.43029426843226,0.37645743445098256,1.1787784904984961,0.5764309724962007,0.0,4.8995001912117,49.71210598945618,0.26623481065034865
9.271999999999766,-0.18001309772138355,-0.03390868477769443,-0.1792120095475845,0.3671092719289794,0.0,0.3671092719289794,0.4303185640969153,0.37607492383557606,1.1777687515897954,0.576430435782035,0.0,4.8995001912117,49.71210598945618,0.26623481065034865
9.281999999999769,-0.1803374178678576,-0.03155728397587925,-0.17949159427506362,0.3680714798241024,0.0,0.3680714798241024,0.4303436730818765,0.3756366494696661,1.1782355673538318,0.5764298984425836,0.0,4.8995001912117,49.71210598945618,0.26623481065034865
9.291999999999772,-0.18063628366136053,-0.02883490579944038,-0.17976536947458116,0.36814300240858056,0.0,0.36814300240858056,0.4303695998251573,0.3750708864263114,1.1772682083383563,0.5764293606287928,0.0,4.8995001912117,49.71210598945618,0.26623481065034865
9.301999999999776,-0.18091042054145257,-0.026573047061518966,-0.18004174518894117,0.3688925382152759,0.0,0.3688925382152759,0.43039634276570854,0.374582455568393,1.1773327272956233,0.5764288218757556,0.0,4.890716701745987,49.71138000488281,0.26797480434179305
9.31199999999978,-0.18116454878451843,-0.024784030853675868,-0.1803229455594866,0.36970994925422485,0.0,0.36970994925422485,0.43042389494942035,0.3740721509066553,1.177469132187742,0.5764282820673563,0.0,4.890716701745987,49.71138000488281,0.26797480434179305
9.321999999999782,-0.1814042624098144,-0.023531578997843625,-0.1806113467033358,0.37050395652920187,0.0,0.37050395652920187,0.4304522452776031,0.37402654254704437,1.1780174467190252,0.5764277410208536,0.0,4.890716701745987,49.71138000488281,0.26797480434179305
9.331999999999786,-0.1816349549089143,-0.022772886113412792,-0.18090826366449056,0.3713288774347746,0.0,0.3713288774347746,0.430481379853013,0.37417561224708057,1.1789095991796346,0.5764271986376693,0.0,4.890716701745987,49.71138000488281,0.26797480434179305
9.34199999999979,-0.18185221448143501,-0.020803744875001536,-0.1811933715644134,0.3710373412875123,0.0,0.3710373412875123,0.4305112830749484,0.37436392432608817,1.1782733148176379,0.576426656074545,0.0,4.890716701745987,49.71138000488281,0.26797480434179305
9.351999999999792,-0.18204326184987993,-0.01777156877166646,-0.1814600763749386,0.3707907455560708,0.0,0.3707907455560708,0.43054193692198406,0.3748491058753155,1.1779876373071376,0.5764261137430383,0.0,4.895449310541153,49.715837836265564,0.2706057205796242
9.361999999999796,-0.1821996333378296,-0.014351380290602298,-0.18170882385484188,0.37093568906613356,0.0,0.37093568906613356,0.4305733188196902,0.375410919367023,1.1784840902338782,0.5764255716409067,0.0,4.895449310541153,49.715837836265564,0.2706057205796242
9.3719999999998,-0.18232570836306938,-0.011413942183811053,-0.18194932837268904,0.3707613454159114,0.0,0.3707613454159114,0.43060540055553415,0.3759029571345155,1.1785477728275682,0.5764250292943907,0.0,4.895449310541153,49.715837836265564,0.2706057205796242
9.381999999999802,-0.18242155568241294,-0.00858424209713212,-0.18217603806342275,0.3711666334830817,0.0,0.3711666334830817,0.4306381491448752,0.3759625953164476,1.1790406017989565,0.5764244870585723,0.0,4.895449310541153,49.715837836265564,0.2706057205796242
9.391999999999806,-0.18249754877942534,-0.007231083374346177,-0.18240579480111427,0.3717588923137244,0.0,0.3717588923137244,0.43067152754158256,0.3761969978730116,1.1799565241474421,0.5764239439883453,0.0,4.895449310541153,49.715837836265564,0.2706057205796242
9.40199999999981,-0.18256548145519813,-0.006371909350694595,-0.1826325505982663,0.3718242775530528,0.0,0.3718242775530528,0.43070549682877207,0.37617626921939185,1.1800501426785266,0.5764234003890651,0.0,4.92357525229454,49.7223162651062,0.27515281811356546
9.411999999999813,-0.18262396610379325,-0.005460078873968221,-0.18284723789754118,0.3719197415309612,0.0,0.3719197415309612,0.4307400183259782,0.37585922375679653,1.179959459186412,0.5764228567255254,0.0,4.92357525229454,49.7223162651062,0.27515281811356546
9.421999999999816,-0.18268168795636522,-0.006048297511868908,-0.18306885780158033,0.3726218800949748,0.0,0.3726218800949748,0.43077505378714287,0.37518889001098127,1.1803938616971428,0.5764223120339135,0.0,4.92357525229454,49.7223162651062,0.27515281811356546
9.43199999999982,-0.1827487284699222,-0.0072226629553833865,-0.1832917245937163,0.37334379776100335,0.0,0.37334379776100335,0.43081056694952,0.37432665756069466,1.1806851755470043,0.5764217666249636,0.0,4.92357525229454,49.7223162651062,0.27515281811356546
9.441999999999823,-0.18282917111441577,-0.008640345291101997,-0.18351290362517125,0.3735848102063072,0.0,0.3735848102063072,0.4308465252954412,0.37332696803064014,1.1802132322477021,0.5764212206665149,0.0,4.92357525229454,49.7223162651062,0.27515281811356546
9.451999999999826,-0.18292032698365115,-0.009450257580992383,-0.1837210234272575,0.3734107381315691,0.0,0.3734107381315691,0.4308829005760284,0.3723206044482969,1.1791620807132757,0.5764206748090902,0.0,4.9372110068798065,49.72916126251221,0.2760015271604061
9.46199999999983,-0.18302273415355857,-0.010899847162170037,-0.18392689354386205,0.373956030104761,0.0,0.373956030104761,0.4309196682036574,0.3711783369824912,1.1790372767374004,0.5764201283964023,0.0,4.9372110068798065,49.72916126251221,0.2760015271604061
9.471999999999833,-0.18314726280051516,-0.013778571597147316,-0.18414397595590784,0.3751722802845883,0.0,0.3751722802845883,0.43095680723681357,0.37005086947954385,1.1798241109932663,0.5764195807289155,0.0,4.9372110068798065,49.72916126251221,0.2760015271604061
9.481999999999836,-0.18330928992090628,-0.01751200744063222,-0.18437404154443426,0.37542451441184527,0.0,0.37542451441184527,0.4309943022764831,0.36926503639623054,1.1795903635615252,0.5764190316555311,0.0,4.9372110068798065,49.72916126251221,0.2760015271604061
9.49199999999984,-0.18349775257223774,-0.019738582767231873,-0.18458813281825515,0.37545972890220325,0.0,0.37545972890220325,0.43103214536174767,0.3686560791707878,1.1792989328859673,0.5764184828579214,0.0,4.9372110068798065,49.72916126251221,0.2760015271604061
9.501999999999843,-0.18370567076322888,-0.021545487134986628,-0.1847937304966122,0.37567785465486736,0.0,0.37567785465486736,0.4310703340551275,0.3679283518617707,1.1791688598298418,0.576417933941696,0.0,4.926072686910629,49.73019301891327,0.2728966847062111
9.511999999999846,-0.18393314294309943,-0.023464061094868264,-0.18499687703413276,0.37570565984760546,0.0,0.37570565984760546,0.43110886966980594,0.3672444805743745,1.1787400559544736,0.5764173845819917,0.0,4.926072686910629,49.73019301891327,0.2728966847062111
9.52199999999985,-0.1841756023725471,-0.02483174680335365,-0.18518953817091793,0.3758065422284475,0.0,0.3758065422284475,0.43114775678191675,0.36653156299553463,1.1783899609838344,0.5764168352501041,0.0,4.926072686910629,49.73019301891327,0.2728966847062111
9.531999999999853,-0.18442996624692023,-0.025889703430253142,-0.18537372708577282,0.3759220146804462,0.0,0.3759220146804462,0.4311870023275778,0.3657315235306638,1.1779910489977474,0.5764162858554919,0.0,4.926072686910629,49.73019301891327,0.2728966847062111
9.541999999999856,-0.1846943367047368,-0.02668666633557433,-0.18555037804002494,0.3758130101361639,0.0,0.3758130101361639,0.43122661479366325,0.36487884995377506,1.1771639120392774,0.5764157363653623,0.0,4.926072686910629,49.73019301891327,0.2728966847062111
9.55199999999986,-0.18497390824502324,-0.029163212249097875,-0.1857430793296679,0.3773525064182468,0.0,0.3773525064182468,0.4312666037431952,0.36367469802221203,1.1782788012307586,0.5764151854511436,0.0,4.900199800729752,49.72590148448944,0.2694525450468063
9.561999999999863,-0.18528491934803382,-0.03248475420883834,-0.18595437865805875,0.3783063011041442,0.0,0.3783063011041442,0.43130698098497366,0.36241618070501347,1.178444391957057,0.5764146329684862,0.0,4.900199800729752,49.72590148448944,0.2694525450468063
9.571999999999866,-0.18562965023494415,-0.035689469704884784,-0.1861769614102864,0.3790404090579598,0.0,0.3790404090579598,0.4313477630711825,0.3610633364317837,1.1781248617522286,0.576414079208234,0.0,4.900199800729752,49.72590148448944,0.2694525450468063
9.58199999999987,-0.18600202252692075,-0.03827850012428475,-0.18640489566256768,0.37980531475870455,0.0,0.37980531475870455,0.43138897145161087,0.3597088462115176,1.1777680940044737,0.5764135244898001,0.0,4.900199800729752,49.72590148448944,0.2694525450468063
9.591999999999873,-0.18639867529610626,-0.04062039286663213,-0.18664238775852268,0.380597455797706,0.0,0.380597455797706,0.4314306311899303,0.3583391694367514,1.1774223610963792,0.5764129685503397,0.0,4.900199800729752,49.72590148448944,0.2694525450468063
9.601999999999876,-0.18681986536289072,-0.04327822810841096,-0.1868980824388778,0.38195963733792615,0.0,0.38195963733792615,0.4314727700217821,0.3570283371402195,1.1778160203919223,0.5764124109112955,0.0,4.847338825464249,49.717472195625305,0.26332572028040885
9.61199999999988,-0.18726896135841833,-0.0459556316398347,-0.1871748926913493,0.3830454065590688,0.0,0.3830454065590688,0.43151541824381784,0.355848714848041,1.1778375847791716,0.5764118515020411,0.0,4.847338825464249,49.717472195625305,0.26332572028040885
9.621999999999883,-0.1877360661955433,-0.04705915753924219,-0.18745215881314192,0.383511368805746,0.0,0.383511368805746,0.431558608842081,0.3546809527477038,1.1770037256703185,0.5764112912580587,0.0,4.847338825464249,49.717472195625305,0.26332572028040885
9.631999999999886,-0.18821754207204694,-0.04883229286071046,-0.18775275547135917,0.38511959142417,0.0,0.38511959142417,0.4316023756910358,0.3531608665422504,1.1773968211345347,0.5764107288616857,0.0,4.847338825464249,49.717472195625305,0.26332572028040885
9.64199999999989,-0.1887159529748847,-0.05043559712702224,-0.18807202819048796,0.3864185116661566,0.0,0.3864185116661566,0.4316467527270643,0.3515284831849226,1.1770851348307658,0.5764101645104666,0.0,4.847338825464249,49.717472195625305,0.26332572028040885
9.651999999999893,-0.18922837381018656,-0.051795650562256726,-0.18841073860891808,0.3879327776410788,0.0,0.3879327776410788,0.43169177425009353,0.34996048165658006,1.1770377046892853,0.5764095981817934,0.0,4.7860910296440125,49.70737636089325,0.2585923746228218
9.661999999999896,-0.18975076407121644,-0.05247927266087047,-0.18876684084135736,0.3892747889714585,0.0,0.3892747889714585,0.4317374744114636,0.3487195122681495,1.1769834676280504,0.5764090301530955,0.0,4.7860910296440125,49.70737636089325,0.2585923746228218
9.6719999999999,-0.1902806024955373,-0.053279716362074306,-0.18914571433457747,0.3906148184990599,0.0,0.3906148184990599,0.4317838863825831,0.34773212968268286,1.1771376594319243,0.5764084597891304,0.0,4.7860910296440125,49.70737636089325,0.2585923746228218
9.681999999999903,-0.19080579244245027,-0.05207405099007527,-0.18952136703250988,0.39148020123180355,0.0,0.39148020123180355,0.43183104169596104,0.34685131247519857,1.1767088732703852,0.5764078885074504,0.0,4.7860910296440125,49.70737636089325,0.2585923746228218
9.691999999999906,-0.19132228203753582,-0.051415059605168206,-0.1899185558072912,0.3928862215307693,0.0,0.3928862215307693,0.43187896836760464,0.34600554638199915,1.1770475800125029,0.5764073149041887,0.0,4.7860910296440125,49.70737636089325,0.2585923746228218
9.70199999999991,-0.19182937155310517,-0.05022644732158104,-0.19032765379119898,0.3939867472892868,0.0,0.3939867472892868,0.43192769013425397,0.34526911464210275,1.1769524639850806,0.5764067395193908,0.0,4.747961491346359,49.69953179359436,0.25663096010684966
9.711999999999913,-0.1923231225500537,-0.0487714802486377,-0.19075153153865637,0.39531208762011816,0.0,0.39531208762011816,0.43197722654667964,0.3443569888424065,1.1771369306462185,0.5764061623214329,0.0,4.747961491346359,49.69953179359436,0.25663096010684966
9.721999999999916,-0.19280033130426694,-0.046947962334131524,-0.1911852286838695,0.39650365902903956,0.0,0.39650365902903956,0.4320275925170941,0.3433378416719504,1.1769318893473715,0.5764055833335583,0.0,4.747961491346359,49.69953179359436,0.25663096010684966
9.73199999999992,-0.19325861858920534,-0.04510244064708001,-0.19163070447357863,0.3980270338890808,0.0,0.3980270338890808,0.4320787979764714,0.342236577723147,1.1771487341690587,0.5764050024188948,0.0,4.747961491346359,49.69953179359436,0.25663096010684966
9.741999999999923,-0.193697684773483,-0.043093045949130694,-0.19208568596028913,0.399046981817176,0.0,0.399046981817176,0.43213084777154054,0.34133229659205594,1.1767273027116607,0.5764044196696221,0.0,4.747961491346359,49.69953179359436,0.25663096010684966
9.751999999999926,-0.1941172051316305,-0.041071282809490614,-0.19255043167324626,0.4002357326710825,0.0,0.4002357326710825,0.4321837419173195,0.34062394579623484,1.1768343084759667,0.576403835040886,0.0,4.741222590208054,49.70336377620697,0.25760033279657363
9.76199999999993,-0.19451172118694254,-0.038348665584288316,-0.19301365648428276,0.40129328146237697,0.0,0.40129328146237697,0.43223747575219545,0.3400298269993298,1.1769371076685453,0.5764032491426968,0.0,4.741222590208054,49.70336377620697,0.25760033279657363
9.771999999999933,-0.1948784693864998,-0.03559117070099692,-0.19347887809377384,0.4021818324223687,0.0,0.4021818324223687,0.43229203935711175,0.33951495618503574,1.1768847732072483,0.5764026617856458,0.0,4.741222590208054,49.70336377620697,0.25760033279657363
9.781999999999936,-0.19522143357057284,-0.0334513076590394,-0.1939526172510885,0.4032933872391432,0.0,0.4032933872391432,0.4323474174150207,0.33935556502618003,1.1775247860374842,0.576402072594302,0.0,4.741222590208054,49.70336377620697,0.25760033279657363
9.79199999999994,-0.19554012393825118,-0.030771522727876793,-0.194420502693624,0.4039071570185293,0.0,0.4039071570185293,0.43240359020574415,0.3392313824779964,1.177584003162696,0.5764014823548862,0.0,4.741222590208054,49.70336377620697,0.25760033279657363
9.801999999999943,-0.1958311106308414,-0.028041817417912354,-0.19488263119589994,0.4047240361366968,0.0,0.4047240361366968,0.4324605338502826,0.3394616822232938,1.1783801179138746,0.5764008910504339,0.0,4.7463719844818115,49.71488654613495,0.2616392970085144
9.811999999999946,-0.19609382370720163,-0.02485470704646905,-0.1953307010538906,0.40496791922217307,0.0,0.40496791922217307,0.43251822008619367,0.3394751171730891,1.1783328548104668,0.5764002990655165,0.0,4.7463719844818115,49.71488654613495,0.2616392970085144
9.82199999999995,-0.19631969601554056,-0.0210494662710543,-0.19575694307456384,0.4049750858522181,0.0,0.4049750858522181,0.4325766161630519,0.33928948690915767,1.1777881484621802,0.576399707017608,0.0,4.7463719844818115,49.71488654613495,0.2616392970085144
9.831999999999953,-0.1965010105934199,-0.016111281526153595,-0.1961489084356103,0.40444512613999634,0.0,0.40444512613999634,0.43263568378027634,0.33878844151968246,1.1763359700373206,0.5763991156698888,0.0,4.7463719844818115,49.71488654613495,0.2616392970085144
9.841999999999956,-0.19664365332438533,-0.01347473824031076,-0.19654088989616578,0.4058161484930921,0.0,0.4058161484930921,0.43269537811571307,0.3381641728865234,1.1774590908220832,0.5763985231934453,0.0,4.7463719844818115,49.71488654613495,0.2616392970085144
9.85199999999996,-0.19677392153195722,-0.012884682678926743,-0.1969400411140809,0.4068599763115839,0.0,0.4068599763115839,0.4327556496866944,0.3374192991746829,1.1781225132804747,0.5763979291154073,0.0,4.779066622257233,49.723836183547974,0.26599106267094613
9.861999999999963,-0.19690227494024007,-0.012969386497503968,-0.19733295888918434,0.40739231599525944,0.0,0.40739231599525944,0.432816449110858,0.3368265800559279,1.1782551841634101,0.5763973340291116,0.0,4.779066622257233,49.723836183547974,0.26599106267094613
9.871999999999966,-0.19703303176715697,-0.013219376866942245,-0.19771576820075346,0.40745750837422284,0.0,0.40745750837422284,0.4328777294213999,0.33653575226551025,1.1780985441590313,0.576396738374927,0.0,4.779066622257233,49.723836183547974,0.26599106267094613
9.88199999999997,-0.19716675641038403,-0.013501220045173887,-0.19808444113400364,0.40768796888196124,0.0,0.40768796888196124,0.4329394468192793,0.33614026386533186,1.1782450310309285,0.5763961424125775,0.0,4.779066622257233,49.723836183547974,0.26599106267094613
9.891999999999973,-0.19730751035488833,-0.014651412233264091,-0.19844683620860054,0.40833660349735734,0.0,0.40833660349735734,0.4330015606817941,0.33582040607867875,1.1790723122699351,0.5763955457400568,0.0,4.779066622257233,49.723836183547974,0.26599106267094613
9.901999999999976,-0.19745902898580656,-0.015198913537537839,-0.19878748927455184,0.40777933351110307,0.0,0.40777933351110307,0.4330640342118426,0.3353510457375638,1.1781967721214568,0.5763949492081186,0.0,4.801719069480896,49.731709361076355,0.2663202792406082
9.91199999999998,-0.1976103851833496,-0.015328645282303068,-0.19909961028372844,0.4079577306253293,0.0,0.4079577306253293,0.4331268345172099,0.33485356114509823,1.1783690354616518,0.5763943531839864,0.0,4.801719069480896,49.731709361076355,0.2663202792406082
9.921999999999983,-0.19777543525288352,-0.017281973783778506,-0.19941300675447646,0.4083961813842041,0.0,0.4083961813842041,0.43318993112136306,0.3342292712620756,1.1788176329026647,0.5763937561766166,0.0,4.801719069480896,49.731709361076355,0.2663202792406082
9.931999999999986,-0.19795759328114143,-0.01892980104258252,-0.1997071541638088,0.40846464259389087,0.0,0.40846464259389087,0.4332532977552815,0.333675744716663,1.1788349476698547,0.5763931593622782,0.0,4.801719069480896,49.731709361076355,0.2663202792406082
9.94199999999999,-0.19815617345389586,-0.020196224123354527,-0.19998039589724995,0.4075904023961315,0.0,0.4075904023961315,0.43331691304621356,0.3332958806000104,1.177685828630339,0.5763925628836023,0.0,4.801719069480896,49.731709361076355,0.2663202792406082
9.951999999999993,-0.1983646331577823,-0.021350080426192023,-0.20023181526006964,0.40761567207728944,0.0,0.40761567207728944,0.4333807598323825,0.3331588957287123,1.1780824746949679,0.5763919668552836,0.0,4.807350665330887,49.73556458950043,0.26522155702114103
9.961999999999996,-0.1985856482977195,-0.022655407164561946,-0.2004654528748498,0.40755713766162427,0.0,0.40755713766162427,0.4334448240547464,0.33321698232287816,1.1785342140121056,0.576391371066844,0.0,4.807350665330887,49.73556458950043,0.26522155702114103
9.972,-0.19881834327399134,-0.023794182630767872,-0.20067900964277915,0.4072953710374855,0.0,0.4072953710374855,0.4335090947954281,0.3333306838800713,1.1787724400175588,0.5763907757524013,0.0,4.807350665330887,49.73556458950043,0.26522155702114103
9.982000000000003,-0.1990649124108806,-0.025186520838309072,-0.20087900715782953,0.40696520666996405,0.0,0.40696520666996405,0.43357356405243574,0.33348534624928045,1.1789354788031583,0.5763901805927261,0.0,4.807350665330887,49.73556458950043,0.26522155702114103
9.992000000000006,-0.1993217709142806,-0.02599387433955191,-0.20105674338417143,0.4065033155112388,0.0,0.4065033155112388,0.43363822675779823,0.33377574851421665,1.1790356984379584,0.5763895861290339,0.0,4.807350665330887,49.73556458950043,0.26522155702114103
