t,df_hz,rocof_hz_s,dfv_hz,p_vsg_mw,p_pv_support_mw,p_bess_mw,p_diesel_mw,p_wind_mw,p_load_mw,soc,sat_mw,H_v,D_v,alpha
0.002,0.0,0.0,0.0,0.0,0.0,0.0,0.3791396131179086,0.40822226345629126,0.7873618765741999,0.5768618512137283,0.0,4.5925368666648865,20.51356267184019,0.2536729842424393
0.012,1.3326971624669066e-06,0.0002964807115256249,3.7736521938191644e-06,-0.00029247132791525033,0.0,-0.00029247132791525033,0.37913961310104066,0.408045467509031,0.7868120744366878,0.5768618513976411,0.0,4.5925368666648865,20.51356267184019,0.2536729842424393
0.022000000000000006,1.631241059659423e-06,-0.00034234882354482963,-2.5756688023228613e-06,0.0004469968493622544,0.0,0.0004469968493622544,0.3791396128158538,0.4078108882386417,0.7876261957195382,0.5768618510551395,0.0,4.5925368666648865,20.51356267184019,0.2536729842424393
0.032000000000000015,-1.2792684491626597e-06,-0.0002864411962404447,-3.5998182453354833e-06,0.00014762964696976078,0.0,0.00014762964696976078,0.37913961227981857,0.40738084485272014,0.7868422640885082,0.576861850990177,0.0,4.5925368666648865,20.51356267184019,0.2536729842424393
0.04200000000000002,-8.734654117268388e-06,-0.001146249308289609,-1.6541254423259055e-05,0.0007245358572608429,0.0,0.0007245358572608429,0.37913961211735253,0.40698152087288386,0.7871863136177917,0.5768618502856875,0.0,4.5925368666648865,20.51356267184019,0.2536729842424393
0.05200000000000003,-3.0081267744529132e-05,-0.0028453306882327747,-4.5188104168937516e-05,0.001363590664683752,0.0,0.001363590664683752,0.37913961389836187,0.40679454206428195,0.7878924315103959,0.5768618486507552,0.0,5.492622584104538,20.103122708387673,0.2131074607372284
0.06200000000000004,-6.598168445063699e-05,-0.004062509520278386,-7.463213198058556e-05,0.0014749323357049358,0.0,0.0014749323357049358,0.3791396216633799,0.40631460902471744,0.7876011446272958,0.5768618466927016,0.0,5.492622584104538,20.103122708387673,0.2131074607372284
0.07200000000000005,-0.00011316058123277372,-0.005308475853614881,-0.00011058114291462578,0.0020012232427093013,0.0,0.0020012232427093013,0.37913964193809124,0.40557209988464277,0.7876211449221352,0.5768618442803368,0.0,5.492622584104538,20.103122708387673,0.2131074607372284
0.08200000000000006,-0.0001743299920075859,-0.00647831375861782,-0.00015378883479498368,0.0018016447410591071,0.0,0.0018016447410591071,0.3791396831306991,0.40473641744035443,0.7864938324000399,0.5768618413537927,0.0,5.492622584104538,20.103122708387673,0.2131074607372284
0.09200000000000007,-0.0002456629478820523,-0.007699545740278546,-0.00020393908753944362,0.002640179526328714,0.0,0.002640179526328714,0.3791397555958848,0.4037621817407067,0.7866651634288218,0.5768618379293299,0.0,5.492622584104538,20.103122708387673,0.2131074607372284
0.10200000000000008,-0.00033271541046115126,-0.009400008169477314,-0.0002675424301307661,0.0032987419783154434,0.0,0.0032987419783154434,0.37913987116543907,0.40288430707715633,0.7865986383475545,0.5768618335089392,0.0,5.911717891693115,20.65335812047124,0.1816255420446396
0.11200000000000009,-0.0004376833346157097,-0.01132729976153374,-0.00034159893872303586,0.00403194513355495,0.0,0.00403194513355495,0.3791400438029339,0.40201539035942857,0.786696681243001,0.5768618280313664,0.0,5.911717891693115,20.65335812047124,0.1816255420446396
0.1220000000000001,-0.0005669262564576302,-0.014070084822550424,-0.0004373718760776386,0.005246915171547396,0.0,0.005246915171547396,0.37914029005858096,0.40098031618550134,0.7872673772327257,0.5768618209526489,0.0,5.911717891693115,20.65335812047124,0.1816255420446396
0.1320000000000001,-0.0007243994032246358,-0.016886282358435676,-0.0005511007814206644,0.006117676986824266,0.0,0.006117676986824266,0.37914062997758424,0.40002481067877377,0.7873563861338599,0.5768618125077649,0.0,5.911717891693115,20.65335812047124,0.1816255420446396
0.1420000000000001,-0.000911988028142169,-0.019898058567731837,-0.0006857238893840268,0.00711744826241839,0.0,0.00711744826241839,0.37914108764993343,0.3990108887428868,0.7875834875072563,0.576861802470062,0.0,5.911717891693115,20.65335812047124,0.1816255420446396
0.1520000000000001,-0.0011255513355262641,-0.022287783528503066,-0.000833026078712351,0.007944854747795691,0.0,0.007944854747795691,0.3791416911574271,0.3980648142584035,0.7875219470254431,0.5768617913662935,0.0,5.854779958724976,25.03828376531601,0.15385461151599883
0.16200000000000012,-0.0013603773706696957,-0.024100192932289464,-0.0009915261989777453,0.008375684100743176,0.0,0.008375684100743176,0.3791424716362538,0.3973985896053782,0.7871599981791145,0.5768617792005559,0.0,5.854779958724976,25.03828376531601,0.15385461151599883
0.17200000000000013,-0.001608013128768057,-0.025249030146749236,-0.0011582393205159327,0.00929679897783048,0.0,0.00929679897783048,0.3791434619789467,0.3971955392572205,0.7878726422748396,0.5768617662370735,0.0,5.854779958724976,25.03828376531601,0.15385461151599883
0.18200000000000013,-0.0018609075029769222,-0.025196941252235223,-0.0013258885685951778,0.009230055324407673,0.0,0.009230055324407673,0.37914469523290284,0.39722477474363566,0.7874856950520004,0.5768617529628967,0.0,5.854779958724976,25.03828376531601,0.15385461151599883
0.19200000000000014,-0.0021088258890370514,-0.024548696706849473,-0.0014958083867890669,0.00954541616964013,0.0,0.00954541616964013,0.3791462029120156,0.39692895913828324,0.787321770336067,0.576861739287455,0.0,5.854779958724976,25.03828376531601,0.15385461151599883
0.20200000000000015,-0.0023469831470801605,-0.02304238184050254,-0.0016636439715727138,0.009288485910225915,0.0,0.009288485910225915,0.3791480133222621,0.39653069727816737,0.7862134512476432,0.5768617254544326,0.0,5.8119876980781555,28.468602001667023,0.14759162664413453
0.21200000000000016,-0.0025619214123478854,-0.02037196575996701,-0.0018191500012331519,0.009126211782299444,0.0,0.009126211782299444,0.3791501504658521,0.396146825403375,0.7851688214658733,0.5768617120093551,0.0,5.8119876980781555,28.468602001667023,0.14759162664413453
0.22200000000000017,-0.0027482513514873025,-0.01748318000618191,-0.0019699896995126966,0.009183576191772395,0.0,0.009183576191772395,0.3791526320609385,0.3961774632827458,0.7848097896974927,0.5768616986264782,0.0,5.8119876980781555,28.468602001667023,0.14759162664413453
0.23200000000000018,-0.002912742624029691,-0.01582032970752245,-0.0021319785074996717,0.010097256678457409,0.0,0.010097256678457409,0.3791554689524015,0.39627823437930093,0.785839057148108,0.5768616842283827,0.0,5.8119876980781555,28.468602001667023,0.14759162664413453
0.2420000000000002,-0.003060409440982209,-0.013838220486281382,-0.0022934482673552777,0.009737652908496784,0.0,0.009737652908496784,0.3791586666538044,0.39640052953750543,0.7850516155914349,0.576861669593329,0.0,5.8119876980781555,28.468602001667023,0.14759162664413453
0.25200000000000017,-0.0031815680804770014,-0.011052276032489618,-0.0024446535859360165,0.009979736710697249,0.0,0.009979736710697249,0.37916222640601854,0.3966350802892441,0.7852750617989674,0.5768616553760116,0.0,5.786421179771423,29.506779611110687,0.15025671422481537
0.2620000000000002,-0.0032766150832754873,-0.008091249486657348,-0.0025897526074079415,0.009116586732427363,0.0,0.009116586732427363,0.3791661441493519,0.3968122447054659,0.7839505793031593,0.5768616412330886,0.0,5.786421179771423,29.506779611110687,0.15025671422481537
0.2720000000000002,-0.0033365597871772654,-0.005011160439786873,-0.002724479165143544,0.009757427656851177,0.0,0.009757427656851177,0.37917041034070154,0.39667877565490073,0.7845392690700913,0.5768616275563508,0.0,5.786421179771423,29.506779611110687,0.15025671422481537
0.2820000000000002,-0.0033779251812101558,-0.003757960694630948,-0.0028724896755677127,0.010513714070787723,0.0,0.010513714070787723,0.379175009527336,0.39600660944595123,0.7847955152188993,0.5768616127378614,0.0,5.786421179771423,29.506779611110687,0.15025671422481537
0.2920000000000002,-0.00341707055902198,-0.004221470745485038,-0.0030390438659549,0.01166580750590496,0.0,0.01166580750590496,0.37917992330893197,0.3952050743049639,0.7853922913721274,0.5768615963971013,0.0,5.786421179771423,29.506779611110687,0.15025671422481537
0.3020000000000002,-0.0034622527462990936,-0.004744747557718853,-0.0032117344729175744,0.011957062132784508,0.0,0.011957062132784508,0.3791851336961479,0.39461618946269045,0.7850742028585813,0.5768615793365349,0.0,5.787353992462158,29.790220260620117,0.15265434980392456
0.3120000000000002,-0.0035145775410238755,-0.005549899113334109,-0.0033912155642831458,0.012396279100102166,0.0,0.012396279100102166,0.3791906247083535,0.39377658387508313,0.7847549890712842,0.5768615614679782,0.0,5.787353992462158,29.790220260620117,0.15265434980392456
0.32200000000000023,-0.0035715847673208883,-0.005912099444389545,-0.003568842714742133,0.012774300231929861,0.0,0.012774300231929861,0.3791963824883999,0.3928506216813412,0.784351103463219,0.5768615434141252,0.0,5.787353992462158,29.790220260620117,0.15265434980392456
0.33200000000000024,-0.0036403820011914672,-0.0077104275132040085,-0.0037632688587753457,0.013802736678208033,0.0,0.013802736678208033,0.37920239496393077,0.3916047902157079,0.7845921026031919,0.5768615239035991,0.0,5.787353992462158,29.790220260620117,0.15265434980392456
0.34200000000000025,-0.0037330390047035805,-0.010584074526028013,-0.0039758336856833085,0.015210613386023884,0.0,0.015210613386023884,0.3792086529835051,0.39002784196341606,0.7850300214481453,0.5768615028154254,0.0,5.787353992462158,29.790220260620117,0.15265434980392456
0.35200000000000026,-0.003861589583033313,-0.014534050138479644,-0.004211683683392564,0.016313396018096664,0.0,0.016313396018096664,0.3792151524816444,0.38827294981970273,0.7849117554517822,0.5768614798016369,0.0,5.73795485496521,29.612222611904144,0.1558803766965866
0.36200000000000027,-0.0040344979320893135,-0.019147117244989152,-0.0044716975543678235,0.017644436764368894,0.0,0.017644436764368894,0.37922189638209747,0.3863591181191417,0.7849217324526838,0.5768614548809762,0.0,5.73795485496521,29.612222611904144,0.1558803766965866
0.3720000000000003,-0.004258060494709189,-0.024511070637719283,-0.0047580280608457174,0.01913354044260011,0.0,0.01913354044260011,0.3792288957695669,0.38454761430624806,0.7851377330434943,0.5768614277262156,0.0,5.73795485496521,29.612222611904144,0.1558803766965866
0.3820000000000003,-0.004534130417538277,-0.029492422376887376,-0.005061593429045515,0.020008386125656724,0.0,0.020008386125656724,0.37923617054084624,0.3828730443745901,0.7847432376850076,0.5768613989049545,0.0,5.73795485496521,29.612222611904144,0.1558803766965866
0.3920000000000003,-0.004858522907812837,-0.0344537893598937,-0.005384122453105414,0.021525101798240083,0.0,0.021525101798240083,0.3792437490935422,0.38118666241480503,0.7851261872512508,0.5768613682744893,0.0,5.73795485496521,29.612222611904144,0.1558803766965866
0.4020000000000003,-0.005226717914518912,-0.03836554105993801,-0.00571644655339521,0.021994915042363086,0.0,0.021994915042363086,0.37925166705385077,0.37977559558306434,0.7843057808404084,0.5768613365589338,0.0,5.612706422805786,29.047251045703888,0.16243970096111296
0.4120000000000003,-0.005635284178448774,-0.042433707348598575,-0.006072938158107235,0.02318268608722765,0.0,0.02318268608722765,0.37925996589030353,0.37842260765604135,0.784511797793583,0.5768613032058713,0.0,5.612706422805786,29.047251045703888,0.16243970096111296
0.4220000000000003,-0.006080010279636331,-0.045704034783895724,-0.006439001518282238,0.02399359775468144,0.0,0.02399359775468144,0.37926869173234606,0.3769832218852693,0.7840867436338189,0.576861268611634,0.0,5.612706422805786,29.047251045703888,0.16243970096111296
0.43200000000000033,-0.00655562277193147,-0.04859175125563643,-0.0068173370028031845,0.02485202099872063,0.0,0.02485202099872063,0.3792778942468251,0.3759303970353705,0.7839678475596785,0.5768612325808355,0.0,5.612706422805786,29.047251045703888,0.16243970096111296
0.44200000000000034,-0.007056120823687431,-0.05099379134256785,-0.007205745982616066,0.02600427124294025,0.0,0.02600427124294025,0.3792876252752538,0.3752687352011777,0.784611080553616,0.5768611952408386,0.0,5.612706422805786,29.047251045703888,0.16243970096111296
0.45200000000000035,-0.007576947390339126,-0.05282204423081423,-0.007604778996093957,0.026598095135511007,0.0,0.026598095135511007,0.3792979375491476,0.3746341017348385,0.7845681972370598,0.5768611567250107,0.0,5.448514699935913,28.72003138065338,0.16691098809242247
0.46200000000000035,-0.008112182402999865,-0.05387292207535574,-0.008016884403666866,0.027055729034865965,0.0,0.027055729034865965,0.3793088836563377,0.37387596620213626,0.784084661083832,0.5768611174146046,0.0,5.448514699935913,28.72003138065338,0.16691098809242247
0.47200000000000036,-0.008652507959940197,-0.0540860433922613,-0.0084312809662314,0.02775753034174251,0.0,0.02775753034174251,0.3793205147905428,0.373374196749063,0.7841720261889763,0.5768610772647365,0.0,5.448514699935913,28.72003138065338,0.16691098809242247
0.4820000000000004,-0.009188789413670356,-0.053207599895491606,-0.008842611234611086,0.027944051536300592,0.0,0.027944051536300592,0.37933287906697805,0.37306627146457416,0.7836435517019579,0.5768610366151914,0.0,5.448514699935913,28.72003138065338,0.16691098809242247
0.4920000000000004,-0.00971043389194746,-0.05125846230789722,-0.009247119488736544,0.02801517086749448,0.0,0.02801517086749448,0.37934601987375727,0.37294859403782493,0.7831492882801206,0.5768609957125723,0.0,5.448514699935913,28.72003138065338,0.16691098809242247
0.5020000000000003,-0.010208438833030957,-0.04880776926203087,-0.009648496156599635,0.02846183559187484,0.0,0.02846183559187484,0.37935997409725075,0.3727388906766279,0.7831007826976352,0.5768609545250568,0.0,5.3275309801101685,28.07390868663788,0.1687814712524414
0.5120000000000003,-0.010691826249811095,-0.04801234962085734,-0.010077625537977862,0.029622551021658845,0.0,0.029622551021658845,0.37937477110622814,0.3724967048069855,0.7839867711659109,0.5768609116646234,0.0,5.3275309801101685,28.07390868663788,0.1687814712524414
0.5220000000000004,-0.011171530957159878,-0.04809636896919732,-0.010525666807235866,0.03112402215889222,0.0,0.03112402215889222,0.37939043463270167,0.37222682525091727,0.7852445212010198,0.5768608669111474,0.0,5.3275309801101685,28.07390868663788,0.1687814712524414
0.5320000000000004,-0.011653764788042,-0.04807507679210658,-0.010986772758301695,0.03183722202348799,0.0,0.03183722202348799,0.37940698533786826,0.3719474558045953,0.7854861521771519,0.5768608205955489,0.0,5.3275309801101685,28.07390868663788,0.1687814712524414
0.5420000000000004,-0.012126561905191777,-0.0466157556806489,-0.011442518028099462,0.032135171838367116,0.0,0.032135171838367116,0.37942444179490464,0.3716146472487435,0.785064298300488,0.5768607738604936,0.0,5.3275309801101685,28.07390868663788,0.1687814712524414
0.5520000000000004,-0.012586109403057814,-0.045855588620867735,-0.01191307673161141,0.033848009619963045,0.0,0.033848009619963045,0.3794428187922427,0.3712105257689037,0.7865436668829859,0.5768607256814067,0.0,5.175367325544357,27.69727647304535,0.16486055552959442
0.5620000000000004,-0.013049465523358773,-0.04627447696574713,-0.012418066810786478,0.034269578326464024,0.0,0.034269578326464024,0.3794621271469999,0.37057098272939576,0.7860223285834727,0.5768606754891074,0.0,5.175367325544357,27.69727647304535,0.16486055552959442
0.5720000000000004,-0.01350257115888841,-0.044719685801968334,-0.012910619199161104,0.03476168634904686,0.0,0.03476168634904686,0.37948237612242836,0.3698697349917548,0.785474582671411,0.5768606252425105,0.0,5.175367325544357,27.69727647304535,0.16486055552959442
0.5820000000000004,-0.013944109139767406,-0.04378373137491098,-0.013413793253014911,0.03570562718705412,0.0,0.03570562718705412,0.3795035718563239,0.3697569854140488,0.7861478693157873,0.5768605735482183,0.0,5.175367325544357,27.69727647304535,0.16486055552959442
0.5920000000000004,-0.014374240589835958,-0.04230506342001549,-0.013915493608316237,0.03584054008730057,0.0,0.03584054008730057,0.37952571693692183,0.3698014825005136,0.7858984087435671,0.5768605211265856,0.0,5.175367325544357,27.69727647304535,0.16486055552959442
0.6020000000000004,-0.01478651375314107,-0.04049728820933578,-0.014414360252774403,0.03627641447872947,0.0,0.03627641447872947,0.37954881054349376,0.3697405339282799,0.7860505735051041,0.5768604681879888,0.0,5.102753072977066,27.49038428068161,0.15816998183727263
0.6120000000000004,-0.015178839817998552,-0.03821832784601536,-0.014910033152880269,0.03620846948041326,0.0,0.03620846948041326,0.3795728476805826,0.3696520646744591,0.7854625101520898,0.5768604151115292,0.0,5.102753072977066,27.49038428068161,0.15816998183727263
0.6220000000000004,-0.015545266006266836,-0.035456454986301136,-0.015392522483546485,0.036093919637989136,0.0,0.036093919637989136,0.37959781884447313,0.3698548743764769,0.7851891900074378,0.5768603620333024,0.0,5.102753072977066,27.49038428068161,0.15816998183727263
0.6320000000000005,-0.01587790330033199,-0.03164039063085054,-0.015850216334016686,0.03563263357314166,0.0,0.03563263357314166,0.3796237092553676,0.3701420399993724,0.7845666279609692,0.5768603096738479,0.0,5.102753072977066,27.49038428068161,0.15816998183727263
0.6420000000000005,-0.016171888615783808,-0.027911628145765664,-0.016289265946899226,0.0353404744708519,0.0,0.0353404744708519,0.3796504977352559,0.3704232646050263,0.7842562811413388,0.5768602577047963,0.0,5.102753072977066,27.49038428068161,0.15816998183727263
0.6520000000000005,-0.01643036307627538,-0.024719820925872778,-0.016712786504257882,0.03555318353090708,0.0,0.03555318353090708,0.3796781563010606,0.3704038520763165,0.7845013288330258,0.5768602059376466,0.0,5.182950079441071,27.245116382837296,0.15210078656673431
0.6620000000000005,-0.016662596909763534,-0.022248989545554324,-0.01712388633738264,0.03523747750812723,0.0,0.03523747750812723,0.3797066513043512,0.3705427367593351,0.7841002319480882,0.5768601541248198,0.0,5.182950079441071,27.245116382837296,0.15210078656673431
0.6720000000000005,-0.016862236680732466,-0.01841152008667655,-0.017498162432469322,0.034194473622527304,0.0,0.034194473622527304,0.3797359452133539,0.3710118535349199,0.7831439376495726,0.5768601039107875,0.0,5.182950079441071,27.245116382837296,0.15210078656673431
0.6820000000000005,-0.017023882492105503,-0.014820707400462233,-0.017845433223169376,0.03357960337369499,0.0,0.03357960337369499,0.3797659959783511,0.3712803979934387,0.7827596276748037,0.5768600547562837,0.0,5.182950079441071,27.245116382837296,0.15210078656673431
0.6920000000000005,-0.017155255310006903,-0.012034515904000793,-0.01817215748049776,0.03294728955538083,0.0,0.03294728955538083,0.37979675652661826,0.37157785720764175,0.7823531623772627,0.5768600063059591,0.0,5.182950079441071,27.245116382837296,0.15210078656673431
0.7020000000000005,-0.01726724083662965,-0.010924477248880977,-0.01848837728866346,0.03334790170566923,0.0,0.03334790170566923,0.37982817641940514,0.37204703785009896,0.7836781856508173,0.5768599578770369,0.0,5.349098771810532,27.166870534420013,0.14637925028800963
0.7120000000000005,-0.017378421305579855,-0.011529694300370104,-0.018798325203795412,0.033686425954054605,0.0,0.033686425954054605,0.3798602044047674,0.3726319083783336,0.7851011500760572,0.5768599089170334,0.0,5.349098771810532,27.166870534420013,0.14637925028800963
0.7220000000000005,-0.017501264593115743,-0.012665684814022493,-0.019099447098802763,0.033212281893022326,0.0,0.033212281893022326,0.3798927919436796,0.37316533293365217,0.7854664809772499,0.5768598600186813,0.0,5.349098771810532,27.166870534420013,0.14637925028800963
0.7320000000000005,-0.01763332597509424,-0.013608366597248052,-0.01938201731245019,0.0328120657467767,0.0,0.0328120657467767,0.37992589522559733,0.3733789163085092,0.7856408238245193,0.5768598118155878,0.0,5.349098771810532,27.166870534420013,0.14637925028800963
0.7420000000000005,-0.017771993805489307,-0.013893942935036594,-0.019639009168444747,0.031712846806146874,0.0,0.031712846806146874,0.37995947477633735,0.3738065225481634,0.7850405845511983,0.5768597647777273,0.0,5.349098771810532,27.166870534420013,0.14637925028800963
0.7520000000000006,-0.017915019776982014,-0.014479794722719945,-0.019876112020971247,0.03128599647699709,0.0,0.03128599647699709,0.3799934946127156,0.3740503317064128,0.7853338628928305,0.5768597184841348,0.0,5.480901777744293,27.325426191091537,0.14268845915794373
0.7620000000000006,-0.01806070160781424,-0.014687066940508465,-0.020082544621155576,0.03060378477843997,0.0,0.03060378477843997,0.38002792161296844,0.3744220670329873,0.7853150419138161,0.5768596733550085,0.0,5.480901777744293,27.325426191091537,0.14268845915794373
0.7720000000000006,-0.018210875273198677,-0.015225338865570374,-0.020269879458833014,0.02976709598900558,0.0,0.02976709598900558,0.3800627251477573,0.37490077334096,0.7851958089664337,0.5768596291320213,0.0,5.480901777744293,27.325426191091537,0.14268845915794373
0.7820000000000006,-0.018367239305987656,-0.01595831711336725,-0.020437763274655643,0.02933548087636562,0.0,0.02933548087636562,0.3800978771573393,0.37529449449865193,0.7856660355266227,0.5768595858696732,0.0,5.480901777744293,27.325426191091537,0.14268845915794373
0.7920000000000006,-0.018534134396829615,-0.01739835001215935,-0.020593459690322585,0.02921100900893887,0.0,0.02921100900893887,0.3801333524064413,0.37563379322816015,0.7864523680556245,0.5768595431302875,0.0,5.480901777744293,27.325426191091537,0.14268845915794373
0.8020000000000006,-0.018719016825013826,-0.01903900388852369,-0.020735749527457204,0.028528289473351467,0.0,0.028528289473351467,0.38016912924808205,0.3760371169390414,0.7864920538724047,0.5768595008979087,0.0,5.581189870834351,27.649481296539307,0.1421813428401947
0.8120000000000006,-0.01891970332975873,-0.02053748537112816,-0.020858489135418337,0.02780311926327264,0.0,0.02780311926327264,0.3802051905186581,0.3765177174869772,0.7865406081886167,0.576859459274557,0.0,5.581189870834351,27.649481296539307,0.1421813428401947
0.8220000000000006,-0.01912955267994248,-0.021168892145788733,-0.020957897271974328,0.027046098102532255,0.0,0.027046098102532255,0.3802415229573597,0.3771285788946723,0.7866046351963483,0.5768594189914094,0.0,5.581189870834351,27.649481296539307,0.1421813428401947
0.8320000000000006,-0.019344949060458583,-0.021913577884354687,-0.021042937866085642,0.02673908453988523,0.0,0.02673908453988523,0.3802781157902084,0.3777454974565649,0.7872874561711392,0.5768593794973056,0.0,5.581189870834351,27.649481296539307,0.1421813428401947
0.8420000000000006,-0.0195677585066994,-0.022543374738947995,-0.02111453152121526,0.02637355982318903,0.0,0.02637355982318903,0.3803149599491078,0.37835017596015064,0.787822649738057,0.5768593407512853,0.0,5.581189870834351,27.649481296539307,0.1421813428401947
0.8520000000000006,-0.01979387009797229,-0.022507682867170288,-0.02116709785945101,0.02549204436564602,0.0,0.02549204436564602,0.380352048117578,0.3789428572560044,0.7875644508299603,0.5768593030545556,0.0,5.633819878101349,27.981284856796265,0.14423412680625916
0.8620000000000007,-0.020014544506561788,-0.02175495207827529,-0.02119585118621752,0.024685061300762166,0.0,0.024685061300762166,0.38038937376988347,0.3795237793763904,0.7873370963156907,0.5768592665027694,0.0,5.633819878101349,27.981284856796265,0.14423412680625916
0.8720000000000007,-0.020227956318867372,-0.02127471054632829,-0.021214801485965155,0.024739790373584786,0.0,0.024739790373584786,0.3804269296837792,0.38009317563086076,0.7882410446543542,0.5768592305588536,0.0,5.633819878101349,27.981284856796265,0.14423412680625916
0.8820000000000007,-0.020439269153667578,-0.020886362388303898,-0.021227346371622092,0.02407207025402449,0.0,0.02407207025402449,0.38046470769039514,0.3806512746999571,0.7880551896661183,0.5768591950072425,0.0,5.633819878101349,27.981284856796265,0.14423412680625916
0.8920000000000007,-0.020642264937927698,-0.01984452281202385,-0.021226264033520723,0.023447307498228025,0.0,0.023447307498228025,0.38050269930490405,0.3811983007270529,0.7878516975460871,0.5768591603427276,0.0,5.633819878101349,27.981284856796265,0.14423412680625916
0.9020000000000007,-0.020833474029365934,-0.01856321944010639,-0.021215596387197694,0.023089708923102085,0.0,0.023089708923102085,0.38054089490250975,0.38173447340837413,0.7879467983813607,0.5768591262710184,0.0,5.647722363471985,28.171264827251434,0.14617910385131835
0.9120000000000007,-0.02101121839653492,-0.017205991241265213,-0.021197007144402452,0.02279081773627804,0.0,0.02279081773627804,0.3805792830422789,0.3822600080812333,0.7880512052738355,0.5768590925588523,0.0,5.647722363471985,28.171264827251434,0.14617910385131835
0.9220000000000007,-0.021174546471994717,-0.01575116928813011,-0.021173895340418775,0.02267383812816994,0.0,0.02267383812816994,0.3806178502954049,0.3827751158105127,0.7883407526062148,0.5768590591796103,0.0,5.647722363471985,28.171264827251434,0.14617910385131835
0.9320000000000007,-0.021323605391816144,-0.014385115758055978,-0.021150049709805465,0.022922370130660827,0.0,0.022922370130660827,0.3806565812318901,0.3832800034734332,0.7890768349685379,0.5768590258879805,0.0,5.647722363471985,28.171264827251434,0.14617910385131835
0.9420000000000007,-0.021460882524875127,-0.013230900737894517,-0.021129635743955585,0.02281797012068287,0.0,0.02281797012068287,0.38069545858356646,0.3837748738426389,0.7892577821872037,0.576858992406214,0.0,5.647722363471985,28.171264827251434,0.14617910385131835
0.9520000000000007,-0.021584539753618775,-0.01181044445562127,-0.0211088143794051,0.022915277916647346,0.0,0.022915277916647346,0.38073446373513836,0.3842599256676355,0.7896655276638032,0.5768589589554848,0.0,5.631511986255646,28.29073578119278,0.14600105881690978
0.9620000000000007,-0.021694348254676362,-0.010371343636466029,-0.021090263610875862,0.022941911766739306,0.0,0.022941911766739306,0.3807735766315234,0.38473535375461143,0.7899247015554351,0.5768589252666477,0.0,5.631511986255646,28.29073578119278,0.14600105881690978
0.9720000000000008,-0.021784862631136298,-0.008101259976608731,-0.021066386431867853,0.02269680018353434,0.0,0.02269680018353434,0.38081277569889954,0.38520134904467573,0.7897615093155389,0.576858891962244,0.0,5.631511986255646,28.29073578119278,0.14600105881690978
0.9820000000000008,-0.021850262314924235,-0.005595695632788165,-0.021040587218599346,0.022601169402990378,0.0,0.022601169402990378,0.38085203696987147,0.38565809869054424,0.7897762164709999,0.5768588588268486,0.0,5.631511986255646,28.29073578119278,0.14600105881690978
0.9920000000000008,-0.021894661826094647,-0.0036433933940957066,-0.021022517575492335,0.022833822715420532,0.0,0.022833822715420532,0.3808913333667826,0.3861057861317031,0.7902273197322771,0.576858825219159,0.0,5.631511986255646,28.29073578119278,0.14600105881690978
1.0020000000000007,-0.021915981913922144,-0.0012086310562073907,-0.02100193735290751,0.02315322588202955,0.0,0.02315322588202955,0.38093063541927524,0.386544591168082,0.7907852334647343,0.5768587917961333,0.0,5.628326714038849,28.342094719409943,0.14369069337844848
1.0120000000000007,-0.02191218074128365,0.0016934240634456125,-0.020977532140593315,0.0224311315954288,0.0,0.0224311315954288,0.38096991123325474,0.3869746900322651,0.7898800357640889,0.5768587586069647,0.0,5.628326714038849,28.342094719409943,0.14369069337844848
1.0220000000000007,-0.021876714926554904,0.004874325667669896,-0.020947889146298665,0.022197027328248208,0.0,0.022197027328248208,0.3810091260390679,0.3873962554602696,0.7896648483431282,0.5768587258078895,0.0,5.628326714038849,28.342094719409943,0.14369069337844848
1.0320000000000007,-0.021803315578633232,0.008977652442537894,-0.02090334345374927,0.021534268349498592,0.0,0.021534268349498592,0.3810482413488875,0.3878094567609199,0.7888684299353483,0.5768586940489865,0.0,5.628326714038849,28.342094719409943,0.14369069337844848
1.0420000000000007,-0.021691565339309465,0.012623907644778663,-0.0208549335779259,0.021231073188476637,0.0,0.021231073188476637,0.381087214125677,0.38821445988384484,0.7886065237126029,0.5768586626211024,0.0,5.628326714038849,28.342094719409943,0.14369069337844848
1.0520000000000007,-0.02154357307483605,0.016348553936990473,-0.020796644695540083,0.02070357802838499,0.0,0.02070357802838499,0.38112599694225713,0.388611427486127,0.7880711579034968,0.5768586318612744,0.0,5.690354585647583,28.659826517105103,0.13975807428359985
1.0620000000000007,-0.02136117565242602,0.01939314908662511,-0.020732391475040204,0.020818674212019096,0.0,0.020818674212019096,0.38116453869743466,0.3890005189976282,0.78848484734191,0.5768586013251285,0.0,5.690354585647583,28.659826517105103,0.13975807428359985
1.0720000000000007,-0.021151467926094618,0.021758834027267283,-0.020666234879340672,0.020985833254934763,0.0,0.020985833254934763,0.381202785384203,0.3893818906850204,0.7890263886493216,0.5768585710261779,0.0,5.690354585647583,28.659826517105103,0.13975807428359985
1.0820000000000007,-0.0209229548937985,0.023638551217805184,-0.020598318883384724,0.020424576967349842,0.0,0.020424576967349842,0.38124068169606795,0.38975569571454455,0.7886063863650866,0.5768585409533328,0.0,5.690354585647583,28.659826517105103,0.13975807428359985
1.0920000000000007,-0.020673659615201054,0.02574324879409039,-0.020518971953733294,0.01989849883258739,0.0,0.01989849883258739,0.38127817250114365,0.3901220842135259,0.7882984118989441,0.5768585117632782,0.0,5.690354585647583,28.659826517105103,0.13975807428359985
1.1020000000000008,-0.020411574404924887,0.026457553794587845,-0.02044306743874093,0.019980287885596013,0.0,0.019980287885596013,0.3813152029339308,0.39048120333066744,0.7889062620522451,0.5768584823694425,0.0,5.781704664230347,29.175802171230316,0.1355126917362213
1.1120000000000008,-0.02013777556026891,0.02800934194620506,-0.02034589390699575,0.0189296571408392,0.0,0.0189296571408392,0.3813517196468744,0.3908331972951479,0.7879918502152432,0.5768584541252791,0.0,5.781704664230347,29.175802171230316,0.1355126917362213
1.1220000000000008,-0.019849365655428993,0.02934409520229979,-0.0202372551301885,0.018447509291842842,0.0,0.018447509291842842,0.38138767106937854,0.3911782074745472,0.787938169412296,0.5768584268305121,0.0,5.781704664230347,29.175802171230316,0.1355126917362213
1.1320000000000008,-0.019550806129896032,0.029972774289126456,-0.02012131482794258,0.018177567484286377,0.0,0.018177567484286377,0.3814230069031624,0.3915163724316218,0.7882453611475494,0.576858400221634,0.0,5.781704664230347,29.175802171230316,0.1355126917362213
1.1420000000000008,-0.019251561834175365,0.030067701065219735,-0.019998882976345354,0.01719161539086831,0.0,0.01719161539086831,0.3814576790011084,0.3918478279799551,0.7876087746312169,0.5768583742502543,0.0,5.781704664230347,29.175802171230316,0.1355126917362213
1.1520000000000008,-0.01894754332782176,0.030422330090698186,-0.019857593064025996,0.01698806627447226,0.0,0.01698806627447226,0.3814916426439381,0.3921727072385018,0.7881233318308837,0.5768583496364534,0.0,5.896646559238434,29.952052235603333,0.1339514136314392
1.1620000000000008,-0.018644408449772703,0.030195601784394347,-0.0197019561170829,0.016109950208947715,0.0,0.016109950208947715,0.38152485613341064,0.3924911406850517,0.787742523499547,0.5768583256954973,0.0,5.896646559238434,29.952052235603333,0.1339514136314392
1.1720000000000008,-0.01835006729192044,0.028886628804361332,-0.019544067864060162,0.015783122424255544,0.0,0.015783122424255544,0.3815572814580677,0.39280325620863193,0.7881736468869338,0.5768583021845237,0.0,5.896646559238434,29.952052235603333,0.1339514136314392
1.1820000000000008,-0.019447715904441006,-0.30534140684121325,-0.022941945979996946,0.2972897634735865,0.0,0.2972897634735865,0.3815888951655711,0.3931091791608696,1.1829456661824151,0.5768580324763162,0.0,5.896646559238434,29.952052235603333,0.1339514136314392
1.1920000000000008,-0.0248357812820993,-0.6676876578846485,-0.028617993888338793,0.29851279682547915,0.0,0.29851279682547915,0.381620001489089,0.3934090324063354,1.1834481876187062,0.5768575968402284,0.0,5.896646559238434,29.952052235603333,0.1339514136314392
1.2020000000000008,-0.03281130117660318,-0.861267028457612,-0.033912828137974485,0.30111641769562664,0.0,0.30111641769562664,0.3816516287605349,0.39370293637188863,1.1837475165787998,0.5768571584942225,0.0,7.521322846412659,38.592718839645386,0.019433194398880027
1.2120000000000009,-0.04188886402547807,-0.9312005892350215,-0.03803989744896109,0.3048481178065551,0.0,0.3048481178065551,0.38168524276716115,0.39399100909504264,1.18345116866998,0.5768567151711496,0.0,7.521322846412659,38.592718839645386,0.019433194398880027
1.2220000000000009,-0.051373742870451405,-0.9551008336341787,-0.04214172335313009,0.3102932178996033,0.0,0.3102932178996033,0.38172243696278624,0.39427336627137116,1.1834235272934412,0.5768562647822696,0.0,7.521322846412659,38.592718839645386,0.019433194398880027
1.2320000000000009,-0.060902986633672065,-0.9482710827317762,-0.046242058073944985,0.31735658288401614,0.0,0.31735658288401614,0.38176477672144987,0.39455012130097383,1.1836807989399467,0.576855805274174,0.0,7.521322846412659,38.592718839645386,0.019433194398880027
1.2420000000000009,-0.07023522600400448,-0.9207737522703605,-0.0503700407852123,0.32568905019349653,0.0,0.32568905019349653,0.3818137275075816,0.39482138533402,1.183920865241856,0.5768553340570496,0.0,7.521322846412659,38.592718839645386,0.019433194398880027
1.252000000000001,-0.07920021350577462,-0.881269392024053,-0.054647614248258744,0.334649373086171,0.0,0.334649373086171,0.38187061233688757,0.39508726731538846,1.1834683533459103,0.5768548503687717,0.0,7.988484084606171,14.343819618225098,0.001634877920150768
1.262000000000001,-0.08779161065572866,-0.8423522522726268,-0.05946954502598482,0.3449198390994693,0.0,0.3449198390994693,0.38193658956030363,0.3953478740284222,1.183570113836182,0.5768543523943116,0.0,7.988484084606171,14.343819618225098,0.001634877920150768
1.272000000000001,-0.09591282045231403,-0.7904384247807759,-0.06441823564685023,0.3557254266149979,0.0,0.3557254266149979,0.3820126558961107,0.39560331013781436,1.18344430055139,0.576853838489245,0.0,7.988484084606171,14.343819618225098,0.001634877920150768
1.282000000000001,-0.10345425665644699,-0.7289169674099156,-0.0694949377133928,0.36714650934993515,0.0,0.36714650934993515,0.38209964028564053,0.39585367823164375,1.1835018365692047,0.5768533084301145,0.0,7.988484084606171,14.343819618225098,0.001634877920150768
1.292000000000001,-0.11033822450407611,-0.6607107464969475,-0.07470140804696263,0.3783851292274035,0.0,0.3783851292274035,0.38219819335888894,0.39609907886257617,1.1829384684920192,0.5768527619444968,0.0,7.988484084606171,14.343819618225098,0.001634877920150768
1.302000000000001,-0.11651115273739492,-0.5859317554409642,-0.07995993213117727,0.3899053906824793,0.0,0.3899053906824793,0.3823087837191649,0.39633961058824835,1.1827227287939528,0.5768521983733679,0.0,7.998925626277924,22.667607069015503,0.039001357555389415
1.312000000000001,-0.12185261088872264,-0.5002784856938318,-0.08499686870174082,0.4014044035368425,0.0,0.4014044035368425,0.3824316972234283,0.3965753700108505,1.1827225764898044,0.5768516184911672,0.0,7.998925626277924,22.667607069015503,0.039001357555389415
1.322000000000001,-0.12636568231213136,-0.41914444099414566,-0.09014223948864572,0.41260750806467184,0.0,0.41260750806467184,0.3825670300781525,0.39680645181592383,1.1828468707709072,0.576851021728914,0.0,7.998925626277924,22.667607069015503,0.039001357555389415
1.332000000000001,-0.1300893821616589,-0.3416652640656306,-0.09538272393669267,0.42312003558444694,0.0,0.42312003558444694,0.3827146995140749,0.39703294881038764,1.182840131637464,0.5768504091959149,0.0,7.998925626277924,22.667607069015503,0.039001357555389415
1.342000000000001,-0.13306166662217903,-0.2682216676624461,-0.10070551977641878,0.4328378492195474,0.0,0.4328378492195474,0.3828744633832844,0.39725495195981286,1.182837842545061,0.57684978197082,0.0,7.998925626277924,22.667607069015503,0.039001357555389415
1.352000000000001,-0.13530967331519972,-0.1915650745542034,-0.10588645262072428,0.44092767986522735,0.0,0.44092767986522735,0.38304593861070013,0.39747255042495544,1.181932761992696,0.5768491419550225,0.0,7.997198581695557,38.12884509563446,0.02933342456817628
1.362000000000001,-0.1366638492941926,-0.10070140623820141,-0.11028824553431561,0.4488366870852725,0.0,0.4488366870852725,0.383228611661792,0.3976858315975648,1.1823215159611427,0.5768484902122931,0.0,7.997198581695557,38.12884509563446,0.02933342456817628
1.372000000000001,-0.1372157470490029,-0.026791832856365654,-0.11469562776460611,0.45530946014095813,0.0,0.45530946014095813,0.38342182545626613,0.3978948811354824,1.182403079442032,0.5768478281221536,0.0,7.997198581695557,38.12884509563446,0.02933342456817628
1.382000000000001,-0.13710571588579912,0.03460575022484866,-0.11908088073287494,0.4601461859525061,0.0,0.4601461859525061,0.38362480130375803,0.3980997829970434,1.1820649972604844,0.5768471582898737,0.0,7.997198581695557,38.12884509563446,0.02933342456817628
1.392000000000001,-0.13645518773946272,0.08374353023159437,-0.12343493836910265,0.4645218586507646,0.0,0.4645218586507646,0.38383667503133667,0.39830061947479595,1.183083376304838,0.5768464816238983,0.0,7.997198581695557,38.12884509563446,0.02933342456817628
1.402000000000001,-0.13537705230791255,0.12374471561781594,-0.12768815807060493,0.46682897145397834,0.0,0.46682897145397834,0.38405652740754975,0.3984974712285514,1.1832942573983691,0.5768458002535335,0.0,7.8249852657318115,42.23491728305817,0.039234530925750744
1.412000000000001,-0.13391939878026593,0.15879394044355957,-0.13166545594206175,0.4675775195855507,0.0,0.4675775195855507,0.3842834093049607,0.39869041731777904,1.1834457335750677,0.5768451169265353,0.0,7.8249852657318115,42.23491728305817,0.039234530925750744
1.422000000000001,-0.13218527868281363,0.18161597874446395,-0.13553620183028864,0.46696130599693253,0.0,0.46696130599693253,0.3845163566470222,0.3988795352333576,1.1838086773427798,0.5768444336299394,0.0,7.8249852657318115,42.23491728305817,0.039234530925750744
1.432000000000001,-0.1302896602167687,0.193472819639013,-0.13927944270543366,0.4646833380238412,0.0,0.4646833380238412,0.38475441103748315,0.39906490092869756,1.1839352773363045,0.5768437525640896,0.0,7.8249852657318115,42.23491728305817,0.039234530925750744
1.442000000000001,-0.12833569189940047,0.1952740170409748,-0.14287422936919744,0.4612219859805062,0.0,0.4612219859805062,0.38499664247866544,0.39924658885024494,1.184424496891445,0.5768430759835566,0.0,7.8249852657318115,42.23491728305817,0.039234530925750744
1.452000000000001,-0.126419153797194,0.1883042946125243,-0.14629169399648606,0.45601938563871136,0.0,0.45601938563871136,0.3852421685326807,0.39942467196738096,1.184386538756894,0.5768424062112267,0.0,6.794457316398621,47.34100103378296,0.15051574409008026
1.462000000000001,-0.1246167031725422,0.1738639099196687,-0.1494717295241887,0.4494910685736382,0.0,0.4494910685736382,0.38549017022192467,0.3995992218017276,1.1842576116998804,0.5768417449234554,0.0,6.794457316398621,47.34100103378296,0.15051574409008026
1.472000000000001,-0.1230001923820116,0.15255067044310142,-0.15240579270263643,0.4415018974341108,0.0,0.4415018974341108,0.385739903759471,0.39977030845587214,1.183668364764231,0.5768410946475646,0.0,6.794457316398621,47.34100103378296,0.15051574409008026
1.482000000000001,-0.12164031268382111,0.1240870589283051,-0.15508806424504099,0.43285591170368726,0.0,0.43285591170368726,0.385990710202999,0.3999380006415218,1.18353838749287,0.5768404565344828,0.0,6.794457316398621,47.34100103378296,0.15051574409008026
1.492000000000001,-0.12060643521863881,0.08885271155469748,-0.15751419482088558,0.42335854125432393,0.0,0.42335854125432393,0.38624202407310404,0.4001023657070996,1.183362543679278,0.5768398316327951,0.0,6.794457316398621,47.34100103378296,0.15051574409008026
1.5020000000000011,-0.11995898651849045,0.04712915314435823,-0.15970790489394182,0.4132238979633974,0.0,0.4132238979633974,0.3864933808967292,0.400263469664793,1.1831878804400628,0.5768392214747189,0.0,5.834952473640442,48.573325872421265,0.0946638286113739
1.5120000000000011,-0.11978253704975304,-0.0021487206652934937,-0.1617481743287953,0.403109456165579,0.0,0.403109456165579,0.3867444234748625,0.40042137721706517,1.18367656155003,0.5768386261908455,0.0,5.834952473640442,48.573325872421265,0.0946638286113739
1.5220000000000011,-0.12010618194912683,-0.05262010261079873,-0.1634844149095256,0.39249407894740174,0.0,0.39249407894740174,0.38699490953902665,0.40057615178264144,1.1838204554982474,0.5768380462059123,0.0,5.834952473640442,48.573325872421265,0.0946638286113739
1.5320000000000011,-0.12094041129951875,-0.1040101783835682,-0.1649227548280298,0.3816509928938269,0.0,0.3816509928938269,0.38724471094699636,0.400727855521979,1.183711522194129,0.5768374819598534,0.0,5.834952473640442,48.573325872421265,0.0946638286113739
1.5420000000000011,-0.12229274964518655,-0.15620099906665882,-0.16607910889558222,0.37123872726961504,0.0,0.37123872726961504,0.3874938082148627,0.4008765493622316,1.183983123201485,0.5768369331993352,0.0,5.834952473640442,48.573325872421265,0.0946638286113739
1.5520000000000012,-0.12417009974599333,-0.2081251121282266,-0.1669580148865829,0.3611095634588094,0.0,0.3611095634588094,0.3877422848259533,0.4010222930217197,1.184143948891628,0.5768363991162357,0.0,5.2276803851127625,49.73245859146118,0.08955219984054566
1.5620000000000012,-0.12653812784420146,-0.25566166129124,-0.16749241343624838,0.35096957239474064,0.0,0.35096957239474064,0.3879903206667005,0.4011651450339141,1.183505753892223,0.5768358801880558,0.0,5.2276803851127625,49.73245859146118,0.08955219984054566
1.5720000000000012,-0.12937133983476404,-0.301523000354961,-0.16777881751879134,0.3418782710840926,0.0,0.3418782710840926,0.38823817979164504,0.40130516277094397,1.1832963312861349,0.5768353751669185,0.0,5.2276803851127625,49.73245859146118,0.08955219984054566
1.5820000000000012,-0.13264142602063683,-0.34357477166899575,-0.1678349111893313,0.3329298774183591,0.0,0.3329298774183591,0.38848619912468163,0.4014424024666389,1.1820178970085145,0.5768348836677002,0.0,5.2276803851127625,49.73245859146118,0.08955219984054566
1.5920000000000012,-0.1363147787355337,-0.38275523420309643,-0.16771154468311206,0.3259424321096914,0.0,0.3259424321096914,0.38873477777525955,0.40157691923911343,1.1820144275079796,0.5768344031978968,0.0,5.2276803851127625,49.73245859146118,0.08955219984054566
1.6020000000000012,-0.14035760048182203,-0.41777141487941916,-0.16744036459962272,0.31991167691612715,0.0,0.31991167691612715,0.38898436602314185,0.40170876711290326,1.1817044806895696,0.5768339319603534,0.0,5.351051568984985,49.95452404022217,0.061366581916809076
1.6120000000000012,-0.1447141436797437,-0.44694833936125844,-0.1670371431169663,0.31526562469708946,0.0,0.31526562469708946,0.38923545442112023,0.401725275157642,1.181478675306342,0.5768334685011015,0.0,5.351051568984985,49.95452404022217,0.061366581916809076
1.6220000000000012,-0.1493342952604576,-0.4714525363898683,-0.16657353042529077,0.312710780767442,0.0,0.312710780767442,0.38948856038213636,0.4017755192922712,1.1822455620518444,0.5768330100816501,0.0,5.351051568984985,49.95452404022217,0.061366581916809076
1.6320000000000012,-0.15416768924320642,-0.49038013343513526,-0.16608840655284704,0.31113876836400084,0.0,0.31113876836400084,0.38974421596793957,0.40186922226815036,1.182483412875143,0.5768325543937329,0.0,5.351051568984985,49.95452404022217,0.061366581916809076
1.6420000000000012,-0.15915307087777988,-0.5030297762886318,-0.16561745189003288,0.3114690108910223,0.0,0.3114690108910223,0.3900029563983932,0.401995270663144,1.1834380508908817,0.5768320992282012,0.0,5.351051568984985,49.95452404022217,0.061366581916809076
1.6520000000000012,-0.16422876404332168,-0.5106868581915736,-0.16524635065578197,0.31293051796510973,0.0,0.31293051796510973,0.3902653075783232,0.40211881817747125,1.1839841358155814,0.5768316423811951,0.0,6.047587871551514,48.39955270290375,0.0039226770401000755
1.6620000000000013,-0.16936651312310336,-0.5141604282988101,-0.16512973540683276,0.31518573632058505,0.0,0.31518573632058505,0.3905317751338357,0.40223991443020185,1.1837118676215712,0.5768311830634374,0.0,6.047587871551514,48.39955270290375,0.0039226770401000755
1.6720000000000013,-0.17447253752876254,-0.5069441317208595,-0.16508802340910253,0.3192919565527069,0.0,0.3192919565527069,0.39080283743882127,0.40235860805593154,1.1841972941944612,0.5768307187009547,0.0,6.047587871551514,48.39955270290375,0.0039226770401000755
1.6820000000000013,-0.179444096865507,-0.4894097688209098,-0.1651328697417247,0.3237270522567198,0.0,0.3237270522567198,0.391078930358644,0.40245261672635824,1.1834277269470206,0.576830248238376,0.0,6.047587871551514,48.39955270290375,0.0039226770401000755
1.6920000000000013,-0.18418113491996085,-0.4620767315816835,-0.16527321969679107,0.32876749887849344,0.0,0.32876749887849344,0.39136042965407947,0.40233489127722094,1.1817894797633006,0.5768297707870699,0.0,6.047587871551514,48.39955270290375,0.0039226770401000755
1.7020000000000013,-0.188621874731444,-0.4369249603660428,-0.16577882412406877,0.3367683076487406,0.0,0.3367683076487406,0.3916476354956366,0.40192964480621773,1.1825581520509123,0.5768292831354982,0.0,7.471933841705322,37.4906188249588,0.000345379114151001
1.7120000000000013,-0.1929531066460377,-0.4273577940853382,-0.16732077007817645,0.34468781612209215,0.0,0.34468781612209215,0.39194077060311483,0.40148144454039764,1.1820774319293679,0.576828783587384,0.0,7.471933841705322,37.4906188249588,0.000345379114151001
1.7220000000000013,-0.1970675294503568,-0.3986159170186153,-0.16896018472018143,0.3530140006131269,0.0,0.3530140006131269,0.392240009095403,0.4013944584996233,1.1816050738210941,0.5768282720556418,0.0,7.471933841705322,37.4906188249588,0.000345379114151001
1.7320000000000013,-0.20081261684690493,-0.3569468497045033,-0.17069825342080797,0.36150219530385497,0.0,0.36150219530385497,0.3925454658928989,0.4015299265110262,1.1810579615089936,0.5768277482222368,0.0,7.471933841705322,37.4906188249588,0.000345379114151001
1.7420000000000013,-0.20408758145671102,-0.3070072747422261,-0.17253836890943614,0.370633427268708,0.0,0.370633427268708,0.39285717136203646,0.40166270675055654,1.1810755976695961,0.5768272115724624,0.0,7.471933841705322,37.4906188249588,0.000345379114151001
1.7520000000000013,-0.2068241286133993,-0.24935200854639578,-0.1744194455259733,0.3790118775737035,0.0,0.3790118775737035,0.3931750572437361,0.4017928525453251,1.179942632919725,0.5768266622791904,0.0,7.933481812477112,39.020949602127075,0.004347896575927712
1.7620000000000013,-0.20891826991240012,-0.1831559069602885,-0.17616822859398143,0.3880253226653351,0.0,0.3880253226653351,0.3934989484437821,0.40192041616439855,1.1798425946231466,0.5768261004203648,0.0,7.933481812477112,39.020949602127075,0.004347896575927712
1.7720000000000014,-0.21036518166849824,-0.11942242425228142,-0.1780124395085402,0.3967098995660347,0.0,0.3967098995660347,0.39382855336603956,0.4020454488397921,1.179666199989165,0.576825525628415,0.0,7.933481812477112,39.020949602127075,0.004347896575927712
1.7820000000000014,-0.21118928119932112,-0.05811408835812307,-0.17994369323407652,0.4050007272816402,0.0,0.4050007272816402,0.39416346919299583,0.4021680007870448,1.179564400595988,0.5768249384699479,0.0,7.933481812477112,39.020949602127075,0.004347896575927712
1.7920000000000014,-0.21141378192928692,0.0009049880971782193,-0.1819460443742212,0.41212971714100544,0.0,0.41212971714100544,0.39450319430629055,0.40228812122538754,1.1786917784552495,0.5768243402396387,0.0,7.933481812477112,39.020949602127075,0.004347896575927712
1.8020000000000014,-0.21106492021381223,0.059617720801787275,-0.1839054495569203,0.41947769687325054,0.0,0.41947769687325054,0.39484714011920113,0.40240585839751003,1.1791941033031597,0.5768237309903942,0.0,7.794596433639526,44.08275008201599,0.00957013964653014
1.8120000000000014,-0.21007057638813062,0.12424393307564063,-0.18547785006937384,0.4259152351055968,0.0,0.4259152351055968,0.3951946400831948,0.4025212595889364,1.1796423333440336,0.5768231119362551,0.0,7.794596433639526,44.08275008201599,0.00957013964653014
1.8220000000000014,-0.20849929139620257,0.17770410278866505,-0.18709664612653668,0.43123511605831866,0.0,0.43123511605831866,0.39554494715758537,0.4026343711470158,1.1798880911726202,0.5768224845471811,0.0,7.794596433639526,44.08275008201599,0.00957013964653014
1.8320000000000014,-0.2064490798094375,0.22206813355789062,-0.18874315703437256,0.43529524122787294,0.0,0.43529524122787294,0.3958972499599227,0.4027452384995361,1.179871774712982,0.5768218504259307,0.0,7.794596433639526,44.08275008201599,0.00957013964653014
1.8420000000000014,-0.2040087378976959,0.25760462645570614,-0.19040499578769207,0.43882521260186996,0.0,0.43882521260186996,0.3962506968752203,0.40285201404616283,1.1807236041658056,0.5768212106433245,0.0,7.794596433639526,44.08275008201599,0.00957013964653014
1.8520000000000014,-0.20125905906302768,0.28577646264393897,-0.19204747855875384,0.440754813382871,0.0,0.440754813382871,0.3966044168169943,0.40287333680554005,1.1809454429666886,0.576820567270924,0.0,7.341345727443695,45.31240522861481,0.021802300214767478
1.8620000000000014,-0.198261497958144,0.3079729262460732,-0.19361004149071812,0.44113942531129025,0.0,0.44113942531129025,0.3969575368043828,0.4029320517203152,1.1807713076532298,0.5768199225418776,0.0,7.341345727443695,45.31240522861481,0.021802300214767478
1.8720000000000014,-0.19509023557086203,0.32232320093775474,-0.19511939187381722,0.43997529799902046,0.0,0.43997529799902046,0.3973091955709561,0.4030146887526978,1.180177543178249,0.5768192782913711,0.0,7.341345727443695,45.31240522861481,0.021802300214767478
1.8820000000000014,-0.19182059567410673,0.32911407914077134,-0.19655443896308944,0.4379867301850594,0.0,0.4379867301850594,0.39765855760434854,0.40299158953468833,1.1800431310932826,0.5768186364966581,0.0,7.341345727443695,45.31240522861481,0.021802300214767478
1.8920000000000015,-0.18853075944487802,0.3278573814174653,-0.1979027854931773,0.4349729556772587,0.0,0.4349729556772587,0.3980048269651922,0.40309536944623436,1.1802821540651074,0.5768179984339361,0.0,7.341345727443695,45.31240522861481,0.021802300214767478
1.9020000000000015,-0.1852858974167051,0.32260732945170695,-0.19907272441450383,0.4300927271880172,0.0,0.4300927271880172,0.39834726036976553,0.4031970902980489,1.179494807001008,0.5768173670506488,0.0,7.050213098526001,47.800949811935425,0.08903853893280028
1.9120000000000015,-0.182093769680259,0.31572491225062366,-0.19988161803351245,0.4241818012751341,0.0,0.4241818012751341,0.39868517592873287,0.40329679294319215,1.1787199375830695,0.5768167429305502,0.0,7.050213098526001,47.800949811935425,0.08903853893280028
1.9220000000000015,-0.17902739777057458,0.29949112153695434,-0.2005506323316859,0.41760583448891553,0.0,0.41760583448891553,0.3990179538537758,0.4033945174241736,1.1783190322647188,0.5768161282390373,0.0,7.050213098526001,47.800949811935425,0.08903853893280028
1.9320000000000015,-0.17617450063701154,0.27476366176665507,-0.20107756911463848,0.4107994689527371,0.0,0.4107994689527371,0.39934504559600986,0.40349030298903377,1.1787388170525224,0.5768155235526358,0.0,7.050213098526001,47.800949811935425,0.08903853893280028
1.9420000000000015,-0.17360916868000253,0.24360719914576268,-0.20145067405308395,0.4024660797111687,0.0,0.4024660797111687,0.3996659864276062,0.4035841881071068,1.1779784630173726,0.5768149302468412,0.0,7.050213098526001,47.800949811935425,0.08903853893280028
1.9520000000000015,-0.17138678129163168,0.20791206405053353,-0.2016434172976729,0.39383002515130594,0.0,0.39383002515130594,0.3999804045545946,0.40367621048447083,1.1775509375121975,0.5768143492299949,0.0,6.377726674079895,48.557751178741455,0.12424748539924621
1.9620000000000015,-0.1695318293141171,0.16984969814106246,-0.20158659156646663,0.385285280778763,0.0,0.385285280778763,0.400288025589231,0.4037664070790913,1.1777862578155043,0.5768137809010634,0.0,6.377726674079895,48.557751178741455,0.12424748539924621
1.9720000000000015,-0.16809060379095211,0.12650192819087855,-0.20137011734176682,0.3767017955459705,0.0,0.3767017955459705,0.40058867218905864,0.4038548141156641,1.1782698612943439,0.5768132248248287,0.0,6.377726674079895,48.557751178741455,0.12424748539924621
1.9820000000000015,-0.16709660830016593,0.08122561391862197,-0.20098147218253098,0.3672295986524248,0.0,0.3672295986524248,0.40088226584370307,0.4039414671001639,1.1775781961144238,0.5768126823989785,0.0,6.377726674079895,48.557751178741455,0.12424748539924621
1.9920000000000015,-0.16656606008940392,0.03399346180097784,-0.2004359512535764,0.3588551499665261,0.0,0.3588551499665261,0.4011688267970091,0.40402640083410407,1.1782632290540223,0.576812152963973,0.0,6.377726674079895,48.557751178741455,0.12424748539924621
2.002000000000001,-0.16651782849902713,-0.01400244133080539,-0.19972861838687173,0.35078699604701774,0.0,0.35078699604701774,0.401448470922424,0.40410964942851396,1.1789862838775216,0.5768116352653967,0.0,5.579501569271088,48.733510971069336,0.06015393733978272
2.012,-0.1669283816853357,-0.05903414776740326,-0.19878027910597854,0.34298176547290005,0.0,0.34298176547290005,0.40172140585420857,0.4041912463176381,1.1794538469257583,0.576811128991264,0.0,5.579501569271088,48.733510971069336,0.06015393733978272
2.021999999999999,-0.1677838185098796,-0.10294859466891963,-0.197699144870852,0.33534378211935634,0.0,0.33534378211935634,0.40198792128069966,0.4042712242723644,1.179317561211436,0.5768106342403069,0.0,5.579501569271088,48.733510971069336,0.06015393733978272
2.031999999999998,-0.16906792831792125,-0.14508849277511154,-0.1965097337488136,0.3288498367500692,0.0,0.3288498367500692,0.40224837989584805,0.40434961541338527,1.1797560566791068,0.5768101497667043,0.0,5.579501569271088,48.733510971069336,0.06015393733978272
2.0419999999999967,-0.17075584865689958,-0.18402172892265653,-0.19523077531139327,0.3225376422993753,0.0,0.3225376422993753,0.40250320901190495,0.40442645122409815,1.179253056442293,0.5768096746310515,0.0,5.579501569271088,48.733510971069336,0.06015393733978272
2.0519999999999956,-0.1728068101574029,-0.21754801145959274,-0.19383903888400503,0.3178072717071427,0.0,0.3178072717071427,0.4027528908245291,0.40450176256325,1.179625582978961,0.5768092073336774,0.0,5.405428886413574,49.875529408454895,0.08587975502014158
2.0619999999999945,-0.17512709946895627,-0.24158366427034042,-0.19221221216952344,0.31375255561214216,0.0,0.31375255561214216,0.4029979494602036,0.4045755796773301,1.1794716857150116,0.576808746709088,0.0,5.405428886413574,49.875529408454895,0.08587975502014158
2.0719999999999934,-0.1776772181688618,-0.263324299080523,-0.19058280062102056,0.310304122275397,0.0,0.310304122275397,0.40323893187784,0.40464793221271833,1.1785978725063109,0.5768082909976948,0.0,5.405428886413574,49.875529408454895,0.08587975502014158
2.0819999999999923,-0.18041831713236503,-0.28092070305903527,-0.18897268907587572,0.3089315109102028,0.0,0.3089315109102028,0.40347639647840894,0.40471884922759127,1.1790082129929575,0.5768078388093851,0.0,5.405428886413574,49.875529408454895,0.08587975502014158
2.091999999999991,-0.1833163947439758,-0.2949932218765459,-0.18742906921579386,0.30895842130812395,0.0,0.30895842130812395,0.40371090480980293,0.40478835920359296,1.1797299538564836,0.5768073870392955,0.0,5.405428886413574,49.875529408454895,0.08587975502014158
2.10199999999999,-0.18632662772843236,-0.30519940008927043,-0.18601070307417947,0.30992589876145943,0.0,0.30992589876145943,0.403943013686371,0.40485649005727337,1.1801243906377257,0.5768069344288389,0.0,5.895554006099701,49.290205240249634,0.0010634779930114857
2.111999999999989,-0.18943457772273317,-0.31316862072708773,-0.1848545020826312,0.3120507662847405,0.0,0.3120507662847405,0.4041732673574335,0.40492326915130006,1.180544739722087,0.5768064793373568,0.0,5.895554006099701,49.290205240249634,0.0010634779930114857
2.121999999999988,-0.1925633064332191,-0.31160387247202315,-0.18379544801571787,0.3149169975412164,0.0,0.3149169975412164,0.4044021928187487,0.4049887233054481,1.1804841636190182,0.5768060207731391,0.0,5.895554006099701,49.290205240249634,0.0010634779930114857
2.131999999999987,-0.1956284496334336,-0.3018681144441402,-0.18285172338535388,0.31850088907801777,0.0,0.31850088907801777,0.4046302870647028,0.40505287880737095,1.1800057074869823,0.5768055571745048,0.0,5.895554006099701,49.290205240249634,0.0010634779930114857
2.1419999999999857,-0.19854533704241425,-0.2839218469826701,-0.18202479714777006,0.32268991198306707,0.0,0.32268991198306707,0.4048580019726588,0.40482399473278613,1.1788473675477649,0.5768050881122199,0.0,5.895554006099701,49.290205240249634,0.0010634779930114857
2.1519999999999846,-0.20125757841966105,-0.2648095497396075,-0.18146150817553194,0.3286899377510025,0.0,0.3286899377510025,0.4050857308954722,0.4046177316833183,1.179052877181655,0.5768046110346641,0.0,6.867408931255341,45.59095084667206,3.0076503753639905e-05
2.1619999999999835,-0.2038348768903309,-0.25110088086993493,-0.1814922492460591,0.3349960212975346,0.0,0.3349960212975346,0.4053138037441657,0.4041734855447658,1.1785576657321055,0.576804124755939,0.0,6.867408931255341,45.59095084667206,3.0076503753639905e-05
2.1719999999999824,-0.20620072855412913,-0.22588374446638446,-0.181643467995658,0.3425746417454389,0.0,0.3425746417454389,0.40554249828181266,0.4038891892443116,1.1791274648401484,0.5768036285948516,0.0,6.867408931255341,45.59095084667206,3.0076503753639905e-05
2.1819999999999813,-0.20826826783295255,-0.19321169790865925,-0.18192471111573874,0.350068552051942,0.0,0.350068552051942,0.40577203235113624,0.40374988267859807,1.1792402322994093,0.5768031214471502,0.0,6.867408931255341,45.59095084667206,3.0076503753639905e-05
2.19199999999998,-0.20997615047097795,-0.15551194712891142,-0.18233759874302344,0.3581484136659945,0.0,0.3581484136659945,0.40600255067919994,0.4034921406049521,1.1797404041208417,0.5768026028382487,0.0,6.867408931255341,45.59095084667206,3.0076503753639905e-05
2.201999999999979,-0.2112907778294303,-0.11552483851998574,-0.18291563264318078,0.365377045110242,0.0,0.365377045110242,0.4062341179291946,0.40349260932786557,1.1791312370338956,0.5768020724967771,0.0,7.574518501758575,43.70428144931793,0.00047146081924437366
2.211999999999978,-0.21220875916987894,-0.07554621179585527,-0.1837368502630538,0.3734469474511224,0.0,0.3734469474511224,0.40646671757956465,0.4033063583306642,1.1796489043839928,0.5768015314306509,0.0,7.574518501758575,43.70428144931793,0.00047146081924437366
2.221999999999977,-0.21270540748648462,-0.032003697750489835,-0.18465360901311983,0.3802488902348695,0.0,0.3802488902348695,0.40670025567690254,0.403273293253249,1.1787609784549107,0.5768009796986965,0.0,7.574518501758575,43.70428144931793,0.00047146081924437366
2.231999999999976,-0.21275511328271682,0.01298115341966501,-0.1856560598093491,0.3871743175300277,0.0,0.3871743175300277,0.4069345618928426,0.40320980938167333,1.1785742649286766,0.5768004179454473,0.0,7.574518501758575,43.70428144931793,0.00047146081924437366
2.2419999999999747,-0.21235958598620763,0.05724777868849982,-0.18674020557767163,0.39343821972308946,0.0,0.39343821972308946,0.4071693903235392,0.40312754348874147,1.1781017986265128,0.5767998463044143,0.0,7.574518501758575,43.70428144931793,0.00047146081924437366
2.2519999999999736,-0.21152470563510659,0.10140557975176759,-0.18785398141333837,0.39922136956401455,0.0,0.39922136956401455,0.4074044246674569,0.40313423242603447,1.1778883453071545,0.5767992661481091,0.0,7.049025177955627,45.65696716308594,0.0026206791400909535
2.2619999999999725,-0.210246691411494,0.1444919056129432,-0.1889035248807043,0.40505540985364397,0.0,0.40505540985364397,0.4076392840451837,0.40292065350010353,1.178605716845231,0.5767986769430536,0.0,7.049025177955627,45.65696716308594,0.0026206791400909535
2.2719999999999714,-0.20857549505873424,0.1813968660416363,-0.19001221267192842,0.4101335336395722,0.0,0.4101335336395722,0.4078735285077222,0.4027719856677571,1.1794080188400446,0.5767980799926887,0.0,7.049025177955627,45.65696716308594,0.0026206791400909535
2.2819999999999703,-0.20656564930195448,0.21348108961361228,-0.19115415047861542,0.41344752483482067,0.0,0.41344752483482067,0.4081066719403839,0.4026072740307744,1.179036552179898,0.576797477297866,0.0,7.049025177955627,45.65696716308594,0.0026206791400909535
2.291999999999969,-0.20426627811668496,0.24021382531011579,-0.19231334137572292,0.41637060169462276,0.0,0.41637060169462276,0.4083381961563829,0.402264738464089,1.1792459589828896,0.5767968701108304,0.0,7.049025177955627,45.65696716308594,0.0026206791400909535
2.301999999999968,-0.20173377666276288,0.2612441866214009,-0.19346749715189565,0.41864321906661645,0.0,0.41864321906661645,0.4085675633441994,0.40168030067426486,1.179724788930926,0.5767962595061267,0.0,6.5923755168914795,46.510944962501526,0.013234770298004128
2.311999999999967,-0.19902111565451064,0.27729216751010793,-0.19457083779543283,0.41895461343387924,0.0,0.41895461343387924,0.4087942286814418,0.4013689017464813,1.179087845983451,0.5767956470057904,0.0,6.5923755168914795,46.510944962501526,0.013234770298004128
2.321999999999966,-0.1961852154082736,0.28696642272752165,-0.19563883128813525,0.41886885716837813,0.0,0.41886885716837813,0.40901765172814175,0.400978496249543,1.1792815055579806,0.5767950342670597,0.0,6.5923755168914795,46.510944962501526,0.013234770298004128
2.3319999999999648,-0.19328829354034952,0.29070864237864397,-0.19665082673875023,0.4173550991721423,0.0,0.4173550991721423,0.40923730774825945,0.4009015840009504,1.1791735197825362,0.5767944229978414,0.0,6.5923755168914795,46.510944962501526,0.013234770298004128
2.3419999999999637,-0.1903910011564589,0.2882840180903044,-0.19759268499170865,0.4152414198509344,0.0,0.4152414198509344,0.40945269912939275,0.4009555024171224,1.179797122150196,0.576793814456966,0.0,6.5923755168914795,46.510944962501526,0.013234770298004128
2.3519999999999626,-0.18754691203485704,0.2827072779447296,-0.19838066563504778,0.4114363519005179,0.0,0.4114363519005179,0.4096633658116362,0.4008158282658877,1.1791952596725812,0.5767932104717072,0.0,6.883121311664581,48.45365285873413,0.07801546454429625
2.3619999999999615,-0.18474143166203075,0.27798338433514713,-0.19881674705832553,0.4067656304930989,0.0,0.4067656304930989,0.4098688920988605,0.4008080280455827,1.1785749284481224,0.5767926127248862,0.0,6.883121311664581,48.45365285873413,0.07801546454429625
2.3719999999999604,-0.18203032202588457,0.26563737327361775,-0.19913692640961994,0.40083454172517785,0.0,0.40083454172517785,0.4100689044232338,0.400948246304758,1.1774880634578326,0.5767920232018743,0.0,6.883121311664581,48.45365285873413,0.07801546454429625
2.3819999999999593,-0.1794820893144541,0.24684972339347244,-0.19933433253246532,0.39441984961489884,0.0,0.39441984961489884,0.41026307795605205,0.40109256745111205,1.1766639480968326,0.5767914427933856,0.0,6.883121311664581,48.45365285873413,0.07801546454429625
2.391999999999958,-0.17715837999596537,0.22211082617740185,-0.19940910453724592,0.38767349822215574,0.0,0.38767349822215574,0.41045114693791096,0.4012340251737415,1.1761603048147025,0.5767908718361796,0.0,6.883121311664581,48.45365285873413,0.07801546454429625
2.401999999999957,-0.17511236333506372,0.19246745042010832,-0.19935197143021172,0.38120092327617583,0.0,0.38120092327617583,0.41063291287229575,0.401372676284802,1.1766603131344766,0.5767903106796899,0.0,6.206233978271484,48.678447008132935,0.12168930172920225
2.411999999999956,-0.1733837194660976,0.1593712240537321,-0.19913270241725128,0.3742279086922049,0.0,0.3742279086922049,0.41080825045216735,0.40150857646925975,1.1768976940790885,0.5767897593199931,0.0,6.206233978271484,48.678447008132935,0.12168930172920225
2.421999999999955,-0.17200430190135652,0.12342629652809747,-0.19877626184293412,0.3666040020419695,0.0,0.3666040020419695,0.41097711057071934,0.40164178030725545,1.1764724514482028,0.5767892186970653,0.0,6.206233978271484,48.678447008132935,0.12168930172920225
2.4319999999999538,-0.17099906269676127,0.08492312392487772,-0.19829170109066843,0.3599122738750006,0.0,0.3599122738750006,0.4111395213739679,0.4017723412960253,1.1774110324664016,0.5767886885394745,0.0,6.206233978271484,48.678447008132935,0.12168930172920225
2.4419999999999527,-0.17038905434799645,0.045252267629301714,-0.1976830991847654,0.3521686943747498,0.0,0.3521686943747498,0.4112955880388095,0.40190031187138586,1.176742696845452,0.5767881689016001,0.0,6.206233978271484,48.678447008132935,0.12168930172920225
2.4519999999999516,-0.17016415134331508,0.008204622745214057,-0.19690263137569228,0.34449695602430835,0.0,0.34449695602430835,0.4114454909786219,0.4020257434287938,1.17585712797792,0.5767876610617189,0.0,5.432454973459244,49.033013582229614,0.04894963502883909
2.4619999999999505,-0.17028974180171355,-0.026832205938335248,-0.19588576562581286,0.3388740660965167,0.0,0.3388740660965167,0.41158947862032347,0.402148686343987,1.1773340163849475,0.5767871622132861,0.0,5.432454973459244,49.033013582229614,0.04894963502883909
2.4719999999999493,-0.1707753115882489,-0.06293363772680262,-0.1947794482499954,0.33286260028146064,0.0,0.33286260028146064,0.41172785747810164,0.4022691899932165,1.1775785042690745,0.5767866720655843,0.0,5.432454973459244,49.033013582229614,0.04894963502883909
2.4819999999999482,-0.1716118050351753,-0.09707286266690875,-0.1935831341058776,0.3266359982458874,0.0,0.3266359982458874,0.41186098827468576,0.4023873027730771,1.1766773421714913,0.5767861909125132,0.0,5.432454973459244,49.033013582229614,0.04894963502883909
2.491999999999947,-0.1727734289080619,-0.12876935910463594,-0.19231613307381434,0.32202245111922145,0.0,0.32202245111922145,0.4119892803578171,0.4025030721199442,1.17705537951508,0.5767857177725657,0.0,5.432454973459244,49.033013582229614,0.04894963502883909
2.501999999999946,-0.17423951354124037,-0.15759489513860825,-0.1909874031616671,0.3183552933392534,0.0,0.3183552933392534,0.4121131835036134,0.40261654452902507,1.1776607347697943,0.5767852505283256,0.0,5.419908344745636,49.77596402168274,0.06238855719566344
2.511999999999945,-0.17595536892144342,-0.1805717106378752,-0.18953685040339724,0.31497651741196453,0.0,0.31497651741196453,0.4122331798158876,0.40272776557303264,1.1774647038092452,0.576784788225974,0.0,5.419908344745636,49.77596402168274,0.06238855719566344
2.521999999999944,-0.1778861584033538,-0.20111710473233696,-0.18809441554342002,0.31314185773627673,0.0,0.31314185773627673,0.41234977170724224,0.40283677992048783,1.1781474960000349,0.5767843296307217,0.0,5.419908344745636,49.77596402168274,0.06238855719566344
2.5319999999999427,-0.18000522469061825,-0.21862138292123293,-0.18668845415606658,0.3121105096990934,0.0,0.3121105096990934,0.41246347282744406,0.40294363135365974,1.178623025086827,0.5767838728842617,0.0,5.419908344745636,49.77596402168274,0.06238855719566344
2.5419999999999416,-0.1822727835999923,-0.23160629080513634,-0.18533309065480297,0.31195022950584883,0.0,0.31195022950584883,0.41257480135528185,0.4030483627861492,1.1789627330860661,0.5767834169682088,0.0,5.419908344745636,49.77596402168274,0.06238855719566344
2.5519999999999405,-0.18464054840025873,-0.24039234327739292,-0.18407298092147967,0.3128015809428455,0.0,0.3128015809428455,0.41268427152871123,0.4031510162801239,1.1793681290210554,0.5767829607498491,0.0,5.857682406902313,49.43550229072571,0.0008574306964874157
2.5619999999999394,-0.18709357111043864,-0.24764255436482657,-0.1830217365239177,0.3147105579842112,0.0,0.3147105579842112,0.4127923849500665,0.40325163306321127,1.17994204520203,0.57678250186005,0.0,5.857682406902313,49.43550229072571,0.0008574306964874157
2.5719999999999383,-0.18957445054009955,-0.24742410694665357,-0.1820606777544783,0.3170441144919621,0.0,0.3170441144919621,0.4128996263260749,0.40335025354505605,1.17985552686146,0.5767820397268442,0.0,5.857682406902313,49.43550229072571,0.0008574306964874157
2.5819999999999372,-0.19201272239733516,-0.24049480488061392,-0.18120114104738838,0.32031100467168533,0.0,0.32031100467168533,0.41300645390140883,0.4034469173335501,1.1798988755903228,0.5767815733007076,0.0,5.857682406902313,49.43550229072571,0.0008574306964874157
2.591999999999936,-0.19434254475356622,-0.22741144612074218,-0.18045135625042474,0.3244739163518644,0.0,0.3244739163518644,0.41311328717396645,0.40354166325073926,1.1801219678317778,0.5767811017200275,0.0,5.857682406902313,49.43550229072571,0.0008574306964874157
2.601999999999935,-0.19651854971752714,-0.21205283725192914,-0.17990273249015326,0.3288954519039669,0.0,0.3288954519039669,0.4132204966072303,0.4036073814744581,1.1797256822995732,0.5767806234834477,0.0,6.37458461523056,47.12485432624817,1.7523765563964844e-05
2.611999999999934,-0.19856699972385616,-0.1987443099062125,-0.1797673858804896,0.3343799550402169,0.0,0.3343799550402169,0.4133283990140922,0.40367970785845114,1.180053395028378,0.5767801379652875,0.0,6.37458461523056,47.12485432624817,1.7523765563964844e-05
2.621999999999933,-0.20042973987238216,-0.17718710494982626,-0.17974544514700053,0.34030114399835776,0.0,0.34030114399835776,0.41343726241494166,0.40364790932325756,1.1802763611403653,0.5767796442427497,0.0,6.37458461523056,47.12485432624817,1.7523765563964844e-05
2.6319999999999317,-0.20204515480888402,-0.1505166153777473,-0.179848175374716,0.34668974957074966,0.0,0.34668974957074966,0.4135473000729935,0.4037270650299539,1.1807158661635222,0.5767791411480488,0.0,6.37458461523056,47.12485432624817,1.7523765563964844e-05
2.6419999999999306,-0.2033662780312776,-0.11928051061594214,-0.18006664163587555,0.35276451888244437,0.0,0.35276451888244437,0.41365866188683575,0.40381625263791016,1.1804781593438602,0.57677862901079,0.0,6.37458461523056,47.12485432624817,1.7523765563964844e-05
2.6519999999999295,-0.20435876851292983,-0.0863407253332048,-0.18043531394460108,0.3590993494358468,0.0,0.3590993494358468,0.4137714293349156,0.4039036707067586,1.180477683948782,0.5767781076029288,0.0,7.135535657405853,45.39694845676422,0.00010963082313536487
2.6619999999999284,-0.20503530418659188,-0.054724474319110386,-0.1810467491806357,0.36568161343417904,0.0,0.36568161343417904,0.4138856141709241,0.40398935434528527,1.1808834335411822,0.5767775769275898,0.0,7.135535657405853,45.39694845676422,0.00010963082313536487
2.6719999999999273,-0.20537871502665375,-0.02048894953227999,-0.18175133164325827,0.37203679880004775,0.0,0.37203679880004775,0.41400116383926133,0.40407333796569567,1.1812087227523103,0.576777036754383,0.0,7.135535657405853,45.39694845676422,0.00010963082313536487
2.681999999999926,-0.20537588861174136,0.014103818261278732,-0.18254768771099802,0.3785919872532219,0.0,0.3785919872532219,0.4141179634749677,0.40403547277174545,1.1821373083419084,0.5767764869543125,0.0,7.135535657405853,45.39694845676422,0.00010963082313536487
2.691999999999925,-0.20502673134348096,0.048572210582930195,-0.18342169776768336,0.384398303824371,0.0,0.384398303824371,0.4142358376753199,0.4040054384621948,1.1825019938213046,0.5767759284752197,0.0,7.135535657405853,45.39694845676422,0.00010963082313536487
2.701999999999924,-0.2043369264772337,0.0828529945416808,-0.18434022406466774,0.3892955404748179,0.0,0.3892955404748179,0.4143545546801104,0.4040761479486978,1.1824202699891415,0.5767753621950199,0.0,6.659361302852631,46.627299189567566,0.0007393062114715576
2.711999999999923,-0.20329755450172998,0.11742062600649623,-0.18523033974364772,0.39364934961162334,0.0,0.39364934961162334,0.4144738309438454,0.4041584095285796,1.1824218197551613,0.5767747892590647,0.0,6.659361302852631,46.627299189567566,0.0007393062114715576
2.721999999999922,-0.20193599567923667,0.1483168962113806,-0.1861628329567695,0.3970451834781657,0.0,0.3970451834781657,0.4145933343714151,0.4042390389861743,1.1820161530643378,0.5767742105423177,0.0,6.659361302852631,46.627299189567566,0.0007393062114715576
2.7319999999999207,-0.2002843373761536,0.1757181629657577,-0.18711743971462239,0.4000491240872931,0.0,0.4000491240872931,0.4147126923183036,0.40431806870383064,1.1820957893706772,0.5767736275371712,0.0,6.659361302852631,46.627299189567566,0.0007393062114715576
2.7419999999999196,-0.19838651435348303,0.19847239676487344,-0.1880874496822959,0.40236705362852554,0.0,0.40236705362852554,0.41483150128353885,0.40439553042141074,1.182326803865473,0.5767730407091798,0.0,6.659361302852631,46.627299189567566,0.0007393062114715576
2.7519999999999185,-0.1962891465071523,0.2172545311460259,-0.1890392284097428,0.4034033918017619,0.0,0.4034033918017619,0.41494933774044923,0.4044714552490376,1.1819292621745503,0.5767724513024926,0.0,6.439230918884277,47.44076669216156,0.011317563056945812
2.7619999999999174,-0.1940148145794641,0.2331485461795407,-0.18990174073159852,0.40423551475339115,0.0,0.40423551475339115,0.41506576824944835,0.40454587367958955,1.182440450946966,0.5767718609314834,0.0,6.439230918884277,47.44076669216156,0.011317563056945812
2.7719999999999163,-0.19162059034540482,0.24290183355154138,-0.1907360399540966,0.40370232347010815,0.0,0.40370232347010815,0.41518035637588696,0.40461881560094676,1.1822396005040046,0.5767712703160378,0.0,6.439230918884277,47.44076669216156,0.011317563056945812
2.781999999999915,-0.189157862021944,0.24776127290719313,-0.1915172675897321,0.4022129671831075,0.0,0.4022129671831075,0.41529267331577974,0.4046903103079946,1.1818868925359824,0.5767706814393395,0.0,6.439230918884277,47.44076669216156,0.011317563056945812
2.791999999999914,-0.18667954112396593,0.2471485138054333,-0.19223763685787165,0.400234176795921,0.0,0.400234176795921,0.4154023081123174,0.40476038651438956,1.182000862730907,0.576770095043298,0.0,6.439230918884277,47.44076669216156,0.011317563056945812
2.801999999999913,-0.18423347575473883,0.24324468217251477,-0.192836096863,0.39740915810874167,0.0,0.39740915810874167,0.4155088769961221,0.4048290723640905,1.182024193059226,0.5767695125311368,0.0,6.760465979576111,48.81107687950134,0.07279488444328308
2.811999999999912,-0.18182472921475556,0.23803625500355155,-0.19318076729286202,0.39421061218095166,0.0,0.39421061218095166,0.41561203027431265,0.40488992862523954,1.1825209387251332,0.5767689344285716,0.0,6.760465979576111,48.81107687950134,0.07279488444328308
2.821999999999911,-0.17951736330587786,0.22486052529563544,-0.1934514976206409,0.39055951878515693,0.0,0.39055951878515693,0.4157114536983319,0.40495604427671994,1.183280147849304,0.5767683612716793,0.0,6.760465979576111,48.81107687950134,0.07279488444328308
2.8319999999999097,-0.1773756931314446,0.20630134193191063,-0.19363252449411492,0.38593906159316804,0.0,0.38593906159316804,0.4158068772916827,0.40502084815144546,1.18345977707882,0.5767677945337295,0.0,6.760465979576111,48.81107687950134,0.07279488444328308
2.8419999999999086,-0.1754490933848121,0.1828441446036558,-0.19372247254043526,0.38133821441843907,0.0,0.38133821441843907,0.41589808508367704,0.40506928147428073,1.1843138496297776,0.5767672345853835,0.0,6.760465979576111,48.81107687950134,0.07279488444328308
2.8519999999999075,-0.17378120130730004,0.15585440961315022,-0.1937100031165308,0.37579739133560913,0.0,0.37579739133560913,0.41598492144271765,0.4051283217250342,1.1843387666771719,0.576766682025266,0.0,6.153267204761505,49.00708198547363,0.11644703149795532
2.8619999999999064,-0.17239351900573688,0.12698817799257897,-0.1935634630579851,0.37019888176914334,0.0,0.37019888176914334,0.41606729525114794,0.4051042068448943,1.184590599055191,0.5767661375592825,0.0,6.153267204761505,49.00708198547363,0.11644703149795532
2.8719999999999053,-0.1713099101205787,0.09566162570592536,-0.19331044859384588,0.36458390324058776,0.0,0.36458390324058776,0.4161451803861893,0.40488262937518404,1.1848211620817788,0.5767656012984691,0.0,6.153267204761505,49.00708198547363,0.11644703149795532
2.881999999999904,-0.1705532047647691,0.062262689335430964,-0.19295863437802677,0.3590461523293466,0.0,0.3590461523293466,0.4162186158471375,0.40482459174712093,1.1853315318942472,0.5767650729862432,0.0,6.153267204761505,49.00708198547363,0.11644703149795532
2.891999999999903,-0.17013647405780935,0.028001943852350816,-0.19250945347099216,0.35347138637102943,0.0,0.35347138637102943,0.41628770561059475,0.4044726410224513,1.1853998959591319,0.576764552802,0.0,6.153267204761505,49.00708198547363,0.11644703149795532
2.901999999999902,-0.1700570398788677,-0.004601927624346821,-0.1919346469823812,0.3475306277582591,0.0,0.3475306277582591,0.416352616669761,0.40415821723165374,1.1846407862385384,0.576764041272575,0.0,5.537247538566589,49.34566259384155,0.049602895975112915
2.911999999999901,-0.17027644660791105,-0.03344270160892857,-0.19116301400672397,0.34167186869091387,0.0,0.34167186869091387,0.4164135735503419,0.4039724170495225,1.183752248575461,0.5767635382457796,0.0,5.537247538566589,49.34566259384155,0.049602895975112915
2.9219999999999,-0.17078572968273786,-0.06247558867564663,-0.19031052801251597,0.33688479406260863,0.0,0.33688479406260863,0.4164708481940958,0.4037546003112246,1.183685624075119,0.5767630427802448,0.0,5.537247538566589,49.34566259384155,0.049602895975112915
2.9319999999998987,-0.1715809528595144,-0.09095126946270532,-0.1893949192895024,0.33296054405686737,0.0,0.33296054405686737,0.4165247540115722,0.40339073059965974,1.1840965199419462,0.5767625539444464,0.0,5.537247538566589,49.34566259384155,0.049602895975112915
2.9419999999998976,-0.17265507457102885,-0.11826290445450288,-0.1884372640747594,0.3294990563079094,0.0,0.3294990563079094,0.4165756420945622,0.40290820171185976,1.1840746693228965,0.5767620705252906,0.0,5.537247538566589,49.34566259384155,0.049602895975112915
2.9519999999998965,-0.17399323409083006,-0.14363282541315414,-0.18745099499973622,0.32685159137959746,0.0,0.32685159137959746,0.41662389686202794,0.4025617332357837,1.1844265089730575,0.5767615912076006,0.0,5.7047669887542725,49.775046706199646,0.039936840534210205
2.9619999999998954,-0.1755617051281761,-0.16549310984818227,-0.1864257333345195,0.32510985487406163,0.0,0.32510985487406163,0.4166699302494186,0.40221732348952743,1.1851371113029892,0.5767611151765673,0.0,5.7047669887542725,49.775046706199646,0.039936840534210205
2.9719999999998943,-0.17733268695339097,-0.1843242432152017,-0.18541150319269722,0.3235383272884999,0.0,0.3235383272884999,0.41671417356296114,0.40180047652721884,1.184914370432089,0.5767606413806108,0.0,5.7047669887542725,49.775046706199646,0.039936840534210205
2.981999999999893,-0.1792660774573289,-0.19882296174388436,-0.18441542789891627,0.32279582819117947,0.0,0.32279582819117947,0.41675706984220884,0.40121818539240955,1.184511435515783,0.5767601693080973,0.0,5.7047669887542725,49.775046706199646,0.039936840534210205
2.991999999999892,-0.18132221423048886,-0.20949360301863681,-0.1834612857700423,0.32285907309685447,0.0,0.32285907309685447,0.41679906514900605,0.4008984346039134,1.1843719605464047,0.5767596972910645,0.0,5.7047669887542725,49.775046706199646,0.039936840534210205
3.001999999999891,-0.1834503340940717,-0.21468783969533137,-0.18255655740628762,0.32294609711683564,0.0,0.32294609711683564,0.4168405999646008,0.40052941926853214,1.183184525064691,0.5767592256168973,0.0,5.826813459396362,49.46325957775116,0.0008886516094207542
3.01199999999989,-0.18561237965619873,-0.21657863531215296,-0.18176371996936072,0.3242699628197919,0.0,0.3242699628197919,0.416882099826126,0.4000798376658321,1.1825352861617424,0.5767587525213804,0.0,5.826813459396362,49.46325957775116,0.0008886516094207542
3.0219999999998888,-0.1877680934563824,-0.21428476756539938,-0.1810535607876491,0.3270109236591742,0.0,0.3270109236591742,0.4169239680730078,0.39967817140138234,1.182863262986147,0.5767582759923742,0.0,5.826813459396362,49.46325957775116,0.0008886516094207542
3.0319999999998877,-0.18987462281786668,-0.2072897378600151,-0.18043251024014736,0.3296463974816384,0.0,0.3296463974816384,0.4169665793281977,0.39949703576802675,1.1822554015643867,0.576757795338196,0.0,5.826813459396362,49.46325957775116,0.0008886516094207542
3.0419999999998866,-0.1918819073551701,-0.19608201583316073,-0.17990948322131245,0.3339788877875085,0.0,0.3339788877875085,0.41701027245240224,0.39916615977118797,1.1830943700261418,0.5767573096991553,0.0,5.826813459396362,49.46325957775116,0.0008886516094207542
3.0519999999998855,-0.1937603037867549,-0.18339855554652326,-0.1795558859031987,0.3386059436284977,0.0,0.3386059436284977,0.417055343522749,0.398772485984035,1.183466864310046,0.5767568177390492,0.0,6.087942004203796,47.6558655500412,2.5963783264137952e-05
3.0619999999998844,-0.19553476754221896,-0.17244027622629796,-0.1795365806355851,0.3432441132407381,0.0,0.3432441132407381,0.4171020435683603,0.39835772034232636,1.183218950922062,0.5767563187548255,0.0,6.087942004203796,47.6558655500412,2.5963783264137952e-05
3.0719999999998833,-0.19715701596779162,-0.1546928970031316,-0.17961810872655687,0.3483078080912629,0.0,0.3483078080912629,0.41715058322485105,0.3976244953615886,1.1827398856616285,0.5767558125329391,0.0,6.087942004203796,47.6558655500412,2.5963783264137952e-05
3.081999999999882,-0.19856952395328914,-0.13152932220941066,-0.17979624194063124,0.3530653559490146,0.0,0.3530653559490146,0.41720112775189827,0.396874071863426,1.1813939806968814,0.5767552990930915,0.0,6.087942004203796,47.6558655500412,2.5963783264137952e-05
3.091999999999881,-0.1997290895839544,-0.1052837691221378,-0.18007706602000545,0.3589411726402717,0.0,0.3589411726402717,0.41725378873005897,0.3960893283494302,1.1813435330519466,0.5767547777351204,0.0,6.087942004203796,47.6558655500412,2.5963783264137952e-05
3.10199999999988,-0.2006238291151735,-0.07980494624757915,-0.1805110500990523,0.3657681431616171,0.0,0.3657681431616171,0.4173086194997556,0.39528274379456824,1.1825104033063194,0.5767542469095671,0.0,6.65279883146286,46.157254576683044,9.226799011230469e-05
3.111999999999879,-0.20128561228231687,-0.05667180268745242,-0.181182764366039,0.3721177731354372,0.0,0.3721177731354372,0.4173656172594776,0.39457015882812296,1.1831066237602081,0.5767537066931522,0.0,6.65279883146286,46.157254576683044,9.226799011230469e-05
3.1219999999998778,-0.2017028195584713,-0.031538367325013084,-0.18195029212153357,0.3784438481573309,0.0,0.3784438481573309,0.417424731052874,0.39412951185131645,1.1842048715513338,0.5767531571036765,0.0,6.65279883146286,46.157254576683044,9.226799011230469e-05
3.1319999999998767,-0.20185677660676837,-0.0044506394123225955,-0.1827939789197759,0.3836326465455486,0.0,0.3836326465455486,0.41748586384349406,0.3936285438677065,1.1839900729145454,0.57675259942986,0.0,6.65279883146286,46.157254576683044,9.226799011230469e-05
3.1419999999998756,-0.20173180738563934,0.023872830562971133,-0.1836972110145809,0.3880285667551976,0.0,0.3880285667551976,0.41754887207799035,0.3931089900165854,1.183033094101865,0.5767520347777619,0.0,6.65279883146286,46.157254576683044,9.226799011230469e-05
3.1519999999998745,-0.20132438545185471,0.052138943422777584,-0.184638773068796,0.3927659237730483,0.0,0.3927659237730483,0.41761356606823197,0.3927597864427235,1.183392406670309,0.5767514633924239,0.0,6.366601765155792,47.01799511909485,0.0004264712333679199
3.1619999999998734,-0.20062803345796465,0.08076333733164241,-0.1855585254418741,0.396571549149066,0.0,0.396571549149066,0.41767971226602235,0.3921089169451745,1.1828851108438643,0.57675088622301,0.0,6.366601765155792,47.01799511909485,0.0004264712333679199
3.1719999999998723,-0.19967070093599304,0.10524281082402616,-0.18652514792184996,0.40038810688935017,0.0,0.40038810688935017,0.4177470360452946,0.3914916389021265,1.1831078567771203,0.5767503029802905,0.0,6.366601765155792,47.01799511909485,0.0004264712333679199
3.181999999999871,-0.19849037127413421,0.12605219323255473,-0.18752352668559177,0.4036158669516115,0.0,0.4036158669516115,0.4178152295004906,0.3909299390612227,1.1834232606653028,0.5767497146779013,0.0,6.366601765155792,47.01799511909485,0.0004264712333679199
3.19199999999987,-0.1971227086119836,0.14335651447054915,-0.18853830034359256,0.40621489558975127,0.0,0.40621489558975127,0.4178839613073871,0.39040411647069984,1.1838726644682367,0.5767491223888661,0.0,6.366601765155792,47.01799511909485,0.0004264712333679199
3.201999999999869,-0.1956075635227707,0.15689351704868182,-0.18954538108000218,0.4083187366785947,0.0,0.4083187366785947,0.41795288568217687,0.38982668154046746,1.1844817760154396,0.5767485264287933,0.0,6.239634335041046,47.7916944026947,0.008981001377105724
3.211999999999868,-0.19396274210625367,0.1688781716494795,-0.1904647035766223,0.4093100976633271,0.0,0.4093100976633271,0.41802165080685216,0.38915019969138037,1.1844327123977514,0.5767479285587911,0.0,6.239634335041046,47.7916944026947,0.008981001377105724
3.2219999999998667,-0.1922329528217667,0.17500761946081686,-0.1913732943894392,0.4104907600959869,0.0,0.4104907600959869,0.41808990416594,0.3884377659905403,1.185604149370342,0.5767473289141006,0.0,6.239634335041046,47.7916944026947,0.008981001377105724
3.2319999999998656,-0.19047069380490922,0.1766159400678536,-0.1922527015674626,0.41016560964151905,0.0,0.41016560964151905,0.4181573010531592,0.38724018064290006,1.185176276969858,0.5767467288859558,0.0,6.239634335041046,47.7916944026947,0.008981001377105724
3.2419999999998645,-0.18871506245199313,0.1741871038126201,-0.19308690574638307,0.4096948880628229,0.0,0.4096948880628229,0.4182235142489843,0.38607926502319395,1.1854568851853944,0.5767461297507436,0.0,6.239634335041046,47.7916944026947,0.008981001377105724
3.2519999999998634,-0.187008246384405,0.16852357516218705,-0.19383663369150506,0.40865734509965956,0.0,0.40865734509965956,0.4182882411676994,0.3848049487338653,1.1856861684511129,0.5767455318999997,0.0,6.577283620834351,48.73461425304413,0.07270948290824891
3.2619999999998623,-0.18536310476515813,0.1611289388808181,-0.19440140438663508,0.40713281211923036,0.0,0.40713281211923036,0.418351209855386,0.3835930821159779,1.1860519214854977,0.5767449353661676,0.0,6.577283620834351,48.73461425304413,0.07270948290824891
3.2719999999998612,-0.18382266069947006,0.1486924615760963,-0.19490449035587273,0.40488858931139127,0.0,0.40488858931139127,0.418412181103382,0.38266632354103075,1.1863747443598074,0.5767443420376016,0.0,6.577283620834351,48.73461425304413,0.07270948290824891
3.28199999999986,-0.18243156185702167,0.13228620843386468,-0.1953387045345108,0.40189308646869304,0.0,0.40189308646869304,0.41847095402881085,0.38197086622445486,1.1864613780175242,0.5767437526492626,0.0,6.577283620834351,48.73461425304413,0.07270948290824891
3.291999999999859,-0.18122478417762877,0.11270608175911398,-0.19569824822557622,0.39845110377247017,0.0,0.39845110377247017,0.4185273722887811,0.3816348398029096,1.1867834685833598,0.5767431678499725,0.0,6.577283620834351,48.73461425304413,0.07270948290824891
3.301999999999858,-0.18022275294466927,0.0918132467868447,-0.19596099334774664,0.39420073341198875,0.0,0.39420073341198875,0.4185813278984556,0.38136865288095684,1.1864668083419099,0.5767425890120377,0.0,6.23432594537735,49.0487277507782,0.12504056096076965
3.311999999999857,-0.17943521753849312,0.06972042430395622,-0.1961069660238601,0.39024843278591936,0.0,0.39024843278591936,0.4186327621187173,0.38125192046055584,1.187004223371533,0.5767420160970043,0.0,6.23432594537735,49.0487277507782,0.12504056096076965
3.3219999999998557,-0.17887951655789644,0.04605085351484209,-0.19616242645095366,0.3858325142780934,0.0,0.3858325142780934,0.41868166449543587,0.3810488611599577,1.186952109210366,0.5767414494644935,0.0,6.23432594537735,49.0487277507782,0.12504056096076965
3.3319999999998546,-0.1785685228478118,0.020842337503414188,-0.1961337805202918,0.3819627571647212,0.0,0.3819627571647212,0.41872807260227557,0.3811331401229868,1.1878748526679062,0.5767408889075605,0.0,6.23432594537735,49.0487277507782,0.12504056096076965
3.3419999999998535,-0.17851326191346095,-0.004546431741234364,-0.1960193900510948,0.37705307022720397,0.0,0.37705307022720397,0.41877207147324574,0.3815226089671648,1.187603022236438,0.5767403347785867,0.0,6.23432594537735,49.0487277507782,0.12504056096076965
3.3519999999998524,-0.17870225123456934,-0.027922263958116533,-0.1957959013313877,0.3716710431214844,0.0,0.3716710431214844,0.4188137920294948,0.3820523471658597,1.1866248851331231,0.5767397881189915,0.0,5.7971151471138,49.310927987098694,0.05750514864921569
3.3619999999998513,-0.17910667713700668,-0.04872623848874093,-0.19543131541629283,0.3671608445964439,0.0,0.3671608445964439,0.4188534056710739,0.3825715750203375,1.186522449885147,0.5767392486265965,0.0,5.7971151471138,49.310927987098694,0.05750514864921569
3.3719999999998502,-0.17971861186135632,-0.0696754348332928,-0.19499418096600488,0.3635496332172522,0.0,0.3635496332172522,0.41889111656420186,0.3830805010625408,1.1872293659176043,0.5767387151963483,0.0,5.7971151471138,49.310927987098694,0.05750514864921569
3.381999999999849,-0.18054048283370053,-0.09044870100021916,-0.19450256252160283,0.36022436387854195,0.0,0.36022436387854195,0.4189271574349095,0.3835793296870051,1.187790060817312,0.5767381867842506,0.0,5.7971151471138,49.310927987098694,0.05750514864921569
3.391999999999848,-0.18156414625902628,-0.11004841329946904,-0.19396620878269638,0.3573465141404704,0.0,0.3573465141404704,0.4189617875552379,0.3840682612329476,1.1883437411478568,0.5767376628757147,0.0,5.7971151471138,49.310927987098694,0.05750514864921569
3.401999999999847,-0.1827734896263935,-0.12760448393407373,-0.1933879384068258,0.3547739087197542,0.0,0.3547739087197542,0.4189952891682245,0.3845147605714277,1.188597927299032,0.5767371427097195,0.0,5.92077898979187,49.694589376449585,0.03753222227096559
3.411999999999846,-0.18413539588248523,-0.14178154843485363,-0.19274800656385163,0.35310526565801764,0.0,0.35310526565801764,0.4190279623178274,0.3848062377564086,1.1892464017650948,0.5767366257589418,0.0,5.92077898979187,49.694589376449585,0.03753222227096559
3.4219999999998447,-0.1856335324311114,-0.15494410266986736,-0.19211422397622704,0.3523249349244323,0.0,0.3523249349244323,0.4190601176883943,0.3849042153201411,1.1900816619482264,0.5767361102389706,0.0,5.92077898979187,49.694589376449585,0.03753222227096559
3.4319999999998436,-0.18724712736702784,-0.1651638732163229,-0.19148840195741196,0.35151565297110937,0.0,0.35151565297110937,0.4190920718875243,0.385037669648851,1.190068637047372,0.5767355959997322,0.0,5.92077898979187,49.694589376449585,0.03753222227096559
3.4419999999998425,-0.18894612628233456,-0.17256085671345234,-0.1908861781935047,0.3515574270905061,0.0,0.3515574270905061,0.4191241426817763,0.38509577143797263,1.1903186526801874,0.5767350819209139,0.0,5.92077898979187,49.694589376449585,0.03753222227096559
3.4519999999998414,-0.19069244114138587,-0.17591013886686357,-0.19031227814387427,0.35193101026841206,0.0,0.35193101026841206,0.41915664274847164,0.3850946217516672,1.1901239633138987,0.5767345681320054,0.0,5.700457572937012,49.339847564697266,0.002132982015609741
3.4619999999998403,-0.19246008255726715,-0.17686986674950667,-0.18981113034505684,0.352876206506934,0.0,0.352876206506934,0.41918987280418707,0.38539235154170176,1.1901173423677807,0.5767340530129201,0.0,5.700457572937012,49.339847564697266,0.002132982015609741
3.471999999999839,-0.19421314169707624,-0.1738194240542845,-0.18935813417650033,0.3542807036502156,0.0,0.3542807036502156,0.4192241164818336,0.3856683253888277,1.1900885085075263,0.5767335360756991,0.0,5.700457572937012,49.339847564697266,0.002132982015609741
3.481999999999838,-0.1959189202754738,-0.16802801549690127,-0.18897340706368052,0.35692049111811536,0.0,0.35692049111811536,0.419259634623621,0.3856334597333347,1.1907268718098576,0.5767330158182911,0.0,5.700457572937012,49.339847564697266,0.002132982015609741
3.491999999999837,-0.1975461752040582,-0.15878045025941945,-0.18865755901607428,0.35937378778465107,0.0,0.35937378778465107,0.41929666010484623,0.385495337428158,1.1902893385734625,0.5767324919997736,0.0,5.700457572937012,49.339847564697266,0.002132982015609741
3.501999999999836,-0.19906735139086762,-0.14842509501429915,-0.18846617226447096,0.36269498041451564,0.0,0.36269498041451564,0.4193353934180178,0.38563048067808864,1.1906920083939976,0.5767319636512348,0.0,5.740745544433594,48.00236225128174,0.00013568401336672142
3.511999999999835,-0.20049993806550095,-0.138844056111493,-0.18852271858321668,0.3656341869480091,0.0,0.3656341869480091,0.4193760003692461,0.38577841679297986,1.1901142064982497,0.576731430750411,0.0,5.740745544433594,48.00236225128174,0.00013568401336672142
3.5219999999998337,-0.20179781112406253,-0.12305302024381415,-0.18863806516277642,0.36858562891790236,0.0,0.36858562891790236,0.41941861514457984,0.38580963352216324,1.1891620956484492,0.5767308936766324,0.0,5.740745544433594,48.00236225128174,0.00013568401336672142
3.5319999999998326,-0.2029166321902933,-0.10412432382125121,-0.18882658625013654,0.37252657481220003,0.0,0.37252657481220003,0.41946333501307437,0.3856920705880274,1.1890877410604084,0.5767303512879786,0.0,5.740745544433594,48.00236225128174,0.00013568401336672142
3.5419999999998315,-0.20383679420109155,-0.08389076100247987,-0.18909961401869874,0.37715094006667926,0.0,0.37715094006667926,0.419510214263238,0.3852299840795345,1.189482290592559,0.5767298026044282,0.0,5.740745544433594,48.00236225128174,0.00013568401336672142
3.5519999999998304,-0.20455488276265202,-0.06431035703914319,-0.18949073189258112,0.38190586390374365,0.0,0.38190586390374365,0.4195592631180393,0.3850038593979894,1.1901353968694408,0.5767292469076508,0.0,5.9623082280159,47.07194149494171,0.00013459324836728737
3.5619999999998293,-0.20509023012148475,-0.04600445683828605,-0.1900605366176486,0.3862618014426443,0.0,0.3862618014426443,0.41961045033023603,0.38506219278922665,1.1905969863899668,0.5767286849405413,0.0,5.9623082280159,47.07194149494171,0.00013459324836728737
3.571999999999828,-0.20542757474365878,-0.025298063834214377,-0.19069133296466678,0.3898440026388899,0.0,0.3898440026388899,0.41966370842393597,0.38514881768677267,1.190226840938266,0.5767281170816765,0.0,5.9623082280159,47.07194149494171,0.00013459324836728737
3.581999999999827,-0.2055483565406916,-0.003101809000853866,-0.19137211905054372,0.3934580766242852,0.0,0.3934580766242852,0.41971893408101585,0.38547544573148157,1.1903069321042383,0.5767275439425098,0.0,5.9623082280159,47.07194149494171,0.00013459324836728737
3.591999999999826,-0.2054439892412601,0.019367619568839978,-0.19209608989027036,0.39686886227125195,0.0,0.39686886227125195,0.41977598713211245,0.38592675712401253,1.1906928375193415,0.5767269658705938,0.0,5.9623082280159,47.07194149494171,0.00013459324836728737
3.601999999999825,-0.2051123702297213,0.042735249580760915,-0.1928331271020946,0.39873184028945735,0.0,0.39873184028945735,0.4198346915017843,0.3863691142102536,1.1893695959782449,0.5767263840748302,0.0,5.795063257217407,47.5414103269577,0.0006834447383880504
3.611999999999824,-0.2045431080612635,0.065910697333014,-0.19354777724702626,0.4015099267513238,0.0,0.4015099267513238,0.4198948369554329,0.38680269464936085,1.1898700230736032,0.576725798734574,0.0,5.795063257217407,47.5414103269577,0.0006834447383880504
3.6219999999998227,-0.20376343064873256,0.08549505155622683,-0.19429132567127316,0.40402313445874505,0.0,0.40402313445874505,0.41995618063413287,0.38722767257561924,1.190611924206563,0.5767252094160065,0.0,5.795063257217407,47.5414103269577,0.0006834447383880504
3.6319999999998216,-0.202803335365654,0.10283780671855539,-0.19504261411577717,0.40533207877108335,0.0,0.40533207877108335,0.42001845403640387,0.3876049845721284,1.1902982128011685,0.5767246174887677,0.0,5.795063257217407,47.5414103269577,0.0006834447383880504
3.6419999999998205,-0.2016808584692177,0.11819415935540503,-0.19578317011757218,0.4060677049272897,0.0,0.4060677049272897,0.42008137057920736,0.38796446173220683,1.1898909588815325,0.5767240242109563,0.0,5.795063257217407,47.5414103269577,0.0006834447383880504
3.6519999999998194,-0.20042424484482965,0.13066121834853567,-0.19649215577733875,0.40735478962263844,0.0,0.40735478962263844,0.42014463103608785,0.3881130757209347,1.1908632836933146,0.5767234293044761,0.0,6.10903787612915,48.096264600753784,0.00864940881729126
3.6619999999998183,-0.199045036089948,0.14216503365628314,-0.1970844198328926,0.4073539326278182,0.0,0.4073539326278182,0.42020792956826786,0.3881116606346212,1.1906162447667188,0.5767228336516707,0.0,6.10903787612915,48.096264600753784,0.00864940881729126
3.671999999999817,-0.1975800579502314,0.14877770597197326,-0.19765393523375413,0.40729868105091344,0.0,0.40729868105091344,0.42027095769248946,0.3882029657723044,1.1911022454623816,0.5767222379837724,0.0,6.10903787612915,48.096264600753784,0.00864940881729126
3.681999999999816,-0.19607340573010854,0.15155379616742323,-0.19818773389152158,0.4061546988487087,0.0,0.4061546988487087,0.420333411363878,0.3884057369994149,1.1909058243760138,0.5767216433011488,0.0,6.10903787612915,48.096264600753784,0.00864940881729126
3.691999999999815,-0.19455567610684688,0.1513944539449294,-0.19866901421515004,0.4045521771487053,0.0,0.4045521771487053,0.4203949992305133,0.3887705975825318,1.1909675718400372,0.5767210509290217,0.0,6.10903787612915,48.096264600753784,0.00864940881729126
3.701999999999814,-0.19306012223636745,0.1487610602874832,-0.19906925264378494,0.4022438952150384,0.0,0.4022438952150384,0.4204554484175802,0.3891565310576552,1.1907712059605853,0.576720461092043,0.0,6.493528962135315,48.83653283119202,0.06966739296913146
3.711999999999813,-0.19158036880797288,0.14678562211073118,-0.19928807467689563,0.3993757895370131,0.0,0.3993757895370131,0.42051450894577325,0.38953480736612833,1.1904078803234064,0.5767198756791065,0.0,6.493528962135315,48.83653283119202,0.06966739296913146
3.7219999999998117,-0.19015630262245967,0.13877972703566593,-0.19945778648649326,0.39704751688621154,0.0,0.39704751688621154,0.42057195310782813,0.38990557843102824,1.1913501165832485,0.5767192934306115,0.0,6.493528962135315,48.83653283119202,0.06966739296913146
3.7319999999998106,-0.1888362129635005,0.12708784814195132,-0.1995662087482922,0.3940840838509004,0.0,0.3940840838509004,0.4206275809475687,0.39026899316118124,1.191874996030861,0.5767187154183377,0.0,6.493528962135315,48.83653283119202,0.06966739296913146
3.7419999999998095,-0.18764277590696438,0.1140287176082703,-0.1995928198929981,0.38972522093391193,0.0,0.38972522093391193,0.4206812275644824,0.39060166474131164,1.1908130518987015,0.5767181433983727,0.0,6.493528962135315,48.83653283119202,0.06966739296913146
3.7519999999998084,-0.18659367886206524,0.0988686197914959,-0.1995360893961661,0.38566119810716115,0.0,0.38566119810716115,0.4207327655872489,0.39094534876439013,1.190488061334331,0.5767175769592282,0.0,6.295446932315826,49.13556158542633,0.06783151030540466
3.7619999999998073,-0.18569895960549063,0.08260102426844518,-0.19936624638580608,0.382293039606042,0.0,0.382293039606042,0.42078210605434513,0.39117042515918454,1.1912371638967538,0.576717016295853,0.0,6.295446932315826,49.13556158542633,0.06783151030540466
3.771999999999806,-0.18498614988701848,0.0635744072803872,-0.19913348119237564,0.3782762206083712,0.0,0.3782762206083712,0.42082919860613616,0.39144183865206894,1.1912475378500467,0.5767164608217032,0.0,6.295446932315826,49.13556158542633,0.06783151030540466
3.781999999999805,-0.18446515230403965,0.04424671218374336,-0.19882246298980724,0.37402075115797756,0.0,0.37402075115797756,0.42087403335729484,0.3917747729981948,1.1909664454078708,0.5767159118696502,0.0,6.295446932315826,49.13556158542633,0.06783151030540466
3.791999999999804,-0.18414426749539692,0.023872557144120638,-0.1984471817815964,0.3700505247573681,0.0,0.3700505247573681,0.42091664056993944,0.3921011017142414,1.1910106779066119,0.5767153686179056,0.0,6.295446932315826,49.13556158542633,0.06783151030540466
3.801999999999803,-0.18402679149442558,0.0038705875292149514,-0.1979964727136746,0.36632605663026724,0.0,0.36632605663026724,0.4209570894017701,0.3924209558601286,1.1912093353729494,0.5767148312138497,0.0,6.1855010986328125,49.44910645484924,0.06490480899810791
3.8119999999998018,-0.1841030972934655,-0.015291269969939809,-0.19744916693882658,0.36271508896569743,0.0,0.36271508896569743,0.4209954856950944,0.3927344638954639,1.1912797648868343,0.5767142988709699,0.0,6.1855010986328125,49.44910645484924,0.06490480899810791
3.8219999999998007,-0.18436777873730711,-0.03393055810176873,-0.1968499661286424,0.3592332068270589,0.0,0.3592332068270589,0.42103196789608044,0.3930417517311339,1.191153920984348,0.5767137719281892,0.0,6.1855010986328125,49.44910645484924,0.06490480899810791
3.8319999999997996,-0.18481995317228112,-0.05267112279973177,-0.19621937154853716,0.3566017445486441,0.0,0.3566017445486441,0.421066703628358,0.39333389453050527,1.1917527152393186,0.5767132490284426,0.0,6.1855010986328125,49.44910645484924,0.06490480899810791
3.8419999999997985,-0.18545431134950008,-0.07044169994506097,-0.19556361951091156,0.3542045853287716,0.0,0.3542045853287716,0.4210998872473652,0.39362320151928887,1.192152297909855,0.5767127298031042,0.0,6.1855010986328125,49.44910645484924,0.06490480899810791
3.8519999999997974,-0.1862502224056905,-0.08510291642098802,-0.19487065687862523,0.3512513897997849,0.0,0.3512513897997849,0.4211317366910806,0.3939128562328468,1.1911884906215064,0.5767122147466279,0.0,6.107007741928101,49.58896577358246,0.02592821717262267
3.8619999999997963,-0.18717755352048052,-0.09775628489316858,-0.19414528119101418,0.35003592165161274,0.0,0.35003592165161274,0.4211624876415716,0.39419676401187914,1.192018748200072,0.5767117022877911,0.0,6.107007741928101,49.58896577358246,0.02592821717262267
3.871999999999795,-0.18822501991673093,-0.10931565437879076,-0.19342924922952723,0.3494173770698421,0.0,0.3494173770698421,0.4211923868790092,0.3944750388792376,1.1930056151962947,0.5767111912578793,0.0,6.107007741928101,49.58896577358246,0.02592821717262267
3.881999999999794,-0.18938174050502735,-0.11959890209666153,-0.19273896542718652,0.34927449485536033,0.0,0.34927449485536033,0.42122168872197857,0.3947477925954878,1.1939510961467918,0.5767106804360669,0.0,6.107007741928101,49.58896577358246,0.02592821717262267
3.891999999999793,-0.19062319242329817,-0.1267081250346891,-0.1920701602813573,0.3490389186050538,0.0,0.3490389186050538,0.42125065192118566,0.395015134703794,1.1940454492797805,0.5767101700564248,0.0,6.107007741928101,49.58896577358246,0.02592821717262267
3.901999999999792,-0.1919134761119431,-0.13020397062004133,-0.1914266953259562,0.3490293491710748,0.0,0.3490293491710748,0.42127953438595367,0.39527717257391437,1.1937393253879174,0.5767096598891134,0.0,5.795036733150482,49.337024092674255,0.0020936787128448264
3.9119999999997908,-0.19322285328405067,-0.13095749801044898,-0.19082850634491427,0.3498602907678404,0.0,0.3498602907678404,0.42130858635130913,0.3955340114453224,1.193912036834635,0.5767091488271019,0.0,5.795036733150482,49.337024092674255,0.0020936787128448264
3.9219999999997897,-0.19451686361594767,-0.12797100864555577,-0.1902686562343416,0.35073382301547584,0.0,0.35073382301547584,0.42133804461047286,0.3957857544694733,1.1934792017706495,0.5767086368501628,0.0,5.795036733150482,49.337024092674255,0.0020936787128448264
3.9319999999997886,-0.1957626139664547,-0.12196922491658274,-0.18975817198235254,0.3522405778357082,0.0,0.3522405778357082,0.42136812666714857,0.3960325027512315,1.1933143086292608,0.5767081230875324,0.0,5.795036733150482,49.337024092674255,0.0020936787128448264
3.9419999999997875,-0.19693630280448685,-0.11389922584914168,-0.1893122433147895,0.3540762471036025,0.0,0.3540762471036025,0.4213990255283285,0.3962743553894763,1.1930475655091912,0.5767076063486412,0.0,5.795036733150482,49.337024092674255,0.0020936787128448264
3.9519999999997864,-0.19801290942391137,-0.10370272592273838,-0.1889496968130861,0.3562487691859324,0.0,0.3562487691859324,0.42143090632924807,0.396511409516902,1.1927564049153387,0.5767070867953537,0.0,5.6257577538490295,48.561495542526245,0.00016674399375915527
3.9619999999997852,-0.19898993672639909,-0.09318839834130971,-0.18874382582021068,0.358659570717774,0.0,0.358659570717774,0.42146390381715454,0.3967437603390281,1.1923880877135877,0.5767065640000357,0.0,5.6257577538490295,48.561495542526245,0.00016674399375915527
3.971999999999784,-0.19983837885779895,-0.07884210209912948,-0.18859658605367646,0.3608194719297199,0.0,0.3608194719297199,0.42149812258983027,0.39697150117243585,1.1913477809514943,0.5767060378638333,0.0,5.6257577538490295,48.561495542526245,0.00016674399375915527
3.981999999999783,-0.20052780480267945,-0.06211457710742678,-0.18851300369425325,0.36364083898177296,0.0,0.36364083898177296,0.42153363408937,0.3971947234822459,1.1910044018054626,0.5767055078869336,0.0,5.6257577538490295,48.561495542526245,0.00016674399375915527
3.991999999999782,-0.20104624460866005,-0.045147288576857444,-0.18850996777685072,0.367610456375985,0.0,0.367610456375985,0.4215704730676277,0.39741351691885257,1.192132098850175,0.5767049727624548,0.0,5.6257577538490295,48.561495542526245,0.00016674399375915527
4.001999999999781,-0.20139769796750323,-0.029134935255741446,-0.18862009145421277,0.3712370693395666,0.0,0.3712370693395666,0.4216086377266662,0.397627969353929,1.1927318609838335,0.5767044321405856,0.0,5.702785432338715,47.61604726314545,0.00015056133270263672
4.01199999999978,-0.2016029241770226,-0.014147328381297359,-0.18890828207172924,0.3735009263775096,0.0,0.3735009263775096,0.42164809313265417,0.39783816691571827,1.1914773917079775,0.5767038873812091,0.0,5.702785432338715,47.61604726314545,0.00015056133270263672
4.021999999999779,-0.201639129414804,0.003775641893642538,-0.18923990681628408,0.37597981885398196,0.0,0.37597981885398196,0.42168877604792304,0.398044194023624,1.190678985007944,0.5767033388730182,0.0,5.702785432338715,47.61604726314545,0.00015056133270263672
4.031999999999778,-0.20148413645770646,0.02340372897976801,-0.1896057697516867,0.3781999158431666,0.0,0.3781999158431666,0.42173059359311404,0.39824613342211507,1.1897653650609545,0.5767027871199665,0.0,5.702785432338715,47.61604726314545,0.00015056133270263672
4.041999999999777,-0.20113178058225525,0.04296525211188547,-0.19000643311861093,0.3806877925116958,0.0,0.3806877925116958,0.4217734211569656,0.3984440662139571,1.1895604792641052,0.576702231989089,0.0,5.702785432338715,47.61604726314545,0.00015056133270263672
4.051999999999776,-0.20058853384653394,0.06186520145006098,-0.1904295821656174,0.3828698263402648,0.0,0.3828698263402648,0.42181710341390416,0.3986380718927852,1.1893387824753097,0.5767016736065419,0.0,5.750633656978607,47.86541223526001,0.0007503569126129372
4.061999999999775,-0.1998605282620785,0.07978057187732046,-0.19084694121618426,0.38474793842850086,0.0,0.38474793842850086,0.42186145751788645,0.3988282283750298,1.1891675836592193,0.576701112033345,0.0,5.750633656978607,47.86541223526001,0.0007503569126129372
4.071999999999774,-0.19896716755408153,0.09512604783486461,-0.1912867276908435,0.3870358047631711,0.0,0.3870358047631711,0.4219062766493349,0.3990146120312098,1.190101412372094,0.5767005477607953,0.0,5.750633656978607,47.86541223526001,0.0007503569126129372
4.0819999999997725,-0.1979408061609683,0.10741250641690221,-0.19174845008826552,0.38816748199365286,0.0,0.38816748199365286,0.42195133559379666,0.39919729771660395,1.189991352635837,0.5766999807505356,0.0,5.750633656978607,47.86541223526001,0.0007503569126129372
4.091999999999771,-0.1968010718086173,0.11801762300542329,-0.19220795886213607,0.38894070903115296,0.0,0.38894070903115296,0.4219963979540933,0.3993763588013148,1.1899878195676752,0.5766994125976147,0.0,5.750633656978607,47.86541223526001,0.0007503569126129372
4.10199999999977,-0.19556658439149238,0.12745512524201127,-0.19263213873783347,0.3889582824620654,0.0,0.3889582824620654,0.4220412213086044,0.3995518671997348,1.1895581497870589,0.5766988439223876,0.0,6.1119027733802795,48.46452295780182,0.007157742977142334
4.111999999999769,-0.1942321302468678,0.13705088614780042,-0.19294003480596916,0.38827182910467467,0.0,0.38827182910467467,0.4220855607970239,0.3997238933994292,1.1887790728211052,0.5766982756017335,0.0,6.1119027733802795,48.46452295780182,0.007157742977142334
4.121999999999768,-0.19281893053320792,0.1436811334198473,-0.19321265136332297,0.3871892819403192,0.0,0.3871892819403192,0.42212916969251674,0.39989250648944497,1.188079171256602,0.5766977089702596,0.0,6.1119027733802795,48.46452295780182,0.007157742977142334
4.131999999999767,-0.19136052273152446,0.14700198426934474,-0.19344828833722041,0.38538721907051204,0.0,0.38538721907051204,0.42217180343327587,0.40005777418805816,1.1869963396815721,0.5766971442473776,0.0,6.1119027733802795,48.46452295780182,0.007157742977142334
4.141999999999766,-0.18988127912025,0.14821054145148474,-0.19362867229977193,0.3831469566307108,0.0,0.3831469566307108,0.42221322587912813,0.4002197628699708,1.185904177825956,0.5766965828676293,0.0,6.1119027733802795,48.46452295780182,0.007157742977142334
4.151999999999765,-0.188409235480655,0.1463592430425546,-0.19374367921705565,0.38140981195418955,0.0,0.38140981195418955,0.42225321398326343,0.4003785375929687,1.186089348161082,0.5766960242991773,0.0,6.459721505641937,49.07824456691742,0.044765621423721313
4.161999999999764,-0.18696225251770732,0.14298391779291889,-0.1937351303886989,0.3788477920259217,0.0,0.3788477920259217,0.4222915622361641,0.40053416212404963,1.1856383821068408,0.5766954688860266,0.0,6.459721505641937,49.07824456691742,0.044765621423721313
4.171999999999763,-0.18557765651748384,0.13487950100339727,-0.19368660273183955,0.3769472893395342,0.0,0.3769472893395342,0.4223280858819259,0.40068669896503323,1.18657063630666,0.5766949165649745,0.0,6.459721505641937,49.07824456691742,0.044765621423721313
4.1819999999997615,-0.18429155137273484,0.1242850996485776,-0.19358389044711247,0.37336823063085556,0.0,0.37336823063085556,0.4223626264125087,0.4008362093776633,1.1855421033594946,0.5766943685330227,0.0,6.459721505641937,49.07824456691742,0.044765621423721313
4.19199999999976,-0.18312284824113922,0.11161760726117607,-0.19342260162377917,0.3703036233360105,0.0,0.3703036233360105,0.422395056695882,0.4009827534082113,1.1855527944702722,0.576693825291446,0.0,6.459721505641937,49.07824456691742,0.044765621423721313
4.201999999999759,-0.18209165921313863,0.09746850091589716,-0.19319435025109316,0.3667716518462334,0.0,0.3667716518462334,0.4224252830868454,0.4011263899115925,1.1851505476142554,0.5766932870176327,0.0,6.448308110237122,49.349292516708374,0.05429629683494569
4.211999999999758,-0.18120619548663985,0.08222285018294993,-0.19287929307970256,0.3637537764068969,0.0,0.3637537764068969,0.4224532467935826,0.4012671765750029,1.1856251097637427,0.5766927535874883,0.0,6.448308110237122,49.349292516708374,0.05429629683494569
4.221999999999757,-0.1804866754523656,0.06510038470747356,-0.19251384659716705,0.3599994780523974,0.0,0.3599994780523974,0.4224789237749602,0.4014051699410879,1.1851368704635317,0.5766922249214281,0.0,6.448308110237122,49.349292516708374,0.05429629683494569
4.231999999999756,-0.1799421114723053,0.047051733084622294,-0.19209550556407332,0.3570046341910646,0.0,0.3570046341910646,0.4225023257161171,0.4015404254306505,1.1856943077587487,0.5766917013665241,0.0,6.448308110237122,49.349292516708374,0.05429629683494569
4.241999999999755,-0.17958455226977518,0.028079851899945416,-0.19163357436083742,0.3539002904115023,0.0,0.3539002904115023,0.4225234998302342,0.40167299736490963,1.1859936100634327,0.5766911823564375,0.0,6.448308110237122,49.349292516708374,0.05429629683494569
4.251999999999754,-0.1794184340157112,0.009092776253056666,-0.1911245684252272,0.3509357089988055,0.0,0.3509357089988055,0.42254252848397883,0.40180293898731656,1.186298307840504,0.576690667764006,0.0,6.389071524143219,49.54449653625488,0.0395675003528595
4.261999999999753,-0.17943767177761652,-0.009263031877996793,-0.1905562403105161,0.34831706054278266,0.0,0.34831706054278266,0.42255952753461157,0.40193030248493855,1.1868131066676462,0.5766901571315398,0.0,6.389071524143219,49.54449653625488,0.0395675003528595
4.2719999999997516,-0.17964089513193554,-0.027394686294932587,-0.1899615277814023,0.3453980861529121,0.0,0.3453980861529121,0.42257464312505794,0.4020551390094179,1.1865547677394275,0.5766896501462699,0.0,6.389071524143219,49.54449653625488,0.0395675003528595
4.2819999999997505,-0.18001218347863246,-0.04336698084149372,-0.18933110380626145,0.3424466162280503,0.0,0.3424466162280503,0.42258804875772626,0.4021774986975159,1.1858317246132024,0.5766891475961027,0.0,6.389071524143219,49.54449653625488,0.0395675003528595
4.291999999999749,-0.18053185480850678,-0.0576742134934707,-0.18867593186813356,0.3405487705915674,0.0,0.3405487705915674,0.42259994050210264,0.40229743069124835,1.1861096854014501,0.5766886487558632,0.0,6.389071524143219,49.54449653625488,0.0395675003528595
4.301999999999748,-0.18118603629783842,-0.07021805962131411,-0.1880026086780404,0.3387217601054828,0.0,0.3387217601054828,0.4226105316542313,0.40241498315762203,1.1859645502300664,0.5766881528073736,0.0,6.215031027793884,49.58761215209961,0.016654425859451316
4.311999999999747,-0.18195560046476003,-0.08142766651549256,-0.18731452729136502,0.33790161716015776,0.0,0.33790161716015776,0.42262004830607236,0.4025302033079796,1.1866665963369245,0.5766876584450589,0.0,6.215031027793884,49.58761215209961,0.016654425859451316
4.321999999999746,-0.1828237920705664,-0.09001205788792058,-0.1866260741881099,0.3362660445799202,0.0,0.3362660445799202,0.4226287248752911,0.4026431374169606,1.1856334432001454,0.5766871661013531,0.0,6.215031027793884,49.58761215209961,0.016654425859451316
4.331999999999745,-0.18376759397838083,-0.09715616142075278,-0.18595654534986267,0.33630791872863874,0.0,0.33630791872863874,0.4226367997684806,0.40275383084108607,1.186341094007003,0.5766866743638072,0.0,6.215031027793884,49.58761215209961,0.016654425859451316
4.341999999999744,-0.184768846304174,-0.10169323069554809,-0.18530746346250138,0.33610000833406267,0.0,0.33610000833406267,0.42264451072753056,0.4028623280369746,1.186084743661416,0.5766861830550954,0.0,6.215031027793884,49.58761215209961,0.016654425859451316
4.351999999999743,-0.18580180778449001,-0.10407234709531904,-0.18469157437252465,0.33649443737039253,0.0,0.33649443737039253,0.42265209080657584,0.40296867257919733,1.1860655502445772,0.5766856913249605,0.0,5.910125255584717,49.32551026344299,0.0012623190879821888
4.361999999999742,-0.18684496202003578,-0.10429807015944473,-0.18412226092963033,0.33744248343869065,0.0,0.33744248343869065,0.4226597636741365,0.40307290717777783,1.186234438938081,0.5766851985988418,0.0,5.910125255584717,49.32551026344299,0.0012623190879821888
4.3719999999997405,-0.1878776268342224,-0.10216203626779567,-0.18360115857235038,0.33877258556155726,0.0,0.33877258556155726,0.4226677398888551,0.40317507369534566,1.1863801357890396,0.5766847041241897,0.0,5.910125255584717,49.32551026344299,0.0012623190879821888
4.381999999999739,-0.18886986369864225,-0.0970810102986176,-0.18312566678269745,0.3402865182617812,0.0,0.3402865182617812,0.4226762132662808,0.40327521316394904,1.1862665997752933,0.5766842079513539,0.0,5.910125255584717,49.32551026344299,0.0012623190879821888
4.391999999999738,-0.18980551290759062,-0.09103164222372244,-0.18272018895112996,0.34283724345866207,0.0,0.34283724345866207,0.42268535647860844,0.40337336580153416,1.187137213332179,0.576683708231768,0.0,5.910125255584717,49.32551026344299,0.0012623190879821888
4.401999999999737,-0.19066700690480942,-0.08300587465712292,-0.1823907318093855,0.34484499391043766,0.0,0.34484499391043766,0.422695318828311,0.4034695710280974,1.186835664912143,0.5766832054589109,0.0,5.641839385032654,48.738242387771606,0.00018147826194764294
4.411999999999736,-0.191445870075064,-0.07391593007254342,-0.1821827839676114,0.3468009284170568,0.0,0.3468009284170568,0.42270622464392915,0.40356386748151735,1.1861213248014706,0.5766826995811279,0.0,5.641839385032654,48.738242387771606,0.00018147826194764294
4.421999999999735,-0.19211418504716005,-0.06187242132018049,-0.1820326646848121,0.3493705802464376,0.0,0.3493705802464376,0.42271817239880305,0.4036562930330723,1.186004223469382,0.5766821904176229,0.0,5.641839385032654,48.738242387771606,0.00018147826194764294
4.431999999999734,-0.19265330145337659,-0.048440983387287036,-0.18195057137439374,0.3522765437643881,0.0,0.3522765437643881,0.42273123168805693,0.40374688480265025,1.1861735507204725,0.5766816771161771,0.0,5.641839385032654,48.738242387771606,0.00018147826194764294
4.441999999999733,-0.1930551618363445,-0.03444148517588327,-0.1819422848047041,0.35536080091325134,0.0,0.35536080091325134,0.4227454413995245,0.4038356791736569,1.1864859174930966,0.5766811590926764,0.0,5.641839385032654,48.738242387771606,0.00018147826194764294
4.451999999999732,-0.1933108484804164,-0.02005274329567328,-0.18201796074341225,0.35843313582426606,0.0,0.35843313582426606,0.42276080993398885,0.40392271180762795,1.1867546080153357,0.576680636845506,0.0,5.655507922172546,48.09437274932861,0.0001500248908996582
4.461999999999731,-0.19343348132432578,-0.006833260884727592,-0.18223320668912915,0.3611739206929892,0.0,0.3611739206929892,0.42277731611990527,0.40400801765855143,1.1866194885793728,0.5766801104460474,0.0,5.655507922172546,48.09437274932861,0.0001500248908996582
4.4719999999997295,-0.19342065635178146,0.006626498616457395,-0.18251368270266455,0.36471337340641896,0.0,0.36471337340641896,0.4227949127975543,0.404091630986906,1.1877446569422678,0.5766795790561371,0.0,5.655507922172546,48.09437274932861,0.0001500248908996582
4.481999999999728,-0.1932690499512328,0.020868535592215604,-0.18284414304290086,0.36742009075343507,0.0,0.36742009075343507,0.42281352872549355,0.40417358537342035,1.1879171344910895,0.5766790435102733,0.0,5.655507922172546,48.09437274932861,0.0001500248908996582
4.491999999999727,-0.19296934570281576,0.03601683683482977,-0.18320809376037303,0.3693790485757897,0.0,0.3693790485757897,0.42283306940156046,0.4042539137325603,1.1873267609410754,0.5766785047789433,0.0,5.655507922172546,48.09437274932861,0.0001500248908996582
4.501999999999726,-0.19252299737093562,0.05048277064987391,-0.18360541874117023,0.37157039287181115,0.0,0.37157039287181115,0.4228534171987458,0.40433264832574756,1.1874114237407734,0.576677962550754,0.0,5.75526225566864,48.1548798084259,0.0007235169410705344
4.511999999999725,-0.19193037849746267,0.06492127298168186,-0.18400922493042454,0.3733207712792315,0.0,0.3733207712792315,0.4228744330310016,0.4044098207743164,1.1872854807672848,0.5766774178727437,0.0,5.75526225566864,48.1548798084259,0.0007235169410705344
4.521999999999724,-0.19120211823198927,0.07778695034057494,-0.18443093478906936,0.37474323168356116,0.0,0.37474323168356116,0.42289595833086424,0.4044854620722141,1.1871573480598048,0.5766768708320387,0.0,5.75526225566864,48.1548798084259,0.0007235169410705344
4.531999999999723,-0.19035371622404476,0.0891036133794025,-0.18486032082690404,0.37613715630101296,0.0,0.37613715630101296,0.4229178184090423,0.4045596025984478,1.1874869702303001,0.5766763220779562,0.0,5.75526225566864,48.1548798084259,0.0007235169410705344
4.541999999999722,-0.18940980475985808,0.09770988484235636,-0.18530110279835094,0.3769685822135608,0.0,0.3769685822135608,0.4229398268706305,0.4046322721292859,1.1875559589060303,0.5766757713299284,0.0,5.75526225566864,48.1548798084259,0.0007235169410705344
4.551999999999721,-0.18838624529353218,0.10562181475983422,-0.1857105340553694,0.3772764457108718,0.0,0.3772764457108718,0.4229617909779961,0.4047034998502166,1.1874378132987338,0.5766752200592594,0.0,6.06270033121109,48.69374990463257,0.005592101812362693
4.56199999999972,-0.18728414425023743,0.11279321476476296,-0.18603155222972576,0.37740760803660434,0.0,0.37740760803660434,0.42298351520770594,0.4047733143676694,1.187620604682607,0.5766746681008907,0.0,6.06270033121109,48.69374990463257,0.005592101812362693
4.5719999999997185,-0.1861277725163468,0.11712541427293718,-0.18633156734815692,0.37695492988495105,0.0,0.37695492988495105,0.4230048026964386,0.4048417437205039,1.1875280928403669,0.5766741167394303,0.0,6.06270033121109,48.69374990463257,0.005592101812362693
4.581999999999717,-0.18494604945873372,0.11840313516490922,-0.1866085037174127,0.3764255690893714,0.0,0.3764255690893714,0.4230254597093026,0.404908815391271,1.1878598916954712,0.5766735661866751,0.0,6.06270033121109,48.69374990463257,0.005592101812362693
4.591999999999716,-0.18376913120160177,0.11666501675261791,-0.18685941906548278,0.3756846727608394,0.0,0.3756846727608394,0.42304530124743406,0.40497455631724993,1.188404627921674,0.5766730167209191,0.0,6.06270033121109,48.69374990463257,0.005592101812362693
4.601999999999715,-0.18262542388009698,0.11307104238049946,-0.18706159371639072,0.37398372895695253,0.0,0.37398372895695253,0.4230641565403325,0.4050389929012674,1.1880801675884087,0.57667246890442,0.0,6.369701504707336,49.16745662689209,0.028201836347579945
4.611999999999714,-0.18150952141283208,0.11024090901012731,-0.18714707699754948,0.3713937670039829,0.0,0.3713937670039829,0.42308187298142713,0.40510215102230085,1.1869425418549175,0.5766719245701803,0.0,6.369701504707336,49.16745662689209,0.028201836347579945
4.621999999999713,-0.18043925347361756,0.10460593053188919,-0.1871857494683432,0.3690318056491106,0.0,0.3690318056491106,0.42309831529277636,0.40516405604587263,1.186508723325224,0.5766713835305172,0.0,6.369701504707336,49.16745662689209,0.028201836347579945
4.631999999999712,-0.1794376393114492,0.09690225502064312,-0.18717193718275163,0.36626167421593536,0.0,0.36626167421593536,0.4231133673613941,0.4052247328342367,1.1858360779690456,0.576670846350492,0.0,6.369701504707336,49.16745662689209,0.028201836347579945
4.641999999999711,-0.17852313876609444,0.08760549870317483,-0.1871019849831192,0.3633058560036297,0.0,0.3633058560036297,0.42312693551372277,0.4052842057563641,1.185178408328262,0.5766703134558067,0.0,6.369701504707336,49.16745662689209,0.028201836347579945
4.65199999999971,-0.17771507383382235,0.07612795601792179,-0.18697875176151,0.3609863804280198,0.0,0.3609863804280198,0.42313895074054864,0.4053424986977298,1.1856233468335124,0.5766697842611296,0.0,6.456628620624542,49.423943758010864,0.048543012142181374
4.661999999999709,-0.17702567025357405,0.06395361156979833,-0.18677813085201359,0.358070634212294,0.0,0.358070634212294,0.4231493707045727,0.405399635069906,1.1853726551801287,0.5766692592087447,0.0,6.456628620624542,49.423943758010864,0.048543012142181374
4.6719999999997075,-0.17646640062329888,0.050582002361827284,-0.1865275187074571,0.35465481719624786,0.0,0.35465481719624786,0.42315818054135135,0.40545563781996397,1.1844890040311058,0.5766687385674205,0.0,6.456628620624542,49.423943758010864,0.048543012142181374
4.681999999999706,-0.1760454911784529,0.03640284728410729,-0.18622827214192939,0.35174150507063945,0.0,0.35174150507063945,0.42316539309160145,0.4055105294396907,1.1843055953397021,0.5766682223811753,0.0,6.456628620624542,49.423943758010864,0.048543012142181374
4.691999999999705,-0.17577100644124655,0.021244027627761966,-0.18588849404003846,0.34948994058860067,0.0,0.34948994058860067,0.4231710487393105,0.40556433197462155,1.1849745006632653,0.5766677101725034,0.0,6.456628620624542,49.423943758010864,0.048543012142181374
4.701999999999704,-0.1756523091287545,0.006218485647640484,-0.18550544866538377,0.34575626013396393,0.0,0.34575626013396393,0.4231752152117552,0.40561706703289463,1.183421599038034,0.5766672019200811,0.0,6.427272140979767,49.56176280975342,0.030550628900527954
4.711999999999703,-0.1756707343861747,-0.007145771471300756,-0.18505716043696502,0.34317083306671736,0.0,0.34317083306671736,0.4231779867211773,0.4056687557939285,1.1832651676782553,0.5766666984697991,0.0,6.427272140979767,49.56176280975342,0.030550628900527954
4.721999999999702,-0.17581894985859367,-0.019923192714274694,-0.1845704421682574,0.34047978858995553,0.0,0.34047978858995553,0.4231794794052024,0.4057194190169288,1.182690590157619,0.576666199254817,0.0,6.427272140979767,49.56176280975342,0.030550628900527954
4.731999999999701,-0.17609328200275037,-0.032590307244748616,-0.18405857734500708,0.33861551236725224,0.0,0.33861551236725224,0.423179828016112,0.4057690770492251,1.1829491415406066,0.576665703375126,0.0,6.427272140979767,49.56176280975342,0.030550628900527954
4.7419999999997,-0.1764929521438184,-0.044806725706915886,-0.18353076814823693,0.33662821882478233,0.0,0.33662821882478233,0.4231791839036992,0.405817749834443,1.1826599403796907,0.5766652101951972,0.0,6.427272140979767,49.56176280975342,0.030550628900527954
4.751999999999699,-0.1770106395539714,-0.05619889446526741,-0.18299168038977603,0.3355671768142454,0.0,0.3355671768142454,0.42317771340331956,0.4058654569205139,1.1832481250354399,0.5766647191103981,0.0,6.231064677238464,49.58002686500549,0.012425386905670188
4.761999999999698,-0.1776333227386307,-0.0661347923948646,-0.18243731593861506,0.334381775899794,0.0,0.334381775899794,0.42317559523847614,0.4059122174675256,1.1832047727121566,0.576664229585338,0.0,6.231064677238464,49.58002686500549,0.012425386905670188
4.7719999999996965,-0.1783495740207784,-0.07521285479739807,-0.18189392703271814,0.3342846257784498,0.0,0.3342846257784498,0.42317301713454186,0.4059580502554176,1.184198651697654,0.5766637408594976,0.0,6.231064677238464,49.58002686500549,0.012425386905670188
4.781999999999695,-0.1791450241074659,-0.08205343817252507,-0.1813596041887991,0.33342919838101825,0.0,0.33342919838101825,0.4231701727711585,0.40600297369152355,1.1836249697634225,0.5766632530346281,0.0,6.231064677238464,49.58002686500549,0.012425386905670188
4.791999999999694,-0.1799921005260095,-0.08638284886792699,-0.18083602858620595,0.3334954508666456,0.0,0.3334954508666456,0.42316725813841927,0.40604700581796355,1.183830772724563,0.5766627659687712,0.0,6.231064677238464,49.58002686500549,0.012425386905670188
4.801999999999693,-0.18087559589848168,-0.0892335527304946,-0.18034258069866693,0.33348291335504077,0.0,0.33348291335504077,0.4231644664039588,0.4060901643188908,1.1834176018232523,0.5766622783359612,0.0,5.974235713481903,49.37410831451416,0.0014674365520477295
4.811999999999692,-0.18176993488400858,-0.0893896377851327,-0.179877364373736,0.3339808774680114,0.0,0.3339808774680114,0.42316198437221314,0.4061324665275934,1.1832251163328622,0.5766617906718723,0.0,5.974235713481903,49.37410831451416,0.0014674365520477295
4.821999999999691,-0.182659235474762,-0.08822934547822285,-0.17945494584690733,0.3351885975025178,0.0,0.3351885975025178,0.42315998832544116,0.406173929433456,1.1835550457364232,0.5766613013096025,0.0,5.974235713481903,49.37410831451416,0.0014674365520477295
4.83199999999969,-0.1835198442846872,-0.08441521597387985,-0.17906676747127,0.33616338971860915,0.0,0.33616338971860915,0.4231586409757633,0.4062145696887831,1.1831187164448769,0.576660810738436,0.0,5.974235713481903,49.37410831451416,0.0014674365520477295
4.841999999999689,-0.18433323048086292,-0.0791949100337403,-0.17872770094940563,0.3380182103377178,0.0,0.3380182103377178,0.42315808799632143,0.4062544036154867,1.1835144749745679,0.576660317802622,0.0,5.974235713481903,49.37410831451416,0.0014674365520477295
4.851999999999688,-0.18509015782689917,-0.07347911732355408,-0.17846082929607626,0.340227798951523,0.0,0.340227798951523,0.42315845544423314,0.4062934472116417,1.1840510269675266,0.5766598216391652,0.0,5.7009207010269165,48.8809609413147,0.0002786993980407604
4.861999999999687,-0.18579069673256307,-0.06734248282420657,-0.17830157275162536,0.3422174045723389,0.0,0.3422174045723389,0.42315984924478056,0.406331716157911,1.1839778755793582,0.5766593223147517,0.0,5.7009207010269165,48.8809609413147,0.0002786993980407604
4.8719999999996855,-0.18640745830728686,-0.057669060855439824,-0.17818266605822985,0.34404544677882953,0.0,0.34404544677882953,0.4231623556571573,0.4063692258238432,1.183439020769337,0.5766588207095986,0.0,5.7009207010269165,48.8809609413147,0.0002786993980407604
4.881999999999684,-0.18691552432273165,-0.04608878711353592,-0.178111796330938,0.34599955110253855,0.0,0.34599955110253855,0.42316603789896323,0.40638956166038903,1.182900407097909,0.5766583161867374,0.0,5.7009207010269165,48.8809609413147,0.0002786993980407604
4.891999999999683,-0.18730860098679603,-0.03484936364605098,-0.17810873818323922,0.34935070614572783,0.0,0.34935070614572783,0.4231709329375268,0.40619911718935775,1.1840295521575503,0.5766578072714673,0.0,5.7009207010269165,48.8809609413147,0.0002786993980407604
4.901999999999682,-0.18758689255208863,-0.023341431221190773,-0.17817731449404314,0.35188087912186816,0.0,0.35188087912186816,0.4231770518509138,0.40608248547952924,1.1839812503796106,0.5766572944351038,0.0,5.6473599672317505,48.44964563846588,0.00022071003913881615
4.911999999999681,-0.18775243287864188,-0.011999723454411563,-0.17834634967263288,0.35416917773720746,0.0,0.35416917773720746,0.4231843815429174,0.4060101422100559,1.1836473949367707,0.5766567782599488,0.0,5.6473599672317505,48.44964563846588,0.00022071003913881615
4.92199999999968,-0.18780226532266633,-0.00025503665087461304,-0.17856899118562095,0.3568971381896568,0.0,0.3568971381896568,0.42319288659037896,0.40598212248850424,1.1841126158303377,0.5766562580022595,0.0,5.6473599672317505,48.44964563846588,0.00022071003913881615
4.931999999999679,-0.18773225937467208,0.011901447410972345,-0.17883663020425225,0.3590879025807321,0.0,0.3590879025807321,0.4232025103405711,0.4059040736325511,1.1839427653446144,0.576655734088431,0.0,5.6473599672317505,48.44964563846588,0.00022071003913881615
4.941999999999678,-0.1875336459944527,0.025115391674720253,-0.17913081043335394,0.360947926393104,0.0,0.360947926393104,0.4232131755003303,0.4057343476977635,1.1834130520578088,0.5766552076316233,0.0,5.6473599672317505,48.44964563846588,0.00022071003913881615
4.951999999999677,-0.1872080255112465,0.037362953204819964,-0.17946130167863109,0.3631252424772158,0.0,0.3631252424772158,0.42322478419556403,0.4055313284450437,1.1836236928395762,0.5766546780046679,0.0,5.759941220283508,48.357332944869995,0.000776177644729592
4.961999999999676,-0.18676962805621028,0.048110151819495205,-0.17983046898399202,0.3649962541097921,0.0,0.3649962541097921,0.4232372197410389,0.40531677143608574,1.183614772355022,0.5766541452207063,0.0,5.759941220283508,48.357332944869995,0.000776177644729592
4.9719999999996745,-0.18622347230712424,0.05876213395830014,-0.18021087957564183,0.3662725927220431,0.0,0.3662725927220431,0.42325035040254255,0.4050210181248438,1.1831696778226746,0.5766536106217992,0.0,5.759941220283508,48.357332944869995,0.000776177644729592
4.981999999999673,-0.18557777185309313,0.06840891255237616,-0.1806003565290142,0.36701223708358666,0.0,0.36701223708358666,0.4232640318305687,0.4046798153618044,1.1822606114322776,0.5766530743214339,0.0,5.759941220283508,48.357332944869995,0.000776177644729592
4.991999999999672,-0.18484306467616632,0.07653040470978825,-0.18099351686769388,0.36818252358964104,0.0,0.36818252358964104,0.42327810948861294,0.40443697797804734,1.1824981366369836,0.5766525366699521,0.0,5.759941220283508,48.357332944869995,0.000776177644729592
5.001999999999671,-0.18403609528490483,0.08378639338005354,-0.18136624484407432,0.36834199674332646,0.0,0.36834199674332646,0.42329242176174725,0.40425288651660307,1.1817908325275142,0.5766519981812458,0.0,6.016047775745392,48.791298270225525,0.0040881335735321045
5.01199999999967,-0.18315000284961266,0.09144063578443934,-0.18165784458397882,0.36818603588262516,0.0,0.36818603588262516,0.42330680308921137,0.4042567324287219,1.181324422836107,0.5766514598365108,0.0,6.016047775745392,48.791298270225525,0.0040881335735321045
5.021999999999669,-0.18220536698316164,0.0959624430586553,-0.1819371787869712,0.3684787928126875,0.0,0.3684787928126875,0.4233210842283418,0.4043354110971769,1.1820373052903537,0.5766509215386036,0.0,6.016047775745392,48.791298270225525,0.0040881335735321045
5.031999999999668,-0.1812379965411076,0.09700115850388383,-0.18220901331157457,0.36807471650535656,0.0,0.36807471650535656,0.4233350962554798,0.40441129897300054,1.1822243907565397,0.5766503829763555,0.0,6.016047775745392,48.791298270225525,0.0040881335735321045
5.041999999999667,-0.18026973351256212,0.09650713922286241,-0.18245238029145808,0.367133792937091,0.0,0.367133792937091,0.4233486771957513,0.4044869109424922,1.1820948874433637,0.5766498456716196,0.0,6.016047775745392,48.791298270225525,0.0040881335735321045
5.051999999999666,-0.17931646194588163,0.09465273708232354,-0.18265087757941495,0.3659697867850695,0.0,0.3659697867850695,0.42336167618320353,0.40456102272221417,1.1820642824838141,0.5766493099045786,0.0,6.308464586734772,49.19899225234985,0.01644963026046753
5.0619999999996645,-0.17838077409387257,0.09244119242935345,-0.18275955122203993,0.3645135772228338,0.0,0.3645135772228338,0.42337395564598596,0.4046336640768896,1.1820009681792587,0.5766487762428293,0.0,6.308464586734772,49.19899225234985,0.01644963026046753
5.0719999999996634,-0.17748463749154597,0.08750827638113719,-0.18283527014325815,0.3626585862865758,0.0,0.3626585862865758,0.4233853918398463,0.4047048641806908,1.1817151226875162,0.5766482447357371,0.0,6.308464586734772,49.19899225234985,0.01644963026046753
5.081999999999662,-0.17664677015922944,0.08113826880165598,-0.18286686509779093,0.3604860911419843,0.0,0.3604860911419843,0.42339587771015097,0.40477465162895554,1.1812772072675302,0.5766477163159174,0.0,6.308464586734772,49.19899225234985,0.01644963026046753
5.091999999999661,-0.1758834685169861,0.07285894704593719,-0.182858388758781,0.3585681503122034,0.0,0.3585681503122034,0.4234053256097571,0.4048430544496721,1.1814406989489337,0.5766471908099439,0.0,6.308464586734772,49.19899225234985,0.01644963026046753
5.10199999999966,-0.17521464119674804,0.06284050661595425,-0.18280776209766186,0.35690333066741203,0.0,0.35690333066741203,0.42341366936854924,0.4049101001147352,1.182148669565118,0.5766466680321867,0.0,6.434556722640991,49.420363903045654,0.036529648303985585
5.111999999999659,-0.17465129541409685,0.05175344046812365,-0.18269917912361236,0.35496604180502755,0.0,0.35496604180502755,0.42342086648896576,0.40497581555098,1.1826038610128815,0.5766461479928026,0.0,6.434556722640991,49.420363903045654,0.036529648303985585
5.121999999999658,-0.1742050777335373,0.03998227808190238,-0.1825498148166952,0.3521573601946437,0.0,0.3521573601946437,0.4234268990137354,0.4050402271509959,1.1819047996560326,0.5766456313786837,0.0,6.434556722640991,49.420363903045654,0.036529648303985585
5.131999999999657,-0.17388217517367574,0.027009665463615135,-0.18236710830038558,0.3503949391823201,0.0,0.3503949391823201,0.42343177388906617,0.4051033607837265,1.1826766784880078,0.5766451177497384,0.0,6.434556722640991,49.420363903045654,0.036529648303985585
5.141999999999656,-0.17369199666882978,0.013722560991042982,-0.18215017878392023,0.3483778780025139,0.0,0.3483778780025139,0.423435522783224,0.4051652418048588,1.1830352807000293,0.5766446072620189,0.0,6.434556722640991,49.420363903045654,0.036529648303985585
5.151999999999655,-0.1736319529188273,0.0011604225705905483,-0.18189074749346232,0.3455731559528527,0.0,0.3455731559528527,0.4234382018953148,0.40522589506700724,1.182175540667785,0.5766441003355927,0.0,6.392455577850342,49.5508873462677,0.02697506546974182
5.1619999999996535,-0.1736906105706191,-0.01064616488786617,-0.18158148054818898,0.3437501264541068,0.0,0.3437501264541068,0.4234398897130546,0.40528534492969415,1.1825194814178839,0.5766435967441598,0.0,6.392455577850342,49.5508873462677,0.02697506546974182
5.171999999999652,-0.17387051140775484,-0.022815259093539625,-0.1812514980643686,0.3422134198582565,0.0,0.3422134198582565,0.4234406837881692,0.40522943267168343,1.1829938504920896,0.5766430956213406,0.0,6.392455577850342,49.5508873462677,0.02697506546974182
5.181999999999651,-0.17417005399643348,-0.034810971424960355,-0.18090477594653484,0.3410166345253993,0.0,0.3410166345253993,0.4234406993562731,0.40495515380697017,1.1833515140158257,0.5766425967303623,0.0,6.392455577850342,49.5508873462677,0.02697506546974182
5.19199999999965,-0.17458939086271136,-0.04650335151044861,-0.18055073252282414,0.3395010422804176,0.0,0.3395010422804176,0.42344006795423733,0.40484463326253806,1.1832072759614922,0.5766420993981927,0.0,6.392455577850342,49.5508873462677,0.02697506546974182
5.201999999999649,-0.1751168146578694,-0.05690276863002937,-0.18018621279637173,0.33886789766012343,0.0,0.33886789766012343,0.42343893589336906,0.40437190751134,1.1835064025212385,0.5766416037406614,0.0,6.187742233276367,49.537667632102966,0.010357099771499623
5.211999999999648,-0.17574377912167877,-0.06661476438298572,-0.17982116949757532,0.33884550050657675,0.0,0.33884550050657675,0.42343746122061005,0.40391597572927357,1.1842886017895329,0.5766411085983804,0.0,6.187742233276367,49.537667632102966,0.010357099771499623
5.221999999999647,-0.17646739265189176,-0.0760138274151609,-0.17947641232876324,0.3391841378965863,0.0,0.3391841378965863,0.4234358111343983,0.40359924368402256,1.1852358963741758,0.5766406130211077,0.0,6.187742233276367,49.537667632102966,0.010357099771499623
5.231999999999646,-0.1772745411467126,-0.08350670019805873,-0.179146489408234,0.3390431668267381,0.0,0.3390431668267381,0.4234341603054043,0.40349297665946565,1.1853473459980362,0.5766401173505978,0.0,6.187742233276367,49.537667632102966,0.010357099771499623
5.241999999999645,-0.17814421704533673,-0.0890059474530319,-0.1788354221383927,0.3395323638330455,0.0,0.3395323638330455,0.4234326877196501,0.4035555937654613,1.1860084388973748,0.576639621251835,0.0,6.187742233276367,49.537667632102966,0.010357099771499623
5.251999999999644,-0.1790547829916579,-0.0922819662421844,-0.1785478596363231,0.34008486937596033,0.0,0.34008486937596033,0.4234315722810109,0.40364818347282744,1.1863907776646174,0.5766391245710535,0.0,5.9490697383880615,49.35270071029663,0.0017087996006012185
5.2619999999996425,-0.17998987985643794,-0.09392087371777776,-0.178301959561086,0.3407735025168244,0.0,0.3407735025168244,0.423430988568492,0.40373893614126033,1.1865256592225175,0.5766386266587644,0.0,5.9490697383880615,49.35270071029663,0.0017087996006012185
5.271999999999641,-0.18092426187699817,-0.0928666390073577,-0.17808166322119692,0.34165966998828057,0.0,0.34165966998828057,0.42343110341596,0.40382788821878596,1.1865195199429512,0.5766381276477693,0.0,5.9490697383880615,49.35270071029663,0.0017087996006012185
5.28199999999964,-0.18183016860311638,-0.08873873312353593,-0.17788319126062183,0.3421949055282248,0.0,0.3421949055282248,0.42343207162140784,0.40388983134927153,1.1856148685976753,0.5766376277268871,0.0,5.9490697383880615,49.35270071029663,0.0017087996006012185
5.291999999999639,-0.1826795733121174,-0.08213333399337622,-0.17770990094699723,0.3431671414441525,0.0,0.3431671414441525,0.4234340311779406,0.4039510061495765,1.1849833328200676,0.5766371265982474,0.0,5.9490697383880615,49.35270071029663,0.0017087996006012185
5.301999999999638,-0.1834567493489581,-0.07500716317946818,-0.17758968340482392,0.34504276319631366,0.0,0.34504276319631366,0.42343709899374404,0.40403575062268365,1.185305347966732,0.5766366231415527,0.0,5.706184089183807,48.902121782302856,0.00041463375091554955
5.311999999999637,-0.18416742313890022,-0.06808276443665234,-0.17756473865598277,0.3468750004838059,0.0,0.3468750004838059,0.4234413694679624,0.4041188137113162,1.1853354537216139,0.5766361169769498,0.0,5.706184089183807,48.902121782302856,0.00041463375091554955
5.321999999999636,-0.18479757993868906,-0.0596214096615995,-0.1775848917661668,0.3492776660552054,0.0,0.3492776660552054,0.42344691606908036,0.4041954902534495,1.1859634560363292,0.5766356078273362,0.0,5.706184089183807,48.902121782302856,0.00041463375091554955
5.331999999999635,-0.1853373600521108,-0.050093953998953805,-0.17765356742711477,0.3515531325484024,0.0,0.3515531325484024,0.4234537906385708,0.4042753840057785,1.1862759596746866,0.5766350953239554,0.0,5.706184089183807,48.902121782302856,0.00041463375091554955
5.341999999999634,-0.18577770552234135,-0.04014845052453353,-0.17777422888184646,0.35443992000900054,0.0,0.35443992000900054,0.42346202264372956,0.4043536926150316,1.1873585896075936,0.576634579099484,0.0,5.706184089183807,48.902121782302856,0.00041463375091554955
5.351999999999633,-0.18612414545526293,-0.03104434429060084,-0.1779679099325268,0.35707706952844603,0.0,0.35707706952844603,0.4234716192487258,0.4044304475314597,1.1880594871847354,0.5766340583193453,0.0,5.666156589984894,48.55849862098694,0.0003591299057006947
5.3619999999996315,-0.18637844574078566,-0.02147100680047393,-0.17824263181007682,0.359396754409742,0.0,0.359396754409742,0.4234825675192702,0.40450567958132094,1.1883429116704818,0.5766335344380178,0.0,5.666156589984894,48.55849862098694,0.0003591299057006947
5.37199999999963,-0.18652924415683933,-0.010621052692729241,-0.17855279357279305,0.36134750549439537,0.0,0.36134750549439537,0.4234948359382272,0.4045794189792606,1.1881973419864171,0.5766330073855208,0.0,5.666156589984894,48.55849862098694,0.0003591299057006947
5.381999999999629,-0.18656743816656024,0.0009309672391235452,-0.1788934227124824,0.36312593416408867,0.0,0.36312593416408867,0.42350837378525974,0.4046516953404462,1.1879540714490924,0.5766324773961155,0.0,5.666156589984894,48.55849862098694,0.0003591299057006947
5.391999999999628,-0.18649233296390877,0.011901854283141765,-0.1792682481833978,0.36548718378049827,0.0,0.36548718378049827,0.42352311077323435,0.40472253769246147,1.188723120162371,0.5766319441365428,0.0,5.666156589984894,48.55849862098694,0.0003591299057006947
5.401999999999627,-0.18631096227323152,0.02212341550732709,-0.17967278896358643,0.36792301741031996,0.0,0.36792301741031996,0.423538958321203,0.4047919744869643,1.189839270936731,0.5766314077800833,0.0,5.772085070610046,48.52354407310486,0.0010279297828674205
5.411999999999626,-0.1860323633925257,0.03159052578699832,-0.18010004678691058,0.369478064902034,0.0,0.369478064902034,0.42355581215516774,0.4048600336111135,1.1900054991965239,0.5766308686098,0.0,5.772085070610046,48.52354407310486,0.0010279297828674205
5.421999999999625,-0.1856585844879631,0.04125941435069447,-0.18053213966650095,0.3701670131673994,0.0,0.3701670131673994,0.42357355504747624,0.4049267423987687,1.1892793122743157,0.5766303278904318,0.0,5.772085070610046,48.52354407310486,0.0010279297828674205
5.431999999999624,-0.18519131329270852,0.050295173605478846,-0.18096501697359332,0.3708812749000202,0.0,0.3708812749000202,0.4235920583116618,0.40499212764146847,1.1889428611270596,0.5766297858905445,0.0,5.772085070610046,48.52354407310486,0.0010279297828674205
5.441999999999623,-0.18463834702566848,0.058342250457236185,-0.18139249491358347,0.3717428286992402,0.0,0.3717428286992402,0.42361118311631024,0.40505621559919025,1.1891936231876492,0.5766292430342566,0.0,5.772085070610046,48.52354407310486,0.0010279297828674205
5.451999999999622,-0.18401633625572142,0.06481177484607328,-0.18180456735855294,0.3723535322367384,0.0,0.3723535322367384,0.42363078292324163,0.4051190320108965,1.1894916343224795,0.5766286990120123,0.0,6.00087183713913,48.90245079994202,0.004440450668334983
5.4619999999996205,-0.18332907764321293,0.07088785956335425,-0.1821511601822525,0.3727249653616004,0.0,0.3727249653616004,0.4236507068846374,0.4051806021048723,1.1898561561537553,0.5766281543655488,0.0,6.00087183713913,48.90245079994202,0.004440450668334983
5.471999999999619,-0.18260269390069792,0.07325932097443909,-0.18249926835068353,0.373741417796974,0.0,0.373741417796974,0.4236708018201441,0.40524095060885745,1.1915214693945901,0.5766276086223294,0.0,6.00087183713913,48.90245079994202,0.004440450668334983
5.481999999999618,-0.18186751317389907,0.07360943154004207,-0.18283552550998275,0.3730790516731766,0.0,0.3730790516731766,0.42369091716064017,0.40530010175997766,1.19122226210733,0.576627062720935,0.0,6.00087183713913,48.90245079994202,0.004440450668334983
5.491999999999617,-0.1811371452702209,0.07250953412953932,-0.18314913929373214,0.37265539606600684,0.0,0.37265539606600684,0.4237109104350047,0.4053580793144786,1.1916284655509308,0.5766265174729432,0.0,6.00087183713913,48.90245079994202,0.004440450668334983
5.501999999999616,-0.1804199930065788,0.07152178420443962,-0.18341108088542923,0.37100290644978207,0.0,0.37100290644978207,0.42373064981826675,0.4054149065572668,1.1906653007959267,0.5766259741331029,0.0,6.243122696876526,49.252559542655945,0.015393894910812389
5.511999999999615,-0.1797070947290289,0.070750295035688,-0.18358324062489106,0.36971896087126765,0.0,0.36971896087126765,0.4237500147505945,0.4054706063112613,1.190543120821991,0.5766254330836378,0.0,6.243122696876526,49.252559542655945,0.015393894910812389
5.521999999999614,-0.17902235663664726,0.06662278964092005,-0.18373142503908582,0.3687831978340217,0.0,0.3687831978340217,0.4237688946650804,0.40552520094655997,1.191198961267597,0.5766248933174254,0.0,6.243122696876526,49.252559542655945,0.015393894910812389
5.531999999999613,-0.17839008508859563,0.060832254498696454,-0.18384473380920374,0.3668994415067912,0.0,0.3668994415067912,0.4237871923038294,0.4055787123894235,1.1907777608339476,0.5766243557083458,0.0,6.243122696876526,49.252559542655945,0.015393894910812389
5.541999999999612,-0.17782156425000006,0.05403022933798268,-0.1839166305130142,0.36510584707293675,0.0,0.36510584707293675,0.4238048275192436,0.4056311621310818,1.1906913639274368,0.5766238208447492,0.0,6.243122696876526,49.252559542655945,0.015393894910812389
5.551999999999611,-0.17732427502378964,0.04668510759374238,-0.18393851746179013,0.3631987208539407,0.0,0.3631987208539407,0.4238217385379316,0.4056825712363648,1.1906105907769415,0.5766232891070824,0.0,6.3295610547065735,49.42641854286194,0.031065094470977772
5.5619999999996095,-0.1769092641508805,0.03769507810879105,-0.1839119075297292,0.36183406361831755,0.0,0.36183406361831755,0.42383788233646685,0.405732960352163,1.1914032598750923,0.5766227594403844,0.0,6.3295610547065735,49.42641854286194,0.031065094470977772
5.571999999999608,-0.17659411952059315,0.027329996535018768,-0.183855012684735,0.3599573453381184,0.0,0.3599573453381184,0.4238532356735276,0.4057823497157192,1.191537099257487,0.5766222321245168,0.0,6.3295610547065735,49.42641854286194,0.031065094470977772
5.581999999999607,-0.17638811910238245,0.016056150803649052,-0.18376846444755737,0.3582821960570938,0.0,0.3582821960570938,0.42386779685456216,0.4058307591627563,1.1919573318870702,0.5766217072038372,0.0,6.3295610547065735,49.42641854286194,0.031065094470977772
5.591999999999606,-0.17629029011379588,0.005710698678921709,-0.18363855424888592,0.3556266320229827,0.0,0.3556266320229827,0.4238815861180516,0.4058782081354441,1.1909568173048608,0.5766211857907073,0.0,6.3295610547065735,49.42641854286194,0.031065094470977772
5.601999999999605,-0.17629312041542153,-0.0043698228143677995,-0.18346899220978088,0.3540856244080673,0.0,0.3540856244080673,0.4238946439859535,0.4059247156902071,1.1914220106408162,0.5766206674915964,0.0,6.289998173713684,49.531954526901245,0.02448914051055906
5.611999999999604,-0.17639770523820408,-0.014424316483090463,-0.18326094070076626,0.3520444107613093,0.0,0.3520444107613093,0.42390702869147046,0.40597030050537825,1.191042533801434,0.5766201515934671,0.0,6.289998173713684,49.531954526901245,0.02448914051055906
5.621999999999603,-0.1766030971700947,-0.024634025851926877,-0.18303106991231588,0.35088361939252183,0.0,0.35088361939252183,0.42391881487960187,0.4060149808887004,1.191705044795396,0.5766196379320164,0.0,6.289998173713684,49.531954526901245,0.02448914051055906
5.631999999999602,-0.17691178752436726,-0.03480952840872109,-0.18278681412344214,0.34942248378366003,0.0,0.34942248378366003,0.4239300924317072,0.4059529208465313,1.19165350831793,0.5766191260097202,0.0,6.289998173713684,49.531954526901245,0.02448914051055906
5.641999999999601,-0.1773115527433008,-0.04347283745618179,-0.182519367922522,0.34832439789368613,0.0,0.34832439789368613,0.4239409654215423,0.4057219644712566,1.1916451177733152,0.5766186165325318,0.0,6.289998173713684,49.531954526901245,0.02448914051055906
5.6519999999996,-0.17779870441938403,-0.052097098085113897,-0.18224882672368406,0.34758859453403124,0.0,0.34758859453403124,0.42395154923084044,0.4054373098766772,1.191778647239041,0.576618107991866,0.0,6.128214776515961,49.51533913612366,0.010604310035705555
5.6619999999995985,-0.178364888574178,-0.05939760417997719,-0.18196952922170984,0.3466290877211836,0.0,0.3466290877211836,0.42396196859913426,0.40525132862575614,1.1913062731676218,0.5766176006063644,0.0,6.128214776515961,49.51533913612366,0.010604310035705555
5.671999999999597,-0.17899219024055799,-0.06491644972421787,-0.18168347051092137,0.3461813573043014,0.0,0.3461813573043014,0.42397235521049437,0.4052640561929555,1.191423967695722,0.5766170945259272,0.0,6.128214776515961,49.51533913612366,0.010604310035705555
5.681999999999596,-0.17966699576509818,-0.06898870578190783,-0.18139918140711322,0.3456443693771006,0.0,0.3456443693771006,0.4239828439115057,0.40532274891452924,1.1911323458472611,0.5766165891435588,0.0,6.128214776515961,49.51533913612366,0.010604310035705555
5.691999999999595,-0.18037080036986786,-0.0709621717015301,-0.18111459900356863,0.34482601825688086,0.0,0.34482601825688086,0.4239935694835237,0.4053802771350187,1.1900831528545845,0.576616084604086,0.0,6.128214776515961,49.51533913612366,0.010604310035705555
5.701999999999594,-0.18108508987126304,-0.07184610449803043,-0.1808438353518576,0.3453885347376301,0.0,0.3453885347376301,0.4240046629778393,0.4054366639588691,1.190609333255859,0.5766155801278731,0.0,5.94247031211853,49.35379683971405,0.002234870195388816
5.711999999999593,-0.18180817062857033,-0.07238219080846144,-0.18061023577486415,0.34593787339350274,0.0,0.34593787339350274,0.4240162486792078,0.405491932032119,1.1907679973525325,0.576615074688667,0.0,5.94247031211853,49.35379683971405,0.002234870195388816
5.721999999999592,-0.1825290069442945,-0.07162999071313211,-0.1804027647018555,0.3467278472974857,0.0,0.3467278472974857,0.4240284435016318,0.4055461035514947,1.1909291869307386,0.5766145680783251,0.0,5.94247031211853,49.35379683971405,0.002234870195388816
5.731999999999591,-0.18322987334419563,-0.06884448220151178,-0.18021671376098608,0.3474735923653948,0.0,0.3474735923653948,0.4240413553712589,0.4055992002733254,1.1907157340958763,0.5766140605539244,0.0,5.94247031211853,49.35379683971405,0.002234870195388816
5.74199999999959,-0.1838907069583712,-0.06412399196490445,-0.18005267673100184,0.34831700116575287,0.0,0.34831700116575287,0.42405508034630357,0.40565124352228105,1.190356251591306,0.5766135520124247,0.0,5.94247031211853,49.35379683971405,0.002234870195388816
5.7519999999995886,-0.18449933994021595,-0.05884592215648645,-0.1799312862228162,0.3495922372353515,0.0,0.3495922372353515,0.42406969956832685,0.4057022541999363,1.1903532780937152,0.5766130416255862,0.0,5.743794322013855,49.01448845863342,0.0007054924964904896
5.7619999999995875,-0.18505677549070376,-0.053258321690434526,-0.17988065607330914,0.3506660096536815,0.0,0.3506660096536815,0.4240852780094048,0.4057522527931652,1.1898605085829408,0.5766125293443487,0.0,5.743794322013855,49.01448845863342,0.0007054924964904896
5.771999999999586,-0.18554527970790574,-0.0459211869005625,-0.17985891537282228,0.3526546842844961,0.0,0.3526546842844961,0.4241018649564222,0.40580125938236933,1.1904866655522168,0.5766120152400367,0.0,5.743794322013855,49.01448845863342,0.0007054924964904896
5.781999999999585,-0.18595681496216915,-0.03778823922005129,-0.1798740970732357,0.35403342796875337,0.0,0.35403342796875337,0.4241194922950676,0.40584929364954214,1.1901411607559078,0.576611498671933,0.0,5.743794322013855,49.01448845863342,0.0007054924964904896
5.791999999999584,-0.18627857835156664,-0.028356168760318868,-0.17991741408386394,0.355366638725438,0.0,0.355366638725438,0.42413817364811673,0.40589637488617375,1.1896615168058695,0.5766109801385276,0.0,5.743794322013855,49.01448845863342,0.0007054924964904896
5.801999999999583,-0.18650719755473022,-0.019363624269555426,-0.18000844271341312,0.35730482290392285,0.0,0.35730482290392285,0.4241579034442862,0.40594252200099884,1.19000667630977,0.5766104588060538,0.0,5.701808214187622,48.74806106090546,0.0006388306617736705
5.811999999999582,-0.18664836544077815,-0.010586763630949418,-0.18016247742644093,0.3588933989054336,0.0,0.3588933989054336,0.4241786575503748,0.40598775352759064,1.18988977815456,0.5766099352045722,0.0,5.701808214187622,48.74806106090546,0.0006388306617736705
5.821999999999581,-0.18670551704818286,-0.002621708936294395,-0.1803608189814108,0.36153848620584644,0.0,0.36153848620584644,0.42420039540676674,0.40603208763180454,1.1913264792150107,0.5766094081617016,0.0,5.701808214187622,48.74806106090546,0.0006388306617736705
5.83199999999958,-0.1866866774245529,0.004856979331269206,-0.180599603001167,0.36360118130206265,0.0,0.36360118130206265,0.4242230620549354,0.4060755421190737,1.192060984325312,0.5766088778075221,0.0,5.701808214187622,48.74806106090546,0.0006388306617736705
5.841999999999579,-0.18659113684893266,0.012629574126635018,-0.18086550676371677,0.36526099162294634,0.0,0.36526099162294634,0.424246590423027,0.40611813444156014,1.19238294505402,0.57660834493171,0.0,5.701808214187622,48.74806106090546,0.0006388306617736705
5.8519999999995775,-0.1864243473664382,0.01953693673584895,-0.18116384489059223,0.36698506661608205,0.0,0.36698506661608205,0.42427090238103704,0.40615988170516387,1.1929816843461853,0.576607809038056,0.0,5.803894877433777,48.74030411243439,0.0013900279998779186
5.861999999999576,-0.18618584244068226,0.026716070350847304,-0.1814744134345435,0.3683305753027525,0.0,0.3683305753027525,0.4242959102886317,0.4062008006763928,1.1932688617155993,0.5766072712319512,0.0,5.803894877433777,48.74030411243439,0.0013900279998779186
5.871999999999575,-0.18587593237050348,0.03376880779490171,-0.18179418122180543,0.36919987758148004,0.0,0.36919987758148004,0.4243215178744628,0.4062409077890968,1.193137499648605,0.5766067319046962,0.0,5.803894877433777,48.74030411243439,0.0013900279998779186
5.881999999999574,-0.18549455279818647,0.041193055086872696,-0.18210915640016498,0.3692577376239922,0.0,0.3692577376239922,0.4243476209286283,0.40628021915106743,1.1921445205504422,0.5766061919905865,0.0,5.803894877433777,48.74030411243439,0.0013900279998779186
5.891999999999573,-0.1850371918299788,0.048532215244426455,-0.18241114661811408,0.3695394032050796,0.0,0.3695394032050796,0.4243741077482486,0.4063187505505076,1.191764647621454,0.5766056520786531,0.0,5.803894877433777,48.74030411243439,0.0013900279998779186
5.901999999999572,-0.18451592031750705,0.05449364660377993,-0.1827002558000987,0.3699454808420793,0.0,0.3699454808420793,0.4244008593488378,0.40635651746237206,1.1918755238648213,0.576605111514808,0.0,5.99461156129837,49.00144577026367,0.004076313972473156
5.911999999999571,-0.18394043315850514,0.0593583790612761,-0.18294909989520355,0.3702146838196531,0.0,0.3702146838196531,0.4244277519822992,0.40639353505458264,1.1921151303954145,0.576604570237631,0.0,5.99461156129837,49.00144577026367,0.004076313972473156
5.92199999999957,-0.1833184396422939,0.06393517193667388,-0.18317009985481125,0.3690313801201603,0.0,0.3690313801201603,0.42445465959205425,0.40642981819411983,1.1906426865259845,0.5766040302282992,0.0,5.99461156129837,49.00144577026367,0.004076313972473156
5.931999999999569,-0.1826582346368055,0.06738319295884168,-0.18336410531575853,0.3679399611759811,0.0,0.3679399611759811,0.4244814555805361,0.4064653814529938,1.1896220257822312,0.5766034915060614,0.0,5.99461156129837,49.00144577026367,0.004076313972473156
5.941999999999568,-0.18197422175037312,0.0688772884537166,-0.18353489612057886,0.3672077474087679,0.0,0.3672077474087679,0.42450801459757004,0.40650023911409666,1.1894215988570207,0.5766029538848335,0.0,5.99461156129837,49.00144577026367,0.004076313972473156
5.9519999999995665,-0.1812841670967985,0.06898264113572566,-0.1836703358743606,0.36660344647000204,0.0,0.36660344647000204,0.4245342154161069,0.4065344051769389,1.1897031084310532,0.5766024176590698,0.0,6.223457038402557,49.269214272499084,0.011159098148345925
5.961999999999565,-0.18059964469420817,0.06766398434743595,-0.18375054472406477,0.36580844330067486,0.0,0.36580844330067486,0.4245599440251359,0.40656789336327176,1.1899962022978445,0.5766018825264758,0.0,6.223457038402557,49.269214272499084,0.011159098148345925
5.971999999999564,-0.17994520281933934,0.06363931963788809,-0.18381406240837841,0.3650361733748414,0.0,0.3650361733748414,0.4245850958975835,0.4066007171225982,1.1905685305712266,0.5766013483965248,0.0,6.223457038402557,49.269214272499084,0.011159098148345925
5.981999999999563,-0.1793407110450933,0.05807615423979715,-0.18385342003277916,0.36379869454932534,0.0,0.36379869454932534,0.4246095798349193,0.40663288963757444,1.1907026874158793,0.5766008158689873,0.0,6.223457038402557,49.269214272499084,0.011159098148345925
5.991999999999562,-0.17879615011090425,0.051869838804849105,-0.1838602199003,0.3622820920200913,0.0,0.3622820920200913,0.4246333210029641,0.4066644238293043,1.190623065300169,0.5766002856337046,0.0,6.223457038402557,49.269214272499084,0.011159098148345925
6.001999999999561,-0.17831650105071087,0.04547814630907255,-0.18382603039288217,0.35997639234587486,0.0,0.35997639234587486,0.42465626189801725,0.40669533236252864,1.1895783453286535,0.5765997580971656,0.0,6.3100467920303345,49.41718280315399,0.021156084537506115
6.01199999999956,-0.17790231645708,0.03845482095608918,-0.18374425516392956,0.3586060254014409,0.0,0.3586060254014409,0.42467836211425214,0.4067256276507119,1.1899427640522033,0.5765992329838229,0.0,6.3100467920303345,49.41718280315399,0.021156084537506115
6.021999999999559,-0.17756504808446735,0.030674193679536017,-0.18363132141501642,0.3564102040218684,0.0,0.3564102040218684,0.4246995977773409,0.4067553218610273,1.189206851339276,0.5765987104375899,0.0,6.3100467920303345,49.41718280315399,0.021156084537506115
6.031999999999558,-0.17730703416700397,0.022535239211308924,-0.18348507218723042,0.35475960873305956,0.0,0.35475960873305956,0.4247199621671879,0.4067844269192438,1.189248086579091,0.5765981907173061,0.0,6.3100467920303345,49.41718280315399,0.021156084537506115
6.041999999999557,-0.177131250065128,0.014219248469255364,-0.18330678804912742,0.3529320974628622,0.0,0.3529320974628622,0.4247394652876487,0.40681295451451527,1.1890136354740588,0.5765976738221213,0.0,6.3100467920303345,49.41718280315399,0.021156084537506115
6.0519999999995555,-0.1770433769059368,0.005111806245807447,-0.1831049330425439,0.3517059383216872,0.0,0.3517059383216872,0.4247581333138121,0.40684091610407536,1.18955094792453,0.5765971589892841,0.0,6.256906270980835,49.50673997402191,0.018985337018966653
6.061999999999554,-0.1770448408642653,-0.00363848388242982,-0.18286869790191718,0.3499497539554289,0.0,0.3499497539554289,0.424776008467786,0.40686832291783886,1.1892321587916008,0.5765966464325641,0.0,6.256906270980835,49.50673997402191,0.018985337018966653
6.071999999999553,-0.1771320508757177,-0.012019390403107243,-0.18260973981227285,0.34824803172869545,0.0,0.34824803172869545,0.42479314818098585,0.4068951859629121,1.1888366629333191,0.5765961362488011,0.0,6.256906270980835,49.50673997402191,0.018985337018966653
6.081999999999552,-0.17730058878072014,-0.019909582212358647,-0.18233150332434153,0.34681000435142734,0.0,0.34681000435142734,0.42480962335065575,0.4069215160280131,1.1886228754081125,0.5765956282478513,0.0,6.256906270980835,49.50673997402191,0.018985337018966653
6.091999999999551,-0.17754613556320997,-0.027690220069148588,-0.18204265389329247,0.34603136622149316,0.0,0.34603136622149316,0.4248255165069671,0.40694732368780484,1.1891139081627355,0.5765951218463062,0.0,6.256906270980835,49.50673997402191,0.018985337018966653
6.10199999999955,-0.1778690419681683,-0.03537117841579014,-0.18175082904440765,0.3454770204347671,0.0,0.3454770204347671,0.42484092025263687,0.4069726193071424,1.1896710903232235,0.5765946164169287,0.0,6.126428723335266,49.504526257514954,0.008634692430496194
6.111999999999549,-0.17826197308880937,-0.04166843897300239,-0.1814484446294252,0.34432456131837286,0.0,0.34432456131837286,0.4248559363437812,0.4069974130452355,1.1891176452863252,0.5765941122629631,0.0,6.126428723335266,49.504526257514954,0.008634692430496194
6.121999999999548,-0.17870795554114555,-0.046576170990007305,-0.181140475304495,0.34403636862038733,0.0,0.34403636862038733,0.4248706734613831,0.40702171485972855,1.1894853355356652,0.5765936093958223,0.0,6.126428723335266,49.504526257514954,0.008634692430496194
6.131999999999547,-0.1792028170951405,-0.051256320471238695,-0.1808448134611631,0.34382178281535947,0.0,0.34382178281535947,0.424885243806547,0.40704553451069997,1.1896547208137607,0.5765931065232414,0.0,6.126428723335266,49.504526257514954,0.008634692430496194
6.141999999999546,-0.17972932268756,-0.05326490323239092,-0.18054272811213973,0.34271323071107956,0.0,0.34271323071107956,0.42489976140023533,0.407068881564582,1.1882652733233052,0.576592604971516,0.0,6.126428723335266,49.504526257514954,0.008634692430496194
6.1519999999995445,-0.18026476450769355,-0.05360883194407084,-0.1802443587960483,0.3423236576554584,0.0,0.3423236576554584,0.42491433868985284,0.4070917653980027,1.1875809480021255,0.5765921042375408,0.0,5.976656556129456,49.35844957828522,0.002292877435684182
6.161999999999543,-0.1807991308305396,-0.05300109907465474,-0.1799664741968093,0.3423486137933431,0.0,0.3423486137933431,0.42492908247936434,0.40711419520155195,1.1871858375751403,0.5765916037154065,0.0,5.976656556129456,49.35844957828522,0.002292877435684182
6.171999999999542,-0.18132000031094583,-0.0514245882855726,-0.17970452623041758,0.3428844964941798,0.0,0.3428844964941798,0.42494409187072973,0.4071361799834724,1.1872302219251067,0.5765911028682862,0.0,5.976656556129456,49.35844957828522,0.002292877435684182
6.181999999999541,-0.18182050999530394,-0.04894649711107476,-0.1794642676196807,0.34322126310716594,0.0,0.34322126310716594,0.4249594565468834,0.4071410036266902,1.186720434286455,0.5765906012348752,0.0,5.976656556129456,49.35844957828522,0.002292877435684182
6.19199999999954,-0.18228973778462498,-0.04554817386987452,-0.17924801204134805,0.3442730085722586,0.0,0.3442730085722586,0.4249752557453613,0.40714816287903555,1.1869819753933966,0.5765900985925863,0.0,5.976656556129456,49.35844957828522,0.002292877435684182
6.201999999999539,-0.1827203613995488,-0.041356737923394685,-0.17906474290134333,0.3449710430420165,0.0,0.3449710430420165,0.42499155697691887,0.40699373688698237,1.186379997873697,0.5765895947374753,0.0,5.808794975280762,49.09197390079498,0.0008308410644531361
6.211999999999538,-0.18311219045843077,-0.037595536975387624,-0.1789445587542374,0.34650947622559675,0.0,0.34650947622559675,0.42500841533161315,0.4067487335130617,1.1867577157289961,0.5765890889758123,0.0,5.808794975280762,49.09197390079498,0.0008308410644531361
6.221999999999537,-0.18346313368781572,-0.03345050521525741,-0.17886470604281654,0.3484810288073356,0.0,0.3484810288073356,0.4250258740226081,0.4063146200881628,1.1873259103615508,0.5765885807757496,0.0,5.808794975280762,49.09197390079498,0.0008308410644531361
6.231999999999536,-0.18376800862142378,-0.028316663135735578,-0.17882042434416726,0.3495919400025055,0.0,0.3495919400025055,0.42504396484658663,0.4057938573196093,1.1865186543702506,0.5765880703435126,0.0,5.808794975280762,49.09197390079498,0.0008308410644531361
6.241999999999535,-0.1840155493590959,-0.022287411195495797,-0.17880911638097444,0.35123937177573106,0.0,0.35123937177573106,0.4250627077686223,0.40540611747084926,1.1864792152060246,0.5765875577612519,0.0,5.808794975280762,49.09197390079498,0.0008308410644531361
6.2519999999995335,-0.1842024150533811,-0.016449991836907287,-0.17884387440753685,0.35313784140785814,0.0,0.35313784140785814,0.4250821097697744,0.405089603491027,1.1868285681963007,0.5765870424999893,0.0,5.737663984298706,48.877275586128235,0.0007894992828368919
6.261999999999532,-0.18433393641543436,-0.010835463554124394,-0.1789397855712126,0.35473512440374677,0.0,0.35473512440374677,0.4251021651290652,0.40481132599378644,1.1867799054228814,0.5765865247682557,0.0,5.737663984298706,48.877275586128235,0.0007894992828368919
6.271999999999531,-0.1844058898838141,-0.004563173819228505,-0.17906720363933384,0.3562082828000031,0.0,0.3562082828000031,0.4251228569291053,0.4044705676853589,1.1865731405011397,0.5765860046093406,0.0,5.737663984298706,48.877275586128235,0.0007894992828368919
6.28199999999953,-0.1844116319744531,0.002103916736906049,-0.1792221539367742,0.3578526332309602,0.0,0.3578526332309602,0.4251441571588612,0.40404187764017424,1.186617260720454,0.576585482208857,0.0,5.737663984298706,48.877275586128235,0.0007894992828368919
6.291999999999529,-0.184353035291172,0.008204207074941332,-0.17940981743665851,0.35999900718684824,0.0,0.35999900718684824,0.42516602639267165,0.4034244556515314,1.187293405087586,0.5765849571351492,0.0,5.737663984298706,48.877275586128235,0.0007894992828368919
6.301999999999528,-0.18423859818138127,0.013477922967242801,-0.1796317144882272,0.36184681183491196,0.0,0.36184681183491196,0.4251884149467605,0.4025880695139747,1.1874802017892447,0.5765844292392733,0.0,5.803822159767151,48.835397362709045,0.0014237701892853005
6.311999999999527,-0.1840729112930049,0.018863591268867455,-0.1798768462040291,0.3626945458516148,0.0,0.3626945458516148,0.425211265105389,0.40142388346767865,1.186046309054313,0.5765838993146531,0.0,5.803822159767151,48.835397362709045,0.0014237701892853005
6.321999999999526,-0.18385072763412086,0.024131786990009556,-0.1801358307168061,0.3645237931826668,0.0,0.3645237931826668,0.42523451236341,0.4003706451461052,1.186219095497959,0.5765833677412195,0.0,5.803822159767151,48.835397362709045,0.0014237701892853005
6.331999999999525,-0.1835863773790244,0.027959181292379905,-0.18041960190165754,0.3657460819320777,0.0,0.3657460819320777,0.4252580856639756,0.39939141837606795,1.1858915837537995,0.576582833712057,0.0,5.803822159767151,48.835397362709045,0.0014237701892853005
6.341999999999524,-0.1832844479446781,0.031519435728727875,-0.18071194300048676,0.366734340396154,0.0,0.366734340396154,0.4252819099690042,0.3983518922521785,1.185387188426418,0.5765822982818039,0.0,5.803822159767151,48.835397362709045,0.0014237701892853005
6.3519999999995225,-0.18295191794891966,0.03444412896419545,-0.18100740573568963,0.3675701165704009,0.0,0.3675701165704009,0.4253059078542384,0.39743787832871574,1.1850225874106666,0.576581761404852,0.0,5.94470489025116,48.97584319114685,0.0033213794231414795
6.361999999999521,-0.18259258861042166,0.03668962754911891,-0.18128886171922795,0.3685634429617751,0.0,0.3685634429617751,0.4253300008926365,0.39639980459864405,1.1850095107238474,0.576581223094793,0.0,5.94470489025116,48.97584319114685,0.0033213794231414795
6.37199999999952,-0.18221801581443817,0.03788698750927032,-0.1815718779071725,0.3690526458684525,0.0,0.3690526458684525,0.42535411084756874,0.39538982055928873,1.184576481544162,0.5765806838651094,0.0,5.94470489025116,48.97584319114685,0.0033213794231414795
6.381999999999519,-0.1818351613338202,0.03821626525171685,-0.18185011086086902,0.3695490863764982,0.0,0.3695490863764982,0.42537816163004716,0.39441178359918794,1.1843597800107821,0.5765801441660023,0.0,5.94470489025116,48.97584319114685,0.0033213794231414795
6.391999999999518,-0.1814593221515693,0.03685036359363236,-0.18213012013267435,0.3701840847344171,0.0,0.3701840847344171,0.4254020809065483,0.39343901011748034,1.1846103372975432,0.576579603544244,0.0,5.94470489025116,48.97584319114685,0.0033213794231414795
6.401999999999517,-0.18110338434590523,0.034959229885688815,-0.1823957043325658,0.3697085113154668,0.0,0.3697085113154668,0.42542580269658087,0.39242815767535727,1.1834804754185435,0.576579062629804,0.0,6.079054951667786,49.17495608329773,0.007811290025711071
6.411999999999516,-0.1807597933469022,0.03377402840886129,-0.18261257378302398,0.3694940637063592,0.0,0.3694940637063592,0.42544926910601955,0.39131153846738487,1.1828804631103689,0.5765785224370802,0.0,6.079054951667786,49.17495608329773,0.007811290025711071
6.421999999999515,-0.18043745440932787,0.031040059059455217,-0.18281771043463138,0.3693560327855469,0.0,0.3693560327855469,0.4254724291634017,0.3897859899793667,1.1821406440862212,0.5765779824685239,0.0,6.079054951667786,49.17495608329773,0.007811290025711071
6.431999999999514,-0.18015605825578906,0.025978380364088387,-0.18302177921615065,0.3697363368688535,0.0,0.3697363368688535,0.425495239865787,0.38826002249831765,1.1822321228650117,0.5765774419896313,0.0,6.079054951667786,49.17495608329773,0.007811290025711071
6.441999999999513,-0.17993955286966826,0.018490137613581033,-0.18323240279314182,0.3705415509648502,0.0,0.3705415509648502,0.42551766947265224,0.3865627271649942,1.1829334584872644,0.576576900452857,0.0,6.079054951667786,49.17495608329773,0.007811290025711071
6.4519999999995115,-0.17980514567845343,0.01017696637284609,-0.1834386237631238,0.37065235968765425,0.0,0.37065235968765425,0.4255397013239459,0.3849660693559145,1.1827461767937844,0.5765763584110949,0.0,6.099065124988556,49.26849186420441,0.014904159307479847
6.46199999999951,-0.17975254524726753,0.0018014029430364186,-0.18362621430882176,0.3710982656974961,0.0,0.3710982656974961,0.4255613358954509,0.3833736844994104,1.1831160814766246,0.5765758162904281,0.0,6.099065124988556,49.26849186420441,0.014904159307479847
6.471999999999509,-0.17978804232342516,-0.006964343189646985,-0.18380811228354466,0.3706981327631136,0.0,0.3706981327631136,0.4255825901159838,0.38232572207338983,1.1827538509376991,0.576575274037175,0.0,6.099065124988556,49.26849186420441,0.014904159307479847
6.481999999999508,-0.17990339358644206,-0.014464833764582172,-0.18396690394859355,0.3698141582850888,0.0,0.3698141582850888,0.42560349693164334,0.3817248865276397,1.1821892534578655,0.5765747329343012,0.0,6.099065124988556,49.26849186420441,0.014904159307479847
6.491999999999507,-0.18008721266074063,-0.020830304541863194,-0.18410014389736343,0.36879694095598853,0.0,0.36879694095598853,0.42562410293196,0.38097080634732117,1.1814204582223176,0.5765741932245354,0.0,6.099065124988556,49.26849186420441,0.014904159307479847
6.501999999999506,-0.18033007380535726,-0.0267413710417191,-0.1842113015240307,0.3684282149459566,0.0,0.3684282149459566,0.4256444651384132,0.3799916560900982,1.1812027341735176,0.576573654666567,0.0,5.952642738819122,49.31766390800476,0.014124584197998058
6.511999999999505,-0.1806336407683736,-0.03265342199920327,-0.1843063727022198,0.36776476882082365,0.0,0.36776476882082365,0.4256646486927919,0.3791172995301622,1.1805033457148135,0.5765731166542138,0.0,5.952642738819122,49.31766390800476,0.014124584197998058
6.521999999999504,-0.1809962863242799,-0.038559172545891064,-0.1843913897225218,0.36742068856725013,0.0,0.36742068856725013,0.42568472621725484,0.3783154542576279,1.1802909995584072,0.5765725790804236,0.0,5.952642738819122,49.31766390800476,0.014124584197998058
6.531999999999503,-0.1814169640636049,-0.044506839330922615,-0.18447126842176645,0.36784572988286607,0.0,0.36784572988286607,0.4257047770292962,0.37721030161691477,1.1807228190848518,0.5765720416296505,0.0,5.952642738819122,49.31766390800476,0.014124584197998058
6.5419999999995015,-0.1818996477407539,-0.05069658202134196,-0.184555183178498,0.3680650329656705,0.0,0.3680650329656705,0.4257248865623014,0.37615854311863417,1.1807173759220064,0.5765715036616164,0.0,5.952642738819122,49.31766390800476,0.014124584197998058
6.5519999999995004,-0.18244267416493953,-0.05670010232766394,-0.18464605525717986,0.36864764154048907,0.0,0.36864764154048907,0.4257451463604363,0.37526735262743083,1.1811162188135924,0.5765709650970866,0.0,5.779018878936768,49.274916648864746,0.007643884420394875
6.561999999999499,-0.1830456310440356,-0.06262456785613392,-0.1847550281210774,0.3692688959631177,0.0,0.3692688959631177,0.4257656534441118,0.3746599156984833,1.181665294645587,0.576570425537505,0.0,5.779018878936768,49.274916648864746,0.007643884420394875
6.571999999999498,-0.18369469024110316,-0.06610007231754142,-0.18485661303811285,0.3689484943655777,0.0,0.3689484943655777,0.4257865095164792,0.3741529034625093,1.1808517279040507,0.5765698861664167,0.0,5.779018878936768,49.274916648864746,0.007643884420394875
6.581999999999497,-0.18437395941617687,-0.06913041071609105,-0.18496841914963383,0.3700057837716084,0.0,0.3700057837716084,0.4258078180025759,0.3735447476952514,1.1815991987392747,0.5765693458063339,0.0,5.779018878936768,49.274916648864746,0.007643884420394875
6.591999999999496,-0.18507809249835191,-0.07109300484576284,-0.18508964692044683,0.3704879035562517,0.0,0.3704879035562517,0.4258296809993069,0.373214237890795,1.1816202983008248,0.5765688044743233,0.0,5.779018878936768,49.274916648864746,0.007643884420394875
6.601999999999495,-0.1857959272815397,-0.07218393915934293,-0.18522770334092617,0.37116691925367945,0.0,0.37116691925367945,0.42585219792114737,0.37301717838960097,1.181827683276994,0.5765682620371229,0.0,5.675199210643768,49.111157059669495,0.003546220064163219
6.611999999999494,-0.18651372945361425,-0.07117072620995107,-0.1853829100799769,0.37114679637922615,0.0,0.37114679637922615,0.4258754635512775,0.37278791522983545,1.1808967233830894,0.5765677195819852,0.0,5.675199210643768,49.111157059669495,0.003546220064163219
6.621999999999493,-0.18721345878541393,-0.0691247926985143,-0.18554736858883478,0.3721604918429982,0.0,0.3721604918429982,0.4258995654221129,0.37233056270463133,1.1809212853590065,0.576567176061579,0.0,5.675199210643768,49.111157059669495,0.003546220064163219
6.631999999999492,-0.18789026405416115,-0.06648954953670008,-0.1857283995216537,0.3732565862389914,0.0,0.3732565862389914,0.42592458115298193,0.37202277604599127,1.1811149930940332,0.576566630947302,0.0,5.675199210643768,49.111157059669495,0.003546220064163219
6.6419999999994905,-0.18853234158355656,-0.06268483781849245,-0.1859201092379096,0.37416935574335664,0.0,0.37416935574335664,0.4259505776291477,0.37142356392920517,1.180635607945438,0.5765660845956089,0.0,5.675199210643768,49.111157059669495,0.003546220064163219
6.651999999999489,-0.18913604558599853,-0.05892014837946807,-0.18614182979191685,0.37554892137918405,0.0,0.37554892137918405,0.42597760975329907,0.3708810184602983,1.1805711282255131,0.576565536301609,0.0,5.651213109493256,48.83057475090027,0.0019629478454589733
6.661999999999488,-0.1897067966956607,-0.0557033838582922,-0.186421574489662,0.37699291718318295,0.0,0.37699291718318295,0.4260057204615019,0.3706470283036016,1.1808672128035687,0.5765649859520522,0.0,5.651213109493256,48.83057475090027,0.0019629478454589733
6.671999999999487,-0.1902408794842868,-0.05174414362666509,-0.18672337995538482,0.37857055282429714,0.0,0.37857055282429714,0.4260349421658228,0.37046903874734527,1.1813430352854548,0.5765644333200233,0.0,5.651213109493256,48.83057475090027,0.0019629478454589733
6.681999999999486,-0.19072799581335848,-0.046636451781783717,-0.1870398470698319,0.3798168909686759,0.0,0.3798168909686759,0.4260652968443962,0.37052118107133847,1.1815192276444826,0.5765638788405744,0.0,5.651213109493256,48.83057475090027,0.0019629478454589733
6.691999999999485,-0.1911576553064921,-0.04040610155687987,-0.18736646785732944,0.3807551769730501,0.0,0.3807551769730501,0.42609679482174906,0.3708921649221145,1.1815446522647388,0.5765633227724497,0.0,5.651213109493256,48.83057475090027,0.0019629478454589733
6.701999999999484,-0.19151700232759128,-0.032950804884959155,-0.18769970341471262,0.3812578578218278,0.0,0.3812578578218278,0.4261294334245722,0.3714630900700627,1.1812589821790547,0.5765627657635004,0.0,5.6904454827308655,48.61877501010895,0.001997190713882435
6.711999999999483,-0.19180261780840843,-0.02558031295327927,-0.18806022617109314,0.382015005800191,0.0,0.382015005800191,0.42616319559330584,0.37188213600558245,1.1812565175756145,0.5765622076915334,0.0,5.6904454827308655,48.61877501010895,0.001997190713882435
6.721999999999482,-0.19201179616053385,-0.017814535836676575,-0.18842243847989357,0.3827616492845465,0.0,0.3827616492845465,0.4261980499873345,0.3722549244233388,1.1812488189488721,0.5765616484799427,0.0,5.6904454827308655,48.61877501010895,0.001997190713882435
6.731999999999481,-0.19214389214368502,-0.010094922383397731,-0.18878615663260848,0.38336180795931607,0.0,0.38336180795931607,0.42623395156184574,0.3725713669098746,1.1810917603029014,0.5765610881349047,0.0,5.6904454827308655,48.61877501010895,0.001997190713882435
6.7419999999994795,-0.19219249779720457,-0.0013587206516049288,-0.18913410797231303,0.3832343929380171,0.0,0.3832343929380171,0.4262708422221824,0.37305998860636547,1.1801270975966691,0.5765605278212356,0.0,5.6904454827308655,48.61877501010895,0.001997190713882435
6.751999999999478,-0.19215352136446048,0.00750175401691101,-0.1894660318375562,0.383052957437693,0.0,0.383052957437693,0.42630865070066987,0.37367362643312774,1.1795126327060772,0.5765599675132653,0.0,5.809918820858002,48.61771106719971,0.003392457962036133
6.761999999999477,-0.19202591386637988,0.015995417525201464,-0.18977724767815687,0.3833537765593162,0.0,0.3833537765593162,0.42634729263037424,0.3741969511936437,1.1796054918204604,0.5765594073321583,0.0,5.809918820858002,48.61771106719971,0.003392457962036133
6.771999999999476,-0.19182614865130437,0.022530825803572865,-0.19008632880435683,0.383593476455951,0.0,0.383593476455951,0.42638667168001765,0.374872035121617,1.1800131272714756,0.5765588464115583,0.0,5.809918820858002,48.61771106719971,0.003392457962036133
6.781999999999475,-0.19156676811957904,0.027987970722985,-0.1903841073024633,0.38382253981970166,0.0,0.38382253981970166,0.4264266831611894,0.3755337249532689,1.1806165638243307,0.5765582853944378,0.0,5.809918820858002,48.61771106719971,0.003392457962036133
6.791999999999474,-0.19126129178289014,0.03209037064675225,-0.1906718450000806,0.3838662941567436,0.0,0.3838662941567436,0.4264672173390616,0.3761822864360257,1.181179157189171,0.5765577242231612,0.0,5.809918820858002,48.61771106719971,0.003392457962036133
6.801999999999473,-0.1909183380264315,0.036180285997684324,-0.1909277500061079,0.38282989975213483,0.0,0.38282989975213483,0.42650816238658473,0.3768179800447147,1.180451451149377,0.5765571637531679,0.0,5.972719371318817,48.879918456077576,0.007561647891998313
6.811999999999472,-0.19053397366332805,0.039490459458462475,-0.1911308420296795,0.3832241667191971,0.0,0.3832241667191971,0.42654940598231306,0.37744106108617637,1.181947521607072,0.5765566035710509,0.0,5.972719371318817,48.879918456077576,0.007561647891998313
6.821999999999471,-0.19012944174004737,0.04110014084735751,-0.1913181541350756,0.38221528653503195,0.0,0.38221528653503195,0.4265908356524572,0.3780517798018006,1.1816898952128734,0.5765560439219313,0.0,5.972719371318817,48.879918456077576,0.007561647891998313
6.83199999999947,-0.18970529986545934,0.04310009947360417,-0.19146512967622314,0.3807995218161242,0.0,0.3807995218161242,0.4266323419538869,0.3786283561263292,1.181067186090015,0.5765554866023096,0.0,5.972719371318817,48.879918456077576,0.007561647891998313
6.8419999999994685,-0.18926912067878912,0.043715620518994636,-0.19158445740781085,0.3797963818321102,0.0,0.3797963818321102,0.42667381912705604,0.37892179809234494,1.1809518892649125,0.5765549308265989,0.0,5.972719371318817,48.879918456077576,0.007561647891998313
6.851999999999467,-0.18883591807771657,0.04302081860260731,-0.191672700592534,0.37884622379121446,0.0,0.37884622379121446,0.42671516635530504,0.37932751283147764,1.1811738000603904,0.5765543764874972,0.0,6.114557862281799,49.05973732471466,0.013395023345947277
6.861999999999466,-0.1884099597028474,0.042195861507463975,-0.1917053455995063,0.3770554645597118,0.0,0.3770554645597118,0.42675629010981875,0.3798572334432285,1.180490032088523,0.576553824200447,0.0,6.114557862281799,49.05973732471466,0.013395023345947277
6.871999999999465,-0.18799725414791874,0.04035061709184635,-0.19170495183034816,0.375699073307917,0.0,0.375699073307917,0.42679710483997096,0.38040517024462867,1.1806171022331633,0.5765532742235443,0.0,6.114557862281799,49.05973732471466,0.013395023345947277
6.881999999999464,-0.18761146436695328,0.037168864864935494,-0.19167708074250736,0.37445665207552853,0.0,0.37445665207552853,0.42683753379899303,0.3809261313583961,1.1810121075531101,0.5765527262438038,0.0,6.114557862281799,49.05973732471466,0.013395023345947277
6.891999999999463,-0.18726837478577266,0.03227781675850202,-0.19162960587820035,0.37334912970514456,0.0,0.37334912970514456,0.4268775110631052,0.38144368996915134,1.1816624566932104,0.5765521797681666,0.0,6.114557862281799,49.05973732471466,0.013395023345947277
6.901999999999462,-0.18697625262171094,0.02721224771877885,-0.19154896146363495,0.37172839337547237,0.0,0.37172839337547237,0.4269169837439441,0.38191723522314336,1.1816208974406706,0.5765516355449604,0.0,6.115249574184418,49.188494086265564,0.01926174759864807
6.911999999999461,-0.18673281379117235,0.02240046516400248,-0.19142223453502236,0.36982966581066024,0.0,0.36982966581066024,0.42695591273161276,0.38243914378486354,1.1812705805305967,0.5765510937530992,0.0,6.115249574184418,49.188494086265564,0.01926174759864807
6.92199999999946,-0.18653788845201,0.017479127407737723,-0.19126391797320613,0.36804800598571635,0.0,0.36804800598571635,0.4269942715847847,0.3829506973473653,1.1810736475466503,0.5765505546226217,0.0,6.115249574184418,49.188494086265564,0.01926174759864807
6.931999999999459,-0.18639551661760817,0.01195601125188856,-0.19108163376511586,0.36673799298693815,0.0,0.36673799298693815,0.4270320456943124,0.38345210136044705,1.1814971823999632,0.5765500176911394,0.0,6.115249574184418,49.188494086265564,0.01926174759864807
6.9419999999994575,-0.18631102896635704,0.005954092856167272,-0.19087923518716957,0.3655406475919423,0.0,0.3655406475919423,0.42706923223260396,0.38394355719765194,1.182008211609373,0.5765494827475266,0.0,6.115249574184418,49.188494086265564,0.01926174759864807
6.951999999999456,-0.18628662356074288,0.00028492113351486804,-0.19065130847073355,0.3639766434693503,0.0,0.3639766434693503,0.42710584037733185,0.3844252622371435,1.1819058896240358,0.5765489499253856,0.0,6.020453453063965,49.30153489112854,0.01357789635658263
6.961999999999455,-0.1863144147509851,-0.00494519357754691,-0.19038924541526264,0.36292471591189435,0.0,0.36292471591189435,0.4271418906783787,0.3848974099409764,1.182393196893422,0.5765484190061227,0.0,6.020453453063965,49.30153489112854,0.01357789635658263
6.971999999999454,-0.18639330418032163,-0.009648188168152405,-0.19010837469438077,0.3610172683903106,0.0,0.3610172683903106,0.4271774131741081,0.38536018993279453,1.1815296705557627,0.5765478901840921,0.0,6.020453453063965,49.30153489112854,0.01357789635658263
6.981999999999453,-0.18651150235360878,-0.013103967811008404,-0.18980287091338247,0.3593354989726526,0.0,0.3593354989726526,0.42721244608566755,0.38581378807398764,1.1808110285193385,0.5765473639353861,0.0,6.020453453063965,49.30153489112854,0.01357789635658263
6.991999999999452,-0.1866625746496367,-0.01634936285073267,-0.1894850318585882,0.3581914234982826,0.0,0.3581914234982826,0.42724703325253965,0.3862583865383369,1.18065980890992,0.5765468394528748,0.0,6.020453453063965,49.30153489112854,0.01357789635658263
7.001999999999451,-0.1868420759409947,-0.018915554431647285,-0.18915450131519032,0.357115648490586,0.0,0.357115648490586,0.42728122240241956,0.386694163885179,1.1804060190662704,0.5765463167013551,0.0,5.945269346237183,49.316723346710205,0.006396496295928977
7.01199999999945,-0.18704230270869968,-0.02082034395771968,-0.18881219238505204,0.3564478215853423,0.0,0.3564478215853423,0.42731506390031276,0.3871212951311197,1.1805163103714285,0.5765457953746025,0.0,5.945269346237183,49.316723346710205,0.006396496295928977
7.021999999999449,-0.18725967335833604,-0.02238271728859575,-0.18846975155129497,0.3558659810320262,0.0,0.3558659810320262,0.42734860916682077,0.38753995182032314,1.1805339333722498,0.5765452750452859,0.0,5.945269346237183,49.316723346710205,0.006396496295928977
7.031999999999448,-0.18749412281844036,-0.023963565144039314,-0.18813729340229818,0.3554436389236351,0.0,0.3554436389236351,0.4273819098521,0.38795030209340803,1.1805582119281688,0.576544754995982,0.0,5.945269346237183,49.316723346710205,0.006396496295928977
7.0419999999994465,-0.1877402122535274,-0.024820727259354566,-0.18781271865437116,0.3553162996557718,0.0,0.3553162996557718,0.42741501755552874,0.3883525107549755,1.180778979745382,0.5765442353485163,0.0,5.945269346237183,49.316723346710205,0.006396496295928977
7.051999999999445,-0.18798738508183813,-0.02457493627529457,-0.18749682091740594,0.3548605754244547,0.0,0.3548605754244547,0.42744798275341467,0.3887467393397983,1.18032931406192,0.5765437162738344,0.0,5.852534353733063,49.17542636394501,0.0024859249591827615
7.061999999999444,-0.188227489558623,-0.023445956068797243,-0.1872007748307028,0.35455998193507193,0.0,0.35455998193507193,0.42748085293386695,0.3891331461776962,1.179898162898356,0.5765431976853205,0.0,5.852534353733063,49.17542636394501,0.0024859249591827615
7.071999999999443,-0.18844671834114168,-0.020913992480721746,-0.18691001745167904,0.3545369936427205,0.0,0.3545369936427205,0.42751367095849,0.38951188645712403,1.1796734429843132,0.5765426795828877,0.0,5.852534353733063,49.17542636394501,0.0024859249591827615
7.081999999999442,-0.1886396131358122,-0.01829439829192231,-0.1866387285251399,0.3550178626843487,0.0,0.3550178626843487,0.4275464729667911,0.3898831122874987,1.1799894517150182,0.5765421609639154,0.0,5.852534353733063,49.17542636394501,0.0024859249591827615
7.091999999999441,-0.18881056251544087,-0.01618099172226743,-0.1863985992281847,0.3558440680467742,0.0,0.3558440680467742,0.4275792877355729,0.39024697276028897,1.180640182194199,0.5765416409546283,0.0,5.852534353733063,49.17542636394501,0.0024859249591827615
7.10199999999944,-0.18895795113211833,-0.0137761388518834,-0.18618919081167545,0.3566818512530628,0.0,0.3566818512530628,0.42761213768470646,0.3906036140088937,1.1811761942965933,0.5765411198872582,0.0,5.781222760677338,48.98586928844452,0.0014438331127166748
7.111999999999439,-0.18907952583191032,-0.011025643678475982,-0.18602257320973908,0.35739044055509417,0.0,0.35739044055509417,0.42764503913682717,0.39095317926733186,1.181424362833149,0.5765405979799435,0.0,5.781222760677338,48.98586928844452,0.0014438331127166748
7.121999999999438,-0.18916860433154223,-0.0072583497626687015,-0.18587696526428532,0.3577353206340106,0.0,0.3577353206340106,0.42767800217374097,0.39129580892776794,1.1810814461541035,0.5765400751015565,0.0,5.781222760677338,48.98586928844452,0.0014438331127166748
7.131999999999437,-0.18921358317662668,-0.0025349748617364744,-0.1857486362823107,0.35835889194894066,0.0,0.35835889194894066,0.4277110297114158,0.39163164059689626,1.1810736237660127,0.576539551453146,0.0,5.781222760677338,48.98586928844452,0.0014438331127166748
7.1419999999994355,-0.18920655693158958,0.0029610734309166217,-0.18563580191032597,0.35880073813844143,0.0,0.35880073813844143,0.42774411590322453,0.3919608091512063,1.1807842322424422,0.576539027106422,0.0,5.781222760677338,48.98586928844452,0.0014438331127166748
7.151999999999434,-0.1891421708127641,0.008757086095834534,-0.18554204009003566,0.359198759913704,0.0,0.359198759913704,0.42777724515863574,0.3922834467911519,1.1804349645053336,0.5765385020363295,0.0,5.791086137294769,48.86641263961792,0.0014087677001953236
7.161999999999433,-0.18901318915529186,0.015682556227904817,-0.1854623118934011,0.35917385904995647,0.0,0.35917385904995647,0.4278103917231926,0.3925996830942456,1.1795266809720188,0.5765379773087944,0.0,5.791086137294769,48.86641263961792,0.0014087677001953236
7.171999999999432,-0.18882295998982196,0.02102018713152692,-0.18540956071011291,0.3604153968769831,0.0,0.3604153968769831,0.42784351913645363,0.39290964506709913,1.1804545704502285,0.576537450956456,0.0,5.791086137294769,48.86641263961792,0.0014087677001953236
7.181999999999431,-0.18858240810986976,0.02602536773533702,-0.18537434402626998,0.36097278298778507,0.0,0.36097278298778507,0.42787658164688847,0.393213457196432,1.180508339124956,0.5765369235437376,0.0,5.791086137294769,48.86641263961792,0.0014087677001953236
7.19199999999943,-0.18829419931602898,0.03065643492102172,-0.18535416797104395,0.3615364419253265,0.0,0.3615364419253265,0.4279095267426188,0.3935112414990678,1.1806760324137735,0.5765363951947308,0.0,5.791086137294769,48.86641263961792,0.0014087677001953236
7.201999999999429,-0.18796164453898428,0.03488121140951387,-0.18534535286511813,0.3622380200609681,0.0,0.3622380200609681,0.42794229629602687,0.39380311757093817,1.1811610853635692,0.5765358660375566,0.0,5.88535088300705,48.90539765357971,0.0021052300930023415
7.211999999999428,-0.18758829315700434,0.03891924092553679,-0.1853400561331378,0.36241363454137565,0.0,0.36241363454137565,0.42797482765884565,0.39408920263511515,1.1810497108627136,0.576535336328433,0.0,5.88535088300705,48.90539765357971,0.0021052300930023415
7.221999999999427,-0.18717820084785647,0.04242259389661339,-0.1853408476077087,0.3626105281624073,0.0,0.3626105281624073,0.4280070547057225,0.3943696115888904,1.181121678265413,0.5765348062065386,0.0,5.88535088300705,48.90539765357971,0.0021052300930023415
7.2319999999994256,-0.18673503552415557,0.045417039141178,-0.18534335540446303,0.36287236721852645,0.0,0.36287236721852645,0.4280389088711903,0.3946444570499196,1.181449426196506,0.5765342759642801,0.0,5.88535088300705,48.90539765357971,0.0021052300930023415
7.2419999999994245,-0.18626655951092455,0.04770311503670484,-0.18534688353331027,0.36279699686914124,0.0,0.36279699686914124,0.4280703202313311,0.3949138494014524,1.1814770234282432,0.5765337456417928,0.0,5.88535088300705,48.90539765357971,0.0021052300930023415
7.251999999999423,-0.1857796592631613,0.04927257289210718,-0.18534556275844105,0.36285911423477396,0.0,0.36285911423477396,0.4281012190295376,0.3951778968366642,1.1818727557834219,0.5765332153268866,0.0,6.013164401054382,49.054158329963684,0.0036150455474853738
7.261999999999422,-0.1852799811277309,0.050314431553268466,-0.18532558877884486,0.3626713946639225,0.0,0.3626713946639225,0.42813153709753554,0.3954367054021089,1.1820917449125694,0.5765326850592498,0.0,6.013164401054382,49.054158329963684,0.0036150455474853738
7.271999999999421,-0.1847730688593744,0.051040463775815954,-0.18529424090155505,0.3616223519527868,0.0,0.3616223519527868,0.4281612089607945,0.39569037904030857,1.1812733652259269,0.5765321556575775,0.0,6.013164401054382,49.054158329963684,0.0036150455474853738
7.28199999999942,-0.1842597841890031,0.05125450950593845,-0.18524816703946062,0.36131285100998123,0.0,0.36131285100998123,0.4281901725967996,0.39593901963149974,1.1816556158618339,0.5765316274034153,0.0,6.013164401054382,49.054158329963684,0.0036150455474853738
7.291999999999419,-0.18374948867478516,0.050869791379268364,-0.18518726382669148,0.3600147596954717,0.0,0.3600147596954717,0.428218369816093,0.3961827270345497,1.1808103370530123,0.5765311003368705,0.0,6.013164401054382,49.054158329963684,0.0036150455474853738
7.301999999999418,-0.1832444845897062,0.050148129975547115,-0.1851025560559381,0.35917452975898984,0.0,0.35917452975898984,0.42824574746607474,0.3964215991270621,1.1807528402901097,0.5765305748195362,0.0,6.1481558084487915,49.21969711780548,0.006404918432235729
7.311999999999417,-0.18275378502880973,0.04823978149773789,-0.184992522546804,0.3585819636475301,0.0,0.3585819636475301,0.4282722579246697,0.3966557318446864,1.1811720762882092,0.5765300500660636,0.0,6.1481558084487915,49.21969711780548,0.006404918432235729
7.321999999999416,-0.1822847540680878,0.045800944556547915,-0.18486387670817545,0.3577136500743691,0.0,0.3577136500743691,0.4282978603474203,0.3968852192196476,1.1813161115404887,0.5765295269902296,0.0,6.1481558084487915,49.21969711780548,0.006404918432235729
7.3319999999994145,-0.1818517267548967,0.04150862480426453,-0.18473152862845751,0.35710709027312854,0.0,0.35710709027312854,0.4283225218376362,0.3971101534185111,1.1819167956988201,0.5765290045554823,0.0,6.1481558084487915,49.21969711780548,0.006404918432235729
7.341999999999413,-0.1814652063883077,0.036693029501790306,-0.18458674618934517,0.3561419096064099,0.0,0.3561419096064099,0.42834621950697754,0.39733062477919895,1.1820806041994225,0.5765284834090963,0.0,6.1481558084487915,49.21969711780548,0.006404918432235729
7.351999999999412,-0.18113193021611962,0.031156918850102626,-0.18443115905042046,0.3553188105018182,0.0,0.3553188105018182,0.42836894193257113,0.39754672184727113,1.1824836083981207,0.5765279632726426,0.0,6.203141689300537,49.319403767585754,0.008389091491699197
7.361999999999411,-0.18084998500598892,0.02618912339971062,-0.1842473389359033,0.3541048142702892,0.0,0.3541048142702892,0.4283906895551602,0.3977585314114869,1.1823534327887009,0.5765274448858522,0.0,6.203141689300537,49.319403767585754,0.008389091491699197
7.37199999999941,-0.18061499676934606,0.021444079994985918,-0.1840439438992395,0.35311056569055144,0.0,0.35311056569055144,0.4284114736521228,0.3979661385386615,1.182522128513839,0.5765269284755264,0.0,6.203141689300537,49.319403767585754,0.008389091491699197
7.381999999999409,-0.18043417844990467,0.015483604091357829,-0.18383757271880438,0.352744361525327,0.0,0.352744361525327,0.4284313149843954,0.39816962660782984,1.1835370611712905,0.5765264128743077,0.0,6.203141689300537,49.319403767585754,0.008389091491699197
7.391999999999408,-0.18031800936035317,0.009289432445002766,-0.18362651852792067,0.3512816883506481,0.0,0.3512816883506481,0.4284502444474675,0.39836907734373384,1.182955485960734,0.5765258982048702,0.0,6.203141689300537,49.319403767585754,0.008389091491699197
7.401999999999407,-0.18025508267837345,0.004416798937995764,-0.18339371543259392,0.3501327076568983,0.0,0.3501327076568983,0.42846830381809625,0.3985645708496441,1.1827303544832175,0.5765253855888713,0.0,6.139687776565552,49.37588036060333,0.006882137060165383
7.411999999999406,-0.18023727997388544,-4.094300349276325e-05,-0.18314234000518229,0.34943135751336324,0.0,0.34943135751336324,0.42848554331740996,0.3987561856395313,1.1830301961253311,0.5765248743841696,0.0,6.139687776565552,49.37588036060333,0.006882137060165383
7.421999999999405,-0.18026619849069728,-0.004825683344524163,-0.18288925084726443,0.3487002812344066,0.0,0.3487002812344066,0.428502019497851,0.39894399866959884,1.183167142600586,0.576524364031259,0.0,6.139687776565552,49.37588036060333,0.006882137060165383
7.4319999999994035,-0.18034123253479636,-0.009428507862867773,-0.18263431035826044,0.3484448538812439,0.0,0.3484448538812439,0.4285177948257908,0.3991280853691896,1.1838312229780308,0.5765238545467173,0.0,6.139687776565552,49.37588036060333,0.006882137060165383
7.441999999999402,-0.18046108764456414,-0.013484448161518768,-0.18237872252135448,0.3474649078271305,0.0,0.3474649078271305,0.4285329372439841,0.3993085196710804,1.183326803166306,0.5765233458407528,0.0,6.139687776565552,49.37588036060333,0.006882137060165383
7.451999999999401,-0.180615464210899,-0.016626673387334662,-0.18211979472410064,0.3469232055185631,0.0,0.3469232055185631,0.42854751919776785,0.39948537404117457,1.1832720356201516,0.5765228381014518,0.0,6.044830560684204,49.3562912940979,0.0037946999073028564
7.4619999999994,-0.1807942426305384,-0.018513553727884675,-0.18185502767570505,0.346136106065214,0.0,0.346136106065214,0.42856161552141864,0.3996587195076054,1.1827036538678908,0.5765223314660461,0.0,6.044830560684204,49.3562912940979,0.0037946999073028564
7.471999999999399,-0.18098774511939036,-0.019796556847502447,-0.18159180038522088,0.3458369402718685,0.0,0.3458369402718685,0.42857530119108816,0.39982862568926286,1.1826467735639452,0.5765218254862641,0.0,6.044830560684204,49.3562912940979,0.0037946999073028564
7.481999999999398,-0.181189643217636,-0.020429370109199776,-0.18133235234112008,0.34574009414490475,0.0,0.34574009414490475,0.4285886494184976,0.39999516082375364,1.1827019979902331,0.5765213199965882,0.0,6.044830560684204,49.3562912940979,0.0037946999073028564
7.491999999999397,-0.1813905399767822,-0.019740631196032588,-0.18107196459332828,0.3450320040859478,0.0,0.3450320040859478,0.42860173039573735,0.40015839179480656,1.1817346422276946,0.576520815321478,0.0,6.044830560684204,49.3562912940979,0.0037946999073028564
7.501999999999396,-0.18158005913480926,-0.018485914153775408,-0.1808191508936425,0.3449457654519532,0.0,0.3449457654519532,0.4286146095808705,0.4003183841591348,1.1814805506061206,0.5765203110358037,0.0,5.945350408554077,49.24650847911835,0.0017962396144867165
7.511999999999395,-0.18175770723448267,-0.01727693481986116,-0.18058849033157667,0.3450324356340717,0.0,0.3450324356340717,0.428627346174378,0.4004752021727642,1.1813221261844502,0.5765198066013287,0.0,5.945350408554077,49.24650847911835,0.0017962396144867165
7.521999999999394,-0.18191957455142893,-0.01559133846326102,-0.18037119559824538,0.3455575323210088,0.0,0.3455575323210088,0.42863999310992484,0.4006289088168403,1.1816435364618454,0.5765193018888648,0.0,5.945350408554077,49.24650847911835,0.0017962396144867165
7.5319999999993925,-0.18207094152213069,-0.014596809797312506,-0.18018354905297201,0.34605773934807615,0.0,0.34605773934807615,0.4286525969985859,0.4007795658229223,1.1818072858470838,0.576518795702245,0.0,5.945350408554077,49.24650847911835,0.0017962396144867165
7.541999999999391,-0.18220810405790538,-0.013183142023127578,-0.1800172991834129,0.3473201490911399,0.0,0.3473201490911399,0.42866519904648726,0.4009272336977758,1.1829284342716357,0.5765182885482487,0.0,5.945350408554077,49.24650847911835,0.0017962396144867165
7.55199999999939,-0.18232672958990256,-0.011024767068295053,-0.17987278179039634,0.34772061270894067,0.0,0.34772061270894067,0.4286778349844055,0.4010719717476736,1.182748818219366,0.5765177806133972,0.0,5.863978743553162,49.10534381866455,0.0012063324451446755
7.561999999999389,-0.18242046313909663,-0.00828590533885165,-0.17975802064725252,0.3483707825816855,0.0,0.3483707825816855,0.4286905344595007,0.4012138381022142,1.1828459407384524,0.5765172720886372,0.0,5.863978743553162,49.10534381866455,0.0012063324451446755
7.571999999999388,-0.1824877256501922,-0.005627292404663652,-0.17966895474425576,0.34915046084788753,0.0,0.34915046084788753,0.4287033202763067,0.4013528897376677,1.1830721132570672,0.5765167621008943,0.0,5.863978743553162,49.10534381866455,0.0012063324451446755
7.581999999999387,-0.1825227966593795,-0.0020374405106354364,-0.17959456936165877,0.34965568714125983,0.0,0.34965568714125983,0.4287162083658655,0.4014891824998586,1.1828814520756308,0.5765162513442896,0.0,5.863978743553162,49.10534381866455,0.0012063324451446755
7.591999999999386,-0.18251898537449807,0.0018654814885519198,-0.1795370725241418,0.3505003559464297,0.0,0.3505003559464297,0.42872920721257646,0.40162277112659456,1.1831559036984622,0.576515739626104,0.0,5.863978743553162,49.10534381866455,0.0012063324451446755
7.601999999999385,-0.18248368720089492,0.004496203909258286,-0.17951448863903793,0.35201439033973453,0.0,0.35201439033973453,0.42874231731735674,0.40175370926965026,1.1843762678233198,0.5765152257943292,0.0,5.845990061759949,49.03248071670532,0.0012967586517333984
7.611999999999384,-0.18242368456140334,0.007235907146152434,-0.1795205793331297,0.352499764815047,0.0,0.352499764815047,0.4287555329199387,0.4018820495163148,1.1841819115312904,0.5765147106328748,0.0,5.845990061759949,49.03248071670532,0.0012967586517333984
7.621999999999383,-0.18233141546758316,0.010643064494250285,-0.17953894008185575,0.35309084648482153,0.0,0.35309084648482153,0.4287688434353557,0.4020078434105119,1.1841813449642704,0.5765141946020848,0.0,5.845990061759949,49.03248071670532,0.0012967586517333984
7.6319999999993815,-0.18220392373652672,0.014069583539626142,-0.17957127655164323,0.35388651286871387,0.0,0.35388651286871387,0.42878223271725446,0.4021311414735009,1.1845320473171461,0.576513677549103,0.0,5.845990061759949,49.03248071670532,0.0012967586517333984
7.64199999999938,-0.18204300381496624,0.0175324677704862,-0.17961511754794973,0.35429409851195837,0.0,0.35429409851195837,0.42879567889158016,0.40225199322416705,1.184420537453258,0.5765131595999496,0.0,5.845990061759949,49.03248071670532,0.0012967586517333984
7.651999999999379,-0.18184422176121803,0.021317494839065206,-0.17966142975838117,0.35474031063503914,0.0,0.35474031063503914,0.4288091548366318,0.4023704471989095,1.1844612053612116,0.5765126412674174,0.0,5.900467813014984,49.07125473022461,0.0018015861511230247
7.661999999999378,-0.18160786725229675,0.02501835651363342,-0.1797074747590167,0.3550303013072897,0.0,0.3550303013072897,0.4288226279717177,0.4024865509711341,1.184395540792446,0.5765121224717205,0.0,5.900467813014984,49.07125473022461,0.0018015861511230247
7.671999999999377,-0.18133540550593308,0.028754717405086918,-0.1797519009358165,0.35487566492022893,0.0,0.35487566492022893,0.4288360606483563,0.40260035117035986,1.183831986579038,0.5765116036533199,0.0,5.900467813014984,49.07125473022461,0.0018015861511230247
7.681999999999376,-0.18103009611767543,0.03152905863798225,-0.17980032995173958,0.35534884673109124,0.0,0.35534884673109124,0.4288494107346401,0.40271189350094627,1.1842832034288833,0.5765110844299621,0.0,5.900467813014984,49.07125473022461,0.0018015861511230247
7.691999999999375,-0.18070128544341948,0.033591045160093244,-0.1798500508764586,0.3554395131957282,0.0,0.3554395131957282,0.42886263273084824,0.40282122276044946,1.18434026634807,0.5765105649767269,0.0,5.900467813014984,49.07125473022461,0.0018015861511230247
7.701999999999374,-0.18036006896290938,0.0343672565992039,-0.17990383681207164,0.3558745352814248,0.0,0.3558745352814248,0.42887567979467606,0.40292838285761323,1.1850228521262072,0.5765100448327107,0.0,6.009941279888153,49.18957233428955,0.0029707789421081765
7.711999999999373,-0.18000580691379914,0.035978452086172195,-0.17993093661253437,0.35531501961725126,0.0,0.35531501961725126,0.42888850577137544,0.4030334168300039,1.184454580851125,0.5765095253876378,0.0,6.009941279888153,49.18957233428955,0.0029707789421081765
7.721999999999372,-0.17964175504856283,0.03655607118379202,-0.17995442316978694,0.3551706439039941,0.0,0.3551706439039941,0.4289010654124706,0.40313636686129484,1.1846081091385106,0.5765090061224614,0.0,6.009941279888153,49.18957233428955,0.0029707789421081765
7.7319999999993705,-0.1792785233490482,0.036324277403739856,-0.17997276500375523,0.3544071180219534,0.0,0.3544071180219534,0.42891331495640467,0.40323727429820855,1.1840295490270238,0.5765084871526894,0.0,6.009941279888153,49.18957233428955,0.0029707789421081765
7.741999999999369,-0.178915865373259,0.03598537724758006,-0.17997559303585073,0.35416527903231076,0.0,0.35416527903231076,0.42892521376390924,0.4033361796671223,1.1843105624073589,0.576507969243955,0.0,6.009941279888153,49.18957233428955,0.0029707789421081765
7.751999999999368,-0.17856214395218512,0.035033203661199955,-0.1799650294255225,0.3535043267001336,0.0,0.3535043267001336,0.42893672464376653,0.40343312269034387,1.1841245789010089,0.5765074520364102,0.0,6.130211532115936,49.307387471199036,0.004616403579711936
7.761999999999367,-0.17822237677176545,0.03314755159139569,-0.17993619339039288,0.35329991869050154,0.0,0.35329991869050154,0.4289478148665406,0.4035281423020652,1.184684142598137,0.5765069352111022,0.0,6.130211532115936,49.307387471199036,0.004616403579711936
7.771999999999366,-0.1779064405740352,0.030470466513331327,-0.17989874000606507,0.3527680500143766,0.0,0.3527680500143766,0.4289584571279551,0.4036212766639989,1.1848747177083405,0.5765064190963457,0.0,6.130211532115936,49.307387471199036,0.004616403579711936
7.781999999999365,-0.17762282528727796,0.02683230879576377,-0.17985567894301993,0.35252177211929553,0.0,0.35252177211929553,0.4289686309878971,0.403712563180705,1.1855372788815337,0.5765059034991981,0.0,6.130211532115936,49.307387471199036,0.004616403579711936
7.791999999999364,-0.17738054757403598,0.022495434315944952,-0.17980717024292256,0.3520214472057276,0.0,0.3520214472057276,0.42897832412901155,0.403802038514613,1.1858961107222408,0.576505388421554,0.0,6.130211532115936,49.307387471199036,0.004616403579711936
7.801999999999363,-0.17718147962988484,0.018287960386581103,-0.17974459523319933,0.3512915592449116,0.0,0.3512915592449116,0.4289875334311939,0.40377360206549023,1.185880263820985,0.576504874355917,0.0,6.178213834762573,49.38239812850952,0.005901557207107555
7.811999999999362,-0.17701810059115436,0.015080092193887071,-0.1796528631361114,0.35008961213052414,0.0,0.35008961213052414,0.42899626466449875,0.4036429872547967,1.1851147219449156,0.576504362008727,0.0,6.178213834762573,49.38239812850952,0.005901557207107555
7.821999999999361,-0.176887575850718,0.011608394216352244,-0.17954741500001936,0.34941390062041877,0.0,0.34941390062041877,0.4290045306803234,0.4035685332551561,1.1850708790541373,0.5765038509359235,0.0,6.178213834762573,49.38239812850952,0.005901557207107555
7.8319999999993595,-0.17679622944714876,0.0074937296304052655,-0.17943522310477783,0.34862632213339295,0.0,0.34862632213339295,0.4290123504295845,0.40357783777202433,1.1849518116313313,0.5765033406622647,0.0,6.178213834762573,49.38239812850952,0.005901557207107555
7.841999999999358,-0.17674349952020865,0.003685641997898002,-0.179309435164497,0.3480816355617747,0.0,0.3480816355617747,0.4290197494826206,0.4036222816321692,1.185214751816831,0.5765028317124384,0.0,6.178213834762573,49.38239812850952,0.005901557207107555
7.851999999999357,-0.1767337151969342,-0.0007911990495331356,-0.1791816835964925,0.3475578785794105,0.0,0.3475578785794105,0.4290267597201588,0.40344809648365065,1.1852337110152817,0.5765023231998456,0.0,6.131038546562195,49.40802752971649,0.005145764350891091
7.861999999999356,-0.17676139859646253,-0.004144136077519024,-0.179034913306152,0.3467493801170706,0.0,0.3467493801170706,0.42903341936350614,0.40327501076483624,1.18474811452482,0.5765018161730854,0.0,6.131038546562195,49.40802752971649,0.005145764350891091
7.871999999999355,-0.1768264274634812,-0.008042678720527469,-0.17888892155207067,0.3464616072258692,0.0,0.3464616072258692,0.4290397718226301,0.4032543750984515,1.1850576553372145,0.5765013095136509,0.0,6.131038546562195,49.40802752971649,0.005145764350891091
7.881999999999354,-0.17692604910075393,-0.011169197099119687,-0.17873464111129642,0.34565059234622747,0.0,0.34565059234622747,0.4290458650170997,0.40331863529450196,1.1845759226126715,0.5765008038794722,0.0,6.131038546562195,49.40802752971649,0.005145764350891091
7.891999999999353,-0.17705485670891707,-0.014117595054529862,-0.1785784800550476,0.3454716260699648,0.0,0.3454716260699648,0.42905175056264805,0.40318228563603514,1.1847716752655004,0.5765002988314645,0.0,6.131038546562195,49.40802752971649,0.005145764350891091
7.901999999999352,-0.17721210480686606,-0.016664576602573415,-0.17842260501885313,0.34488980555624565,0.0,0.34488980555624565,0.4290574825843509,0.4032184405198924,1.1843300269196748,0.5764997942540064,0.0,6.059062063694,49.37495410442352,0.0032306671142577903
7.911999999999351,-0.17738689866921875,-0.017864963117097607,-0.17825929685667133,0.3441338478731052,0.0,0.3441338478731052,0.4290631170247111,0.4033177195629975,1.1836437715859565,0.5764992908318787,0.0,6.059062063694,49.37495410442352,0.0032306671142577903
7.92199999999935,-0.1775716483703273,-0.01916887531759918,-0.1781002503783913,0.34463506331623756,0.0,0.34463506331623756,0.42906870956847887,0.4034150288464758,1.1845889344240998,0.5764987875824559,0.0,6.059062063694,49.37495410442352,0.0032306671142577903
7.9319999999993485,-0.17777360244318247,-0.02070568838173246,-0.17795411283254242,0.344401739199103,0.0,0.344401739199103,0.4290743144553513,0.40351040745161637,1.1843726000130512,0.5764982838565409,0.0,6.059062063694,49.37495410442352,0.0032306671142577903
7.941999999999347,-0.1779866775002786,-0.021621574236059406,-0.17781494127386496,0.34459951256150334,0.0,0.34459951256150334,0.42907998528777064,0.4036038936843106,1.1846268454431648,0.5764977800525718,0.0,6.059062063694,49.37495410442352,0.0032306671142577903
7.951999999999346,-0.1782018511065307,-0.021342077150151,-0.1776791498106388,0.344248415660319,0.0,0.344248415660319,0.42908577412615134,0.40369552509043655,1.1839838180193352,0.5764972765602383,0.0,5.971471846103668,49.289119839668274,0.0018728077411651611
7.961999999999345,-0.17841027487381025,-0.02056976593430319,-0.17755674243858946,0.3446433549546834,0.0,0.3446433549546834,0.42909172980448307,0.4037853384709381,1.1842660585514155,0.5764967731113464,0.0,5.971471846103668,49.289119839668274,0.0018728077411651611
7.971999999999344,-0.1786087186495229,-0.019238117642694397,-0.17744338197216925,0.3446305140412271,0.0,0.3446305140412271,0.4290978965168944,0.40387336989660483,1.1838674941539056,0.5764962693702114,0.0,5.971471846103668,49.289119839668274,0.0018728077411651611
7.981999999999343,-0.1787921453213835,-0.01755624327758531,-0.17734164155983395,0.3449247154687512,0.0,0.3449247154687512,0.429104313278368,0.40395965472255874,1.183799900402439,0.5764957651301191,0.0,5.971471846103668,49.289119839668274,0.0018728077411651611
7.991999999999342,-0.17895465538408764,-0.015183931370957348,-0.17724847828205903,0.3449311040847256,0.0,0.3449311040847256,0.42911101326981105,0.40404422760245384,1.1832433883886047,0.5764952605741939,0.0,5.971471846103668,49.289119839668274,0.0018728077411651611
8.001999999999342,-0.1790885060344308,-0.012397498253751771,-0.17716689854563744,0.3458705494590865,0.0,0.3458705494590865,0.4291180230454433,0.40412712250239335,1.1839232133068287,0.5764947556886996,0.0,5.908511757850647,49.180962443351746,0.001318734884262096
8.011999999999345,-0.1791977212298952,-0.009829592870462403,-0.17711171884839533,0.3462490285520736,0.0,0.3462490285520736,0.42912536179863475,0.40420837271457133,1.1837637333771578,0.5764942500211085,0.0,5.908511757850647,49.180962443351746,0.001318734884262096
8.021999999999348,-0.1792745485592065,-0.0059164490410774494,-0.17705847852447448,0.34572103579239644,0.0,0.34572103579239644,0.42913304204537084,0.4042880108706435,1.1822990952044614,0.5764937443712116,0.0,5.908511757850647,49.180962443351746,0.001318734884262096
8.031999999999352,-0.17930938891407264,-0.0019581883509871886,-0.1770144833901128,0.34642745855821305,0.0,0.34642745855821305,0.429141068739981,0.40436606895483257,1.1825476359783302,0.5764932382318607,0.0,5.908511757850647,49.180962443351746,0.001318734884262096
8.041999999999355,-0.17930420737389297,0.0021193376259498464,-0.17697972010603585,0.3467377430873792,0.0,0.3467377430873792,0.4291494382535972,0.40444257831677405,1.1822438612702968,0.5764927315694008,0.0,5.908511757850647,49.180962443351746,0.001318734884262096
8.051999999999358,-0.17926079222597288,0.005500383671776937,-0.1769623517841438,0.34791347435713593,0.0,0.34791347435713593,0.42915813906074746,0.40451756968410646,1.1831715861600234,0.5764922239026798,0.0,5.903406620025635,49.12691950798035,0.0013285160064697155
8.061999999999362,-0.17918811407469343,0.008623667181857858,-0.17696432241299476,0.34780185769357097,0.0,0.34780185769357097,0.4291671528540244,0.4045910731748124,1.1823310534352196,0.5764917153655237,0.0,5.903406620025635,49.12691950798035,0.0013285160064697155
8.071999999999365,-0.17908041444097478,0.012012923756824119,-0.17697213145581944,0.34855645231542554,0.0,0.34855645231542554,0.4291764562099045,0.4046631183093145,1.182754448206847,0.576491206417851,0.0,5.903406620025635,49.12691950798035,0.0013285160064697155
8.081999999999368,-0.1789464203337429,0.014300913251073799,-0.17699938496266157,0.34926710064542205,0.0,0.34926710064542205,0.42918602053914023,0.40473373402233137,1.183180092107316,0.5764906960807976,0.0,5.903406620025635,49.12691950798035,0.0013285160064697155
8.091999999999372,-0.1787902981276015,0.01628607512828067,-0.17703821954374918,0.35013793715430064,0.0,0.35013793715430064,0.4291958136581721,0.4048029486744983,1.183903930921082,0.5764901848549606,0.0,5.903406620025635,49.12691950798035,0.0013285160064697155
8.101999999999375,-0.1786187581866951,0.01766182096180199,-0.17709053352755846,0.3507389629170778,0.0,0.3507389629170778,0.42920580111950885,0.40487079006375726,1.1843321406451435,0.5764896724830777,0.0,5.953227758407593,49.16520178318024,0.0018435001373290905
8.111999999999378,-0.1784346623934154,0.019075325234472074,-0.17714632127361055,0.35099512722509385,0.0,0.35099512722509385,0.42921594757515547,0.4049372854365217,1.1843652727206564,0.5764891593695702,0.0,5.953227758407593,49.16520178318024,0.0018435001373290905
8.121999999999382,-0.17823240400330376,0.02100767248294625,-0.17719869169120261,0.3509400427489609,0.0,0.3509400427489609,0.42922621726631327,0.4050024614986184,1.184058157037497,0.5764886463387034,0.0,5.953227758407593,49.16520178318024,0.0018435001373290905
8.131999999999385,-0.1780173150017548,0.021549547240258364,-0.17726323786284573,0.3521922003307912,0.0,0.3521922003307912,0.4292365733760943,0.40506634442601386,1.1856824019102816,0.5764881323009234,0.0,5.953227758407593,49.16520178318024,0.0018435001373290905
8.141999999999388,-0.17780266782568163,0.021504595294859943,-0.17733549912950738,0.35212747092172064,0.0,0.35212747092172064,0.42924697918001536,0.4051289598753264,1.1855624595810705,0.5764876175251141,0.0,5.953227758407593,49.16520178318024,0.0018435001373290905
8.151999999999392,-0.1775878378724759,0.021653624095755927,-0.17740301618286522,0.35184585199990076,0.0,0.35184585199990076,0.42925740016175995,0.4051903329941307,1.185238333293855,0.5764871026746591,0.0,6.028641045093536,49.25672233104706,0.002821540832519509
8.161999999999395,-0.17736814389927116,0.022061808822893297,-0.17745424073478422,0.3520038645498535,0.0,0.3520038645498535,0.4292678039855742,0.4052504884310577,1.1856281366878405,0.5764865879927963,0.0,6.028641045093536,49.25672233104706,0.002821540832519509
8.171999999999398,-0.1771488882678853,0.02181275544122863,-0.17750405111104342,0.35211939512792806,0.0,0.35211939512792806,0.42927815981860584,0.4053094503456935,1.1860531981170064,0.5764860732630237,0.0,6.028641045093536,49.25672233104706,0.002821540832519509
8.181999999999402,-0.17693324805662178,0.02128717541618032,-0.17754764386958213,0.35187479211161193,0.0,0.35187479211161193,0.4292884389314801,0.40536724241828276,1.1860642763056666,0.5764855588364449,0.0,6.028641045093536,49.25672233104706,0.002821540832519509
8.191999999999405,-0.17672378187431476,0.02068717338025712,-0.17758170524906836,0.35123652973811637,0.0,0.35123652973811637,0.4292986153009015,0.4054238878592388,1.1856085951769306,0.5764850449656785,0.0,6.028641045093536,49.25672233104706,0.002821540832519509
8.201999999999408,-0.17651832138494733,0.020263470050111212,-0.1775990295686492,0.35099063698851674,0.0,0.35099063698851674,0.42930866585798394,0.4054794094184656,1.185781153828833,0.5764845320266052,0.0,6.103220164775848,49.33740496635437,0.0038246512413024902
8.211999999999412,-0.17631956082800582,0.0195009986704174,-0.1775986162556752,0.35024976619591647,0.0,0.35024976619591647,0.42931857008811186,0.4055338293944946,1.1853308835449363,0.5764840196413172,0.0,6.103220164775848,49.33740496635437,0.0038246512413024902
8.221999999999415,-0.17613249280395768,0.018124719243144214,-0.17758972815129478,0.34995202067376274,0.0,0.34995202067376274,0.42932831033336477,0.40558716964344005,1.1855606175616478,0.5764835078710595,0.0,6.103220164775848,49.33740496635437,0.0038246512413024902
8.231999999999418,-0.1759601281145487,0.01640738277411554,-0.17756996192195904,0.34962592776998164,0.0,0.34962592776998164,0.4293378724749254,0.40563945158777676,1.185799818166127,0.5764829969185015,0.0,6.103220164775848,49.33740496635437,0.0038246512413024902
8.241999999999422,-0.17580700134717048,0.014633782870866014,-0.17753787883689262,0.34839289748057045,0.0,0.34839289748057045,0.4293472464443283,0.4056906962249443,1.1848062406820659,0.5764824869118654,0.0,6.103220164775848,49.33740496635437,0.0038246512413024902
8.251999999999425,-0.1756709740651873,0.01292687077522549,-0.17748989452033054,0.347930697937702,0.0,0.347930697937702,0.42935642662058937,0.40574092413577945,1.1849181553224695,0.5764819780518395,0.0,6.1404948234558105,49.387251138687134,0.00427604913711549
8.261999999999428,-0.17555252576982666,0.011279015262381743,-0.17742343078053446,0.3467110912770073,0.0,0.3467110912770073,0.42936541133039247,0.405790155492782,1.1839837898987229,0.5764814702799145,0.0,6.1404948234558105,49.387251138687134,0.00427604913711549
8.271999999999432,-0.175448680261065,0.00964467627225245,-0.1773414239564224,0.3461999528363652,0.0,0.3461999528363652,0.4293742024854865,0.4058384100682165,1.1840447940106826,0.5764809638389017,0.0,6.1404948234558105,49.387251138687134,0.00427604913711549
8.281999999999435,-0.17536510992139745,0.007376692453794952,-0.1772524843719174,0.345815491553123,0.0,0.345815491553123,0.4293828050926056,0.40588570724205325,1.18427440356717,0.5764804581410551,0.0,6.1404948234558105,49.387251138687134,0.00427604913711549
8.291999999999438,-0.17530655612072,0.0046576410028950025,-0.17715808188626164,0.34540393401103375,0.0,0.34540393401103375,0.4293912278806485,0.4059320660097513,1.1844440178492215,0.5764799531005307,0.0,6.1404948234558105,49.387251138687134,0.00427604913711549
8.301999999999442,-0.17527781964570674,0.0017566858304368226,-0.17705903452484556,0.3448534330604991,0.0,0.3448534330604991,0.42939948408276485,0.4059775049898878,1.184382974872126,0.5764794486329936,0.0,6.127773404121399,49.40248787403107,0.0039191365242004506
8.311999999999445,-0.17527837783139955,-0.0012458112547478195,-0.17695514415222624,0.34459588913695854,0.0,0.34459588913695854,0.42940759185780936,0.4060220424316357,1.1846834880230754,0.5764789446681747,0.0,6.127773404121399,49.40248787403107,0.0039191365242004506
8.321999999999449,-0.17530815702661875,-0.004042661583993209,-0.1768470624656844,0.3438895951766745,0.0,0.3438895951766745,0.4294155739860619,0.40606569622209226,1.1842951529463537,0.5764784413080117,0.0,6.127773404121399,49.40248787403107,0.0039191365242004506
8.331999999999452,-0.1753606484924742,-0.005923029584702652,-0.17672810336392428,0.34330837586885593,0.0,0.34330837586885593,0.42942345740330556,0.4061084838934636,1.1840124965451975,0.5764779390511044,0.0,6.127773404121399,49.40248787403107,0.0039191365242004506
8.341999999999455,-0.17543163501231987,-0.007826941171272268,-0.1766069750013509,0.34317003921522454,0.0,0.34317003921522454,0.42943127178520635,0.40615042263010553,1.184274188682284,0.5764774372976051,0.0,6.127773404121399,49.40248787403107,0.0039191365242004506
8.351999999999459,-0.1755229914983694,-0.009651663541614727,-0.17648666872410881,0.3422853230741269,0.0,0.3422853230741269,0.42943904856477694,0.4061915292754253,1.1834074988014092,0.5764769358602688,0.0,6.077056407928467,49.38058853149414,0.002881246805191029
8.361999999999462,-0.17562466915884206,-0.01053763069656607,-0.1763589940726172,0.342203908376716,0.0,0.342203908376716,0.4294468207544091,0.4062318203386463,1.1835792732751607,0.5764764354329497,0.0,6.077056407928467,49.38058853149414,0.002881246805191029
8.371999999999465,-0.17574081203419267,-0.012219508867592323,-0.17624252098569643,0.34252641698055797,0.0,0.34252641698055797,0.42945462150446073,0.40627131200143823,1.1842268951918642,0.5764759345645136,0.0,6.077056407928467,49.38058853149414,0.002881246805191029
8.381999999999469,-0.175867857743715,-0.012792392180773935,-0.1761222259925832,0.3418794546256164,0.0,0.3418794546256164,0.42946248432390965,0.40631002012441625,1.1834244035610313,0.5764754343060923,0.0,6.077056407928467,49.38058853149414,0.002881246805191029
8.391999999999472,-0.17599719925182347,-0.013194383162516265,-0.1760052227304275,0.3423951064123769,0.0,0.3423951064123769,0.4294704424063989,0.40634796025351066,1.18415948757609,0.5764749341640405,0.0,6.077056407928467,49.38058853149414,0.002881246805191029
8.401999999999475,-0.17613239863654245,-0.013758016586068672,-0.17589980798803684,0.3425189626522493,0.0,0.3425189626522493,0.42947852732732344,0.4063851476262107,1.184256060465949,0.5764744336267836,0.0,6.015441298484802,49.32323396205902,0.0019753217697143777
8.411999999999479,-0.17626947178821156,-0.01353820622201538,-0.17580155582913315,0.3422512440055641,0.0,0.3422512440055641,0.4294867694032175,0.406421597177684,1.1837178547625735,0.576473933287412,0.0,6.015441298484802,49.32323396205902,0.0019753217697143777
8.421999999999482,-0.17640363623187474,-0.013146056921068024,-0.17571220356330738,0.342232959116815,0.0,0.342232959116815,0.42949519709343653,0.406457323546775,1.1834485972899789,0.5764734325947019,0.0,6.015441298484802,49.32323396205902,0.0019753217697143777
8.431999999999485,-0.1765275271887896,-0.012032457014529664,-0.17562591616644851,0.3428647552480447,0.0,0.3428647552480447,0.4295038360948583,0.4064923410818839,1.1840166575173363,0.576472931945467,0.0,6.015441298484802,49.32323396205902,0.0019753217697143777
8.441999999999489,-0.17664429361229408,-0.011422979756227835,-0.17555674211188987,0.3432488285888995,0.0,0.3432488285888995,0.4295127084354253,0.4065266638467299,1.1841720089371341,0.5764724303197988,0.0,6.015441298484802,49.32323396205902,0.0019753217697143777
8.451999999999492,-0.17675559944521946,-0.010999389967341656,-0.1755057774056925,0.3439898995868452,0.0,0.3439898995868452,0.4295218329589425,0.4065603056259987,1.1847676282431463,0.5764719277434616,0.0,5.962707281112671,49.24864172935486,0.0015423059463500755
8.461999999999495,-0.17686418517028407,-0.010530218710275499,-0.1754777579237669,0.34434037432739933,0.0,0.34434037432739933,0.42953122602156646,0.4065932799308791,1.1847645498387598,0.5764714242668542,0.0,5.962707281112671,49.24864172935486,0.0015423059463500755
8.471999999999499,-0.17696198819030137,-0.009205663285121466,-0.17545738961359214,0.34485794085843613,0.0,0.34485794085843613,0.4295409018324708,0.40662560000448933,1.1849544500558802,0.5764709203304167,0.0,5.962707281112671,49.24864172935486,0.0015423059463500755
8.481999999999502,-0.1770452046030982,-0.007677012811504883,-0.1754493117499545,0.34549474461690594,0.0,0.34549474461690594,0.4295508713920317,0.4066572788271956,1.1852815134701344,0.5764704155815339,0.0,5.962707281112671,49.24864172935486,0.0015423059463500755
8.491999999999505,-0.17710944306287496,-0.005500452200502383,-0.1754479938144174,0.34570601915884214,0.0,0.34570601915884214,0.4295611418250439,0.40668832912182545,1.1849945683706988,0.5764699103754619,0.0,5.962707281112671,49.24864172935486,0.0015423059463500755
8.501999999999509,-0.17714622074071343,-0.002146147969417714,-0.17544572968923605,0.3450620474450216,0.0,0.3450620474450216,0.42957171573765446,0.4067187633587774,1.1835059439219064,0.5764694053254821,0.0,5.940655946731567,49.205084443092346,0.0014484286308288352
8.511999999999512,-0.17714726591928984,0.0012666274538041759,-0.17545046046665175,0.34548223582044496,0.0,0.34548223582044496,0.42958258986513126,0.40674859376102923,1.1835204272085933,0.5764689001488881,0.0,5.940655946731567,49.205084443092346,0.0014484286308288352
8.521999999999515,-0.17711430120113367,0.004639800007152613,-0.17545945629799825,0.34585663744093237,0.0,0.34585663744093237,0.42959375412369377,0.40677783230904707,1.1834979444092804,0.57646839465743,0.0,5.940655946731567,49.205084443092346,0.0014484286308288352
8.531999999999519,-0.1770501057481963,0.007628601361222296,-0.1754756147914394,0.3461704735852958,0.0,0.3461704735852958,0.42960519224262644,0.40680649074559694,1.183430180086408,0.5764678886337151,0.0,5.940655946731567,49.205084443092346,0.0014484286308288352
8.541999999999522,-0.17695234618462113,0.011112571128120896,-0.17548840527069637,0.3462231108325247,0.0,0.3462231108325247,0.4296168826025618,0.4068345805804609,1.1830485618839932,0.5764673828021313,0.0,5.940655946731567,49.205084443092346,0.0014484286308288352
8.551999999999525,-0.17682240120364187,0.014274475437118595,-0.1755031777477971,0.34616580945985764,0.0,0.34616580945985764,0.42962879836989193,0.40686211309505965,1.182576830647364,0.5764668767613839,0.0,5.9797473549842834,49.21912491321564,0.001704186201095581
8.561999999999529,-0.17666143790879346,0.017446343268073643,-0.17551430277811764,0.3459897824131955,0.0,0.3459897824131955,0.4296409080216612,0.40688909934698314,1.1820124568171972,0.5764663708145169,0.0,5.9797473549842834,49.21912491321564,0.001704186201095581
8.571999999999532,-0.17646981763953407,0.0201236051715261,-0.17552477641805211,0.34634085085144234,0.0,0.34634085085144234,0.42965317587922713,0.40691555017443176,1.1822694132087264,0.5764658648868768,0.0,5.9797473549842834,49.21912491321564,0.001704186201095581
8.581999999999535,-0.17625908860741318,0.021452831149937433,-0.17554438352673582,0.34688043702363547,0.0,0.34688043702363547,0.4296655627684778,0.4069414762005691,1.1828784927527447,0.5764653582816878,0.0,5.9797473549842834,49.21912491321564,0.001704186201095581
8.591999999999539,-0.1760356712573553,0.02310590727848524,-0.17555848510310829,0.34598551964793545,0.0,0.34598551964793545,0.4296780282825674,0.40696688783778834,1.181569006238139,0.5764648520036552,0.0,5.9797473549842834,49.21912491321564,0.001704186201095581
8.601999999999542,-0.17579343957157928,0.025082579344743675,-0.1755599491951937,0.34562868459538315,0.0,0.34562868459538315,0.42969053194767576,0.40699179529189417,1.181108097917353,0.5764643464504757,0.0,6.055475056171417,49.28391456604004,0.0023563921451568715
8.611999999999545,-0.17553351877371987,0.026231779402855447,-0.17555258242584526,0.3460094076384399,0.0,0.3460094076384399,0.4297030323866376,0.4070162085662017,1.1817774297517842,0.5764638410028026,0.0,6.055475056171417,49.28391456604004,0.0023563921451568715
8.621999999999549,-0.17527504780926564,0.025417508860155855,-0.17555692330603825,0.34645260984254406,0.0,0.34645260984254406,0.42971548794199155,0.40704013746555373,1.182626311740717,0.5764633347321161,0.0,6.055475056171417,49.28391456604004,0.0023563921451568715
8.631999999999552,-0.17502929994013114,0.023979449202050265,-0.17556369507104813,0.3464372666285693,0.0,0.3464372666285693,0.42972785993072815,0.4070635916002587,1.1829170954595671,0.5764628282717448,0.0,6.055475056171417,49.28391456604004,0.0023563921451568715
8.641999999999555,-0.1747994338758656,0.022438993675609736,-0.17556724398450302,0.34590845259974323,0.0,0.34590845259974323,0.4297401147150677,0.4070865803899504,1.18256537859902,0.5764623220211124,0.0,6.055475056171417,49.28391456604004,0.0023563921451568715
8.651999999999559,-0.17457815293419993,0.021950096685172636,-0.17555070341719836,0.3451817906039654,0.0,0.3451817906039654,0.4297522239102528,0.40710911306737124,1.1820076414398508,0.5764618170644034,0.0,6.122474253177643,49.35428857803345,0.0032239079475402943
8.661999999999562,-0.1743611601095973,0.02149256772548329,-0.1755151745918596,0.3446554614597196,0.0,0.3446554614597196,0.4297641629305734,0.40713119868208,1.1817957264856496,0.5764613129696685,0.0,6.122474253177643,49.35428857803345,0.0032239079475402943
8.671999999999565,-0.17415289518705449,0.020330802403250442,-0.17547263549406855,0.34401224227214305,0.0,0.34401224227214305,0.4297759099537891,0.40715284610408636,1.1814769972780947,0.5764608094883162,0.0,6.122474253177643,49.35428857803345,0.0032239079475402943
8.681999999999569,-0.17396068812592097,0.01845772229590271,-0.17542510416648838,0.34393467099344965,0.0,0.34393467099344965,0.42978744655658657,0.40717406402741346,1.181996221730902,0.5764603064928422,0.0,6.122474253177643,49.35428857803345,0.0032239079475402943
8.691999999999572,-0.17378985220286508,0.01613130429932181,-0.17537177423735717,0.34336941541218124,0.0,0.34336941541218124,0.42979875882915236,0.4071948609735894,1.1818668036014264,0.5764598040571378,0.0,6.122474253177643,49.35428857803345,0.0032239079475402943
8.701999999999575,-0.17364171261689215,0.013957556098582753,-0.17530667018724952,0.3428118211144357,0.0,0.3428118211144357,0.4298098381150819,0.40721524529506975,1.1817701573714723,0.576459302545515,0.0,6.153658807277679,49.398024678230286,0.0036285817623138428
8.711999999999579,-0.17351514497731843,0.011757317435492865,-0.17522836200456676,0.3422735331289751,0.0,0.3422735331289751,0.42982068092295783,0.40723522517859206,1.1817109694173875,0.5764588018489966,0.0,6.153658807277679,49.398024678230286,0.0036285817623138428
8.721999999999582,-0.1734096221574391,0.00981263044767442,-0.17513759372637855,0.3413183612710105,0.0,0.3413183612710105,0.4298312884238928,0.4072548086484637,1.181066812585145,0.5764583022882316,0.0,6.153658807277679,49.398024678230286,0.0036285817623138428
8.731999999999585,-0.17332017523877796,0.008257216023789581,-0.17503155322330677,0.3405819081032809,0.0,0.3405819081032809,0.42984166591171086,0.4072740035697847,1.1807184686154237,0.5764578041089412,0.0,6.153658807277679,49.398024678230286,0.0036285817623138428
8.741999999999589,-0.173250764430156,0.006171530655640868,-0.17492075326860398,0.3399587455304097,0.0,0.3399587455304097,0.42985182187856164,0.4072928176516066,1.1805077076293597,0.5764573065813698,0.0,6.153658807277679,49.398024678230286,0.0036285817623138428
8.751999999999592,-0.17320349203460622,0.0038301929203353284,-0.17480472456004348,0.3395480500256645,0.0,0.3395480500256645,0.4298617682402528,0.407311258450028,1.1805622433552794,0.5764568097273892,0.0,6.141108751296997,49.41089928150177,0.0032476723194122536
8.761999999999595,-0.17317761461581002,0.0017167732494058254,-0.17467971503041135,0.33898012398462857,0.0,0.33898012398462857,0.42987152056135275,0.40732933337123034,1.1803540175466052,0.5764563137474594,0.0,6.141108751296997,49.41089928150177,0.0032476723194122536
8.771999999999599,-0.17317254862677975,-0.0003324704104265639,-0.17454977701786203,0.33857626426129284,0.0,0.33857626426129284,0.42988109772164107,0.4073470496744512,1.1803236477848404,0.5764558184886936,0.0,6.141108751296997,49.41089928150177,0.0032476723194122536
8.781999999999602,-0.1731882882575539,-0.002341584520934581,-0.17441716620159467,0.3382370196981202,0.0,0.3382370196981202,0.42989052156907004,0.40736441447490035,1.1803233106550446,0.5764553237993142,0.0,6.141108751296997,49.41089928150177,0.0032476723194122536
8.791999999999605,-0.1732237353886544,-0.004379884383954192,-0.17428424482956523,0.33807985051659867,0.0,0.33807985051659867,0.429899816610304,0.4073814347466173,1.1805101727662046,0.5764548295178744,0.0,6.141108751296997,49.41089928150177,0.0032476723194122536
8.801999999999609,-0.17327766041047535,-0.005952734198784709,-0.1741489215487745,0.33749385677809224,0.0,0.33749385677809224,0.42990900967163986,0.4073981173252722,1.1800222382875858,0.5764543358205815,0.0,6.0985864996910095,49.3911474943161,0.0024548113346100076
8.811999999999612,-0.17335217271806122,-0.008744271166814246,-0.1740298961462645,0.33848009380888183,0.0,0.33848009380888183,0.4299181294432657,0.4070239453768595,1.181374609558165,0.576453841448208,0.0,6.0985864996910095,49.3911474943161,0.0024548113346100076
8.821999999999615,-0.1734577232776947,-0.011716016148214433,-0.17392467757310384,0.3386811577129307,0.0,0.3386811577129307,0.4299272069678059,0.40666219722645763,1.1813759487163535,0.5764533464142956,0.0,6.0985864996910095,49.3911474943161,0.0024548113346100076
8.831999999999619,-0.17358442668710258,-0.013214137510667023,-0.17381742521871188,0.33843353530724396,0.0,0.33843353530724396,0.4299362769264343,0.4063544659072609,1.1808111936268937,0.5764528518298435,0.0,6.0985864996910095,49.3911474943161,0.0024548113346100076
8.841999999999622,-0.17372533517183447,-0.014741046922408857,-0.17372075812587734,0.3388594228678428,0.0,0.3388594228678428,0.42994537580394454,0.40587455438000575,1.1809185327218465,0.5764523567913028,0.0,6.0985864996910095,49.3911474943161,0.0024548113346100076
8.851999999999626,-0.1738813129898757,-0.016171281524302722,-0.17363795671548965,0.3392987552231959,0.0,0.3392987552231959,0.4299545404981799,0.40549266494271624,1.1810177970966247,0.5764518611485191,0.0,6.025291264057159,49.32580351829529,0.0017639636993408425
8.861999999999629,-0.17405664539611604,-0.018471260474517977,-0.1735854157256386,0.34030195483065123,0.0,0.34030195483065123,0.42996380832849185,0.4051920205714644,1.181859721405795,0.5764513640498886,0.0,6.025291264057159,49.32580351829529,0.0017639636993408425
8.871999999999632,-0.1742517891837091,-0.02002725281379414,-0.17354759282888846,0.34082391677200863,0.0,0.34082391677200863,0.4299732177061407,0.40492192074950745,1.1820049765547531,0.5764508660450216,0.0,6.025291264057159,49.32580351829529,0.0017639636993408425
8.881999999999636,-0.17446017525341795,-0.021328178388187614,-0.17352829997317895,0.3417778986011497,0.0,0.3417778986011497,0.4299828080514496,0.4045637699800868,1.1825580166139682,0.5764503668244346,0.0,6.025291264057159,49.32580351829529,0.0017639636993408425
8.891999999999639,-0.17467468491510485,-0.021428731097558346,-0.17351853201201023,0.34194065618064756,0.0,0.34194065618064756,0.4299926185110342,0.40428384770094417,1.1820178900836869,0.576449866975803,0.0,6.025291264057159,49.32580351829529,0.0017639636993408425
8.901999999999642,-0.17487943701382508,-0.019651911002601136,-0.173509046333046,0.3416289736280461,0.0,0.3416289736280461,0.4300026864460539,0.4042625613735362,1.180956136157858,0.5764493673133075,0.0,5.946124970912933,49.23731029033661,0.0013354182243346946
8.911999999999646,-0.17506212257727302,-0.01745764011928854,-0.1735135998787636,0.3422823022228292,0.0,0.3422823022228292,0.4300130445751543,0.4041163404142267,1.1811277828744866,0.5764488673982819,0.0,5.946124970912933,49.23731029033661,0.0013354182243346946
8.921999999999649,-0.1752284208860122,-0.016284099198256685,-0.17354189663098896,0.34375610103267246,0.0,0.34375610103267246,0.4300237191557079,0.4035918094625132,1.1820666206506247,0.5764483657943346,0.0,5.946124970912933,49.23731029033661,0.0013354182243346946
8.931999999999652,-0.1753858175362175,-0.015265486100729097,-0.17359073781754095,0.344447350420487,0.0,0.344447350420487,0.43003473124518604,0.4033050251058946,1.1819767457185402,0.5764478626517568,0.0,5.946124970912933,49.23731029033661,0.0013354182243346946
8.941999999999656,-0.17552921446970185,-0.013696162377798598,-0.1736521597788289,0.34509918281058644,0.0,0.34509918281058644,0.4300460981600736,0.4029237416448769,1.1818109748969663,0.5764473584800964,0.0,5.946124970912933,49.23731029033661,0.0013354182243346946
8.951999999999659,-0.17565319983188157,-0.011525744186875611,-0.1737247158047587,0.34564639772757605,0.0,0.34564639772757605,0.4300578330184322,0.4025204499565734,1.1814190806954068,0.5764468534868219,0.0,5.906055450439453,49.171653389930725,0.0012840092182159202
8.961999999999662,-0.17575845810371116,-0.009771236599133513,-0.17382124926185522,0.3465696941202887,0.0,0.3465696941202887,0.43006994404978144,0.4021074235148709,1.1815335194130459,0.5764463471581545,0.0,5.906055450439453,49.171653389930725,0.0012840092182159202
8.971999999999666,-0.17584025416369675,-0.006824010550987494,-0.17391936594822816,0.34625953725720593,0.0,0.34625953725720593,0.43008243480945624,0.40180698219759575,1.1800674705413803,0.5764458404360555,0.0,5.906055450439453,49.171653389930725,0.0012840092182159202
8.981999999999669,-0.17588223407329603,-0.002491829751192316,-0.17400867547689647,0.34654110339920347,0.0,0.34654110339920347,0.43009530346003755,0.40153538529589244,1.1795056402689648,0.57644533405378,0.0,5.906055450439453,49.171653389930725,0.0012840092182159202
8.991999999999672,-0.17589279917047151,-0.00018951528434779132,-0.17412137602994796,0.3478734971431928,0.0,0.3478734971431928,0.43010854065634596,0.40122709522110017,1.1804192025513045,0.5764448257746493,0.0,5.906055450439453,49.171653389930725,0.0012840092182159202
9.001999999999676,-0.17588011951342233,0.002174946906862568,-0.17424106566358868,0.3484546274354333,0.0,0.3484546274354333,0.4301221311652829,0.4004839516769625,1.1799615645814985,0.5764443166984744,0.0,5.921878099441528,49.1601824760437,0.0015449702739715465
9.011999999999679,-0.17584466964257228,0.0043782632626690205,-0.1743680961547107,0.349097705852333,0.0,0.349097705852333,0.4301360558441895,0.39993355467947345,1.179697729347946,0.5764438068367941,0.0,5.921878099441528,49.1601824760437,0.0015449702739715465
9.021999999999682,-0.175782163518429,0.007588678514361229,-0.17448692907294447,0.34856004109115063,0.0,0.34856004109115063,0.4301502920200649,0.39954721736090326,1.1780907154544096,0.5764432971826671,0.0,5.921878099441528,49.1601824760437,0.0015449702739715465
9.031999999999686,-0.1756905026648247,0.009990523392296386,-0.1746096121114988,0.3493512820434559,0.0,0.3493512820434559,0.4301648129718714,0.3992117819288201,1.1785093608146742,0.5764427869211458,0.0,5.921878099441528,49.1601824760437,0.0015449702739715465
9.041999999999689,-0.17558367007609227,0.011134478616970159,-0.17474343691787217,0.3498276762700779,0.0,0.3498276762700779,0.43017958815315416,0.3984930541952171,1.178242416758877,0.5764422755196615,0.0,5.921878099441528,49.1601824760437,0.0015449702739715465
9.051999999999692,-0.17547170806855827,0.0109807302334816,-0.17488918890204896,0.35126656640853976,0.0,0.35126656640853976,0.4301945857667468,0.3976541347330184,1.179229795980733,0.5764417627911559,0.0,5.977529764175415,49.202446937561035,0.0022395551204681396
9.061999999999696,-0.1753679302230969,0.00968588111859947,-0.17504550876303202,0.352393226513339,0.0,0.352393226513339,0.4302097750518003,0.3966058624897895,1.1797034543442149,0.576441248473353,0.0,5.977529764175415,49.202446937561035,0.0022395551204681396
9.071999999999699,-0.17528666509368315,0.006889132326753445,-0.1752231318480589,0.35382842145030413,0.0,0.35382842145030413,0.43022512877965646,0.3953851762076698,1.1804933192948073,0.5764407321912891,0.0,5.977529764175415,49.202446937561035,0.0022395551204681396
9.081999999999702,-0.17523729975077892,0.0037321636708149628,-0.17541370310535737,0.3543615737923551,0.0,0.3543615737923551,0.43024062571576455,0.39405471364849,1.1800086373019294,0.5764402144731338,0.0,5.977529764175415,49.202446937561035,0.0022395551204681396
9.091999999999706,-0.1752229890194587,-9.523995062759617e-05,-0.17561896797779064,0.3555148033607928,0.0,0.3555148033607928,0.430256251992136,0.39254558093087877,1.1802960564649936,0.5764396951640804,0.0,5.977529764175415,49.202446937561035,0.0022395551204681396
9.101999999999709,-0.1752507415992677,-0.004713879251178532,-0.17584045613216462,0.3570612257295625,0.0,0.3570612257295625,0.4302720014237933,0.3907972680377032,1.1808570235769813,0.5764391740373324,0.0,5.993358075618744,49.23552393913269,0.0033523142337799072
9.111999999999712,-0.175325832907096,-0.009457537307267297,-0.1760711244903396,0.3580165219568088,0.0,0.3580165219568088,0.43028787631199494,0.3890311846118175,1.180615890977051,0.5764386513138756,0.0,5.993358075618744,49.23552393913269,0.0033523142337799072
9.121999999999716,-0.17545442529905753,-0.015254692432150815,-0.17632368757931524,0.3596248342394303,0.0,0.3596248342394303,0.43030388791693114,0.3873830637468472,1.181371493712855,0.5764381263679127,0.0,5.993358075618744,49.23552393913269,0.0033523142337799072
9.131999999999719,-0.17564121196390917,-0.02081521155532489,-0.17658855054517833,0.36049172789846595,0.0,0.36049172789846595,0.43032005702077375,0.3858581195782997,1.1812761298285759,0.5764375998136577,0.0,5.993358075618744,49.23552393913269,0.0033523142337799072
9.141999999999722,-0.17587778356571043,-0.02554180569591712,-0.17685666243711404,0.36130117380204124,0.0,0.36130117380204124,0.43033641392362615,0.38431057030507215,1.1810603457398983,0.5764370722665951,0.0,5.993358075618744,49.23552393913269,0.0033523142337799072
9.151999999999726,-0.17615965653171142,-0.029914757389968474,-0.17713134718943116,0.36197772323649025,0.0,0.36197772323649025,0.43035299648461656,0.38287938678518246,1.1807406130621187,0.5764365435593988,0.0,5.914176881313324,49.222145080566406,0.003971725702285767
9.161999999999729,-0.17648180144203723,-0.033631188328733796,-0.1774107045023814,0.3624018559131751,0.0,0.3624018559131751,0.43036984858777605,0.38143389457340177,1.180027610035429,0.5764360140432816,0.0,5.914176881313324,49.222145080566406,0.003971725702285767
9.171999999999732,-0.1768362115219355,-0.036497844905989923,-0.17768756145613085,0.3627111750269362,0.0,0.3627111750269362,0.4303870186766297,0.38026351393939917,1.1793628626038344,0.5764354838978338,0.0,5.914176881313324,49.222145080566406,0.003971725702285767
9.181999999999736,-0.17721363267870008,-0.03843319376187941,-0.17795844513131368,0.36304519618369036,0.0,0.36304519618369036,0.4304045578964732,0.3791165437511361,1.178677859487605,0.5764349533749543,0.0,5.914176881313324,49.222145080566406,0.003971725702285767
9.191999999999739,-0.1776067994229535,-0.03979631551638226,-0.17822487232967665,0.3633872901512769,0.0,0.3633872901512769,0.43042251810411736,0.3782602033422985,1.1782933190179359,0.5764344223860121,0.0,5.914176881313324,49.222145080566406,0.003971725702285767
9.201999999999742,-0.17801211335088168,-0.04102253001595879,-0.17849223994160654,0.36397744889388806,0.0,0.36397744889388806,0.4304409503730109,0.37751903509066054,1.1782533821350987,0.5764338907135983,0.0,5.839030027389526,49.17562127113342,0.0035070598125457875
9.211999999999746,-0.17842887108944305,-0.04175573773297137,-0.17876300342958654,0.3637558617470628,0.0,0.3637558617470628,0.43045990434940257,0.3771056587976012,1.1773575335855415,0.576433358603334,0.0,5.839030027389526,49.17562127113342,0.0035070598125457875
9.221999999999749,-0.17884400141812568,-0.04128854228055857,-0.179021224734927,0.36399727566759127,0.0,0.36399727566759127,0.4304794277744019,0.37690550449406557,1.1773238852612786,0.5764328265892187,0.0,5.839030027389526,49.17562127113342,0.0035070598125457875
9.231999999999752,-0.17925306115579256,-0.04077066658467057,-0.17927689313991435,0.3646810995843697,0.0,0.3646810995843697,0.430499564503629,0.3767931319728574,1.177923855332398,0.5764322940131489,0.0,5.839030027389526,49.17562127113342,0.0035070598125457875
9.241999999999756,-0.17965673842802896,-0.04003545887799626,-0.17953066478448176,0.36475707710403094,0.0,0.36475707710403094,0.4305203537907357,0.37685405279268985,1.1778266028787954,0.5764317608308465,0.0,5.839030027389526,49.17562127113342,0.0035070598125457875
9.251999999999759,-0.1800484267168153,-0.03889657959216274,-0.1797807333706895,0.3654828229419182,0.0,0.3654828229419182,0.4305418304051343,0.37678753871677106,1.1785225141102413,0.576431227311756,0.0,5.817572355270386,49.120734333992004,0.003006792068481423
9.261999999999762,-0.18043594358706946,-0.03865657791145044,-0.18004732504077295,0.3661584139245092,0.0,0.3661584139245092,0.43056402414229267,0.37645743445098256,1.1787784904984961,0.5764306924367842,0.0,5.817572355270386,49.120734333992004,0.003006792068481423
9.271999999999766,-0.18081474186525118,-0.03718826284731386,-0.18030584772427277,0.36596954601865905,0.0,0.36596954601865905,0.4305869610460128,0.37607492383557606,1.1777687515897954,0.5764301573503983,0.0,5.817572355270386,49.120734333992004,0.003006792068481423
9.281999999999769,-0.18117559491657748,-0.035435855959642465,-0.18056148789713183,0.36687984652523403,0.0,0.36687984652523403,0.4306106629365629,0.3756366494696661,1.1782355673538318,0.5764296217248197,0.0,5.817572355270386,49.120734333992004,0.003006792068481423
9.291999999999772,-0.18151636021143447,-0.03321267898533141,-0.18081248871766836,0.3669175829572774,0.0,0.3669175829572774,0.4306351460882343,0.3750708864263114,1.1772682083383563,0.576429085684972,0.0,5.817572355270386,49.120734333992004,0.003006792068481423
9.301999999999776,-0.18183669162973065,-0.03138354221320972,-0.18106845825628842,0.3676519549695274,0.0,0.3676519549695274,0.430660421055853,0.374582455568393,1.1773327272956233,0.5764285487389829,0.0,5.811474800109863,49.049373269081116,0.0028071999549865723
9.31199999999978,-0.18214215974346318,-0.030089419958868747,-0.18133790873669187,0.36847256125158906,0.0,0.36847256125158906,0.4306864930868224,0.3740721509066553,1.177469132187742,0.5764280107436085,0.0,5.811474800109863,49.049373269081116,0.0028071999549865723
9.321999999999782,-0.18243653560797635,-0.029073093691533602,-0.18161438296266844,0.3692877286369526,0.0,0.3692877286369526,0.4307133634092222,0.37402654254704437,1.1780174467190252,0.5764274714896745,0.0,5.811474800109863,49.049373269081116,0.0028071999549865723
9.331999999999786,-0.18272299191357042,-0.028352166059621934,-0.1818993804625321,0.3701513799234671,0.0,0.3701513799234671,0.4307410302698591,0.37417561224708057,1.1789095991796346,0.5764269308526462,0.0,5.811474800109863,49.049373269081116,0.0028071999549865723
9.34199999999979,-0.1829959308074968,-0.02636139229781763,-0.1821761164071501,0.36991533106679086,0.0,0.36991533106679086,0.43076948961104344,0.37436392432608817,1.1782733148176379,0.5764263899642255,0.0,5.811474800109863,49.049373269081116,0.0028071999549865723
9.351999999999792,-0.18324220888307277,-0.023294729654311674,-0.18244023367130796,0.3697396347627044,0.0,0.3697396347627044,0.4307987341487284,0.3748491058753155,1.1779876373071376,0.5764258492126044,0.0,5.822968363761902,49.018765687942505,0.0030245304107666127
9.361999999999796,-0.1834539147664998,-0.01986025286327981,-0.18269518193578096,0.36996898224788627,0.0,0.36996898224788627,0.43082875122583597,0.375410919367023,1.1784840902338782,0.5764253085746032,0.0,5.822968363761902,49.018765687942505,0.0030245304107666127
9.3719999999998,-0.18363402981656093,-0.01673388663955399,-0.18294500490150806,0.36989060499189164,0.0,0.36989060499189164,0.43085952181191617,0.3759029571345155,1.1785477728275682,0.5764247675584636,0.0,5.822968363761902,49.018765687942505,0.0030245304107666127
9.381999999999802,-0.18378142958814572,-0.013604363175703446,-0.1831850871619271,0.37040140860059956,0.0,0.37040140860059956,0.4308910211945141,0.3759625953164476,1.1790406017989565,0.5764242265040912,0.0,5.822968363761902,49.018765687942505,0.0030245304107666127
9.391999999999806,-0.1839049955703629,-0.011787699072212093,-0.1834296386794162,0.3711066237589148,0.0,0.3711066237589148,0.4309232194911816,0.3761969978730116,1.1799565241474421,0.5764236844542795,0.0,5.822968363761902,49.018765687942505,0.0030245304107666127
9.40199999999981,-0.18401521373115057,-0.010376348799981394,-0.18367324694031423,0.3712902918231613,0.0,0.3712902918231613,0.43095608362627685,0.37617626921939185,1.1800501426785266,0.5764231417053398,0.0,5.869351804256439,49.032981395721436,0.003562331199645996
9.411999999999813,-0.18411005537869488,-0.008853129003392676,-0.18390703832014504,0.37150707769438535,0.0,0.37150707769438535,0.4309895792795181,0.37585922375679653,1.179959459186412,0.5764225987162785,0.0,5.869351804256439,49.032981395721436,0.003562331199645996
9.421999999999816,-0.18419754253984044,-0.008744837351099032,-0.18414854993835925,0.3723312709354814,0.0,0.3723312709354814,0.43102367104524447,0.37518889001098127,1.1803938616971428,0.5764220545208703,0.0,5.869351804256439,49.032981395721436,0.003562331199645996
9.43199999999982,-0.1842872675360526,-0.009203397214832152,-0.1843929622828475,0.37317373484766614,0.0,0.37317373484766614,0.43105832395117916,0.37432665756069466,1.1806851755470043,0.5764215094307347,0.0,5.869351804256439,49.032981395721436,0.003562331199645996
9.441999999999823,-0.18438327576833827,-0.009914859851023038,-0.18463767990853142,0.3735315182231235,0.0,0.3735315182231235,0.43109350523325246,0.37332696803064014,1.1802132322477021,0.5764209636179118,0.0,5.869351804256439,49.032981395721436,0.003562331199645996
9.451999999999826,-0.18448331658705505,-0.010078833474369987,-0.1848726622445037,0.3734681861944118,0.0,0.3734681861944118,0.43112918495879776,0.3723206044482969,1.1791620807132757,0.576420417740419,0.0,5.9060593247413635,49.042558670043945,0.00447651743888855
9.46199999999983,-0.18458798383822464,-0.01085733780233902,-0.18510586703747306,0.3741160753779492,0.0,0.3741160753779492,0.4311653355858558,0.3711783369824912,1.1790372767374004,0.5764198711526827,0.0,5.9060593247413635,49.042558670043945,0.00447651743888855
9.471999999999833,-0.18470795672309753,-0.013038085350551218,-0.18534948164607382,0.3754249738141908,0.0,0.3754249738141908,0.431201932054156,0.37005086947954385,1.1798241109932663,0.5764193231686829,0.0,5.9060593247413635,49.042558670043945,0.00447651743888855
9.481999999999836,-0.18485831589540694,-0.0160902101381023,-0.18560484021867046,0.37575842715433405,0.0,0.37575842715433405,0.4312389537192738,0.36926503639623054,1.1795903635615252,0.5764187736532008,0.0,5.9060593247413635,49.042558670043945,0.00447651743888855
9.49199999999984,-0.18502940741086335,-0.01779997713463534,-0.18584741798665075,0.37586192326750306,0.0,0.37586192326750306,0.4312763863170952,0.3686560791707878,1.1792989328859673,0.5764182243059177,0.0,5.9060593247413635,49.042558670043945,0.00447651743888855
9.501999999999843,-0.18521537172872118,-0.019185790075945328,-0.1860831245466639,0.37613404680205936,0.0,0.37613404680205936,0.4313142203527985,0.3679283518617707,1.1791688598298418,0.576417674752585,0.0,5.900434732437134,49.040881395339966,0.0052211344242095725
9.511999999999846,-0.1854170392967927,-0.02075100951351807,-0.1863168105904883,0.376200579873576,0.0,0.376200579873576,0.431352449608244,0.3672444805743745,1.1787400559544736,0.5764171246901308,0.0,5.900434732437134,49.040881395339966,0.0052211344242095725
9.52199999999985,-0.18563084356446355,-0.021869786469946556,-0.18654118153430602,0.3763242150801487,0.0,0.3763242150801487,0.4313910708496519,0.36653156299553463,1.1783899609838344,0.5764165746128175,0.0,5.900434732437134,49.040881395339966,0.0052211344242095725
9.531999999999853,-0.18585460229579373,-0.02276976665830299,-0.18675753856178282,0.37644606524707186,0.0,0.37644606524707186,0.4314300831328309,0.3657315235306638,1.1779910489977474,0.5764160244538509,0.0,5.900434732437134,49.040881395339966,0.0052211344242095725
9.541999999999856,-0.18608725852444943,-0.023497942357326433,-0.18696630467189623,0.3763270032463354,0.0,0.3763270032463354,0.4314694871842165,0.36487884995377506,1.1771639120392774,0.5764154742044729,0.0,5.900434732437134,49.040881395339966,0.0052211344242095725
9.55199999999986,-0.18633446716507016,-0.025904215728269002,-0.18718780576467364,0.37784031804651996,0.0,0.37784031804651996,0.43150928508844655,0.36367469802221203,1.1782788012307586,0.576414922559931,0.0,5.87288635969162,49.0082049369812,0.005459976196289074
9.561999999999863,-0.18661314667882306,-0.029264530257418035,-0.1874267722371974,0.37875252274794713,0.0,0.37875252274794713,0.43154948154130857,0.36241618070501347,1.178444391957057,0.5764143693988233,0.0,5.87288635969162,49.0082049369812,0.005459976196289074
9.571999999999866,-0.1869260329428565,-0.032540471442472255,-0.18767313253346188,0.379430623545419,0.0,0.379430623545419,0.4315900864462628,0.3610633364317837,1.1781248617522286,0.5764138150337156,0.0,5.87288635969162,49.0082049369812,0.005459976196289074
9.58199999999987,-0.1872677803208182,-0.0352785878794139,-0.18792178649509847,0.3801263965839635,0.0,0.3801263965839635,0.4316311151554134,0.3597088462115176,1.1777680940044737,0.5764132598039845,0.0,5.87288635969162,49.0082049369812,0.005459976196289074
9.591999999999873,-0.1876356551449561,-0.037827743900495064,-0.1881761325847159,0.3808378160415422,0.0,0.3808378160415422,0.4316725872817288,0.3583391694367514,1.1774223610963792,0.5764127034646596,0.0,5.87288635969162,49.0082049369812,0.005459976196289074
9.601999999999876,-0.18803048858968682,-0.04079895588149471,-0.18844581264280794,0.38210948580481974,0.0,0.38210948580481974,0.43171452584122444,0.3570283371402195,1.1778160203919223,0.5764121455525798,0.0,5.805846631526947,48.92845034599304,0.00546358823776244
9.61199999999988,-0.18845831076501288,-0.04404681968023672,-0.18874042402988908,0.3830964938332355,0.0,0.3830964938332355,0.43175695725886254,0.355848714848041,1.1778375847791716,0.576411586010002,0.0,5.805846631526947,48.92845034599304,0.00546358823776244
9.621999999999883,-0.18890972090851088,-0.04571506919715169,-0.18903269707651255,0.383457229549291,0.0,0.383457229549291,0.43179991185928,0.3546809527477038,1.1770037256703185,0.5764110257829973,0.0,5.805846631526947,48.92845034599304,0.00546358823776244
9.631999999999886,-0.18938053554300277,-0.04794847273798018,-0.18934178753858907,0.3849559585730508,0.0,0.3849559585730508,0.4318434221316279,0.3531608665422504,1.1773968211345347,0.5764104635614694,0.0,5.805846631526947,48.92845034599304,0.00546358823776244
9.64199999999989,-0.18987272279423933,-0.04998897850986249,-0.18966403179264865,0.3861435634164219,0.0,0.3861435634164219,0.4318875217186137,0.3515284831849226,1.1770851348307658,0.5764098995470536,0.0,5.805846631526947,48.92845034599304,0.00546358823776244
9.651999999999893,-0.19038356697409195,-0.051925974263605526,-0.19000460098244115,0.3875470791318114,0.0,0.3875470791318114,0.43193224553639753,0.34996048165658006,1.1770377046892853,0.5764093337177075,0.0,5.738154232501984,48.79029154777527,0.004977357387542736
9.661999999999896,-0.19091340142232566,-0.05359167645382738,-0.1903744524985786,0.38878032657298367,0.0,0.38878032657298367,0.4319776293260819,0.3487195122681495,1.1769834676280504,0.576408766348595,0.0,5.738154232501984,48.79029154777527,0.004977357387542736
9.6719999999999,-0.19145874888049258,-0.05509767066614332,-0.19076078485228118,0.39001530070070206,0.0,0.39001530070070206,0.43202370939158763,0.34773212968268286,1.1771376594319243,0.5764081968002565,0.0,5.738154232501984,48.79029154777527,0.004977357387542736
9.681999999999903,-0.19200623070355033,-0.05455350789800441,-0.1911422310172522,0.39078154768959367,0.0,0.39078154768959367,0.43207052178654154,0.34685131247519857,1.1767088732703852,0.576407626482825,0.0,5.738154232501984,48.79029154777527,0.004977357387542736
9.691999999999906,-0.1925506240210195,-0.0543955540388422,-0.19153973297551324,0.3920963402765505,0.0,0.3920963402765505,0.43211810006831636,0.34600554638199915,1.1770475800125029,0.5764070539820588,0.0,5.738154232501984,48.79029154777527,0.004977357387542736
9.70199999999991,-0.19309069873194784,-0.05388159583924793,-0.19195229785314985,0.39311550531511286,0.0,0.39311550531511286,0.4321664742431449,0.34526911464210275,1.1769524639850806,0.5764064798246818,0.0,5.7102214097976685,48.58092546463013,0.004600095748901356
9.711999999999913,-0.19362871988995306,-0.05364114318905035,-0.19240174710549315,0.3943695544818898,0.0,0.3943695544818898,0.43221567084679563,0.3443569888424065,1.1771369306462185,0.5764059039641649,0.0,5.7102214097976685,48.58092546463013,0.004600095748901356
9.721999999999916,-0.19415963070279965,-0.05260993739934186,-0.1928573365766287,0.3955004907077058,0.0,0.3955004907077058,0.4322657133043249,0.3433378416719504,1.1769318893473715,0.5764053264087807,0.0,5.7102214097976685,48.58092546463013,0.004600095748901356
9.73199999999992,-0.19467777731751085,-0.051272456741025416,-0.19332110440845565,0.3969752143693441,0.0,0.3969752143693441,0.43231662131187193,0.342236577723147,1.1771487341690587,0.5764047470048843,0.0,5.7102214097976685,48.58092546463013,0.004600095748901356
9.741999999999923,-0.19518063366550373,-0.049591426179459,-0.1937915945779031,0.3979595837860709,0.0,0.3979595837860709,0.43236841001026366,0.34133229659205594,1.1767273027116607,0.5764041658261491,0.0,5.7102214097976685,48.58092546463013,0.004600095748901356
9.751999999999926,-0.1956667354610904,-0.047958692577427554,-0.19427490826638638,0.3991266178398962,0.0,0.3991266178398962,0.4324210897544853,0.34062394579623484,1.1768343084759667,0.5764035828078835,0.0,5.715895473957062,48.417861461639404,0.005185890197753895
9.76199999999993,-0.19613553930375188,-0.04607357365124043,-0.19477777005453295,0.40017552342445095,0.0,0.40017552342445095,0.4324746661602603,0.3400298269993298,1.1769371076685453,0.5764029985402359,0.0,5.715895473957062,48.417861461639404,0.005185890197753895
9.771999999999933,-0.19658245100120875,-0.04375816423049213,-0.19528113026759417,0.4010678970379438,0.0,0.4010678970379438,0.4325291401797008,0.33951495618503574,1.1768847732072483,0.5764024128154444,0.0,5.715895473957062,48.417861461639404,0.005185890197753895
9.781999999999936,-0.19700814980784614,-0.041768403056452116,-0.19579075404118831,0.40219577739567597,0.0,0.40219577739567597,0.4325845077152567,0.33935556502618003,1.1775247860374842,0.5764018252398008,0.0,5.715895473957062,48.417861461639404,0.005185890197753895
9.79199999999994,-0.1974102469088094,-0.039113154512659086,-0.19629505033931832,0.4028381329638506,0.0,0.4028381329638506,0.43264075995623336,0.3392313824779964,1.177584003162696,0.5764012365814054,0.0,5.715895473957062,48.417861461639404,0.005185890197753895
9.801999999999943,-0.197784418064231,-0.03638565136071439,-0.19679665275030975,0.40369523315456207,0.0,0.40369523315456207,0.43269788325629616,0.3394616822232938,1.1783801179138746,0.5764006468058901,0.0,5.762060165405273,48.34002912044525,0.006921511888504039
9.811999999999946,-0.19813173768751247,-0.033377549655915204,-0.19729565475749272,0.4039896054925314,0.0,0.4039896054925314,0.43275585881225553,0.3394751171730891,1.1783328548104668,0.5764000562818781,0.0,5.762060165405273,48.34002912044525,0.006921511888504039
9.82199999999995,-0.19844311701856268,-0.029600386656919442,-0.19777621122845948,0.4040559994756889,0.0,0.4040559994756889,0.4328146628194344,0.33928948690915767,1.1777881484621802,0.5763994656132466,0.0,5.762060165405273,48.34002912044525,0.006921511888504039
9.831999999999953,-0.19870989733193628,-0.024647020549122337,-0.19822804617345685,0.4035926158410144,0.0,0.4035926158410144,0.4328742653858784,0.33878844151968246,1.1763359700373206,0.5763988755515824,0.0,5.762060165405273,48.34002912044525,0.006921511888504039
9.841999999999956,-0.19893661844318,-0.02175986922107716,-0.1986793478597918,0.40503603611792427,0.0,0.40503603611792427,0.43293462940049854,0.3381641728865234,1.1774590908220832,0.5763982842586033,0.0,5.762060165405273,48.34002912044525,0.006921511888504039
9.85199999999996,-0.1991472070646138,-0.02071282501771082,-0.1991351796935234,0.40615689905538144,0.0,0.40615689905538144,0.43299571215558885,0.3374192991746829,1.1781225132804747,0.5763976912539711,0.0,5.8371405601501465,48.35776388645172,0.009973043203353904
9.861999999999963,-0.1993502854666722,-0.02020253793891865,-0.1995816651969109,0.4067697392393848,0.0,0.4067697392393848,0.4330574697304473,0.3368265800559279,1.1782551841634101,0.5763970971252845,0.0,5.8371405601501465,48.35776388645172,0.009973043203353904
9.871999999999966,-0.19955009913163352,-0.019908820824681567,-0.200019840089544,0.40691747668131506,0.0,0.40691747668131506,0.43311985906146827,0.33653575226551025,1.1780985441590313,0.5763965023090352,0.0,5.8371405601501465,48.35776388645172,0.009973043203353904
9.88199999999997,-0.1997477105905999,-0.019693341520696152,-0.20044632816539265,0.40723084716661745,0.0,0.40723084716661745,0.43318283875059155,0.33614026386533186,1.1782450310309285,0.5763959070634198,0.0,5.8371405601501465,48.35776388645172,0.009973043203353904
9.891999999999973,-0.19994733240312773,-0.020326608272600022,-0.2008674450110969,0.4079610734098385,0.0,0.4079610734098385,0.4332463692628711,0.33582040607867875,1.1790723122699351,0.5763953109873904,0.0,5.8371405601501465,48.35776388645172,0.009973043203353904
9.901999999999976,-0.20015283985391646,-0.020432097239105138,-0.2012700547468605,0.40748250093500427,0.0,0.40748250093500427,0.43331041369153067,0.3353510457375638,1.1781967721214568,0.5763947149349972,0.0,5.8807133436203,48.36685121059418,0.015226703882217418
9.91199999999998,-0.2003541605510788,-0.020158093087963708,-0.20164722002578334,0.40773495472604726,0.0,0.40773495472604726,0.43337493796815824,0.33485356114509823,1.1783690354616518,0.5763941192792309,0.0,5.8807133436203,48.36685121059418,0.015226703882217418
9.921999999999983,-0.20056460088492511,-0.021636082407228835,-0.20202463743655077,0.4082414103718641,0.0,0.4082414103718641,0.43343990956659434,0.3342292712620756,1.1788176329026647,0.5763935225371271,0.0,5.8807133436203,48.36685121059418,0.015226703882217418
9.931999999999986,-0.20078792052167496,-0.02288775525789667,-0.20238536758967024,0.4083705361132081,0.0,0.4083705361132081,0.4335052992964981,0.333675744716663,1.1788349476698547,0.5763929258949065,0.0,5.8807133436203,48.36685121059418,0.015226703882217418
9.94199999999999,-0.201024023843876,-0.023838373411045558,-0.2027277813963056,0.4075483598704351,0.0,0.4075483598704351,0.4335710820983924,0.3332958806000104,1.177685828630339,0.5763923295070649,0.0,5.8807133436203,48.36685121059418,0.015226703882217418
9.951999999999993,-0.2012674084478855,-0.024768467302342754,-0.2030517655970909,0.407615889908286,0.0,0.407615889908286,0.43363723654592706,0.3331588957287123,1.1780824746949679,0.5763917335019382,0.0,5.866098880767822,48.347585797309875,0.01921682953834536
9.961999999999996,-0.20152209656935133,-0.025980923809983906,-0.20336316698621126,0.40758870061961217,0.0,0.40758870061961217,0.4337037439750872,0.33321698232287816,1.1785342140121056,0.5763911376843462,0.0,5.866098880767822,48.347585797309875,0.01921682953834536
9.972,-0.201787533300398,-0.027026097350216303,-0.20365566925967588,0.4073465507231637,0.0,0.4073465507231637,0.4337705887799086,0.3333306838800713,1.1787724400175588,0.5763905423051457,0.0,5.866098880767822,48.347585797309875,0.01921682953834536
9.982000000000003,-0.20206579369956712,-0.02831993540177661,-0.20393432650383939,0.4070238846323481,0.0,0.4070238846323481,0.4338377582799812,0.33348534624928045,1.1789354788031583,0.5763899470626386,0.0,5.866098880767822,48.347585797309875,0.01921682953834536
9.992000000000006,-0.20235376690146334,-0.029096334700803687,-0.20419170994067912,0.4065571947581951,0.0,0.4065571947581951,0.4339052427363839,0.33377574851421665,1.1790356984379584,0.5763893525159254,0.0,5.866098880767822,48.347585797309875,0.01921682953834536
